NewId;OldId;DE;LOD;DIST;KontenNr
wzg.dlz_99_3434_sbg_dlz3_7.m.de;;7;38735;112;9916272
aq.aqaq118-pas.m.de;;0;36743;34;9406242
wzg.wzg8-120-mch_bl1_33.m.de;AQ8O_120_Mch_33;33;3149;218;806362
wzg.cluster_aqq229_sbg_h_193.m.de;;193;3160;180;809140
wzg.aqb23_mch_a4_36.m.de;;36;3192;39;817191
wzg.wzg99-190-sbg_a1_33.m.de;;33;38705;92;9908572
wzg.wzg_8_12300_mch_wta3_4.m.de;;4;3150;15;806415
wzg.aqq265_sbg_a1_1.m.de;;1;3163;2;809730
aq.aq_96_140336_lin.m.de;;0;37575;46;9619246
wzg.wzg_99_9800_sbg_bl2_l_166.m.de;;166;38698;36;9906724
wzg.hs_96_140335_lin_hs1_162.m.de;;162;37575;46;9619246
wzg.wzg99-635-stg_w19_20.m.de;AQ99-635-Stg_20;20;38745;213;9918933
wzg.wzgwwq201-mch_wta4_229.m.de;WWQ94_201_Mch_229;229;36781;224;9416160
wzg.wzg9-240-nbg_c2_74.m.de;WZG_AQ9_240_Nbg_74;74;35278;119;9031287
wzg.wzg9-210-nbg_c3_75.m.de;WZG_AQ9_210_Nbg_75;75;35278;174;9031342
wzg.wzg_96_145861_mch_b1_65.m.de;;65;37575;172;9619372
wzg.wzg_99a_104045_mch_bl1_r_165.m.de;;165;38734;18;9915922
wzg.aq_a7_957_493_fue_b2_164.m.de;;164;2772;179;709811
wzg.wzg_96_161787_mch_pw8_8.m.de;;8;37524;215;9606359
wzg.wzg_9_483200_nbg_b3_67.m.de;WZG_AQ_9_483200_Nbg_67;67;3545;198;907718
aq.aq_96_140495_lin.m.de;;0;37575;49;9619249
wzg.wzg_b2n_008364_gap_dlz2_gv_18.m.de;;18;809;181;207285
wzg.cluster_aq_a7_959_720_ulm_194.m.de;;194;2772;237;709869
wzg.wzg99-880-stg_cl1_193.m.de;;193;38699;77;9907021
wzg.wzg_b17_800_0350_lbg_b2_98.m.de;;98;6665;119;1706359
wzg.aqb27_mch_a4_36.m.de;;36;3191;236;817132
wzg.wzg99-710-stg_dlz1_24.m.de;;24;38745;4;9918724
wzg.wzg_95_1990_mch_pw7_7.m.de;;7;37133;32;9506080
aq.aq9-789-mch.m.de;;0;35670;16;9131536
wzg.wzg_96_160972_lin_b1_97.m.de;;97;37577;11;9619723
wzg.cluster_aq_96_145758_lin_195.m.de;;195;37575;168;9619368
aq.aq_b2n_008300_mch.m.de;;0;848;205;217293
aq.aqq245_sbg_h.m.de;;0;3161;157;809373
wzg.wzg9-135-nbg_c1_74.m.de;WZG_AQ9_135_Nbg_74;74;35279;126;9031550
wzg.cluster_aq_94_109194_mch_193.m.de;;193;36791;14;9418510
wzg.wzg_99_32050_stg_c2_74.m.de;;74;38704;152;9908376
aq.aq_94_109324_mch.m.de;;0;36752;0;9408512
aq.aq_a8o_45550_sbg.m.de;;0;3153;193;807361
wzg.wzg_9_481060_mch_a2_34.m.de;WZG_AQ_9_481060_Mch_34;34;3584;106;917610
wzg.wzg_8_12300_mch_wta1_2.m.de;;2;3150;15;806415
wzg.wzg_92_3720_mch_w1_226.m.de;WWQ_92372_226;226;36000;112;9216112
wzg.wzg_99_as7_150_sz_lsa1_45.m.de;;45;38696;244;9906420
wzg.wzg_99_24425_stg_pw1_130.m.de;;130;38702;97;9907809
wzg.wzg99-045-sbg_a3_35.m.de;;35;38700;147;9907347
wzg.cluster_aq_b2n_006546_gap_cluster_197.m.de;;197;809;156;207260
aq.aqb22_mch_h.m.de;;0;3192;52;817204
wzg.wzg_92_eost_0033_xz_w4_37.m.de;;37;36001;164;9216420
wzg.aqq48_sbg_pw1_129.m.de;;129;3153;36;807204
wzg.portal_a7_957_863_ulm_gv_lsa1_9.m.de;;9;2772;177;709809
wzg.wzg9-700-mch_bl1_33.m.de;WWQ_9700_33;33;35668;192;9131200
wzg.wzg_99_25381_stg_c2_130.m.de;;130;38702;168;9907880
wzg.wzg_92_2900_deg_w1_225.m.de;WWQ_922900_225;225;35961;70;9206086
wzg.wzg9-135-nbg_p_c1_73.m.de;WZG_AQ9_135_Nbg_P_73;73;35279;126;9031550
wzg.wzg_99_29595_sbg_b4_100.m.de;;100;38703;223;9908191
wzg.aq_a7_960_920_fue_a1_33.m.de;;33;2812;28;719900
wzg.wzg_9_499330_nbg_b2_66.m.de;WZG_AQ_9_499330_Nbg_66;66;3548;214;908502
wzg.wzg99-200-sbg_w4_36.m.de;AQ99-200-Sbg_36;36;38705;151;9908631
aq.aq92-230-deg.m.de;;0;35963;130;9206658
wzg.aqq247_sbg_c1_134.m.de;;134;3161;172;809388
wzg.wzg_99_31800_sbg_c4_108.m.de;;108;38743;144;9918352
wzg.wzg_9_510320_mch_a3_35.m.de;WZG_AQ_9_510320_Mch_35;35;3589;251;919035
wzg.wzg9-830-mch_w3_38.m.de;;38;35670;125;9131645
wzg.wzg92-684-mch_bl1_6.m.de;WWQ_92684_6;6;36000;48;9216048
wzg.dlz_96_147050_mch_dlz1_1.m.de;;1;37575;201;9619401
wzg.wwq_99_31150_stg_bl2_26.m.de;;26;38743;102;9918310
wzg.wzg_b2n_008561_mch_lsa_gv_163.m.de;;163;848;205;217293
wzg.aqq33_sbg_c2_74.m.de;;74;3152;212;807124
wzg.wzg8-130-mch_w7_40.m.de;AQ8O_130_Mch_40;40;3149;209;806353
wzg.wzgaq196-mch_w3_3.m.de;;3;36782;39;9416231
wzg.wzg_b2n_007633_gap_dlz1_gv_17.m.de;;17;809;172;207276
wzg.wzg9-125-nbg_w1_2.m.de;WWQ_9125_2;2;35279;158;9031582
wzg.cluster_aq9-99-a10-sbg_193.m.de;;193;38702;17;9907729
wzg.wzg_96_143619_mch_b1_65.m.de;;65;37575;120;9619320
wzg.wzg_9_485215_mch_wvlt1_163.m.de;WZG_AQ_9_485215_Mch_163;163;3585;54;917814
wzg.hs_96_154478_lin_hs1_161.m.de;;161;37576;118;9619574
wzg.wzg99-q7_sbg_b1_97.m.de;;97;38737;219;9916891
aq.aq_96_139768_mch.m.de;;0;37575;35;9619235
wzg.wzg9-860-mch_cl1_193.m.de;;193;35670;217;9131737
wzg.wzg92-584-mch_w8_41.m.de;WWQ_92584_41;41;36001;188;9216444
wzg.wzg_99_24425_stg_pw2_131.m.de;;131;38702;97;9907809
wzg.wzg_96_171584_mch_pw4_4.m.de;;4;37538;239;9609967
wzg.cluster_aq_92_eost_0655_fy_193.m.de;;193;36001;160;9216416
wzg.wzg92-580-mch_a1_33.m.de;;33;36001;211;9216467
wzg.aqq77_sbg_c2_74.m.de;;74;3153;163;807331
wzg.cluster_aq_b2n_006170_gap_cluster_197.m.de;;197;809;150;207254
aq.aq_b2n_007633_gap.m.de;;0;809;172;207276
wzg.wzg_9_493840_nbg_a2_2.m.de;WZG_AQ_9_493840_Nbg_2;2;3547;203;908235
wzg.wzg_9_483970_nbg_w1_225.m.de;;225;3545;235;907755
wzg.wzg_9_508590_mch_dlz1_41.m.de;WZG_AQ_9_508590_Mch_41;41;3589;166;918950
wzg.wzg_9_493840_nbg_b2_66.m.de;WZG_AQ_9_493840_Nbg_66;66;3547;203;908235
wzg.wzg9-760-mch_bl1_35.m.de;WWQ_9760_35;35;35669;66;9131330
wzg.wzg92-120-deg_a2_2.m.de;;2;35962;124;9206396
wzg.aqq77_sbg_a1_1.m.de;;1;3153;163;807331
wzg.wzg8-110-mch_bl1_33.m.de;AQ8O_110_Mch_33;33;3149;234;806378
wzg.wzg_9_477875_mch_c1_105.m.de;WZG_AQ_9_477875_Mch_105;105;3583;207;917455
wzg.wzg92-610-mch_p_a1_33.m.de;;33;36001;119;9216375
aq.aqzfr02-pas.m.de;;0;36742;170;9406122
wzg.wzg_99_2018_lin_a3_35.m.de;;35;38695;232;9906152
wzg.wzgaq14-pas_dlzfs2_10.m.de;;10;36742;163;9406115
wzg.wzg_96_171060_mch_pw4_4.m.de;;4;37538;227;9609955
wzg.dlz_96_147050_mch_dlz2_2.m.de;;2;37575;201;9619401
wzg.wzg_b2n_008613_gap_lsa1_163.m.de;;163;809;189;207293
wzg.wzg9-210-nbg_a2_2.m.de;WZG_AQ9_210_Nbg_2;2;35278;174;9031342
wzg.aqq221_mch_c1_105.m.de;;105;3199;124;819068
wzg.wzg99-732-stg_a1_135.m.de;;135;38743;227;9918435
wzg.wzg_99_3674_sbg_dlz3_10.m.de;;10;38735;112;9916272
wzg.wzg_b2n_006425_mch_dlz2_gv_42.m.de;;42;848;173;217261
aq.aq92-030-deg.m.de;;0;35960;254;9206014
wzg.wzg99-250-sbg_c3_107.m.de;;107;38706;131;9908867
wzg.wzg9-781d-mch_cl1_193.m.de;WWQ_9.781d;193;3579;116;916340
wzg.aqq91_sbg_c2_74.m.de;;74;3153;216;807384
wzg.wzg92-550-mch_b1_97.m.de;;97;36002;43;9216555
wzg.wzg_9_479450_mch_c1_105.m.de;WZG_AQ_9_479450_Mch_105;105;3584;28;917532
wzg.wzg_99_25600_stg_wta2_2.m.de;;2;38702;184;9907896
wzg.wzg99-830-stg_a1_1.m.de;;1;38739;236;9917420
wzg.wzg_99_25130_stg_pw5_129.m.de;;129;38702;150;9907862
wzg.wzg_99_9800_sbg_c1_105.m.de;;105;38698;36;9906724
wzg.wzg_99_3674_sbg_dlz2_9.m.de;;9;38735;112;9916272
wzg.wzg_99_26020_sbg_b4_100.m.de;;100;38741;229;9917925
aq.aq_96_159560_lin.m.de;;0;37576;234;9619690
wzg.wzg_99_25377_sbg_b1_97.m.de;;97;38741;183;9917879
aq.aq_96_149480_lin.m.de;;0;37576;1;9619457
wzg.wzg_b2n_005952_mch_dlz1_gv_41.m.de;;41;848;166;217254
wzg.wzg_8_8010_mch_wta2_2.m.de;;2;3149;127;806271
wzg.hs_96_147045_lin_hs1_162.m.de;;162;37575;201;9619401
wzg.wzg_99_18185_stg_w3_227.m.de;WWQ_99.X2_227;227;38739;165;9917349
wzg.wzg99-250-sbg_c1_105.m.de;;105;38706;131;9908867
wzg.wzg_96_155360_lin_c1_105.m.de;;105;37576;137;9619593
wzg.aqq207_mch_a2_34.m.de;;34;3198;222;818910
wzg.cluster_aq_99_ak8_700_uf_193.m.de;;193;38697;57;9906489
aq.aqaq204-mch.m.de;;0;36781;251;9416187
wzg.wzg99-560-stg_c2_74.m.de;;74;38747;89;9919321
wzg.cluster_aq9-783-mch_193.m.de;AQ_AQ9_783_Mch_193;193;35669;222;9131486
wzg.wzg9-135-nbg_b1_66.m.de;WZG_AQ9_135_Nbg_66;66;35279;126;9031550
wzg.wzg_9_502505_nbg_a2_2.m.de;WZG_AQ_9_502505_Nbg_2;2;3549;113;908657
wzg.aqq259_sbg_a2_2.m.de;;2;3162;162;809634
wzg.wzg_99_26020_sbg_a4_36.m.de;;36;38741;229;9917925
wzg.wzg_96_as33_0160_tz_d1_39.m.de;;39;37562;132;9616004
wzg.cluster_aq_99_2700_sbg_194.m.de;;194;38735;38;9916198
wzg.wzg_96_155360_lin_b2_98.m.de;;98;37576;137;9619593
wzg.wzg99-250-sbg_w1_38.m.de;;38;38706;131;9908867
wzg.wzg_9_481060_mch_a1_33.m.de;WZG_AQ_9_481060_Mch_33;33;3584;106;917610
aq.aq99-712-stg.m.de;;0;38744;223;9918687
wzg.wzg9-350-nbg_b1_65.m.de;WZG_AQ9_350_Nbg_65;65;35277;100;9031012
wzg.cluster_aq99-079b-r-sbg_193.m.de;;193;38702;66;9907778
wzg.wzg99-560-stg_a1_1.m.de;;1;38747;89;9919321
wzg.wzg_96_146145_lin_b1_97.m.de;;97;37575;178;9619378
wzg.wzg_96_162645_mch_pw10_10.m.de;;10;37524;186;9606330
wzg.wzg_96_154790_lin_z131_b_r_161.m.de;;161;37576;124;9619580
wzg.wzg_b2n_007758_gap_lsa2_166.m.de;;166;809;172;207276
wzg.cluster_aq_a7_962_044_fue_193.m.de;;193;2812;61;719933
wzg.cluster_aqaq203-mch_195.m.de;;195;36782;19;9416211
wzg.wzg_b2n_007815_mch_dlz2_18.m.de;;18;848;197;217285
wzg.aqq27_sbg_c1_74.m.de;;74;3152;173;807085
wzg.wzg99-180-sbg_w5_37.m.de;AQ99-180-Sbg_37;37;38705;28;9908508
wzg.wzg_9_498030_mch_c3_107.m.de;WZG_AQ_9_498030_Mch_107;107;3587;164;918436
wzg.wzg_9_488800_mch_dlz1_41.m.de;WZG_AQ_9_488800_Mch_41;41;3585;227;917987
wzg.cluster_aq_99a_104300_stg_195.m.de;;195;38737;39;9916711
aq.aq9-730-mch.m.de;;0;35669;7;9131271
wzg.wzg_96_160362_lin_lsa2_41.m.de;;41;37576;252;9619708
wzg.cluster_aq99-070-sbg_193.m.de;;193;38701;203;9907659
wzg.wzg_b2n_006337_mch_b2_136.m.de;;136;848;173;217261
wzg.aqq207_mch_c1_105.m.de;;105;3198;222;818910
wzg.wzg92-120-deg_b1_65.m.de;;65;35962;124;9206396
wzg.aqq48_sbg_c2_73.m.de;;73;3153;36;807204
wzg.wzg_99a_101408_stg_b1_65.m.de;;65;38709;135;9909639
wzg.wzg_b2n_008848_mch_b2_134.m.de;;134;848;208;217296
wzg.wzg_9_503930_nbg_wvlt1_131.m.de;WZG_AQ_9_503930_Nbg_131;131;3549;182;908726
wzg.wzgzfr02-pas_w2_2.m.de;;2;36742;170;9406122
wzg.wzg_96_162645_mch_pw4_4.m.de;;4;37524;186;9606330
wzg.wzg_8_8700_stg_a1_33.m.de;;33;3145;40;805160
wzg.wzg92-060-deg_a1_1.m.de;;1;35961;151;9206167
wzg.wzg99-062-sbg_w13_46.m.de;WWQ_99062_46;46;38701;127;9907583
aq.aq_9_498030_mch.m.de;;0;3587;164;918436
wzg.wzg_96_139135_mch_b1_65.m.de;;65;37575;16;9619216
wzg.aq_a7_959_720_ulm_a1_1.m.de;;1;2772;237;709869
wzg.wzg99-070-sbg_c2_106.m.de;;106;38701;203;9907659
wzg.wzg_9_akmno_0720_ps_a1_167.m.de;;167;3553;126;909694
wzg.wzg_9_510320_mch_b3_99.m.de;WZG_AQ_9_510320_Mch_99;99;3589;251;919035
wzg.wzg_96_146377_mch_a2_130.m.de;;130;37575;186;9619386
wzg.wzg92-550-mch_c2_106.m.de;;106;36002;43;9216555
aq.aq_a7_960_120_ulm.m.de;;0;2772;249;709881
wzg.cluster_aq_b2n_005440_gap_lsa_cluster_195.m.de;;195;809;141;207245
wzg.wzg_99_26020_sbg_b3_99.m.de;;99;38741;229;9917925
wzg.wzg_9_490336_mch_b1_97.m.de;WZG_AQ_9_490336_Mch_97;97;3586;44;918060
wzg.wzg_99_30830_sbg_a5_37.m.de;;37;38704;59;9908283
wzg.wzgaq202c-mch_a1_134.m.de;;134;36782;37;9416229
wzg.aqq37_sbg_dlzfs1_8.m.de;;8;3152;248;807160
wzg.dlz_96_139930_mch_dlz2_10.m.de;;10;37575;35;9619235
wzg.cluster_aq_96_160770_lin_193.m.de;;193;37577;6;9619718
wzg.wzgaq202d-mch_a2_35.m.de;;35;36791;253;9418749
wzg.wzg_b2n_008848_mch_b1_133.m.de;;133;848;208;217296
aq.aq92-117-deg.m.de;;0;35962;123;9206395
wzg.wzg_9_484325_mch_c1_105.m.de;WZG_AQ_9_484325_Mch_105;105;3585;9;917769
wzg.wzg_b2n_007965_mch_dlz1_gv_41.m.de;;41;848;197;217285
wzg.wzg_b2_askre_1556_bc_pw5_5.m.de;;5;37172;31;9516063
wzg.cluster_wwq_a7_960_085_fue_193.m.de;;193;2812;6;719878
aq.aq_st2007_19_195_fue_st2007.m.de;;0;2810;37;719397
wzg.wzg_99_14110_stg_b2_66.m.de;;66;38738;119;9917047
wzg.wzg_96_145861_mch_c1_73.m.de;;73;37575;172;9619372
aq.aqaq198b-mch.m.de;;0;36782;29;9416221
wzg.wzg_8_11300_stg_a3_35.m.de;;35;3145;88;805208
aq.aqq207_mch_h.m.de;;0;3198;222;818910
wzg.cluster_aq_99_7588_sbg_194.m.de;;194;38736;144;9916560
wzg.wzg_9_511350_mch_w10_234.m.de;WWQ_9586_234;234;3590;46;919086
wzg.wzg_b2n_008648_gap_dlz1_gv_9.m.de;;9;809;189;207293
wzg.aq_94_ampf_0166_em_lsa1_33.m.de;;33;36790;255;9418495
aq.aq_a7_960_920_ulm.m.de;;0;2773;18;709906
wzg.wzg_96_137000_mch_blinker_129.m.de;;129;37574;223;9619167
wzg.cluster_aq92-117-deg_194.m.de;;194;35962;123;9206395
wzg.wzg_96_160362_lin_wta1_105.m.de;;105;37576;252;9619708
wzg.cluster_aq9-280-nbg_194.m.de;AQ_AQ9_280_Nbg_194;194;35277;238;9031150
aq.aqb14_mch_h.m.de;;0;3192;173;817325
wzg.aqq45b_sbg_w10_10.m.de;;10;3153;25;807193
wzg.wzg_95_2434_mch_led2_73.m.de;;73;37133;50;9506098
wzg.cluster_aq_99_as5_200_sz_193.m.de;;193;38695;140;9906060
wzg.wzg_99_31800_sbg_c2_106.m.de;;106;38743;144;9918352
wzg.wzgaq10-mch_rgr_161.m.de;;161;36781;110;9416046
wzg.wzg_b2n_006434_gap_dlz2_42.m.de;;42;809;156;207260
wzg.wzg9-788-mch_b2_99.m.de;WZG_AQ9_788_Mch_99;99;35669;236;9131500
wzg.aqq37_sbg_b1_70.m.de;;70;3152;248;807160
wzg.wzg92-588-mch_w9_42.m.de;WWQ_92588_42;42;36001;173;9216429
wzg.aq_a7_953_247_fue_b1_97.m.de;;97;2811;52;719668
wzg.wzg_b2n_008531_mch_dlz1_9.m.de;;9;848;205;217293
wzg.wzg_9_481250_nbg_b1_65.m.de;WZG_AQ_9_481250_Nbg_65;65;3545;103;907623
aq.aq_b2n_006052_mch.m.de;;0;848;166;217254
wzg.wzg_96_160143_lin_dlz3_34.m.de;;34;37576;246;9619702
wzg.wzgaq14-pas_a1_1.m.de;;1;36742;163;9406115
wzg.wzg9-793-mch_w3_39.m.de;;39;35669;202;9131466
wzg.wzg_96_159021_lin_dlz3_gv_3.m.de;;3;37576;221;9619677
wzg.wzg_96_159650_lin_dlz1_177.m.de;;177;37576;234;9619690
wzg.wzg99-810a-l-stg_c1_134.m.de;;134;38741;14;9917710
wzg.cluster_aqaq202e-mch_195.m.de;;195;36791;253;9418749
wzg.cluster_aq_96_143619_mch_194.m.de;;194;37575;120;9619320
wzg.cluster_aq_a7_962_404_ulm_194.m.de;;194;2773;71;709959
wzg.wzg9-782-mch_a1_33.m.de;WZG_AQ9_782_Mch_33;33;35669;175;9131439
wzg.hs_b2n_009000_mch_hs2_130.m.de;;130;848;211;217299
wzg.aqq257_mch_c1_105.m.de;;105;3162;109;809581
aq.aqb28a_mch_h.m.de;;0;3191;209;817105
wzg.wzg_96_139252_mch_b1_65.m.de;;65;37575;19;9619219
wzg.wzg_95_2434_mch_pw6_6.m.de;;6;37133;50;9506098
wzg.wzg_9_494840_nbg_b2_66.m.de;WZG_AQ_9_494840_Nbg_66;66;3547;252;908284
wzg.wzg9-793-mch_bl1_36.m.de;;36;35669;202;9131466
wzg.cluster_aqq221_mch_h_193.m.de;;193;3199;124;819068
wzg.wzg99-250-sbg_b3_99.m.de;;99;38706;131;9908867
wzg.wzg99-063-stg_w2_35.m.de;WWQ_99063_35;35;38701;165;9907621
wzg.aq_94_108895_mch_a1_33.m.de;;33;36791;7;9418503
wzg.wzg99-200-sbg_w8_40.m.de;AQ99-200-Sbg_40;40;38705;151;9908631
wzg.wzg_96_162376_mch_pw5_5.m.de;;5;37524;230;9606374
wzg.cluster_aq9-135-nbg_196.m.de;AQ_AQ9_135_Nbg_P_196;196;35279;126;9031550
wzg.aqq285_mch_c1_105.m.de;;105;3202;201;819913
wzg.wzg_b2n_007199_mch_lsa_gv_171.m.de;;171;848;188;217276
aq.aq9-790-mch.m.de;;0;35670;25;9131545
aq.aq9-166-nbg.m.de;;0;35279;46;9031470
wzg.wzg9-155-nbg_a2_2.m.de;WZG_AQ9_155_Nbg_2;2;35279;93;9031517
aq.aq_94_110089_pas.m.de;;0;36752;19;9408531
wzg.wzg_99_27350_stg_pw5_135.m.de;;135;38703;59;9908027
wzg.wzgaqaq203-mch_a1_129.m.de;;129;36782;19;9416211
wzg.wzg_9_502250_mch_a3_35.m.de;WZG_AQ_9_502250_Mch_35;35;3588;113;918641
wzg.cluster_aq_a7_958_403_ulm_194.m.de;;194;2772;197;709829
wzg.lsa_94_109984_pas_lsa1_1.m.de;;1;36752;16;9408528
wzg.aq_96_170635_mch_c1_73.m.de;;73;37538;216;9609944
aq.aq9-180-nbg.m.de;;0;35278;208;9031376
wzg.wzg_99_25600_stg_pw2_134.m.de;;134;38702;184;9907896
wzg.aqq91_sbg_a1_1.m.de;;1;3153;216;807384
wzg.wzg_99_27500_sbg_d1_33.m.de;;33;38742;83;9918035
wzg.wzg_9_490336_mch_b2_98.m.de;WZG_AQ_9_490336_Mch_98;98;3586;44;918060
wzg.wzg8-100-mch_w10_43.m.de;AQ8O_100_Mch_43;43;3150;3;806403
wzg.wzg_96_140129_mch_dlz2_gv_50.m.de;;50;37575;35;9619235
aq.aq_b2n_008294_gap.m.de;;0;809;181;207285
wzg.wzg_99_26040_stg_wta3_3.m.de;;3;38702;217;9907929
aq.aq_9_adholl_0420_om.m.de;;0;3584;155;917659
wzg.wzg_8_11300_stg_a2_34.m.de;;34;3145;88;805208
wzg.wzg_99_7880_lin_a1_33.m.de;;33;38697;154;9906586
wzg.wzgaq13-pas_rgl_130.m.de;;130;36742;125;9406077
wzg.wzg99-063-stg_w3_36.m.de;WWQ_99063_36;36;38701;165;9907621
aq.aq_96_139409_mch.m.de;;0;37575;23;9619223
wzg.wzgaq202-mch_a2_34.m.de;;34;36782;63;9416255
wzg.wzg_b2n_006979_mch_dlz1_gv_41.m.de;;41;848;180;217268
wzg.wzg_99_11600_stg_b1_65.m.de;;65;38737;188;9916860
wzg.wzg_b2n_008757_mch_dlz2_gv_42.m.de;;42;848;208;217296
wzg.wzg99-145-sbg_w2_34.m.de;AQ99-145-Sbg_34;34;38704;155;9908379
wzg.cluster_aq_99_10380_sbg_195.m.de;;195;38698;69;9906757
wzg.cluster_aq99-840-stg_194.m.de;;194;38739;146;9917330
wzg.cluster_aq_96_153725_lin_203.m.de;;203;37576;102;9619558
wzg.cluster_aqwwq05-mch_193.m.de;WWQ94_005_Mch;193;36781;156;9416092
wzg.aqq31_sbg_a3_3.m.de;;3;3152;195;807107
wzg.wzg_b2n_006267_mch_lsa_r_169.m.de;;169;848;173;217261
wzg.cluster_aq_b2n_006763_mch_cluster_200.m.de;;200;848;180;217268
aq.aq9-695-mch.m.de;;0;35668;178;9131186
wzg.wzg_9_487755_nbg_c1_73.m.de;WZG_AQ_9_487755_Nbg_73;73;3546;163;907939
wzg.wzg_96_153558_lin_dlz3_gv_3.m.de;;3;37576;95;9619551
wzg.wzg92-050-deg_c1_73.m.de;;73;35961;88;9206104
wzg.wzg_99_31800_sbg_pw1_163.m.de;;163;38743;144;9918352
wzg.aqb28_mch_b1_97.m.de;;97;3191;220;817116
wzg.aqq35_sbg_dlzfs1_8.m.de;;8;3152;231;807143
wzg.wzg9-610-mch_p_a1_33.m.de;WZG_AQ9_610_Mch_P_33;33;35667;224;9130976
wzg.aqq33_sbg_pw1_129.m.de;;129;3152;212;807124
wzg.wzg9-155-nbg_c2_74.m.de;WZG_AQ9_155_Nbg_74;74;35279;93;9031517
wzg.wzg_96_162645_mch_pw7_7.m.de;;7;37524;186;9606330
wzg.wzg92-584-mch_w3_36.m.de;WWQ_92584_36;36;36001;188;9216444
wzg.cluster_aq_96_140129_lin_193.m.de;;193;37575;36;9619236
wzg.aqq79_sbg_a3_3.m.de;;3;3153;171;807339
wzg.wzg9-110-nbg_a2_2.m.de;WZG_AQ9_110_Nbg_2;2;35279;175;9031599
wzg.aqq245_sbg_a1_1.m.de;;1;3161;157;809373
aq.aq99-845-stg.m.de;;0;38734;132;9916036
wzg.wzg9-860-mch_w7_40.m.de;;40;35670;217;9131737
wzg.wzg92-540-mch_c2_106.m.de;;106;36002;90;9216602
wzg.wzg99-235-sbg_dlzfs1_56.m.de;;56;38706;33;9908769
wzg.aq_94_109194_mch_lsa1_33.m.de;;33;36791;14;9418510
wzg.wzg_b2n_008648_gap_dlz1_41.m.de;;41;809;189;207293
wzg.wzg_b2n_008067_gap_led1_gv_161.m.de;;161;809;181;207285
wzg.wzgaq115c-pas_b1_65.m.de;;65;36742;204;9406156
wzg.cluster_aqfsa06-pas_194.m.de;;194;36742;131;9406083
wzg.wzg9-125-nbg_w7_8.m.de;WWQ_9125_8;8;35279;158;9031582
wzg.cluster_aqq29_sbg_h_193.m.de;;193;3152;181;807093
wzg.wzg92-160-deg_a2_2.m.de;;2;35962;230;9206502
wzg.wzg_99_5430_sbg_a1_1.m.de;;1;38735;242;9916402
aq.aq_94_108999_mch.m.de;;0;36791;9;9418505
wzg.wzg99-160-sbg_w1_33.m.de;AQ99-160-Sbg_33;33;38704;249;9908473
wzg.wzg_9_511900_nbg_a3_3.m.de;WZG_AQ_9_511900_Nbg_3;3;3551;58;909114
wzg.wzg8-110-mch_w5_38.m.de;AQ8O_110_Mch_38;38;3149;234;806378
wzg.wzg_96_146848_mch_dlz1_gv_49.m.de;;49;37575;186;9619386
wzg.wzg99-635-stg_w12_13.m.de;AQ99-635-Stg_13;13;38745;213;9918933
wzg.cluster_wwq_9_483013_nbg_194.m.de;;194;3545;187;907707
wzg.wzg9-345-nbg_w10_10.m.de;WWQ_9345_10;10;3541;246;906742
wzg.wzg99-700-stg_pw1_129.m.de;;129;38745;57;9918777
wzg.wzg_9_484470_nbg_c3_75.m.de;WZG_AQ_9_484470_Nbg_75;75;3546;3;907779
wzg.cluster_aqq249_sbg_h_193.m.de;;193;3161;199;809415
wzg.wzg_99_2018_lin_a2_34.m.de;;34;38695;232;9906152
aq.hs_94_109199_mch.m.de;;0;36791;14;9418510
wzg.www_st2068_fr-w_blinker_58.m.de;;58;37562;133;9616005
wzg.aqb11_mch_b2_98.m.de;;98;3192;207;817359
wzg.aqb21_mch_b2_98.m.de;;98;3192;65;817217
wzg.wzg_96_171060_mch_pw2_2.m.de;;2;37538;227;9609955
wzg.wzg92-460-mch_c1_105.m.de;;105;36003;46;9216814
wzg.wzg99-260-sbg_a3_36.m.de;;36;38707;6;9908998
wzg.cluster_aq_9_akneuf_0638_hl_193.m.de;;193;35667;208;9130960
wzg.wzg_b2n_006916_gap_led1_gv_167.m.de;;167;809;163;207267
wzg.wzg_99_asash_0930_nz_w2_130.m.de;;130;38743;3;9918211
wzg.wzg92-696-mch_wta2_5.m.de;WWQ_92696_5;5;36000;23;9216023
wzg.wzgaq08-mch_dlzfs2_42.m.de;;42;36781;161;9416097
wzg.wzg_b2n_006170_gap_a1_gv_135.m.de;;135;809;150;207254
wzg.aq_a7_962_404_ulm_b1_131.m.de;;131;2773;71;709959
aq.aq_b17_740_0470_aug.m.de;;0;6705;99;1716579
wzg.wzg99-190-sbg_c2_106.m.de;;106;38705;92;9908572
wzg.aq_a7_960_770_fue_a1_161.m.de;;161;2812;28;719900
wzg.wzg_9_493840_nbg_c1_73.m.de;WZG_AQ_9_493840_Nbg_73;73;3547;203;908235
aq.aq_96_143879_mch.m.de;;0;37575;127;9619327
wzg.wzg_99_31800_sbg_c1_105.m.de;;105;38743;144;9918352
wzg.cluster_aq_96_140336_lin_195.m.de;;195;37575;46;9619246
wzg.wzg_b2n_007511_mch_led2_gv_161.m.de;;161;848;188;217276
wzg.wzg_96_146145_mch_wta1_73.m.de;;73;37575;178;9619378
wzg.dlz_99_4331_lin_dlz2_34.m.de;;34;38696;128;9906304
wzg.wzg99-076-sbg_a1_33.m.de;;33;38702;2;9907714
wzg.aqq253_mch_a1_33.m.de;;33;3162;5;809477
wzg.wzg_9_496600_mch_b1_97.m.de;WZG_AQ_9_496600_Mch_97;97;3587;95;918367
wzg.wzgwwq114-pas_w5_5.m.de;;5;36742;192;9406144
wzg.wzg9-786-mch_c1_105.m.de;WZG_AQ9_786_Mch_105;105;35669;236;9131500
wzg.wzgaq10b-mch_a2_35.m.de;;35;36742;71;9406023
wzg.wzg_9_493840_nbg_a3_3.m.de;WZG_AQ_9_493840_Nbg_3;3;3547;203;908235
wzg.wzg_9_485900_nbg_a4_4.m.de;WZG_AQ_9_485900_Nbg_4;4;3546;73;907849
wzg.wzg9-280-nbg_c2_74.m.de;WZG_AQ9_280_Nbg_74;74;35277;238;9031150
aq.aqq237_mch_h.m.de;;0;3161;37;809253
wzg.wzg_b2n_006300_gap_dlz2_gv_2.m.de;;2;809;156;207260
wzg.cluster_aq99-721-stg_194.m.de;;194;38744;83;9918547
wzg.wwq_a7_944_025_fue_pw5_37.m.de;;37;2810;24;719384
wzg.wzg_b2n_007279_mch_a2_134.m.de;;134;848;188;217276
wzg.wzg99-640-stg_a4_5.m.de;;5;38745;195;9918915
wzg.wzg_8_10000_stg_b1_97.m.de;;97;3145;64;805184
wzg.wzg_96_154250_lin_dlz1_177.m.de;;177;37576;102;9619558
wzg.cluster_aq99-258-sbg_pw_195.m.de;;195;38706;204;9908940
aq.aq_9_484325_mch.m.de;;0;3585;9;917769
wzg.wzg99-200-sbg_w7_39.m.de;AQ99-200-Sbg_39;39;38705;151;9908631
wzg.wzg99-079b-l-sbg_a1_162.m.de;;162;38702;66;9907778
wzg.cluster_aq_b2n_008757_mch_cluster_196.m.de;;196;848;208;217296
wzg.wzg_99_18185_stg_w4_228.m.de;WWQ_99.X2_228;228;38739;165;9917349
wzg.wzg99520_stg_b3_67.m.de;;67;38749;135;9919879
wzg.wzg99-630-stg_w16_17.m.de;AQ99-630-Stg_17;17;38746;20;9918996
wzg.wzgaq13-pas_c1_73.m.de;;73;36742;125;9406077
wzg.wzg9-870-mch_w8_41.m.de;;41;35670;243;9131763
wzg.aqb19_mch_c1_105.m.de;;105;3192;93;817245
wzg.wzg_96_160972_lin_a3_35.m.de;;35;37577;11;9619723
wzg.cluster_aq9-710-mch_193.m.de;WWQ_9710;193;35668;212;9131220
wzg.wzgwwq201-mch_wta1_226.m.de;WWQ94_201_Mch_226;226;36781;224;9416160
wzg.dlz_99_3986_sbg_dlz3_3.m.de;;3;38735;144;9916304
wzg.wzg92-530-mch_c1_105.m.de;;105;36002;123;9216635
wzg.wzg99-030-sbg_b2_98.m.de;;98;38700;60;9907260
wzg.cluster_aqq21_sbg_h_193.m.de;;193;3152;160;807072
wzg.wzg99-056-sbg_lcd1_36.m.de;WWQ_99056_36;36;38701;24;9907480
wzg.aqb25_mch_dlzfs1_56.m.de;;56;3192;8;817160
aq.aqq213_sbg_h.m.de;;0;3160;47;809007
aq.aq92-070-deg.m.de;;0;35961;214;9206230
wzg.wzg_99_18390_stg_w2_226.m.de;WWQ_99.X_226;226;38739;180;9917364
wzg.wzg_96_143281_mch_a1_1.m.de;;1;37575;112;9619312
aq.aq_99_10586_stg.m.de;;0;38737;126;9916798
wzg.aq_a7_947_495_fue_b2_164.m.de;;164;2810;131;719491
wzg.aqq31a_sbg_pw1_129.m.de;;129;3152;209;807121
wzg.wzg_99_4052_lin_a2_162.m.de;;162;38696;128;9906304
wzg.wzg_b2_askre_1556_bc_pw6_6.m.de;;6;37172;31;9516063
wzg.cluster_aq99-050-sbg_193.m.de;;193;38700;242;9907442
wzg.wzg9-610-mch_b2_99.m.de;WZG_AQ9_610_Mch_99;99;35667;224;9130976
aq.aq9-155-nbg.m.de;;0;35279;93;9031517
wzg.wzg99-155-sbg_b1_161.m.de;;161;38704;229;9908453
wzg.wzg_9_502250_mch_wvlt1_163.m.de;WZG_AQ_9_502250_Mch_163;163;3588;113;918641
wzg.wzg_99_29220_stg_c2_74.m.de;;74;38742;221;9918173
wzg.cluster_wwq_99_25130_stg_194.m.de;;194;38702;150;9907862
aq.aqaq202d-mch.m.de;;0;36791;253;9418749
wzg.wzg_b2n_008364_gap_a1_gv_135.m.de;;135;809;181;207285
wzg.wzg99-890-stg_bl1_3.m.de;;3;38699;42;9906986
wzg.wzg92-100-deg_b1_65.m.de;;65;35962;83;9206355
wzg.hs_96_146151_mch_hs1_130.m.de;;130;37575;178;9619378
wzg.aq_a8o_54950_sbg_w1_2.m.de;;2;3154;12;807436
wzg.wzg_96_146145_lin_a1_33.m.de;;33;37575;178;9619378
aq.aq_99_4587_sbg.m.de;;0;38735;225;9916385
wzg.wzg92-686-mch_w3_4.m.de;WWQ_92686_4;4;36000;32;9216032
aq.aq_99_10010_sbg.m.de;;0;38698;64;9906752
wzg.wzg_b2n_006152_mch_led2_gv_161.m.de;;161;848;166;217254
aq.aq99-700-stg.m.de;;0;38745;57;9918777
wzg.cluster_aq_96_159560_lin_195.m.de;;195;37576;234;9619690
wzg.wzgaq115b-pas_a1_161.m.de;;161;36742;188;9406140
aq.aq_96_140129_lin.m.de;;0;37575;36;9619236
wzg.wzgmo94_1-mch_wsled_3.m.de;;3;36782;72;9416264
wzg.cluster_aqq7_sbg_h_193.m.de;;193;38737;219;9916891
wzg.wzg_99_10835_stg_dlz1_41.m.de;;41;38737;126;9916798
wzg.wzg99-810-stg_b1_65.m.de;;65;38741;20;9917716
wzg.aqq245_mch_b1_97.m.de;;97;3161;157;809373
aq.aq_96_154250_lin.m.de;;0;37576;102;9619558
wzg.wwq_a7_960_085_fue_pw5_37.m.de;;37;2812;6;719878
wzg.wzg_96_171584_mch_pw8_8.m.de;;8;37538;239;9609967
wzg.wzg92-584-mch_w9_42.m.de;WWQ_92584_42;42;36001;188;9216444
wzg.wzg_9_491895_nbg_c2_74.m.de;WZG_AQ_9_491895_Nbg_74;74;3547;109;908141
wzg.wzg99-003-sbg_w2_2.m.de;;2;38737;215;9916887
wzg.wzg9-280-nbg_b3_67.m.de;WZG_AQ9_280_Nbg_67;67;35277;238;9031150
wzg.wzg_99_11600_stg_a2_2.m.de;;2;38737;188;9916860
wzg.wzg9-860-mch_w3_36.m.de;;36;35670;217;9131737
aq.aqq269_sbg_h.m.de;;0;3163;51;809779
wzg.wzgaq202e-mch_b1_130.m.de;;130;36791;253;9418749
wzg.wzg9-210-nbg_b3_67.m.de;WZG_AQ9_210_Nbg_67;67;35278;174;9031342
wzg.wzg_9_485750_mch_b1_97.m.de;WZG_AQ_9_485750_Mch_97;97;3585;83;917843
aq.aq_b2n_008100_mch.m.de;;0;848;197;217285
aq.aq99-160-sbg.m.de;;0;38704;249;9908473
wzg.wzg_99_11964_stg_b1_65.m.de;;65;38737;214;9916886
aq.aq9-781a-mch.m.de;;0;3579;175;916399
wzg.wzgaq01-mch_a3_35.m.de;;35;36782;84;9416276
wzg.cluster_aq9-260-nbg_194.m.de;AQ_AQ9_260_Nbg_194;194;35278;56;9031224
wzg.wzg_99_as10_0350_rs_lsa2_132.m.de;;132;38738;35;9916963
wzg.wzg_99_18185_stg_bl1_231.m.de;WWQ_99.X2_231;231;38739;165;9917349
wzg.wzg99-710-stg_b3_67.m.de;;67;38745;4;9918724
wzg.wzg99-260-sbg_w2_39.m.de;;39;38707;6;9908998
wzg.wzg_9_499015_mch_w1_226.m.de;;226;3587;213;918485
aq.aqwwq08-pas.m.de;;0;36742;117;9406069
aq.aq_8_7100_stg.m.de;;0;3145;10;805130
wzg.wzg_96_160770_lin_z131_b_l_162.m.de;;162;37577;6;9619718
wzg.wzg_96_146848_mch_dlz2_18.m.de;;18;37575;186;9619386
wzg.aq_96_169925_mch_c2_74.m.de;;74;37538;200;9609928
wzg.wzg_9_508400_nbg_c2_74.m.de;WZG_AQ_9_508400_Nbg_74;74;3550;144;908944
wzg.aqb15_mch_c1_105.m.de;;105;3192;158;817310
wzg.wzg_96_159170_lin_dlz4_gv_145.m.de;;145;37576;227;9619683
wzg.wzg_9_489350_mch_wvlt1_163.m.de;WZG_AQ_9_489350_Mch_163;163;3585;253;918013
wzg.wzg_99_14110_stg_c2_74.m.de;;74;38738;119;9917047
wzg.aq_94_109969_pas_d2_136.m.de;;136;36752;16;9408528
wzg.wzg_8_8010_mch_wta6_6.m.de;;6;3149;127;806271
wzg.aqb21_mch_c1_105.m.de;;105;3192;65;817217
aq.wwq_b2_askre_1556_bc.m.de;;0;37172;31;9516063
wzg.cluster_aq99-155-sbg_193.m.de;;193;38704;229;9908453
wzg.cluster_aqaq06-mch_193.m.de;;193;36781;192;9416128
aq.aq_a7_961_045_fue.m.de;;0;2812;28;719900
wzg.wzg_96_146848_mch_lsa2_gv_162.m.de;;162;37575;186;9619386
aq.aq_b17_760_0480_aug.m.de;;0;6704;245;1716469
wzg.wzg_99_11680_stg_lsa_3_132.m.de;;132;38737;193;9916865
wzg.wzg_92_akneuf_1174_um_w3_36.m.de;WWQ_92_AK_Neuf_1174_UM_36;36;36001;155;9216411
aq.wwq_9_511350_mch.m.de;;0;3590;46;919086
wzg.wzg_99_10812_sbg_dlz3_11.m.de;;11;38698;110;9906798
wzg.wzg92-200-deg_w2_2.m.de;;2;35963;90;9206618
wzg.wzg9-260-nbg_b2_66.m.de;WZG_AQ9_260_Nbg_66;66;35278;56;9031224
wzg.wzg_9_508590_mch_c1_105.m.de;WZG_AQ_9_508590_Mch_105;105;3589;166;918950
aq.aq_99_2927_sbg.m.de;;0;38735;55;9916215
wzg.wzg_96_154250_lin_dlz3_gv_3.m.de;;3;37576;102;9619558
wzg.wzg_99_9140_sbg_b2_r_161.m.de;;161;38697;244;9906676
wzg.dlz_99_3434_sbg_dlz2_6.m.de;;6;38735;112;9916272
wzg.wzgaq116-pas_a3_3.m.de;;3;36742;227;9406179
wzg.cluster_aq_99_5125_sbg_198.m.de;;198;38735;225;9916385
wzg.wzg9-310-nbg_a1_1.m.de;WZG_AQ9_310_Nbg_1;1;35277;164;9031076
wzg.wzg_9_483013_nbg_w2_226.m.de;;226;3545;187;907707
wzg.wzg_9_483013_nbg_w1_225.m.de;;225;3545;187;907707
aq.aq_a7_957_128_ulm.m.de;;0;2772;158;709790
wzg.aqb28_mch_a3_35.m.de;;35;3191;220;817116
aq.aq_8_8700_stg.m.de;;0;3145;40;805160
wzg.wzg92-010-deg_a1_1.m.de;;1;35961;20;9206036
wzg.wzg9-740-mch_w15_50.m.de;WWQ_9740_50;50;35669;28;9131292
wzg.wzg92-250-mch_a2_2.m.de;;2;36002;158;9216670
wzg.wzg_9_489247_nbg_wvlt1_131.m.de;WZG_AQ_9_489247_Nbg_131;131;3546;236;908012
wzg.cluster_aq_b2n_009600_mch_cluster_194.m.de;;194;848;219;217307
wzg.cluster_aq_96_145861_mch_194.m.de;;194;37575;172;9619372
wzg.wzg_99_26020_sbg_a2_34.m.de;;34;38741;229;9917925
wzg.wzg_99_ak8_530_be_a1_162.m.de;;162;38697;57;9906489
wzg.wzg92-570-mch_b2_98.m.de;;98;36001;253;9216509
aq.aq_b2n_007379_mch.m.de;;0;848;188;217276
wzg.wzg_99a_104300_stg_a2_8.m.de;;8;38737;39;9916711
aq.aq_99_3674_sbg.m.de;;0;38735;112;9916272
wzg.wzg_9_505750_mch_b3_99.m.de;WZG_AQ_9_505750_Mch_99;99;3589;28;918812
wzg.wzg_99_10010_sbg_c2_l_164.m.de;;164;38698;64;9906752
wzg.cluster_aq_8_7100_stg_193.m.de;;193;3145;10;805130
wzg.wzg99-714-stg_a1_1.m.de;;1;38744;200;9918664
wzg.cluster_aqmo94_2-mch_193.m.de;;193;36782;72;9416264
wzg.wzg_96_146145_mch_lsa2_2.m.de;;2;37575;178;9619378
wzg.wzg99-020-sbg_b1_97.m.de;;97;38699;195;9907139
wzg.aqq249_sbg_a2_2.m.de;;2;3161;199;809415
wzg.wzg_96_146350_mch_lsa2_132.m.de;;132;37575;186;9619386
wzg.wzg_b2n_005935_gap_a1_161.m.de;;161;809;150;207254
wzg.wzg_9_490336_mch_a3_35.m.de;WZG_AQ_9_490336_Mch_35;35;3586;44;918060
wzg.wzg_96_154233_lin_a2_162.m.de;;162;37576;102;9619558
wzg.wzg_99_26825_stg_b2_66.m.de;;66;38703;21;9907989
wzg.wzg_96_154530_lin_lsa1_178.m.de;;178;37576;118;9619574
wzg.wzg_8_5900_stg_c1_105.m.de;;105;3144;244;805108
aq.aq9-794-mch.m.de;;0;3578;228;916196
wzg.wzg_96_159650_lin_dlz4_35.m.de;;35;37576;234;9619690
aq.aq_b2n_008423_gap.m.de;;0;809;181;207285
wzg.wzg_9_477875_mch_a3_35.m.de;WZG_AQ_9_477875_Mch_35;35;3583;207;917455
wzg.aqb29_mch_b2_98.m.de;;98;3191;203;817099
wzg.wzg_99_2949_lin_c2_106.m.de;;106;38696;45;9906221
wzg.cluster_aqb16_mch_h_193.m.de;;193;3192;145;817297
wzg.wzg_99_11600_stg_a1_1.m.de;;1;38737;188;9916860
wzg.cluster_aq_9_489350_mch_193.m.de;AQ_AQ_9_489350_Mch_193;193;3585;253;918013
wzg.aqb22a_mch_pw1_161.m.de;;161;3192;42;817194
wzg.wzg_9_502250_mch_dlz1_41.m.de;WZG_AQ_9_502250_Mch_41;41;3588;113;918641
wzg.dlz_99_3728_lin_dlz3_35.m.de;;35;38696;96;9906272
wzg.cluster_aq_9_477875_mch_193.m.de;AQ_AQ_9_477875_Mch_193;193;3583;207;917455
wzg.cluster_aq_99_11124_stg_195.m.de;;195;38737;126;9916798
wzg.wzg92-440-mch_a2_34.m.de;;34;36003;102;9216870
wzg.aqq87_sbg_a3_3.m.de;;3;3153;198;807366
wzg.cluster_aqq48_sbg_h_193.m.de;;193;3153;36;807204
wzg.wzg99-305-sbg_c1_172.m.de;;172;38709;5;9909509
wzg.wzg_96_147050_lin_lsa2_34.m.de;;34;37575;201;9619401
wzg.aqq37_sbg_a1_7.m.de;;7;3152;248;807160
wzg.wwq_9_510820_mch_cl1_193.m.de;WWQ_9584;193;3590;20;919060
wzg.wzg99-063-stg_w7_40.m.de;WWQ_99063_40;40;38701;165;9907621
wzg.aq_a7_960_120_ulm_b1_131.m.de;;131;2772;249;709881
wzg.aqb23_mch_a1_33.m.de;;33;3192;39;817191
wzg.wzg99-072-stg_w7_40.m.de;WWQ_99072_40;40;38701;222;9907678
aq.aq92-586-mch.m.de;;0;36001;181;9216437
wzg.wzg9-630-mch_c1_105.m.de;WZG_AQ9_630_Mch_105;105;35668;12;9131020
aq.aq_8_12300_mch.m.de;;0;3150;15;806415
wzg.cluster_aqq83_sbg_h_193.m.de;;193;3153;183;807351
wzg.cluster_aq_99_4616_lin_199.m.de;;199;38696;209;9906385
wzg.wzg99-260-sbg_w1_38.m.de;;38;38707;6;9908998
wzg.wzg8-140-mch_w1_34.m.de;AQ8O_140_Mch_34;34;3149;180;806324
wzg.wzg_99_2927_sbg_a3_3.m.de;;3;38735;55;9916215
wzg.wzg_b2_askre_1556_bc_pw3_3.m.de;;3;37172;31;9516063
wzg.wzg_99_10170_lin_a2_4.m.de;;4;38737;82;9916754
wzg.wzg9-830-mch_wta1_33.m.de;;33;35670;125;9131645
wzg.wzg_b2n_006916_gap_lsa2_170.m.de;;170;809;163;207267
wzg.wzg99-860-stg_a3_3.m.de;;3;38739;1;9917185
wzg.wzg_96_159650_lin_dlz3_34.m.de;;34;37576;234;9619690
wzg.cluster_aq_99_18185_stg_194.m.de;WWQ_99.X2;194;38739;165;9917349
wzg.wzg8-140-mch_w4_37.m.de;AQ8O_140_Mch_37;37;3149;180;806324
wzg.wzg_99_2927_sbg_c2_74.m.de;;74;38735;55;9916215
aq.aq_b2n_009000_mch.m.de;;0;848;211;217299
aq.aqq259_mch_h.m.de;;0;3162;162;809634
wzg.wzg_9_499925_nbg_dlz1_1.m.de;WZG_AQ_9_499925_Nbg_1;1;3548;242;908530
wzg.wzg_9_486950_mch_wvlt1_163.m.de;WZG_AQ_9_486950_Mch_163;163;3585;137;917897
wzg.wzg92-300-deg_a1_1.m.de;;1;35964;20;9206804
wzg.wzg_96_as33_0160_tz_c1_105.m.de;;105;37562;132;9616004
wzg.wzg_99_11124_stg_a1_163.m.de;;163;38737;126;9916798
wzg.wzg9-789-mch_w7_43.m.de;;43;35670;16;9131536
wzg.aqb13_mch_a1_33.m.de;;33;3192;183;817335
wzg.wzg9-610-mch_b1_98.m.de;WZG_AQ9_610_Mch_98;98;35667;224;9130976
wzg.aqq29_sbg_c2_74.m.de;;74;3152;181;807093
wzg.wzg99-860-stg_c1_73.m.de;;73;38739;1;9917185
wzg.wzg99510_stg_b1_65.m.de;;65;38749;182;9919926
wzg.wzg_96_161485_mch_pw9_9.m.de;;9;37524;225;9606369
wzg.cluster_aqaq11-pas_194.m.de;;194;36742;86;9406038
wzg.wzg_9_505300_nbg_dlz1_9.m.de;WZG_AQ_9_505300_Nbg_9;9;3549;249;908793
wzg.aq_96_169925_mch_a1_1.m.de;;1;37538;200;9609928
wzg.wzg8-110-mch_w3_36.m.de;AQ8O_110_Mch_36;36;3149;234;806378
wzg.cluster_aq99-260-sbg_pw1_195.m.de;;195;38707;6;9908998
wzg.wzg_92_3720_mch_w5_230.m.de;WWQ_92372_230;230;36000;112;9216112
wzg.wzg_92_3210_mch_w2_227.m.de;WWQ_92321_227;227;36000;85;9216085
wzg.aq_94_109194_mch_text1_97.m.de;;97;36791;14;9418510
wzg.wzg_99_26545_stg_pw10_133.m.de;;133;38702;255;9907967
wzg.wzg_b2n_006052_mch_led_ww1_131.m.de;;131;848;166;217254
wzg.wzgaq194-mch_cl1_194.m.de;WWQ94_194_Mch;194;36782;55;9416247
wzg.cluster_aqq265_sbg_h_193.m.de;;193;3163;2;809730
aq.aq_96_140086_lin.m.de;;0;37575;36;9619236
wzg.wzg99-880-stg_w2_2.m.de;;2;38699;77;9907021
wzg.dlz_96_139930_lin_dlz2_gv_10.m.de;;10;37575;36;9619236
aq.aqq261_mch_h.m.de;;0;3162;202;809674
wzg.wzg9-180-nbg_a1_130.m.de;WZG_AQ9_180_Nbg_130;130;35278;208;9031376
aq.aq9-99-a10-sbg.m.de;;0;38702;17;9907729
aq.aq_9_490310_nbg.m.de;;0;3547;32;908064
wzg.cluster_aq_9_499865_mch_193.m.de;AQ_AQ_9_499865_Mch_193;193;3588;1;918529
wzg.wzg_99_27350_stg_bl1_25.m.de;;25;38703;59;9908027
wzg.aqq37_sbg_a3_2.m.de;;2;3152;248;807160
wzg.wzg_99_10155_sbg_lsa3_35.m.de;;35;38698;64;9906752
wzg.cluster_aqrg203-mch_193.m.de;;193;36782;19;9416211
wzg.dlz_96_139930_mch_dlz2_gv_42.m.de;;42;37575;35;9619235
wzg.aqq253_sbg_b1_65.m.de;;65;3162;5;809477
wzg.cluster_lsa_94_109984_pas_198.m.de;;198;36752;16;9408528
wzg.wzg99-800-stg_a2_2.m.de;;2;38741;87;9917783
wzg.wzg_99_10170_stg_a1_1.m.de;;1;38737;82;9916754
wzg.aq_a7_958_035_ulm_a1_1.m.de;;1;2772;190;709822
aq.aq_99a_101408_stg.m.de;;0;38709;135;9909639
wzg.cluster_aq_99_10812_sbg_198.m.de;;198;38698;110;9906798
wzg.wzg8-130-mch_w4_37.m.de;AQ8O_130_Mch_37;37;3149;209;806353
wzg.wzg_99_29220_stg_led1_129.m.de;;129;38742;221;9918173
wzg.wzg99-003-sbg_bl1_4.m.de;;4;38737;215;9916887
wzg.aqq45_sbg_a2_1.m.de;;1;3153;22;807190
aq.aq92-410-mch.m.de;;0;36003;245;9217013
aq.aq_b2n_006434_gap.m.de;;0;809;156;207260
wzg.wzg_96_140129_lin_lsa2_164.m.de;;164;37575;36;9619236
wzg.cluster_aqq245_sbg_h_193.m.de;;193;3161;157;809373
wzg.aqq11_sbg_c1_106.m.de;;106;38738;52;9916980
wzg.cluster_aq_96_139409_lin_193.m.de;;193;37575;23;9619223
wzg.wzg99-670-stg_w11_12.m.de;AQ99-670-Stg_12;12;38745;132;9918852
wzg.wzg99-860-stg_b1_65.m.de;;65;38739;1;9917185
wzg.wzg_99_2949_lin_a2_34.m.de;;34;38696;45;9906221
wzg.wzg92-550-mch_a2_34.m.de;;34;36002;43;9216555
aq.aq_92_2430_deg.m.de;;0;35961;55;9206071
wzg.aq_a7_958_183_ulm_bl1_25.m.de;;25;2772;190;709822
wzg.wzgaq116-pas_a1_1.m.de;;1;36742;227;9406179
aq.aq99-728-stg.m.de;;0;38744;60;9918524
wzg.wzg_8_7430_mch_wta6_6.m.de;;6;3149;109;806253
aq.aq_92_2900_deg.m.de;;0;35961;70;9206086
wzg.wzg_99_27350_stg_pw6_129.m.de;;129;38703;59;9908027
wzg.wzg9-780-mch_p_a2_42.m.de;WZG_AQ9_780_Mch_P_42;42;35669;97;9131361
wzg.aqb22_mch_a2_34.m.de;;34;3192;52;817204
wzg.wzg_96_140129_lin_lsa1_163.m.de;;163;37575;36;9619236
wzg.wzg_96_162376_mch_pw4_4.m.de;;4;37524;230;9606374
wzg.wzg_96_153990_lin_dlz4_gv_146.m.de;;146;37576;102;9619558
wzg.wzg99-640-stg_a3_4.m.de;;4;38745;195;9918915
wzg.wzg_9_adholl_0420_om_a1_179.m.de;WZG_AQ_9_ADHoll_0420_OM_179;179;3584;155;917659
wzg.dlz_99_11440_stg_dlz1_33.m.de;;33;38737;188;9916860
aq.aq_b2n_006546_gap.m.de;;0;809;156;207260
wzg.dlz_96_146600_mch_dlz2_10.m.de;;10;37575;186;9619386
wzg.cluster_aq92-590-mch_p_193.m.de;;193;36001;165;9216421
wzg.wzg9-345-nbg_w6_6.m.de;WWQ_9345_6;6;3541;246;906742
wzg.wzg99-811-stg_a3_3.m.de;;3;38740;193;9917633
wzg.cluster_aq_b2n_008648_gap_cluster_195.m.de;;195;809;189;207293
wzg.wzg92-460-mch_b1_97.m.de;;97;36003;46;9216814
wzg.aqq213_sbg_a1_1.m.de;;1;3160;47;809007
wzg.wzg99510_stg_c1_73.m.de;;73;38749;182;9919926
wzg.wzgaq08-mch_a3_35.m.de;;35;36781;161;9416097
aq.aq_96_154790_lin.m.de;;0;37576;124;9619580
wzg.wzg_99a_104508_mch_lsa2_170.m.de;;170;38748;252;9919740
wzg.cluster_wwq_96_171060_mch_194.m.de;;194;37538;227;9609955
wzg.wzg99d10_stg_b1_68.m.de;;68;38749;182;9919926
wzg.aq_a7_957_393_ulm_dlz1_9.m.de;;9;2772;178;709810
wzg.wzg_99_25377_sbg_a1_33.m.de;;33;38741;183;9917879
wzg.wzg_99_25377_at_sbg_c1_107.m.de;;107;38741;183;9917879
wzg.wzg99-714-stg_b1_65.m.de;;65;38744;200;9918664
wzg.wzg_b2n_008005_mch_lsa_gv_163.m.de;;163;848;197;217285
wzg.wzgwwq08-pas_wta3_228.m.de;WWQ94_008_Pas_228;228;36742;117;9406069
wzg.wzg_99_730_sbg_c2_74.m.de;;74;38734;146;9916050
wzg.cluster_aq99-9-b10-stg_196.m.de;;196;38741;146;9917842
wzg.wzg_b2n_008750_gap_dlz1_49.m.de;;49;809;189;207293
wzg.aqb18_mch_a2_34.m.de;;34;3192;113;817265
wzg.wzg99-190-sbg_a3_35.m.de;;35;38705;92;9908572
wzg.wzg_96_138841_mch_a1_2.m.de;;2;37575;10;9619210
wzg.wzg99-820-stg_a2_2.m.de;;2;38740;90;9917530
wzg.wzg99-640-stg_b3_67.m.de;;67;38745;195;9918915
wzg.aq_96_169925_mch_a3_3.m.de;;3;37538;200;9609928
wzg.wzg_96_154790_lin_a2_34.m.de;;34;37576;124;9619580
wzg.wzg_b2n_006563_mch_dlz2_2.m.de;;2;848;173;217261
wzg.aqb10_mch_a3_35.m.de;;35;3192;222;817374
aq.aqb17_mch_h.m.de;;0;3192;128;817280
aq.aq_b2n_007449_mch.m.de;;0;848;188;217276
aq.aqq13_sbg_e.m.de;;0;3152;173;807085
aq.aq92-630-mch.m.de;;0;36001;9;9216265
wzg.cluster_aqq275_sbg_h_193.m.de;;193;3163;120;809848
aq.portal_a7_957_863_ulm_gv.m.de;;0;2772;177;709809
wzg.dlz_96_147050_mch_dlz1_gv_41.m.de;;41;37575;201;9619401
wzg.wzg_b2n_006400_gap_led2_gv_129.m.de;;129;809;156;207260
wzg.aqq37_sbg_c3_74.m.de;;74;3152;248;807160
wzg.wzg_b2n_005933_gap_lsa_r_171.m.de;;171;809;150;207254
wzg.aqq259_mch_a1_33.m.de;;33;3162;162;809634
wzg.wzgaq196-mch_w1_1.m.de;;1;36782;39;9416231
wzg.cluster_aq_96_146162_mch_196.m.de;;196;37575;178;9619378
wzg.wzg_96_159170_lin_dlz3_34.m.de;;34;37576;227;9619683
wzg.cluster_aq_99_10155_sbg_195.m.de;;195;38698;64;9906752
wzg.wzg_99_ak8_700_uf_b1_99.m.de;;99;38697;57;9906489
wzg.aqq29_sbg_b2_66.m.de;;66;3152;181;807093
wzg.cluster_aq9-700-mch_193.m.de;WWQ_9700;193;35668;192;9131200
aq.aq99-732-stg.m.de;;0;38743;227;9918435
wzg.wzg92-117-deg_a1_1.m.de;;1;35962;123;9206395
wzg.wzg_96_171584_mch_pw1_1.m.de;;1;37538;239;9609967
wzg.wzg9-650-mch_a3_35.m.de;WZG_AQ9_650_Mch_35;35;35668;62;9131070
wzg.cluster_aq_99_ak8_530_be_197.m.de;;197;38697;57;9906489
wzg.aq_a7_957_393_ulm_dlz2_10.m.de;;10;2772;178;709810
wzg.wzg99-590-stg_c1_73.m.de;;73;38746;105;9919081
wzg.wzg_99_27814_sbg_b3_99.m.de;;99;38742;107;9918059
wzg.wzg_99_5446_lin_c2_106.m.de;;106;38696;230;9906406
wzg.cluster_aqaq202c-mch_197.m.de;;197;36782;37;9416229
wzg.wzg_9_503930_nbg_c1_73.m.de;WZG_AQ_9_503930_Nbg_73;73;3549;182;908726
wzg.wzg_96_147221_lin_b1_97.m.de;;97;37575;205;9619405
wzg.cluster_aq99-710-stg_194.m.de;;194;38745;4;9918724
wzg.wzg92-588-mch_w2_35.m.de;WWQ_92588_35;35;36001;173;9216429
wzg.aqq23_sbg_a2_34.m.de;;34;42644;62;10916926
wzg.cluster_aq_99_as6_230_sz_193.m.de;;193;38695;202;9906122
wzg.wzg92-696-mch_w3_4.m.de;WWQ_92696_4;4;36000;23;9216023
wzg.wzg92-470-mch_b1_97.m.de;;97;36002;250;9216762
wzg.aqq67_sbg_c2_74.m.de;;74;3153;135;807303
wzg.cluster_aqwwq11-pas_196.m.de;WWQ94_011_Pas;196;36742;145;9406097
wzg.wzg92-290-deg_c1_73.m.de;;73;35963;224;9206752
wzg.cluster_aq92-460-mch_193.m.de;;193;36003;46;9216814
wzg.wzg_b2n_008550_gap_dlz2_gv_2.m.de;;2;809;189;207293
wzg.wzg_99_3312_lin_b1_167.m.de;;167;38696;96;9906272
wzg.cluster_aqq215_mch_h_193.m.de;;193;3199;66;819010
wzg.wzg_9_498180_nbg_c1_73.m.de;WZG_AQ_9_498180_Nbg_73;73;3548;159;908447
wzg.wzg9-750-mch_a2_34.m.de;WZG_AQ9_750_Mch_34;34;35669;54;9131318
aq.aq_b2n_008364_gap.m.de;;0;809;181;207285
aq.aqaq115a-pas.m.de;;0;36742;188;9406140
wzg.wzg9-166-nbg_c2_75.m.de;WZG_AQ9_166_Nbg_75;75;35279;46;9031470
aq.aqaq08-mch.m.de;;0;36781;161;9416097
wzg.aq_a7_962_044_fue_b1_163.m.de;;163;2812;61;719933
wzg.dlz_99_10380_sbg_dlz3_3.m.de;;3;38698;69;9906757
wzg.wzg_99_12270_stg_b1_65.m.de;;65;38737;237;9916909
wzg.wzg9-850-mch_w4_39.m.de;;39;35670;148;9131668
wzg.wzg_99_2018_lin_b2_98.m.de;;98;38695;232;9906152
wzg.wzgaq188-mch_w6_6.m.de;WWQ94_188_Mch_6;6;36782;79;9416271
aq.aq9-860-mch.m.de;;0;35670;217;9131737
aq.aq_b2n_008130_gap.m.de;;0;809;181;207285
wzg.cluster_aq_9_505300_nbg_194.m.de;AQ_AQ_9_505300_Nbg_194;194;3549;249;908793
wzg.wzg_96_154530_lin_dlz3_34.m.de;;34;37576;118;9619574
wzg.wzg9-710-mch_w14_47.m.de;WWQ_9710_47;47;35668;212;9131220
wzg.wzg_92_eost_0033_xz_w9_42.m.de;;42;36001;164;9216420
wzg.wzg99-530-stg_a3_3.m.de;;3;38749;8;9919752
wzg.wzg9-170-nbg_a3_3.m.de;WZG_AQ9_170_Nbg_3;3;35278;255;9031423
wzg.aqq79_sbg_b2_66.m.de;;66;3153;171;807339
wzg.wzg_99_26020_sbg_a1_33.m.de;;33;38741;229;9917925
wzg.wzg92-570-mch_a1_33.m.de;;33;36001;253;9216509
wzg.cluster_aqq205_mch_e_193.m.de;;193;3198;174;818862
aq.aq_99_10380_sbg.m.de;;0;38698;69;9906757
wzg.cluster_aq99-268-sbg_pw_195.m.de;;195;38707;79;9909071
aq.aq9-345-nbg.m.de;;0;3541;246;906742
wzg.aqq45b_sbg_w8_8.m.de;;8;3153;25;807193
aq.aq99-268-sbg_dlz.m.de;;0;38707;79;9909071
wzg.wzg92-588-mch_w5_38.m.de;WWQ_92588_38;38;36001;173;9216429
wzg.wzg_99_25381_stg_b1_65.m.de;;65;38702;168;9907880
wzg.wzg_99_29220_stg_a1_1.m.de;;1;38742;221;9918173
wzg.wzg_96_171584_mch_pw3_3.m.de;;3;37538;239;9609967
wzg.wzg_99_6570_lin_b1_97.m.de;;97;38697;57;9906489
wzg.wzg_99_27350_stg_wta1_1.m.de;;1;38703;59;9908027
wzg.wzg_b17_740_0470_aug_a2_2.m.de;;2;6705;99;1716579
wzg.wzg99-258-sbg_w2_35.m.de;;35;38706;204;9908940
wzg.cluster_aqq255_mch_h_194.m.de;;194;3162;45;809517
wzg.wzg_99_32000_sbg_pw1_164.m.de;;164;38743;144;9918352
wzg.wzg99-160-sbg_w2_34.m.de;AQ99-160-Sbg_34;34;38704;249;9908473
wzg.wzg_9_505750_mch_a3_35.m.de;WZG_AQ_9_505750_Mch_35;35;3589;28;918812
wzg.wzg99-070-sbg_c3_107.m.de;;107;38701;203;9907659
wzg.wzgaq08-mch_b1_97.m.de;;97;36781;161;9416097
wzg.wzg_99_11964_stg_b3_r_129.m.de;;129;38737;214;9916886
aq.aq_99_as7_150_sz.m.de;;0;38696;244;9906420
aq.aq_b2n_007965_mch.m.de;;0;848;197;217285
wzg.wzg92-240-deg_b1_97.m.de;;97;35963;127;9206655
wzg.wzg99-650-stg_w7_8.m.de;AQ99-650-Stg_8;8;38745;163;9918883
wzg.wzg_b2n_007492_gap_led2_gv_129.m.de;;129;809;172;207276
wzg.aqq79_sbg_a1_1.m.de;;1;3153;171;807339
wzg.cluster_aq_a7_960_920_ulm_194.m.de;;194;2773;18;709906
aq.aq_99_26020_sbg.m.de;;0;38741;229;9917925
wzg.wzg_99a_101408_stg_a1_1.m.de;;1;38709;135;9909639
wzg.wzgaq205-mch_c2_106.m.de;;106;36781;233;9416169
wzg.wzg_b2n_009600_mch_c1_73.m.de;;73;848;219;217307
wzg.aqb21_mch_b1_97.m.de;;97;3192;65;817217
wzg.wzg_96_154530_lin_lsa3_42.m.de;;42;37576;118;9619574
wzg.wzg99-820-stg_b2_66.m.de;;66;38740;90;9917530
wzg.wzg_96_160143_lin_dlz4_gv_145.m.de;;145;37576;246;9619702
wzg.wzg_99_10010_sbg_b2_l_162.m.de;;162;38698;64;9906752
wzg.wzg_99_27814_sbg_a5_37.m.de;;37;38742;107;9918059
aq.aq_b2n_006965_mch.m.de;;0;848;180;217268
wzg.wzgaq190-mch_bl1_9.m.de;WWQ94_190_Mch_9;9;36782;69;9416261
wzg.wzg_b2n_007472_gap_dlz1_41.m.de;;41;809;172;207276
wzg.wzg_b471_24741_dah_w6_231.m.de;;231;40902;111;10471023
wzg.wzg92-215-deg_w2_2.m.de;;2;35963;76;9206604
wzg.aq_a7_962_850_ulm_a1_129.m.de;;129;2773;74;709962
wzg.wzg9-650-mch_a2_34.m.de;WZG_AQ9_650_Mch_34;34;35668;62;9131070
aq.aqq57_sbg_h.m.de;;0;3153;82;807250
wzg.wzg9-620-mch_w1_34.m.de;;34;35668;4;9131012
wzg.wzg_96_170371_mch_pw8_8.m.de;;8;37538;211;9609939
wzg.wzg9-360-nbg_a1_1.m.de;WZG_AQ9_360_Nbg_1;1;35277;63;9030975
wzg.wzg_96_171060_mch_led1_74.m.de;;74;37538;227;9609955
wzg.cluster_aq9-120-nbg-l_196.m.de;AQ_AQ9_120_Nbg_r_196;196;35279;165;9031589
wzg.wzgzfr02-pas_lsa_241.m.de;;241;36742;170;9406122
wzg.wzg_92_akneuf_0440_xw_c1_167.m.de;;167;36001;137;9216393
wzg.wzg92-610-mch_p_a2_34.m.de;;34;36001;119;9216375
wzg.wzg8-120-mch_w4_37.m.de;AQ8O_120_Mch_37;37;3149;218;806362
wzg.wzgaqrg203-mch_b1_97.m.de;;97;36782;19;9416211
wzg.cluster_aq99-150-sbg_193.m.de;;193;38704;181;9908405
wzg.wzg9-120-nbg-r_c1_135.m.de;WZG_AQ9_120_Nbg_r_135;135;35279;165;9031589
aq.aq99-240-sbg.m.de;;0;38706;34;9908770
wzg.aqq39_sbg_pw1_129.m.de;;129;3153;6;807174
wzg.wzg_92_2900_deg_bl1_229.m.de;WWQ_922900_229;229;35961;70;9206086
aq.aq_b2n_006916_gap.m.de;;0;809;163;207267
aq.aq_b2n_006152_mch.m.de;;0;848;166;217254
wzg.wzg9-788-mch_c1_106.m.de;WZG_AQ9_788_Mch_106;106;35669;236;9131500
wzg.wzg_9_511900_nbg_a2_2.m.de;WZG_AQ_9_511900_Nbg_2;2;3551;58;909114
wzg.wzg99-072-stg_w8_41.m.de;WWQ_99072_41;41;38701;222;9907678
wzg.wzg_99_25130_stg_pw1_133.m.de;;133;38702;150;9907862
wzg.aq_a7_961_045_fue_c1_106.m.de;;106;2812;28;719900
wzg.wzg_b2n_008067_mch_led1_gv_129.m.de;;129;848;197;217285
wzg.wzg9-610-mch_a1_35.m.de;WZG_AQ9_610_Mch_35;35;35667;224;9130976
wzg.wzg_b2n_009600_mch_a2_2.m.de;;2;848;219;217307
wzg.wzg_9_490336_mch_b3_99.m.de;WZG_AQ_9_490336_Mch_99;99;3586;44;918060
wzg.wzg_96_160126_lin_a2_162.m.de;;162;37576;246;9619702
aq.hs_94_110069_pas.m.de;;0;36752;19;9408531
wzg.wzg_99_26020_sbg_wvlt_161.m.de;;161;38741;229;9917925
wzg.wzg_99_30830_sbg_c2_106.m.de;;106;38704;59;9908283
wzg.wzgwwq04-mch_wta3_228.m.de;WWQ94_004_Mch_228;228;36781;182;9416118
wzg.aq_94_110384_pas_a1_1.m.de;;1;36752;26;9408538
wzg.aqb26_mch_c2_106.m.de;;106;3191;253;817149
wzg.wzgzfr03-pas_w1_1.m.de;;1;36742;189;9406141
wzg.cluster_aq99-810a-l-stg_196.m.de;;196;38741;14;9917710
aq.aqq271_sbg_h.m.de;;0;3163;81;809809
wzg.wzg92-120-deg_c1_73.m.de;;73;35962;124;9206396
wzg.wzg99-580-stg_a2_2.m.de;;2;38746;230;9919206
wzg.wzg9-793-mch_w4_40.m.de;;40;35669;202;9131466
wzg.wzg_b2n_006170_gap_b1_169.m.de;;169;809;150;207254
wzg.wzg99-845-stg_a2_2.m.de;;2;38734;132;9916036
wzg.wzg_b2n_007958_gap_dlz1_33.m.de;;33;809;181;207285
wzg.wzg92-540-mch_a3_35.m.de;;35;36002;90;9216602
wzg.wzg_96_160362_lin_dlz1_177.m.de;;177;37576;252;9619708
wzg.wzg99510_stg_a1_1.m.de;;1;38749;182;9919926
wzg.wzg_b2n_008144_gap_dlz2_gv_10.m.de;;10;809;181;207285
wzg.wzg99-650-stg_w5_6.m.de;AQ99-650-Stg_6;6;38745;163;9918883
wzg.wzg_99_18185_stg_w1_225.m.de;WWQ_99.X2_225;225;38739;165;9917349
wzg.wzg_99a_104508_mch_b1_97.m.de;;97;38748;252;9919740
wzg.wzg99-070-sbg_a2_34.m.de;;34;38701;203;9907659
wzg.aq_94_110284_pas_a2_2.m.de;;2;36752;23;9408535
wzg.wzg99-730-stg_pw1_129.m.de;;129;38744;16;9918480
wzg.wzg9-361-nbg_b1_65.m.de;;65;35277;64;9030976
wzg.wzg_9_480000_nbg_c2_74.m.de;WZG_AQ_9_480000_Nbg_74;74;3545;42;907562
wzg.cluster_aq_94_109645_pas_194.m.de;;194;36752;16;9408528
wzg.wzg92-572b-mch_w3_42.m.de;WWQ_92572b_42;42;36001;218;9216474
wzg.wzg_9_503485_mch_a1_33.m.de;WZG_AQ_9_503485_Mch_33;33;3588;174;918702
wzg.wzg_99_31800_sbg_a1_33.m.de;;33;38743;144;9918352
wzg.wzg_r120_000026_gap_z131_r_161.m.de;;161;809;62;207166
wzg.wzg_99_26825_stg_b1_65.m.de;;65;38703;21;9907989
wzg.wzgaq07-mch_c1_106.m.de;;106;36781;173;9416109
wzg.wzg_92_2430_deg_bl1_229.m.de;WWQ_922430_229;229;35961;55;9206071
aq.aq99-585-stg.m.de;;0;38746;211;9919187
wzg.wzg_96_162376_mch_sgmcl_194.m.de;;194;37524;230;9606374
wzg.aqq239_mch_c1_105.m.de;;105;3161;85;809301
wzg.wzg92-050-deg_b1_65.m.de;;65;35961;88;9206104
wzg.cluster_aq_r200_sued_000000_gap_cluster_193.m.de;;193;809;195;207299
wzg.wzg_99_31800_sbg_a4_36.m.de;;36;38743;144;9918352
wzg.aq_96_170635_mch_a2_2.m.de;;2;37538;216;9609944
wzg.wzg92-590-mch_p_c1_105.m.de;;105;36001;165;9216421
wzg.aqq45_sbg_a3_2.m.de;;2;3153;22;807190
wzg.wzg_b2n_008680_gap_lsa_gv_131.m.de;;131;809;189;207293
wzg.aqq225_mch_c1_105.m.de;;105;3199;173;819117
wzg.wzg_92_eost_0033_xz_w1_34.m.de;;34;36001;164;9216420
wzg.wzg_9_509515_nbg_b1_65.m.de;WZG_AQ_9_509515_Nbg_65;65;3550;199;908999
wzg.wzg_96_171575_lin_pw4_36.m.de;;36;37577;255;9619967
wzg.wzg_b2n_007650_mch_dlz1_1.m.de;;1;848;188;217276
wzg.wzg_99_27814_sbg_c1_105.m.de;;105;38742;107;9918059
aq.aqfsa02-mch.m.de;;0;36781;187;9416123
wzg.wzg_99_26040_stg_pw6_130.m.de;;130;38702;217;9907929
wzg.aqq27_sbg_b2_66.m.de;;66;3152;173;807085
wzg.wzg_99_924_lin_b2_98.m.de;;98;38695;149;9906069
wzg.wzg_9_490310_nbg_a3_3.m.de;WZG_AQ_9_490310_Nbg_3;3;3547;32;908064
wzg.wzg92-580-mch_a3_35.m.de;;35;36001;211;9216467
aq.aq92-620-mch.m.de;;0;36001;67;9216323
aq.aq92-215-deg.m.de;;0;35963;76;9206604
wzg.wzg_9_483145_mch_b2_98.m.de;WZG_AQ_9_483145_Mch_98;98;3584;208;917712
wzg.wzg9-723-mch_b1_163.m.de;WZG_AQ9_723_Mch_163;163;35668;231;9131239
wzg.cluster_aqq225_mch_h_193.m.de;;193;3199;173;819117
wzg.wzg_96_145860_lin_b1_97.m.de;;97;37575;172;9619372
wzg.cluster_aq99-860-stg_194.m.de;;194;38739;1;9917185
wzg.wzg_99_4616_lin_a1_161.m.de;;161;38696;209;9906385
wzg.wzg99-150-sbg_a1_33.m.de;;33;38704;181;9908405
wzg.dlz_99_4587_sbg_dlz2_2.m.de;;2;38735;225;9916385
wzg.cluster_aqaq10b-mch_193.m.de;;193;36742;71;9406023
wzg.wzg_b2n_005933_gap_lsa2_58.m.de;;58;809;150;207254
wzg.cluster_aq_a7_957_393_ulm_196.m.de;;196;2772;178;709810
wzg.wzg_9_493840_nbg_b1_65.m.de;WZG_AQ_9_493840_Nbg_65;65;3547;203;908235
wzg.cluster_aq_9_485215_mch_193.m.de;AQ_AQ_9_485215_Mch_193;193;3585;54;917814
wzg.aqb26_mch_a3_35.m.de;;35;3191;253;817149
wzg.aqq27_sbg_a1_1.m.de;;1;3152;173;807085
wzg.wzg99-716-stg_w2_2.m.de;;2;38744;181;9918645
wzg.aq_a7_960_770_fue_c1_165.m.de;;165;2812;28;719900
wzg.wzg99-072-stg_w11_44.m.de;WWQ_99072_44;44;38701;222;9907678
wzg.wzg_92_eost_0033_xz_w6_39.m.de;;39;36001;164;9216420
wzg.cluster_aq_9_508400_nbg_194.m.de;AQ_AQ_9_508400_Nbg_194;194;3550;144;908944
aq.wwq_9_483970_nbg.m.de;;0;3545;235;907755
wzg.wzg_9_492226_mch_b2_98.m.de;WZG_AQ_9_492226_Mch_98;98;3586;138;918154
aq.aq_99_3252_sbg.m.de;;0;38735;112;9916272
aq.aq_a7_957_493_fue.m.de;;0;2772;179;709811
wzg.wzgaq190-mch_w5_5.m.de;WWQ94_190_Mch_5;5;36782;69;9416261
aq.aq92-580-mch.m.de;;0;36001;211;9216467
wzg.wzgfsa02-mch_dlzfs3_43.m.de;;43;36781;187;9416123
aq.aq_96_162376_mch.m.de;;0;37524;230;9606374
wzg.wzg92-710-mch_c1_105.m.de;;105;36002;7;9216519
wzg.dlz_96_146600_lin_dlz1_gv_9.m.de;;9;37575;187;9619387
wzg.cluster_wwq_99_asash_0920_am_193.m.de;WWQ99_ASAsh_0920_AM;193;38704;13;9908237
aq.aq_b2n_008667_mch.m.de;;0;848;205;217293
wzg.wzg99-210-sbg_a3_35.m.de;;35;38705;187;9908667
wzg.cluster_aq9-330-nbg_194.m.de;AQ_AQ9_330_Nbg_194;194;35277;142;9031054
wzg.cluster_portal_a7_957_863_ulm_gv_196.m.de;;196;2772;177;709809
wzg.wzg_99_3493_lin_b2_164.m.de;;164;38696;96;9906272
wzg.cluster_aq_96_146848_mch_198.m.de;;198;37575;186;9619386
wzg.cluster_aq_b17_740_0470_aug_194.m.de;;194;6705;99;1716579
aq.aq99-210-sbg.m.de;;0;38705;187;9908667
wzg.wzg_96_139729_lin_dlz2_gv_19.m.de;;19;37575;36;9619236
wzg.wzg_9_492226_mch_c3_107.m.de;WZG_AQ_9_492226_Mch_107;107;3586;138;918154
wzg.wzg_99a_104508_mch_c3_l_164.m.de;;164;38748;252;9919740
aq.aq99-262-sbg.m.de;;0;38707;23;9909015
aq.portal_a7_957_863_ulm.m.de;;0;2772;177;709809
wzg.wzg99-045-sbg_b2_98.m.de;;98;38700;147;9907347
wzg.wzg_b2n_006546_gap_dlz1_49.m.de;;49;809;156;207260
wzg.wzg92-690-mch_b1_97.m.de;;97;36000;38;9216038
wzg.wzg9-760-mch_w19_54.m.de;WWQ_9760_54;54;35669;66;9131330
aq.aq_96_147221_lin.m.de;;0;37575;205;9619405
wzg.cluster_aq_9_493840_nbg_194.m.de;AQ_AQ_9_493840_Nbg_194;194;3547;203;908235
wzg.wzg9-110-nbg_b2_66.m.de;WZG_AQ9_110_Nbg_66;66;35279;175;9031599
wzg.wzg9-310-nbg_c2_74.m.de;WZG_AQ9_310_Nbg_74;74;35277;164;9031076
wzg.wzg_96_160770_lin_z131_bl_l_166.m.de;;166;37577;6;9619718
aq.aq9-240-nbg.m.de;;0;35278;119;9031287
wzg.wzg_b2_askre_1556_bc_pw8_8.m.de;;8;37172;31;9516063
wzg.wzg9-830-mch_w4_39.m.de;;39;35670;125;9131645
wzg.aq_a7_953_247_fue_a1_33.m.de;;33;2811;52;719668
wzg.wzg9-700-mch_w9_42.m.de;WWQ_9700_42;42;35668;192;9131200
wzg.wzg_96_139768_mch_a2_130.m.de;;130;37575;35;9619235
wzg.aqq48_sbg_c3_74.m.de;;74;3153;36;807204
wzg.wzg_96_170371_mch_bl1_25.m.de;;25;37538;211;9609939
aq.aqb10_mch_h.m.de;;0;3192;222;817374
wzg.wzg_99_12270_stg_b3_r_129.m.de;;129;38737;237;9916909
wzg.cluster_aq_99_as10_0350_rs_194.m.de;;194;38738;35;9916963
wzg.aqq205_mch_b1_164.m.de;;164;3198;174;818862
wzg.wzg_99a_103808_mch_b1_97.m.de;;97;38748;229;9919717
wzg.aq_a7_956_719_fue_bl2_58.m.de;;58;2811;159;719775
wzg.wzg_99_as7_000_sz_pw1_42.m.de;;42;38696;244;9906420
aq.aqb25_mch_h.m.de;;0;3192;8;817160
wzg.cluster_aq_99_27814_sbg_193.m.de;;193;38742;107;9918059
wzg.aqq91_sbg_b2_66.m.de;;66;3153;216;807384
wzg.wzg_99_18185_stg_w6_230.m.de;WWQ_99.X2_230;230;38739;165;9917349
wzg.cluster_lsa_99_5190_lin_193.m.de;;193;38696;209;9906385
wzg.wzg_b2n_008550_gap_dlz1_33.m.de;;33;809;189;207293
wzg.wzg_b2n_006763_mch_a2_134.m.de;;134;848;180;217268
wzg.wzg_96_140345_lin_wta1_105.m.de;;105;37575;46;9619246
aq.aq_94_108895_mch.m.de;;0;36791;7;9418503
wzg.wzg_9_483200_nbg_a3_3.m.de;WZG_AQ_9_483200_Nbg_3;3;3545;198;907718
wzg.wzg_b2n_007815_mch_a1_gv_165.m.de;;165;848;197;217285
wzg.aqq45_sbg_c1_78.m.de;;78;3153;22;807190
wzg.wzg_96_161485_mch_pw4_4.m.de;;4;37524;225;9606369
wzg.wzg99-170-sbg_b3_99.m.de;;99;38705;8;9908488
wzg.wzg92-623-mch_cl1_194.m.de;WWQ_92623;194;36001;32;9216288
wzg.wzg_99_27885_stg_c4_76.m.de;;76;38703;99;9908067
aq.aq9-350-nbg_p.m.de;;0;35277;100;9031012
aq.aq9-600-mch.m.de;;0;35667;178;9130930
wzg.wzg_9_485020_nbg_dlz1_1.m.de;WZG_AQ_9_485020_Nbg_1;1;3546;30;907806
wzg.wzg_96_146011_mch_z131_r_129.m.de;;129;37575;175;9619375
wzg.wzg_9_498180_nbg_a4_4.m.de;WZG_AQ_9_498180_Nbg_4;4;3548;159;908447
wzg.wzg_8_7430_mch_bl1_8.m.de;;8;3149;109;806253
wzg.wzg99-620-stg_b1_65.m.de;;65;38746;35;9919011
wzg.wzgaq115c-pas_b2_66.m.de;;66;36742;204;9406156
wzg.wzg_96_147221_lin_a1_33.m.de;;33;37575;205;9619405
wzg.wzg_b2n_008211_mch_a1_gv_167.m.de;;167;848;205;217293
wzg.cluster_aq92-220-deg_194.m.de;;194;35963;114;9206642
wzg.wzg_9_498030_mch_a1_33.m.de;WZG_AQ_9_498030_Mch_33;33;3587;164;918436
wzg.wzg92-670-mch_a2_34.m.de;;34;36000;75;9216075
wzg.aqb26_mch_b3_99.m.de;;99;3191;253;817149
wzg.wzg_96_140345_lin_lsa1_33.m.de;;33;37575;46;9619246
wzg.wzg9-168-nbg_c1_73.m.de;WZG_AQ9_168_Nbg_73;73;35279;46;9031470
wzg.wzg_96_146350_mch_lsa1_131.m.de;;131;37575;186;9619386
wzg.wzg_9_494840_nbg_b1_65.m.de;WZG_AQ_9_494840_Nbg_65;65;3547;252;908284
wzg.wzg_99_27350_stg_bl2_26.m.de;;26;38703;59;9908027
wzg.wzg_9_500994_nbg_wvlt1_131.m.de;WZG_AQ_9_500994_Nbg_131;131;3549;39;908583
wzg.wzg9-788-mch_b1_98.m.de;WZG_AQ9_788_Mch_98;98;35669;236;9131500
aq.aq_b2n_007022_gap.m.de;;0;809;163;207267
wzg.wzg99-810a-r-stg_c1_133.m.de;;133;38741;14;9917710
wzg.cluster_aq_b2n_007279_mch_cluster_200.m.de;;200;848;188;217276
wzg.aqb23_mch_dlzfs1_56.m.de;;56;3192;39;817191
wzg.wzg_99_4258_sbg_c2_134.m.de;;134;38735;144;9916304
wzg.wzg_99_10220_sbg_c1_105.m.de;;105;38698;69;9906757
wzg.wzg_9_500390_mch_c2_106.m.de;WZG_AQ_9_500390_Mch_106;106;3588;23;918551
wzg.wzg99-072-stg_w1_34.m.de;WWQ_99072_34;34;38701;222;9907678
wzg.cluster_aq99-210-sbg_193.m.de;;193;38705;187;9908667
wzg.aqq39_sbg_b1_70.m.de;;70;3153;6;807174
wzg.wzgaq198a-mch_w1_1.m.de;;1;36782;38;9416230
aq.aq_99_11964_stg.m.de;;0;38737;214;9916886
wzg.wzg_99_26545_stg_bl1_25.m.de;;25;38702;255;9907967
wzg.wzg_9_495750_mch_dlz1_33.m.de;WZG_AQ_9_495750_Mch_33;33;3587;53;918325
wzg.cluster_wta_99_3113_sbg_198.m.de;;198;38735;55;9916215
wzg.wzg_9_495750_mch_wvlt1_163.m.de;WZG_AQ_9_495750_Mch_163;163;3587;53;918325
wzg.wzg9-260-nbg_a3_3.m.de;WZG_AQ9_260_Nbg_3;3;35278;56;9031224
wzg.wzg99-620-stg_c2_74.m.de;;74;38746;35;9919011
wzg.wzg_99_as7_000_sz_bl1_41.m.de;;41;38696;244;9906420
wzg.wzgaq115b-pas_c1_163.m.de;;163;36742;188;9406140
wzg.wzg9-789-mch_w1_37.m.de;;37;35670;16;9131536
wzg.wzg_9_502250_mch_b2_98.m.de;WZG_AQ_9_502250_Mch_98;98;3588;113;918641
wzg.wzg_9_505300_nbg_b3_67.m.de;WZG_AQ_9_505300_Nbg_67;67;3549;249;908793
wzg.wzg9-750-mch_c2_106.m.de;WZG_AQ9_750_Mch_106;106;35669;54;9131318
wzg.wzg9-360-nbg_b1_65.m.de;WZG_AQ9_360_Nbg_65;65;35277;63;9030975
wzg.wzg8-100-mch_w3_36.m.de;AQ8O_100_Mch_36;36;3150;3;806403
aq.aqb29a_mch_h.m.de;;0;3191;193;817089
wzg.wzg9-345-nbg_w1_1.m.de;WWQ_9345_1;1;3541;246;906742
wzg.wzg99-590-stg_b1_65.m.de;;65;38746;105;9919081
wzg.wzgwwq13-pas_wta1_226.m.de;WWQ94_013_Pas_226;226;36742;181;9406133
wzg.wzgfsa09-pas_dlzfs1_10.m.de;;10;36742;151;9406103
wzg.wzg_9_505300_nbg_b2_66.m.de;WZG_AQ_9_505300_Nbg_66;66;3549;249;908793
wzg.cluster_aq_99_3674_sbg_200.m.de;;200;38735;112;9916272
wzg.wzg99-264-sbg_bl1_33.m.de;;33;38707;58;9909050
wzg.aqb12_mch_b2_98.m.de;;98;3192;198;817350
wzg.cluster_aqaq204-mch_193.m.de;;193;36781;251;9416187
wzg.cluster_aq_94_109324_mch_195.m.de;;195;36752;0;9408512
aq.aq99-079b-l-sbg.m.de;;0;38702;66;9907778
wzg.wzg_99_9140_sbg_c1_105.m.de;;105;38697;244;9906676
wzg.wzgaq118-pas_a1_2.m.de;;2;36743;34;9406242
wzg.wzg9-730-mch_c1_105.m.de;WZG_AQ9_730_Mch_105;105;35669;7;9131271
wzg.wzg99-210-sbg_dlz1_56.m.de;;56;38705;187;9908667
wzg.wzg99-635-stg_w16_17.m.de;AQ99-635-Stg_17;17;38745;213;9918933
wzg.aq_a7_956_719_fue_a2_162.m.de;;162;2811;159;719775
wzg.wzg9-345-nbg_w5_5.m.de;WWQ_9345_5;5;3541;246;906742
wzg.wwq_9_akneuf_0840_af_cl1_193.m.de;WWQ_9601;193;3590;99;919139
wzg.wzg_b2n_007279_mch_b2_136.m.de;;136;848;188;217276
wzg.wzg_99_18185_stg_wta1_233.m.de;WWQ_99.X2_233;233;38739;165;9917349
wzg.wzgfsa09-pas_dlzfs2_11.m.de;;11;36742;151;9406103
wzg.wzg_b2n_007633_gap_dlz2_50.m.de;;50;809;172;207276
wzg.wzg_99_29595_sbg_b3_99.m.de;;99;38703;223;9908191
wzg.wzg_92_eost_0225_xz_w1_34.m.de;;34;36001;161;9216417
wzg.wzg_99_10586_stg_b2_168.m.de;;168;38737;126;9916798
wzg.wzg9-330-nbg_b1_132.m.de;WZG_AQ9_330_Nbg_132;132;35277;142;9031054
wzg.wzg_96_162376_mch_pw1_1.m.de;;1;37524;230;9606374
wzg.aq_a7_961_045_fue_a2_42.m.de;;42;2812;28;719900
aq.aq_99_ak8_530_be.m.de;;0;38697;57;9906489
wzg.wzg_b2n_008067_mch_led2_gv_161.m.de;;161;848;197;217285
wzg.cluster_aq_9_510320_mch_193.m.de;AQ_AQ_9_510320_Mch_193;193;3589;251;919035
wzg.wzg_b2n_008905_gap_dlz2_34.m.de;;34;809;192;207296
wzg.wzg_b17_780_0820_lbg_a2_34.m.de;;34;6665;152;1706392
wzg.wzg99-650-stg_w13_14.m.de;AQ99-650-Stg_14;14;38745;163;9918883
aq.aq_9_491350_mch.m.de;;0;3586;95;918111
wzg.cluster_wwq_a7_944_025_fue_193.m.de;;193;2810;24;719384
wzg.wzg92-470-mch_c1_105.m.de;;105;36002;250;9216762
wzg.wzgaq118-pas_b1_66.m.de;;66;36743;34;9406242
wzg.wzg_b2n_007492_gap_lsa1_163.m.de;;163;809;172;207276
wzg.aq_a7_959_720_ulm_b1_65.m.de;;65;2772;237;709869
wzg.wzg_8_5050_stg_b1_97.m.de;;97;3144;229;805093
aq.aq_99_10835_stg.m.de;;0;38737;126;9916798
wzg.wzg_99_32050_stg_b4_68.m.de;;68;38704;152;9908376
wzg.aqq45_sbg_c4_75.m.de;;75;3153;22;807190
wzg.wzg_96_154250_lin_dlz4_gv_145.m.de;;145;37576;102;9619558
wzg.wzg_9_500390_mch_dlz1_41.m.de;WZG_AQ_9_500390_Mch_41;41;3588;23;918551
wzg.wzg_96_147630_lin_b1_97.m.de;;97;37575;214;9619414
aq.aq_b2n_006400_gap.m.de;;0;809;156;207260
wzg.aqb13_mch_b1_97.m.de;;97;3192;183;817335
wzg.aqb24_mch_dlzfs1_56.m.de;;56;3192;22;817174
wzg.wzg_99_27814_sbg_d1_56.m.de;;56;38742;107;9918059
wzg.wzg99-190-sbg_c3_107.m.de;;107;38705;92;9908572
wzg.wzgaq11-pas_b1_66.m.de;;66;36742;86;9406038
wzg.wzg_9_499330_nbg_a3_3.m.de;WZG_AQ_9_499330_Nbg_3;3;3548;214;908502
wzg.cluster_aq_9_492226_mch_193.m.de;AQ_AQ_9_492226_Mch_193;193;3586;138;918154
wzg.wzg_9_511350_mch_w4_228.m.de;WWQ_9586_228;228;3590;46;919086
wzg.wzg_92_eost_0225_xz_w4_37.m.de;;37;36001;161;9216417
wzg.cluster_aq_b2n_005695_gap_abb_cluster_193.m.de;;193;809;145;207249
aq.aq_99_2018_lin.m.de;;0;38695;232;9906152
wzg.wzg_96_145638_lin_b1_102.m.de;;102;37575;168;9619368
wzg.wzg_92_akneuf_1454_um_bl1_33.m.de;WWQ_92_AK_Neuf_1454_UM_33;33;36001;147;9216403
wzg.wzg_b17_760_0480_aug_a2_2.m.de;;2;6704;245;1716469
wzg.wzg_96_147369_lin_a1_33.m.de;;33;37575;208;9619408
wzg.wzg_9_487755_nbg_c3_75.m.de;WZG_AQ_9_487755_Nbg_75;75;3546;163;907939
wzg.wzg_9_483013_nbg_w3_227.m.de;;227;3545;187;907707
wzg.wzg_96_160143_lin_dlz1_177.m.de;;177;37576;246;9619702
wzg.wzg_8_3050_stg_a2_34.m.de;;34;3144;192;805056
wzg.aqq235_sbg_b1_65.m.de;;65;3160;242;809202
wzg.wzg9-650-mch_c3_107.m.de;WZG_AQ9_650_Mch_107;107;35668;62;9131070
wzg.wzg9-310-nbg_b1_65.m.de;WZG_AQ9_310_Nbg_65;65;35277;164;9031076
wzg.wzg_99_4258_sbg_a2_130.m.de;;130;38735;144;9916304
wzg.wzg_9_491350_mch_b3_99.m.de;WZG_AQ_9_491350_Mch_99;99;3586;95;918111
wzg.wzg_9_493840_nbg_wvlt1_131.m.de;WZG_AQ_9_493840_Nbg_131;131;3547;203;908235
wzg.cluster_wwq_96_171584_mch_194.m.de;;194;37538;239;9609967
wzg.wzg_b2n_006903_mch_lsa_gv_163.m.de;;163;848;180;217268
aq.aqb12_mch_h.m.de;;0;3192;198;817350
wzg.cluster_aqq34_sbg_h_193.m.de;;193;3152;215;807127
wzg.cluster_aq92-690-mch_193.m.de;;193;36000;38;9216038
wzg.wzg92-260-deg_a1_1.m.de;;1;35963;179;9206707
wzg.wzg_99a_104300_stg_a1_7.m.de;;7;38737;39;9916711
wzg.wzgwwq11-pas_wta2_226.m.de;WWQ94_011_Pas_226;226;36742;145;9406097
wzg.wzg_b2n_006459_mch_led1_gv_129.m.de;;129;848;173;217261
wzg.aqq237_mch_b1_97.m.de;;97;3161;37;809253
wzg.wzg_99_27350_stg_pw2_137.m.de;;137;38703;59;9908027
wzg.cluster_aq92-572a-mch_193.m.de;WWQ_92572a;193;36001;218;9216474
wzg.wzg_b2n_006170_gap_b1_gv_137.m.de;;137;809;150;207254
aq.wta_99_5357_lin.m.de;;0;38696;230;9906406
wzg.wzg9-168-nbg_b1_65.m.de;WZG_AQ9_168_Nbg_65;65;35279;46;9031470
wzg.aqb27_mch_a1_33.m.de;;33;3191;236;817132
wzg.wzgaq07-mch_rgr_161.m.de;;161;36781;173;9416109
wzg.wzg99-152-sbg_w3_37.m.de;AQ99-152-Sbg_37;37;38704;198;9908422
wzg.wzg99-050-sbg_c1_105.m.de;;105;38700;242;9907442
wzg.cluster_aqb12_mch_h_193.m.de;;193;3192;198;817350
wzg.wzg_99_5125_sbg_dlz2_8.m.de;;8;38735;225;9916385
wzg.cluster_aq_b471_24958_dah_193.m.de;;193;40902;112;10471024
wzg.wzg99-056-sbg_bl1_33.m.de;WWQ_99056_33;33;38701;24;9907480
wzg.wzg8-100-mch_w8_41.m.de;AQ8O_100_Mch_41;41;3150;3;806403
wzg.wzg_99_32515_stg_pw1_162.m.de;;162;38704;152;9908376
wzg.cluster_aq_99_2949_lin_193.m.de;;193;38696;45;9906221
wzg.wzg_9_511350_mch_w11_235.m.de;WWQ_9586_235;235;3590;46;919086
wzg.wzg_99a_103808_mch_a1_33.m.de;;33;38748;229;9919717
wzg.wzgwwq114-pas_w6_6.m.de;;6;36742;192;9406144
wzg.wzg_9_484470_nbg_a3_3.m.de;WZG_AQ_9_484470_Nbg_3;3;3546;3;907779
wzg.wzg92-588-mch_w10_43.m.de;WWQ_92588_43;43;36001;173;9216429
wzg.wzg8-120-mch_wta3_44.m.de;AQ8O_120_Mch_44;44;3149;218;806362
wzg.wzg_b2n_005952_mch_dlz3_11.m.de;;11;848;166;217254
wzg.wzg_99_2927_sbg_a2_2.m.de;;2;38735;55;9916215
wzg.wzg_8_3050_stg_b1_97.m.de;;97;3144;192;805056
wzg.cluster_aq92-470-mch_193.m.de;;193;36002;250;9216762
wzg.wwq_a7_959_514_fue_pw5_37.m.de;;37;2811;245;719861
wzg.wzg_96_140645_lin_c1_105.m.de;;105;37575;53;9619253
wzg.wzg_8_10000_stg_b2_98.m.de;;98;3145;64;805184
wzg.cluster_aq_99_26020_sbg_193.m.de;;193;38741;229;9917925
wzg.wzg99-170-sbg_c2_106.m.de;;106;38705;8;9908488
wzg.wzg99-q9_sbg_b3_99.m.de;;99;38738;18;9916946
wzg.wzg_9_488800_mch_c3_107.m.de;WZG_AQ_9_488800_Mch_107;107;3585;227;917987
aq.aq92-460-mch.m.de;;0;36003;46;9216814
wzg.wzg_99_27885_stg_b3_67.m.de;;67;38703;99;9908067
wzg.wzg9-670-mch_a2_34.m.de;WZG_AQ9_670_Mch_34;34;35668;116;9131124
aq.aq_b2n_008211_mch.m.de;;0;848;205;217293
aq.aq_96_147050_lin.m.de;;0;37575;201;9619401
wzg.cluster_aqq36_sbg_h_193.m.de;;193;3152;241;807153
wzg.wzg99-811-stg_b3_67.m.de;;67;38740;193;9917633
wzg.wzg_96_as33_gil_065_lsa1_163.m.de;;163;37562;133;9616005
wzg.wzg9-730-mch_a1_33.m.de;WZG_AQ9_730_Mch_33;33;35669;7;9131271
wzg.wzg_b2n_008144_gap_dlz1_gv_9.m.de;;9;809;181;207285
aq.aq_99_10991_sbg.m.de;;0;38698;110;9906798
wzg.aqb23_mch_pw1_161.m.de;;161;3192;39;817191
wzg.wzg_99_10812_sbg_a1_133.m.de;;133;38698;110;9906798
wzg.aqq44_sbg_pw1_129.m.de;;129;3153;19;807187
wzg.wzg_b2n_006277_mch_dlz1_17.m.de;;17;848;173;217261
wzg.wzg_99_26825_stg_a5_5.m.de;;5;38703;21;9907989
wzg.wzg92-588-mch_w8_41.m.de;WWQ_92588_41;41;36001;173;9216429
wzg.aqq218_mch_c1_171.m.de;;171;3160;78;809038
wzg.cluster_aq_99_as5_220_em_194.m.de;;194;38734;174;9916078
wzg.wzg_96_155060_lin_z131_z501_bl_l_166.m.de;;166;37576;130;9619586
wzg.wzg_b2n_008880_gap_b2_gv_132.m.de;;132;809;192;207296
wzg.wzg99-732-stg_c1_131.m.de;;131;38743;227;9918435
wzg.wzg9-210-nbg_b2_66.m.de;WZG_AQ9_210_Nbg_66;66;35278;174;9031342
wzg.aqq44_sbg_dlz1_7.m.de;;7;3153;19;807187
wzg.wzg_9_504520_mch_c1_105.m.de;WZG_AQ_9_504520_Mch_105;105;3588;226;918754
wzg.wzg99-650-stg_w16_17.m.de;AQ99-650-Stg_17;17;38745;163;9918883
aq.aq_b310_9_717_fue_b310.m.de;;0;2773;4;709892
aq.wwq_9_483013_nbg.m.de;;0;3545;187;907707
wzg.aqq34_sbg_dlz1_7.m.de;;7;3152;215;807127
aq.aq_b2n_006646_gap.m.de;;0;809;163;207267
wzg.wzg_b2n_008211_mch_a2_136.m.de;;136;848;205;217293
wzg.wzg99-150-sbg_a3_35.m.de;;35;38704;181;9908405
wzg.wzg_9_490310_nbg_c3_75.m.de;WZG_AQ_9_490310_Nbg_75;75;3547;32;908064
aq.aq_96_171210_mch.m.de;;0;37538;230;9609958
wzg.dlz_96_146600_lin_dlz1_41.m.de;;41;37575;187;9619387
wzg.wzg_99_11515_sbg_c2_106.m.de;;106;38698;163;9906851
wzg.wzg_b2n_008757_mch_dlz1_9.m.de;;9;848;208;217296
wzg.wzg99520_stg_c1_73.m.de;;73;38749;135;9919879
wzg.aq_a7_956_569_fue_c1_105.m.de;;105;2811;154;719770
wzg.wzg_9_484325_mch_b1_97.m.de;WZG_AQ_9_484325_Mch_97;97;3585;9;917769
wzg.wzg_99_730_sbg_a3_3.m.de;;3;38734;146;9916050
wzg.wzg_b2n_005800_gap_lsa_r_33.m.de;;33;809;147;207251
aq.aq_96_139729_mch.m.de;;0;37575;35;9619235
wzg.wzg99-060-sbg_a1_33.m.de;;33;38701;108;9907564
wzg.wzg9-740-mch_w11_46.m.de;WWQ_9740_46;46;35669;28;9131292
wzg.wzg_b2n_008880_gap_b1_163.m.de;;163;809;192;207296
wzg.wzg92-250-mch_a1_1.m.de;;1;36002;158;9216670
wzg.wzg_99_11600_stg_a3_3.m.de;;3;38737;188;9916860
aq.aq_9_502505_nbg.m.de;;0;3549;113;908657
wzg.wzgwwq04-mch_wta4_229.m.de;WWQ94_004_Mch_229;229;36781;182;9416118
wzg.hs_99a_104518_mch_hs2_172.m.de;;172;38748;252;9919740
wzg.wzg9-805-mch_bl1_3.m.de;;3;3578;202;916170
wzg.wzg_b17_780_0820_lbg_c1_105.m.de;;105;6665;152;1706392
aq.aqwwq07-pas.m.de;;0;36742;111;9406063
wzg.wzg_92_3720_mch_bl1_232.m.de;WWQ_92372_232;232;36000;112;9216112
wzg.wzg99-063-stg_w8_41.m.de;WWQ_99063_41;41;38701;165;9907621
wzg.aq_a7_956_909_fue_a1_33.m.de;;33;2811;159;719775
wzg.wzg_96_145861_mch_z131_l_130.m.de;;130;37575;172;9619372
wzg.aqq269_sbg_a1_1.m.de;;1;3163;51;809779
wzg.aq_94_108895_mch_bl1_121.m.de;;121;36791;7;9418503
wzg.wzg99-145-sbg_w1_33.m.de;AQ99-145-Sbg_33;33;38704;155;9908379
wzg.aqq213_sbg_b1_65.m.de;;65;3160;47;809007
aq.aq9-870-mch.m.de;;0;35670;243;9131763
wzg.wzg99-210-sbg_b1_97.m.de;;97;38705;187;9908667
wzg.cluster_aq99-585-stg_194.m.de;;194;38746;211;9919187
wzg.wzg_96_153990_lin_dlz2_41.m.de;;41;37576;102;9619558
wzg.wzg_9_488800_mch_c2_106.m.de;WZG_AQ_9_488800_Mch_106;106;3585;227;917987
wzg.cluster_aq_9_485020_nbg_194.m.de;AQ_AQ_9_485020_Nbg_194;194;3546;30;907806
wzg.wzg9-140-nbg_w2_3.m.de;WWQ_9140_3;3;35279;203;9031627
wzg.wzg_96_145638_lin_c1_110.m.de;;110;37575;168;9619368
wzg.aqb25_mch_c2_106.m.de;;106;3192;8;817160
wzg.wzg_9_483200_nbg_a4_4.m.de;WZG_AQ_9_483200_Nbg_4;4;3545;198;907718
wzg.wzg9-782-mch_b2_98.m.de;WZG_AQ9_782_Mch_98;98;35669;175;9131439
wzg.wzg_8_7100_stg_c1_105.m.de;;105;3145;10;805130
wzg.wzg_b2n_006337_mch_a2_134.m.de;;134;848;173;217261
wzg.cluster_aq_96_159167_lin_195.m.de;;195;37576;227;9619683
wzg.cluster_aq99-248-sbg_194.m.de;;194;38706;71;9908807
wzg.wzg_96_154790_lin_a1_33.m.de;;33;37576;124;9619580
wzg.aqq45c_sbg_w5_5.m.de;;5;3153;29;807197
wzg.wzg99-058-sbg_w1_34.m.de;WWQ_99058_34;34;38701;60;9907516
wzg.wzg9-790-mch_c3_107.m.de;WZG_AQ9_790_Mch_107;107;35670;25;9131545
aq.aqq239_sbg_h.m.de;;0;3161;85;809301
wzg.wzg_96_153725_lin_lsa2_gv_130.m.de;;130;37576;102;9619558
wzg.lsa_99_11441_stg_lsa1_161.m.de;;161;38737;126;9916798
wzg.aqq263_mch_a1_162.m.de;;162;3202;0;819712
wzg.wzg99-730-stg_c1_73.m.de;;73;38744;16;9918480
wzg.wzgaq01-mch_b1_97.m.de;;97;36782;84;9416276
wzg.lsa_99_3113_sbg_lsa1_4.m.de;;4;38735;55;9916215
wzg.portal_a7_961_170_fue_sr2_47.m.de;;47;2812;47;719919
wzg.wzg_99_26545_stg_pw5_135.m.de;;135;38702;255;9907967
wzg.cluster_wwq_a7_961_121_ulm_194.m.de;;194;2773;24;709912
wzg.wzg_b2n_006459_mch_lsa2_132.m.de;;132;848;173;217261
wzg.wzg_99a_102700_stg_a2_2.m.de;;2;38709;177;9909681
wzg.wzg92-570-mch_a3_35.m.de;;35;36001;253;9216509
wzg.wzgaq11-pas_rgr_129.m.de;;129;36742;86;9406038
wzg.wzg_9_496600_mch_a2_34.m.de;WZG_AQ_9_496600_Mch_34;34;3587;95;918367
wzg.wzg_9_akneuf_0638_hl_a1_161.m.de;;161;35667;208;9130960
wzg.wzg_96_171060_mch_pw5_5.m.de;;5;37538;227;9609955
wzg.wwq_9_511350_mch_cl1_193.m.de;WWQ_9586;193;3590;46;919086
aq.aqq33_sbg_h.m.de;;0;3152;212;807124
wzg.wzg_99_4258_sbg_a1_129.m.de;;129;38735;144;9916304
wzg.aqq235_sbg_a1_1.m.de;;1;3160;242;809202
wzg.wzg92-180-deg_b1_65.m.de;;65;35963;73;9206601
wzg.wzg_9_493840_nbg_b3_67.m.de;WZG_AQ_9_493840_Nbg_67;67;3547;203;908235
wzg.cluster_aqq261_mch_h_194.m.de;;194;3162;202;809674
wzg.wzg99-640-stg_c2_74.m.de;;74;38745;195;9918915
wzg.wzg_9_484470_nbg_a1_1.m.de;WZG_AQ_9_484470_Nbg_1;1;3546;3;907779
wzg.wzg9-786-mch_a2_34.m.de;WZG_AQ9_786_Mch_34;34;35669;236;9131500
wzg.wzg_96_159167_lin_lsa2_gv_130.m.de;;130;37576;227;9619683
wzg.wzg_b2n_007279_mch_dlz1_19.m.de;;19;848;188;217276
wzg.wwq_a7_943_520_fue_pw2_34.m.de;;34;2810;8;719368
wzg.aqb11_mch_c2_106.m.de;;106;3192;207;817359
aq.aq92-590-mch_p.m.de;;0;36001;165;9216421
wzg.wzg9-310-nbg_a3_3.m.de;WZG_AQ9_310_Nbg_3;3;35277;164;9031076
aq.wwq_a7_960_085_fue.m.de;;0;2812;6;719878
wzg.cluster_aq_9_499330_nbg_194.m.de;AQ_AQ_9_499330_Nbg_194;194;3548;214;908502
wzg.wzg_99_25600_stg_pw6_130.m.de;;130;38702;184;9907896
wzg.cluster_aq99-820-stg_194.m.de;;194;38740;90;9917530
wzg.wzg_99_11515_sbg_a2_34.m.de;;34;38698;163;9906851
wzg.wzg_b2n_006070_gap_led1_gv_165.m.de;;165;809;150;207254
wzg.wzg92-540-mch_b1_97.m.de;;97;36002;90;9216602
wzg.wzg99-230-sbg_w2_34.m.de;AQ99-230-Sbg_34;34;38706;8;9908744
wzg.wzg92-140-deg_a1_129.m.de;;129;35962;147;9206419
wzg.wzg_9_496600_mch_c3_107.m.de;WZG_AQ_9_496600_Mch_107;107;3587;95;918367
wzg.aq_a7_962_044_ulm_b1_131.m.de;;131;2812;62;719934
wzg.wzg99-830-stg_a2_2.m.de;;2;38739;236;9917420
wzg.cluster_aq99-058-sbg_193.m.de;WWQ_99058;193;38701;60;9907516
wzg.cluster_aq99-153-sbg_197.m.de;;197;38704;229;9908453
wzg.aqq37_sbg_b3_66.m.de;;66;3152;248;807160
wzg.wzg99-730-stg_c2_74.m.de;;74;38744;16;9918480
wzg.wzg_96_as33_0160_tz_blinker_57.m.de;;57;37562;132;9616004
wzg.cluster_lsa_99_5357_lin_195.m.de;;195;38696;230;9906406
wzg.wzgaq115a-pas_a1_2.m.de;;2;36742;188;9406140
wzg.wzg_99_12270_stg_c4_l_132.m.de;;132;38737;237;9916909
aq.wwq_96_170371_mch.m.de;;0;37538;211;9609939
wzg.wzg_9_498180_nbg_b1_65.m.de;WZG_AQ_9_498180_Nbg_65;65;3548;159;908447
wzg.wzg99-580-stg_c2_74.m.de;;74;38746;230;9919206
wzg.wzgaq195-mch_w4_4.m.de;;4;36782;46;9416238
wzg.wzg_95_1990_mch_pw2_2.m.de;;2;37133;32;9506080
aq.aqaq195-mch.m.de;;0;36782;46;9416238
wzg.wzg9-135-nbg_a1_3.m.de;WZG_AQ9_135_Nbg_3;3;35279;126;9031550
wzg.cluster_aq_94_108794_mch_193.m.de;;193;36791;4;9418500
wzg.wzgaq06-mch_rgl_162.m.de;;162;36781;192;9416128
wzg.wzg99-620-stg_b3_67.m.de;;67;38746;35;9919011
wzg.wzg_99_as7_150_sz_d1_48.m.de;;48;38696;244;9906420
wzg.wzg9-760-mch_w15_50.m.de;WWQ_9760_50;50;35669;66;9131330
aq.aqwwq09-pas.m.de;;0;36742;131;9406083
wzg.wzg99-300-sbg_c2_106.m.de;;106;38708;216;9909464
wzg.aqb20_mch_a1_33.m.de;;33;3192;76;817228
aq.wwq_9_491125_nbg.m.de;;0;3547;76;908108
wzg.wzg_99_29220_stg_c3_75.m.de;;75;38742;221;9918173
wzg.cluster_aq_a7_956_909_fue_195.m.de;;195;2811;159;719775
wzg.aqq271_sbg_a1_1.m.de;;1;3163;81;809809
wzg.wzg_b2n_008848_mch_a2_132.m.de;;132;848;208;217296
aq.aq9-782-mch.m.de;;0;35669;175;9131439
aq.aqq215_mch_h.m.de;;0;3199;66;819010
wzg.aqq83_sbg_b2_66.m.de;;66;3153;183;807351
wzg.wzg_9_493593_mch_c1_105.m.de;WZG_AQ_9_493593_Mch_105;105;3586;206;918222
wzg.wzgaq10-mch_a2_35.m.de;;35;36781;110;9416046
wzg.aqq283_sbg_b1_65.m.de;;65;3163;170;809898
aq.aq8-100-mch.m.de;;0;3150;3;806403
wzg.wzg_9_484470_nbg_b2_66.m.de;WZG_AQ_9_484470_Nbg_66;66;3546;3;907779
wzg.wzg_b2n_007213_gap_a1_gv_141.m.de;;141;809;163;207267
aq.aq99-810a-r-stg.m.de;;0;38741;14;9917710
wzg.aqb28_mch_a2_34.m.de;;34;3191;220;817116
wzg.wzg_9_486950_mch_b2_98.m.de;WZG_AQ_9_486950_Mch_98;98;3585;137;917897
wzg.aqq283_sbg_c1_73.m.de;;73;3163;170;809898
wzg.aqq73_sbg_b1_65.m.de;;65;3153;148;807316
wzg.wzg_9_511090_nbg_c1_73.m.de;WZG_AQ_9_511090_Nbg_73;73;3551;19;909075
wzg.wzg_96_146848_mch_dlz2_gv_50.m.de;;50;37575;186;9619386
wzg.wzg_96_155360_lin_b1_97.m.de;;97;37576;137;9619593
wzg.cluster_aqq237_sbg_h_193.m.de;;193;3161;37;809253
wzg.cluster_aq9-180-nbg_194.m.de;AQ_AQ9_180_Nbg_194;194;35278;208;9031376
aq.aq_99_4052_lin.m.de;;0;38696;128;9906304
wzg.wzg_99_25377_sbg_a2_34.m.de;;34;38741;183;9917879
wzg.wzg_b2n_006965_mch_led2_gv_161.m.de;;161;848;180;217268
wzg.wzg8-140-mch_bl1_33.m.de;AQ8O_140_Mch_33;33;3149;180;806324
wzg.wzg_96_146350_lin_lsa2_gv_130.m.de;;130;37575;187;9619387
wzg.aq_a7_957_493_fue_a1_161.m.de;;161;2772;179;709811
wzg.wzg_96_161485_mch_sgmcl_194.m.de;;194;37524;225;9606369
wzg.wzg9-280-nbg_a3_3.m.de;WZG_AQ9_280_Nbg_3;3;35277;238;9031150
wzg.wzg9-308-nbg_w3_3.m.de;WWQ_9308_3;3;3541;180;906676
wzg.wzg99-530-stg_c2_74.m.de;;74;38749;8;9919752
wzg.wzg92-290-deg_b1_65.m.de;;65;35963;224;9206752
wzg.wzg_9_akmno_0720_ps_b1_161.m.de;;161;3553;126;909694
aq.aqaq115c-pas.m.de;;0;36742;204;9406156
wzg.wzg_99_4616_lin_b1_163.m.de;;163;38696;209;9906385
wzg.wzg_9_493593_mch_b2_98.m.de;WZG_AQ_9_493593_Mch_98;98;3586;206;918222
wzg.aqq45_sbg_b4_67.m.de;;67;3153;22;807190
wzg.wzg_96_162645_mch_pw11_11.m.de;;11;37524;186;9606330
wzg.wzg_99_10170_lin_c1_75.m.de;;75;38737;82;9916754
wzg.aq_94_108999_mch_bl1_121.m.de;;121;36791;9;9418505
aq.aq_b2n_006206_gap.m.de;;0;809;150;207254
wzg.cluster_aqzfr02-pas_194.m.de;;194;36742;170;9406122
wzg.wzg99-630-stg_w13_14.m.de;AQ99-630-Stg_14;14;38746;20;9918996
wzg.wzg_b2n_006267_mch_lsa_l_170.m.de;;170;848;173;217261
wzg.cluster_aqb22a_mch_h_193.m.de;;193;3192;42;817194
wzg.wzg_99_31800_sbg_b4_100.m.de;;100;38743;144;9918352
wzg.cluster_aqwwq07-pas_194.m.de;WWQ94_007_Pas;194;36742;111;9406063
wzg.wzg92-630-mch_c1_105.m.de;;105;36001;9;9216265
wzg.wzg99-670-stg_w6_7.m.de;AQ99-670-Stg_7;7;38745;132;9918852
wzg.wzg_8_3050_stg_a1_33.m.de;;33;3144;192;805056
wzg.wzg_99_24425_stg_wta2_2.m.de;;2;38702;97;9907809
wzg.wzg_96_155060_lin_z131_z501_b_l_162.m.de;;162;37576;130;9619586
wzg.cluster_aq_9_496895_nbg_194.m.de;AQ_AQ_9_496895_Nbg_194;194;3548;96;908384
wzg.wzg_9_491350_mch_a2_34.m.de;WZG_AQ_9_491350_Mch_34;34;3586;95;918111
wzg.cluster_wwq_9_483970_nbg_194.m.de;;194;3545;235;907755
wzg.cluster_aq92-100-deg_194.m.de;;194;35962;83;9206355
wzg.wzg92-590-mch_a2_36.m.de;;36;36001;165;9216421
wzg.cluster_aq_b2n_005440_gap_cluster_193.m.de;;193;809;141;207245
wzg.aqb22_mch_a3_35.m.de;;35;3192;52;817204
wzg.wzg_b2n_007815_mch_b1_gv_167.m.de;;167;848;197;217285
wzg.wzgfsa06-pas_dlzfs3_11.m.de;;11;36742;131;9406083
aq.aq_a7_956_569_fue.m.de;;0;2811;154;719770
wzg.wzg99-730-stg_a3_3.m.de;;3;38744;16;9918480
aq.aq_96_160143_lin.m.de;;0;37576;246;9619702
wzg.wzg_9_511805_mch_w11_236.m.de;WWQ_9590_236;236;3590;68;919108
wzg.wzg99-9-b10-stg_c1_73.m.de;;73;38741;146;9917842
wzg.wzg_9_490310_nbg_wvlt1_131.m.de;WZG_AQ_9_490310_Nbg_131;131;3547;32;908064
wzg.wzg9-240-nbg_a4_4.m.de;WZG_AQ9_240_Nbg_4;4;35278;119;9031287
wzg.wzg_96_155060_lin_c1_105.m.de;;105;37576;130;9619586
wzg.wzgaq204-mch_b1_97.m.de;;97;36781;251;9416187
aq.aq_b2n_004420_gap.m.de;;0;809;126;207230
wzg.wzgzfr02-pas_w1_1.m.de;;1;36742;170;9406122
aq.aq_9_495750_mch.m.de;;0;3587;53;918325
wzg.wzg_99_5446_lin_a3_35.m.de;;35;38696;230;9906406
wzg.wzg_9_493593_mch_a1_33.m.de;WZG_AQ_9_493593_Mch_33;33;3586;206;918222
wzg.dlz_96_147050_mch_dlz2_gv_42.m.de;;42;37575;201;9619401
wzg.aqq79_sbg_b1_65.m.de;;65;3153;171;807339
wzg.aq_st2007_19_195_fue_st2007_pw1_161.m.de;;161;2810;37;719397
wzg.wzgwwq11-pas_wta3_227.m.de;WWQ94_011_Pas_227;227;36742;145;9406097
wzg.wzg_9_506950_nbg_a3_3.m.de;WZG_AQ_9_506950_Nbg_3;3;3550;73;908873
wzg.wzg99-650-stg_w18_19.m.de;AQ99-650-Stg_19;19;38745;163;9918883
wzg.wzg_99_29220_stg_a5_5.m.de;;5;38742;221;9918173
wzg.wzg9-730-mch_b3_99.m.de;WZG_AQ9_730_Mch_99;99;35669;7;9131271
wzg.wzg92-290-deg_a1_1.m.de;;1;35963;224;9206752
wzg.wzg99-300-sbg_b2_98.m.de;;98;38708;216;9909464
wzg.wzg9-361-nbg_a1_1.m.de;;1;35277;64;9030976
wzg.cluster_aq_9_506950_nbg_194.m.de;AQ_AQ_9_506950_Nbg_194;194;3550;73;908873
wzg.wzg_96_161485_mch_pw7_7.m.de;;7;37524;225;9606369
wzg.wzg99-q7_sbg_b2_98.m.de;;98;38737;219;9916891
wzg.aqq218_mch_a1_161.m.de;;161;3160;78;809038
wzg.wzg9-750-mch_a1_33.m.de;WZG_AQ9_750_Mch_33;33;35669;54;9131318
aq.aqq203_mch_h.m.de;;0;3198;149;818837
wzg.cluster_aq_99_25381_stg_194.m.de;;194;38702;168;9907880
aq.aq92-120-deg.m.de;;0;35962;124;9206396
aq.aq_b2n_006187_mch.m.de;;0;848;173;217261
wzg.wzg9-700-mch_w3_36.m.de;WWQ_9700_36;36;35668;192;9131200
aq.aq_96_147369_lin.m.de;;0;37575;208;9619408
wzg.wzg9-788-mch_a3_37.m.de;WZG_AQ9_788_Mch_37;37;35669;236;9131500
wzg.wzg_b17_740_2270_aug_b1_65.m.de;;65;6705;34;1716514
aq.aqq27_sbg_h.m.de;;0;3152;173;807085
aq.aq_96_139252_mch.m.de;;0;37575;19;9619219
wzg.wzg99500_stg_a2_2.m.de;;2;38749;249;9919993
wzg.wzg9-860-mch_w4_37.m.de;;37;35670;217;9131737
wzg.wzg_92_eost_0033_xz_w3_36.m.de;;36;36001;164;9216420
wzg.wzg_9_akneuf_0840_af_w2_227.m.de;WWQ_9601_227;227;3590;99;919139
wzg.aqq87_sbg_a1_1.m.de;;1;3153;198;807366
wzg.cluster_aq_99_as10_0240_tz_194.m.de;;194;38738;17;9916945
aq.aq_94_110384_pas.m.de;;0;36752;26;9408538
wzg.wzgwwq202-mch_wta3_228.m.de;WWQ94_202_Mch_228;228;36781;216;9416152
wzg.aqb14_mch_a3_35.m.de;;35;3192;173;817325
wzg.wzg_99_924_lin_c2_106.m.de;;106;38695;149;9906069
wzg.wzg99-072-stg_w3_36.m.de;WWQ_99072_36;36;38701;222;9907678
wzg.wzg_b2n_008750_gap_dlz2_gv_18.m.de;;18;809;189;207293
aq.aq92-270-deg.m.de;;0;35963;196;9206724
wzg.wzg99-050-sbg_a1_33.m.de;;33;38700;242;9907442
wzg.cluster_aq_a7_947_495_fue_193.m.de;;193;2810;131;719491
wzg.cluster_aq_96_140129_mch_198.m.de;;198;37575;35;9619235
wzg.wzg99-030-sbg_a3_35.m.de;;35;38700;60;9907260
wzg.wzg99-250-sbg_w2_39.m.de;;39;38706;131;9908867
wzg.wzg_b2n_007213_gap_b2_177.m.de;;177;809;163;207267
wzg.wzg_b2n_005695_gap_z131_l_162.m.de;;162;809;145;207249
wzg.wzg99-250-sbg_b1_97.m.de;;97;38706;131;9908867
wzg.wzg_92_eost_0033_xz_w2_35.m.de;;35;36001;164;9216420
wzg.wzg99500_stg_b1_65.m.de;;65;38749;249;9919993
wzg.cluster_aq92-550-mch_193.m.de;;193;36002;43;9216555
wzg.aqb27c_mch_w1_167.m.de;;167;3191;226;817122
wzg.wzg99-160-sbg_w3_35.m.de;AQ99-160-Sbg_35;35;38704;249;9908473
wzg.aq_a7_959_720_fue_c1_105.m.de;;105;2772;238;709870
wzg.wzg_99_9800_sbg_a2_34.m.de;;34;38698;36;9906724
aq.aq_b2n_008905_gap.m.de;;0;809;192;207296
wzg.wzg_99a_103808_mch_c2_r_163.m.de;;163;38748;229;9919717
wzg.wta_96_143377_mch_wta1_7.m.de;;7;37575;112;9619312
wzg.wzg_96_143948_mch_c1_bag_81.m.de;;81;37575;127;9619327
wzg.cluster_aq92-610-mch_p_193.m.de;;193;36001;119;9216375
aq.aq_9_509515_nbg.m.de;;0;3550;199;908999
wzg.wzg99-170-sbg_a4_36.m.de;;36;38705;8;9908488
wzg.wzg_99_31800_sbg_a3_35.m.de;;35;38743;144;9918352
wzg.wzg9-240-nbg_b3_67.m.de;WZG_AQ9_240_Nbg_67;67;35278;119;9031287
wzg.wzg_9_511090_nbg_wvlt1_131.m.de;WZG_AQ_9_511090_Nbg_131;131;3551;19;909075
aq.aq_96_146145_mch.m.de;;0;37575;178;9619378
wzg.wzgaq115c-pas_a3_3.m.de;;3;36742;204;9406156
wzg.cluster_aq_96_144149_mch_194.m.de;;194;37575;133;9619333
wzg.wzg99-180-sbg_w1_33.m.de;AQ99-180-Sbg_33;33;38705;28;9908508
wzg.wzgfsa02-mch_dlzfs1_41.m.de;;41;36781;187;9416123
wzg.wzg9-860-mch_bl1_33.m.de;;33;35670;217;9131737
wzg.aqq31_sbg_a1_1.m.de;;1;3152;195;807107
wzg.cluster_aq99-630-stg_194.m.de;AQ99-630-Stg;194;38746;20;9918996
wzg.wzg_b471_24958_dah_w3_228.m.de;;228;40902;112;10471024
aq.aqq259_sbg_h.m.de;;0;3162;162;809634
wzg.wzg8-110-mch_cl1_193.m.de;AQ8O_110_Mch;193;3149;234;806378
wzg.wzg_99_24765_stg_wta2_2.m.de;;2;38702;123;9907835
aq.aq_9_akneuf_1760_um.m.de;;0;35667;190;9130942
wzg.wzg92-200-deg_bl1_3.m.de;;3;35963;90;9206618
wzg.cluster_aq_99_25377_at_sbg_195.m.de;;195;38741;183;9917879
wzg.wzgaq202b-mch_d1_133.m.de;;133;36782;37;9416229
wzg.aqq249_mch_c1_105.m.de;;105;3161;199;809415
wzg.wzgaq195-mch_bl1_9.m.de;;9;36782;46;9416238
wzg.wzg_9_503930_nbg_b3_67.m.de;WZG_AQ_9_503930_Nbg_67;67;3549;182;908726
wzg.wzg_9_488800_mch_b3_99.m.de;WZG_AQ_9_488800_Mch_99;99;3585;227;917987
wzg.wzg_b17_780_0520_aug_a1_1.m.de;;1;6704;180;1716404
wzg.wzg_9_510415_mch_c1_183.m.de;WZG_AQ_9_510415_Mch_183;183;3589;251;919035
wzg.wzg8-130-mch_w8_41.m.de;AQ8O_130_Mch_41;41;3149;209;806353
aq.aqq11_sbg_a.m.de;;0;38738;52;9916980
aq.aq_96_160972_lin.m.de;;0;37577;11;9619723
wzg.cluster_aq_9_498180_nbg_194.m.de;AQ_AQ_9_498180_Nbg_194;194;3548;159;908447
wzg.aqq259_sbg_a1_1.m.de;;1;3162;162;809634
wzg.cluster_aq9-794-mch_193.m.de;;193;3578;228;916196
wzg.wzg_b2n_008441_mch_dlz2_gv_50.m.de;;50;848;205;217293
wzg.wzg_b2n_006434_gap_dlz2_gv_10.m.de;;10;809;156;207260
wzg.wzg_99_25377_sbg_c2_106.m.de;;106;38741;183;9917879
wzg.wzg99-190-sbg_b1_97.m.de;;97;38705;92;9908572
wzg.wzg_9_511900_nbg_b2_66.m.de;WZG_AQ_9_511900_Nbg_66;66;3551;58;909114
aq.aq_96_146011_mch.m.de;;0;37575;175;9619375
aq.aq_b2n_007511_mch.m.de;;0;848;188;217276
wzg.wzg9-730-mch_a3_35.m.de;WZG_AQ9_730_Mch_35;35;35669;7;9131271
aq.aq_99_3728_lin.m.de;;0;38696;96;9906272
wzg.wzg99-q9_sbg_a1_33.m.de;;33;38738;18;9916946
aq.aqq275_sbg_h.m.de;;0;3163;120;809848
wzg.cluster_lsa_94_109304_mch_193.m.de;;193;36752;0;9408512
aq.aq_96_142470_lin.m.de;;0;37575;94;9619294
wzg.wzg92-460-mch_a1_33.m.de;;33;36003;46;9216814
wzg.cluster_aq_9_akneuf_1760_um_193.m.de;;193;35667;190;9130942
wzg.aqq275_mch_b1_97.m.de;;97;3163;120;809848
wzg.wzg99-840-stg_b2_66.m.de;;66;38739;146;9917330
wzg.wzg_9_498030_mch_a2_34.m.de;WZG_AQ_9_498030_Mch_34;34;3587;164;918436
wzg.wzg92-530-mch_c2_106.m.de;;106;36002;123;9216635
aq.aq_99_3434_sbg.m.de;;0;38735;112;9916272
wzg.wzg99-210-sbg_a1_33.m.de;;33;38705;187;9908667
wzg.wzgaq205-mch_a1_33.m.de;;33;36781;233;9416169
wzg.wzg_9_484470_nbg_dlz1_9.m.de;WZG_AQ_9_484470_Nbg_9;9;3546;3;907779
wzg.wzg_b2n_006045_gap_dlz3_43.m.de;;43;809;150;207254
wzg.wzg92-640-mch_a2_34.m.de;;34;36000;199;9216199
wzg.wzgaq115a-pas_a2_3.m.de;;3;36742;188;9406140
wzg.wzg_96_140645_lin_b1_97.m.de;;97;37575;53;9619253
wzg.aq_a7_957_128_ulm_dlz1_1.m.de;;1;2772;158;709790
wzg.aqq45b_sbg_w2_2.m.de;;2;3153;25;807193
wzg.wzg_96_161787_mch_sgmcl_194.m.de;;194;37524;215;9606359
wzg.wzg_99_30830_sbg_a2_34.m.de;;34;38704;59;9908283
aq.aq_b2n_009400_mch.m.de;;0;848;216;217304
wzg.cluster_aqaq13-pas_194.m.de;;194;36742;125;9406077
aq.aqaq13-pas.m.de;;0;36742;125;9406077
wzg.wzg9-328-nbg_w10_10.m.de;WWQ_9328_10;10;3541;221;906717
wzg.wzg_b2n_006763_mch_b1_gv_167.m.de;;167;848;180;217268
wzg.wzg_96_160146_lin_lsa2_164.m.de;;164;37576;246;9619702
aq.wwq_9_500693_nbg.m.de;;0;3549;24;908568
wzg.wzg_99_10991_sbg_dlz1_17.m.de;;17;38698;110;9906798
wzg.wzg99-072-stg_w10_43.m.de;WWQ_99072_43;43;38701;222;9907678
wzg.wzg9-760-mch_w7_42.m.de;WWQ_9760_42;42;35669;66;9131330
aq.aq99520_stg_h.m.de;;0;38749;135;9919879
wzg.cluster_aq_9_489247_nbg_194.m.de;AQ_AQ_9_489247_Nbg_194;194;3546;236;908012
wzg.wzg_9_490904_nbg_dlz1_1.m.de;WZG_AQ_9_490904_Nbg_1;1;3547;59;908091
wzg.aqq35_sbg_a2_1.m.de;;1;3152;231;807143
aq.aq9-328-nbg.m.de;;0;3541;221;906717
wzg.wzg_96_140645_lin_z131_l_162.m.de;;162;37575;53;9619253
wzg.cluster_aqb28a_mch_h_193.m.de;;193;3191;209;817105
wzg.wzg_9_490336_mch_a4_36.m.de;WZG_AQ_9_490336_Mch_36;36;3586;44;918060
wzg.wzg9-120-nbg-r_a1_129.m.de;WZG_AQ9_120_Nbg_r_129;129;35279;165;9031589
wzg.wzg_96_146145_lin_a2_34.m.de;;34;37575;178;9619378
aq.aq_96_169925_mch.m.de;;0;37538;200;9609928
wzg.wzg99-072-stg_w4_37.m.de;WWQ_99072_37;37;38701;222;9907678
wzg.wzg92-590-mch_a1_35.m.de;;35;36001;165;9216421
wzg.wzg_9_498180_nbg_c2_74.m.de;WZG_AQ_9_498180_Nbg_74;74;3548;159;908447
wzg.wzg99-070-sbg_b3_99.m.de;;99;38701;203;9907659
wzg.wzg_9_498180_nbg_c3_75.m.de;WZG_AQ_9_498180_Nbg_75;75;3548;159;908447
wzg.wzg_9_akneuf_0638_hl_b1_165.m.de;;165;35667;208;9130960
wzg.wzg99-030-sbg_b1_97.m.de;;97;38700;60;9907260
wzg.wzg9-783-mch_c1_166.m.de;WZG_AQ9_783_Mch_166;166;35669;222;9131486
wzg.cluster_aq_8_3050_stg_193.m.de;;193;3144;192;805056
wzg.wzg99-235-sbg_c3_107.m.de;;107;38706;33;9908769
wzg.cluster_aq99500_stg_h_194.m.de;;194;38749;249;9919993
wzg.wzg99-685-stg_w1_2.m.de;AQ99-685-Stg_2;2;38745;99;9918819
wzg.aq_a7_956_909_fue_b1_97.m.de;;97;2811;159;719775
wzg.wzg9-723-mch_c1_171.m.de;WZG_AQ9_723_Mch_171;171;35668;231;9131239
wzg.cluster_aq9-125-nbg_194.m.de;WWQ_9125;194;35279;158;9031582
wzg.wzg92-150-deg_b1_65.m.de;;65;35962;179;9206451
wzg.wzg_b2n_008648_gap_dlz2_gv_10.m.de;;10;809;189;207293
wzg.wzgfsa08-pas_dlzfs3_11.m.de;;11;36742;145;9406097
aq.aq99-268-sbg_pw.m.de;;0;38707;79;9909071
wzg.wzg9-789-mch_bl1_36.m.de;;36;35670;16;9131536
wzg.wzg_9_akneuf_1760_um_a1_33.m.de;;33;35667;190;9130942
wzg.wzg_99_26545_stg_pw4_134.m.de;;134;38702;255;9907967
wzg.wzg_9_510820_mch_w7_231.m.de;WWQ_9584_231;231;3590;20;919060
wzg.wzg_99_29595_sbg_c1_105.m.de;;105;38703;223;9908191
wzg.wzg_9_479450_mch_a1_33.m.de;WZG_AQ_9_479450_Mch_33;33;3584;28;917532
wzg.dlz_96_139409_lin_dlz1_gv_1.m.de;;1;37575;23;9619223
wzg.wzg_96_169700_mch_pw2_2.m.de;;2;37538;195;9609923
wzg.wzg_9_488800_mch_a4_36.m.de;WZG_AQ_9_488800_Mch_36;36;3585;227;917987
wzg.wzg99-170-sbg_c3_107.m.de;;107;38705;8;9908488
wzg.wzg_b2n_009400_mch_a1_1.m.de;;1;848;216;217304
wzg.wzg99-632-stg_dlz1_1.m.de;;1;38745;246;9918966
wzg.wzg_b2n_007765_mch_lsa_l_170.m.de;;170;848;197;217285
wzg.wzgaq06-mch_b1_97.m.de;;97;36781;192;9416128
wzg.wzg_96_160146_lin_lsa1_163.m.de;;163;37576;246;9619702
aq.aq_a7_956_719_fue.m.de;;0;2811;159;719775
wzg.wzg_96_141404_lin_bas_1_r_161.m.de;;161;37575;58;9619258
aq.aqq31_sbg_h.m.de;;0;3152;195;807107
aq.aq_96_146600_lin.m.de;;0;37575;187;9619387
wzg.cluster_aq_99a_103808_mch_193.m.de;;193;38748;229;9919717
wzg.aqb21_mch_a2_34.m.de;;34;3192;65;817217
wzg.dlz_99_3252_sbg_dlz2_3.m.de;;3;38735;112;9916272
wzg.wzg_b2_askre_1556_bc_pw1_1.m.de;;1;37172;31;9516063
wzg.aqq63_sbg_a2_2.m.de;;2;3153;115;807283
wzg.wzg9-730-mch_c2_106.m.de;WZG_AQ9_730_Mch_106;106;35669;7;9131271
wzg.wzg_96_153558_lin_dlz4_gv_145.m.de;;145;37576;95;9619551
wzg.aq_a7_955_110_fue_b1_97.m.de;;97;2811;109;719725
wzg.wzg_96_155060_lin_a3_35.m.de;;35;37576;130;9619586
wzg.wzg_9_503930_nbg_a3_3.m.de;WZG_AQ_9_503930_Nbg_3;3;3549;182;908726
wzg.wzg9-700-mch_w5_38.m.de;WWQ_9700_38;38;35668;192;9131200
wzg.wzg_9_505300_nbg_b1_65.m.de;WZG_AQ_9_505300_Nbg_65;65;3549;249;908793
wzg.wzg99-550-stg_a3_3.m.de;;3;38747;176;9919408
wzg.dlz_96_140345_mch_dlz1_1.m.de;;1;37575;46;9619246
aq.aq_99a_103808_mch.m.de;;0;38748;229;9919717
wzg.portal_a7_957_039_fue_lsa1_33.m.de;;33;2772;156;709788
aq.wwq_99_asash_0530_am.m.de;;0;38703;239;9908207
wzg.wzg9-240-nbg_c1_73.m.de;WZG_AQ9_240_Nbg_73;73;35278;119;9031287
aq.aq_b2n_007650_mch.m.de;;0;848;188;217276
wzg.cluster_aq99-258-sbg_dlz_193.m.de;;193;38706;204;9908940
wzg.wzg_96_155360_lin_a1_33.m.de;;33;37576;137;9619593
wzg.aqq239_sbg_a1_1.m.de;;1;3161;85;809301
wzg.wzg99-070-sbg_c1_105.m.de;;105;38701;203;9907659
wzg.wzg9-135-nbg_c2_75.m.de;WZG_AQ9_135_Nbg_75;75;35279;126;9031550
wzg.cluster_aq9-210-nbg_194.m.de;AQ_AQ9_210_Nbg_194;194;35278;174;9031342
wzg.wzg_9_510820_mch_w11_235.m.de;WWQ_9584_235;235;3590;20;919060
wzg.wzg_99_28850_sbg-sbg_w2_34.m.de;WWQ99_28850_Sbg_34;34;38703;167;9908135
wzg.wzg_96_159560_lin_a1_161.m.de;;161;37576;234;9619690
wzg.wzg_92_eost_0655_fy_a1_161.m.de;;161;36001;160;9216416
wzg.wzgaq190-mch_w2_2.m.de;WWQ94_190_Mch_2;2;36782;69;9416261
aq.aqb27_mch_h.m.de;;0;3191;236;817132
wzg.wzg_99_as10_0240_tz_wta1_9.m.de;;9;38738;17;9916945
wzg.wzg99-630-stg_w1_2.m.de;AQ99-630-Stg_2;2;38746;20;9918996
wzg.wzg_b17_740_0470_aug_b1_65.m.de;;65;6705;99;1716579
wzg.wzg_99_30830_sbg_c3_107.m.de;;107;38704;59;9908283
wzg.cluster_aq_99_29220_stg_194.m.de;;194;38742;221;9918173
wzg.wzgaq09-mch_rgr_161.m.de;;161;36781;136;9416072
wzg.wzg_96_159170_lin_dlz1_177.m.de;;177;37576;227;9619683
wzg.aqq269_sbg_b1_65.m.de;;65;3163;51;809779
wzg.wzg9-345-nbg_w9_9.m.de;WWQ_9345_9;9;3541;246;906742
wzg.wzg99-235-sbg_b1_97.m.de;;97;38706;33;9908769
wzg.wzgwwq09-pas_wta5_229.m.de;WWQ94_009_Pas_229;229;36742;131;9406083
wzg.wzgaq115c-pas_c2_74.m.de;;74;36742;204;9406156
aq.aq9-168-nbg.m.de;;0;35279;46;9031470
aq.aq92-150-deg.m.de;;0;35962;179;9206451
wzg.wzg_9_485750_mch_wvlt1_163.m.de;WZG_AQ_9_485750_Mch_163;163;3585;83;917843
wzg.aqq11_sbg_a2_34.m.de;;34;38738;52;9916980
aq.aq_b2n_008750_gap.m.de;;0;809;189;207293
wzg.wzg_b2n_006152_mch_led1_gv_129.m.de;;129;848;166;217254
wzg.wzg_92_3210_mch_w3_228.m.de;WWQ_92321_228;228;36000;85;9216085
wzg.wzg_96_154790_lin_c1_105.m.de;;105;37576;124;9619580
wzg.wzg_99_10170_stg_a2_2.m.de;;2;38737;82;9916754
aq.aq_99_8468_sbg.m.de;;0;38736;209;9916625
wzg.wzg_9_489350_mch_dlz1_33.m.de;WZG_AQ_9_489350_Mch_33;33;3585;253;918013
wzg.aq_96_171210_mch_a1_1.m.de;;1;37538;230;9609958
wzg.cluster_aqq239_sbg_h_193.m.de;;193;3161;85;809301
wzg.wzgaq202e-mch_c1_131.m.de;;131;36791;253;9418749
wzg.wzg_95_2434_mch_pw1_1.m.de;;1;37133;50;9506098
aq.aq_b2n_005695_gap.m.de;;0;809;145;207249
wzg.cluster_aq9-140-nbg_194.m.de;WWQ_9140;194;35279;203;9031627
wzg.wzg99-720-stg_pw1_129.m.de;;129;38744;97;9918561
wzg.wzg9-240-nbg_a3_3.m.de;WZG_AQ9_240_Nbg_3;3;35278;119;9031287
wzg.wzgaqrg203-mch_b2_98.m.de;;98;36782;19;9416211
wzg.wzg_99_11124_stg_a2_164.m.de;;164;38737;126;9916798
aq.aq_b2n_005933_gap.m.de;;0;809;150;207254
wzg.wzg9-690-mch_c1_105.m.de;WZG_AQ9_690_Mch_105;105;35668;174;9131182
wzg.wzg9-780-mch_a3_35.m.de;WZG_AQ9_780_Mch_35;35;35669;97;9131361
wzg.aqq91_sbg_a3_3.m.de;;3;3153;216;807384
wzg.wzg9-170-nbg_b3_67.m.de;WZG_AQ9_170_Nbg_67;67;35278;255;9031423
wzg.wzg_b2n_007279_mch_dlz2_gv_52.m.de;;52;848;188;217276
aq.aq9-630-mch.m.de;;0;35668;12;9131020
wzg.wzg_96_143281_mch_a2_2.m.de;;2;37575;112;9619312
aq.aq92-160-deg.m.de;;0;35962;230;9206502
wzg.wzg9-700-mch_w4_37.m.de;WWQ_9700_37;37;35668;192;9131200
wzg.wzg92-586-mch_w7_40.m.de;WWQ_92586_40;40;36001;181;9216437
wzg.wzg_99_as5_200_sz_b1_97.m.de;;97;38695;140;9906060
wzg.wzg_99_10155_sbg_lsa2_34.m.de;;34;38698;64;9906752
wzg.wzg9-740-mch_w2_37.m.de;WWQ_9740_37;37;35669;28;9131292
wzg.cluster_aqb29_mch_h_193.m.de;;193;3191;203;817099
wzg.cluster_aq_96_137000_mch_194.m.de;;194;37574;223;9619167
wzg.wzg_99_6570_lin_a1_33.m.de;;33;38697;57;9906489
aq.aq92-050-deg.m.de;;0;35961;88;9206104
wzg.aqq36_sbg_dlz1_7.m.de;;7;3152;241;807153
wzg.wzg99-063-stg_w5_38.m.de;WWQ_99063_38;38;38701;165;9907621
wzg.wzg_96_161150_lin_c1_105.m.de;;105;37577;15;9619727
wzg.wzg_b2n_006546_gap_dlz2_gv_18.m.de;;18;809;156;207260
wzg.dlz_96_146600_lin_dlz2_42.m.de;;42;37575;187;9619387
wzg.wzg92-410-mch_w3_35.m.de;;35;36003;245;9217013
aq.aqq265_sbg_h.m.de;;0;3163;2;809730
wzg.wzg9-710-mch_w8_41.m.de;WWQ_9710_41;41;35668;212;9131220
wzg.cluster_aq_9_479450_mch_193.m.de;AQ_AQ_9_479450_Mch_193;193;3584;28;917532
wzg.aqb26b_mch_dlz1_33.m.de;;33;3191;244;817140
wzg.wzg_96_162645_mch_sgmcl_194.m.de;;194;37524;186;9606330
wzg.wzg9-248-nbg_cl1_194.m.de;WWQ_9248;194;3541;6;906502
wzg.wzg99-820-stg_b1_65.m.de;;65;38740;90;9917530
wzg.aqq39_sbg_a1_7.m.de;;7;3153;6;807174
wzg.wzg99-152-sbg_lcd2_98.m.de;AQ99-152-Sbg_98;98;38704;198;9908422
wzg.cluster_aq_a7_956_719_fue_193.m.de;;193;2811;159;719775
wzg.wzg_99_2700_sbg_bl2_136.m.de;;136;38735;38;9916198
wzg.aqq239_sbg_c1_73.m.de;;73;3161;85;809301
wzg.wzg_b2n_008364_gap_b2_gv_138.m.de;;138;809;181;207285
wzg.wzg99-170-sbg_a1_33.m.de;;33;38705;8;9908488
wzg.aqb16_mch_c1_105.m.de;;105;3192;145;817297
wzg.wzg99-695-stg_w1_1.m.de;AQ99-695-Stg_1;1;38745;70;9918790
wzg.wzg_96_154530_lin_lsa2_41.m.de;;41;37576;118;9619574
wzg.aqq31_sbg_c2_74.m.de;;74;3152;195;807107
wzg.wzg_b2n_007022_gap_dlz2_gv_10.m.de;;10;809;163;207267
wzg.wzg_b2n_007279_mch_b1_135.m.de;;135;848;188;217276
wzg.wzg99-9-b10-stg_a1_1.m.de;;1;38741;146;9917842
wzg.wzg9-120-nbg-l_c1_136.m.de;WZG_AQ9_120_Nbg_l_136;136;35279;165;9031589
wzg.cluster_aqq73_sbg_h_193.m.de;;193;3153;148;807316
wzg.cluster_aqq235_mch_h_194.m.de;;194;3160;242;809202
wzg.aq_96_171210_mch_c1_73.m.de;;73;37538;230;9609958
wzg.wzg_9_483200_nbg_c1_73.m.de;WZG_AQ_9_483200_Nbg_73;73;3545;198;907718
aq.aqq215_mch_e.m.de;;0;3199;66;819010
wzg.wzg_99_7880_lin_b1_97.m.de;;97;38697;154;9906586
wzg.wzg_b471_24958_dah_w7_232.m.de;;232;40902;112;10471024
wzg.wzg9-793-mch_w7_43.m.de;;43;35669;202;9131466
wzg.wzg_99_2408_sbg_a3_3.m.de;;3;38735;16;9916176
wzg.cluster_aq_a7_957_085_fue_193.m.de;;193;2772;157;709789
aq.aqq231_mch_h.m.de;;0;3199;210;819154
wzg.wzg_9_491895_nbg_c1_73.m.de;WZG_AQ_9_491895_Nbg_73;73;3547;109;908141
wzg.wzg9-786-mch_a1_33.m.de;WZG_AQ9_786_Mch_33;33;35669;236;9131500
wzg.wzg99-145-sbg_w3_35.m.de;AQ99-145-Sbg_35;35;38704;155;9908379
wzg.wzg_96_171060_mch_pw7_7.m.de;;7;37538;227;9609955
aq.aq_99_25377_sbg.m.de;;0;38741;183;9917879
wzg.wzg_96_153558_lin_dlz2_33.m.de;;33;37576;95;9619551
wzg.wzg_96_140915_lin_a1_33.m.de;;33;37575;58;9619258
wzg.cluster_aq_96_146600_mch_196.m.de;;196;37575;186;9619386
wzg.wzg_96_171060_mch_pw6_6.m.de;;6;37538;227;9609955
wzg.wzg_9_493840_nbg_c2_74.m.de;WZG_AQ_9_493840_Nbg_74;74;3547;203;908235
wzg.aqq229_sbg_b1_65.m.de;;65;3160;180;809140
wzg.wzg_99_28850_sbg_wta2_36.m.de;WWQ99_28850_Sbg_36;36;38703;167;9908135
wzg.wzgwwq09-pas_wta2_226.m.de;WWQ94_009_Pas_226;226;36742;131;9406083
wzg.wzg99-072-stg_w2_35.m.de;WWQ_99072_35;35;38701;222;9907678
wzg.wzg_b2n_005935_gap_a1_gv_129.m.de;;129;809;150;207254
aq.aq99-187-sbg.m.de;;0;38705;50;9908530
wzg.wzg92-500-mch_a1_33.m.de;;33;36002;198;9216710
wzg.wzg92-590-mch_b1_98.m.de;;98;36001;165;9216421
wzg.wzg_96_159650_lin_dlz1_gv_1.m.de;;1;37576;234;9619690
wzg.wzg_96_155060_lin_b2_98.m.de;;98;37576;130;9619586
wzg.wzg9-870-mch_w5_38.m.de;;38;35670;243;9131763
wzg.cluster_wwq_9_491590_nbg_194.m.de;;194;3547;94;908126
wzg.wzg9-328-nbg_w5_5.m.de;WWQ_9328_5;5;3541;221;906717
wzg.wzg99-670-stg_w5_6.m.de;AQ99-670-Stg_6;6;38745;132;9918852
wzg.wzgaq117-pas_b3_67.m.de;;67;36742;248;9406200
wzg.wzg_99_27814_sbg_c2_106.m.de;;106;38742;107;9918059
wzg.aq_b310_9_376_fue_b310_pw1_129.m.de;;129;2812;18;719890
wzg.aqb11_mch_a1_33.m.de;;33;3192;207;817359
aq.aqb29_mch_h.m.de;;0;3191;203;817099
wzg.wzg9-135-nbg_a3_5.m.de;WZG_AQ9_135_Nbg_5;5;35279;126;9031550
wzg.wzg92-240-deg_a2_34.m.de;;34;35963;127;9206655
aq.aqq61_sbg_h.m.de;;0;3153;97;807265
wzg.wzg_b2n_006220_gap_lsa_gv_139.m.de;;139;809;150;207254
wzg.wzg_9_492226_mch_c1_105.m.de;WZG_AQ_9_492226_Mch_105;105;3586;138;918154
aq.aq_99_5446_lin.m.de;;0;38696;230;9906406
wzg.wzg92-130-deg_p_b1_65.m.de;;65;35962;145;9206417
aq.aq_9_489776_mch.m.de;;0;3586;11;918027
aq.aq_a7_960_770_fue.m.de;;0;2812;28;719900
wzg.wzg_99_4862_sbg_dlz3_6.m.de;;6;38735;225;9916385
wzg.cluster_aq_b17_740_2270_aug_194.m.de;;194;6705;34;1716514
wzg.aq_a7_962_850_ulm_b1_131.m.de;;131;2773;74;709962
wzg.cluster_aq99-180-sbg_193.m.de;AQ99-180-Sbg;193;38705;28;9908508
wzg.wzgaq202d-mch_b1_98.m.de;;98;36791;253;9418749
wzg.wzgaq188-mch_w5_5.m.de;WWQ94_188_Mch_5;5;36782;79;9416271
wzg.cluster_aq_96_142470_lin_193.m.de;;193;37575;94;9619294
wzg.wzg92-696-mch_cl1_193.m.de;WWQ_92696;193;36000;23;9216023
wzg.hs_94_109214_mch_hs1_162.m.de;;162;36791;14;9418510
wzg.aqq11_sbg_a1_33.m.de;;33;38738;52;9916980
wzg.wzg_96_139729_lin_dlz1_49.m.de;;49;37575;36;9619236
aq.aq_99_26825_stg.m.de;;0;38703;21;9907989
aq.wta_99_3113_sbg.m.de;;0;38735;55;9916215
wzg.wzg92-572a-mch_w2_34.m.de;WWQ_92572a_34;34;36001;218;9216474
wzg.aqq77_sbg_a3_3.m.de;;3;3153;163;807331
wzg.wzg_96_143619_mch_a2_2.m.de;;2;37575;120;9619320
wzg.wzg_9_498180_nbg_b2_66.m.de;WZG_AQ_9_498180_Nbg_66;66;3548;159;908447
aq.aq92-510-mch.m.de;;0;36002;159;9216671
wzg.wzg_9_500994_nbg_c3_75.m.de;WZG_AQ_9_500994_Nbg_75;75;3549;39;908583
wzg.aq_96_168238_mch_b1_65.m.de;;65;37538;161;9609889
wzg.wzg99-070-sbg_b1_97.m.de;;97;38701;203;9907659
wzg.cluster_aq_96_170635_mch_194.m.de;;194;37538;216;9609944
wzg.wzg99-200-sbg_w1_33.m.de;AQ99-200-Sbg_33;33;38705;151;9908631
wzg.cluster_aq_96_147050_mch_194.m.de;;194;37575;201;9619401
wzg.wzg_99_27885_stg_b1_65.m.de;;65;38703;99;9908067
wzg.wzg_9_491350_mch_b2_98.m.de;WZG_AQ_9_491350_Mch_98;98;3586;95;918111
wzg.wzg_9_505300_nbg_a1_1.m.de;WZG_AQ_9_505300_Nbg_1;1;3549;249;908793
wzg.wzgaq117-pas_c3_75.m.de;;75;36742;248;9406200
wzg.wzg92-070-deg_a1_1.m.de;;1;35961;214;9206230
wzg.wzg_99_26040_stg_pw5_129.m.de;;129;38702;217;9907929
wzg.wzg99-260-sbg_c2_106.m.de;;106;38707;6;9908998
wzg.aqq285_mch_b1_97.m.de;;97;3202;201;819913
wzg.wzg_96_145404_mch_c1_73.m.de;;73;37575;161;9619361
wzg.wzg92-570-mch_c1_105.m.de;;105;36001;253;9216509
wzg.wzg99-530-stg_a2_2.m.de;;2;38749;8;9919752
wzg.cluster_aq_9_491350_mch_193.m.de;AQ_AQ_9_491350_Mch_193;193;3586;95;918111
wzg.wzg9-750-mch_b3_99.m.de;WZG_AQ9_750_Mch_99;99;35669;54;9131318
wzg.dlz_96_139409_lin_dlz2_34.m.de;;34;37575;23;9619223
aq.aq92-610-mch.m.de;;0;36001;119;9216375
wzg.wzg_96_146848_lin_dlz1_gv_1.m.de;;1;37575;187;9619387
wzg.wzg_99_30830_sbg_dlz1_24.m.de;;24;38704;59;9908283
wzg.wzg_9_500390_mch_b2_98.m.de;WZG_AQ_9_500390_Mch_98;98;3588;23;918551
wzg.wzg99-190-sbg_a4_36.m.de;;36;38705;92;9908572
wzg.wzg_96_146011_mch_a1_1.m.de;;1;37575;175;9619375
wzg.wzg9-125-nbg_w8_9.m.de;WWQ_9125_9;9;35279;158;9031582
wzg.aqq31_sbg_b2_66.m.de;;66;3152;195;807107
wzg.wzg_b2n_008750_gap_dlz2_50.m.de;;50;809;189;207293
wzg.aqq231_mch_c1_105.m.de;;105;3199;210;819154
wzg.wzg99-720-stg_a1_1.m.de;;1;38744;97;9918561
aq.aq_b2n_007172_gap.m.de;;0;809;163;207267
wzg.cluster_aq9-782-mch_193.m.de;AQ_AQ9_782_Mch_193;193;35669;175;9131439
wzg.wzgaq194-mch_w4_4.m.de;WWQ94_194_Mch_4;4;36782;55;9416247
wzg.wzg92-100-deg_a1_1.m.de;;1;35962;83;9206355
wzg.cluster_aq99-250-sbg_pw1_195.m.de;;195;38706;131;9908867
wzg.wzg99-718-stg_w2_2.m.de;;2;38744;131;9918595
aq.aq9-310-nbg.m.de;;0;35277;164;9031076
wzg.wzg9-170-nbg_c1_73.m.de;WZG_AQ9_170_Nbg_73;73;35278;255;9031423
aq.aq_96_162645_mch.m.de;;0;37524;186;9606330
wzg.wzg_b2n_007788_gap_b2_gv_138.m.de;;138;809;172;207276
wzg.wzg99-260-sbg_a2_35.m.de;;35;38707;6;9908998
aq.aq_96_147036_lin.m.de;;0;37575;201;9619401
wzg.wzg_99_31800_sbg_b3_99.m.de;;99;38743;144;9918352
wzg.wzg_9_509515_nbg_dlz1_9.m.de;WZG_AQ_9_509515_Nbg_9;9;3550;199;908999
wzg.wzg99-152-sbg_w2_36.m.de;AQ99-152-Sbg_36;36;38704;198;9908422
wzg.wzg_99_26545_stg_wta1_1.m.de;;1;38702;255;9907967
wzg.wzg92-696-mch_w1_1.m.de;WWQ_92696_1;1;36000;23;9216023
aq.aq9-110-nbg.m.de;;0;35279;175;9031599
wzg.wzg8-110-mch_wta2_43.m.de;AQ8O_110_Mch_43;43;3149;234;806378
wzg.wzg99-840-stg_c2_74.m.de;;74;38739;146;9917330
wzg.wzg99-150-sbg_c2_106.m.de;;106;38704;181;9908405
wzg.aqq249_sbg_b1_65.m.de;;65;3161;199;809415
wzg.cluster_aq_99_9140_sbg_193.m.de;;193;38697;244;9906676
wzg.cluster_aq92-240-deg_193.m.de;;193;35963;127;9206655
wzg.wzg_b2n_005988_gap_dlz2_gv_2.m.de;;2;809;150;207254
wzg.wzgaq118-pas_a2_3.m.de;;3;36743;34;9406242
wzg.wzg99-210-sbg_c1_105.m.de;;105;38705;187;9908667
wzg.wzg99-635-stg_w8_9.m.de;AQ99-635-Stg_9;9;38745;213;9918933
wzg.wzg_b2n_006979_mch_dlz1_9.m.de;;9;848;180;217268
wzg.wwq_99_29277_sbg_bl1_57.m.de;WWQ99_29277_Sbg_57;57;38703;198;9908166
wzg.wzg_99_4258_sbg_dlz3_6.m.de;;6;38735;144;9916304
wzg.wzg_b2n_008550_gap_dlz1_gv_1.m.de;;1;809;189;207293
wzg.cluster_aqwwq202-mch_193.m.de;WWQ94_202_Mch;193;36781;216;9416152
wzg.cluster_aq92-170-deg_194.m.de;;194;35963;28;9206556
aq.aq_9_490904_nbg.m.de;;0;3547;59;908091
wzg.cluster_aq_96_140645_lin_193.m.de;;193;37575;53;9619253
wzg.wzg9-760-mch_w1_36.m.de;WWQ_9760_36;36;35669;66;9131330
wzg.wzg9-328-nbg_w4_4.m.de;WWQ_9328_4;4;3541;221;906717
wzg.wzg_96_138841_mch_b1_e1_65.m.de;;65;37575;10;9619210
wzg.aqb24_mch_b3_99.m.de;;99;3192;22;817174
wzg.cluster_aq99-734-stg_194.m.de;;194;38743;213;9918421
wzg.aqb26_mch_pw1_161.m.de;;161;3191;253;817149
wzg.wzg_b2n_005440_gap_pw1_161.m.de;;161;809;141;207245
wzg.wzg_9_500994_nbg_b3_67.m.de;WZG_AQ_9_500994_Nbg_67;67;3549;39;908583
wzg.aqq281_sbg_c1_133.m.de;;133;3163;153;809881
wzg.portal_a7_957_039_fue_gv_lsa1_41.m.de;;41;2772;156;709788
aq.aqq257_sbg_h.m.de;;0;3162;109;809581
wzg.wzgaq117-pas_a3_3.m.de;;3;36742;248;9406200
wzg.aqq87_sbg_b2_66.m.de;;66;3153;198;807366
wzg.wzg_96_162645_mch_pw8_8.m.de;;8;37524;186;9606330
wzg.aqq51_sbg_a3_3.m.de;;3;3153;55;807223
wzg.wzg_9_505300_nbg_c2_74.m.de;WZG_AQ_9_505300_Nbg_74;74;3549;249;908793
wzg.cluster_aqaq12-pas_194.m.de;;194;36742;105;9406057
wzg.wzg_95_1990_mch_pw4_4.m.de;;4;37133;32;9506080
aq.aq99-270-sbg.m.de;;0;38707;122;9909114
wzg.wzg92-500-mch_c1_105.m.de;;105;36002;198;9216710
wzg.wzg_96_139729_mch_dlz1_1.m.de;;1;37575;35;9619235
aq.aq_99a_102700_stg.m.de;;0;38709;177;9909681
wzg.wzg99-716-stg_w1_1.m.de;;1;38744;181;9918645
aq.aq99500_stg_h.m.de;;0;38749;249;9919993
wzg.wzg99-170-sbg_b2_98.m.de;;98;38705;8;9908488
wzg.aq_a7_953_247_fue_c1_105.m.de;;105;2811;52;719668
wzg.wzg99-063-stg_w9_42.m.de;WWQ_99063_42;42;38701;165;9907621
wzg.wzg_b2n_007633_gap_dlz2_gv_18.m.de;;18;809;172;207276
aq.aq_b2n_006796_gap.m.de;;0;809;163;207267
wzg.wzg_9_506950_nbg_a1_1.m.de;WZG_AQ_9_506950_Nbg_1;1;3550;73;908873
wzg.wzg9-789-mch_w2_38.m.de;;38;35670;16;9131536
wzg.wzg_96_155060_lin_b1_97.m.de;;97;37576;130;9619586
wzg.wzg_b2n_007172_gap_lsa_r_171.m.de;;171;809;163;207267
wzg.wzg_99_29220_stg_a2_2.m.de;;2;38742;221;9918173
wzg.wzg_99_26020_sbg_b2_98.m.de;;98;38741;229;9917925
aq.aq_a7_958_403_ulm.m.de;;0;2772;197;709829
wzg.cluster_aq92-060-deg_194.m.de;;194;35961;151;9206167
wzg.wzg_9_486950_mch_c3_107.m.de;WZG_AQ_9_486950_Mch_107;107;3585;137;917897
wzg.aq_a7_960_770_fue_bl2_58.m.de;;58;2812;28;719900
wzg.wzg9-600-mch_a3_35.m.de;WZG_AQ9_600_Mch_35;35;35667;178;9130930
wzg.aq_96_168238_mch_a2_2.m.de;;2;37538;161;9609889
wzg.wzg_99_29277_sbg_w1_33.m.de;WWQ99_29277_Sbg_33;33;38703;198;9908166
wzg.wzg_9_504520_mch_dlz1_41.m.de;WZG_AQ_9_504520_Mch_41;41;3588;226;918754
aq.aq92-622-mch.m.de;;0;36001;47;9216303
wzg.wzg_9_491350_mch_c1_105.m.de;WZG_AQ_9_491350_Mch_105;105;3586;95;918111
wzg.aqq29_sbg_b1_65.m.de;;65;3152;181;807093
wzg.hs_94_110069_pas_hs1_129.m.de;;129;36752;19;9408531
wzg.cluster_wwq_99_26545_stg_194.m.de;;194;38702;255;9907967
wzg.wzg99-010-sbg_a3_35.m.de;;35;38699;50;9906994
wzg.wzgaqaq203-mch_b1_130.m.de;;130;36782;19;9416211
wzg.cluster_aq_a8o_54060_sbg_194.m.de;;194;3154;5;807429
wzg.cluster_aqb14_mch_h_193.m.de;;193;3192;173;817325
wzg.wzg_99_2408_sbg_a2_2.m.de;;2;38735;16;9916176
aq.aq_96_160126_lin.m.de;;0;37576;246;9619702
wzg.wzg99-305-sbg_a1_162.m.de;;162;38709;5;9909509
aq.aq9-781c-mch.m.de;;0;3579;128;916352
wzg.wzg_b2n_006170_gap_b2_170.m.de;;170;809;150;207254
wzg.wzg_96_139729_mch_dlz2_2.m.de;;2;37575;35;9619235
wzg.wzg9-710-mch_w13_46.m.de;WWQ_9710_46;46;35668;212;9131220
aq.aq9-700-mch.m.de;;0;35668;192;9131200
wzg.aq_a7_958_403_ulm_a2_2.m.de;;2;2772;197;709829
wzg.wzg_99_10812_sbg_dlz2_10.m.de;;10;38698;110;9906798
wzg.aqb20_mch_c2_106.m.de;;106;3192;76;817228
wzg.wzg_9_481250_nbg_c1_73.m.de;WZG_AQ_9_481250_Nbg_73;73;3545;103;907623
wzg.cluster_aq_96_139930_mch_196.m.de;;196;37575;35;9619235
wzg.wzg_99_29595_sbg_b2_98.m.de;;98;38703;223;9908191
wzg.cluster_aqwwq10-pas_196.m.de;WWQ94_010_Pas;196;36742;138;9406090
wzg.aqb12_mch_a3_35.m.de;;35;3192;198;817350
wzg.wzg_9_506690_mch_c3_107.m.de;WZG_AQ_9_506690_Mch_107;107;3589;76;918860
wzg.wzgaq07-mch_b1_98.m.de;;98;36781;173;9416109
wzg.wzg_9_511350_mch_w12_236.m.de;WWQ_9586_236;236;3590;46;919086
wzg.aqb11_mch_b1_97.m.de;;97;3192;207;817359
wzg.wzg99-710-stg_c1_73.m.de;;73;38745;4;9918724
wzg.wzg9-630-mch_c2_106.m.de;WZG_AQ9_630_Mch_106;106;35668;12;9131020
aq.aqq37_sbg_h.m.de;;0;3152;248;807160
wzg.aqq33_sbg_b1_65.m.de;;65;3152;212;807124
wzg.wzg_99_11964_stg_a3_3.m.de;;3;38737;214;9916886
wzg.wzg_b2n_007958_gap_dlz2_34.m.de;;34;809;181;207285
wzg.aqq29_sbg_c1_73.m.de;;73;3152;181;807093
aq.aq_b2n_008281_mch.m.de;;0;848;205;217293
wzg.wzg92-620-mch_a2_34.m.de;;34;36001;67;9216323
wzg.wzg_b2n_005988_gap_dlz3_35.m.de;;35;809;150;207254
wzg.cluster_aq_99_4258_sbg_196.m.de;;196;38735;144;9916304
wzg.wzg_96_153990_lin_dlz4_43.m.de;;43;37576;102;9619558
wzg.cluster_aqb26_mch_h_193.m.de;;193;3191;253;817149
wzg.wzg9-790-mch_c2_106.m.de;WZG_AQ9_790_Mch_106;106;35670;25;9131545
wzg.wwq_a7_943_520_fue_bl1_57.m.de;;57;2810;8;719368
wzg.wzg99-270-sbg_b2_97.m.de;;97;38707;122;9909114
wzg.cluster_aq_a7_960_920_fue_195.m.de;;195;2812;28;719900
wzg.wzg9-600-mch_b1_97.m.de;WZG_AQ9_600_Mch_97;97;35667;178;9130930
wzg.cluster_aq_9_504520_mch_193.m.de;AQ_AQ_9_504520_Mch_193;193;3588;226;918754
wzg.dlz_99_11440_stg_dlz3_35.m.de;;35;38737;188;9916860
wzg.cluster_aqq239_mch_h_194.m.de;;194;3161;85;809301
wzg.wzg_96_147221_lin_z131_r_161.m.de;;161;37575;205;9619405
wzg.cluster_aq_96_147036_lin_195.m.de;;195;37575;201;9619401
aq.aq_b2n_007199_mch.m.de;;0;848;188;217276
wzg.wzg92-684-mch_w1_1.m.de;WWQ_92684_1;1;36000;48;9216048
wzg.aq_b310_9_717_fue_b310_bl1_62.m.de;;62;2773;4;709892
aq.aq_96_146158_lin.m.de;;0;37575;178;9619378
wzg.cluster_wwq_st2068_fr-s1_195.m.de;;195;37562;133;9616005
aq.aq_9_499865_mch.m.de;;0;3588;1;918529
aq.aq_b2n_008623_mch.m.de;;0;848;205;217293
wzg.wzg_b2_askre_1556_bc_pw2_2.m.de;;2;37172;31;9516063
wzg.wzg9-793-mch_w5_41.m.de;;41;35669;202;9131466
aq.aqaq198a-mch.m.de;;0;36782;38;9416230
wzg.wzg_96_154790_lin_z131_bl_l_166.m.de;;166;37576;124;9619580
wzg.aqq261_sbg_a1_1.m.de;;1;3162;202;809674
wzg.wzg_99_24765_stg_pw1_130.m.de;;130;38702;123;9907835
aq.aq99-695-stg.m.de;;0;38745;70;9918790
wzg.wzg99-079a-sbg_c1_171.m.de;;171;38702;55;9907767
wzg.wzgwwq07-pas_wta2_227.m.de;WWQ94_007_Pas_227;227;36742;111;9406063
wzg.cluster_aq9-155-nbg_196.m.de;;196;35279;93;9031517
wzg.wzg_9_499330_nbg_wvlt1_131.m.de;WZG_AQ_9_499330_Nbg_131;131;3548;214;908502
wzg.wzg_92_eost_0225_xz_cl1_193.m.de;;193;36001;161;9216417
wzg.wzg99-210-sbg_a4_36.m.de;;36;38705;187;9908667
aq.aq99-150-sbg.m.de;;0;38704;181;9908405
wzg.wzg99-720-stg_dlz1_24.m.de;;24;38744;97;9918561
wzg.cluster_aq_a7_961_045_fue_197.m.de;;197;2812;28;719900
wzg.aq_a7_958_183_ulm_a2_130.m.de;;130;2772;190;709822
wzg.wzg_9_506690_mch_a3_35.m.de;WZG_AQ_9_506690_Mch_35;35;3589;76;918860
wzg.wzg_9_490310_nbg_b1_65.m.de;WZG_AQ_9_490310_Nbg_65;65;3547;32;908064
aq.aq99-290-sbg.m.de;;0;38708;96;9909344
wzg.cluster_aq_9_510415_mch_195.m.de;AQ_AQ_9_510415_Mch_195;195;3589;251;919035
wzg.wzg_95_2434_mch_pw9_9.m.de;;9;37133;50;9506098
wzg.wzg_9_487755_nbg_a3_3.m.de;WZG_AQ_9_487755_Nbg_3;3;3546;163;907939
wzg.cluster_aq_99_10835_stg_197.m.de;;197;38737;126;9916798
aq.aqq265_mch_h.m.de;;0;3163;2;809730
wzg.cluster_aq9-750-mch_193.m.de;AQ_AQ9_750_Mch_193;193;35669;54;9131318
wzg.aq_94_109194_mch_lsa2_34.m.de;;34;36791;14;9418510
wzg.wzg92-160-deg_b2_66.m.de;;66;35962;230;9206502
wzg.wzg_b2n_005935_gap_b1_gv_131.m.de;;131;809;150;207254
wzg.wzg_99_26825_stg_a2_2.m.de;;2;38703;21;9907989
aq.aq_9_504515_nbg.m.de;;0;3549;211;908755
aq.aq_b310_9_376_fue_b310.m.de;;0;2812;18;719890
wzg.wzg99-530-stg_a1_1.m.de;;1;38749;8;9919752
wzg.wzg_9_502505_nbg_wvlt1_131.m.de;WZG_AQ_9_502505_Nbg_131;131;3549;113;908657
wzg.wzg_b2n_008850_mch_lsa_r_129.m.de;;129;848;208;217296
wzg.wzg_99_31150_stg_w2_2.m.de;;2;38743;102;9918310
wzg.wzg99-560-stg_a3_3.m.de;;3;38747;89;9919321
aq.aqaq10-mch.m.de;;0;36781;110;9416046
wzg.wzg_b2n_005695_gap_c1_106.m.de;;106;809;145;207249
wzg.aqb27_mch_c1_105.m.de;;105;3191;236;817132
wzg.wzg_99_3493_lin_a1_161.m.de;;161;38696;96;9906272
wzg.cluster_aqq37_sbg_h_193.m.de;;193;3152;248;807160
wzg.wzg_9_481060_mch_c1_105.m.de;WZG_AQ_9_481060_Mch_105;105;3584;106;917610
wzg.wzg92-440-mch_b1_97.m.de;;97;36003;102;9216870
wzg.wzg99-062-sbg_w3_36.m.de;WWQ_99062_36;36;38701;127;9907583
wzg.wzg_92_eost_0225_xz_w10_43.m.de;;43;36001;161;9216417
wzg.cluster_aqq253_mch_h_194.m.de;;194;3162;5;809477
wzg.wzg92-400-mch_w4_36.m.de;;36;36004;3;9217027
aq.wwq_96_171575_lin.m.de;;0;37577;255;9619967
wzg.cluster_aqq271_sbg_h_193.m.de;;193;3163;81;809809
wzg.wzg92-584-mch_w10_43.m.de;WWQ_92584_43;43;36001;188;9216444
aq.aq_b2n_008680_gap.m.de;;0;809;189;207293
wzg.wzg_96_147369_lin_z131_r_161.m.de;;161;37575;208;9619408
wzg.wzgaq198b-mch_bl1_4.m.de;;4;36782;29;9416221
wzg.wzg_9_495035_mch_c3_107.m.de;WZG_AQ_9_495035_Mch_107;107;3587;20;918292
wzg.wzg_9_500994_nbg_c1_73.m.de;WZG_AQ_9_500994_Nbg_73;73;3549;39;908583
aq.aq99-880-stg.m.de;;0;38699;77;9907021
wzg.aqb27_mch_pw1_161.m.de;;161;3191;236;817132
wzg.wzg99-235-sbg_b2_98.m.de;;98;38706;33;9908769
wzg.wzg_96_171060_mch_pw1_1.m.de;;1;37538;227;9609955
aq.aq_96_139409_lin.m.de;;0;37575;23;9619223
wzg.wzg_96_161485_mch_pw5_5.m.de;;5;37524;225;9606369
wzg.wzg_99_as6_230_sz_c1_105.m.de;;105;38695;202;9906122
wzg.wzg_b2n_008848_mch_b2_gv_164.m.de;;164;848;208;217296
wzg.wzg_b2n_005952_mch_dlz2_gv_42.m.de;;42;848;166;217254
wzg.wzg9-700-mch_w7_40.m.de;WWQ_9700_40;40;35668;192;9131200
wzg.dlz_96_139409_lin_dlz1_33.m.de;;33;37575;23;9619223
wzg.wzg_99_26825_stg_b3_67.m.de;;67;38703;21;9907989
wzg.wzg_96_147630_lin_c1_105.m.de;;105;37575;214;9619414
wzg.wzg92-130-deg_a2_4.m.de;;4;35962;145;9206417
wzg.cluster_aq_96_146600_lin_195.m.de;;195;37575;187;9619387
wzg.wzg9-328-nbg_w12_12.m.de;WWQ_9328_12;12;3541;221;906717
wzg.wzg_96_146011_mch_b1_65.m.de;;65;37575;175;9619375
wzg.wzg99-630-stg_w14_15.m.de;AQ99-630-Stg_15;15;38746;20;9918996
aq.aq_a7_959_720_fue.m.de;;0;2772;238;709870
wzg.aqq265_sbg_b1_65.m.de;;65;3163;2;809730
wzg.wzg_96_161485_mch_bl1_13.m.de;;13;37524;225;9606369
wzg.wzgaq198b-mch_cl1_194.m.de;;194;36782;29;9416221
wzg.wzg99-q9_sbg_a2_34.m.de;;34;38738;18;9916946
wzg.wzg92-490-mch_b1_163.m.de;;163;36002;223;9216735
wzg.wzg99-710-stg_b1_65.m.de;;65;38745;4;9918724
wzg.wzg92-040-deg_a2_2.m.de;;2;35961;27;9206043
wzg.wzg92-010-deg_b1_65.m.de;;65;35961;20;9206036
wzg.cluster_aq_99_3312_lin_197.m.de;;197;38696;96;9906272
aq.aq99-730-stg.m.de;;0;38744;16;9918480
wzg.aqq269_mch_c1_105.m.de;;105;3163;51;809779
aq.aq_99_11124_stg.m.de;;0;38737;126;9916798
wzg.wzg_9_498180_nbg_a3_3.m.de;WZG_AQ_9_498180_Nbg_3;3;3548;159;908447
wzg.wzg99-670-stg_w3_4.m.de;AQ99-670-Stg_4;4;38745;132;9918852
wzg.wzg9-760-mch_w20_55.m.de;WWQ_9760_55;55;35669;66;9131330
wzg.wzg99-635-stg_w11_12.m.de;AQ99-635-Stg_12;12;38745;213;9918933
aq.aq_96_143377_mch.m.de;;0;37575;112;9619312
wzg.cluster_aqq31a_sbg_h_193.m.de;;193;3152;209;807121
wzg.wzg_9_480000_nbg_b1_65.m.de;WZG_AQ_9_480000_Nbg_65;65;3545;42;907562
wzg.wzg_b2n_008623_mch_lsa2_132.m.de;;132;848;205;217293
wzg.wzg_96_141404_lin_bas_2_l_164.m.de;;164;37575;58;9619258
wzg.wzg9-125-nbg_w3_4.m.de;WWQ_9125_4;4;35279;158;9031582
aq.wwq_92_akneuf_1174_um.m.de;;0;36001;155;9216411
aq.aq99-305-sbg.m.de;;0;38709;5;9909509
wzg.aqq275_mch_c1_105.m.de;;105;3163;120;809848
wzg.wzg_9_487755_nbg_a1_1.m.de;WZG_AQ_9_487755_Nbg_1;1;3546;163;907939
wzg.wzg_9_504515_nbg_wvlt1_131.m.de;WZG_AQ_9_504515_Nbg_131;131;3549;211;908755
wzg.wzg_b2n_007115_mch_dlz2_gv_34.m.de;;34;848;180;217268
wzg.wzg_99_27885_stg_a3_3.m.de;;3;38703;99;9908067
wzg.wzg_99_25377_sbg_b2_98.m.de;;98;38741;183;9917879
aq.pw_99_31600_sbg.m.de;;0;38743;144;9918352
wzg.wzg_96_137000_mch_b1_131.m.de;;131;37574;223;9619167
wzg.cluster_aq99-020-sbg_193.m.de;;193;38699;195;9907139
aq.aq_9_498180_nbg.m.de;;0;3548;159;908447
wzg.wzg99-004-sbg_w1_1.m.de;;1;38737;249;9916921
wzg.wzg_99_10566_sbg_a1_131.m.de;;131;38698;110;9906798
wzg.wzg_9_akneuf_0840_af_w6_231.m.de;WWQ_9601_231;231;3590;99;919139
wzg.wwq_a7_944_025_fue_bl1_57.m.de;;57;2810;24;719384
wzg.wzg9-110-nbg_a1_1.m.de;WZG_AQ9_110_Nbg_1;1;35279;175;9031599
wzg.wzg_b17_780_0520_aug_a2_2.m.de;;2;6704;180;1716404
wzg.wzg_96_146145_lin_d2_40.m.de;;40;37575;178;9619378
wzg.wzg_b2_askre_1556_bc_pw7_7.m.de;;7;37172;31;9516063
wzg.wzg92-410-mch_w4_36.m.de;;36;36003;245;9217013
wzg.wzg_b2n_008848_mch_dlz1_1.m.de;;1;848;208;217296
wzg.wzg_99_29595_sbg_b1_97.m.de;;97;38703;223;9908191
wzg.wzg_99_ak8_700_uf_a1_35.m.de;;35;38697;57;9906489
wzg.wzg99-730-stg_b1_65.m.de;;65;38744;16;9918480
wzg.wzg9-760-mch_w11_46.m.de;WWQ_9760_46;46;35669;66;9131330
aq.aq_b17_780_0820_lbg_l.m.de;;0;6665;152;1706392
wzg.wzgwwq06-mch_wta1_226.m.de;WWQ94_006_Mch_226;226;36781;149;9416085
aq.aqwwq06-mch.m.de;;0;36781;149;9416085
wzg.wzg9-135-nbg_p_b1_65.m.de;WZG_AQ9_135_Nbg_P_65;65;35279;126;9031550
wzg.wzg_96_169700_mch_led1_74.m.de;;74;37538;195;9609923
wzg.wzg_9_510820_mch_w5_229.m.de;WWQ_9584_229;229;3590;20;919060
wzg.wzgwwq12-pas_wta1_226.m.de;WWQ94_012_Pas_226;226;36742;173;9406125
wzg.wzgwwq06-mch_wta2_227.m.de;WWQ94_006_Mch_227;227;36781;149;9416085
wzg.wzg9-730-mch_a2_34.m.de;WZG_AQ9_730_Mch_34;34;35669;7;9131271
wzg.wzg_96_146848_mch_dlz1_17.m.de;;17;37575;186;9619386
wzg.aqb12_mch_c2_106.m.de;;106;3192;198;817350
wzg.wzg_9_506950_nbg_b1_65.m.de;WZG_AQ_9_506950_Nbg_65;65;3550;73;908873
wzg.wzg8-120-mch_w7_40.m.de;AQ8O_120_Mch_40;40;3149;218;806362
wzg.cluster_aq_99_as7_000_sz_197.m.de;;197;38696;244;9906420
wzg.aqq33_sbg_a1_1.m.de;;1;3152;212;807124
wzg.cluster_wwq_99_28850_sbg_193.m.de;WWQ99_28850_Sbg;193;38703;167;9908135
wzg.cluster_wwq_99_24765_stg_194.m.de;;194;38702;123;9907835
wzg.wzg9-760-mch_w2_37.m.de;WWQ_9760_37;37;35669;66;9131330
wzg.wzg9-760-mch_w4_39.m.de;WWQ_9760_39;39;35669;66;9131330
wzg.lsa_99_3248_sbg_lsa1_1.m.de;;1;38735;112;9916272
wzg.wwq_a7_943_520_fue_pw1_33.m.de;;33;2810;8;719368
wzg.wzg_95_2434_mch_pw10_10.m.de;;10;37133;50;9506098
wzg.cluster_aqb27d_mch_h_193.m.de;;193;3191;224;817120
wzg.wzg_9_496895_nbg_wvlt1_131.m.de;WZG_AQ_9_496895_Nbg_131;131;3548;96;908384
wzg.cluster_aq9-610-mch_p_193.m.de;AQ_AQ9_610_Mch_193;193;35667;224;9130976
wzg.wzg_9_pfaf_0070_em_c1_183.m.de;WZG_AQ_9_Pfaf_0070_EM_183;183;3586;72;918088
wzg.wzg_9_487755_nbg_a4_4.m.de;WZG_AQ_9_487755_Nbg_4;4;3546;163;907939
wzg.aq_st2007_19_292_fue_st2007_bl1_25.m.de;;25;2810;37;719397
wzg.cluster_pw_99_32515_stg_196.m.de;;196;38704;152;9908376
wzg.wzg9-860-mch_w8_41.m.de;;41;35670;217;9131737
wzg.wzg_b2n_007815_mch_a1_133.m.de;;133;848;197;217285
wzg.wzg_b2n_008623_mch_led1_gv_129.m.de;;129;848;205;217293
wzg.wzg_96_138841_mch_a2_3.m.de;;3;37575;10;9619210
wzg.cluster_aqaq117-pas_194.m.de;;194;36742;248;9406200
wzg.wzg_99_11600_stg_c1_73.m.de;;73;38737;188;9916860
wzg.aqq48_sbg_a1_7.m.de;;7;3153;36;807204
wzg.wwq_a7_944_025_fue_pw2_34.m.de;;34;2810;24;719384
wzg.wzg9-781a-mch_w1_1.m.de;WWQ_9.781a_1;1;3579;175;916399
wzg.wzg_96_159167_lin_lsa1_gv_129.m.de;;129;37576;227;9619683
wzg.wzg_b2n_006563_mch_dlz2_gv_34.m.de;;34;848;173;217261
wzg.wzg_9_506950_nbg_b2_66.m.de;WZG_AQ_9_506950_Nbg_66;66;3550;73;908873
wzg.wzg_92_2900_deg_w4_228.m.de;WWQ_922900_228;228;35961;70;9206086
wzg.cluster_portal_a7_957_863_ulm_194.m.de;;194;2772;177;709809
wzg.cluster_aq_b17_800_0350_aug_r_194.m.de;;194;6665;119;1706359
aq.aq_99_as5_220_em.m.de;;0;38734;174;9916078
wzg.wzg_99_12270_stg_c1_73.m.de;;73;38737;237;9916909
wzg.wzg_9_505750_mch_wvlt1_163.m.de;WZG_AQ_9_505750_Mch_163;163;3589;28;918812
wzg.aq_94_108794_mch_a1_33.m.de;;33;36791;4;9418500
wzg.wzg_99_30830_sbg_a3_35.m.de;;35;38704;59;9908283
wzg.wzg_99_4616_lin_a2_162.m.de;;162;38696;209;9906385
wzg.wzg_b2n_006045_gap_dlz1_gv_9.m.de;;9;809;150;207254
wzg.wzg99-187-sbg_pw1_161.m.de;;161;38705;50;9908530
wzg.cluster_aq99-190-sbg_193.m.de;;193;38705;92;9908572
wzg.wzg_b2n_007511_mch_lsa2_132.m.de;;132;848;188;217276
wzg.wzg9-740-mch_w19_54.m.de;WWQ_9740_54;54;35669;28;9131292
wzg.aqq215_mch_e_a1_162.m.de;;162;3199;66;819010
wzg.wzg99-632-stg_w2_3.m.de;;3;38745;246;9918966
wzg.wzg99-290-sbg_a3_35.m.de;;35;38708;96;9909344
wzg.wzg_99_29595_sbg_c4_108.m.de;;108;38703;223;9908191
wzg.wzg_96_154253_lin_lsa1_163.m.de;;163;37576;102;9619558
wzg.hs_99_5345_lin_hs2_38.m.de;;38;38696;230;9906406
wzg.aq_a7_957_493_fue_b1_163.m.de;;163;2772;179;709811
wzg.wzg9-130-nbg_w4_5.m.de;WWQ_9130_5;5;35279;146;9031570
wzg.wzg_99_24765_stg_pw4_129.m.de;;129;38702;123;9907835
wzg.wzg9-120-nbg-l_a1_130.m.de;WZG_AQ9_120_Nbg_l_130;130;35279;165;9031589
aq.aq99-063-sbg.m.de;;0;38701;165;9907621
wzg.wzg99-685-stg_w2_3.m.de;AQ99-685-Stg_3;3;38745;99;9918819
wzg.wzg_b2n_008300_mch_dlz1_19.m.de;;19;848;205;217293
wzg.cluster_aq99-830-stg_194.m.de;;194;38739;236;9917420
wzg.cluster_aqq249_mch_h_194.m.de;;194;3161;199;809415
wzg.wzg99-248-sbg_pw2_131.m.de;;131;38706;71;9908807
wzg.wzg_9_511090_nbg_c2_74.m.de;WZG_AQ_9_511090_Nbg_74;74;3551;19;909075
wzg.wzgaq12-pas_c1_73.m.de;;73;36742;105;9406057
wzg.wzg_b2n_008130_gap_lsa_gv_131.m.de;;131;809;181;207285
wzg.wzg_99_24425_stg_wta1_1.m.de;;1;38702;97;9907809
wzg.aqq73_sbg_b2_66.m.de;;66;3153;148;807316
wzg.aqb26_mch_a2_34.m.de;;34;3191;253;817149
aq.wwq_95_2434_mch.m.de;;0;37133;50;9506098
wzg.wzgwwq202-mch_wta2_227.m.de;WWQ94_202_Mch_227;227;36781;216;9416152
wzg.wzg_99_4258_sbg_b1_131.m.de;;131;38735;144;9916304
wzg.wzg9-170-nbg_a1_1.m.de;WZG_AQ9_170_Nbg_1;1;35278;255;9031423
wzg.wzg_96_170371_mch_pw3_3.m.de;;3;37538;211;9609939
wzg.aq_a7_962_404_fue_c1_165.m.de;;165;2773;72;709960
wzg.wzg9-350-nbg_p_c1_75.m.de;WZG_AQ9_350_Nbg_P_75;75;35277;100;9031012
wzg.aqb15_mch_a2_34.m.de;;34;3192;158;817310
aq.aq_a7_962_404_ulm.m.de;;0;2773;71;709959
wzg.wzg92-650-mch_a1_33.m.de;;33;36000;133;9216133
wzg.wzg_9_503485_mch_b3_99.m.de;WZG_AQ_9_503485_Mch_99;99;3588;174;918702
wzg.aqb29_mch_a3_35.m.de;;35;3191;203;817099
wzg.wzg99-710-stg_c3_75.m.de;;75;38745;4;9918724
wzg.wzg_99_3674_sbg_c1_133.m.de;;133;38735;112;9916272
wzg.wzg92-210-deg_a3_3.m.de;;3;35963;97;9206625
wzg.wzg99-830-stg_b2_66.m.de;;66;38739;236;9917420
wzg.cluster_aq92-520-mch_193.m.de;;193;36002;145;9216657
aq.aqwwq201-mch.m.de;;0;36781;224;9416160
wzg.wzg9-790-mch_a4_36.m.de;WZG_AQ9_790_Mch_36;36;35670;25;9131545
aq.aq_96_137000_mch.m.de;;0;37574;223;9619167
wzg.wzg8-120-mch_w8_41.m.de;AQ8O_120_Mch_41;41;3149;218;806362
aq.aqaq205-mch.m.de;;0;36781;233;9416169
wzg.cluster_aq99520_stg_h_194.m.de;;194;38749;135;9919879
wzg.wzg_99_9800_sbg_bl1_r_165.m.de;;165;38698;36;9906724
wzg.aqq213_sbg_c1_73.m.de;;73;3160;47;809007
aq.aq_96_146145_lin.m.de;;0;37575;178;9619378
wzg.cluster_aq_b310_9_843_ulm_b310_194.m.de;;194;2773;4;709892
wzg.aqb17_mch_b1_97.m.de;;97;3192;128;817280
aq.wwq_9_511805_mch.m.de;;0;3590;68;919108
wzg.wzgwwq114-pas_w1_1.m.de;;1;36742;192;9406144
wzg.wzg_b471_24741_dah_w5_230.m.de;;230;40902;111;10471023
wzg.wzg_99_30450_stg_a4_4.m.de;;4;38743;49;9918257
wzg.wzg99-270-sbg_c2_105.m.de;;105;38707;122;9909114
wzg.wzg92-270-deg_b1_131.m.de;;131;35963;196;9206724
wzg.aqb12_mch_a2_34.m.de;;34;3192;198;817350
wzg.aq_94_108794_mch_bl1_121.m.de;;121;36791;4;9418500
wzg.aqb27_mch_b3_99.m.de;;99;3191;236;817132
wzg.wzg_9_504520_mch_a2_34.m.de;WZG_AQ_9_504520_Mch_34;34;3588;226;918754
wzg.wzg_96_147221_lin_a2_34.m.de;;34;37575;205;9619405
wzg.aqq265_sbg_c1_73.m.de;;73;3163;2;809730
wzg.wzgaq115a-pas_rgr_129.m.de;;129;36742;188;9406140
wzg.cluster_aqaq14-pas_194.m.de;;194;36742;163;9406115
aq.aq92-684-mch.m.de;;0;36000;48;9216048
wzg.cluster_aq_94_110089_pas_198.m.de;;198;36752;19;9408531
wzg.wzg9-789-mch_wta2_34.m.de;;34;35670;16;9131536
wzg.aqb26_mch_c1_105.m.de;;105;3191;253;817149
wzg.aqq235_mch_a2_34.m.de;;34;3160;242;809202
wzg.wzg92-710-mch_b1_97.m.de;;97;36002;7;9216519
wzg.wzg_96_170371_mch_led1_74.m.de;;74;37538;211;9609939
wzg.wzg_b2n_006400_gap_lsa_l_164.m.de;;164;809;156;207260
wzg.cluster_aq_b17_780_0520_aug_r_194.m.de;;194;6704;180;1716404
wzg.aq_a7_953_247_fue_a2_34.m.de;;34;2811;52;719668
wzg.wzg_9_486950_mch_a4_36.m.de;WZG_AQ_9_486950_Mch_36;36;3585;137;917897
aq.aq_b2n_007472_gap.m.de;;0;809;172;207276
wzg.wzg_b17_800_0350_lbg_a1_33.m.de;;33;6665;119;1706359
wzg.wzg_96_162645_mch_pw9_9.m.de;;9;37524;186;9606330
wzg.aq_a8o_54060_sbg_w1_2.m.de;;2;3154;5;807429
wzg.wzg_9_496895_nbg_a2_2.m.de;WZG_AQ_9_496895_Nbg_2;2;3548;96;908384
wzg.wzg_99_5620_lin_d2_164.m.de;;164;38696;244;9906420
wzg.cluster_aq99-062-sbg_193.m.de;WWQ_99062;193;38701;127;9907583
wzg.wzg_9_491895_nbg_a4_4.m.de;WZG_AQ_9_491895_Nbg_4;4;3547;109;908141
wzg.wzg_9_506690_mch_c1_105.m.de;WZG_AQ_9_506690_Mch_105;105;3589;76;918860
wzg.wzg_99_9140_sbg_a2_34.m.de;;34;38697;244;9906676
wzg.wzg_r200_000022_gap_lsa_r_163.m.de;;163;809;61;207165
wzg.cluster_aq92-540-mch_193.m.de;;193;36002;90;9216602
wzg.aqb18_mch_b2_98.m.de;;98;3192;113;817265
aq.wwq_9_491590_nbg.m.de;;0;3547;94;908126
wzg.wzg9-361-nbg_c1_73.m.de;;73;35277;64;9030976
wzg.aqq35_sbg_b3_66.m.de;;66;3152;231;807143
wzg.wzg_96_161485_mch_pw1_1.m.de;;1;37524;225;9606369
wzg.wzg_92_akneuf_0440_xw_a1_161.m.de;;161;36001;137;9216393
wzg.wzg99510_stg_a2_2.m.de;;2;38749;182;9919926
wzg.cluster_aq_9_508590_mch_193.m.de;AQ_AQ_9_508590_Mch_193;193;3589;166;918950
wzg.aq_a7_960_120_ulm_c1_133.m.de;;133;2772;249;709881
wzg.wzg_96_160770_lin_z131_c_l_164.m.de;;164;37577;6;9619718
wzg.aqq33_sbg_pw2_130.m.de;;130;3152;212;807124
wzg.wzg_8_5050_stg_c1_105.m.de;;105;3144;229;805093
wzg.wzg_9_503485_mch_dlz1_41.m.de;WZG_AQ_9_503485_Mch_41;41;3588;174;918702
wzg.aqq13_sbg_ea2_34.m.de;;34;3152;173;807085
wzg.wzg_8_10000_stg_a3_35.m.de;;35;3145;64;805184
wzg.wzg_b2n_007554_gap_lsa_gv_131.m.de;;131;809;172;207276
wzg.wzg_9_487755_nbg_wvlt1_131.m.de;WZG_AQ_9_487755_Nbg_131;131;3546;163;907939
wzg.wzg9-240-nbg_b2_66.m.de;WZG_AQ9_240_Nbg_66;66;35278;119;9031287
wzg.wzg_9_504520_mch_wvlt1_163.m.de;WZG_AQ_9_504520_Mch_163;163;3588;226;918754
wzg.wzg_9_504520_mch_c3_107.m.de;WZG_AQ_9_504520_Mch_107;107;3588;226;918754
wzg.wzg_99_27814_sbg_a1_33.m.de;;33;38742;107;9918059
wzg.wzg9-793-mch_w6_42.m.de;;42;35669;202;9131466
wzg.wzg_9_506950_nbg_dlz1_9.m.de;WZG_AQ_9_506950_Nbg_9;9;3550;73;908873
wzg.aq_94_110189_pas_a1_1.m.de;;1;36752;22;9408534
wzg.cluster_aqb26b_mch_h_193.m.de;;193;3191;244;817140
wzg.wzg_9_495035_mch_b2_98.m.de;WZG_AQ_9_495035_Mch_98;98;3587;20;918292
wzg.wzg9-805-mch_wta1_1.m.de;;1;3578;202;916170
wzg.wzg99-670-stg_w7_8.m.de;AQ99-670-Stg_8;8;38745;132;9918852
wzg.cluster_aq_96_146350_lin_197.m.de;;197;37575;187;9619387
wzg.wzg_96_154790_lin_a3_35.m.de;;35;37576;124;9619580
wzg.aq_94_108999_mch_a1_33.m.de;;33;36791;9;9418505
wzg.wzg9-760-mch_w6_41.m.de;WWQ_9760_41;41;35669;66;9131330
wzg.wzg9-870-mch_w2_35.m.de;;35;35670;243;9131763
wzg.wzg_99_10991_sbg_dlz3_19.m.de;;19;38698;110;9906798
aq.wwq_92_akneuf_1454_um.m.de;;0;36001;147;9216403
wzg.wzg_9_496600_mch_b2_98.m.de;WZG_AQ_9_496600_Mch_98;98;3587;95;918367
wzg.cluster_aq_99_29595_sbg_193.m.de;;193;38703;223;9908191
wzg.wzg92-440-mch_c1_105.m.de;;105;36003;102;9216870
wzg.wzg_9_506690_mch_a4_36.m.de;WZG_AQ_9_506690_Mch_36;36;3589;76;918860
wzg.aqq287_sbg_c1_73.m.de;;73;3163;200;809928
wzg.wzg_9_505750_mch_a1_33.m.de;WZG_AQ_9_505750_Mch_33;33;3589;28;918812
aq.aq_96_146377_mch.m.de;;0;37575;186;9619386
wzg.wzg9-630-mch_a4_36.m.de;WZG_AQ9_630_Mch_36;36;35668;12;9131020
wzg.wzg_99_18390_stg_w3_227.m.de;WWQ_99.X_227;227;38739;180;9917364
wzg.aqq249_mch_a2_34.m.de;;34;3161;199;809415
wzg.aqq45b_sbg_w1_1.m.de;;1;3153;25;807193
wzg.wzg_b2n_006170_gap_dlz1_49.m.de;;49;809;150;207254
wzg.cluster_aqfsa02-mch_193.m.de;;193;36781;187;9416123
wzg.aqq65_sbg_a2_2.m.de;;2;3153;124;807292
wzg.wzg_99_asash_0535_nz_w2_130.m.de;;130;38743;33;9918241
wzg.wzg_99_as10_0240_tz_lsa3_r_129.m.de;;129;38738;17;9916945
wzg.wzg99-632-stg_w1_2.m.de;;2;38745;246;9918966
wzg.wzgaq198b-mch_w2_2.m.de;;2;36782;29;9416221
wzg.wzg9-830-mch_wta2_34.m.de;;34;35670;125;9131645
aq.aq_99_7588_sbg.m.de;;0;38736;144;9916560
wzg.cluster_aq92-586-mch_193.m.de;WWQ_92586;193;36001;181;9216437
wzg.aqq29_sbg_a1_1.m.de;;1;3152;181;807093
wzg.wzg99-714-stg_c1_73.m.de;;73;38744;200;9918664
wzg.aqq23_sbg_c1_105.m.de;;105;42644;62;10916926
wzg.cluster_aqq275_mch_h_194.m.de;;194;3163;120;809848
aq.aq_96_146350_lin.m.de;;0;37575;187;9619387
wzg.aqq39_sbg_c3_74.m.de;;74;3153;6;807174
wzg.cluster_aq99-718-stg_194.m.de;;194;38744;131;9918595
wzg.aq_96_170635_mch_b1_65.m.de;;65;37538;216;9609944
wzg.wzg_99_8468_sbg_a2_2.m.de;;2;38736;209;9916625
wzg.www_st2068_fr-w_pw2_171.m.de;;171;37562;133;9616005
wzg.wzg_b2n_007525_mch_dlz1_gv_41.m.de;;41;848;188;217276
wzg.wzg_9_510505_nbg_wvlt1_131.m.de;WZG_AQ_9_510505_Nbg_131;131;3550;248;909048
wzg.cluster_aq_b2n_005952_mch_cluster_198.m.de;;198;848;166;217254
wzg.wzgaq14-pas_c2_74.m.de;;74;36742;163;9406115
wzg.cluster_aq99-805-stg_194.m.de;;194;38741;80;9917776
wzg.cluster_aq_99_3493_lin_195.m.de;;195;38696;96;9906272
wzg.cluster_aq_99_11964_stg_194.m.de;;194;38737;214;9916886
wzg.aq_a7_960_920_fue_b1_97.m.de;;97;2812;28;719900
wzg.wzgaq01-mch_c2_108.m.de;;108;36782;84;9416276
aq.aq99-580-stg.m.de;;0;38746;230;9919206
wzg.wzg92-470-mch_a1_33.m.de;;33;36002;250;9216762
wzg.wzg_b2n_008364_gap_dlz1_49.m.de;;49;809;181;207285
aq.aqq63_sbg_h.m.de;;0;3153;115;807283
wzg.wzg92-696-mch_w2_3.m.de;WWQ_92696_3;3;36000;23;9216023
wzg.cluster_aqq231_mch_h_193.m.de;;193;3199;210;819154
wzg.wzg_96_as33_0160_tz_a1_33.m.de;;33;37562;132;9616004
wzg.wzg_92_eost_0225_xz_w3_36.m.de;;36;36001;161;9216417
aq.aq_b2n_007554_gap.m.de;;0;809;172;207276
aq.aq92-500-mch.m.de;;0;36002;198;9216710
wzg.cluster_aq_9_481060_mch_193.m.de;AQ_AQ_9_481060_Mch_193;193;3584;106;917610
wzg.aqq287_sbg_a2_2.m.de;;2;3163;200;809928
wzg.cluster_aq9-168-nbg_194.m.de;AQ_AQ9_166_Nbg_194;194;35279;46;9031470
wzg.wzg92-220-deg_bl1_3.m.de;;3;35963;114;9206642
wzg.wzg_b2n_005935_gap_a2_162.m.de;;162;809;150;207254
wzg.wzg_b2n_007115_mch_dlz2_2.m.de;;2;848;180;217268
wzg.wzg9-248-nbg_w1_1.m.de;WWQ_9248_1;1;3541;6;906502
wzg.wzgaq194-mch_w3_3.m.de;WWQ94_194_Mch_3;3;36782;55;9416247
wzg.wzg_9_505200_mch_dlz1_33.m.de;WZG_AQ_9_505200_Mch_33;33;3589;3;918787
aq.aq9-135-nbg.m.de;;0;35279;126;9031550
wzg.cluster_aq_9_487755_nbg_194.m.de;AQ_AQ_9_487755_Nbg_194;194;3546;163;907939
wzg.aqb28_mch_a1_33.m.de;;33;3191;220;817116
aq.aqaq202e-mch.m.de;;0;36791;253;9418749
wzg.cluster_aq_8_5050_stg_193.m.de;;193;3144;229;805093
wzg.wzg_96_140495_lin_a2_34.m.de;;34;37575;49;9619249
wzg.wzg_99_26825_stg_c2_74.m.de;;74;38703;21;9907989
wzg.wzg99-820-stg_b3_67.m.de;;67;38740;90;9917530
wzg.wzg92-684-mch_cl1_193.m.de;WWQ_92684;193;36000;48;9216048
wzg.wzg99-160-sbg_w7_39.m.de;AQ99-160-Sbg_39;39;38704;249;9908473
wzg.wzgaq11-pas_a1_2.m.de;;2;36742;86;9406038
wzg.wzg_99_32050_stg_b3_67.m.de;;67;38704;152;9908376
wzg.wzg_99_27885_stg_a5_5.m.de;;5;38703;99;9908067
wzg.aq_a7_958_183_ulm_c2_134.m.de;;134;2772;190;709822
wzg.wzg_99_10566_sbg_a2_132.m.de;;132;38698;110;9906798
wzg.wzg99-590-stg_a1_1.m.de;;1;38746;105;9919081
wzg.cluster_aq_96_139135_mch_194.m.de;;194;37575;16;9619216
wzg.cluster_aqq255_sbg_h_193.m.de;;193;3162;45;809517
wzg.wzg9-789-mch_w4_40.m.de;;40;35670;16;9131536
wzg.wzg_96_160143_lin_dlz1_gv_1.m.de;;1;37576;246;9619702
aq.aq_99_27885_stg.m.de;;0;38703;99;9908067
wzg.wzg_9_477875_mch_a2_34.m.de;WZG_AQ_9_477875_Mch_34;34;3583;207;917455
wzg.wzg_96_160126_lin_a1_161.m.de;;161;37576;246;9619702
aq.aq_99_12270_stg.m.de;;0;38737;237;9916909
aq.aq_9_503485_mch.m.de;;0;3588;174;918702
wzg.wzg_99_28850_sbg_wta1_35.m.de;WWQ99_28850_Sbg_35;35;38703;167;9908135
wzg.wzg_99_30450_stg_a5_5.m.de;;5;38743;49;9918257
wzg.wzg_92_eost_0225_xz_w2_35.m.de;;35;36001;161;9216417
wzg.cluster_aqaq10-mch_193.m.de;;193;36781;110;9416046
aq.aq_96_170635_mch.m.de;;0;37538;216;9609944
wzg.wzgaq10b-mch_a1_34.m.de;;34;36742;71;9406023
wzg.wzg_92_2430_deg_w3_227.m.de;WWQ_922430_227;227;35961;55;9206071
wzg.wzg_96_143948_mch_a2_2.m.de;;2;37575;127;9619327
wzg.wzg_99_4052_lin_a1_161.m.de;;161;38696;128;9906304
wzg.wzg99-650-stg_w6_7.m.de;AQ99-650-Stg_7;7;38745;163;9918883
wzg.wzg9-170-nbg_c3_75.m.de;WZG_AQ9_170_Nbg_75;75;35278;255;9031423
wzg.aqq229_sbg_a2_2.m.de;;2;3160;180;809140
wzg.wzg99-590-stg_w1_6.m.de;;6;38746;105;9919081
wzg.wzg99-635-stg_w4_5.m.de;AQ99-635-Stg_5;5;38745;213;9918933
wzg.wzg_96_159650_lin_dlz2_33.m.de;;33;37576;234;9619690
wzg.aqq51_sbg_a1_1.m.de;;1;3153;55;807223
wzg.aqq77_sbg_c1_73.m.de;;73;3153;163;807331
aq.aq_b2n_005450_gap.m.de;;0;809;142;207246
wzg.cluster_aqq218_mch_e_193.m.de;;193;3160;78;809038
aq.aqq253_sbg_h.m.de;;0;3162;5;809477
wzg.wzg99-060-sbg_c3_107.m.de;;107;38701;108;9907564
wzg.wzg_99_26825_stg_c3_75.m.de;;75;38703;21;9907989
wzg.wzg99d10_stg_a1_4.m.de;;4;38749;182;9919926
wzg.aqq65_sbg_a3_3.m.de;;3;3153;124;807292
wzg.wzg9-870-mch_w1_34.m.de;;34;35670;243;9131763
wzg.wzg_b2n_006796_gap_a1_163.m.de;;163;809;163;207267
wzg.wzg9-790-mch_b1_97.m.de;WZG_AQ9_790_Mch_97;97;35670;25;9131545
aq.aq_b2n_007492_gap.m.de;;0;809;172;207276
wzg.wzg_99_25600_stg_pw3_135.m.de;;135;38702;184;9907896
wzg.wzg9-125-nbg_w6_7.m.de;WWQ_9125_7;7;35279;158;9031582
wzg.aqb17_mch_a3_35.m.de;;35;3192;128;817280
wzg.wzg_99_5125_sbg_c2_140.m.de;;140;38735;225;9916385
wzg.wzg9-850-mch_wta1_33.m.de;;33;35670;148;9131668
wzg.wzg9-350-nbg_c1_73.m.de;WZG_AQ9_350_Nbg_73;73;35277;100;9031012
wzg.wzg92-160-deg_a1_1.m.de;;1;35962;230;9206502
wzg.aqq27_sbg_c2_75.m.de;;75;3152;173;807085
wzg.wzg9-620-mch_w2_35.m.de;;35;35668;4;9131012
wzg.cluster_wwq_b2_askre_1556_bc_194.m.de;;194;37172;31;9516063
wzg.wzg_9_504520_mch_a3_35.m.de;WZG_AQ_9_504520_Mch_35;35;3588;226;918754
wzg.wzg9-710-mch_w16_49.m.de;WWQ_9710_49;49;35668;212;9131220
aq.aqq31a_sbg_h.m.de;;0;3152;209;807121
wzg.wzg99-540-stg_a1_1.m.de;;1;38748;55;9919543
aq.wwq_99_30715_stg.m.de;;0;38743;68;9918276
aq.aq_8_10000_stg.m.de;;0;3145;64;805184
wzg.wzg92-410-mch_w1_33.m.de;;33;36003;245;9217013
wzg.aqq39_sbg_b3_66.m.de;;66;3153;6;807174
aq.aq92-588-mch.m.de;;0;36001;173;9216429
wzg.wzg99-210-sbg_c3_107.m.de;;107;38705;187;9908667
wzg.wzg_9_496600_mch_b3_99.m.de;WZG_AQ_9_496600_Mch_99;99;3587;95;918367
wzg.aqb23_mch_a3_35.m.de;;35;3192;39;817191
wzg.aqq73_sbg_a3_3.m.de;;3;3153;148;807316
wzg.aqb29_mch_c3_107.m.de;;107;3191;203;817099
wzg.wzg_9_511350_mch_bl2_226.m.de;WWQ_9586_226;226;3590;46;919086
wzg.wzg_99_4862_sbg_a1_129.m.de;;129;38735;225;9916385
wzg.wzg99-280-sbg_c1_105.m.de;;105;38707;228;9909220
wzg.portal_a7_957_863_ulm_sr2_15.m.de;;15;2772;177;709809
wzg.wzg_9_502505_nbg_a4_4.m.de;WZG_AQ_9_502505_Nbg_4;4;3549;113;908657
wzg.hs_99a_104533_mch_hs1_171.m.de;;171;38748;252;9919740
wzg.wzg_99_31162_sbg_dlz1_33.m.de;;33;38704;93;9908317
wzg.wzg_96_162645_mch_bl1_13.m.de;;13;37524;186;9606330
wzg.wzg99-830-stg_b1_65.m.de;;65;38739;236;9917420
wzg.wzg99520_stg_a4_4.m.de;;4;38749;135;9919879
wzg.wzg_9_477875_mch_a1_33.m.de;WZG_AQ_9_477875_Mch_33;33;3583;207;917455
wzg.wzg99-058-sbg_lcd1_35.m.de;WWQ_99058_35;35;38701;60;9907516
wzg.wzg_8_7430_mch_wta7_7.m.de;;7;3149;109;806253
wzg.wzg_b17_760_0480_aug_b1_65.m.de;;65;6704;245;1716469
wzg.wzg92-400-mch_w1_33.m.de;;33;36004;3;9217027
wzg.wzg_8_10000_stg_a1_33.m.de;;33;3145;64;805184
aq.aqq281_sbg_e.m.de;;0;3163;153;809881
wzg.wzgaq116-pas_c1_73.m.de;;73;36742;227;9406179
wzg.aq_a8o_54950_sbg_w2_3.m.de;;3;3154;12;807436
wzg.wzg92-684-mch_wta2_5.m.de;WWQ_92684_5;5;36000;48;9216048
wzg.aqq65_sbg_b2_66.m.de;;66;3153;124;807292
wzg.wzg_b2n_005988_gap_dlz1_33.m.de;;33;809;150;207254
wzg.wzg9-690-mch_a1_33.m.de;WZG_AQ9_690_Mch_33;33;35668;174;9131182
aq.aq92-240-deg.m.de;;0;35963;127;9206655
wzg.wzg_99_18390_stg_w4_228.m.de;WWQ_99.X_228;228;38739;180;9917364
wzg.wzg_99_18390_stg_bl1_231.m.de;WWQ_99.X_231;231;38739;180;9917364
wzg.wzg_96_139729_lin_lsa1_gv_129.m.de;;129;37575;36;9619236
wzg.wzg_96_145861_mch_a1_1.m.de;;1;37575;172;9619372
wzg.wzg9-790-mch_c4_108.m.de;WZG_AQ9_790_Mch_108;108;35670;25;9131545
aq.portal_a7_957_039_fue.m.de;;0;2772;156;709788
wzg.wzg_b2n_007472_gap_dlz1_gv_9.m.de;;9;809;172;207276
wzg.wzg_b2n_006400_gap_led1_gv_161.m.de;;161;809;156;207260
wzg.cluster_aq_9_akmno_0720_ps_193.m.de;;193;3553;126;909694
wzg.aq_96_170635_mch_a3_3.m.de;;3;37538;216;9609944
wzg.wzg9-210-nbg_a3_3.m.de;WZG_AQ9_210_Nbg_3;3;35278;174;9031342
wzg.wzg9-793-mch_w1_37.m.de;;37;35669;202;9131466
wzg.wzg_96_162645_mch_pw2_2.m.de;;2;37524;186;9606330
wzg.cluster_aq_99_8468_sbg_194.m.de;;194;38736;209;9916625
wzg.wzg_96_140645_lin_a2_34.m.de;;34;37575;53;9619253
wzg.wzg8-120-mch_w2_35.m.de;AQ8O_120_Mch_35;35;3149;218;806362
wzg.wzg99-250-sbg_a1_33.m.de;;33;38706;131;9908867
wzg.wzg99-250-sbg_c2_106.m.de;;106;38706;131;9908867
wzg.wzg99-718-stg_w3_3.m.de;;3;38744;131;9918595
wzg.wzg99-635-stg_w10_11.m.de;AQ99-635-Stg_11;11;38745;213;9918933
wzg.wzg_96_169700_mch_pw5_5.m.de;;5;37538;195;9609923
wzg.wzg9-308-nbg_w5_5.m.de;WWQ_9308_5;5;3541;180;906676
wzg.wzgaq14-pas_c1_73.m.de;;73;36742;163;9406115
wzg.wzg99-710-stg_a1_1.m.de;;1;38745;4;9918724
wzg.wzg_92_akneuf_1174_um_w1_34.m.de;WWQ_92_AK_Neuf_1174_UM_34;34;36001;155;9216411
wzg.cluster_aqq9_sbg_h_193.m.de;;193;38738;18;9916946
wzg.aqq287_sbg_b1_65.m.de;;65;3163;200;809928
wzg.wzg92-630-mch_a1_33.m.de;;33;36001;9;9216265
wzg.wzg92-210-deg_b2_66.m.de;;66;35963;97;9206625
wzg.wzg99-010-sbg_c1_105.m.de;;105;38699;50;9906994
wzg.wzg_96_137920_mch_bas_2_r_131.m.de;;131;37575;10;9619210
wzg.wzg_b2n_006434_gap_dlz1_gv_9.m.de;;9;809;156;207260
wzg.wzg_99_30830_sbg_a1_33.m.de;;33;38704;59;9908283
wzg.wzg_99_30450_stg_b4_68.m.de;;68;38743;49;9918257
wzg.wzg_96_146011_mch_z131_l_130.m.de;;130;37575;175;9619375
wzg.wzg99-270-sbg_w1_37.m.de;;37;38707;122;9909114
wzg.wzg_96_138841_mch_c1_74.m.de;;74;37575;10;9619210
wzg.wzg_96_169700_mch_pw4_4.m.de;;4;37538;195;9609923
wzg.wzg_99_4616_lin_c2_166.m.de;;166;38696;209;9906385
wzg.wzg_99_7588_sbg_a2_2.m.de;;2;38736;144;9916560
aq.aq_99_8784_lin.m.de;;0;38697;221;9906653
aq.aqaq194-mch.m.de;;0;36782;55;9416247
wzg.wzg92-588-mch_w3_36.m.de;WWQ_92588_36;36;36001;173;9216429
aq.aq_b2n_006763_mch.m.de;;0;848;180;217268
wzg.aqq45_sbg_b3_66.m.de;;66;3153;22;807190
wzg.aqb20_mch_c1_105.m.de;;105;3192;76;817228
wzg.wzg_96_159650_lin_dlz3_gv_3.m.de;;3;37576;234;9619690
wzg.portal_a7_957_863_ulm_sr1_7.m.de;;7;2772;177;709809
wzg.aqq259_mch_a2_34.m.de;;34;3162;162;809634
wzg.wzg_9_495035_mch_c1_105.m.de;WZG_AQ_9_495035_Mch_105;105;3587;20;918292
wzg.aqb22_mch_b2_98.m.de;;98;3192;52;817204
wzg.wzg9-860-mch_w6_39.m.de;;39;35670;217;9131737
wzg.wzg_9_500390_mch_c3_107.m.de;WZG_AQ_9_500390_Mch_107;107;3588;23;918551
wzg.wzg99-160-sbg_w5_37.m.de;AQ99-160-Sbg_37;37;38704;249;9908473
wzg.aq_94_108895_mch_c1_105.m.de;;105;36791;7;9418503
aq.aq_9_492226_mch.m.de;;0;3586;138;918154
wzg.aqq51_sbg_a2_2.m.de;;2;3153;55;807223
wzg.wzg9-781c-mch_w1_1.m.de;WWQ_9.781c_1;1;3579;128;916352
wzg.wzg_96_146350_lin_dlz1_gv_17.m.de;;17;37575;187;9619387
wzg.wzg_9_490336_mch_c1_105.m.de;WZG_AQ_9_490336_Mch_105;105;3586;44;918060
wzg.aqq255_mch_a2_34.m.de;;34;3162;45;809517
wzg.wzg_96_161150_lin_b1_97.m.de;;97;37577;15;9619727
wzg.wzgwwq10-pas_wta3_227.m.de;WWQ94_010_Pas_227;227;36742;138;9406090
wzg.wzg99-q9_sbg_b1_97.m.de;;97;38738;18;9916946
wzg.wzg99-670-stg_w8_9.m.de;AQ99-670-Stg_9;9;38745;132;9918852
wzg.wzg_b2n_006170_gap_a1_167.m.de;;167;809;150;207254
aq.aq_96_145758_lin.m.de;;0;37575;168;9619368
wzg.aqq285_mch_a2_34.m.de;;34;3202;201;819913
wzg.wzg_99a_103808_mch_b2_r_161.m.de;;161;38748;229;9919717
wzg.wzg_99_31150_stg_w3_3.m.de;;3;38743;102;9918310
wzg.aqb24_mch_c1_105.m.de;;105;3192;22;817174
wzg.wzg_9_510820_mch_bl2_226.m.de;WWQ_9584_226;226;3590;20;919060
wzg.wzg_9_511350_mch_w9_233.m.de;WWQ_9586_233;233;3590;46;919086
wzg.wzg_96_147036_lin_led_pf_163.m.de;;163;37575;201;9619401
wzg.wzg_b2n_008281_mch_lsa_gv_165.m.de;;165;848;205;217293
aq.wwq_9_akneuf_0840_af.m.de;;0;3590;99;919139
wzg.wzg_99_11515_sbg_a3_35.m.de;;35;38698;163;9906851
wzg.dlz_99_11440_stg_dlz2_34.m.de;;34;38737;188;9916860
aq.aq_a8o_54950_sbg.m.de;;0;3154;12;807436
wzg.cluster_aq99-260-sbg_193.m.de;;193;38707;6;9908998
wzg.wzg99-811-stg_c1_73.m.de;;73;38740;193;9917633
wzg.wzg_99a_102700_stg_c1_73.m.de;;73;38709;177;9909681
aq.aq99-058-sbg.m.de;;0;38701;60;9907516
aq.aqq279_mch_e.m.de;;0;3202;165;819877
aq.aq92-250-mch.m.de;;0;36002;158;9216670
wzg.cluster_aq_b2n_007472_gap_cluster_195.m.de;;195;809;172;207276
wzg.aqb24_mch_a1_33.m.de;;33;3192;22;817174
wzg.wzg_9_493593_mch_c3_107.m.de;WZG_AQ_9_493593_Mch_107;107;3586;206;918222
wzg.cluster_aq_a7_961_684_ulm_194.m.de;;194;2812;49;719921
wzg.wzg_96_145638_lin_a2_40.m.de;;40;37575;168;9619368
wzg.wzg_9_496600_mch_c1_105.m.de;WZG_AQ_9_496600_Mch_105;105;3587;95;918367
aq.aq92-572a-mch.m.de;;0;36001;218;9216474
wzg.wzg_99_32050_stg_c1_73.m.de;;73;38704;152;9908376
wzg.wzg92-623-mch_bl1_2.m.de;WWQ_92623_2;2;36001;32;9216288
aq.aq_b2n_007279_mch.m.de;;0;848;188;217276
aq.aq99-9-b10-stg.m.de;;0;38741;146;9917842
wzg.aqb15_mch_a1_33.m.de;;33;3192;158;817310
wzg.dlz_99_5182_lin_dlz2_35.m.de;;35;38696;209;9906385
wzg.cluster_aq92-010-deg_194.m.de;;194;35961;20;9206036
wzg.wzg_99_10170_stg_c1_73.m.de;;73;38737;82;9916754
wzg.aqq209_mch_b1_97.m.de;;97;3199;21;818965
aq.aq99-145-sbg.m.de;;0;38704;155;9908379
wzg.aqb19_mch_a2_34.m.de;;34;3192;93;817245
wzg.wzg_99_26825_stg_a4_4.m.de;;4;38703;21;9907989
wzg.cluster_aqq257_mch_h_194.m.de;;194;3162;109;809581
wzg.wzg9-794-mch_ufl2_3.m.de;;3;3578;228;916196
wzg.cluster_aq99510_stg_h_194.m.de;;194;38749;182;9919926
wzg.wzg_9_511805_mch_w8_233.m.de;WWQ_9590_233;233;3590;68;919108
wzg.wzg_96_146350_mch_dlz2_gv_34.m.de;;34;37575;186;9619386
wzg.cluster_aq_b2n_008364_gap_cluster_197.m.de;;197;809;181;207285
wzg.wzg_9_490310_nbg_c1_73.m.de;WZG_AQ_9_490310_Nbg_73;73;3547;32;908064
wzg.wzg99-060-sbg_b2_98.m.de;;98;38701;108;9907564
aq.aq_99_11515_sbg.m.de;;0;38698;163;9906851
wzg.aqq13_sbg_eb1_97.m.de;;97;3152;173;807085
wzg.aqq45_sbg_c2_73.m.de;;73;3153;22;807190
wzg.aq_a7_956_719_fue_a1_161.m.de;;161;2811;159;719775
aq.aq_a7_951_200_fue.m.de;;0;2810;245;719605
wzg.wzg92-050-deg_a2_2.m.de;;2;35961;88;9206104
wzg.wzg_9_491350_mch_b1_97.m.de;WZG_AQ_9_491350_Mch_97;97;3586;95;918111
wzg.aq_a7_956_719_fue_c2_166.m.de;;166;2811;159;719775
aq.aqaq117-pas.m.de;;0;36742;248;9406200
wzg.aqq209_mch_c1_105.m.de;;105;3199;21;818965
wzg.wzg99-063-stg_w1_34.m.de;WWQ_99063_34;34;38701;165;9907621
wzg.wzg_99_29220_stg_a4_4.m.de;;4;38742;221;9918173
wzg.cluster_aq_b2n_007815_mch_cluster_198.m.de;;198;848;197;217285
wzg.cluster_portal_a7_961_170_fue_193.m.de;;193;2812;47;719919
wzg.wzg_99_2700_sbg_a1_129.m.de;;129;38735;38;9916198
wzg.wzg92-020-deg_b1_65.m.de;;65;35960;254;9206014
wzg.wzg_99_25381_stg_a1_1.m.de;;1;38702;168;9907880
wzg.wwq_a7_959_514_fue_pw2_34.m.de;;34;2811;245;719861
wzg.aq_94_110089_pas_lsa2_2.m.de;;2;36752;19;9408531
wzg.wzg92-180-deg_b2_66.m.de;;66;35963;73;9206601
wzg.wzg_96_146350_mch_dlz1_1.m.de;;1;37575;186;9619386
wzg.wzg92-130-deg_a1_3.m.de;;3;35962;145;9206417
wzg.wzg99-650-stg_w19_20.m.de;AQ99-650-Stg_20;20;38745;163;9918883
wzg.wzgaq12-pas_rgl_130.m.de;;130;36742;105;9406057
wzg.wzg_9_500693_nbg_w1_225.m.de;;225;3549;24;908568
wzg.wzg_99_3493_lin_dlz3_38.m.de;;38;38696;96;9906272
wzg.dlz_99_4587_sbg_dlz3_3.m.de;;3;38735;225;9916385
wzg.wzg_9_496600_mch_dlz1_41.m.de;WZG_AQ_9_496600_Mch_41;41;3587;95;918367
wzg.wzg99-710-stg_a3_3.m.de;;3;38745;4;9918724
wzg.wzg9-760-mch_w5_40.m.de;WWQ_9760_40;40;35669;66;9131330
wzg.cluster_aq92-090-deg_194.m.de;;194;35962;57;9206329
wzg.wzg99d10_stg_c1_76.m.de;;76;38749;182;9919926
wzg.cluster_aq_a7_958_035_ulm_196.m.de;;196;2772;190;709822
wzg.wzg9-788-mch_c2_107.m.de;WZG_AQ9_788_Mch_107;107;35669;236;9131500
wzg.wzg9-650-mch_b1_97.m.de;WZG_AQ9_650_Mch_97;97;35668;62;9131070
wzg.wzgaq115a-pas_rgl_130.m.de;;130;36742;188;9406140
wzg.wzg_99_924_lin_a3_35.m.de;;35;38695;149;9906069
wzg.aqq233_sbg_b1_132.m.de;;132;3160;205;809165
wzg.wzg99-250-sbg_a2_35.m.de;;35;38706;131;9908867
wzg.wzg99-210-sbg_a2_34.m.de;;34;38705;187;9908667
wzg.wzg99-530-stg_c1_73.m.de;;73;38749;8;9919752
wzg.aqq275_sbg_b1_65.m.de;;65;3163;120;809848
wzg.aqb14_mch_a1_33.m.de;;33;3192;173;817325
aq.aq92-570-mch.m.de;;0;36001;253;9216509
aq.aq_99_32050_stg.m.de;;0;38704;152;9908376
wzg.wzg_9_498030_mch_c1_105.m.de;WZG_AQ_9_498030_Mch_105;105;3587;164;918436
wzg.wzg99-010-sbg_b1_97.m.de;;97;38699;50;9906994
wzg.wzg99-260-sbg_b2_98.m.de;;98;38707;6;9908998
wzg.wzg_96_160143_lin_dlz4_35.m.de;;35;37576;246;9619702
wzg.aqq207_mch_a1_33.m.de;;33;3198;222;818910
wzg.wzgaq08-mch_rgl_162.m.de;;162;36781;161;9416097
wzg.wzg_92_eost_0225_xz_bl1_33.m.de;;33;36001;161;9216417
wzg.aqb10_mch_a1_33.m.de;;33;3192;222;817374
aq.aq_94_109641_mch.m.de;;0;36752;0;9408512
wzg.wzg9-710-mch_w5_38.m.de;WWQ_9710_38;38;35668;212;9131220
wzg.wzg9-99-a10-sbg_c1_105.m.de;;105;38702;17;9907729
wzg.wzg_99_9800_sbg_c3_l_164.m.de;;164;38698;36;9906724
aq.wwq_99_31150_stg.m.de;;0;38743;102;9918310
wzg.wzg99-268-sbg_w1_34.m.de;;34;38707;79;9909071
wzg.wzg_95_2434_mch_pw7_7.m.de;;7;37133;50;9506098
wzg.wzg99-721-stg_w1_1.m.de;;1;38744;83;9918547
wzg.wzgaq204-mch_a3_35.m.de;;35;36781;251;9416187
aq.aqq287_sbg_h.m.de;;0;3163;200;809928
wzg.wzg9-360-nbg_c1_73.m.de;WZG_AQ9_360_Nbg_73;73;35277;63;9030975
wzg.wzg9-740-mch_w9_44.m.de;WWQ_9740_44;44;35669;28;9131292
wzg.wzg_99_30715_stg_w2_2.m.de;;2;38743;68;9918276
aq.aq_99_29220_stg.m.de;;0;38742;221;9918173
wzg.aqb23_mch_b2_98.m.de;;98;3192;39;817191
wzg.wzg_99_9140_sbg_b3_l_162.m.de;;162;38697;244;9906676
wzg.wzgzfr01-pas_w2_2.m.de;;2;36742;156;9406108
wzg.cluster_aqq285_mch_h_193.m.de;;193;3202;201;819913
wzg.wzg_96_139426_mch_led_pf_131.m.de;;131;37575;23;9619223
wzg.wzg_b2n_006796_gap_b2_gv_134.m.de;;134;809;163;207267
aq.aq_b2n_006300_gap.m.de;;0;809;156;207260
aq.aqb22a_mch_h.m.de;;0;3192;42;817194
wzg.wzg_8_12300_mch_b1_1.m.de;;1;3150;15;806415
wzg.wzg_92_eost_0225_xz_w8_41.m.de;;41;36001;161;9216417
wzg.wzg_9_499330_nbg_c1_73.m.de;WZG_AQ_9_499330_Nbg_73;73;3548;214;908502
wzg.wzg9-782-mch_c1_105.m.de;WZG_AQ9_782_Mch_105;105;35669;175;9131439
aq.aq_96_147050_mch.m.de;;0;37575;201;9619401
aq.aq_b2n_007525_mch.m.de;;0;848;188;217276
wzg.wzg_9_495035_mch_a4_36.m.de;WZG_AQ_9_495035_Mch_36;36;3587;20;918292
wzg.wzgfsa03-mch_dlzfs1_41.m.de;;41;36781;182;9416118
wzg.wzg_9_481250_nbg_c2_74.m.de;WZG_AQ_9_481250_Nbg_74;74;3545;103;907623
wzg.wzg_b2n_008667_mch_dlz1_1.m.de;;1;848;205;217293
wzg.wzg_99a_101408_stg_c1_73.m.de;;73;38709;135;9909639
wzg.wzg_b2n_006152_mch_dlz2_2.m.de;;2;848;166;217254
wzg.wzg92-586-mch_w9_42.m.de;WWQ_92586_42;42;36001;181;9216437
aq.aq_9_500350_mch.m.de;;0;3588;23;918551
wzg.wzg_b17_780_0820_lbg_c2_106.m.de;;106;6665;152;1706392
wzg.cluster_aq_99_3986_sbg_194.m.de;;194;38735;144;9916304
wzg.wzg9-740-mch_wta1_33.m.de;WWQ_9740_33;33;35669;28;9131292
wzg.aqq83_sbg_a2_2.m.de;;2;3153;183;807351
wzg.wzg9-130-nbg_w1_2.m.de;WWQ_9130_2;2;35279;146;9031570
wzg.wzg_99_30830_sbg_b3_99.m.de;;99;38704;59;9908283
wzg.aqq67_sbg_b1_65.m.de;;65;3153;135;807303
wzg.cluster_aq99-187-sbg_193.m.de;;193;38705;50;9908530
wzg.wzg_99a_100750_stg_a2_2.m.de;;2;38709;112;9909616
wzg.wzg99-650-stg_w14_15.m.de;AQ99-650-Stg_15;15;38745;163;9918883
wzg.wzg_9_498030_mch_c2_106.m.de;WZG_AQ_9_498030_Mch_106;106;3587;164;918436
wzg.wzg_99_9800_sbg_lsa2_170.m.de;;170;38698;36;9906724
wzg.cluster_aqb13_mch_h_193.m.de;;193;3192;183;817335
wzg.wzg8-110-mch_wta1_42.m.de;AQ8O_110_Mch_42;42;3149;234;806378
wzg.cluster_aq_96_146350_mch_194.m.de;;194;37575;186;9619386
wzg.wzg_96_162645_mch_pw12_12.m.de;;12;37524;186;9606330
wzg.wzg9-280-nbg_b2_66.m.de;WZG_AQ9_280_Nbg_66;66;35277;238;9031150
aq.aq_a7_958_403_fue.m.de;;0;2772;198;709830
wzg.wzg_99_11124_stg_dlz2_34.m.de;;34;38737;126;9916798
aq.aq_99_11680_stg.m.de;;0;38737;193;9916865
aq.aq_b2n_006397_mch_lsa_gv.m.de;;0;848;173;217261
wzg.wzg99-635-stg_w15_16.m.de;AQ99-635-Stg_16;16;38745;213;9918933
wzg.wzg_9_500390_mch_a2_34.m.de;WZG_AQ_9_500390_Mch_34;34;3588;23;918551
wzg.wzg_9_511350_mch_w13_237.m.de;WWQ_9586_237;237;3590;46;919086
wzg.cluster_aqq283_sbg_h_193.m.de;;193;3163;170;809898
wzg.cluster_aq_9_509515_nbg_194.m.de;AQ_AQ_9_509515_Nbg_194;194;3550;199;908999
aq.aqfsa03-mch.m.de;;0;36781;182;9416118
wzg.wzg_99_27350_stg_pw9_132.m.de;;132;38703;59;9908027
wzg.wzgaq195-mch_w1_1.m.de;;1;36782;46;9416238
wzg.wzgaq205-mch_c1_105.m.de;;105;36781;233;9416169
wzg.wzg9-110-nbg_c2_74.m.de;WZG_AQ9_110_Nbg_74;74;35279;175;9031599
wzg.wzg99-690-stg_pw1_129.m.de;;129;38745;100;9918820
wzg.cluster_aq_96_160146_lin_197.m.de;;197;37576;246;9619702
wzg.wzg_b2n_008613_gap_led2_gv_129.m.de;;129;809;189;207293
wzg.wzg8-110-mch_w7_40.m.de;AQ8O_110_Mch_40;40;3149;234;806378
wzg.wzg_99_as7_150_sz_a1_47.m.de;;47;38696;244;9906420
wzg.wzg92-530-mch_a2_34.m.de;;34;36002;123;9216635
wzg.cluster_aqb18_mch_h_193.m.de;;193;3192;113;817265
wzg.wzg_b2n_007213_gap_dlz1_49.m.de;;49;809;163;207267
wzg.wzg99-062-sbg_lcd2_48.m.de;WWQ_99062_48;48;38701;127;9907583
wzg.cluster_aq99-170-sbg_193.m.de;;193;38705;8;9908488
wzg.aqq217_sbg_b1_131.m.de;;131;3160;69;809029
wzg.wzg_b2n_006152_mch_dlz1_gv_33.m.de;;33;848;166;217254
wzg.wzg99-650-stg_w12_13.m.de;AQ99-650-Stg_13;13;38745;163;9918883
wzg.cluster_aq92-700-mch_193.m.de;;193;36000;12;9216012
wzg.wzg99-820-stg_c3_75.m.de;;75;38740;90;9917530
aq.aq_94_109194_mch.m.de;;0;36791;14;9418510
wzg.wzg_b2n_009120_mch_b1_65.m.de;;65;848;212;217300
wzg.aqb26_mch_b2_98.m.de;;98;3191;253;817149
wzg.aqb13a_mch_a1_162.m.de;;162;3192;177;817329
wzg.wwq_99_31150_stg_bl1_25.m.de;;25;38743;102;9918310
wzg.wzg_9_510820_mch_w12_236.m.de;WWQ_9584_236;236;3590;20;919060
wzg.cluster_wta_99_5357_lin_197.m.de;;197;38696;230;9906406
aq.aq9-783-mch.m.de;;0;35669;222;9131486
wzg.wzg_b2n_008623_mch_lsa1_131.m.de;;131;848;205;217293
wzg.wzg99-145-sbg_w5_37.m.de;AQ99-145-Sbg_37;37;38704;155;9908379
wzg.wzg9-125-nbg_bl1_1.m.de;WWQ_9125_1;1;35279;158;9031582
wzg.wzg_9_509515_nbg_c1_73.m.de;WZG_AQ_9_509515_Nbg_73;73;3550;199;908999
wzg.wzg_9_483145_mch_a1_33.m.de;WZG_AQ_9_483145_Mch_33;33;3584;208;917712
wzg.aq_96_171210_mch_c3_75.m.de;;75;37538;230;9609958
wzg.cluster_aq9-160-nbg_194.m.de;AQ_AQ9_160_Nbg_194;194;35279;103;9031527
wzg.wzgaq196-mch_bl1_5.m.de;;5;36782;39;9416231
wzg.wzg_96_160972_lin_z131_z501_c_l_164.m.de;;164;37577;11;9619723
aq.aq_8_3050_stg.m.de;;0;3144;192;805056
wzg.wzg_9_500994_nbg_b2_66.m.de;WZG_AQ_9_500994_Nbg_66;66;3549;39;908583
wzg.wzg_99_5446_lin_b2_98.m.de;;98;38696;230;9906406
wzg.wzg9-310-nbg_c3_75.m.de;WZG_AQ9_310_Nbg_75;75;35277;164;9031076
wzg.wzg_b2n_007788_gap_a2_168.m.de;;168;809;172;207276
wzg.wzg99-056-sbg_lcd2_37.m.de;WWQ_99056_37;37;38701;24;9907480
wzg.wzg_9_498030_mch_a4_36.m.de;WZG_AQ_9_498030_Mch_36;36;3587;164;918436
wzg.aqb24_mch_a2_34.m.de;;34;3192;22;817174
wzg.cluster_aq_99_11515_sbg_193.m.de;;193;38698;163;9906851
wzg.cluster_aq99-640-stg_194.m.de;;194;38745;195;9918915
aq.wwq_9_483465_nbg.m.de;;0;3545;210;907730
wzg.wzg_99_26825_stg_c1_73.m.de;;73;38703;21;9907989
aq.aq99-805-stg.m.de;;0;38741;80;9917776
wzg.wzg_9_508400_nbg_b1_65.m.de;WZG_AQ_9_508400_Nbg_65;65;3550;144;908944
wzg.wzg_99_25130_stg_bl2_26.m.de;;26;38702;150;9907862
wzg.wzg_9_485900_nbg_a2_2.m.de;WZG_AQ_9_485900_Nbg_2;2;3546;73;907849
aq.aq_b2n_009120_mch.m.de;;0;848;212;217300
wzg.wzg_9_502505_nbg_a1_1.m.de;WZG_AQ_9_502505_Nbg_1;1;3549;113;908657
wzg.wzg_9_511900_nbg_c1_73.m.de;WZG_AQ_9_511900_Nbg_73;73;3551;58;909114
wzg.cluster_lsa_99_3113_sbg_196.m.de;;196;38735;55;9916215
wzg.wzg99-q7_sbg_c2_106.m.de;;106;38737;219;9916891
wzg.aqb17_mch_b2_98.m.de;;98;3192;128;817280
wzg.wzg_b2n_006763_mch_b2_gv_168.m.de;;168;848;180;217268
wzg.aqb21_mch_c2_106.m.de;;106;3192;65;817217
wzg.wzg9-790-mch_a5_37.m.de;WZG_AQ9_790_Mch_37;37;35670;25;9131545
wzg.wzg_9_511805_mch_w2_227.m.de;WWQ_9590_227;227;3590;68;919108
wzg.wzg_99_30830_sbg_c1_105.m.de;;105;38704;59;9908283
wzg.wzg_9_487755_nbg_b1_65.m.de;WZG_AQ_9_487755_Nbg_65;65;3546;163;907939
wzg.wzg_99_9600_lin_b1_65.m.de;;65;38737;39;9916711
wzg.wzg9-350-nbg_c2_74.m.de;WZG_AQ9_350_Nbg_74;74;35277;100;9031012
wzg.cluster_aq_8_5900_stg_193.m.de;;193;3144;244;805108
wzg.wzg_9_496895_nbg_a3_3.m.de;WZG_AQ_9_496895_Nbg_3;3;3548;96;908384
aq.aq_99_11600_stg.m.de;;0;38737;188;9916860
wzg.wzg_9_481250_nbg_a4_4.m.de;WZG_AQ_9_481250_Nbg_4;4;3545;103;907623
wzg.wzg_99_3674_sbg_a1_129.m.de;;129;38735;112;9916272
wzg.cluster_aq_b17_780_0820_lbg_r_193.m.de;;193;6665;152;1706392
aq.aq_b2n_006903_mch_lsa_gv.m.de;;0;848;180;217268
wzg.wzg99-072-stg_w5_38.m.de;WWQ_99072_38;38;38701;222;9907678
wzg.wzgfsa03-mch_dlzfs2_42.m.de;;42;36781;182;9416118
wzg.wzg92-550-mch_a3_35.m.de;;35;36002;43;9216555
wzg.wzg9-160-nbg_c1_73.m.de;WZG_AQ9_160_Nbg_73;73;35279;103;9031527
wzg.wzg_96_153728_lin_dlz2_49.m.de;;49;37576;102;9619558
wzg.wzg99-590-stg_b3_67.m.de;;67;38746;105;9919081
wzg.cluster_aqaq118-pas_194.m.de;;194;36743;34;9406242
wzg.cluster_aq99-685-stg_194.m.de;AQ99-685-Stg;194;38745;99;9918819
wzg.wwq_a7_960_707_ulm_pw5_5.m.de;;5;2773;18;709906
wzg.wzg_96_146350_mch_dlz1_gv_33.m.de;;33;37575;186;9619386
wzg.wzg_9_510820_mch_w9_233.m.de;WWQ_9584_233;233;3590;20;919060
wzg.wzg_9_akneuf_0840_af_w5_230.m.de;WWQ_9601_230;230;3590;99;919139
wzg.wzg_9_akmno_0720_ps_c1_163.m.de;;163;3553;126;909694
wzg.wzg_96_160972_lin_c1_105.m.de;;105;37577;11;9619723
aq.aq_96_146600_mch.m.de;;0;37575;186;9619386
wzg.cluster_aq_a7_962_404_fue_193.m.de;;193;2773;72;709960
aq.aq_96_154233_lin.m.de;;0;37576;102;9619558
wzg.wzg_9_490845_mch_wvlt1_163.m.de;WZG_AQ_9_490845_Mch_163;163;3586;72;918088
wzg.wzg_99_9140_sbg_c3_l_164.m.de;;164;38697;244;9906676
wzg.wzg9-135-nbg_p_a1_1.m.de;WZG_AQ9_135_Nbg_P_1;1;35279;126;9031550
wzg.wzg99-560-stg_a2_2.m.de;;2;38747;89;9919321
wzg.wzg99-170-sbg_a3_35.m.de;;35;38705;8;9908488
wzg.wzg_9_502505_nbg_c2_74.m.de;WZG_AQ_9_502505_Nbg_74;74;3549;113;908657
aq.aqb19_mch_h.m.de;;0;3192;93;817245
wzg.aqq239_mch_a1_33.m.de;;33;3161;85;809301
wzg.wzg9-750-mch_a4_36.m.de;WZG_AQ9_750_Mch_36;36;35669;54;9131318
wzg.wzg9-781a-mch_cl1_193.m.de;WWQ_9.781a;193;3579;175;916399
wzg.wzg9-830-mch_bl1_35.m.de;;35;35670;125;9131645
wzg.wzg_95_2434_mch_led1_74.m.de;;74;37133;50;9506098
wzg.wzg_96_171584_mch_bl1_25.m.de;;25;37538;239;9609967
wzg.wzg_9_485900_nbg_b2_66.m.de;WZG_AQ_9_485900_Nbg_66;66;3546;73;907849
wzg.wzg_b2_askre_1556_bc_bl2_27.m.de;;27;37172;31;9516063
wzg.aqb26b_mch_pw1_161.m.de;;161;3191;244;817140
wzg.wzg_96_140495_lin_z131_l_162.m.de;;162;37575;49;9619249
aq.aq_96_140345_mch.m.de;;0;37575;46;9619246
wzg.wzg_96_159170_lin_dlz2_gv_2.m.de;;2;37576;227;9619683
wzg.aqq39_sbg_dlzfs1_8.m.de;;8;3153;6;807174
wzg.wzg9-740-mch_w5_40.m.de;WWQ_9740_40;40;35669;28;9131292
wzg.aq_b310_9_376_fue_b310_bl1_25.m.de;;25;2812;18;719890
wzg.wzg_9_495893_nbg_dlz1_1.m.de;WZG_AQ_9_495893_Nbg_1;1;3548;46;908334
aq.aq9-610-mch.m.de;;0;35667;224;9130976
wzg.wzg8-140-mch_w5_38.m.de;AQ8O_140_Mch_38;38;3149;180;806324
wzg.dlz_96_140345_mch_dlz2_gv_42.m.de;;42;37575;46;9619246
wzg.wzg_9_495893_nbg_wvlt1_131.m.de;WZG_AQ_9_495893_Nbg_131;131;3548;46;908334
aq.aq_b2n_007213_gap.m.de;;0;809;163;207267
wzg.wzg_99_29595_sbg_c2_106.m.de;;106;38703;223;9908191
wzg.wzg_99_2408_sbg_c2_74.m.de;;74;38735;16;9916176
wzg.aqq51_sbg_b2_66.m.de;;66;3153;55;807223
wzg.wzg99-850-stg_dlz1_1.m.de;;1;38739;108;9917292
wzg.wzg_96_146848_lin_lsa2_164.m.de;;164;37575;187;9619387
wzg.wzg_9_506950_nbg_c1_73.m.de;WZG_AQ_9_506950_Nbg_73;73;3550;73;908873
wzg.wzg92-630-mch_a2_34.m.de;;34;36001;9;9216265
wzg.aqb12_mch_a1_33.m.de;;33;3192;198;817350
aq.aq92-623-mch.m.de;;0;36001;32;9216288
wzg.wzg92-622-mch_bl1_2.m.de;WWQ_92622_2;2;36001;47;9216303
wzg.wzg_96_160770_lin_c2_106.m.de;;106;37577;6;9619718
wzg.dlz_96_146145_lin_dlz1_gv_9.m.de;;9;37575;178;9619378
wzg.cluster_aqq253_sbg_h_193.m.de;;193;3162;5;809477
aq.aq_9_499330_nbg.m.de;;0;3548;214;908502
wzg.wzg_96_171584_mch_pw7_7.m.de;;7;37538;239;9609967
aq.wwq_96_171584_mch.m.de;;0;37538;239;9609967
wzg.wzg_96_140129_lin_dlz2_gv_2.m.de;;2;37575;36;9619236
wzg.aqq257_sbg_a1_1.m.de;;1;3162;109;809581
wzg.aqq35_sbg_a1_7.m.de;;7;3152;231;807143
wzg.wzg99-152-sbg_lcd1_97.m.de;AQ99-152-Sbg_97;97;38704;198;9908422
wzg.wwq_99_30715_stg_bl2_26.m.de;;26;38743;68;9918276
wzg.wzg_96_154790_lin_c2_106.m.de;;106;37576;124;9619580
aq.aqaq190-mch.m.de;;0;36782;69;9416261
wzg.wzg_8_5900_stg_b1_97.m.de;;97;3144;244;805108
wzg.wzg_b2n_006796_gap_b1_165.m.de;;165;809;163;207267
wzg.wzg92-572a-mch_w4_36.m.de;WWQ_92572a_36;36;36001;218;9216474
wzg.wzg99-070-sbg_c4_108.m.de;;108;38701;203;9907659
aq.aqwwq04-mch.m.de;;0;36781;182;9416118
wzg.wzg_b2n_008905_gap_dlz2_gv_2.m.de;;2;809;192;207296
wzg.aq_a7_959_720_fue_b1_97.m.de;;97;2772;238;709870
wzg.aq_a7_949_285_fue_c1_105.m.de;;105;2810;186;719546
wzg.wzg9-780-mch_b1_97.m.de;WZG_AQ9_780_Mch_97;97;35669;97;9131361
wzg.wzg99-020-sbg_a1_33.m.de;;33;38699;195;9907139
aq.aq_96_139135_mch.m.de;;0;37575;16;9619216
aq.aq92-180-deg.m.de;;0;35963;73;9206601
wzg.aqq245_sbg_b1_65.m.de;;65;3161;157;809373
wzg.lsa_99_10383_sbg_lsa1_129.m.de;;129;38698;110;9906798
wzg.wzg_99_8468_sbg_b2_r_129.m.de;;129;38736;209;9916625
wzg.wzg_96_139729_mch_lsa1_131.m.de;;131;37575;35;9619235
wzg.wzg_99_11124_stg_dlz1_33.m.de;;33;38737;126;9916798
wzg.aq_a7_962_850_ulm_c1_133.m.de;;133;2773;74;709962
wzg.dlz_99_10380_sbg_dlz2_2.m.de;;2;38698;69;9906757
aq.aq_9_499925_nbg.m.de;;0;3548;242;908530
wzg.wzg_9_511090_nbg_a2_2.m.de;WZG_AQ_9_511090_Nbg_2;2;3551;19;909075
wzg.wzg99-063-sbg_lcd1_47.m.de;WWQ_99063_47;47;38701;165;9907621
wzg.wzg92-100-deg_c1_73.m.de;;73;35962;83;9206355
wzg.aq_a7_959_720_fue_a1_33.m.de;;33;2772;238;709870
wzg.wzg_b2n_006045_gap_dlz2_gv_10.m.de;;10;809;150;207254
wzg.wzg_9_496600_mch_a3_35.m.de;WZG_AQ_9_496600_Mch_35;35;3587;95;918367
wzg.wzg_96_159021_lin_dlz4_35.m.de;;35;37576;221;9619677
wzg.cluster_aq_9_510505_nbg_194.m.de;AQ_AQ_9_510505_Nbg_194;194;3550;248;909048
wzg.wzgaq196-mch_cl1_194.m.de;;194;36782;39;9416231
wzg.wzg_99_26545_stg_pw8_131.m.de;;131;38702;255;9907967
aq.aq_9_484470_nbg.m.de;;0;3546;3;907779
wzg.wzg92-610-mch_a2_36.m.de;;36;36001;119;9216375
wzg.wzg99-580-stg_b1_65.m.de;;65;38746;230;9919206
aq.aq_99a_104045_mch.m.de;;0;38734;18;9915922
wzg.wzg8-110-mch_wta3_44.m.de;AQ8O_110_Mch_44;44;3149;234;806378
wzg.wzg_9_510320_mch_b1_97.m.de;WZG_AQ_9_510320_Mch_97;97;3589;251;919035
wzg.cluster_aq92-130-deg_196.m.de;;196;35962;145;9206417
wzg.wzg99-145-sbg_lcd2_98.m.de;AQ99-145-Sbg_98;98;38704;155;9908379
wzg.cluster_aq_96_145061_mch_194.m.de;;194;37575;154;9619354
wzg.aqq83_sbg_a3_3.m.de;;3;3153;183;807351
wzg.wzg_99_25377_at_sbg_a1_36.m.de;;36;38741;183;9917879
wzg.aqq77_sbg_b2_66.m.de;;66;3153;163;807331
wzg.aqb17_mch_a1_33.m.de;;33;3192;128;817280
wzg.aqb17_mch_c2_106.m.de;;106;3192;128;817280
wzg.wzg99-620-stg_a2_3.m.de;;3;38746;35;9919011
wzg.wzg92-572b-mch_w2_41.m.de;WWQ_92572b_41;41;36001;218;9216474
wzg.aq_96_169925_mch_c1_73.m.de;;73;37538;200;9609928
wzg.cluster_aq_a8o_45550_sbg_194.m.de;;194;3153;193;807361
aq.aq_96_as33_gil_065.m.de;;0;37562;133;9616005
wzg.wzg_b2n_008100_mch_dlz2_gv_34.m.de;;34;848;197;217285
wzg.wzg92-540-mch_a2_34.m.de;;34;36002;90;9216602
wzg.cluster_aq_8_11300_stg_193.m.de;;193;3145;88;805208
wzg.aqq61_sbg_a1_1.m.de;;1;3153;97;807265
wzg.cluster_aq_b2n_007650_mch_cluster_194.m.de;;194;848;188;217276
aq.aq_99_6570_lin.m.de;;0;38697;57;9906489
wzg.aqq57_sbg_c1_73.m.de;;73;3153;82;807250
wzg.cluster_aq92-620-mch_193.m.de;;193;36001;67;9216323
wzg.cluster_aq99-700-stg_194.m.de;;194;38745;57;9918777
aq.aq_b2n_006459_mch.m.de;;0;848;173;217261
wzg.wzg_9_500390_mch_b3_99.m.de;WZG_AQ_9_500390_Mch_99;99;3588;23;918551
wzg.wzg92-400-mch_w5_37.m.de;;37;36004;3;9217027
wzg.wzg_96_169700_mch_pw3_3.m.de;;3;37538;195;9609923
wzg.wzg_96_160972_lin_z131_z501_b_l_162.m.de;;162;37577;11;9619723
wzg.wzg_b471_24741_dah_w7_232.m.de;;232;40902;111;10471023
wzg.wzg_99_7880_lin_c1_105.m.de;;105;38697;154;9906586
wzg.wzg_9_495035_mch_wvlt1_163.m.de;WZG_AQ_9_495035_Mch_163;163;3587;20;918292
wzg.wzg99-072-stg_w13_46.m.de;WWQ_99072_46;46;38701;222;9907678
wzg.wzg_9_496895_nbg_b3_67.m.de;WZG_AQ_9_496895_Nbg_67;67;3548;96;908384
wzg.wzg_95_1990_mch_led1_74.m.de;;74;37133;32;9506080
wzg.wzg_9_503930_nbg_c3_75.m.de;WZG_AQ_9_503930_Nbg_75;75;3549;182;908726
wzg.wzg_b17_800_0350_lbg_a2_34.m.de;;34;6665;119;1706359
wzg.wzg_99_11515_sbg_b2_98.m.de;;98;38698;163;9906851
wzg.wzg9-238-nbg_w2_2.m.de;WWQ_9238_2;2;3540;235;906475
wzg.wzg_b2n_007650_mch_dlz2_gv_34.m.de;;34;848;188;217276
wzg.cluster_aq_99_18390_stg_194.m.de;WWQ_99.X;194;38739;180;9917364
wzg.wzg_96_160972_lin_z131_z501_b_r_161.m.de;;161;37577;11;9619723
aq.aqaq11-pas.m.de;;0;36742;86;9406038
wzg.wzg_b17_760_0480_aug_a1_1.m.de;;1;6704;245;1716469
wzg.wzg_99_29277_sbg_wta2_36.m.de;WWQ99_29277_Sbg_36;36;38703;198;9908166
wzg.wzg99-050-sbg_b1_97.m.de;;97;38700;242;9907442
aq.aq_b2n_008356_mch.m.de;;0;848;205;217293
wzg.wzg9-710-mch_w3_36.m.de;WWQ_9710_36;36;35668;212;9131220
aq.aq9-210-nbg.m.de;;0;35278;174;9031342
wzg.wzg_96_161787_mch_pw5_5.m.de;;5;37524;215;9606359
wzg.wzg99-635-stg_w18_19.m.de;AQ99-635-Stg_19;19;38745;213;9918933
wzg.wzg_99_1625_sbg_a2_2.m.de;;2;38734;215;9916119
wzg.cluster_aq_9_495893_nbg_194.m.de;AQ_AQ_9_495893_Nbg_194;194;3548;46;908334
wzg.wzg_99_10566_sbg_dlz2_2.m.de;;2;38698;110;9906798
wzg.wzg9-280-nbg_c1_73.m.de;WZG_AQ9_280_Nbg_73;73;35277;238;9031150
wzg.wzg_96_153558_lin_dlz2_gv_2.m.de;;2;37576;95;9619551
aq.aqq255_mch_h.m.de;;0;3162;45;809517
wzg.wzg_99_31800_sbg_d1_56.m.de;;56;38743;144;9918352
wzg.wzg99-080-sbg_a1_33.m.de;;33;38702;67;9907779
wzg.wzg99-650-stg_w8_9.m.de;AQ99-650-Stg_9;9;38745;163;9918883
wzg.wzg92-130-deg_b1_66.m.de;;66;35962;145;9206417
wzg.wzg99-811-stg_c2_74.m.de;;74;38740;193;9917633
wzg.wzgaq115a-pas_b1_66.m.de;;66;36742;188;9406140
wzg.wzg_b2n_008623_mch_led2_gv_161.m.de;;161;848;205;217293
wzg.wzg_99_26020_sbg_c1_105.m.de;;105;38741;229;9917925
wzg.wzg_b2n_007815_mch_a2_134.m.de;;134;848;197;217285
wzg.wzgaq117-pas_rgr_129.m.de;;129;36742;248;9406200
wzg.wzg92-584-mch_w7_40.m.de;WWQ_92584_40;40;36001;188;9216444
wzg.wzg99-072-sbg_lcd1_47.m.de;WWQ_99072_47;47;38701;222;9907678
wzg.wzgaq190-mch_w7_7.m.de;WWQ94_190_Mch_7;7;36782;69;9416261
wzg.wzg9-170-nbg_b2_66.m.de;WZG_AQ9_170_Nbg_66;66;35278;255;9031423
wzg.wzg_9_505300_nbg_a2_2.m.de;WZG_AQ_9_505300_Nbg_2;2;3549;249;908793
wzg.wzg_b2n_007213_gap_dlz2_50.m.de;;50;809;163;207267
wzg.wzg_92_3210_mch_w1_226.m.de;WWQ_92321_226;226;36000;85;9216085
wzg.wzg_b2n_007449_mch_lsa_gv_163.m.de;;163;848;188;217276
wzg.wzg9-690-mch_a2_34.m.de;WZG_AQ9_690_Mch_34;34;35668;174;9131182
wzg.wzg_9_486950_mch_a3_35.m.de;WZG_AQ_9_486950_Mch_35;35;3585;137;917897
wzg.wzgaq13-pas_rgr_129.m.de;;129;36742;125;9406077
wzg.wzg9-805-mch_cl1_193.m.de;;193;3578;202;916170
wzg.wzg_b2n_006713_mch_lsa_l_170.m.de;;170;848;180;217268
wzg.wzg_96_147050_lin_wta1_105.m.de;;105;37575;201;9619401
wzg.wzg_9_494840_nbg_b3_67.m.de;WZG_AQ_9_494840_Nbg_67;67;3547;252;908284
wzg.aqb30_mch_a1_33.m.de;;33;3191;184;817080
wzg.wzg_b2n_005450_gap_led_info_161.m.de;;161;809;142;207246
aq.aq_99_10170_lin.m.de;;0;38737;82;9916754
wzg.wzg92-700-mch_a1_33.m.de;;33;36000;12;9216012
aq.aq_99_ak8_700_uf.m.de;;0;38697;57;9906489
wzg.wzg_99_24425_stg_bl1_25.m.de;;25;38702;97;9907809
wzg.wzg92-200-deg_bl2_4.m.de;;4;35963;90;9206618
wzg.wzg_9_488800_mch_a3_35.m.de;WZG_AQ_9_488800_Mch_35;35;3585;227;917987
wzg.wzg99-003-sbg_w3_3.m.de;;3;38737;215;9916887
wzg.dlz_99_3728_lin_dlz2_34.m.de;;34;38696;96;9906272
wzg.aqq229_sbg_a1_1.m.de;;1;3160;180;809140
wzg.cluster_aq_96_159170_lin_193.m.de;;193;37576;227;9619683
aq.aq_96_143281_mch.m.de;;0;37575;112;9619312
wzg.wzg_96_162376_mch_bl1_13.m.de;;13;37524;230;9606374
wzg.wwq_99_29277_sbg_bl2_58.m.de;WWQ99_29277_Sbg_58;58;38703;198;9908166
aq.aq_b2n_008880_gap.m.de;;0;809;192;207296
wzg.wzg_8_10000_stg_c2_106.m.de;;106;3145;64;805184
wzg.aqq203_mch_a1_33.m.de;;33;3198;149;818837
aq.aq92-640-mch.m.de;;0;36000;199;9216199
wzg.wzgaq202c-mch_b1_135.m.de;;135;36782;37;9416229
wzg.wzg_b17_720_1220_aug_a2_2.m.de;;2;6705;177;1716657
wzg.wzg_9_508590_mch_c2_106.m.de;WZG_AQ_9_508590_Mch_106;106;3589;166;918950
wzg.aqq45_sbg_a5_4.m.de;;4;3153;22;807190
wzg.aqq279_mch_a1_161.m.de;;161;3202;165;819877
wzg.wzg_b2n_008100_mch_dlz1_1.m.de;;1;848;197;217285
aq.aq99-258-sbg_dlz.m.de;;0;38706;204;9908940
wzg.wzg_99_7588_sbg_b1_65.m.de;;65;38736;144;9916560
wzg.aqq33_sbg_a2_2.m.de;;2;3152;212;807124
wzg.wzg_b2n_008300_mch_dlz2_20.m.de;;20;848;205;217293
wzg.wzg_b2n_007272_gap_lsa_gv_139.m.de;;139;809;163;207267
wzg.aqq271_sbg_b1_65.m.de;;65;3163;81;809809
wzg.wzg99-716-stg_w3_3.m.de;;3;38744;181;9918645
wzg.wzg99-530-stg_b1_65.m.de;;65;38749;8;9919752
wzg.aqq261_mch_c1_105.m.de;;105;3162;202;809674
wzg.wzg_99a_104508_mch_a1_33.m.de;;33;38748;252;9919740
wzg.wzg99-004-sbg_cl1_194.m.de;;194;38737;249;9916921
wzg.aq_a7_963_000_ulm_pw1_135.m.de;;135;2773;74;709962
wzg.aq_94_ampf_0166_em_lsa2_34.m.de;;34;36790;255;9418495
aq.aqq263_mch_e.m.de;;0;3202;0;819712
wzg.wzg_9_491590_nbg_w1_225.m.de;;225;3547;94;908126
aq.aq_99_27500_sbg.m.de;;0;38742;83;9918035
wzg.wzg99-840-stg_a1_1.m.de;;1;38739;146;9917330
aq.aq_a7_960_920_fue.m.de;;0;2812;28;719900
wzg.wzg8-130-mch_w1_34.m.de;AQ8O_130_Mch_34;34;3149;209;806353
aq.aq8-120-mch.m.de;;0;3149;218;806362
wzg.wzg9-600-mch_b2_98.m.de;WZG_AQ9_600_Mch_98;98;35667;178;9130930
aq.aq_94_110284_pas.m.de;;0;36752;23;9408535
wzg.wzg_9_500390_mch_b1_97.m.de;WZG_AQ_9_500390_Mch_97;97;3588;23;918551
wzg.wzg9-140-nbg_w4_5.m.de;WWQ_9140_5;5;35279;203;9031627
wzg.wzgaqrg203-mch_rgr_161.m.de;;161;36782;19;9416211
wzg.cluster_aq_b2n_006277_mch_cluster_200.m.de;;200;848;173;217261
wzg.wzg_99_31800_sbg_b1_97.m.de;;97;38743;144;9918352
wzg.aqq203_mch_c1_105.m.de;;105;3198;149;818837
wzg.wzg9-781c-mch_cl1_193.m.de;WWQ_9.781c;193;3579;128;916352
wzg.aqb27d_mch_pw2_162.m.de;;162;3191;224;817120
wzg.wzg_96_161787_mch_pw6_6.m.de;;6;37524;215;9606359
wzg.wzg99-055-sbg_b1_164.m.de;;164;38701;18;9907474
wzg.aq_a7_956_909_fue_c1_105.m.de;;105;2811;159;719775
wzg.aqq261_mch_b1_97.m.de;;97;3162;202;809674
wzg.wzg_96_146350_lin_dlz2_gv_18.m.de;;18;37575;187;9619387
aq.aq_b2n_007225_mch.m.de;;0;848;188;217276
wzg.wzgaq195-mch_w3_3.m.de;;3;36782;46;9416238
wzg.wzgwwq12-pas_wta2_227.m.de;WWQ94_012_Pas_227;227;36742;173;9406125
wzg.cluster_aq9-790-mch_193.m.de;AQ_AQ9_790_Mch_193;193;35670;25;9131545
wzg.wzg_9_491895_nbg_c3_75.m.de;WZG_AQ_9_491895_Nbg_75;75;3547;109;908141
wzg.wzg_99_29595_sbg_a5_37.m.de;;37;38703;223;9908191
wzg.wzg_99_10220_sbg_c2_106.m.de;;106;38698;69;9906757
wzg.cluster_aq_b2n_008100_mch_cluster_194.m.de;;194;848;197;217285
wzg.cluster_aqq213_sbg_h_193.m.de;;193;3160;47;809007
aq.wwq_99_25130_stg.m.de;;0;38702;150;9907862
wzg.wzg_99_27814_sbg_wvlt_161.m.de;;161;38742;107;9918059
wzg.wzg_99_26040_stg_pw7_131.m.de;;131;38702;217;9907929
wzg.wzg_96_146162_mch_led_pf_131.m.de;;131;37575;178;9619378
aq.aq_b2n_007765_mch.m.de;;0;848;197;217285
wzg.wzg_9_506950_nbg_a2_2.m.de;WZG_AQ_9_506950_Nbg_2;2;3550;73;908873
wzg.wzgaq12-pas_a1_1.m.de;;1;36742;105;9406057
aq.aqq29_sbg_h.m.de;;0;3152;181;807093
wzg.cluster_aqq77_sbg_h_193.m.de;;193;3153;163;807331
wzg.cluster_aq_9_482565_nbg_194.m.de;AQ_AQ_9_482565_Nbg_194;194;3545;165;907685
wzg.wzg_9_503485_mch_c3_107.m.de;WZG_AQ_9_503485_Mch_107;107;3588;174;918702
wzg.wzg9-168-nbg_a1_1.m.de;WZG_AQ9_168_Nbg_1;1;35279;46;9031470
wzg.aqq215_mch_b1_97.m.de;;97;3199;66;819010
wzg.aq_a7_958_183_ulm_b1_131.m.de;;131;2772;190;709822
wzg.wzg_96_162645_mch_pw1_1.m.de;;1;37524;186;9606330
wzg.aqq269_mch_a2_34.m.de;;34;3163;51;809779
aq.aq_9_508590_mch.m.de;;0;3589;166;918950
aq.aq_b2n_008561_mch.m.de;;0;848;205;217293
aq.aqq36_sbg_h.m.de;;0;3152;241;807153
wzg.wzg_b2n_006979_mch_dlz2_10.m.de;;10;848;180;217268
wzg.wzgaq198b-mch_w1_1.m.de;;1;36782;29;9416221
wzg.cluster_aq_96_148502_lin_195.m.de;;195;37575;214;9619414
aq.aq_99_as5_200_sz.m.de;;0;38695;140;9906060
wzg.wzg99-720-stg_c2_74.m.de;;74;38744;97;9918561
wzg.cluster_aqq217_sbg_e_193.m.de;;193;3160;69;809029
aq.aq_96_139930_mch.m.de;;0;37575;35;9619235
wzg.wzg_92_eost_0033_xz_bl1_33.m.de;;33;36001;164;9216420
aq.aq92-100-deg.m.de;;0;35962;83;9206355
wzg.wzg_96_143948_mch_a1_1.m.de;;1;37575;127;9619327
wzg.wzg_8_12300_mch_wta4_5.m.de;;5;3150;15;806415
wzg.wzg9-860-mch_w1_34.m.de;;34;35670;217;9131737
wzg.wzg99-187a-sbg_w1_167.m.de;;167;38705;50;9908530
wzg.wzg9-783-mch_b1_164.m.de;WZG_AQ9_783_Mch_164;164;35669;222;9131486
wzg.aqb27_mch_c3_107.m.de;;107;3191;236;817132
wzg.wzg_8_7430_mch_wta2_2.m.de;;2;3149;109;806253
wzg.wzgaq202-mch_a3_35.m.de;;35;36782;63;9416255
wzg.wzg_9_499865_mch_wvlt1_163.m.de;WZG_AQ_9_499865_Mch_163;163;3588;1;918529
wzg.wzg_b2n_007472_gap_dlz2_gv_10.m.de;;10;809;172;207276
wzg.wzg_96_161787_mch_pw10_10.m.de;;10;37524;215;9606359
wzg.wzg_99_12270_stg_a3_3.m.de;;3;38737;237;9916909
wzg.wzg_99_25750_sbg_pw1_162.m.de;;162;38741;229;9917925
wzg.wzg_96_161485_mch_pw10_10.m.de;;10;37524;225;9606369
aq.aq92-010-deg.m.de;;0;35961;20;9206036
wzg.wzg_99_as5_200_sz_a1_33.m.de;;33;38695;140;9906060
wzg.wzg9-630-mch_a3_35.m.de;WZG_AQ9_630_Mch_35;35;35668;12;9131020
wzg.cluster_aq_b2n_007525_mch_cluster_196.m.de;;196;848;188;217276
wzg.wzg92-130-deg_p_c1_73.m.de;;73;35962;145;9206417
wzg.wzg_b2n_007525_mch_dlz1_9.m.de;;9;848;188;217276
wzg.dlz_99_3252_sbg_dlz3_4.m.de;;4;38735;112;9916272
wzg.wzg92-300-deg_a2_2.m.de;;2;35964;20;9206804
wzg.cluster_aq_96_139729_lin_197.m.de;;197;37575;36;9619236
wzg.wzg9-210-nbg_a1_1.m.de;WZG_AQ9_210_Nbg_1;1;35278;174;9031342
wzg.wzg_99_26020_sbg_c2_106.m.de;;106;38741;229;9917925
wzg.wzg99-690-stg_b1_65.m.de;;65;38745;100;9918820
aq.aqq225_mch_h.m.de;;0;3199;173;819117
wzg.wzg_96_160770_lin_b1_97.m.de;;97;37577;6;9619718
wzg.wzg_99_14110_stg_b1_65.m.de;;65;38738;119;9917047
wzg.portal_a7_957_049_fue_sr2_47.m.de;;47;2772;156;709788
wzg.wzg_8_8700_stg_b2_98.m.de;;98;3145;40;805160
wzg.wzg99-235-sbg_a4_36.m.de;;36;38706;33;9908769
aq.aq_9_485750_mch.m.de;;0;3585;83;917843
aq.aqfsa08-pas.m.de;;0;36742;145;9406097
wzg.wzg9-630-mch_b2_98.m.de;WZG_AQ9_630_Mch_98;98;35668;12;9131020
wzg.wzg9-345-nbg_w11_11.m.de;WWQ_9345_11;11;3541;246;906742
wzg.wzg_b2n_006646_gap_lsa2_162.m.de;;162;809;163;207267
aq.aqq39_sbg_h.m.de;;0;3153;6;807174
wzg.wzg_b2n_008848_mch_a1_131.m.de;;131;848;208;217296
aq.aq99-079a-sbg.m.de;;0;38702;55;9907767
wzg.wzg_99_10991_sbg_dlz2_18.m.de;;18;38698;110;9906798
wzg.wzg_96_153728_lin_dlz1_179.m.de;;179;37576;102;9619558
wzg.wzgaq07-mch_a1_34.m.de;;34;36781;173;9416109
wzg.aqq61_sbg_b1_65.m.de;;65;3153;97;807265
aq.wwq_9_490127_mch.m.de;;0;3586;44;918060
wzg.wzg_99_10586_stg_c2_170.m.de;;170;38737;126;9916798
wzg.wzg_99_25377_sbg_c1_105.m.de;;105;38741;183;9917879
wzg.aqq205_mch_c1_166.m.de;;166;3198;174;818862
wzg.wzg_8_8700_stg_c1_105.m.de;;105;3145;40;805160
wzg.wzgaq195-mch_w2_2.m.de;;2;36782;46;9416238
aq.aqq217_sbg_e.m.de;;0;3160;69;809029
wzg.cluster_aq_99a_102700_stg_193.m.de;;193;38709;177;9909681
wzg.wzg9-781b-mch_wta1_2.m.de;WWQ_9.781b_2;2;3579;152;916376
wzg.wzg_96_139135_mch_a2_2.m.de;;2;37575;16;9619216
wzg.hs_99_9810_sbg_hs2_172.m.de;;172;38698;36;9906724
wzg.wzg_b2n_006337_mch_a1_gv_165.m.de;;165;848;173;217261
wzg.wzg_9_511900_nbg_b3_67.m.de;WZG_AQ_9_511900_Nbg_67;67;3551;58;909114
wzg.cluster_aq99-145-sbg_193.m.de;AQ99-145-Sbg;193;38704;155;9908379
wzg.wzg_99_2700_sbg_d1_131.m.de;;131;38735;38;9916198
wzg.cluster_aq_9_483145_mch_193.m.de;AQ_AQ_9_483145_Mch_193;193;3584;208;917712
wzg.wzg_9_480000_nbg_a1_1.m.de;WZG_AQ_9_480000_Nbg_1;1;3545;42;907562
wzg.cluster_aq99-210-sbg_pw_195.m.de;;195;38705;187;9908667
wzg.aqb28_mch_c2_106.m.de;;106;3191;220;817116
wzg.aq_a7_958_403_ulm_b1_65.m.de;;65;2772;197;709829
wzg.wzg99-250-sbg_a4_37.m.de;;37;38706;131;9908867
aq.aq_99_as10_0350_rs.m.de;;0;38738;35;9916963
wzg.wzg92-090-deg_c1_73.m.de;;73;35962;57;9206329
wzg.cluster_aqq67_sbg_h_193.m.de;;193;3153;135;807303
wzg.aqb27_mch_a3_35.m.de;;35;3191;236;817132
wzg.wzg99-155-sbg_a1_167.m.de;;167;38704;229;9908453
wzg.wzg_b2n_007965_mch_dlz2_gv_42.m.de;;42;848;197;217285
aq.wwq_99_asash_0535_nz.m.de;;0;38743;33;9918241
wzg.wzg_9_496895_nbg_a4_4.m.de;WZG_AQ_9_496895_Nbg_4;4;3548;96;908384
wzg.aqq209_mch_a2_34.m.de;;34;3199;21;818965
wzg.wzg92-696-mch_wta1_2.m.de;WWQ_92696_2;2;36000;23;9216023
wzg.wzg_9_499925_nbg_wvlt1_131.m.de;WZG_AQ_9_499925_Nbg_131;131;3548;242;908530
aq.aq_b2n_006746_gap.m.de;;0;809;163;207267
wzg.cluster_aq99-187a-sbg_195.m.de;;195;38705;50;9908530
wzg.wzg_b2n_008067_gap_lsa2_164.m.de;;164;809;181;207285
wzg.wzg_9_498030_mch_dlz1_41.m.de;WZG_AQ_9_498030_Mch_41;41;3587;164;918436
wzg.aqq259_sbg_b1_65.m.de;;65;3162;162;809634
aq.aq_9_479450_mch.m.de;;0;3584;28;917532
wzg.wzg99-079b-l-sbg_c1_172.m.de;;172;38702;66;9907778
wzg.cluster_aq_b2n_006979_mch_cluster_196.m.de;;196;848;180;217268
wzg.wzg99-190-sbg_c1_105.m.de;;105;38705;92;9908572
wzg.wzg9-240-nbg_b1_65.m.de;WZG_AQ9_240_Nbg_65;65;35278;119;9031287
wzg.wzg_99_24765_stg_pw3_132.m.de;;132;38702;123;9907835
wzg.wzg_b2n_006300_gap_dlz1_gv_1.m.de;;1;809;156;207260
wzg.wzgaq194-mch_w1_1.m.de;WWQ94_194_Mch_1;1;36782;55;9416247
wzg.wzg9-780-mch_b2_98.m.de;WZG_AQ9_780_Mch_98;98;35669;97;9131361
wzg.cluster_aq_99_2018_lin_193.m.de;;193;38695;232;9906152
wzg.wzg_99_11964_stg_c4_l_132.m.de;;132;38737;214;9916886
wzg.wta_96_145229_lin_wta1_161.m.de;;161;37575;158;9619358
wzg.aq_a7_961_684_fue_a1_161.m.de;;161;2812;48;719920
wzg.wzg_99_30715_stg_w3_3.m.de;;3;38743;68;9918276
wzg.wzg9-788-mch_a1_35.m.de;WZG_AQ9_788_Mch_35;35;35669;236;9131500
wzg.aqq255_mch_c1_105.m.de;;105;3162;45;809517
wzg.wzg_96_171575_lin_pw1_33.m.de;;33;37577;255;9619967
wzg.wzg_9_506690_mch_a2_34.m.de;WZG_AQ_9_506690_Mch_34;34;3589;76;918860
wzg.wzg99-020-sbg_a2_34.m.de;;34;38699;195;9907139
wzg.cluster_aq99-040-sbg_dlz_193.m.de;;193;38700;72;9907272
wzg.aqb14_mch_c2_106.m.de;;106;3192;173;817325
wzg.wzg9-650-mch_b2_98.m.de;WZG_AQ9_650_Mch_98;98;35668;62;9131070
wzg.cluster_aq99-719-stg_195.m.de;;195;38744;106;9918570
wzg.wzg99-719-stg_w2_136.m.de;;136;38744;106;9918570
wzg.wzg_99_9800_sbg_b1_97.m.de;;97;38698;36;9906724
wzg.wzg_9_502250_mch_c2_106.m.de;WZG_AQ_9_502250_Mch_106;106;3588;113;918641
aq.aq9-650-mch.m.de;;0;35668;62;9131070
wzg.cluster_aq_94_110384_pas_194.m.de;;194;36752;26;9408538
wzg.wzg_96_140495_lin_z131_r_161.m.de;;161;37575;49;9619249
wzg.wzg_99_27885_stg_b4_68.m.de;;68;38703;99;9908067
wzg.wzg_99_25130_stg_pw7_131.m.de;;131;38702;150;9907862
wzg.wzg9-782-mch_a3_35.m.de;WZG_AQ9_782_Mch_35;35;35669;175;9131439
aq.wwq_9_499015_mch.m.de;;0;3587;213;918485
wzg.wzg99-670-stg_w1_2.m.de;AQ99-670-Stg_2;2;38745;132;9918852
wzg.wzg99-290-sbg_b1_97.m.de;;97;38708;96;9909344
wzg.cluster_aq_b2n_008750_gap_cluster_197.m.de;;197;809;189;207293
wzg.aq_a7_958_403_fue_a1_33.m.de;;33;2772;198;709830
wzg.wzg_96_162645_mch_pw3_3.m.de;;3;37524;186;9606330
wzg.wzg_9_503930_nbg_b2_66.m.de;WZG_AQ_9_503930_Nbg_66;66;3549;182;908726
aq.aq_b2n_008848_mch.m.de;;0;848;208;217296
wzg.aqb24_mch_pw1_161.m.de;;161;3192;22;817174
wzg.wzg99-811-stg_a2_2.m.de;;2;38740;193;9917633
wzg.wzg_9_500170_nbg_w2_226.m.de;;226;3548;254;908542
wzg.wzg_96_161787_mch_pw4_4.m.de;;4;37524;215;9606359
wzg.wzg_96_140129_lin_dlz1_33.m.de;;33;37575;36;9619236
wzg.wzg9-794-mch_w2_1.m.de;;1;3578;228;916196
wzg.wzg_9_511090_nbg_b2_66.m.de;WZG_AQ_9_511090_Nbg_66;66;3551;19;909075
wzg.wzg_9_511090_nbg_b3_67.m.de;WZG_AQ_9_511090_Nbg_67;67;3551;19;909075
wzg.aqq235_sbg_c1_73.m.de;;73;3160;242;809202
aq.aq92-290-deg.m.de;;0;35963;224;9206752
wzg.cluster_aq_a7_957_773_ulm_194.m.de;;194;2772;178;709810
wzg.wzgaq195-mch_cl1_194.m.de;;194;36782;46;9416238
wzg.wzg92-170-deg_b1_65.m.de;;65;35963;28;9206556
wzg.wzg_9_505750_mch_b2_98.m.de;WZG_AQ_9_505750_Mch_98;98;3589;28;918812
wzg.aqb25_mch_b2_98.m.de;;98;3192;8;817160
wzg.cluster_aq_96_139729_mch_194.m.de;;194;37575;35;9619235
wzg.wzgaqrg203-mch_c2_106.m.de;;106;36782;19;9416211
wzg.cluster_aq_96_169925_mch_194.m.de;;194;37538;200;9609928
wzg.wzg_99_26825_stg_a3_3.m.de;;3;38703;21;9907989
wzg.cluster_aq_99_as7_150_sz_199.m.de;;199;38696;244;9906420
wzg.cluster_aq_96_139252_mch_194.m.de;;194;37575;19;9619219
aq.wwq_a7_943_520_fue.m.de;;0;2810;8;719368
wzg.wzg99-150-sbg_b3_99.m.de;;99;38704;181;9908405
wzg.wzg99-630-stg_w9_10.m.de;AQ99-630-Stg_10;10;38746;20;9918996
wzg.wzg_9_493593_mch_dlz1_41.m.de;WZG_AQ_9_493593_Mch_41;41;3586;206;918222
wzg.aq_96_171210_mch_a4_4.m.de;;4;37538;230;9609958
wzg.wzg9-710-mch_w6_39.m.de;WWQ_9710_39;39;35668;212;9131220
wzg.wzg_b17_740_2270_aug_a2_2.m.de;;2;6705;34;1716514
wzg.wzg92-520-mch_a1_33.m.de;;33;36002;145;9216657
wzg.wzg_99_26040_stg_pw1_133.m.de;;133;38702;217;9907929
wzg.wzg92-160-deg_b1_65.m.de;;65;35962;230;9206502
wzg.wzg99-q9_sbg_c1_105.m.de;;105;38738;18;9916946
wzg.wzg9-780-mch_p_c1_107.m.de;WZG_AQ9_780_Mch_P_107;107;35669;97;9131361
aq.wwq_99_asash_0930_nz.m.de;;0;38743;3;9918211
wzg.cluster_aq99-589-stg_194.m.de;;194;38746;160;9919136
aq.aqwwq10-pas.m.de;;0;36742;138;9406090
wzg.wzg99-635-stg_w5_6.m.de;AQ99-635-Stg_6;6;38745;213;9918933
wzg.wzg99-025-sbg_bl1_33.m.de;WWQ_99025_33;33;38700;20;9907220
wzg.wzgaq190-mch_w3_3.m.de;WWQ94_190_Mch_3;3;36782;69;9416261
wzg.cluster_aq_96_137920_mch_196.m.de;;196;37575;10;9619210
wzg.wzg_b2n_007788_gap_dlz2_gv_20.m.de;;20;809;172;207276
wzg.wzg_b2n_009600_mch_a1_1.m.de;;1;848;219;217307
wzg.aqb29a_mch_a1_161.m.de;;161;3191;193;817089
wzg.wzg99-820-stg_a3_3.m.de;;3;38740;90;9917530
wzg.wzg_99_4616_lin_dlz3_42.m.de;;42;38696;209;9906385
wzg.wzg99500_stg_c1_73.m.de;;73;38749;249;9919993
wzg.wzg_8_12300_mch_pw1_8.m.de;;8;3150;15;806415
wzg.cluster_aq9-740-mch_193.m.de;WWQ_9740;193;35669;28;9131292
aq.aq_a8o_54060_sbg.m.de;;0;3154;5;807429
wzg.wzg99-250-sbg_b2_98.m.de;;98;38706;131;9908867
wzg.cluster_hs_94_110084_pas_196.m.de;;196;36752;19;9408531
wzg.wzg_99_27885_stg_d1_24.m.de;;24;38703;99;9908067
wzg.cluster_aq_b2n_007965_mch_cluster_196.m.de;;196;848;197;217285
wzg.cluster_aq9-135-nbg_p_194.m.de;AQ_AQ9_135_Nbg_194;194;35279;126;9031550
wzg.wzgaq204-mch_rgl_162.m.de;;162;36781;251;9416187
wzg.wzg92-060-deg_c1_73.m.de;;73;35961;151;9206167
wzg.wzg92-530-mch_b1_97.m.de;;97;36002;123;9216635
wzg.wzg_99_5125_sbg_dlz3_9.m.de;;9;38735;225;9916385
wzg.wzg_b17_740_2270_aug_a1_1.m.de;;1;6705;34;1716514
wzg.wzg99-280-sbg_b1_97.m.de;;97;38707;228;9909220
wzg.cluster_wwq_95_1990_mch_194.m.de;;194;37133;32;9506080
wzg.wzg_b2n_008880_gap_b2_164.m.de;;164;809;192;207296
wzg.wzg_99_26020_sbg_d1_56.m.de;;56;38741;229;9917925
wzg.cluster_aqmo94_1-mch_195.m.de;;195;36782;72;9416264
aq.aq99-710-stg.m.de;;0;38745;4;9918724
aq.aqq233_sbg_e.m.de;;0;3160;205;809165
wzg.wzg99-152-sbg_w1_35.m.de;AQ99-152-Sbg_35;35;38704;198;9908422
wzg.cluster_aq92-140-deg_194.m.de;;194;35962;147;9206419
wzg.wzg99-805-stg_c1_134.m.de;;134;38741;80;9917776
wzg.wzg_9_510820_mch_w8_232.m.de;WWQ_9584_232;232;3590;20;919060
wzg.aq_a7_951_200_fue_a1_33.m.de;;33;2810;245;719605
wzg.wzg_96_171060_mch_led2_73.m.de;;73;37538;227;9609955
aq.aq_9_508400_nbg.m.de;;0;3550;144;908944
wzg.wzg99-635-stg_w9_10.m.de;AQ99-635-Stg_10;10;38745;213;9918933
wzg.wzgaq06-mch_b2_98.m.de;;98;36781;192;9416128
wzg.wzg9-750-mch_b2_98.m.de;WZG_AQ9_750_Mch_98;98;35669;54;9131318
wzg.wzg_9_498180_nbg_a2_2.m.de;WZG_AQ_9_498180_Nbg_2;2;3548;159;908447
aq.aq9-670-mch.m.de;;0;35668;116;9131124
wzg.cluster_aq_99_as7_000_dc_195.m.de;;195;38696;244;9906420
wzg.wzg_99_29277_sbg_w2_34.m.de;WWQ99_29277_Sbg_34;34;38703;198;9908166
aq.aqb20_mch_h.m.de;;0;3192;76;817228
wzg.wzgwwq05-mch_wta1_226.m.de;WWQ94_005_Mch_226;226;36781;156;9416092
wzg.cluster_aq_9_490845_mch_195.m.de;AQ_AQ_9_Pfaf_0070_EM_195;195;3586;72;918088
wzg.wzg99-690-stg_a4_4.m.de;;4;38745;100;9918820
wzg.wzg_9_485750_mch_a2_34.m.de;WZG_AQ_9_485750_Mch_34;34;3585;83;917843
wzg.cluster_aqq207_mch_h_193.m.de;;193;3198;222;818910
wzg.wzg99-532-stg_b2_66.m.de;;66;38748;154;9919642
wzg.cluster_aqfsa08-pas_194.m.de;;194;36742;145;9406097
wzg.wzg_96_161787_mch_pw12_12.m.de;;12;37524;215;9606359
wzg.aqq283_sbg_a2_2.m.de;;2;3163;170;809898
wzg.wzg_99_30450_stg_b3_67.m.de;;67;38743;49;9918257
aq.aq92-300-deg.m.de;;0;35964;20;9206804
wzg.wzg99-670-stg_w4_5.m.de;AQ99-670-Stg_5;5;38745;132;9918852
wzg.wzg99-200-sbg_w6_38.m.de;AQ99-200-Sbg_38;38;38705;151;9908631
wzg.wzg_b2n_008144_gap_dlz1_41.m.de;;41;809;181;207285
aq.aq99-640-stg.m.de;;0;38745;195;9918915
wzg.wzg99-262-sbg_w1_34.m.de;;34;38707;23;9909015
wzg.wzg_b2n_008613_gap_led1_gv_161.m.de;;161;809;189;207293
wzg.wwq_99_30715_stg_bl1_25.m.de;;25;38743;68;9918276
aq.aqaq202-mch.m.de;;0;36782;63;9416255
wzg.cluster_aq9-788-mch_195.m.de;AQ_AQ9_788_Mch_195;195;35669;236;9131500
wzg.wzg_99_30715_stg_w4_4.m.de;;4;38743;68;9918276
wzg.wzg_99_30450_stg_dlz1_24.m.de;;24;38743;49;9918257
wzg.wzg_9_499330_nbg_b1_65.m.de;WZG_AQ_9_499330_Nbg_65;65;3548;214;908502
wzg.wzg_95_2434_mch_pw8_8.m.de;;8;37133;50;9506098
wzg.wzg_96_162376_mch_pw3_3.m.de;;3;37524;230;9606374
wzg.wzg_99_14110_stg_a1_1.m.de;;1;38738;119;9917047
wzg.wzg92-150-deg_b2_66.m.de;;66;35962;179;9206451
wzg.wzgaq204-mch_rgr_161.m.de;;161;36781;251;9416187
wzg.wzg_96_145404_mch_b1_65.m.de;;65;37575;161;9619361
wzg.aq_96_171210_mch_b2_66.m.de;;66;37538;230;9609958
wzg.wzg_99_9140_sbg_a1_33.m.de;;33;38697;244;9906676
wzg.aqq239_sbg_a2_2.m.de;;2;3161;85;809301
wzg.wzg9-690-mch_a3_35.m.de;WZG_AQ9_690_Mch_35;35;35668;174;9131182
wzg.cluster_aqb26a_mch_h_193.m.de;;193;3191;250;817146
wzg.aq_b310_9_709_ulm_b310_bl1_26.m.de;;26;2773;4;709892
wzg.wzg_99_10220_sbg_c3_107.m.de;;107;38698;69;9906757
wzg.wzg_99_26040_stg_pw2_134.m.de;;134;38702;217;9907929
wzg.wzg9-850-mch_bl1_35.m.de;;35;35670;148;9131668
wzg.wzg_96_162376_mch_pw11_11.m.de;;11;37524;230;9606374
wzg.wzg_99_asash_0535_nz_w1_129.m.de;;129;38743;33;9918241
wzg.wzg_b2n_007022_gap_dlz1_41.m.de;;41;809;163;207267
aq.aqzfr01-pas.m.de;;0;36742;156;9406108
wzg.aq_a7_951_200_fue_b1_97.m.de;;97;2810;245;719605
wzg.wzg_96_153990_lin_dlz3_42.m.de;;42;37576;102;9619558
wzg.wzg_9_510820_mch_w10_234.m.de;WWQ_9584_234;234;3590;20;919060
wzg.wzg_99_2700_sbg_d2_132.m.de;;132;38735;38;9916198
wzg.wzg_99_3493_lin_c2_166.m.de;;166;38696;96;9906272
wzg.wzg_9_481250_nbg_wvlt1_131.m.de;WZG_AQ_9_481250_Nbg_131;131;3545;103;907623
aq.aq_99_10566_sbg.m.de;;0;38698;110;9906798
wzg.cluster_aq9-789-mch_193.m.de;;193;35670;16;9131536
wzg.wzg_99_27885_stg_wvlt_129.m.de;;129;38703;99;9908067
aq.portal_a7_961_170_fue.m.de;;0;2812;47;719919
wzg.aqq77_sbg_a2_2.m.de;;2;3153;163;807331
wzg.wzg_96_139729_lin_dlz1_gv_18.m.de;;18;37575;36;9619236
aq.aq_9_480000_nbg.m.de;;0;3545;42;907562
wzg.wzg99-820-stg_a4_4.m.de;;4;38740;90;9917530
wzg.cluster_aqb17_mch_h_193.m.de;;193;3192;128;817280
aq.aq_9_482565_nbg.m.de;;0;3545;165;907685
wzg.cluster_wwq_96_170371_mch_194.m.de;;194;37538;211;9609939
wzg.wzg92-260-deg_b1_65.m.de;;65;35963;179;9206707
wzg.wzgwwq03-mch_wta3_228.m.de;WWQ94_003_Mch_228;228;36781;187;9416123
wzg.wzgaq10-mch_b1_98.m.de;;98;36781;110;9416046
wzg.wzg92-160-deg_c2_74.m.de;;74;35962;230;9206502
wzg.wzgaq198a-mch_w3_3.m.de;;3;36782;38;9416230
wzg.wzg9-170-nbg_c2_74.m.de;WZG_AQ9_170_Nbg_74;74;35278;255;9031423
wzg.aq_a7_957_493_fue_c1_165.m.de;;165;2772;179;709811
wzg.wzg9-750-mch_c1_105.m.de;WZG_AQ9_750_Mch_105;105;35669;54;9131318
wzg.wzg99-712-stg_a1_1.m.de;;1;38744;223;9918687
wzg.wzg99-079b-l-sbg_b1_164.m.de;;164;38702;66;9907778
wzg.wzg9-280-nbg_a2_2.m.de;WZG_AQ9_280_Nbg_2;2;35277;238;9031150
wzg.wzg9-700-mch_w16_49.m.de;WWQ_9700_49;49;35668;192;9131200
wzg.wzg9-330-nbg_c1_134.m.de;WZG_AQ9_330_Nbg_134;134;35277;142;9031054
aq.aq9-760-mch.m.de;;0;35669;66;9131330
wzg.wzg9-780-mch_a1_33.m.de;WZG_AQ9_780_Mch_33;33;35669;97;9131361
wzg.wzg92-060-deg_b1_65.m.de;;65;35961;151;9206167
wzg.wzg_b2n_007788_gap_dlz1_gv_19.m.de;;19;809;172;207276
wzg.wzg92-540-mch_b2_98.m.de;;98;36002;90;9216602
wzg.wzg_9_510320_mch_a1_33.m.de;WZG_AQ_9_510320_Mch_33;33;3589;251;919035
wzg.wzg_99_26040_stg_wta2_2.m.de;;2;38702;217;9907929
aq.aq99-589-stg.m.de;;0;38746;160;9919136
wzg.cluster_aq92-160-deg_194.m.de;;194;35962;230;9206502
wzg.wzg_b2n_006796_gap_dlz1_33.m.de;;33;809;163;207267
wzg.wzg99-060-sbg_a2_34.m.de;;34;38701;108;9907564
wzg.wzg_96_153728_lin_dlz3_50.m.de;;50;37576;102;9619558
wzg.aqb19_mch_c2_106.m.de;;106;3192;93;817245
aq.aq99-153-sbg.m.de;;0;38704;229;9908453
wzg.wzg_8_7100_stg_a2_34.m.de;;34;3145;10;805130
wzg.wzg_9_492226_mch_b3_99.m.de;WZG_AQ_9_492226_Mch_99;99;3586;138;918154
wzg.wzgaq08-mch_dlzfs1_41.m.de;;41;36781;161;9416097
wzg.wzgaq204-mch_a1_33.m.de;;33;36781;251;9416187
wzg.wzg_99_26040_stg_pw4_132.m.de;;132;38702;217;9907929
aq.aq99-650-stg.m.de;;0;38745;163;9918883
wzg.wzg_99_2949_lin_a3_35.m.de;;35;38696;45;9906221
wzg.aqb26_mch_a4_36.m.de;;36;3191;253;817149
wzg.wzg_b2n_007347_gap_dlz1_gv_1.m.de;;1;809;172;207276
wzg.wzgaqaq203-mch_d1_133.m.de;;133;36782;19;9416211
wzg.wzg_9_493840_nbg_a1_1.m.de;WZG_AQ_9_493840_Nbg_1;1;3547;203;908235
wzg.aqb24_mch_c2_106.m.de;;106;3192;22;817174
wzg.www_st2068_fr-s1_pw1_165.m.de;;165;37562;133;9616005
aq.aq_96_160146_lin.m.de;;0;37576;246;9619702
wzg.wzgaq196-mch_w4_4.m.de;;4;36782;39;9416231
wzg.wzg_99_25130_stg_pw3_135.m.de;;135;38702;150;9907862
wzg.wzg99-811-stg_b1_65.m.de;;65;38740;193;9917633
wzg.wzg99-220-sbg_w2_34.m.de;AQ99-220-Sbg_34;34;38705;224;9908704
wzg.wzg_96_141404_lin_bas_1_l_162.m.de;;162;37575;58;9619258
wzg.wzg92-070-deg_b1_65.m.de;;65;35961;214;9206230
wzg.aqq265_mch_c1_105.m.de;;105;3163;2;809730
wzg.aqq259_mch_c1_105.m.de;;105;3162;162;809634
aq.aq_9_485900_nbg.m.de;;0;3546;73;907849
wzg.wzg_8_10000_stg_a2_34.m.de;;34;3145;64;805184
aq.aq_96_141404_lin.m.de;;0;37575;58;9619258
wzg.aqq31_sbg_a4_4.m.de;;4;3152;195;807107
wzg.wzg9-780-mch_p_b1_99.m.de;WZG_AQ9_780_Mch_P_99;99;35669;97;9131361
wzg.wzg_b2n_009400_mch_led_info_73.m.de;;73;848;216;217304
wzg.wzg_99_10155_sbg_lsa4_36.m.de;;36;38698;64;9906752
wzg.wzg_92_akneuf_1454_um_w1_34.m.de;WWQ_92_AK_Neuf_1454_UM_34;34;36001;147;9216403
wzg.aq_a7_951_200_fue_c1_105.m.de;;105;2810;245;719605
wzg.wzg_b2n_005935_gap_b1_163.m.de;;163;809;150;207254
wzg.cluster_aq_99_5620_lin_193.m.de;;193;38696;244;9906420
wzg.wzg_99a_104045_mch_b1_97.m.de;;97;38734;18;9915922
wzg.wzg_99a_104045_mch_c1_105.m.de;;105;38734;18;9915922
wzg.wzg_92_akneuf_1454_um_w2_35.m.de;WWQ_92_AK_Neuf_1454_UM_35;35;36001;147;9216403
wzg.wzg_b2n_006170_gap_a2_168.m.de;;168;809;150;207254
wzg.wzg99-160-sbg_w4_36.m.de;AQ99-160-Sbg_36;36;38704;249;9908473
wzg.wzg99-080-sbg_b1_97.m.de;;97;38702;67;9907779
wzg.wzg_99_11680_stg_lsa_2_131.m.de;;131;38737;193;9916865
wzg.wzg92-510-mch_a2_34.m.de;;34;36002;159;9216671
wzg.wzg_9_495035_mch_dlz1_41.m.de;WZG_AQ_9_495035_Mch_41;41;3587;20;918292
wzg.wzg_9_489247_nbg_a4_4.m.de;WZG_AQ_9_489247_Nbg_4;4;3546;236;908012
wzg.wzg9-125-nbg_w5_6.m.de;WWQ_9125_6;6;35279;158;9031582
wzg.wwq_a7_943_520_fue_pw5_37.m.de;;37;2810;8;719368
wzg.aq_a7_960_770_fue_a2_162.m.de;;162;2812;28;719900
wzg.wzg_96_169700_mch_bl1_25.m.de;;25;37538;195;9609923
wzg.cluster_aq99-300-sbg_193.m.de;;193;38708;216;9909464
wzg.wzg_9_495035_mch_a2_34.m.de;WZG_AQ_9_495035_Mch_34;34;3587;20;918292
wzg.wzg_b2n_007815_mch_dlz2_gv_50.m.de;;50;848;197;217285
aq.aq_96_140345_lin.m.de;;0;37575;46;9619246
wzg.wzg_96_139135_mch_z131_r_129.m.de;;129;37575;16;9619216
wzg.cluster_aq_9_490310_nbg_194.m.de;AQ_AQ_9_490310_Nbg_194;194;3547;32;908064
wzg.aqq253_sbg_a2_2.m.de;;2;3162;5;809477
wzg.wzg_b2n_009400_mch_z131_l_130.m.de;;130;848;216;217304
aq.aq99-060-sbg.m.de;;0;38701;108;9907564
wzg.aqq45b_sbg_w9_9.m.de;;9;3153;25;807193
wzg.cluster_aq92-630-mch_193.m.de;;193;36001;9;9216265
aq.pw_99_31800_sbg.m.de;;0;38743;144;9918352
wzg.cluster_aq_94_108895_mch_193.m.de;;193;36791;7;9418503
aq.wwq_92_eost_0033_xz.m.de;;0;36001;164;9216420
wzg.wzg_99_3674_sbg_c2_134.m.de;;134;38735;112;9916272
wzg.wzg9-635-mch_w1_34.m.de;;34;35668;26;9131034
wzg.wzg99-300-sbg_b1_97.m.de;;97;38708;216;9909464
aq.aqq283_sbg_h.m.de;;0;3163;170;809898
aq.aq99-260-sbg_pw1.m.de;;0;38707;6;9908998
wzg.wzg_99_3674_sbg_b2_132.m.de;;132;38735;112;9916272
wzg.cluster_aqq46_sbg_h_193.m.de;;193;3153;32;807200
wzg.cluster_aq_a7_963_000_ulm_194.m.de;;194;2773;74;709962
wzg.wzg8-120-mch_cl1_193.m.de;AQ8O_120_Mch;193;3149;218;806362
wzg.wwq_a7_960_085_fue_pw1_33.m.de;;33;2812;6;719878
wzg.wzg_96_171060_mch_bl1_25.m.de;;25;37538;227;9609955
wzg.wzg92-240-deg_c1_105.m.de;;105;35963;127;9206655
wzg.cluster_aqfsa09-pas_194.m.de;;194;36742;151;9406103
wzg.wzgaq13-pas_a3_3.m.de;;3;36742;125;9406077
wzg.wzg_b2n_008300_mch_dlz1_gv_51.m.de;;51;848;205;217293
aq.aq_9_510505_nbg.m.de;;0;3550;248;909048
wzg.wzg99-810-stg_c1_73.m.de;;73;38741;20;9917716
wzg.wzg_99_29595_sbg_dlz1_24.m.de;;24;38703;223;9908191
wzg.cluster_aqq261_sbg_h_193.m.de;;193;3162;202;809674
wzg.wzg_99_5430_sbg_b1_65.m.de;;65;38735;242;9916402
wzg.wzg9-240-nbg_c3_75.m.de;WZG_AQ9_240_Nbg_75;75;35278;119;9031287
wzg.aqq48_sbg_b3_66.m.de;;66;3153;36;807204
wzg.wzg_99_25130_stg_pw4_132.m.de;;132;38702;150;9907862
wzg.cluster_aq_a7_962_850_ulm_196.m.de;;196;2773;74;709962
wzg.dlz_96_146600_mch_dlz1_gv_41.m.de;;41;37575;186;9619386
wzg.wzg_99_26040_stg_bl2_26.m.de;;26;38702;217;9907929
wzg.wzg99-250-sbg_dlzfs1_34.m.de;;34;38706;131;9908867
aq.aq_96_153728_lin.m.de;;0;37576;102;9619558
wzg.wzg_95_2434_mch_pw3_3.m.de;;3;37133;50;9506098
wzg.wzg99-200-sbg_w2_34.m.de;AQ99-200-Sbg_34;34;38705;151;9908631
wzg.wzg9-805-mch_w1_2.m.de;;2;3578;202;916170
wzg.aqq237_sbg_c1_73.m.de;;73;3161;37;809253
wzg.wzg99-160-sbg_lcd1_97.m.de;AQ99-160-Sbg_97;97;38704;249;9908473
wzg.wzgaq13-pas_a2_2.m.de;;2;36742;125;9406077
wzg.cluster_aq92-070-deg_194.m.de;;194;35961;214;9206230
wzg.wzg_8_5050_stg_a2_34.m.de;;34;3144;229;805093
wzg.wzg99-070-sbg_a4_36.m.de;;36;38701;203;9907659
wzg.cluster_wwq_a7_959_514_fue_193.m.de;;193;2811;245;719861
wzg.aq_a7_958_035_ulm_a2_2.m.de;;2;2772;190;709822
wzg.wzg_9_490310_nbg_a1_1.m.de;WZG_AQ_9_490310_Nbg_1;1;3547;32;908064
wzg.aqq269_mch_b1_97.m.de;;97;3163;51;809779
wzg.wzg_99a_101408_stg_a2_2.m.de;;2;38709;135;9909639
wzg.hs_99_10180_sbg_hs1_169.m.de;;169;38698;64;9906752
wzg.aqq35_sbg_c3_74.m.de;;74;3152;231;807143
wzg.wzg_99_11964_stg_c2_74.m.de;;74;38737;214;9916886
aq.lsa_94_109304_mch.m.de;;0;36752;0;9408512
wzg.aq_b310_9_709_ulm_b310_pw1_130.m.de;;130;2773;4;709892
wzg.wzg_92_akneuf_1174_um_cl1_193.m.de;WWQ_92_AK_Neuf_1174_UM;193;36001;155;9216411
wzg.aqq39_sbg_a2_1.m.de;;1;3153;6;807174
wzg.wzg_99_as7_000_dc_bl1_37.m.de;;37;38696;244;9906420
wzg.aq_94_109641_mch_d1_167.m.de;;167;36752;0;9408512
wzg.wzg_99_25381_stg_c4_132.m.de;;132;38702;168;9907880
wzg.aqq33_sbg_a4_4.m.de;;4;3152;212;807124
wzg.wzg9-155-nbg_a1_1.m.de;WZG_AQ9_155_Nbg_1;1;35279;93;9031517
wzg.wzg9-99-a10-sbg_a1_33.m.de;;33;38702;17;9907729
wzg.wzg9-166-nbg_c1_74.m.de;WZG_AQ9_166_Nbg_74;74;35279;46;9031470
wzg.wzg_96_140129_lin_dlz2_34.m.de;;34;37575;36;9619236
wzg.wzg_99_26825_stg_d1_24.m.de;;24;38703;21;9907989
aq.aq99-718-stg.m.de;;0;38744;131;9918595
wzg.wzg_92_eost_0033_xz_cl1_193.m.de;;193;36001;164;9216420
aq.aqb30_mch_apt.m.de;;0;3191;184;817080
wzg.wzg99-719-stg_w1_135.m.de;;135;38744;106;9918570
wzg.wzg99-805-stg_a1_130.m.de;;130;38741;80;9917776
wzg.aq_a7_947_495_fue_c2_166.m.de;;166;2810;131;719491
wzg.wzg_9_510320_mch_a2_34.m.de;WZG_AQ_9_510320_Mch_34;34;3589;251;919035
wzg.wzg92-686-mch_w2_3.m.de;WWQ_92686_3;3;36000;32;9216032
wzg.wzg_99_24765_stg_bl2_26.m.de;;26;38702;123;9907835
wzg.wzg_96_159560_lin_a2_162.m.de;;162;37576;234;9619690
aq.aq_99_2949_lin.m.de;;0;38696;45;9906221
wzg.wzgfsa06-pas_dlzfs1_9.m.de;;9;36742;131;9406083
wzg.wzg_99_26545_stg_pw3_138.m.de;;138;38702;255;9907967
aq.pw_99_32000_sbg.m.de;;0;38743;144;9918352
aq.aq99-630-stg.m.de;;0;38746;20;9918996
wzg.aq_a7_960_770_fue_b1_163.m.de;;163;2812;28;719900
aq.aqb15_mch_h.m.de;;0;3192;158;817310
wzg.cluster_aq_9_498030_mch_193.m.de;AQ_AQ_9_498030_Mch_193;193;3587;164;918436
wzg.wzg_99_asash_0535_nz_w3_131.m.de;;131;38743;33;9918241
wzg.wzg_b2n_007022_gap_dlz1_gv_9.m.de;;9;809;163;207267
wzg.wzg99-155-sbg_c1_163.m.de;;163;38704;229;9908453
wzg.wzg_b2n_006978_gap_lsa_gv_137.m.de;;137;809;163;207267
wzg.wzg99-270-sbg_c3_106.m.de;;106;38707;122;9909114
wzg.wzg9-695-mch_c1_171.m.de;WZG_AQ9_695_Mch_171;171;35668;178;9131186
wzg.wzgwwq09-pas_wta1_225.m.de;WWQ94_009_Pas_225;225;36742;131;9406083
wzg.wzg9-360-nbg_a2_2.m.de;WZG_AQ9_360_Nbg_2;2;35277;63;9030975
wzg.cluster_aq99-728-stg_194.m.de;;194;38744;60;9918524
wzg.cluster_aq99-850-stg_dlz_194.m.de;;194;38739;108;9917292
wzg.aqq63_sbg_a1_1.m.de;;1;3153;115;807283
wzg.aqb25_mch_a3_35.m.de;;35;3192;8;817160
aq.aq_b2n_006979_mch.m.de;;0;848;180;217268
wzg.wzg99-060-sbg_a3_35.m.de;;35;38701;108;9907564
wzg.wzg_96_154530_lin_lsa4_43.m.de;;43;37576;118;9619574
aq.hs_94_109214_mch.m.de;;0;36791;14;9418510
wzg.aqb19_mch_a1_33.m.de;;33;3192;93;817245
wzg.wzg_99_11600_stg_b2_66.m.de;;66;38737;188;9916860
aq.aq_9_481060_mch.m.de;;0;3584;106;917610
wzg.wzg99-800-stg_c1_73.m.de;;73;38741;87;9917783
wzg.wzg_96_169700_mch_led2_73.m.de;;73;37538;195;9609923
wzg.wzgfsa03-mch_dlzfs3_43.m.de;;43;36781;182;9416118
wzg.wzg_b2n_007225_mch_lsa_r_169.m.de;;169;848;188;217276
wzg.wzg_99_26020_sbg_c3_107.m.de;;107;38741;229;9917925
aq.wwq_99_28850_sbg.m.de;;0;38703;167;9908135
aq.aq_9_511090_nbg.m.de;;0;3551;19;909075
wzg.wzg_b471_24741_dah_w1_226.m.de;;226;40902;111;10471023
wzg.wzg_99_10835_stg_dlz2_42.m.de;;42;38737;126;9916798
wzg.cluster_aq_9_495750_mch_193.m.de;AQ_AQ_9_495750_Mch_193;193;3587;53;918325
aq.portal_a7_957_039_fue_gv.m.de;;0;2772;156;709788
wzg.wzg_9_499630_mch_w2_227.m.de;;227;3587;242;918514
aq.aqq257_mch_h.m.de;;0;3162;109;809581
wzg.wzg_99_25130_stg_wta3_3.m.de;;3;38702;150;9907862
wzg.wzg99-258-sbg_w1_34.m.de;;34;38706;204;9908940
wzg.aq_a7_957_085_fue_dlz1_33.m.de;;33;2772;157;709789
wzg.wzg99-805-stg_b1_132.m.de;;132;38741;80;9917776
wzg.wzg9-695-mch_b1_163.m.de;WZG_AQ9_695_Mch_163;163;35668;178;9131186
wzg.wzg_96_141404_lin_bas_2_r_163.m.de;;163;37575;58;9619258
wzg.aqq275_sbg_c1_73.m.de;;73;3163;120;809848
wzg.wzg99-690-stg_a2_2.m.de;;2;38745;100;9918820
wzg.wzgfsa07-pas_dlzfs1_9.m.de;;9;36742;138;9406090
wzg.wzgaq117-pas_a2_2.m.de;;2;36742;248;9406200
wzg.wzg_99_29220_stg_b1_65.m.de;;65;38742;221;9918173
wzg.aqq61_sbg_c1_73.m.de;;73;3153;97;807265
wzg.aqb28_mch_c3_107.m.de;;107;3191;220;817116
wzg.wzg_9_500994_nbg_a1_1.m.de;WZG_AQ_9_500994_Nbg_1;1;3549;39;908583
wzg.wzg_9_494840_nbg_wvlt1_131.m.de;WZG_AQ_9_494840_Nbg_131;131;3547;252;908284
wzg.wzg_b17_780_0520_aug_c1_73.m.de;;73;6704;180;1716404
wzg.wzg_b2n_006763_mch_dlz2_18.m.de;;18;848;180;217268
wzg.wzg_9_489247_nbg_b3_67.m.de;WZG_AQ_9_489247_Nbg_67;67;3546;236;908012
wzg.wzg_b2n_008067_mch_lsa1_131.m.de;;131;848;197;217285
wzg.wzgaq198a-mch_cl1_194.m.de;;194;36782;38;9416230
wzg.cluster_aqq287_sbg_h_193.m.de;;193;3163;200;809928
wzg.wzg_9_488800_mch_a1_33.m.de;WZG_AQ_9_488800_Mch_33;33;3585;227;917987
wzg.aqq45_sbg_c3_74.m.de;;74;3153;22;807190
aq.aq_b17_800_0350_aug_r.m.de;;0;6665;119;1706359
wzg.wzg9-670-mch_a3_35.m.de;WZG_AQ9_670_Mch_35;35;35668;116;9131124
wzg.wzg9-155-nbg_a3_3.m.de;WZG_AQ9_155_Nbg_3;3;35279;93;9031517
wzg.aqb27d_mch_dlz1_33.m.de;;33;3191;224;817120
wzg.wzg_b2n_006070_gap_led2_gv_133.m.de;;133;809;150;207254
wzg.aqq87_sbg_b1_65.m.de;;65;3153;198;807366
aq.aq_b2n_005952_mch.m.de;;0;848;166;217254
wzg.wzg92-588-mch_w1_34.m.de;WWQ_92588_34;34;36001;173;9216429
wzg.wzg99-670-stg_w9_10.m.de;AQ99-670-Stg_10;10;38745;132;9918852
wzg.wzg9-740-mch_w21_56.m.de;WWQ_9740_56;56;35669;28;9131292
wzg.wzg_b2n_007788_gap_dlz1_51.m.de;;51;809;172;207276
wzg.wzg_96_162645_mch_pw6_6.m.de;;6;37524;186;9606330
wzg.cluster_aq99-240-sbg_193.m.de;;193;38706;34;9908770
wzg.wzg99-248-sbg_pw1_129.m.de;;129;38706;71;9908807
wzg.cluster_aq99-635-stg_194.m.de;AQ99-635-Stg;194;38745;213;9918933
wzg.cluster_aqq235_sbg_h_193.m.de;;193;3160;242;809202
wzg.wzg_99_5446_lin_a2_34.m.de;;34;38696;230;9906406
wzg.wzgzfr03-pas_lsa_241.m.de;;241;36742;189;9406141
wzg.cluster_aq99-670-stg_194.m.de;AQ99-670-Stg;194;38745;132;9918852
wzg.wzg_96_162376_mch_pw8_8.m.de;;8;37524;230;9606374
wzg.wzg_96_169700_mch_pw6_6.m.de;;6;37538;195;9609923
wzg.aqq255_mch_a1_33.m.de;;33;3162;45;809517
wzg.wzg9-690-mch_b3_99.m.de;WZG_AQ9_690_Mch_99;99;35668;174;9131182
wzg.wzg9-710-mch_w15_48.m.de;WWQ_9710_48;48;35668;212;9131220
wzg.wzg_9_508400_nbg_b3_67.m.de;WZG_AQ_9_508400_Nbg_67;67;3550;144;908944
wzg.wta_99_3113_sbg_wta1_5.m.de;;5;38735;55;9916215
wzg.cluster_aq92-270-deg_194.m.de;;194;35963;196;9206724
wzg.wzg_99a_104045_mch_c3_l_164.m.de;;164;38734;18;9915922
wzg.wzg_99_30450_stg_c3_75.m.de;;75;38743;49;9918257
wzg.wzg_9_496600_mch_wvlt1_163.m.de;WZG_AQ_9_496600_Mch_163;163;3587;95;918367
wzg.wzg_9_502250_mch_b3_99.m.de;WZG_AQ_9_502250_Mch_99;99;3588;113;918641
wzg.wzg_96_139409_mch_lsa1_8.m.de;;8;37575;23;9619223
wzg.lsa_94_109304_mch_lsa2_34.m.de;;34;36752;0;9408512
wzg.aq_a7_963_000_ulm_bl1_30.m.de;;30;2773;74;709962
wzg.aq_a7_957_393_ulm_c1_133.m.de;;133;2772;178;709810
wzg.wzg99-268-sbg_dlz1_33.m.de;;33;38707;79;9909071
wzg.wzg_9_506950_nbg_c2_74.m.de;WZG_AQ_9_506950_Nbg_74;74;3550;73;908873
wzg.wzg99-062-sbg_w10_43.m.de;WWQ_99062_43;43;38701;127;9907583
wzg.cluster_aq_9_486950_mch_193.m.de;AQ_AQ_9_486950_Mch_193;193;3585;137;917897
wzg.cluster_aq9-130-nbg_194.m.de;WWQ_9130;194;35279;146;9031570
wzg.wzg_b2n_008100_mch_dlz2_2.m.de;;2;848;197;217285
aq.aq99-720-stg.m.de;;0;38744;97;9918561
wzg.wzgaqrg203-mch_a4_36.m.de;;36;36782;19;9416211
wzg.wzg9-789-mch_w3_39.m.de;;39;35670;16;9131536
wzg.cluster_wwq_9_483465_nbg_194.m.de;;194;3545;210;907730
wzg.cluster_aq_9_506690_mch_193.m.de;AQ_AQ_9_506690_Mch_193;193;3589;76;918860
wzg.wzg_9_485900_nbg_a1_1.m.de;WZG_AQ_9_485900_Nbg_1;1;3546;73;907849
wzg.cluster_aqq33_sbg_h_193.m.de;;193;3152;212;807124
wzg.wzg_96_160972_lin_z131_z501_c_r_163.m.de;;163;37577;11;9619723
wzg.wzg9-650-mch_c1_105.m.de;WZG_AQ9_650_Mch_105;105;35668;62;9131070
aq.aq_b17_800_0350_lbg_r.m.de;;0;6665;119;1706359
wzg.wzg9-650-mch_b3_99.m.de;WZG_AQ9_650_Mch_99;99;35668;62;9131070
wzg.wzg9-793-mch_w8_44.m.de;;44;35669;202;9131466
wzg.dlz_96_146145_lin_dlz2_gv_10.m.de;;10;37575;178;9619378
wzg.wzg_96_137920_mch_bas_1_r_129.m.de;;129;37575;10;9619210
wzg.wzgfsa02-mch_dlzfs2_42.m.de;;42;36781;187;9416123
wzg.cluster_aq99-620-stg_194.m.de;;194;38746;35;9919011
wzg.wwq_a7_960_085_fue_pw3_35.m.de;;35;2812;6;719878
aq.aq_96_137920_mch.m.de;;0;37575;10;9619210
wzg.wzg99d10_stg_a2_5.m.de;;5;38749;182;9919926
wzg.wzg8-140-mch_wta2_41.m.de;AQ8O_140_Mch_41;41;3149;180;806324
aq.aq92-550-mch.m.de;;0;36002;43;9216555
wzg.wzg_96_140129_mch_lsa1_gv_161.m.de;;161;37575;35;9619235
wzg.wzg9-781c-mch_wta1_2.m.de;WWQ_9.781c_2;2;3579;128;916352
wzg.wzg92-530-mch_a1_33.m.de;;33;36002;123;9216635
wzg.wzg99-062-sbg_w9_42.m.de;WWQ_99062_42;42;38701;127;9907583
wzg.wzg_99_9600_lin_a2_2.m.de;;2;38737;39;9916711
aq.aq_b2n_005940_mch.m.de;;0;848;166;217254
wzg.wzg_99_10170_lin_b1_67.m.de;;67;38737;82;9916754
aq.aqq261_sbg_h.m.de;;0;3162;202;809674
wzg.wzg9-350-nbg_a2_2.m.de;WZG_AQ9_350_Nbg_2;2;35277;100;9031012
wzg.wzg99-620-stg_b2_66.m.de;;66;38746;35;9919011
wzg.wzg_99_as10_0350_rs_lsa1_131.m.de;;131;38738;35;9916963
aq.aq_99_4616_lin.m.de;;0;38696;209;9906385
wzg.wzg99-q9_sbg_c2_106.m.de;;106;38738;18;9916946
wzg.wzg_9_508400_nbg_c3_75.m.de;WZG_AQ_9_508400_Nbg_75;75;3550;144;908944
wzg.wzg_96_160362_lin_lsa4_43.m.de;;43;37576;252;9619708
wzg.wzg_96_169700_mch_pw1_1.m.de;;1;37538;195;9609923
wzg.wzg_99_29595_sbg_a1_33.m.de;;33;38703;223;9908191
wzg.cluster_aq_8_10000_stg_193.m.de;;193;3145;64;805184
aq.aq_99_30830_sbg.m.de;;0;38704;59;9908283
aq.aq_96_139930_lin.m.de;;0;37575;36;9619236
wzg.wzg_96_142470_lin_b1_163.m.de;;163;37575;94;9619294
aq.aq92-210-deg.m.de;;0;35963;97;9206625
wzg.cluster_aq_a8o_54950_sbg_194.m.de;;194;3154;12;807436
wzg.cluster_hs_99_5345_lin_199.m.de;;199;38696;230;9906406
aq.hs_94_ampf_0173_em.m.de;;0;36790;255;9418495
wzg.wzg99-028-sbg_w3_36.m.de;WWQ_99028_36;36;38700;37;9907237
wzg.cluster_wwq_9_490695_mch_193.m.de;AQ_AQ_9_490845_Mch_193;193;3586;72;918088
wzg.wzg_9_511805_mch_bl1_226.m.de;WWQ_9590_226;226;3590;68;919108
wzg.aqb24_mch_c3_107.m.de;;107;3192;22;817174
wzg.cluster_aq99-262-sbg_193.m.de;;193;38707;23;9909015
wzg.wzgwwq08-pas_wta1_226.m.de;WWQ94_008_Pas_226;226;36742;117;9406069
wzg.wzg_92_2900_deg_w2_226.m.de;WWQ_922900_226;226;35961;70;9206086
wzg.wzg_b2n_008364_gap_b2_170.m.de;;170;809;181;207285
aq.aq_9_488800_mch.m.de;;0;3585;227;917987
aq.aq_9_503930_nbg.m.de;;0;3549;182;908726
wzg.wzg_96_139409_mch_wta1_73.m.de;;73;37575;23;9619223
wzg.cluster_aqb10_mch_h_193.m.de;;193;3192;222;817374
wzg.wzg_99a_104045_mch_a2_34.m.de;;34;38734;18;9915922
wzg.wzg_99_3674_sbg_a2_130.m.de;;130;38735;112;9916272
aq.aq99-550-stg.m.de;;0;38747;176;9919408
wzg.aqb13_mch_c1_105.m.de;;105;3192;183;817335
wzg.wzg_9_508590_mch_wvlt1_163.m.de;WZG_AQ_9_508590_Mch_163;163;3589;166;918950
wzg.cluster_aq_9_511900_nbg_194.m.de;AQ_AQ_9_511900_Nbg_194;194;3551;58;909114
wzg.aqq275_sbg_a2_2.m.de;;2;3163;120;809848
wzg.aqb18_mch_a3_35.m.de;;35;3192;113;817265
wzg.wwq_99_28850_sbg_bl1_57.m.de;WWQ99_28850_Sbg_57;57;38703;167;9908135
wzg.wzg_96_171575_lin_led2_105.m.de;;105;37577;255;9619967
wzg.wzg_9_500170_nbg_w1_225.m.de;;225;3548;254;908542
aq.aq99-055-sbg.m.de;;0;38701;18;9907474
wzg.wzg9-135-nbg_a2_4.m.de;WZG_AQ9_135_Nbg_4;4;35279;126;9031550
wzg.cluster_aq99-720-stg_194.m.de;;194;38744;97;9918561
aq.aq9-130-nbg.m.de;;0;35279;146;9031570
wzg.wzg9-781a-mch_bl1_4.m.de;WWQ_9.781a_4;4;3579;175;916399
wzg.wzg9-750-mch_a3_35.m.de;WZG_AQ9_750_Mch_35;35;35669;54;9131318
wzg.wzg_96_148502_lin_bas_1_r_161.m.de;;161;37575;214;9619414
wzg.wzg_8_11300_stg_a1_33.m.de;;33;3145;88;805208
wzg.wzg_b2n_008848_mch_dlz2_2.m.de;;2;848;208;217296
aq.aq_9_483200_nbg.m.de;;0;3545;198;907718
wzg.wzg_96_171584_mch_pw6_6.m.de;;6;37538;239;9609967
wzg.wzg99-080-sbg_c1_105.m.de;;105;38702;67;9907779
wzg.wzgwwq11-pas_wta1_225.m.de;WWQ94_011_Pas_225;225;36742;145;9406097
wzg.wzg92-670-mch_b1_97.m.de;;97;36000;75;9216075
wzg.wzg_9_490310_nbg_a4_4.m.de;WZG_AQ_9_490310_Nbg_4;4;3547;32;908064
wzg.wzg9-110-nbg_c1_73.m.de;WZG_AQ9_110_Nbg_73;73;35279;175;9031599
wzg.wzgaq09-mch_a2_34.m.de;;34;36781;136;9416072
wzg.wzg_99_as10_0240_tz_lsa1_131.m.de;;131;38738;17;9916945
wzg.wzg9-789-mch_wta1_33.m.de;;33;35670;16;9131536
wzg.wzg_99_10010_sbg_bl2_l_166.m.de;;166;38698;64;9906752
wzg.wzg_96_171060_mch_pw8_8.m.de;;8;37538;227;9609955
wzg.wzg_b2n_007788_gap_b1_gv_137.m.de;;137;809;172;207276
wzg.wzg_92_eost_0655_fy_c1_167.m.de;;167;36001;160;9216416
wzg.cluster_aqb28_mch_h_193.m.de;;193;3191;220;817116
wzg.cluster_aqaq116-pas_194.m.de;;194;36742;227;9406179
aq.aq_9_505200_mch.m.de;;0;3589;3;918787
wzg.wzg99-058-sbg_bl1_33.m.de;WWQ_99058_33;33;38701;60;9907516
wzg.wzg9-793-mch_wta3_35.m.de;;35;35669;202;9131466
wzg.dlz_96_139930_mch_dlz1_gv_41.m.de;;41;37575;35;9619235
wzg.wzg99-730-stg_b3_67.m.de;;67;38744;16;9918480
wzg.wzg9-600-mch_a1_33.m.de;WZG_AQ9_600_Mch_33;33;35667;178;9130930
wzg.wzg92-570-mch_a2_34.m.de;;34;36001;253;9216509
wzg.wzg_99_4052_lin_dlz2_37.m.de;;37;38696;128;9906304
wzg.aqq45c_sbg_w2_2.m.de;;2;3153;29;807197
wzg.wzg_99_4862_sbg_b2_132.m.de;;132;38735;225;9916385
wzg.aqq253_mch_a2_34.m.de;;34;3162;5;809477
wzg.wzgaq115b-pas_d1_165.m.de;;165;36742;188;9406140
wzg.hs_94_109199_mch_hs1_161.m.de;;161;36791;14;9418510
wzg.wzg_9_492226_mch_dlz1_41.m.de;WZG_AQ_9_492226_Mch_41;41;3586;138;918154
wzg.wzg_99_11228_sbg_c1_139.m.de;;139;38698;110;9906798
wzg.cluster_wwq_9_500170_nbg_194.m.de;;194;3548;254;908542
wzg.wzg9-870-mch_cl1_193.m.de;;193;35670;243;9131763
aq.aqq51_sbg_h.m.de;;0;3153;55;807223
wzg.cluster_aq99-025-sbg_193.m.de;WWQ_99025;193;38700;20;9907220
wzg.wzg_99_4616_lin_c1_165.m.de;;165;38696;209;9906385
aq.aq99-530-stg.m.de;;0;38749;8;9919752
wzg.cluster_aq_b2n_005695_gap_cluster_195.m.de;;195;809;145;207249
wzg.wzg_96_170371_mch_pw6_6.m.de;;6;37538;211;9609939
wzg.wzg_99_27814_sbg_c3_107.m.de;;107;38742;107;9918059
wzg.wzg_99a_102700_stg_a1_1.m.de;;1;38709;177;9909681
wzg.wzg_96_139729_lin_lsa2_gv_130.m.de;;130;37575;36;9619236
wzg.aq_96_169925_mch_b1_65.m.de;;65;37538;200;9609928
wzg.wzg9-308-nbg_w10_10.m.de;WWQ_9308_10;10;3541;180;906676
wzg.wzg_99a_104508_mch_lsa1_169.m.de;;169;38748;252;9919740
wzg.wzg_96_159021_lin_dlz2_33.m.de;;33;37576;221;9619677
wzg.cluster_aqq79_sbg_h_193.m.de;;193;3153;171;807339
wzg.wzg_b2n_008356_mch_lsa_l_134.m.de;;134;848;205;217293
aq.aq9-330-nbg.m.de;;0;35277;142;9031054
wzg.wzg_99_3312_lin_dlz2_40.m.de;;40;38696;96;9906272
wzg.aqq21_sbg_a1_1.m.de;;1;3152;160;807072
wzg.aq_a7_962_404_ulm_c1_133.m.de;;133;2773;71;709959
wzg.wzg_b2n_005695_gap_b1_97.m.de;;97;809;145;207249
aq.aqq21_sbg_h.m.de;;0;3152;160;807072
wzg.wzg99-260-sbg_c1_105.m.de;;105;38707;6;9908998
wzg.wzg99-560-stg_b2_66.m.de;;66;38747;89;9919321
wzg.wzg_96_147369_lin_z131_l_162.m.de;;162;37575;208;9619408
aq.aq_9_481250_nbg.m.de;;0;3545;103;907623
wzg.wzg_99_25381_stg_a5_5.m.de;;5;38702;168;9907880
wzg.wzg_99_14110_stg_a3_3.m.de;;3;38738;119;9917047
wzg.wzg_b2_askre_1556_bc_pw10_10.m.de;;10;37172;31;9516063
wzg.wzg_99_3312_lin_c2_170.m.de;;170;38696;96;9906272
wzg.wzg99-290-sbg_c1_105.m.de;;105;38708;96;9909344
wzg.wzg_b2n_006277_mch_dlz2_gv_50.m.de;;50;848;173;217261
aq.aqq245_mch_h.m.de;;0;3161;157;809373
aq.aq_99_5620_lin.m.de;;0;38696;244;9906420
wzg.wzg99-076-sbg_a2_34.m.de;;34;38702;2;9907714
wzg.wzg_b2n_007758_gap_lsa1_165.m.de;;165;809;172;207276
aq.aq_99_9800_sbg.m.de;;0;38698;36;9906724
aq.wwq_99_26040_stg.m.de;;0;38702;217;9907929
wzg.wzg99-540-stg_a3_3.m.de;;3;38748;55;9919543
wzg.wzg99-004-sbg_w2_2.m.de;;2;38737;249;9916921
wzg.wzg99-q7_sbg_a3_35.m.de;;35;38737;219;9916891
wzg.wzg_9_479450_mch_c2_106.m.de;WZG_AQ_9_479450_Mch_106;106;3584;28;917532
wzg.cluster_aq9-310-nbg_194.m.de;AQ_AQ9_310_Nbg_194;194;35277;164;9031076
wzg.wzg99-180-sbg_lcd2_98.m.de;AQ99-180-Sbg_98;98;38705;28;9908508
wzg.cluster_aq_a7_960_770_fue_193.m.de;;193;2812;28;719900
aq.aq92-200-deg.m.de;;0;35963;90;9206618
wzg.wzgaq12-pas_b1_65.m.de;;65;36742;105;9406057
aq.aq_96_145061_mch.m.de;;0;37575;154;9619354
wzg.aqq27_sbg_b1_65.m.de;;65;3152;173;807085
wzg.cluster_aq9-350-nbg_p_196.m.de;AQ_AQ9_350_Nbg_P_196;196;35277;100;9031012
wzg.cluster_aqq265_mch_h_194.m.de;;194;3163;2;809730
wzg.aqb25_mch_pw1_161.m.de;;161;3192;8;817160
wzg.aqq237_sbg_a2_2.m.de;;2;3161;37;809253
wzg.wzg_96_154790_lin_b2_98.m.de;;98;37576;124;9619580
wzg.wzg9-700-mch_w1_34.m.de;WWQ_9700_34;34;35668;192;9131200
wzg.wzgaq115c-pas_c1_73.m.de;;73;36742;204;9406156
wzg.wzg_99a_104508_mch_c2_r_163.m.de;;163;38748;252;9919740
wzg.wzg92-580-mch_b1_97.m.de;;97;36001;211;9216467
aq.aq99-072-sbg.m.de;;0;38701;222;9907678
wzg.wzg_b2n_005988_gap_dlz1_gv_1.m.de;;1;809;150;207254
aq.aq_b2n_005988_gap.m.de;;0;809;150;207254
wzg.wzg99-860-stg_a1_1.m.de;;1;38739;1;9917185
wzg.wzg_9_490336_mch_wvlt1_164.m.de;WZG_AQ_9_490336_Mch_164;164;3586;44;918060
wzg.wzg_9_484470_nbg_b1_65.m.de;WZG_AQ_9_484470_Nbg_65;65;3546;3;907779
wzg.wzg9-781b-mch_w1_1.m.de;WWQ_9.781b_1;1;3579;152;916376
aq.aq_96_145456_lin.m.de;;0;37575;161;9619361
wzg.cluster_aq_a7_958_403_fue_193.m.de;;193;2772;198;709830
wzg.wzg92-572a-mch_w1_33.m.de;WWQ_92572a_33;33;36001;218;9216474
wzg.wzg99-860-stg_b2_66.m.de;;66;38739;1;9917185
wzg.wzg_b17_760_0480_aug_c1_73.m.de;;73;6704;245;1716469
wzg.wzg_9_511805_mch_w9_234.m.de;WWQ_9590_234;234;3590;68;919108
wzg.wzg_95_2434_mch_pw2_2.m.de;;2;37133;50;9506098
wzg.wzg_b2n_007225_mch_lsa_l_170.m.de;;170;848;188;217276
wzg.aqq57_sbg_a1_1.m.de;;1;3153;82;807250
wzg.cluster_aq92-210-deg_194.m.de;;194;35963;97;9206625
wzg.cluster_aqaq205-mch_193.m.de;;193;36781;233;9416169
wzg.wzg_96_159021_lin_dlz3_34.m.de;;34;37576;221;9619677
wzg.cluster_aq_9_510050_mch_193.m.de;AQ_AQ_9_510050_Mch_193;193;3589;233;919017
aq.aq92-670-mch.m.de;;0;36000;75;9216075
wzg.wzg_95_1990_mch_pw1_1.m.de;;1;37133;32;9506080
wzg.wzg_99_12270_stg_bl1_r_133.m.de;;133;38737;237;9916909
wzg.wzg8-130-mch_wta3_44.m.de;AQ8O_130_Mch_44;44;3149;209;806353
wzg.wzg92-070-deg_a2_2.m.de;;2;35961;214;9206230
wzg.wzg_9_483145_mch_c1_105.m.de;WZG_AQ_9_483145_Mch_105;105;3584;208;917712
wzg.aqb13_mch_c2_106.m.de;;106;3192;183;817335
wzg.wzg99-063-stg_w13_46.m.de;WWQ_99063_46;46;38701;165;9907621
wzg.wzg_9_491350_mch_c3_107.m.de;WZG_AQ_9_491350_Mch_107;107;3586;95;918111
wzg.wzg_9_495035_mch_a1_33.m.de;WZG_AQ_9_495035_Mch_33;33;3587;20;918292
wzg.wzgzfr02-pas_w3_3.m.de;;3;36742;170;9406122
wzg.wzgaq205-mch_a3_35.m.de;;35;36781;233;9416169
aq.aq_99a_104300_stg.m.de;;0;38737;39;9916711
wzg.aq_96_171210_mch_a2_2.m.de;;2;37538;230;9609958
wzg.wzg9-783-mch_a1_162.m.de;WZG_AQ9_783_Mch_162;162;35669;222;9131486
wzg.wzg_99_18390_stg_w1_225.m.de;WWQ_99.X_225;225;38739;180;9917364
wzg.wzg_99_11680_stg_wta1_73.m.de;;73;38737;193;9916865
wzg.wzg_b2n_006337_mch_a1_133.m.de;;133;848;173;217261
wzg.wzg_99_26825_stg_wvlt_129.m.de;;129;38703;21;9907989
wzg.wzg92-572a-mch_w3_35.m.de;WWQ_92572a_35;35;36001;218;9216474
wzg.cluster_aq_99a_101408_stg_193.m.de;;193;38709;135;9909639
wzg.wzg_b2n_007815_mch_dlz1_gv_49.m.de;;49;848;197;217285
wzg.wzg9-166-nbg_b1_66.m.de;WZG_AQ9_166_Nbg_66;66;35279;46;9031470
wzg.wzg99-650-stg_w21_22.m.de;AQ99-650-Stg_22;22;38745;163;9918883
wzg.aq_a7_949_285_fue_a2_34.m.de;;34;2810;186;719546
wzg.wzg_99_10586_stg_c1_169.m.de;;169;38737;126;9916798
wzg.wzg_9_485900_nbg_c1_73.m.de;WZG_AQ_9_485900_Nbg_73;73;3546;73;907849
wzg.cluster_aq_96_168238_mch_194.m.de;;194;37538;161;9609889
wzg.wzg_9_493593_mch_a4_36.m.de;WZG_AQ_9_493593_Mch_36;36;3586;206;918222
wzg.wzg99-210-sbg_b3_99.m.de;;99;38705;187;9908667
wzg.wzg92-650-mch_b1_97.m.de;;97;36000;133;9216133
wzg.wzg92-300-deg_b1_65.m.de;;65;35964;20;9206804
wzg.wzg99-670-stg_w2_3.m.de;AQ99-670-Stg_3;3;38745;132;9918852
aq.aqwwq114-pas.m.de;;0;36742;192;9406144
wzg.wzg_r200_000022_gap_a1_161.m.de;;161;809;61;207165
wzg.cluster_aq_b2n_008905_gap_cluster_193.m.de;;193;809;192;207296
aq.lsa_99_3248_sbg.m.de;;0;38735;112;9916272
wzg.wzg92-080-deg_a2_2.m.de;;2;35962;18;9206290
wzg.aqb22_mch_c2_106.m.de;;106;3192;52;817204
wzg.wzg9-760-mch_w16_51.m.de;WWQ_9760_51;51;35669;66;9131330
wzg.aqq269_sbg_a2_2.m.de;;2;3163;51;809779
wzg.aqq37_sbg_c1_78.m.de;;78;3152;248;807160
wzg.wzg9-781b-mch_w2_3.m.de;WWQ_9.781b_3;3;3579;152;916376
aq.aq_99_6505_sbg.m.de;;0;38736;66;9916482
wzg.wzg9-790-mch_a1_33.m.de;WZG_AQ9_790_Mch_33;33;35670;25;9131545
wzg.wzg9-155-nbg_c1_73.m.de;WZG_AQ9_155_Nbg_73;73;35279;93;9031517
wzg.cluster_aq_9_503485_mch_193.m.de;AQ_AQ_9_503485_Mch_193;193;3588;174;918702
wzg.cluster_aq92-200-deg_194.m.de;;194;35963;90;9206618
wzg.cluster_aq_99_10170_lin_194.m.de;;194;38737;82;9916754
wzg.dlz_96_146600_mch_dlz1_9.m.de;;9;37575;186;9619386
wzg.aqq275_mch_a1_33.m.de;;33;3163;120;809848
wzg.wzg_96_146350_mch_dlz2_2.m.de;;2;37575;186;9619386
wzg.aq_a7_955_110_fue_c1_105.m.de;;105;2811;109;719725
wzg.cluster_wwq_95_2434_mch_194.m.de;;194;37133;50;9506098
aq.aq99-076-sbg.m.de;;0;38702;2;9907714
wzg.wzgwwq13-pas_wta2_227.m.de;WWQ94_013_Pas_227;227;36742;181;9406133
wzg.cluster_aq_b2n_006434_gap_cluster_195.m.de;;195;809;156;207260
wzg.wzg_b2n_004622_gap_z131_l_162.m.de;;162;809;129;207233
wzg.wzg92-650-mch_c1_105.m.de;;105;36000;133;9216133
wzg.wzg99-248-sbg_a1_1.m.de;;1;38706;71;9908807
aq.aq_96_140129_mch.m.de;;0;37575;35;9619235
wzg.wzg_96_149480_lin_blinker_161.m.de;;161;37576;1;9619457
wzg.wzg92-500-mch_b1_97.m.de;;97;36002;198;9216710
wzg.wzg_9_483200_nbg_b1_65.m.de;WZG_AQ_9_483200_Nbg_65;65;3545;198;907718
aq.aq92-696-mch.m.de;;0;36000;23;9216023
wzg.wzg99-025-sbg_w2_35.m.de;WWQ_99025_35;35;38700;20;9907220
wzg.wzg99-650-stg_w2_3.m.de;AQ99-650-Stg_3;3;38745;163;9918883
aq.aq_b310_9_709_ulm_b310.m.de;;0;2773;4;709892
wzg.wzg99-040-sbg_dlz1_33.m.de;;33;38700;72;9907272
wzg.cluster_aq_96_140915_lin_193.m.de;;193;37575;58;9619258
wzg.wzg_96_143948_mch_c1_73.m.de;;73;37575;127;9619327
wzg.wzg92-690-mch_c1_105.m.de;;105;36000;38;9216038
aq.aq99-810a-l-stg.m.de;;0;38741;14;9917710
wzg.cluster_aq99-270-sbg_pw1_195.m.de;;195;38707;122;9909114
wzg.wzg_9_490336_mch_c2_106.m.de;WZG_AQ_9_490336_Mch_106;106;3586;44;918060
wzg.wzg9-700-mch_w6_39.m.de;WWQ_9700_39;39;35668;192;9131200
wzg.cluster_aq_96_161150_lin_193.m.de;;193;37577;15;9619727
wzg.aqb29_mch_dlzfs1_56.m.de;;56;3191;203;817099
wzg.aqq27_sbg_a2_2.m.de;;2;3152;173;807085
wzg.aqb18_mch_b1_97.m.de;;97;3192;113;817265
wzg.wzg_96_171575_lin_pw2_34.m.de;;34;37577;255;9619967
wzg.wzg_9_510820_mch_w6_230.m.de;WWQ_9584_230;230;3590;20;919060
wzg.wzgwwq05-mch_wta2_227.m.de;WWQ94_005_Mch_227;227;36781;156;9416092
wzg.aqb28_mch_c1_105.m.de;;105;3191;220;817116
wzg.cluster_aqq13_sbg_e_194.m.de;;194;3152;173;807085
wzg.wzg9-780-mch_c1_105.m.de;WZG_AQ9_780_Mch_105;105;35669;97;9131361
aq.lsa_99_5357_lin.m.de;;0;38696;230;9906406
wzg.cluster_hs_94_109199_mch_195.m.de;;195;36791;14;9418510
wzg.wzg_b2n_008067_gap_led2_gv_129.m.de;;129;809;181;207285
wzg.wzg99-890-stg_w2_2.m.de;;2;38699;42;9906986
wzg.wzg_9_491895_nbg_dlz1_9.m.de;WZG_AQ_9_491895_Nbg_9;9;3547;109;908141
wzg.wzg99-220-sbg_w4_36.m.de;AQ99-220-Sbg_36;36;38705;224;9908704
aq.aqq46_sbg_h.m.de;;0;3153;32;807200
wzg.wzg_92_akneuf_0440_xw_b1_165.m.de;;165;36001;137;9216393
wzg.wzg99-650-stg_w9_10.m.de;AQ99-650-Stg_10;10;38745;163;9918883
wzg.wzg_96_153728_lin_dlz3_gv_19.m.de;;19;37576;102;9619558
wzg.wzg99-580-stg_a3_3.m.de;;3;38746;230;9919206
wzg.wzg_9_496600_mch_a1_33.m.de;WZG_AQ_9_496600_Mch_33;33;3587;95;918367
wzg.wzg_96_171060_mch_pw3_3.m.de;;3;37538;227;9609955
wzg.wzgaq09-mch_a3_35.m.de;;35;36781;136;9416072
wzg.wzg_96_140915_lin_c1_105.m.de;;105;37575;58;9619258
wzg.wzg9-781c-mch_w2_3.m.de;WWQ_9.781c_3;3;3579;128;916352
wzg.wzg_9_484325_mch_a3_35.m.de;WZG_AQ_9_484325_Mch_35;35;3585;9;917769
wzg.wzg99-240-sbg_w1_33.m.de;;33;38706;34;9908770
wzg.wzg9-700-mch_w12_45.m.de;WWQ_9700_45;45;35668;192;9131200
aq.wwq_9_490695_mch.m.de;;0;3586;72;918088
wzg.aqq221_sbg_a1_2.m.de;;2;3199;124;819068
wzg.wzg99-640-stg_a1_1.m.de;;1;38745;195;9918915
wzg.wzgaq116-pas_c2_74.m.de;;74;36742;227;9406179
wzg.aqq45c_sbg_w1_1.m.de;;1;3153;29;807197
wzg.wzg9-793-mch_wta2_34.m.de;;34;35669;202;9131466
wzg.wzg_99_32050_stg_b2_66.m.de;;66;38704;152;9908376
wzg.dlz_99_4932_lin_dlz3_39.m.de;;39;38696;209;9906385
wzg.wzg9-610-mch_a2_36.m.de;WZG_AQ9_610_Mch_36;36;35667;224;9130976
wzg.wzg_b17_740_0470_aug_c1_73.m.de;;73;6705;99;1716579
aq.aqq218_mch_e.m.de;;0;3160;78;809038
wzg.wzg_99_12270_stg_a1_1.m.de;;1;38737;237;9916909
wzg.wzg99-590-stg_b2_66.m.de;;66;38746;105;9919081
wzg.wzg9-850-mch_wta2_34.m.de;;34;35670;148;9131668
wzg.wzg99-650-stg_bl1_1.m.de;AQ99-650-Stg_1;1;38745;163;9918883
wzg.wzg_9_499865_mch_dlz1_33.m.de;WZG_AQ_9_499865_Mch_33;33;3588;1;918529
wzg.aqb29_mch_a1_33.m.de;;33;3191;203;817099
wzg.wzg_96_154233_lin_a1_161.m.de;;161;37576;102;9619558
aq.aq9-690-mch.m.de;;0;35668;174;9131182
wzg.wzg99-070-sbg_b2_98.m.de;;98;38701;203;9907659
wzg.wzgaq01-mch_a2_34.m.de;;34;36782;84;9416276
aq.aqq35_sbg_h.m.de;;0;3152;231;807143
wzg.wzg92-622-mch_w1_1.m.de;WWQ_92622_1;1;36001;47;9216303
wzg.wzg_99_4862_sbg_a2_130.m.de;;130;38735;225;9916385
wzg.wzg_9_489776_mch_wvlt1_163.m.de;WZG_AQ_9_489776_Mch_163;163;3586;11;918027
wzg.wzg92-590-mch_p_a1_33.m.de;;33;36001;165;9216421
wzg.wzg_9_493593_mch_a3_35.m.de;WZG_AQ_9_493593_Mch_35;35;3586;206;918222
wzg.wzgaq204-mch_a2_34.m.de;;34;36781;251;9416187
wzg.wzg_9_506690_mch_wvlt1_163.m.de;WZG_AQ_9_506690_Mch_163;163;3589;76;918860
wzg.wzg8-100-mch_w9_42.m.de;AQ8O_100_Mch_42;42;3150;3;806403
wzg.aq_96_168238_mch_a1_1.m.de;;1;37538;161;9609889
wzg.cluster_aq_b2n_009000_mch_cluster_194.m.de;;194;848;211;217299
wzg.wzg_9_akneuf_0638_hl_c1_167.m.de;;167;35667;208;9130960
wzg.wzg_99_as7_000_dc_pw1_38.m.de;;38;38696;244;9906420
aq.aqq46a_sbg_h.m.de;;0;3153;31;807199
wzg.wzg_96_155060_lin_z131_z501_c_l_164.m.de;;164;37576;130;9619586
wzg.aq_a7_961_684_ulm_b1_131.m.de;;131;2812;49;719921
wzg.wzg_9_484325_mch_a2_34.m.de;WZG_AQ_9_484325_Mch_34;34;3585;9;917769
wzg.wzg99-635-stg_w1_2.m.de;AQ99-635-Stg_2;2;38745;213;9918933
wzg.cluster_aq99-235-sbg_193.m.de;;193;38706;33;9908769
wzg.wzg_b2n_008880_gap_a1_161.m.de;;161;809;192;207296
wzg.wzg_99_1625_sbg_c2_74.m.de;;74;38734;215;9916119
wzg.aqb11_mch_a2_34.m.de;;34;3192;207;817359
wzg.wzg99-280-sbg_b2_98.m.de;;98;38707;228;9909220
wzg.cluster_aq99-650-stg_194.m.de;AQ99-650-Stg;194;38745;163;9918883
wzg.wzg_99_8468_sbg_b1_65.m.de;;65;38736;209;9916625
wzg.wzg_b2n_007213_gap_b1_176.m.de;;176;809;163;207267
wzg.wzg8-100-mch_w7_40.m.de;AQ8O_100_Mch_40;40;3150;3;806403
wzg.wzg92-410-mch_bl1_37.m.de;;37;36003;245;9217013
wzg.wzg99-045-sbg_c2_106.m.de;;106;38700;147;9907347
wzg.wzg_b2n_007279_mch_dlz1_gv_51.m.de;;51;848;188;217276
wzg.wzg_b2n_007115_mch_dlz1_gv_33.m.de;;33;848;180;217268
wzg.wzg_99_30450_stg_b1_65.m.de;;65;38743;49;9918257
wzg.wzg99-262-sbg_w2_35.m.de;;35;38707;23;9909015
wzg.wzgaq06-mch_a3_35.m.de;;35;36781;192;9416128
wzg.aqb14_mch_c1_105.m.de;;105;3192;173;817325
wzg.wzg_9_494840_nbg_a3_3.m.de;WZG_AQ_9_494840_Nbg_3;3;3547;252;908284
wzg.wzg_9_491350_mch_dlz1_41.m.de;WZG_AQ_9_491350_Mch_41;41;3586;95;918111
wzg.wzgaq116-pas_rgl_130.m.de;;130;36742;227;9406179
wzg.aq_a7_957_773_fue_dlz2_42.m.de;;42;2772;179;709811
wzg.wzg_9_483145_mch_b1_97.m.de;WZG_AQ_9_483145_Mch_97;97;3584;208;917712
wzg.wzg_9_511350_mch_w6_230.m.de;WWQ_9586_230;230;3590;46;919086
wzg.aq_96_168238_mch_a3_3.m.de;;3;37538;161;9609889
wzg.cluster_aq_9_adholl_0420_om_193.m.de;AQ_AQ_9_ADHoll_0420_OM_193;193;3584;155;917659
wzg.wzg8-110-mch_w2_35.m.de;AQ8O_110_Mch_35;35;3149;234;806378
wzg.wzg_8_7100_stg_c2_106.m.de;;106;3145;10;805130
wzg.wzg92-586-mch_w5_38.m.de;WWQ_92586_38;38;36001;181;9216437
wzg.wzg92-260-deg_a2_2.m.de;;2;35963;179;9206707
wzg.wzg_99_5620_lin_bl2_168.m.de;;168;38696;244;9906420
wzg.wzg99-714-stg_c2_74.m.de;;74;38744;200;9918664
wzg.wzg_96_161150_lin_a1_33.m.de;;33;37577;15;9619727
wzg.wzg99-055-sbg_c1_172.m.de;;172;38701;18;9907474
aq.aq8-140-mch.m.de;;0;3149;180;806324
wzg.aqb10_mch_a2_34.m.de;;34;3192;222;817374
aq.aqfsa06-pas.m.de;;0;36742;131;9406083
wzg.wzg_9_477875_mch_b1_97.m.de;WZG_AQ_9_477875_Mch_97;97;3583;207;917455
wzg.aqb18_mch_a1_33.m.de;;33;3192;113;817265
aq.aq_99_10170_stg.m.de;;0;38737;82;9916754
wzg.wzg_96_169700_mch_pw7_7.m.de;;7;37538;195;9609923
wzg.wzg_9_485750_mch_c3_107.m.de;WZG_AQ_9_485750_Mch_107;107;3585;83;917843
wzg.cluster_aq_96_171210_mch_194.m.de;;194;37538;230;9609958
wzg.aqb20_mch_a3_35.m.de;;35;3192;76;817228
wzg.wzg_99_27350_stg_pw10_133.m.de;;133;38703;59;9908027
wzg.wzg_9_489776_mch_dlz1_33.m.de;WZG_AQ_9_489776_Mch_33;33;3586;11;918027
wzg.wzg_8_8010_mch_bl1_8.m.de;;8;3149;127;806271
wzg.wzg_9_493840_nbg_a4_4.m.de;WZG_AQ_9_493840_Nbg_4;4;3547;203;908235
wzg.wzg9-740-mch_w20_55.m.de;WWQ_9740_55;55;35669;28;9131292
wzg.wzg_9_495035_mch_a3_35.m.de;WZG_AQ_9_495035_Mch_35;35;3587;20;918292
wzg.wzg_9_508590_mch_a1_33.m.de;WZG_AQ_9_508590_Mch_33;33;3589;166;918950
wzg.cluster_aq92-584-mch_193.m.de;WWQ_92584;193;36001;188;9216444
wzg.wzgwwq10-pas_wta2_226.m.de;WWQ94_010_Pas_226;226;36742;138;9406090
wzg.wwq_a7_960_707_ulm_bl1_25.m.de;;25;2773;18;709906
aq.aqq45_sbg_h.m.de;;0;3153;22;807190
wzg.wzg_9_491895_nbg_wvlt1_131.m.de;WZG_AQ_9_491895_Nbg_131;131;3547;109;908141
wzg.cluster_aq9-760-mch_193.m.de;WWQ_9760;193;35669;66;9131330
wzg.cluster_wwq_99_29277_sbg_193.m.de;WWQ99_29277_Sbg;193;38703;198;9908166
wzg.wzg_b2n_006462_gap_lsa_gv_131.m.de;;131;809;156;207260
wzg.wwq_a7_944_025_fue_pw4_36.m.de;;36;2810;24;719384
wzg.wzg_99_4862_sbg_dlz2_5.m.de;;5;38735;225;9916385
wzg.wzg_9_500390_mch_a4_36.m.de;WZG_AQ_9_500390_Mch_36;36;3588;23;918551
wzg.aqq33_sbg_c1_73.m.de;;73;3152;212;807124
wzg.cluster_wwq_99_asash_0530_am_193.m.de;WWQ99_ASAsh_0530_AM;193;38703;239;9908207
wzg.wzg_9_509515_nbg_a3_3.m.de;WZG_AQ_9_509515_Nbg_3;3;3550;199;908999
wzg.wzg92-215-deg_bl2_4.m.de;;4;35963;76;9206604
wzg.lsa_99_10383_sbg_lsa2_130.m.de;;130;38698;110;9906798
wzg.cluster_aqwwq09-pas_196.m.de;WWQ94_009_Pas;196;36742;131;9406083
wzg.aq_b310_10_122_ulm_b310_bl1_57.m.de;;57;2773;4;709892
aq.wwq_st2068_fr-s2.m.de;;0;37562;133;9616005
wzg.wzg92-270-deg_a1_129.m.de;;129;35963;196;9206724
wzg.cluster_aq_96_139409_mch_194.m.de;;194;37575;23;9619223
wzg.aq_94_108794_mch_c1_105.m.de;;105;36791;4;9418500
wzg.wzg99-714-stg_a4_4.m.de;;4;38744;200;9918664
wzg.wzg9-260-nbg_a4_4.m.de;WZG_AQ9_260_Nbg_4;4;35278;56;9031224
wzg.aqq67_sbg_b2_66.m.de;;66;3153;135;807303
wzg.wzg_9_500994_nbg_b1_65.m.de;WZG_AQ_9_500994_Nbg_65;65;3549;39;908583
wzg.wzg_96_153990_lin_dlz2_gv_10.m.de;;10;37576;102;9619558
wzg.wzg9-830-mch_w1_36.m.de;;36;35670;125;9131645
wzg.wzg9-740-mch_w17_52.m.de;WWQ_9740_52;52;35669;28;9131292
wzg.wzgaq190-mch_w8_8.m.de;WWQ94_190_Mch_8;8;36782;69;9416261
wzg.aq_94_108895_mch_b1_97.m.de;;97;36791;7;9418503
wzg.cluster_aq_9_493593_mch_193.m.de;AQ_AQ_9_493593_Mch_193;193;3586;206;918222
wzg.wzgwwq11-pas_wta4_228.m.de;WWQ94_011_Pas_228;228;36742;145;9406097
wzg.cluster_aq_94_109969_pas_196.m.de;;196;36752;16;9408528
aq.aq99-080-sbg.m.de;;0;38702;67;9907779
wzg.cluster_aq99-230-sbg_193.m.de;AQ99-230-Sbg;193;38706;8;9908744
wzg.wzg_9_483200_nbg_b2_66.m.de;WZG_AQ_9_483200_Nbg_66;66;3545;198;907718
wzg.cluster_aq_b2n_008550_gap_cluster_193.m.de;;193;809;189;207293
wzg.aqq63_sbg_a3_3.m.de;;3;3153;115;807283
wzg.wzg99-260-sbg_a4_37.m.de;;37;38707;6;9908998
wzg.portal_a7_962_719_ulm_c1_17.m.de;;17;2773;73;709961
wzg.wzg99-280-sbg_a2_34.m.de;;34;38707;228;9909220
aq.aq99-062-sbg.m.de;;0;38701;127;9907583
aq.aq_99a_100750_stg.m.de;;0;38709;112;9909616
wzg.wzg_99_27350_stg_wta2_2.m.de;;2;38703;59;9908027
wzg.wzg99-532-stg_a2_2.m.de;;2;38748;154;9919642
wzg.wzg_b2n_005450_gap_a1_33.m.de;;33;809;142;207246
wzg.wzgwwq11-pas_wta5_229.m.de;WWQ94_011_Pas_229;229;36742;145;9406097
wzg.wzg92-588-mch_w7_40.m.de;WWQ_92588_40;40;36001;173;9216429
wzg.wzgaq202c-mch_c1_136.m.de;;136;36782;37;9416229
wzg.cluster_aq_st2007_19_292_fue_st2007_193.m.de;;193;2810;37;719397
wzg.wzg_96_145860_lin_c1_bag_113.m.de;;113;37575;172;9619372
wzg.wzg_9_485750_mch_a4_36.m.de;WZG_AQ_9_485750_Mch_36;36;3585;83;917843
wzg.wzg_99_924_lin_a2_34.m.de;;34;38695;149;9906069
aq.aq_96_161485_mch.m.de;;0;37524;225;9606369
wzg.wzg99-004-sbg_bl1_4.m.de;;4;38737;249;9916921
wzg.wzg99-062-sbg_w12_45.m.de;WWQ_99062_45;45;38701;127;9907583
wzg.cluster_aq_9_480000_nbg_194.m.de;AQ_AQ_9_480000_Nbg_194;194;3545;42;907562
wzg.wzg_96_140129_mch_dlz1_17.m.de;;17;37575;35;9619235
wzg.aqq215_mch_e_b1_164.m.de;;164;3199;66;819010
wzg.aqq269_sbg_c1_73.m.de;;73;3163;51;809779
wzg.wzg_99_27350_stg_pw3_138.m.de;;138;38703;59;9908027
wzg.wzg9-248-nbg_w2_2.m.de;WWQ_9248_2;2;3541;6;906502
wzg.aq_94_110189_pas_c1_73.m.de;;73;36752;22;9408534
aq.aq_b2n_008757_mch.m.de;;0;848;208;217296
wzg.wzg_99a_104300_stg_c1_76.m.de;;76;38737;39;9916711
wzg.wzg92-120-deg_a1_1.m.de;;1;35962;124;9206396
wzg.wzg99-635-stg_w3_4.m.de;AQ99-635-Stg_4;4;38745;213;9918933
wzg.wzg_b2n_005935_gap_b2_164.m.de;;164;809;150;207254
wzg.wzg99-640-stg_c1_73.m.de;;73;38745;195;9918915
wzg.wzg_99_as10_0240_tz_lsa2_132.m.de;;132;38738;17;9916945
wzg.wzg92-010-deg_c1_73.m.de;;73;35961;20;9206036
wzg.wzg_9_511900_nbg_b4_68.m.de;WZG_AQ_9_511900_Nbg_68;68;3551;58;909114
wzg.wzg9-870-mch_w3_36.m.de;;36;35670;243;9131763
aq.aq99-850-stg_dlz.m.de;;0;38739;108;9917292
wzg.aq_a7_957_493_fue_a2_162.m.de;;162;2772;179;709811
aq.aq_9_506690_mch.m.de;;0;3589;76;918860
wzg.wzg9-130-nbg_w7_8.m.de;WWQ_9130_8;8;35279;146;9031570
wzg.wzg_96_159170_lin_dlz3_gv_3.m.de;;3;37576;227;9619683
wzg.wzg_9_485750_mch_a3_35.m.de;WZG_AQ_9_485750_Mch_35;35;3585;83;917843
wzg.wzg92-080-deg_a1_1.m.de;;1;35962;18;9206290
wzg.cluster_aqq87_sbg_h_193.m.de;;193;3153;198;807366
wzg.cluster_wwq_96_171575_lin_193.m.de;;193;37577;255;9619967
wzg.wzg_b2n_008211_mch_b2_138.m.de;;138;848;205;217293
wzg.wzg_99_26545_stg_pw2_137.m.de;;137;38702;255;9907967
wzg.wzg_96_160143_lin_dlz2_gv_2.m.de;;2;37576;246;9619702
wzg.wzg92-180-deg_a1_1.m.de;;1;35963;73;9206601
wzg.aqq67_sbg_a2_2.m.de;;2;3153;135;807303
wzg.wzg99-811-stg_b2_66.m.de;;66;38740;193;9917633
wzg.aqq46a_sbg_pw1_129.m.de;;129;3153;31;807199
wzg.cluster_aq99-060-sbg_193.m.de;;193;38701;108;9907564
wzg.wzg9-210-nbg_c2_74.m.de;WZG_AQ9_210_Nbg_74;74;35278;174;9031342
wzg.dlz_99_3986_sbg_dlz2_2.m.de;;2;38735;144;9916304
wzg.wzg_99_8468_sbg_c2_r_131.m.de;;131;38736;209;9916625
aq.aq_r200_sued_000000_gap.m.de;;0;809;195;207299
wzg.wzg_9_511090_nbg_dlz1_9.m.de;WZG_AQ_9_511090_Nbg_9;9;3551;19;909075
wzg.wzg_96_146848_mch_lsa1_gv_161.m.de;;161;37575;186;9619386
wzg.wzg_9_480000_nbg_c1_73.m.de;WZG_AQ_9_480000_Nbg_73;73;3545;42;907562
wzg.wzg_99_as5_220_em_c1_134.m.de;;134;38734;174;9916078
wzg.aqb16_mch_b2_98.m.de;;98;3192;145;817297
wzg.wzg_8_11300_stg_c2_106.m.de;;106;3145;88;805208
aq.wwq_99_asash_0920_am.m.de;;0;38704;13;9908237
wzg.wzg99-635-stg_w17_18.m.de;AQ99-635-Stg_18;18;38745;213;9918933
wzg.wzg_9_503485_mch_b2_98.m.de;WZG_AQ_9_503485_Mch_98;98;3588;174;918702
wzg.wzg_b2n_007279_mch_a1_133.m.de;;133;848;188;217276
aq.aq_96_146821_lin.m.de;;0;37575;187;9619387
wzg.wzg_9_504520_mch_b1_97.m.de;WZG_AQ_9_504520_Mch_97;97;3588;226;918754
wzg.cluster_aq_b310_9_717_fue_b310_193.m.de;;193;2773;4;709892
wzg.wzg_99_11124_stg_dlz3_35.m.de;;35;38737;126;9916798
wzg.wzg_96_155360_lin_a2_34.m.de;;34;37576;137;9619593
wzg.wzg99-650-stg_w10_11.m.de;AQ99-650-Stg_11;11;38745;163;9918883
wzg.cluster_aqfsa07-pas_194.m.de;;194;36742;138;9406090
wzg.cluster_aq_96_145860_lin_193.m.de;;193;37575;172;9619372
wzg.wzg9-710-mch_bl1_33.m.de;WWQ_9710_33;33;35668;212;9131220
wzg.dlz_99_4331_lin_dlz3_35.m.de;;35;38696;128;9906304
wzg.wzg_99_11515_sbg_b1_97.m.de;;97;38698;163;9906851
wzg.wzg_b2n_008294_gap_lsa1_165.m.de;;165;809;181;207285
wzg.aqq23_sbg_b1_97.m.de;;97;42644;62;10916926
aq.aq99-079b-r-sbg.m.de;;0;38702;66;9907778
wzg.wzg_96_160362_lin_dlz3_34.m.de;;34;37576;252;9619708
wzg.wzg_96_159021_lin_dlz1_177.m.de;;177;37576;221;9619677
wzg.wzg_b17_800_0350_aug_a3_3.m.de;;3;6665;119;1706359
wzg.wzg92-610-mch_c1_106.m.de;;106;36001;119;9216375
wzg.wzg99-720-stg_c3_75.m.de;;75;38744;97;9918561
wzg.wzg99-560-stg_b1_65.m.de;;65;38747;89;9919321
wzg.wzg_99_27814_sbg_b4_100.m.de;;100;38742;107;9918059
aq.aqq48_sbg_h.m.de;;0;3153;36;807204
wzg.cluster_aq99-010-sbg_193.m.de;;193;38699;50;9906994
wzg.cluster_aq_a7_957_493_fue_193.m.de;;193;2772;179;709811
wzg.aq_a7_957_393_ulm_b2_132.m.de;;132;2772;178;709810
wzg.wzg_a96_144149_mch_bag_a_129.m.de;;129;37575;133;9619333
wzg.wzg8-120-mch_w6_39.m.de;AQ8O_120_Mch_39;39;3149;218;806362
aq.aq92-040-deg.m.de;;0;35961;27;9206043
wzg.wzg92-170-deg_c1_73.m.de;;73;35963;28;9206556
wzg.wzg9-830-mch_w5_40.m.de;;40;35670;125;9131645
wzg.wzg99-720-stg_b2_66.m.de;;66;38744;97;9918561
wzg.wzg_96_143281_mch_c1_73.m.de;;73;37575;112;9619312
wzg.wzg_96_160143_lin_dlz3_gv_3.m.de;;3;37576;246;9619702
wzg.wzg99-q9_sbg_c3_107.m.de;;107;38738;18;9916946
wzg.wzg_99_25600_stg_pw7_131.m.de;;131;38702;184;9907896
wzg.wzg99-q7_sbg_a2_34.m.de;;34;38737;219;9916891
wzg.wzgaq190-mch_cl1_194.m.de;WWQ94_190_Mch;194;36782;69;9416261
aq.aq_b17_740_2270_aug.m.de;;0;6705;34;1716514
wzg.wzgaq202-mch_b2_98.m.de;;98;36782;63;9416255
wzg.wzg99-710-stg_pw1_129.m.de;;129;38745;4;9918724
wzg.wzg99-712-stg_pw1_129.m.de;;129;38744;223;9918687
wzg.wzg92-170-deg_b2_66.m.de;;66;35963;28;9206556
wzg.cluster_aq92-410-mch_193.m.de;;193;36003;245;9217013
wzg.wzg_9_502505_nbg_c1_73.m.de;WZG_AQ_9_502505_Nbg_73;73;3549;113;908657
wzg.wzg_b2n_008667_mch_dlz2_2.m.de;;2;848;205;217293
wzg.wzgaq08-mch_a1_33.m.de;;33;36781;161;9416097
wzg.wzg_9_506690_mch_b2_98.m.de;WZG_AQ_9_506690_Mch_98;98;3589;76;918860
wzg.aqq35_sbg_pw1_129.m.de;;129;3152;231;807143
wzg.wzg_b17_780_0520_aug_c2_74.m.de;;74;6704;180;1716404
wzg.wzg8-100-mch_w6_39.m.de;AQ8O_100_Mch_39;39;3150;3;806403
wzg.wzg9-345-nbg_w7_7.m.de;WWQ_9345_7;7;3541;246;906742
wzg.aq_94_109324_mch_d2_162.m.de;;162;36752;0;9408512
wzg.wzg99-062-sbg_w5_38.m.de;WWQ_99062_38;38;38701;127;9907583
wzg.wzg99-235-sbg_a2_34.m.de;;34;38706;33;9908769
wzg.wzg_9_508400_nbg_b2_66.m.de;WZG_AQ_9_508400_Nbg_66;66;3550;144;908944
wzg.wzg_9_akneuf_1760_um_a2_34.m.de;;34;35667;190;9130942
wzg.wzg99-060-sbg_c1_105.m.de;;105;38701;108;9907564
aq.aq_96_143948_mch.m.de;;0;37575;127;9619327
wzg.wzg_9_491895_nbg_b3_67.m.de;WZG_AQ_9_491895_Nbg_67;67;3547;109;908141
wzg.cluster_aq_99_30830_sbg_193.m.de;;193;38704;59;9908283
wzg.cluster_aq99-690-stg_194.m.de;;194;38745;100;9918820
wzg.wzg_b2n_006663_mch_lsa_gv_171.m.de;;171;848;180;217268
aq.aqaq203-mch.m.de;;0;36782;19;9416211
wzg.wzg8-100-mch_w2_35.m.de;AQ8O_100_Mch_35;35;3150;3;806403
wzg.aq_94_108999_mch_a2_34.m.de;;34;36791;9;9418505
aq.aq92-530-mch.m.de;;0;36002;123;9216635
aq.aq_b2n_007272_gap.m.de;;0;809;163;207267
wzg.wzg99-045-sbg_a2_34.m.de;;34;38700;147;9907347
wzg.wzg92-572b-mch_w5_44.m.de;WWQ_92572b_44;44;36001;218;9216474
wzg.wzg_99_25381_stg_c1_129.m.de;;129;38702;168;9907880
wzg.wzg_96_145404_mch_a2_2.m.de;;2;37575;161;9619361
wzg.wzg9-99-a10-sbg_b1_97.m.de;;97;38702;17;9907729
wzg.wzg92-300-deg_c1_73.m.de;;73;35964;20;9206804
wzg.aqb29a_mch_a2_162.m.de;;162;3191;193;817089
wzg.aqq79_sbg_a2_2.m.de;;2;3153;171;807339
wzg.wzg_96_146848_lin_lsa1_163.m.de;;163;37575;187;9619387
wzg.aqq51_sbg_b1_65.m.de;;65;3153;55;807223
wzg.wzg_b2n_008211_mch_b1_137.m.de;;137;848;205;217293
wzg.wzg_9_492226_mch_c2_106.m.de;WZG_AQ_9_492226_Mch_106;106;3586;138;918154
wzg.wzg_8_8010_mch_wta4_4.m.de;;4;3149;127;806271
aq.aq_b17_780_0520_aug_r.m.de;;0;6704;180;1716404
wzg.wzg_99_11964_stg_b2_66.m.de;;66;38737;214;9916886
wzg.cluster_aqq44_sbg_h_193.m.de;;193;3153;19;807187
wzg.wzg99-200-sbg_w3_35.m.de;AQ99-200-Sbg_35;35;38705;151;9908631
wzg.wwq_a7_961_121_ulm_pw1_1.m.de;;1;2773;24;709912
wzg.wzg_99_ak8_700_uf_c1_107.m.de;;107;38697;57;9906489
wzg.wzg_b17_800_0350_lbg_c1_105.m.de;;105;6665;119;1706359
wzg.wzg_9_486950_mch_c1_105.m.de;WZG_AQ_9_486950_Mch_105;105;3585;137;917897
wzg.wzg92-586-mch_w3_36.m.de;WWQ_92586_36;36;36001;181;9216437
wzg.wzg92-550-mch_a1_33.m.de;;33;36002;43;9216555
wzg.aqq35_sbg_a4_3.m.de;;3;3152;231;807143
wzg.aqb24_mch_b2_98.m.de;;98;3192;22;817174
wzg.wzg92-586-mch_w2_35.m.de;WWQ_92586_35;35;36001;181;9216437
wzg.cluster_pw_99_31600_sbg_195.m.de;;195;38743;144;9918352
wzg.cluster_aqq259_mch_h_194.m.de;;194;3162;162;809634
wzg.wzg9-710-mch_w10_43.m.de;WWQ_9710_43;43;35668;212;9131220
wzg.wzg9-740-mch_w13_48.m.de;WWQ_9740_48;48;35669;28;9131292
wzg.wzg_96_147630_lin_a1_33.m.de;;33;37575;214;9619414
wzg.aqq235_mch_c1_105.m.de;;105;3160;242;809202
wzg.wzg_b2n_008211_mch_a1_135.m.de;;135;848;205;217293
aq.aq99-260-sbg.m.de;;0;38707;6;9908998
wzg.wzg_96_159650_lin_dlz2_gv_2.m.de;;2;37576;234;9619690
wzg.aq_96_171210_mch_b3_67.m.de;;67;37538;230;9609958
wzg.wzg9-780-mch_c2_106.m.de;WZG_AQ9_780_Mch_106;106;35669;97;9131361
wzg.cluster_aq_b2n_006152_mch_cluster_194.m.de;;194;848;166;217254
wzg.wzg_99_10220_sbg_b3_99.m.de;;99;38698;69;9906757
wzg.aq_a7_960_920_ulm_a1_9.m.de;;9;2773;18;709906
wzg.wzg92-490-mch_a1_161.m.de;;161;36002;223;9216735
wzg.wzg9-870-mch_bl1_33.m.de;;33;35670;243;9131763
wzg.cluster_aq_96_159021_lin_193.m.de;;193;37576;221;9619677
aq.aq_96_159167_lin.m.de;;0;37576;227;9619683
wzg.wzgfsa07-pas_dlzfs2_10.m.de;;10;36742;138;9406090
wzg.cluster_aq_99a_104508_mch_193.m.de;;193;38748;252;9919740
aq.hs_99_5345_lin.m.de;;0;38696;230;9906406
wzg.wzgaqrg203-mch_rgl_162.m.de;;162;36782;19;9416211
wzg.wzg92-080-deg_c1_73.m.de;;73;35962;18;9206290
wzg.wzg9-630-mch_a1_33.m.de;WZG_AQ9_630_Mch_33;33;35668;12;9131020
wzg.wzg_b2n_007815_mch_b2_136.m.de;;136;848;197;217285
wzg.aqb11_mch_a3_35.m.de;;35;3192;207;817359
aq.aq_99_5125_sbg.m.de;;0;38735;225;9916385
wzg.aqq21_sbg_b1_65.m.de;;65;3152;160;807072
wzg.wzg99-840-stg_b1_65.m.de;;65;38739;146;9917330
wzg.cluster_aqb13a_mch_e_193.m.de;;193;3192;177;817329
wzg.wzg99-235-sbg_a1_33.m.de;;33;38706;33;9908769
wzg.wzg_99_5620_lin_d1_163.m.de;;163;38696;244;9906420
wzg.wzg_99_8468_sbg_bl1_r_133.m.de;;133;38736;209;9916625
wzg.cluster_wwq_9_490127_mch_193.m.de;AQ_AQ_9_490336_Mch_193;193;3586;44;918060
aq.aq_b2n_008067_mch.m.de;;0;848;197;217285
wzg.wzg_96_171584_mch_led2_73.m.de;;73;37538;239;9609967
wzg.wzg_99_10220_sbg_a3_35.m.de;;35;38698;69;9906757
wzg.wzgaq204-mch_b2_98.m.de;;98;36781;251;9416187
wzg.cluster_aq99-079b-l-sbg_195.m.de;;195;38702;66;9907778
wzg.aq_96_170635_mch_a1_1.m.de;;1;37538;216;9609944
aq.aqq67_sbg_h.m.de;;0;3153;135;807303
wzg.wzg_96_171584_mch_led1_74.m.de;;74;37538;239;9609967
wzg.aqb26_mch_a1_33.m.de;;33;3191;253;817149
wzg.cluster_aq_99_11228_sbg_202.m.de;;202;38698;110;9906798
aq.aqaq12-pas.m.de;;0;36742;105;9406057
wzg.wzg9-760-mch_w3_38.m.de;WWQ_9760_38;38;35669;66;9131330
wzg.wzg_9_510320_mch_dlz1_41.m.de;WZG_AQ_9_510320_Mch_41;41;3589;251;919035
wzg.wzg92-686-mch_cl1_193.m.de;WWQ_92686;193;36000;32;9216032
aq.aq9-781b-mch.m.de;;0;3579;152;916376
wzg.wzg99-210-sbg_pw1_161.m.de;;161;38705;187;9908667
wzg.wzg8-130-mch_wta1_42.m.de;AQ8O_130_Mch_42;42;3149;209;806353
wzg.wzgaq14-pas_b1_65.m.de;;65;36742;163;9406115
wzg.wzg92-570-mch_b1_97.m.de;;97;36001;253;9216509
wzg.aqq45b_sbg_w6_6.m.de;;6;3153;25;807193
wzg.cluster_aq_99_924_lin_193.m.de;;193;38695;149;9906069
wzg.aqb16_mch_c2_106.m.de;;106;3192;145;817297
wzg.wzg_b2n_007815_mch_b1_135.m.de;;135;848;197;217285
wzg.cluster_aq_96_149480_lin_193.m.de;;193;37576;1;9619457
aq.aq_94_109969_pas.m.de;;0;36752;16;9408528
wzg.wzg99-270-sbg_b3_98.m.de;;98;38707;122;9909114
wzg.wzgaq202b-mch_b1_130.m.de;;130;36782;37;9416229
aq.aq_96_145404_mch.m.de;;0;37575;161;9619361
wzg.aq_a7_958_183_ulm_a1_129.m.de;;129;2772;190;709822
wzg.wzg_99_11964_stg_bl2_l_134.m.de;;134;38737;214;9916886
aq.aq_b2n_006425_mch.m.de;;0;848;173;217261
wzg.cluster_aq_a7_962_044_ulm_194.m.de;;194;2812;62;719934
wzg.wzg_96_145404_mch_a1_1.m.de;;1;37575;161;9619361
aq.aq_96_146848_mch.m.de;;0;37575;186;9619386
wzg.wzg99-670-stg_w10_11.m.de;AQ99-670-Stg_11;11;38745;132;9918852
wzg.aq_a7_961_684_fue_c1_165.m.de;;165;2812;48;719920
wzg.wzg9-166-nbg_a3_5.m.de;WZG_AQ9_166_Nbg_5;5;35279;46;9031470
wzg.wzg99-635-stg_w13_14.m.de;AQ99-635-Stg_14;14;38745;213;9918933
wzg.wzg_9_491895_nbg_b2_66.m.de;WZG_AQ_9_491895_Nbg_66;66;3547;109;908141
aq.aq9-740-mch.m.de;;0;35669;28;9131292
wzg.wzg_96_140129_lin_dlz1_gv_1.m.de;;1;37575;36;9619236
wzg.wzg99-020-sbg_c1_105.m.de;;105;38699;195;9907139
wzg.wzg99-630-stg_w4_5.m.de;AQ99-630-Stg_5;5;38746;20;9918996
wzg.wzg_99_30450_stg_a2_2.m.de;;2;38743;49;9918257
aq.aq_96_139729_lin.m.de;;0;37575;36;9619236
wzg.wzg9-789-mch_wta3_35.m.de;;35;35670;16;9131536
wzg.cluster_aq99-640-stg_pw1_196.m.de;;196;38745;195;9918915
wzg.wzg_96_143948_mch_b1_65.m.de;;65;37575;127;9619327
wzg.wzg99-150-sbg_b2_98.m.de;;98;38704;181;9908405
wzg.wzg_96_146145_lin_c1_105.m.de;;105;37575;178;9619378
wzg.wzg_9_508590_mch_b1_97.m.de;WZG_AQ_9_508590_Mch_97;97;3589;166;918950
aq.aq99-690-stg.m.de;;0;38745;100;9918820
wzg.wzg9-760-mch_w8_43.m.de;WWQ_9760_43;43;35669;66;9131330
wzg.aqq235_sbg_a2_2.m.de;;2;3160;242;809202
wzg.wzg_9_505750_mch_c3_107.m.de;WZG_AQ_9_505750_Mch_107;107;3589;28;918812
wzg.wzg9-130-nbg_w6_7.m.de;WWQ_9130_7;7;35279;146;9031570
wzg.wzg_99_5125_sbg_b2_138.m.de;;138;38735;225;9916385
wzg.wzgaq01-mch_c1_107.m.de;;107;36782;84;9416276
wzg.wzg_9_493840_nbg_dlz1_9.m.de;WZG_AQ_9_493840_Nbg_9;9;3547;203;908235
wzg.wzg9-730-mch_b1_97.m.de;WZG_AQ9_730_Mch_97;97;35669;7;9131271
wzg.aqq233_sbg_c1_134.m.de;;134;3160;205;809165
wzg.wzg99-820-stg_a1_1.m.de;;1;38740;90;9917530
wzg.wzg_b17_720_1220_aug_c1_73.m.de;;73;6705;177;1716657
wzg.wzg92-610-mch_p_c1_105.m.de;;105;36001;119;9216375
aq.aq92-710-mch.m.de;;0;36002;7;9216519
wzg.wzg_99_5620_lin_a1_161.m.de;;161;38696;244;9906420
wzg.wzg92-210-deg_b1_65.m.de;;65;35963;97;9206625
wzg.wzgwwq07-pas_wta3_228.m.de;WWQ94_007_Pas_228;228;36742;111;9406063
wzg.portal_a7_962_719_ulm_sr1_7.m.de;;7;2773;73;709961
wzg.wzgaq06-mch_dlzfs1_41.m.de;;41;36781;192;9416128
wzg.aqb26_mch_b1_97.m.de;;97;3191;253;817149
wzg.cluster_aq9-350-nbg_194.m.de;AQ_AQ9_350_Nbg_194;194;35277;100;9031012
wzg.wzg_96_171575_lin_pw5_37.m.de;;37;37577;255;9619967
wzg.wzg92-684-mch_w2_3.m.de;WWQ_92684_3;3;36000;48;9216048
wzg.wzgaq08-mch_rgr_161.m.de;;161;36781;161;9416097
wzg.wzg99-010-sbg_a1_33.m.de;;33;38699;50;9906994
aq.aq_96_143619_mch.m.de;;0;37575;120;9619320
aq.aq_b2n_006070_gap.m.de;;0;809;150;207254
wzg.cluster_aq_96_140345_mch_194.m.de;;194;37575;46;9619246
wzg.wzg99-720-stg_b3_67.m.de;;67;38744;97;9918561
wzg.wzg_9_503485_mch_c1_105.m.de;WZG_AQ_9_503485_Mch_105;105;3588;174;918702
wzg.aqq63_sbg_b2_66.m.de;;66;3153;115;807283
aq.aq_99_5430_sbg.m.de;;0;38735;242;9916402
wzg.cluster_aq_94_110284_pas_194.m.de;;194;36752;23;9408535
wzg.wzgaq10-mch_a1_34.m.de;;34;36781;110;9416046
wzg.aqb27_mch_b1_97.m.de;;97;3191;236;817132
wzg.cluster_aq_96_160972_lin_193.m.de;;193;37577;11;9619723
wzg.wzg_b2n_005952_mch_dlz2_10.m.de;;10;848;166;217254
wzg.wzg_99_18185_stg_w2_226.m.de;WWQ_99.X2_226;226;38739;165;9917349
wzg.wzgaq205-mch_rgr_161.m.de;;161;36781;233;9416169
wzg.wzg9-345-nbg_cl1_194.m.de;WWQ_9345;194;3541;246;906742
wzg.aqq45b_sbg_w3_3.m.de;;3;3153;25;807193
aq.aq99-560-stg.m.de;;0;38747;89;9919321
wzg.wzg_b17_800_0350_aug_b2_66.m.de;;66;6665;119;1706359
wzg.wzg_99_25381_stg_a3_3.m.de;;3;38702;168;9907880
aq.aqaq116-pas.m.de;;0;36742;227;9406179
wzg.wzg_99_26020_sbg_a5_37.m.de;;37;38741;229;9917925
wzg.wzg9-781a-mch_w2_3.m.de;WWQ_9.781a_3;3;3579;175;916399
aq.aqq221_mch_h.m.de;;0;3199;124;819068
wzg.wzgaq115c-pas_a2_2.m.de;;2;36742;204;9406156
wzg.wzg9-781b-mch_cl1_193.m.de;WWQ_9.781b;193;3579;152;916376
wzg.wzg99-056-sbg_w2_35.m.de;WWQ_99056_35;35;38701;24;9907480
aq.aq_99_10155_sbg.m.de;;0;38698;64;9906752
wzg.wta_99_5357_lin_wta1_37.m.de;;37;38696;230;9906406
wzg.wzg_8_8010_mch_wta3_3.m.de;;3;3149;127;806271
wzg.wzg_92_3720_mch_w4_229.m.de;WWQ_92372_229;229;36000;112;9216112
wzg.cluster_aq_99_25377_sbg_193.m.de;;193;38741;183;9917879
wzg.aqq79_sbg_c2_74.m.de;;74;3153;171;807339
wzg.cluster_aq_b2n_007788_gap_cluster_199.m.de;;199;809;172;207276
wzg.cluster_wwq_99_27350_stg_194.m.de;;194;38703;59;9908027
wzg.wwq_a7_943_520_fue_pw3_35.m.de;;35;2810;8;719368
wzg.wzg_r200_sued_000000_gap_a_rampe_163.m.de;;163;809;195;207299
wzg.wzg99-635-stg_w7_8.m.de;AQ99-635-Stg_8;8;38745;213;9918933
wzg.wzg_9_485750_mch_dlz1_41.m.de;WZG_AQ_9_485750_Mch_41;41;3585;83;917843
wzg.wzg_9_490336_mch_a1_33.m.de;WZG_AQ_9_490336_Mch_33;33;3586;44;918060
wzg.wzg_99_25381_stg_a4_4.m.de;;4;38702;168;9907880
wzg.wzg99520_stg_a1_1.m.de;;1;38749;135;9919879
wzg.wzg_b2n_005800_gap_wta1_97.m.de;;97;809;147;207251
wzg.wzg_b2n_006170_gap_dlz2_50.m.de;;50;809;150;207254
wzg.wzg_9_510320_mch_c3_107.m.de;WZG_AQ_9_510320_Mch_107;107;3589;251;919035
wzg.cluster_aq_99_3434_sbg_198.m.de;;198;38735;112;9916272
wzg.wzg_9_494840_nbg_c3_75.m.de;WZG_AQ_9_494840_Nbg_75;75;3547;252;908284
wzg.wzg_9_505300_nbg_c1_73.m.de;WZG_AQ_9_505300_Nbg_73;73;3549;249;908793
wzg.wzg_9_490310_nbg_dlz1_9.m.de;WZG_AQ_9_490310_Nbg_9;9;3547;32;908064
wzg.wzg_96_161150_lin_a2_34.m.de;;34;37577;15;9619727
wzg.aq_a7_960_920_ulm_b1_65.m.de;;65;2773;18;709906
wzg.cluster_aq92-590-mch_195.m.de;;195;36001;165;9216421
wzg.wzg_9_503930_nbg_dlz1_9.m.de;WZG_AQ_9_503930_Nbg_9;9;3549;182;908726
aq.aqq79_sbg_h.m.de;;0;3153;171;807339
wzg.wzg99-030-sbg_a1_33.m.de;;33;38700;60;9907260
wzg.wzg9-135-nbg_p_a2_2.m.de;WZG_AQ9_135_Nbg_P_2;2;35279;126;9031550
wzg.aqq281_sbg_a1_129.m.de;;129;3163;153;809881
wzg.wzg_8_12300_mch_wta6_7.m.de;;7;3150;15;806415
wzg.aqq245_mch_c1_105.m.de;;105;3161;157;809373
wzg.wzg_99_25377_sbg_a3_35.m.de;;35;38741;183;9917879
wzg.wzg9-140-nbg_bl1_1.m.de;WWQ_9140_1;1;35279;203;9031627
aq.aq9-280-nbg.m.de;;0;35277;238;9031150
wzg.wzg_99_30830_sbg_a4_36.m.de;;36;38704;59;9908283
wzg.wzg_99_3493_lin_b1_163.m.de;;163;38696;96;9906272
wzg.cluster_aq_99_10566_sbg_196.m.de;;196;38698;110;9906798
wzg.wzg_9_510050_mch_wvlt1_163.m.de;WZG_AQ_9_510050_Mch_163;163;3589;233;919017
wzg.wzg9-260-nbg_c2_74.m.de;WZG_AQ9_260_Nbg_74;74;35278;56;9031224
wzg.cluster_hs_94_ampf_0173_em_193.m.de;;193;36790;255;9418495
wzg.wzg99-045-sbg_c1_105.m.de;;105;38700;147;9907347
aq.aqwwq05-mch.m.de;;0;36781;156;9416092
wzg.cluster_aq9-120-nbg-r_194.m.de;AQ_AQ9_120_Nbg_l_194;194;35279;165;9031589
wzg.wzg9-308-nbg_bl1_12.m.de;WWQ_9308_12;12;3541;180;906676
wzg.wzg99-152-sbg_w6_40.m.de;AQ99-152-Sbg_40;40;38704;198;9908422
wzg.wzg_9_492226_mch_a4_36.m.de;WZG_AQ_9_492226_Mch_36;36;3586;138;918154
wzg.cluster_aq92-020-deg_194.m.de;;194;35960;254;9206014
aq.aq_b17_720_1220_aug.m.de;;0;6705;177;1716657
wzg.aq_b310_9_843_ulm_b310_bl1_25.m.de;;25;2773;4;709892
wzg.cluster_aq_99_10010_sbg_193.m.de;;193;38698;64;9906752
aq.aq_99_1625_sbg.m.de;;0;38734;215;9916119
wzg.wzg9-166-nbg_a2_4.m.de;WZG_AQ9_166_Nbg_4;4;35279;46;9031470
wzg.cluster_aq_9_503930_nbg_194.m.de;AQ_AQ_9_503930_Nbg_194;194;3549;182;908726
wzg.wzg_9_481060_mch_b2_98.m.de;WZG_AQ_9_481060_Mch_98;98;3584;106;917610
wzg.wzg99-635-stg_bl1_1.m.de;AQ99-635-Stg_1;1;38745;213;9918933
aq.aq_96_154253_lin.m.de;;0;37576;102;9619558
wzg.aq_a7_962_044_fue_a1_161.m.de;;161;2812;61;719933
aq.aq_b2n_006903_mch.m.de;;0;848;180;217268
wzg.aqb26_mch_dlzfs1_56.m.de;;56;3191;253;817149
wzg.lsa_99_11441_stg_lsa2_162.m.de;;162;38737;126;9916798
wzg.wzgaq198a-mch_w2_2.m.de;;2;36782;38;9416230
wzg.cluster_aq99-056-sbg_193.m.de;WWQ_99056;193;38701;24;9907480
aq.aq9-160-nbg.m.de;;0;35279;103;9031527
wzg.wzg99-030-sbg_c2_106.m.de;;106;38700;60;9907260
wzg.wzg92-150-deg_c2_74.m.de;;74;35962;179;9206451
wzg.wzg_99_18390_stg_beiuew_232.m.de;;232;38739;180;9917364
aq.aq_99_9600_lin.m.de;;0;38737;39;9916711
wzg.wzg_9_485750_mch_c2_106.m.de;WZG_AQ_9_485750_Mch_106;106;3585;83;917843
wzg.aq_96_169925_mch_b2_66.m.de;;66;37538;200;9609928
wzg.wzg92-215-deg_bl1_3.m.de;;3;35963;76;9206604
wzg.wzg99-730-stg_a1_1.m.de;;1;38744;16;9918480
aq.aq_8_11300_stg.m.de;;0;3145;88;805208
wzg.wzg_b2n_008364_gap_b1_gv_137.m.de;;137;809;181;207285
wzg.wzg99-264-sbg_w2_35.m.de;;35;38707;58;9909050
wzg.wzg_b2n_008364_gap_a1_167.m.de;;167;809;181;207285
aq.wwq_st2068_fr-s1.m.de;;0;37562;133;9616005
wzg.wzg99-072-stg_w6_39.m.de;WWQ_99072_39;39;38701;222;9907678
wzg.wzg_96_153558_lin_dlz4_35.m.de;;35;37576;95;9619551
wzg.wzg_95_2434_mch_pw5_5.m.de;;5;37133;50;9506098
wzg.wzg92-090-deg_a2_2.m.de;;2;35962;57;9206329
wzg.wzg_96_160770_lin_a1_33.m.de;;33;37577;6;9619718
wzg.wzg_b17_780_0820_lbg_b1_97.m.de;;97;6665;152;1706392
wzg.wzg_96_139135_mch_a1_1.m.de;;1;37575;16;9619216
wzg.cluster_aq_b2n_007958_gap_cluster_193.m.de;;193;809;181;207285
wzg.cluster_aq_96_143948_mch_194.m.de;;194;37575;127;9619327
wzg.wzg_b2n_006425_mch_dlz2_10.m.de;;10;848;173;217261
wzg.wzg92-640-mch_c1_105.m.de;;105;36000;199;9216199
wzg.wzg99-720-stg_a3_3.m.de;;3;38744;97;9918561
aq.aq_a7_963_000_ulm.m.de;;0;2773;74;709962
wzg.wzg92-586-mch_bl1_33.m.de;WWQ_92586_33;33;36001;181;9216437
wzg.wzg_r120_000026_gap_lsa_l_164.m.de;;164;809;62;207166
wzg.wzg_99_30450_stg_b2_66.m.de;;66;38743;49;9918257
wzg.wzg_99_10220_sbg_a1_33.m.de;;33;38698;69;9906757
wzg.wzg_9_483200_nbg_a1_1.m.de;WZG_AQ_9_483200_Nbg_1;1;3545;198;907718
wzg.wzg9-610-mch_p_a2_34.m.de;WZG_AQ9_610_Mch_P_34;34;35667;224;9130976
wzg.wzg_b17_800_0350_lbg_c2_106.m.de;;106;6665;119;1706359
wzg.wzg_9_483200_nbg_c3_75.m.de;WZG_AQ_9_483200_Nbg_75;75;3545;198;907718
aq.aq99-264-sbg.m.de;;0;38707;58;9909050
wzg.wzg_9_500350_mch_wvlt1_163.m.de;WZG_AQ_9_500350_Mch_163;163;3588;23;918551
wzg.cluster_aq9-690-mch_193.m.de;AQ_AQ9_690_Mch_193;193;35668;174;9131182
wzg.wzg99-260-sbg_a1_33.m.de;;33;38707;6;9908998
wzg.wzg92-150-deg_a3_3.m.de;;3;35962;179;9206451
wzg.wzg_99_32050_stg_a3_3.m.de;;3;38704;152;9908376
wzg.wwq_a7_960_707_ulm_pw4_4.m.de;;4;2773;18;709906
wzg.wzg_b471_25165_dah_w2_227.m.de;;227;40902;113;10471025
wzg.cluster_aqq33_sbg_pw_197.m.de;;197;3152;212;807124
wzg.wzg_96_160770_lin_a3_35.m.de;;35;37577;6;9619718
wzg.wzg_92_akneuf_1454_um_w3_36.m.de;WWQ_92_AK_Neuf_1454_UM_36;36;36001;147;9216403
wzg.wzg99-9-b10-stg_a2_2.m.de;;2;38741;146;9917842
aq.aq_9_pfaf_0070_em.m.de;;0;3586;72;918088
aq.aq9-723-mch.m.de;;0;35668;231;9131239
wzg.cluster_aq_99_14110_stg_193.m.de;;193;38738;119;9917047
wzg.aqq35_sbg_b1_70.m.de;;70;3152;231;807143
wzg.wzg_8_8010_mch_wta1_1.m.de;;1;3149;127;806271
wzg.cluster_aq9-360-nbg_194.m.de;AQ_AQ9_360_Nbg_194;194;35277;63;9030975
wzg.wzg_r200_sued_000000_gap_lsa1_161.m.de;;161;809;195;207299
aq.aqq253_mch_h.m.de;;0;3162;5;809477
wzg.wzg8-110-mch_w4_37.m.de;AQ8O_110_Mch_37;37;3149;234;806378
wzg.wzg_9_477875_mch_b2_98.m.de;WZG_AQ_9_477875_Mch_98;98;3583;207;917455
wzg.aq_94_110384_pas_bl1_89.m.de;;89;36752;26;9408538
wzg.wzg_96_140495_lin_c1_105.m.de;;105;37575;49;9619249
wzg.aqq45c_sbg_w3_3.m.de;;3;3153;29;807197
wzg.wzg9-781d-mch_w1_1.m.de;WWQ_9.781d_1;1;3579;116;916340
wzg.wzgaq117-pas_b2_66.m.de;;66;36742;248;9406200
wzg.cluster_aq_96_as33_gil_065_193.m.de;;193;37562;133;9616005
aq.aq92-490-mch.m.de;;0;36002;223;9216735
wzg.wzg92-130-deg_p_a1_1.m.de;;1;35962;145;9206417
wzg.wzg_95_1990_mch_led2_73.m.de;;73;37133;32;9506080
aq.aq99-590-stg.m.de;;0;38746;105;9919081
wzg.wzg_96_161485_mch_pw11_11.m.de;;11;37524;225;9606369
wzg.wwq_a7_959_514_fue_pw4_36.m.de;;36;2811;245;719861
wzg.wzg_99_ak8_530_be_c1_166.m.de;;166;38697;57;9906489
wzg.wzg_b2n_007765_mch_lsa_r_169.m.de;;169;848;197;217285
wzg.wzg_b2n_006713_mch_lsa_r_169.m.de;;169;848;180;217268
aq.aqaq202c-mch.m.de;;0;36782;37;9416229
wzg.wzg_9_486950_mch_b3_99.m.de;WZG_AQ_9_486950_Mch_99;99;3585;137;917897
wzg.wzg_99_30830_sbg_b4_100.m.de;;100;38704;59;9908283
aq.wwq_9_510820_mch.m.de;;0;3590;20;919060
wzg.wzg_b471_25165_dah_w3_228.m.de;;228;40902;113;10471025
wzg.wzg_99_18185_stg_beiuew_232.m.de;;232;38739;165;9917349
wzg.cluster_aqb23_mch_h_193.m.de;;193;3192;39;817191
wzg.wzg_99a_100750_stg_c1_73.m.de;;73;38709;112;9909616
aq.aq99-258-sbg_pw.m.de;;0;38706;204;9908940
wzg.wzg_9_492226_mch_b1_97.m.de;WZG_AQ_9_492226_Mch_97;97;3586;138;918154
wzg.wzgfsa07-pas_dlzfs3_11.m.de;;11;36742;138;9406090
wzg.wzg_b17_800_0350_aug_a1_1.m.de;;1;6665;119;1706359
wzg.wzg_b2n_006170_gap_dlz1_gv_17.m.de;;17;809;150;207254
wzg.aqb27_mch_b2_98.m.de;;98;3191;236;817132
wzg.wzg92-410-mch_w2_34.m.de;;34;36003;245;9217013
wzg.aqb21_mch_a3_35.m.de;;35;3192;65;817217
aq.aq_b2n_007115_mch.m.de;;0;848;180;217268
aq.aq_9_506950_nbg.m.de;;0;3550;73;908873
wzg.wzg_99_3312_lin_dlz3_41.m.de;;41;38696;96;9906272
wzg.aqb23_mch_c2_106.m.de;;106;3192;39;817191
wzg.aqq237_sbg_b1_65.m.de;;65;3161;37;809253
wzg.cluster_aq9-650-mch_193.m.de;AQ_AQ9_650_Mch_193;193;35668;62;9131070
wzg.wwq_a7_960_085_fue_pw4_36.m.de;;36;2812;6;719878
wzg.cluster_aqb11_mch_h_193.m.de;;193;3192;207;817359
wzg.aqb26a_mch_pw1_161.m.de;;161;3191;250;817146
wzg.wzg_99_32050_stg_a5_5.m.de;;5;38704;152;9908376
wzg.wzg_9_493593_mch_c2_106.m.de;WZG_AQ_9_493593_Mch_106;106;3586;206;918222
aq.wwq_a7_961_121_ulm.m.de;;0;2773;24;709912
aq.aqq221_sbg_h.m.de;;0;3199;124;819068
wzg.wzg_99_4052_lin_b2_164.m.de;;164;38696;128;9906304
wzg.wzg_96_161787_mch_pw3_3.m.de;;3;37524;215;9606359
wzg.wzg92-580-mch_a2_34.m.de;;34;36001;211;9216467
wzg.wzg_8_8700_stg_c2_106.m.de;;106;3145;40;805160
wzg.wzg_96_145860_lin_a1_33.m.de;;33;37575;172;9619372
wzg.wzgaq12-pas_b2_66.m.de;;66;36742;105;9406057
wzg.cluster_aq92-580-mch_193.m.de;;193;36001;211;9216467
wzg.aqb20_mch_b1_97.m.de;;97;3192;76;817228
wzg.aq_96_170635_mch_b2_66.m.de;;66;37538;216;9609944
wzg.wzg_99_27350_stg_pw1_136.m.de;;136;38703;59;9908027
wzg.aqq261_mch_a1_33.m.de;;33;3162;202;809674
wzg.wzg9-610-mch_c2_107.m.de;WZG_AQ9_610_Mch_107;107;35667;224;9130976
wzg.wzg_b2n_007172_gap_lsa_l_172.m.de;;172;809;163;207267
wzg.wzgaq188-mch_w8_8.m.de;WWQ94_188_Mch_8;8;36782;79;9416271
wzg.wzg_96_140129_mch_dlz1_gv_49.m.de;;49;37575;35;9619235
wzg.wzg_99_32050_stg_a4_4.m.de;;4;38704;152;9908376
wzg.cluster_aq_b2n_008848_mch_cluster_194.m.de;;194;848;208;217296
wzg.wzg_9_511900_nbg_a5_5.m.de;WZG_AQ_9_511900_Nbg_5;5;3551;58;909114
aq.aqaq115b-pas.m.de;;0;36742;188;9406140
wzg.wzg99-290-sbg_c2_106.m.de;;106;38708;96;9909344
wzg.wzg_b471_24958_dah_w5_230.m.de;;230;40902;112;10471024
wzg.wzg92-584-mch_w5_38.m.de;WWQ_92584_38;38;36001;188;9216444
wzg.wzg99-580-stg_a1_1.m.de;;1;38746;230;9919206
wzg.wzg_9_508590_mch_a2_34.m.de;WZG_AQ_9_508590_Mch_34;34;3589;166;918950
wzg.wzgwwq03-mch_wta4_229.m.de;WWQ94_003_Mch_229;229;36781;187;9416123
wzg.wzg92-250-mch_c1_73.m.de;;73;36002;158;9216670
wzg.wzg99-640-stg_w2_7.m.de;;7;38745;195;9918915
aq.aq_9_483145_mch.m.de;;0;3584;208;917712
wzg.wzgaq10-mch_rgl_162.m.de;;162;36781;110;9416046
wzg.aq_a7_960_770_fue_b2_164.m.de;;164;2812;28;719900
wzg.wzg9-740-mch_w4_39.m.de;WWQ_9740_39;39;35669;28;9131292
wzg.cluster_aq9-695-mch_193.m.de;AQ_AQ9_695_Mch_193;193;35668;178;9131186
aq.aq_b471_24741_dah.m.de;;0;40902;111;10471023
wzg.wta_96_145758_lin_wta1_7.m.de;;7;37575;168;9619368
aq.wwq_st2068_fr-w.m.de;;0;37562;133;9616005
wzg.cluster_aq_96_153558_lin_196.m.de;;196;37576;95;9619551
wzg.cluster_aq_b2n_009120_mch_cluster_194.m.de;;194;848;212;217300
aq.aq9-805-mch.m.de;;0;3578;202;916170
wzg.wzg_9_487755_nbg_dlz1_9.m.de;WZG_AQ_9_487755_Nbg_9;9;3546;163;907939
wzg.wzg99-590-stg_c3_75.m.de;;75;38746;105;9919081
wzg.wzg9-710-mch_w11_44.m.de;WWQ_9710_44;44;35668;212;9131220
wzg.aqq87_sbg_c1_73.m.de;;73;3153;198;807366
wzg.wzg_99_30450_stg_a1_1.m.de;;1;38743;49;9918257
wzg.hs_99_3129_sbg_hs2_6.m.de;;6;38735;55;9916215
wzg.wzg_9_490336_mch_c3_107.m.de;WZG_AQ_9_490336_Mch_107;107;3586;44;918060
wzg.cluster_aq9-793-mch_193.m.de;;193;35669;202;9131466
wzg.wzg99-640-stg_b2_66.m.de;;66;38745;195;9918915
wzg.wzg_9_483145_mch_a2_34.m.de;WZG_AQ_9_483145_Mch_34;34;3584;208;917712
wzg.cluster_aq92-290-deg_194.m.de;;194;35963;224;9206752
wzg.wzg_9_490310_nbg_b2_66.m.de;WZG_AQ_9_490310_Nbg_66;66;3547;32;908064
wzg.wzg_96_154250_lin_dlz1_gv_1.m.de;;1;37576;102;9619558
wzg.wzg99520_stg_b2_66.m.de;;66;38749;135;9919879
wzg.wzg_99_29277_sbg_wta1_35.m.de;WWQ99_29277_Sbg_35;35;38703;198;9908166
wzg.cluster_aq_96_155060_lin_193.m.de;;193;37576;130;9619586
wzg.wzg99-810-stg_a3_3.m.de;;3;38741;20;9917716
aq.aqaq10b-mch.m.de;;0;36742;71;9406023
wzg.aqq91_sbg_c1_73.m.de;;73;3153;216;807384
aq.aq_a7_955_110_fue.m.de;;0;2811;109;719725
wzg.wzg92-588-mch_w6_39.m.de;WWQ_92588_39;39;36001;173;9216429
wzg.wzg9-781a-mch_wta1_2.m.de;WWQ_9.781a_2;2;3579;175;916399
wzg.wzg9-670-mch_c3_107.m.de;WZG_AQ9_670_Mch_107;107;35668;116;9131124
wzg.cluster_aq92-180-deg_194.m.de;;194;35963;73;9206601
wzg.aqq48_sbg_a3_2.m.de;;2;3153;36;807204
wzg.wzg92-130-deg_p_a2_2.m.de;;2;35962;145;9206417
wzg.wzg_96_159021_lin_dlz4_gv_145.m.de;;145;37576;221;9619677
wzg.wzg_b2n_007965_mch_dlz1_9.m.de;;9;848;197;217285
wzg.wzg99-200-sbg_w9_41.m.de;AQ99-200-Sbg_41;41;38705;151;9908631
aq.aq_b17_800_0350_lbg_l.m.de;;0;6665;119;1706359
wzg.wzg_b2n_007511_mch_lsa1_131.m.de;;131;848;188;217276
wzg.wzg_96_160362_lin_lsa3_42.m.de;;42;37576;252;9619708
wzg.aqb28a_mch_dlz1_33.m.de;;33;3191;209;817105
wzg.wzg_99_29220_stg_c4_76.m.de;;76;38742;221;9918173
wzg.wzgaq188-mch_cl1_194.m.de;WWQ94_188_Mch;194;36782;79;9416271
wzg.wzg_96_155060_lin_z131_z501_b_r_161.m.de;;161;37576;130;9619586
wzg.wzg_96_153558_lin_dlz1_177.m.de;;177;37576;95;9619551
wzg.wzg_96_155060_lin_z131_z501_bl_r_165.m.de;;165;37576;130;9619586
wzg.wzg99-028-sbg_bl1_33.m.de;WWQ_99028_33;33;38700;37;9907237
wzg.hs_b2n_005800_gap_hs1_161.m.de;;161;809;147;207251
wzg.wzg_9_511090_nbg_a1_1.m.de;WZG_AQ_9_511090_Nbg_1;1;3551;19;909075
aq.aq99-716-stg.m.de;;0;38744;181;9918645
wzg.wzg92-220-deg_w2_2.m.de;;2;35963;114;9206642
wzg.wzg_b2n_007379_mch_dlz2_18.m.de;;18;848;188;217276
wzg.aqb19_mch_b2_98.m.de;;98;3192;93;817245
wzg.cluster_aqb25_mch_h_193.m.de;;193;3192;8;817160
wzg.cluster_aq_9_484325_mch_193.m.de;AQ_AQ_9_484325_Mch_193;193;3585;9;917769
aq.aqq235_mch_h.m.de;;0;3160;242;809202
wzg.wzgaq202d-mch_a1_34.m.de;;34;36791;253;9418749
wzg.wzg99-072-stg_w12_45.m.de;WWQ_99072_45;45;38701;222;9907678
wzg.aqq63_sbg_c2_74.m.de;;74;3153;115;807283
aq.aq_9_491895_nbg.m.de;;0;3547;109;908141
aq.aq9-140-nbg.m.de;;0;35279;203;9031627
wzg.wzg_b2n_008905_gap_dlz1_gv_1.m.de;;1;809;192;207296
wzg.aqb30_mch_b1_97.m.de;;97;3191;184;817080
wzg.wzg_9_491125_nbg_w1_225.m.de;;225;3547;76;908108
aq.aq_96_145861_mch.m.de;;0;37575;172;9619372
wzg.cluster_aq99-055-sbg_193.m.de;;193;38701;18;9907474
wzg.wzg99-290-sbg_a1_33.m.de;;33;38708;96;9909344
wzg.aqq51_sbg_c2_74.m.de;;74;3153;55;807223
wzg.wzg_b2n_007650_mch_dlz2_2.m.de;;2;848;188;217276
aq.aq_96_144149_mch.m.de;;0;37575;133;9619333
wzg.cluster_aq_9_pfaf_0070_em_197.m.de;;197;3586;72;918088
aq.aq9-260-nbg.m.de;;0;35278;56;9031224
aq.aq_a7_957_773_ulm.m.de;;0;2772;178;709810
wzg.wzg_9_490695_mch_w2_227.m.de;;227;3586;72;918088
wzg.wzg_b2n_006459_mch_led2_gv_161.m.de;;161;848;173;217261
wzg.wzgaqaq203-mch_c1_131.m.de;;131;36782;19;9416211
wzg.cluster_aqb29a_mch_h_193.m.de;;193;3191;193;817089
wzg.wzgaqrg203-mch_b3_99.m.de;;99;36782;19;9416211
wzg.wzg99-590-stg_a4_5.m.de;;5;38746;105;9919081
wzg.wzg_99_6505_sbg_a2_2.m.de;;2;38736;66;9916482
wzg.wzg99-630-stg_w3_4.m.de;AQ99-630-Stg_4;4;38746;20;9918996
wzg.aq_a7_961_045_fue_b1_98.m.de;;98;2812;28;719900
wzg.wzg99-300-sbg_c1_105.m.de;;105;38708;216;9909464
aq.aq99-587-stg.m.de;;0;38746;175;9919151
aq.aq_99_11440_stg.m.de;;0;38737;188;9916860
aq.aq_99_3493_lin.m.de;;0;38696;96;9906272
wzg.aq_a7_960_920_ulm_c1_73.m.de;;73;2773;18;709906
wzg.wzg9-860-mch_w2_35.m.de;;35;35670;217;9131737
aq.aq_96_148502_lin.m.de;;0;37575;214;9619414
wzg.wzg_99_32050_stg_b1_65.m.de;;65;38704;152;9908376
wzg.wzgzfr03-pas_w2_2.m.de;;2;36742;189;9406141
wzg.wzg99-079a-sbg_b1_163.m.de;;163;38702;55;9907767
aq.aq_99_as7_000_dc.m.de;;0;38696;244;9906420
wzg.wzg99-550-stg_b1_65.m.de;;65;38747;176;9919408
wzg.wzg_9_481060_mch_a3_35.m.de;WZG_AQ_9_481060_Mch_35;35;3584;106;917610
wzg.wzg_b2n_008880_gap_b1_gv_131.m.de;;131;809;192;207296
wzg.wzg_99_12270_stg_b2_66.m.de;;66;38737;237;9916909
wzg.wzg_9_483200_nbg_a2_2.m.de;WZG_AQ_9_483200_Nbg_2;2;3545;198;907718
wzg.cluster_aqwwq13-pas_194.m.de;WWQ94_013_Pas;194;36742;181;9406133
wzg.wzg99-003-sbg_cl1_194.m.de;;194;38737;215;9916887
wzg.wzg_99_9600_lin_c1_73.m.de;;73;38737;39;9916711
wzg.wzg_b2n_007650_mch_dlz1_gv_33.m.de;;33;848;188;217276
wzg.wzg9-740-mch_w6_41.m.de;WWQ_9740_41;41;35669;28;9131292
wzg.aqb27d_mch_pw1_161.m.de;;161;3191;224;817120
wzg.wzg99-060-sbg_b3_99.m.de;;99;38701;108;9907564
wzg.aqq29_sbg_c3_75.m.de;;75;3152;181;807093
wzg.aqq73_sbg_a1_1.m.de;;1;3153;148;807316
wzg.aqb15_mch_c2_106.m.de;;106;3192;158;817310
wzg.cluster_aq99-280-sbg_193.m.de;;193;38707;228;9909220
wzg.wzg9-790-mch_b3_99.m.de;WZG_AQ9_790_Mch_99;99;35670;25;9131545
wzg.cluster_aqaq01-mch_193.m.de;;193;36782;84;9416276
wzg.aq_94_110284_pas_a1_1.m.de;;1;36752;23;9408535
wzg.cluster_aq_99_26825_stg_194.m.de;;194;38703;21;9907989
wzg.cluster_aq_b17_760_0480_aug_194.m.de;;194;6704;245;1716469
wzg.wzg_9_498180_nbg_b3_67.m.de;WZG_AQ_9_498180_Nbg_67;67;3548;159;908447
wzg.wzg_99_30830_sbg_led1_161.m.de;;161;38704;59;9908283
wzg.wzg92-040-deg_a1_1.m.de;;1;35961;27;9206043
wzg.wzg9-260-nbg_c1_73.m.de;WZG_AQ9_260_Nbg_73;73;35278;56;9031224
wzg.wzg_b17_780_0820_lbg_b2_98.m.de;;98;6665;152;1706392
wzg.wzg_9_500994_nbg_dlz1_9.m.de;WZG_AQ_9_500994_Nbg_9;9;3549;39;908583
wzg.wzg9-870-mch_w6_39.m.de;;39;35670;243;9131763
wzg.wzg_96_160770_lin_b2_98.m.de;;98;37577;6;9619718
wzg.wzg_96_170371_mch_pw5_5.m.de;;5;37538;211;9609939
wzg.wzg92-100-deg_a2_2.m.de;;2;35962;83;9206355
wzg.wzg_92_2430_deg_w1_225.m.de;WWQ_922430_225;225;35961;55;9206071
wzg.wzg_96_160972_lin_c2_106.m.de;;106;37577;11;9619723
wzg.aqq235_mch_a1_33.m.de;;33;3160;242;809202
wzg.aqq269_mch_a1_33.m.de;;33;3163;51;809779
wzg.aqq39_sbg_b2_65.m.de;;65;3153;6;807174
wzg.wzg9-125-nbg_w2_3.m.de;WWQ_9125_3;3;35279;158;9031582
wzg.wzg_b17_800_0350_aug_c2_74.m.de;;74;6665;119;1706359
aq.portal_a7_962_719_ulm.m.de;;0;2773;73;709961
wzg.cluster_aq_b2n_005800_gap_cluster_193.m.de;;193;809;147;207251
wzg.cluster_aq99-590-stg_194.m.de;;194;38746;105;9919081
wzg.aqq45_sbg_b1_70.m.de;;70;3153;22;807190
wzg.wzg99-860-stg_a2_2.m.de;;2;38739;1;9917185
wzg.wzg92-210-deg_a2_2.m.de;;2;35963;97;9206625
wzg.aqq221_sbg_b1_65.m.de;;65;3199;124;819068
wzg.aqq13_sbg_ea1_33.m.de;;33;3152;173;807085
wzg.wzg_8_8700_stg_a3_35.m.de;;35;3145;40;805160
wzg.wwq_a7_960_707_ulm_pw3_3.m.de;;3;2773;18;709906
wzg.wzg99-062-sbg_w11_44.m.de;WWQ_99062_44;44;38701;127;9907583
wzg.wzg9-830-mch_cl1_193.m.de;;193;35670;125;9131645
wzg.wzgaqrg203-mch_a1_33.m.de;;33;36782;19;9416211
wzg.wzg_b2n_005940_mch_lsa_r_163.m.de;;163;848;166;217254
wzg.wzg_9_510050_mch_dlz1_33.m.de;WZG_AQ_9_510050_Mch_33;33;3589;233;919017
wzg.wzg_9_489247_nbg_b2_66.m.de;WZG_AQ_9_489247_Nbg_66;66;3546;236;908012
wzg.wzg_99_10835_stg_a1_165.m.de;;165;38737;126;9916798
wzg.wzg9-750-mch_c3_107.m.de;WZG_AQ9_750_Mch_107;107;35669;54;9131318
wzg.wzg9-740-mch_w7_42.m.de;WWQ_9740_42;42;35669;28;9131292
wzg.cluster_aq92-510-mch_193.m.de;;193;36002;159;9216671
aq.aq_b2n_006663_mch.m.de;;0;848;180;217268
wzg.wzg_96_142470_lin_blinker_161.m.de;;161;37575;94;9619294
wzg.aqq37_sbg_a2_1.m.de;;1;3152;248;807160
aq.aq99-248-sbg.m.de;;0;38706;71;9908807
wzg.aqb16_mch_a3_35.m.de;;35;3192;145;817297
wzg.wzg99-589-stg_bl1_1.m.de;;1;38746;160;9919136
wzg.wzg_96_139252_mch_a2_2.m.de;;2;37575;19;9619219
wzg.portal_a7_962_719_ulm_c2_73.m.de;;73;2773;73;709961
wzg.wzg_99_9140_sbg_c2_r_163.m.de;;163;38697;244;9906676
wzg.aqq29_sbg_a3_3.m.de;;3;3152;181;807093
wzg.cluster_aq_94_110189_pas_194.m.de;;194;36752;22;9408534
wzg.wzg99-180-sbg_lcd1_97.m.de;AQ99-180-Sbg_97;97;38705;28;9908508
wzg.wzg_9_492226_mch_a1_33.m.de;WZG_AQ_9_492226_Mch_33;33;3586;138;918154
aq.aq_96_160770_lin.m.de;;0;37577;6;9619718
wzg.cluster_aqb20_mch_h_193.m.de;;193;3192;76;817228
aq.aqrg203-mch.m.de;;0;36782;19;9416211
wzg.aqb23_mch_b1_97.m.de;;97;3192;39;817191
wzg.wzg_99_10586_stg_b1_167.m.de;;167;38737;126;9916798
wzg.wzg99-080-sbg_a2_34.m.de;;34;38702;67;9907779
wzg.wzg92-520-mch_a2_34.m.de;;34;36002;145;9216657
wzg.cluster_aq92-572b-mch_195.m.de;WWQ_92572b;195;36001;218;9216474
wzg.hs_96_146166_mch_hs1_129.m.de;;129;37575;178;9619378
wzg.cluster_aq_94_109641_mch_197.m.de;;197;36752;0;9408512
wzg.wzg92-540-mch_c1_105.m.de;;105;36002;90;9216602
wzg.wzgwwq114-pas_w2_2.m.de;;2;36742;192;9406144
wzg.wzg99-670-stg_bl1_1.m.de;AQ99-670-Stg_1;1;38745;132;9918852
wzg.wzg9-700-mch_w8_41.m.de;WWQ_9700_41;41;35668;192;9131200
wzg.cluster_aq_a7_956_569_fue_193.m.de;;193;2811;154;719770
aq.aq92-090-deg.m.de;;0;35962;57;9206329
wzg.wzg_b2n_007379_mch_dlz1_17.m.de;;17;848;188;217276
wzg.aq_a7_958_403_fue_c1_105.m.de;;105;2772;198;709830
wzg.wzg_99a_104508_mch_b2_r_161.m.de;;161;38748;252;9919740
aq.aq_99_25381_stg.m.de;;0;38702;168;9907880
wzg.wzg99-700-stg_a1_1.m.de;;1;38745;57;9918777
aq.aq_96_146350_mch.m.de;;0;37575;186;9619386
wzg.aqq39_sbg_a4_3.m.de;;3;3153;6;807174
aq.aq8-130-mch.m.de;;0;3149;209;806353
wzg.wzg92-584-mch_w6_39.m.de;WWQ_92584_39;39;36001;188;9216444
wzg.wzg_9_488800_mch_b2_98.m.de;WZG_AQ_9_488800_Mch_98;98;3585;227;917987
wzg.cluster_aq9-786-mch_193.m.de;AQ_AQ9_786_Mch_193;193;35669;236;9131500
wzg.wzg_9_485900_nbg_b1_65.m.de;WZG_AQ_9_485900_Nbg_65;65;3546;73;907849
wzg.wzgaq194-mch_w2_2.m.de;WWQ94_194_Mch_2;2;36782;55;9416247
wzg.wzg9-280-nbg_c3_75.m.de;WZG_AQ9_280_Nbg_75;75;35277;238;9031150
wzg.aq_a7_958_403_ulm_c1_73.m.de;;73;2772;197;709829
wzg.wzg_b2n_006045_gap_dlz1_41.m.de;;41;809;150;207254
wzg.wzg_9_511805_mch_w4_229.m.de;WWQ_9590_229;229;3590;68;919108
wzg.wzg_b2n_008648_gap_dlz2_42.m.de;;42;809;189;207293
wzg.wzg92-160-deg_a3_3.m.de;;3;35962;230;9206502
aq.aq_b2n_006337_mch.m.de;;0;848;173;217261
wzg.wzg_9_akneuf_0638_hl_d1_163.m.de;;163;35667;208;9130960
wzg.wzg_96_155060_lin_a1_33.m.de;;33;37576;130;9619586
aq.aq9-780-mch.m.de;;0;35669;97;9131361
wzg.wzg_96_138841_mch_c1_e1_73.m.de;;73;37575;10;9619210
wzg.wzg_99_6570_lin_a2_34.m.de;;34;38697;57;9906489
wzg.wzg9-740-mch_bl1_35.m.de;WWQ_9740_35;35;35669;28;9131292
wzg.portal_a7_957_863_ulm_c1_73.m.de;;73;2772;177;709809
wzg.wzg99-072-stg_w9_42.m.de;WWQ_99072_42;42;38701;222;9907678
aq.aq_96_140915_lin.m.de;;0;37575;58;9619258
wzg.cluster_wwq_9_500693_nbg_194.m.de;;194;3549;24;908568
wzg.wzg8-100-mch_w5_38.m.de;AQ8O_100_Mch_38;38;3150;3;806403
wzg.cluster_aq92-030-deg_196.m.de;;196;35960;254;9206014
wzg.wzg_b2n_006425_mch_dlz1_9.m.de;;9;848;173;217261
wzg.wzg99-714-stg_dlz1_24.m.de;;24;38744;200;9918664
wzg.wzg9-166-nbg_a1_3.m.de;WZG_AQ9_166_Nbg_3;3;35279;46;9031470
wzg.aqq233_sbg_a1_130.m.de;;130;3160;205;809165
wzg.wzg_b2n_006152_mch_dlz2_gv_34.m.de;;34;848;166;217254
wzg.wzg_9_488800_mch_c1_105.m.de;WZG_AQ_9_488800_Mch_105;105;3585;227;917987
wzg.wzg9-155-nbg_b1_65.m.de;WZG_AQ9_155_Nbg_65;65;35279;93;9031517
wzg.wzg92-400-mch_w3_35.m.de;;35;36004;3;9217027
wzg.wzg99-730-stg_b2_66.m.de;;66;38744;16;9918480
aq.aq99-050-sbg.m.de;;0;38700;242;9907442
wzg.cluster_wta_99_as7_150_sz_201.m.de;;201;38696;244;9906420
wzg.wzg99-260-sbg_dlzfs1_34.m.de;;34;38707;6;9908998
aq.wwq_96_171060_mch.m.de;;0;37538;227;9609955
aq.aq_99_4258_sbg.m.de;;0;38735;144;9916304
wzg.cluster_aq92-130-deg_p_194.m.de;;194;35962;145;9206417
aq.aq_a7_949_285_fue.m.de;;0;2810;186;719546
wzg.wzg99-062-sbg_w7_40.m.de;WWQ_99062_40;40;38701;127;9907583
wzg.wzg_99_29220_stg_dlz1_24.m.de;;24;38742;221;9918173
aq.aq_99_924_lin.m.de;;0;38695;149;9906069
wzg.wzg92-588-mch_bl1_33.m.de;WWQ_92588_33;33;36001;173;9216429
wzg.wzg99-810a-r-stg_a1_129.m.de;;129;38741;14;9917710
wzg.wzg_99_27885_stg_a4_4.m.de;;4;38703;99;9908067
wzg.aqb19_mch_a3_35.m.de;;35;3192;93;817245
wzg.wzg9-700-mch_w17_50.m.de;WWQ_9700_50;50;35668;192;9131200
aq.aqb26b_mch_h.m.de;;0;3191;244;817140
aq.aq_9_502250_mch.m.de;;0;3588;113;918641
wzg.cluster_aq_96_144576_mch_196.m.de;;196;37575;161;9619361
wzg.wzg_9_494840_nbg_c2_74.m.de;WZG_AQ_9_494840_Nbg_74;74;3547;252;908284
wzg.wzg_b2n_005695_gap_z131_r_161.m.de;;161;809;145;207249
wzg.wzg_99_32050_stg_a1_1.m.de;;1;38704;152;9908376
wzg.wzg99-q9_sbg_b2_98.m.de;;98;38738;18;9916946
wzg.wzg99-810-stg_a2_2.m.de;;2;38741;20;9917716
wzg.wzg_99_10220_sbg_b1_97.m.de;;97;38698;69;9906757
wzg.wzg_9_akneuf_0840_af_w4_229.m.de;WWQ_9601_229;229;3590;99;919139
wzg.wzg_96_159170_lin_dlz1_gv_1.m.de;;1;37576;227;9619683
wzg.wzgaq11-pas_c1_74.m.de;;74;36742;86;9406038
wzg.wzg99-585-stg_w1_2.m.de;;2;38746;211;9919187
wzg.wzg9-345-nbg_bl1_13.m.de;WWQ_9345_13;13;3541;246;906742
wzg.wzg9-790-mch_a2_34.m.de;WZG_AQ9_790_Mch_34;34;35670;25;9131545
wzg.wzgwwq07-pas_wta4_229.m.de;WWQ94_007_Pas_229;229;36742;111;9406063
wzg.wzg9-860-mch_w5_38.m.de;;38;35670;217;9131737
wzg.cluster_aq99d10_stg_h_196.m.de;;196;38749;182;9919926
wzg.aq_a7_947_495_fue_a1_161.m.de;;161;2810;131;719491
wzg.cluster_aq_b2n_004420_gap_cluster_193.m.de;;193;809;126;207230
wzg.aqq33_sbg_a3_3.m.de;;3;3152;212;807124
wzg.cluster_aq_9_511090_nbg_194.m.de;AQ_AQ_9_511090_Nbg_194;194;3551;19;909075
wzg.cluster_aq_b2n_008531_mch_cluster_196.m.de;;196;848;205;217293
aq.aqb13_mch_h.m.de;;0;3192;183;817335
wzg.aq_a7_958_035_ulm_c1_73.m.de;;73;2772;190;709822
wzg.aq_a7_956_569_fue_b1_97.m.de;;97;2811;154;719770
wzg.wzg_8_12300_mch_sgmcl_194.m.de;;194;3150;15;806415
wzg.wzg92-696-mch_bl1_6.m.de;WWQ_92696_6;6;36000;23;9216023
wzg.aqq65_sbg_c2_74.m.de;;74;3153;124;807292
wzg.wzg92-500-mch_a2_34.m.de;;34;36002;198;9216710
wzg.wzg_95_1990_mch_pw9_9.m.de;;9;37133;32;9506080
wzg.aqb25_mch_c3_107.m.de;;107;3192;8;817160
wzg.wzg9-793-mch_w2_38.m.de;;38;35669;202;9131466
wzg.wzg_b2n_008294_gap_lsa2_166.m.de;;166;809;181;207285
aq.aq_9_489247_nbg.m.de;;0;3546;236;908012
wzg.aqb19_mch_b1_97.m.de;;97;3192;93;817245
wzg.wzg_9_490310_nbg_a2_2.m.de;WZG_AQ_9_490310_Nbg_2;2;3547;32;908064
wzg.wzg9-130-nbg_w5_6.m.de;WWQ_9130_6;6;35279;146;9031570
wzg.wzg_99a_104045_mch_c2_r_163.m.de;;163;38734;18;9915922
wzg.hs_99_11658_stg_hs2_134.m.de;;134;38737;193;9916865
wzg.wzg8-130-mch_w3_36.m.de;AQ8O_130_Mch_36;36;3149;209;806353
wzg.wzg_99_25381_stg_c3_131.m.de;;131;38702;168;9907880
wzg.wzg99-710-stg_c2_74.m.de;;74;38745;4;9918724
aq.wwq_92_eost_0225_xz.m.de;;0;36001;161;9216417
wzg.aqq83_sbg_c2_74.m.de;;74;3153;183;807351
wzg.wzg_b2n_008848_mch_dlz1_gv_33.m.de;;33;848;208;217296
wzg.wzg_b2n_006916_gap_lsa1_169.m.de;;169;809;163;207267
aq.aq9-750-mch.m.de;;0;35669;54;9131318
wzg.wzg9-740-mch_w18_53.m.de;WWQ_9740_53;53;35669;28;9131292
wzg.wzg_9_484325_mch_c2_106.m.de;WZG_AQ_9_484325_Mch_106;106;3585;9;917769
wzg.wzgaq12-pas_a3_3.m.de;;3;36742;105;9406057
wzg.wzgaq01-mch_a1_33.m.de;;33;36782;84;9416276
wzg.wzg_99_ak8_530_be_b1_164.m.de;;164;38697;57;9906489
wzg.wzg_8_7100_stg_b1_97.m.de;;97;3145;10;805130
wzg.wzg_b2n_005800_gap_lsa_l_34.m.de;;34;809;147;207251
wzg.wzg_b2n_006746_gap_lsa_gv_129.m.de;;129;809;163;207267
wzg.wzg_8_11300_stg_b1_97.m.de;;97;3145;88;805208
wzg.wzg_99_28850_sbg-sbg_w1_33.m.de;WWQ99_28850_Sbg_33;33;38703;167;9908135
wzg.wzg99-580-stg_b2_66.m.de;;66;38746;230;9919206
wzg.wzg8-110-mch_w8_41.m.de;AQ8O_110_Mch_41;41;3149;234;806378
wzg.hs_96_140318_lin_hs1_161.m.de;;161;37575;46;9619246
wzg.aqq245_sbg_c1_73.m.de;;73;3161;157;809373
wzg.aqq31a_sbg_pw2_130.m.de;;130;3152;209;807121
wzg.wzg_9_491350_mch_wvlt1_163.m.de;WZG_AQ_9_491350_Mch_163;163;3586;95;918111
wzg.wzg_9_479450_mch_b2_98.m.de;WZG_AQ_9_479450_Mch_98;98;3584;28;917532
wzg.aq_a7_961_045_fue_a1_41.m.de;;41;2812;28;719900
wzg.wzg99-720-stg_a2_2.m.de;;2;38744;97;9918561
wzg.wzg9-610-mch_a3_37.m.de;WZG_AQ9_610_Mch_37;37;35667;224;9130976
wzg.wzg9-760-mch_w18_53.m.de;WWQ_9760_53;53;35669;66;9131330
wzg.cluster_aq99-160-sbg_193.m.de;AQ99-160-Sbg;193;38704;249;9908473
wzg.wzg_b2n_006337_mch_b2_gv_168.m.de;;168;848;173;217261
wzg.wzg_92_3210_mch_w4_229.m.de;WWQ_92321_229;229;36000;85;9216085
wzg.wzg_9_496895_nbg_dlz1_9.m.de;WZG_AQ_9_496895_Nbg_9;9;3548;96;908384
wzg.wzg92-580-mch_b2_98.m.de;;98;36001;211;9216467
wzg.wzg99-305-sbg_b1_164.m.de;;164;38709;5;9909509
wzg.aqq21_sbg_a2_2.m.de;;2;3152;160;807072
wzg.aqb22_mch_a1_33.m.de;;33;3192;52;817204
aq.wwq_a7_960_707_ulm.m.de;;0;2773;18;709906
wzg.wzgaq14-pas_b2_66.m.de;;66;36742;163;9406115
wzg.wzg99-811-stg_c3_75.m.de;;75;38740;193;9917633
wzg.wzg_92_akneuf_1454_um_cl1_193.m.de;WWQ_92_AK_Neuf_1454_UM;193;36001;147;9216403
wzg.wzg_9_502505_nbg_b3_67.m.de;WZG_AQ_9_502505_Nbg_67;67;3549;113;908657
wzg.wzg_9_504520_mch_c2_106.m.de;WZG_AQ_9_504520_Mch_106;106;3588;226;918754
wzg.wzg_99_27814_sbg_a3_35.m.de;;35;38742;107;9918059
aq.aq_99_2700_sbg.m.de;;0;38735;38;9916198
aq.aq99d10_stg_h.m.de;;0;38749;182;9919926
wzg.aqq87_sbg_a2_2.m.de;;2;3153;198;807366
aq.aq_b2n_007858_gap.m.de;;0;809;172;207276
aq.aq9-830-mch.m.de;;0;35670;125;9131645
wzg.wzg_9_502250_mch_a4_36.m.de;WZG_AQ_9_502250_Mch_36;36;3588;113;918641
wzg.wzg9-210-nbg_c1_73.m.de;WZG_AQ9_210_Nbg_73;73;35278;174;9031342
wzg.aqb27_mch_c2_106.m.de;;106;3191;236;817132
wzg.aqq257_sbg_a2_2.m.de;;2;3162;109;809581
wzg.aq_a7_956_569_fue_a2_34.m.de;;34;2811;154;719770
wzg.wzg_99_18185_stg_w5_229.m.de;WWQ_99.X2_229;229;38739;165;9917349
wzg.cluster_aq92-080-deg_194.m.de;;194;35962;18;9206290
wzg.wzg99-532-stg_c1_73.m.de;;73;38748;154;9919642
wzg.wwq_a7_944_025_fue_pw1_33.m.de;;33;2810;24;719384
wzg.wzg_9_485900_nbg_c2_74.m.de;WZG_AQ_9_485900_Nbg_74;74;3546;73;907849
wzg.wzg8-140-mch_w2_35.m.de;AQ8O_140_Mch_35;35;3149;180;806324
wzg.aqq67_sbg_c1_73.m.de;;73;3153;135;807303
wzg.cluster_aq9-170-nbg_194.m.de;AQ_AQ9_170_Nbg_194;194;35278;255;9031423
wzg.cluster_aq99-264-sbg_193.m.de;;193;38707;58;9909050
wzg.wwq_a7_959_514_fue_pw1_33.m.de;;33;2811;245;719861
wzg.aqb23_mch_a2_34.m.de;;34;3192;39;817191
wzg.wzg_99_asash_0930_nz_w1_129.m.de;;129;38743;3;9918211
wzg.aq_a7_956_719_fue_bl1_57.m.de;;57;2811;159;719775
wzg.cluster_aq_96_159650_lin_193.m.de;;193;37576;234;9619690
wzg.aqq265_mch_b1_97.m.de;;97;3163;2;809730
wzg.cluster_aq_b2n_009400_mch_cluster_194.m.de;;194;848;216;217304
wzg.wzg99-811-stg_a1_1.m.de;;1;38740;193;9917633
wzg.cluster_aq_99_4932_lin_197.m.de;;197;38696;209;9906385
wzg.wzg_96_154250_lin_dlz2_33.m.de;;33;37576;102;9619558
wzg.wzg_96_154790_lin_z131_b_l_162.m.de;;162;37576;124;9619580
wzg.wzg8-110-mch_w1_34.m.de;AQ8O_110_Mch_34;34;3149;234;806378
wzg.wzg99-650-stg_w3_4.m.de;AQ99-650-Stg_4;4;38745;163;9918883
wzg.wzg9-650-mch_a4_36.m.de;WZG_AQ9_650_Mch_36;36;35668;62;9131070
wzg.aqq61_sbg_a3_3.m.de;;3;3153;97;807265
wzg.wzg_96_160972_lin_z131_z501_bl_r_165.m.de;;165;37577;11;9619723
wzg.aqq215_mch_e_c1_166.m.de;;166;3199;66;819010
wzg.wzg_b2n_006337_mch_b1_gv_167.m.de;;167;848;173;217261
wzg.wzgaq06-mch_dlzfs2_42.m.de;;42;36781;192;9416128
wzg.cluster_aqq209_mch_h_193.m.de;;193;3199;21;818965
aq.aq_9_496600_mch.m.de;;0;3587;95;918367
wzg.aqq279_mch_c1_165.m.de;;165;3202;165;819877
wzg.wzg_99_26040_stg_wta1_1.m.de;;1;38702;217;9907929
wzg.aqb22_mch_b1_97.m.de;;97;3192;52;817204
wzg.wzg8-130-mch_cl1_193.m.de;AQ8O_130_Mch;193;3149;209;806353
wzg.wzg_b2n_008067_mch_lsa2_132.m.de;;132;848;197;217285
wzg.wzg99-635-stg_w14_15.m.de;AQ99-635-Stg_15;15;38745;213;9918933
wzg.wzg99-635-stg_w2_3.m.de;AQ99-635-Stg_3;3;38745;213;9918933
wzg.cluster_aq_96_147221_lin_193.m.de;;193;37575;205;9619405
wzg.aqq231_mch_b1_97.m.de;;97;3199;210;819154
wzg.aqb18_mch_c2_106.m.de;;106;3192;113;817265
wzg.wzg9-600-mch_c2_106.m.de;WZG_AQ9_600_Mch_106;106;35667;178;9130930
wzg.aqq255_sbg_c1_73.m.de;;73;3162;45;809517
wzg.wzg_96_153728_lin_dlz2_gv_18.m.de;;18;37576;102;9619558
wzg.wzgaq117-pas_c1_73.m.de;;73;36742;248;9406200
wzg.cluster_aq99-732-stg_194.m.de;;194;38743;227;9918435
wzg.wzg99-220-sbg_w1_33.m.de;AQ99-220-Sbg_33;33;38705;224;9908704
wzg.wzg_99_11964_stg_b4_l_130.m.de;;130;38737;214;9916886
wzg.cluster_aq99-845-stg_194.m.de;;194;38734;132;9916036
wzg.cluster_wwq_9_491125_nbg_194.m.de;;194;3547;76;908108
wzg.aqq63_sbg_c1_73.m.de;;73;3153;115;807283
wzg.wzg99-630-stg_w12_13.m.de;AQ99-630-Stg_13;13;38746;20;9918996
wzg.wzg_9_496895_nbg_b1_65.m.de;WZG_AQ_9_496895_Nbg_65;65;3548;96;908384
wzg.wzg9-670-mch_b2_98.m.de;WZG_AQ9_670_Mch_98;98;35668;116;9131124
wzg.wzg99-620-stg_a4_5.m.de;;5;38746;35;9919011
wzg.aqq29_sbg_b3_67.m.de;;67;3152;181;807093
wzg.aq_a7_962_404_fue_b1_163.m.de;;163;2773;72;709960
wzg.wzg_8_5050_stg_a1_33.m.de;;33;3144;229;805093
wzg.wzg99-070-sbg_a5_37.m.de;;37;38701;203;9907659
wzg.wzg99-630-stg_w10_11.m.de;AQ99-630-Stg_11;11;38746;20;9918996
wzg.wzg_99_25600_stg_wta1_1.m.de;;1;38702;184;9907896
wzg.hs_r200_000022_gap_hs1_166.m.de;;166;809;61;207165
wzg.wzg_99_29220_stg_b3_67.m.de;;67;38742;221;9918173
wzg.aq_a7_962_044_ulm_c1_133.m.de;;133;2812;62;719934
wzg.wzg_99_5430_sbg_c1_73.m.de;;73;38735;242;9916402
wzg.wzg9-350-nbg_a1_1.m.de;WZG_AQ9_350_Nbg_1;1;35277;100;9031012
wzg.wzg9-140-nbg_w3_4.m.de;WWQ_9140_4;4;35279;203;9031627
wzg.aqq229_sbg_c1_73.m.de;;73;3160;180;809140
wzg.wzg_9_504515_nbg_dlz1_1.m.de;WZG_AQ_9_504515_Nbg_1;1;3549;211;908755
aq.aq92-572b-mch.m.de;;0;36001;218;9216474
wzg.wzg_99_26545_stg_pw1_136.m.de;;136;38702;255;9907967
wzg.wzg_99_8468_sbg_c3_l_132.m.de;;132;38736;209;9916625
wzg.wzg_b2n_007213_gap_dlz2_gv_18.m.de;;18;809;163;207267
aq.aq99-830-stg.m.de;;0;38739;236;9917420
wzg.aq_a7_962_044_fue_c1_165.m.de;;165;2812;61;719933
wzg.wzg_96_160972_lin_b2_98.m.de;;98;37577;11;9619723
wzg.wzg_b2n_006796_gap_a1_gv_131.m.de;;131;809;163;207267
aq.aq_96_168238_mch.m.de;;0;37538;161;9609889
wzg.wzg_99_asash_0530_am_w1_33.m.de;WWQ99_ASAsh_0530_AM_33;33;38703;239;9908207
wzg.wzg_9_492226_mch_wvlt1_163.m.de;WZG_AQ_9_492226_Mch_163;163;3586;138;918154
wzg.wzgaq117-pas_rgl_130.m.de;;130;36742;248;9406200
wzg.aqq209_mch_a1_33.m.de;;33;3199;21;818965
wzg.wzg99-9-b10-stg_b1_65.m.de;;65;38741;146;9917842
wzg.wzg_99a_103808_mch_bl1_r_165.m.de;;165;38748;229;9919717
aq.aq_b2n_007958_gap.m.de;;0;809;181;207285
wzg.wzg92-580-mch_c2_106.m.de;;106;36001;211;9216467
aq.aq_9_500994_nbg.m.de;;0;3549;39;908583
wzg.aq_a8o_54950_sbg_gra1_1.m.de;;1;3154;12;807436
wzg.aqq261_sbg_a2_2.m.de;;2;3162;202;809674
wzg.wzg_99_25130_stg_pw2_134.m.de;;134;38702;150;9907862
wzg.cluster_aq_99_30450_stg_194.m.de;;194;38743;49;9918257
wzg.wzg_9_480000_nbg_a3_3.m.de;WZG_AQ_9_480000_Nbg_3;3;3545;42;907562
wzg.aqq45b_sbg_w5_5.m.de;;5;3153;25;807193
aq.aq_a7_959_720_ulm.m.de;;0;2772;237;709869
wzg.wzg99-270-sbg_a1_33.m.de;;33;38707;122;9909114
wzg.wta_96_143879_mch_wta1_129.m.de;;129;37575;127;9619327
wzg.wzgaq13-pas_c2_74.m.de;;74;36742;125;9406077
aq.aq92-080-deg.m.de;;0;35962;18;9206290
wzg.wzg99-700-stg_a2_2.m.de;;2;38745;57;9918777
wzg.wzg_b17_780_0520_aug_b2_66.m.de;;66;6704;180;1716404
wzg.wzg99-210-sbg_c2_106.m.de;;106;38705;187;9908667
wzg.wzg9-760-mch_w21_56.m.de;WWQ_9760_56;56;35669;66;9131330
wzg.wzg_b2n_008144_gap_dlz2_42.m.de;;42;809;181;207285
wzg.cluster_aq_9_484470_nbg_194.m.de;AQ_AQ_9_484470_Nbg_194;194;3546;3;907779
wzg.wzg_r120_000026_gap_lsa_r_163.m.de;;163;809;62;207166
wzg.wzg_b2n_007492_gap_lsa2_164.m.de;;164;809;172;207276
wzg.wzg_b2n_006277_mch_dlz1_gv_49.m.de;;49;848;173;217261
wzg.aq_94_108895_mch_a2_34.m.de;;34;36791;7;9418503
wzg.cluster_aq_96_145456_lin_193.m.de;;193;37575;161;9619361
wzg.aqq215_mch_a2_34.m.de;;34;3199;66;819010
wzg.wzg9-788-mch_a2_36.m.de;WZG_AQ9_788_Mch_36;36;35669;236;9131500
wzg.cluster_aqq263_mch_e_193.m.de;;193;3202;0;819712
wzg.wzg92-220-deg_bl2_4.m.de;;4;35963;114;9206642
wzg.cluster_aq_b471_25165_dah_193.m.de;;193;40902;113;10471025
wzg.wzg_9_498180_nbg_dlz1_9.m.de;WZG_AQ_9_498180_Nbg_9;9;3548;159;908447
aq.aq99-187a-sbg.m.de;;0;38705;50;9908530
wzg.wzg9-360-nbg_b2_66.m.de;WZG_AQ9_360_Nbg_66;66;35277;63;9030975
wzg.wzg9-328-nbg_bl1_13.m.de;WWQ_9328_13;13;3541;221;906717
wzg.wzg9-345-nbg_w2_2.m.de;WWQ_9345_2;2;3541;246;906742
wzg.dlz_96_140345_mch_dlz1_gv_41.m.de;;41;37575;46;9619246
aq.aq_92_3210_mch.m.de;;0;36000;85;9216085
wzg.wzg92-230-deg_a2_2.m.de;;2;35963;130;9206658
wzg.wzg_99_asash_0530_am_wta1_34.m.de;WWQ99_ASAsh_0530_AM_34;34;38703;239;9908207
wzg.wzg9-328-nbg_w7_7.m.de;WWQ_9328_7;7;3541;221;906717
wzg.aqq261_mch_a2_34.m.de;;34;3162;202;809674
wzg.wzg92-080-deg_b1_65.m.de;;65;35962;18;9206290
wzg.wzg99-150-sbg_a4_36.m.de;;36;38704;181;9908405
wzg.aq_a7_960_120_ulm_a1_129.m.de;;129;2772;249;709881
wzg.wzgaq09-mch_c1_105.m.de;;105;36781;136;9416072
wzg.wzg_b2n_007347_gap_dlz2_34.m.de;;34;809;172;207276
wzg.cluster_aqq23_sbg_e_193.m.de;;193;42644;62;10916926
wzg.wzg_b2n_005450_gap_b1_97.m.de;;97;809;142;207246
aq.aq99-030-sbg.m.de;;0;38700;60;9907260
wzg.cluster_aqwwq06-mch_193.m.de;WWQ94_006_Mch;193;36781;149;9416085
aq.aqq87_sbg_h.m.de;;0;3153;198;807366
wzg.wzg_b2n_007213_gap_a2_175.m.de;;175;809;163;207267
wzg.wzg_9_510820_mch_wvlt1_163.m.de;WWQ_9584_163;163;3590;20;919060
aq.aq99-200-sbg.m.de;;0;38705;151;9908631
wzg.wzg99-590-stg_a3_4.m.de;;4;38746;105;9919081
aq.aq_96_as33_0160_tz.m.de;;0;37562;132;9616004
wzg.wzg_9_508590_mch_b3_99.m.de;WZG_AQ_9_508590_Mch_99;99;3589;166;918950
wzg.aqq21_sbg_c1_73.m.de;;73;3152;160;807072
wzg.wzg_8_7430_mch_wta4_4.m.de;;4;3149;109;806253
aq.aq99-020-sbg.m.de;;0;38699;195;9907139
wzg.aq_a7_957_773_ulm_dlz2_2.m.de;;2;2772;178;709810
wzg.cluster_aq_99_4587_sbg_194.m.de;;194;38735;225;9916385
wzg.wzg_b2n_005695_gap_a1_34.m.de;;34;809;145;207249
wzg.wzg_b17_780_0520_aug_b1_65.m.de;;65;6704;180;1716404
wzg.wzg_99_24765_stg_bl1_25.m.de;;25;38702;123;9907835
wzg.wzg_9_506950_nbg_a4_4.m.de;WZG_AQ_9_506950_Nbg_4;4;3550;73;908873
wzg.cluster_aq_96_138841_mch_194.m.de;;194;37575;10;9619210
wzg.cluster_aqq237_mch_h_194.m.de;;194;3161;37;809253
wzg.wzg_9_492226_mch_a3_35.m.de;WZG_AQ_9_492226_Mch_35;35;3586;138;918154
aq.aq9-238-nbg.m.de;;0;3540;235;906475
wzg.wzg92-640-mch_b1_97.m.de;;97;36000;199;9216199
wzg.aqq45_sbg_a4_3.m.de;;3;3153;22;807190
wzg.wzg_99_31600_sbg_pw1_162.m.de;;162;38743;144;9918352
wzg.cluster_aq_96_145229_lin_193.m.de;;193;37575;158;9619358
wzg.wzg92-710-mch_a2_34.m.de;;34;36002;7;9216519
wzg.wzgaq06-mch_a2_34.m.de;;34;36781;192;9416128
wzg.wzg_b2n_007815_mch_dlz1_17.m.de;;17;848;197;217285
wzg.wzg99-230-sbg_w3_35.m.de;AQ99-230-Sbg_35;35;38706;8;9908744
wzg.wzg_b2n_006796_gap_dlz2_gv_2.m.de;;2;809;163;207267
wzg.cluster_aqq233_sbg_e_193.m.de;;193;3160;205;809165
wzg.wzg99-650-stg_w11_12.m.de;AQ99-650-Stg_12;12;38745;163;9918883
wzg.cluster_aq92-640-mch_193.m.de;;193;36000;199;9216199
aq.aq_99_4331_lin.m.de;;0;38696;128;9906304
wzg.wzg_9_506690_mch_c2_106.m.de;WZG_AQ_9_506690_Mch_106;106;3589;76;918860
wzg.wzg_b2n_008423_gap_lsa_gv_133.m.de;;133;809;181;207285
wzg.wzg92-550-mch_c1_105.m.de;;105;36002;43;9216555
wzg.wzg_r200_000022_gap_lsa_l_164.m.de;;164;809;61;207165
wzg.cluster_wwq_9_499630_mch_193.m.de;;193;3587;242;918514
wzg.cluster_aq_9_490904_nbg_194.m.de;AQ_AQ_9_490904_Nbg_194;194;3547;59;908091
aq.aq_99_as7_000_sz.m.de;;0;38696;244;9906420
wzg.aqb10_mch_b2_98.m.de;;98;3192;222;817374
aq.aq99-840-stg.m.de;;0;38739;146;9917330
aq.aq92-140-deg.m.de;;0;35962;147;9206419
wzg.wzg92-460-mch_a2_34.m.de;;34;36003;46;9216814
wzg.cluster_aqq45b_sbg_h_193.m.de;;193;3153;25;807193
aq.aqwwq03-mch.m.de;;0;36781;187;9416123
wzg.wzg99-q9_sbg_a4_36.m.de;;36;38738;18;9916946
wzg.wzg99-800-stg_a1_1.m.de;;1;38741;87;9917783
wzg.cluster_aq_94_108999_mch_193.m.de;;193;36791;9;9418505
wzg.cluster_aq_b17_720_1220_aug_194.m.de;;194;6705;177;1716657
wzg.wzg_b2n_006563_mch_dlz1_1.m.de;;1;848;173;217261
wzg.wzg_96_161485_mch_pw12_12.m.de;;12;37524;225;9606369
wzg.wzg_99_4258_sbg_b2_132.m.de;;132;38735;144;9916304
wzg.wzgwwq201-mch_wta3_228.m.de;WWQ94_201_Mch_228;228;36781;224;9416160
wzg.cluster_aq_96_147050_lin_193.m.de;;193;37575;201;9619401
wzg.wzgwwq114-pas_w3_3.m.de;;3;36742;192;9406144
wzg.wzg_b2n_006979_mch_dlz2_gv_42.m.de;;42;848;180;217268
wzg.cluster_aq_99_9800_sbg_193.m.de;;193;38698;36;9906724
aq.aqq235_sbg_h.m.de;;0;3160;242;809202
wzg.wzg_99_11964_stg_bl1_r_133.m.de;;133;38737;214;9916886
wzg.wzg_9_483200_nbg_dlz1_9.m.de;WZG_AQ_9_483200_Nbg_9;9;3545;198;907718
wzg.cluster_aq_9_481250_nbg_194.m.de;AQ_AQ_9_481250_Nbg_194;194;3545;103;907623
wzg.wzg99-270-sbg_w2_38.m.de;;38;38707;122;9909114
wzg.aqq39_sbg_a3_2.m.de;;2;3153;6;807174
aq.aq_99_as6_230_sz.m.de;;0;38695;202;9906122
aq.aqaq14-pas.m.de;;0;36742;163;9406115
wzg.wzg_9_484470_nbg_a2_2.m.de;WZG_AQ_9_484470_Nbg_2;2;3546;3;907779
wzg.aqb13_mch_b2_98.m.de;;98;3192;183;817335
wzg.aqq245_mch_a1_33.m.de;;33;3161;157;809373
wzg.aqq247_sbg_b1_132.m.de;;132;3161;172;809388
aq.aq_b2n_005800_gap.m.de;;0;809;147;207251
wzg.wzg_9_491895_nbg_a2_2.m.de;WZG_AQ_9_491895_Nbg_2;2;3547;109;908141
wzg.wzg99-690-stg_c1_73.m.de;;73;38745;100;9918820
wzg.cluster_aq99-712-stg_194.m.de;;194;38744;223;9918687
wzg.aqq255_sbg_a1_1.m.de;;1;3162;45;809517
wzg.wzg_99_9800_sbg_c2_r_163.m.de;;163;38698;36;9906724
aq.aq_99_11228_sbg.m.de;;0;38698;110;9906798
wzg.cluster_aq99-810a-r-stg_194.m.de;;194;38741;14;9917710
wzg.wzg_99_12270_stg_c2_74.m.de;;74;38737;237;9916909
wzg.wzg99-730-stg_a4_4.m.de;;4;38744;16;9918480
wzg.wzg99-010-sbg_c2_106.m.de;;106;38699;50;9906994
wzg.wzg_95_1990_mch_pw10_10.m.de;;10;37133;32;9506080
aq.aq99-028-sbg.m.de;;0;38700;37;9907237
wzg.wzg92-270-deg_c1_139.m.de;;139;35963;196;9206724
wzg.wzg_b2n_006045_gap_dlz2_42.m.de;;42;809;150;207254
aq.aq_b2n_008531_mch.m.de;;0;848;205;217293
wzg.wzgaq09-mch_a1_33.m.de;;33;36781;136;9416072
wzg.wzg99-800-stg_b1_65.m.de;;65;38741;87;9917783
wzg.wzg99-270-sbg_a3_35.m.de;;35;38707;122;9909114
wzg.wzg_96_149480_lin_c1_165.m.de;;165;37576;1;9619457
wzg.wzg_b2n_006170_gap_b2_gv_138.m.de;;138;809;150;207254
wzg.cluster_aq_b2n_005450_gap_cluster_193.m.de;;193;809;142;207246
wzg.wzg99-079b-r-sbg_b1_163.m.de;;163;38702;66;9907778
wzg.wzg_9_511805_mch_w5_230.m.de;WWQ_9590_230;230;3590;68;919108
wzg.cluster_aqb19_mch_h_193.m.de;;193;3192;93;817245
wzg.cluster_aq92-215-deg_194.m.de;;194;35963;76;9206604
wzg.wzg8-140-mch_wta1_40.m.de;AQ8O_140_Mch_40;40;3149;180;806324
wzg.wzg9-870-mch_w7_40.m.de;;40;35670;243;9131763
wzg.dlz_96_140345_mch_dlz2_2.m.de;;2;37575;46;9619246
wzg.wzg_99_10835_stg_a2_166.m.de;;166;38737;126;9916798
wzg.wzg_9_499630_mch_w1_226.m.de;;226;3587;242;918514
wzg.wzg_9_504520_mch_b3_99.m.de;WZG_AQ_9_504520_Mch_99;99;3588;226;918754
wzg.dlz_96_139930_lin_dlz2_42.m.de;;42;37575;36;9619236
wzg.wzg99-050-sbg_a3_35.m.de;;35;38700;242;9907442
aq.aq_8_8010_mch.m.de;;0;3149;127;806271
wzg.wzg9-730-mch_a4_36.m.de;WZG_AQ9_730_Mch_36;36;35669;7;9131271
wzg.wzgwwq04-mch_wta2_227.m.de;WWQ94_004_Mch_227;227;36781;182;9416118
wzg.aq_a7_947_495_fue_b1_163.m.de;;163;2810;131;719491
aq.aq_a7_962_850_ulm.m.de;;0;2773;74;709962
wzg.cluster_aqq27_sbg_h_193.m.de;;193;3152;173;807085
wzg.wzg9-850-mch_cl1_193.m.de;;193;35670;148;9131668
wzg.wzg92-590-mch_p_b1_97.m.de;;97;36001;165;9216421
wzg.cluster_aq_92_2430_deg_194.m.de;WWQ_922430;194;35961;55;9206071
wzg.wzg_9_493593_mch_a2_34.m.de;WZG_AQ_9_493593_Mch_34;34;3586;206;918222
aq.aq99-040-sbg_dlz.m.de;;0;38700;72;9907272
aq.aq_96_160362_lin.m.de;;0;37576;252;9619708
aq.aqq269_mch_h.m.de;;0;3163;51;809779
wzg.wzg9-830-mch_w2_37.m.de;;37;35670;125;9131645
wzg.wzg_95_2434_mch_bl1_25.m.de;;25;37133;50;9506098
aq.aqq249_mch_h.m.de;;0;3161;199;809415
aq.aq99-590-stg_pw1.m.de;;0;38746;105;9919081
wzg.aqq91_sbg_a2_2.m.de;;2;3153;216;807384
wzg.cluster_aq_92_2900_deg_194.m.de;WWQ_922900;194;35961;70;9206086
wzg.wzg_b471_24958_dah_w1_226.m.de;;226;40902;112;10471024
wzg.wzg99-180-sbg_w6_38.m.de;AQ99-180-Sbg_38;38;38705;28;9908508
aq.aqb26a_mch_h.m.de;;0;3191;250;817146
wzg.wzg_b471_25165_dah_w1_226.m.de;;226;40902;113;10471025
wzg.cluster_aqzfr01-pas_194.m.de;;194;36742;156;9406108
wzg.aqq65_sbg_c1_73.m.de;;73;3153;124;807292
wzg.wzg9-790-mch_b4_100.m.de;WZG_AQ9_790_Mch_100;100;35670;25;9131545
wzg.cluster_aq_8_7430_mch_196.m.de;;196;3149;109;806253
wzg.wzg_b2n_009600_mch_b1_65.m.de;;65;848;219;217307
wzg.wzg_9_484470_nbg_b3_67.m.de;WZG_AQ_9_484470_Nbg_67;67;3546;3;907779
wzg.aq_a7_957_493_fue_c2_166.m.de;;166;2772;179;709811
wzg.aqb14_mch_a2_34.m.de;;34;3192;173;817325
wzg.wzg_99_26825_stg_a1_1.m.de;;1;38703;21;9907989
wzg.wzg_92_eost_0225_xz_w6_39.m.de;;39;36001;161;9216417
wzg.wzg92-510-mch_b1_97.m.de;;97;36002;159;9216671
wzg.wzg_92_akneuf_1174_um_bl1_33.m.de;WWQ_92_AK_Neuf_1174_UM_33;33;36001;155;9216411
wzg.wzg_9_481060_mch_c2_106.m.de;WZG_AQ_9_481060_Mch_106;106;3584;106;917610
aq.aq_96_161150_lin.m.de;;0;37577;15;9619727
wzg.wzg92-230-deg_c1_73.m.de;;73;35963;130;9206658
wzg.wzg9-328-nbg_w1_1.m.de;WWQ_9328_1;1;3541;221;906717
wzg.wzg_9_491895_nbg_a1_1.m.de;WZG_AQ_9_491895_Nbg_1;1;3547;109;908141
wzg.wzg_b471_24741_dah_w2_227.m.de;;227;40902;111;10471023
wzg.aqq245_mch_a2_34.m.de;;34;3161;157;809373
wzg.cluster_aq92-588-mch_193.m.de;WWQ_92588;193;36001;173;9216429
wzg.wzg99-532-stg_a3_3.m.de;;3;38748;154;9919642
wzg.wzg8-120-mch_wta1_42.m.de;AQ8O_120_Mch_42;42;3149;218;806362
wzg.wzg_96_146011_mch_c1_73.m.de;;73;37575;175;9619375
wzg.aq_a7_957_085_fue_dlz2_34.m.de;;34;2772;157;709789
wzg.aqb10_mch_c2_106.m.de;;106;3192;222;817374
aq.aq9-850-mch.m.de;;0;35670;148;9131668
aq.aq9-710-mch.m.de;;0;35668;212;9131220
wzg.wzg99-845-stg_b1_65.m.de;;65;38734;132;9916036
wzg.wwq_a7_944_025_fue_pw3_35.m.de;;35;2810;24;719384
wzg.wzg9-345-nbg_w3_3.m.de;WWQ_9345_3;3;3541;246;906742
wzg.wzg_99_10835_stg_dlz3_43.m.de;;43;38737;126;9916798
wzg.wzg_b17_720_1220_aug_a1_1.m.de;;1;6705;177;1716657
aq.aq_b2n_005440_gap_lsa.m.de;;0;809;141;207245
aq.aq_96_159650_lin.m.de;;0;37576;234;9619690
wzg.wzg_b2n_006563_mch_dlz1_gv_33.m.de;;33;848;173;217261
wzg.wzg_99_9800_sbg_a1_33.m.de;;33;38698;36;9906724
wzg.wzg_92_akneuf_0440_xw_d1_163.m.de;;163;36001;137;9216393
aq.wwq_9_500170_nbg.m.de;;0;3548;254;908542
wzg.wzg8-110-mch_w6_39.m.de;AQ8O_110_Mch_39;39;3149;234;806378
wzg.wzg_96_154253_lin_lsa2_164.m.de;;164;37576;102;9619558
wzg.wzg_99_31150_stg_w1_1.m.de;;1;38743;102;9918310
aq.aq92-400-mch.m.de;;0;36004;3;9217027
wzg.wzg_99_4862_sbg_c1_133.m.de;;133;38735;225;9916385
wzg.aqq45b_sbg_w4_4.m.de;;4;3153;25;807193
wzg.wzg_99_2408_sbg_b2_66.m.de;;66;38735;16;9916176
wzg.wzg_b2n_006425_mch_dlz1_gv_41.m.de;;41;848;173;217261
wzg.wzg_92_eost_0225_xz_w9_42.m.de;;42;36001;161;9216417
wzg.cluster_aq_b471_24741_dah_193.m.de;;193;40902;111;10471023
wzg.wzg_b2n_006400_gap_lsa_r_163.m.de;;163;809;156;207260
wzg.wzg9-260-nbg_c3_75.m.de;WZG_AQ9_260_Nbg_75;75;35278;56;9031224
wzg.wzg99-830-stg_c2_74.m.de;;74;38739;236;9917420
wzg.wzg8-100-mch_w4_37.m.de;AQ8O_100_Mch_37;37;3150;3;806403
wzg.wzg_9_498030_mch_b2_98.m.de;WZG_AQ_9_498030_Mch_98;98;3587;164;918436
wzg.cluster_aq99-152-sbg_195.m.de;AQ99-152-Sbg;195;38704;198;9908422
wzg.wzgwwq10-pas_wta4_228.m.de;WWQ94_010_Pas_228;228;36742;138;9406090
wzg.wzg92-400-mch_w2_34.m.de;;34;36004;3;9217027
aq.aq_94_109645_pas.m.de;;0;36752;16;9408528
wzg.wzg9-360-nbg_a3_3.m.de;WZG_AQ9_360_Nbg_3;3;35277;63;9030975
wzg.wzg_9_480000_nbg_a2_2.m.de;WZG_AQ_9_480000_Nbg_2;2;3545;42;907562
wzg.wzg_9_adholl_0420_om_c1_183.m.de;WZG_AQ_9_ADHoll_0420_OM_183;183;3584;155;917659
wzg.aq_96_168238_mch_c2_74.m.de;;74;37538;161;9609889
wzg.wzg_99_10170_stg_b1_65.m.de;;65;38737;82;9916754
wzg.cluster_aq_96_154530_lin_193.m.de;;193;37576;118;9619574
wzg.wzg_b2n_007115_mch_dlz1_1.m.de;;1;848;180;217268
wzg.cluster_aq92-440-mch_193.m.de;;193;36003;102;9216870
wzg.aq_a7_958_183_ulm_c1_133.m.de;;133;2772;190;709822
wzg.wzg_b2n_006397_mch_led_ww_73.m.de;;73;848;173;217261
wzg.wzg_9_494840_nbg_c1_73.m.de;WZG_AQ_9_494840_Nbg_73;73;3547;252;908284
wzg.cluster_aq_9_490336_mch_195.m.de;AQ_WWQ_9_490127_Mch_195;195;3586;44;918060
wzg.cluster_aq_9_485900_nbg_194.m.de;AQ_AQ_9_485900_Nbg_194;194;3546;73;907849
wzg.wzg9-690-mch_b2_98.m.de;WZG_AQ9_690_Mch_98;98;35668;174;9131182
aq.aq_b2n_007715_mch.m.de;;0;848;197;217285
wzg.wzg_b17_800_0350_aug_c1_73.m.de;;73;6665;119;1706359
wzg.wzgaq07-mch_a2_35.m.de;;35;36781;173;9416109
wzg.wzg_b2n_007715_mch_lsa_gv_171.m.de;;171;848;197;217285
aq.aq_9_496895_nbg.m.de;;0;3548;96;908384
wzg.wzg9-140-nbg_w1_2.m.de;WWQ_9140_2;2;35279;203;9031627
wzg.wzg_99_4052_lin_b1_163.m.de;;163;38696;128;9906304
aq.aqb24_mch_h.m.de;;0;3192;22;817174
wzg.wzg99-180-sbg_w4_36.m.de;AQ99-180-Sbg_36;36;38705;28;9908508
wzg.wzg_96_139252_mch_z131_l_130.m.de;;130;37575;19;9619219
wzg.wzg92-040-deg_b1_65.m.de;;65;35961;27;9206043
wzg.wzg99-540-stg_c2_74.m.de;;74;38748;55;9919543
wzg.wzg_99a_103808_mch_a2_34.m.de;;34;38748;229;9919717
wzg.cluster_aq_9_491895_nbg_194.m.de;AQ_AQ_9_491895_Nbg_194;194;3547;109;908141
wzg.wzg8-130-mch_wta2_43.m.de;AQ8O_130_Mch_43;43;3149;209;806353
wzg.wzg_9_495035_mch_b1_97.m.de;WZG_AQ_9_495035_Mch_97;97;3587;20;918292
wzg.cluster_aq_9_496600_mch_193.m.de;AQ_AQ_9_496600_Mch_193;193;3587;95;918367
wzg.wzg_99_4616_lin_b2_164.m.de;;164;38696;209;9906385
wzg.aqq23_sbg_a1_33.m.de;;33;42644;62;10916926
wzg.aqq239_mch_a2_34.m.de;;34;3161;85;809301
wzg.cluster_aqq65_sbg_h_193.m.de;;193;3153;124;807292
wzg.wzg9-260-nbg_b3_67.m.de;WZG_AQ9_260_Nbg_67;67;35278;56;9031224
wzg.wzg_96_138841_mch_a1_e1_1.m.de;;1;37575;10;9619210
wzg.wzg_96_as33_gil_065_wta1_105.m.de;;105;37562;133;9616005
wzg.aqq221_mch_a1_33.m.de;;33;3199;124;819068
wzg.cluster_aq_b2n_007379_mch_cluster_198.m.de;;198;848;188;217276
wzg.wzg_9_503485_mch_wvlt1_163.m.de;WZG_AQ_9_503485_Mch_163;163;3588;174;918702
wzg.wzg_b2n_007788_gap_a1_gv_135.m.de;;135;809;172;207276
wzg.wzg_96_160770_lin_z131_bl_r_165.m.de;;165;37577;6;9619718
wzg.aqq253_sbg_c1_73.m.de;;73;3162;5;809477
wzg.wzg9-328-nbg_cl1_194.m.de;WWQ_9328;194;3541;221;906717
wzg.wzg_b2n_008880_gap_a2_162.m.de;;162;809;192;207296
wzg.wzg9-760-mch_w9_44.m.de;WWQ_9760_44;44;35669;66;9131330
wzg.wzg92-670-mch_c1_105.m.de;;105;36000;75;9216075
wzg.wzg_9_491350_mch_c2_106.m.de;WZG_AQ_9_491350_Mch_106;106;3586;95;918111
wzg.aq_b310_9_843_ulm_b310_pw1_129.m.de;;129;2773;4;709892
wzg.wzg_9_pfaf_0070_em_a1_179.m.de;WZG_AQ_9_Pfaf_0070_EM_179;179;3586;72;918088
wzg.aqq46_sbg_dlz1_7.m.de;;7;3153;32;807200
wzg.cluster_wwq_99_31150_stg_194.m.de;;194;38743;102;9918310
wzg.aq_a7_961_684_fue_b1_163.m.de;;163;2812;48;719920
wzg.wzg_9_505750_mch_dlz1_41.m.de;WZG_AQ_9_505750_Mch_41;41;3589;28;918812
wzg.wzg99-710-stg_b2_66.m.de;;66;38745;4;9918724
wzg.wzg92-610-mch_b1_98.m.de;;98;36001;119;9216375
wzg.aq_94_110284_pas_bl1_89.m.de;;89;36752;23;9408535
wzg.wzg92-586-mch_w6_39.m.de;WWQ_92586_39;39;36001;181;9216437
wzg.wzg_96_160143_lin_dlz2_33.m.de;;33;37576;246;9619702
aq.aq_b2n_008005_mch.m.de;;0;848;197;217285
wzg.wzg_96_170371_mch_pw4_4.m.de;;4;37538;211;9609939
wzg.wzg_b2n_005933_gap_lsa3_59.m.de;;59;809;150;207254
wzg.cluster_aq92-230-deg_194.m.de;;194;35963;130;9206658
wzg.wzgaq06-mch_dlzfs3_43.m.de;;43;36781;192;9416128
wzg.wzg_96_160770_lin_a2_34.m.de;;34;37577;6;9619718
wzg.aqb10_mch_c1_105.m.de;;105;3192;222;817374
wzg.wzg_9_511900_nbg_a1_1.m.de;WZG_AQ_9_511900_Nbg_1;1;3551;58;909114
wzg.cluster_aqwwq201-mch_195.m.de;WWQ94_201_Mch;195;36781;224;9416160
wzg.wzg99-170-sbg_b1_97.m.de;;97;38705;8;9908488
wzg.aqq247_sbg_a1_130.m.de;;130;3161;172;809388
wzg.cluster_aqq245_mch_h_194.m.de;;194;3161;157;809373
wzg.wzg_99_30450_stg_c4_76.m.de;;76;38743;49;9918257
aq.aq_b2n_007788_gap.m.de;;0;809;172;207276
wzg.wzg_9_511805_mch_w10_235.m.de;WWQ_9590_235;235;3590;68;919108
wzg.cluster_aq_9_505750_mch_193.m.de;AQ_AQ_9_505750_Mch_193;193;3589;28;918812
wzg.wzg_9_506950_nbg_c3_75.m.de;WZG_AQ_9_506950_Nbg_75;75;3550;73;908873
wzg.aq_a7_955_110_fue_a2_34.m.de;;34;2811;109;719725
aq.aq_a7_957_085_fue.m.de;;0;2772;157;709789
wzg.wzg_b17_740_0470_aug_a1_1.m.de;;1;6705;99;1716579
wzg.wzg_99_32050_stg_c4_76.m.de;;76;38704;152;9908376
aq.aq9-781d-mch.m.de;;0;3579;116;916340
wzg.wzg_96_139252_mch_c1_73.m.de;;73;37575;19;9619219
wzg.wzg_b2n_008441_mch_dlz1_gv_49.m.de;;49;848;205;217293
wzg.wzg_99_8784_lin_c1_105.m.de;;105;38697;221;9906653
wzg.wzg9-789-mch_w5_41.m.de;;41;35670;16;9131536
aq.aq_99_30450_stg.m.de;;0;38743;49;9918257
wzg.aq_a7_957_773_ulm_dlz1_1.m.de;;1;2772;178;709810
wzg.wzg99-710-stg_a2_2.m.de;;2;38745;4;9918724
wzg.wzg_96_161485_mch_pw6_6.m.de;;6;37524;225;9606369
wzg.cluster_portal_a7_957_039_fue_gv_195.m.de;;195;2772;156;709788
wzg.wzg_9_502505_nbg_b2_66.m.de;WZG_AQ_9_502505_Nbg_66;66;3549;113;908657
wzg.wzg9-700-mch_w10_43.m.de;WWQ_9700_43;43;35668;192;9131200
wzg.wzg_96_137920_mch_bas_1_l_130.m.de;;130;37575;10;9619210
wzg.wzg99-690-stg_c3_75.m.de;;75;38745;100;9918820
wzg.wzg92-510-mch_c1_105.m.de;;105;36002;159;9216671
wzg.wzg9-760-mch_w13_48.m.de;WWQ_9760_48;48;35669;66;9131330
wzg.cluster_aq_r200_000022_gap_cluster_193.m.de;;193;809;61;207165
wzg.cluster_aq_96_as33_0160_tz_193.m.de;;193;37562;132;9616004
wzg.wzg_96_154530_lin_wta1_105.m.de;;105;37576;118;9619574
aq.aq_96_145229_lin.m.de;;0;37575;158;9619358
wzg.wzg99-714-stg_b2_66.m.de;;66;38744;200;9918664
aq.aq92-170-deg.m.de;;0;35963;28;9206556
aq.aq8-110-mch.m.de;;0;3149;234;806378
wzg.aqq261_sbg_b1_65.m.de;;65;3162;202;809674
aq.pw_99_32515_stg.m.de;;0;38704;152;9908376
aq.aqb13a_mch_e.m.de;;0;3192;177;817329
wzg.wzg_9_481060_mch_b1_97.m.de;WZG_AQ_9_481060_Mch_97;97;3584;106;917610
wzg.wzg9-125-nbg_w4_5.m.de;WWQ_9125_5;5;35279;158;9031582
wzg.wzg_b2n_008364_gap_dlz1_gv_17.m.de;;17;809;181;207285
aq.aq99-685-stg.m.de;;0;38745;99;9918819
wzg.wzg_b2n_008550_gap_dlz2_34.m.de;;34;809;189;207293
wzg.aqq253_sbg_a1_1.m.de;;1;3162;5;809477
wzg.cluster_aq_96_145638_lin_193.m.de;;193;37575;168;9619368
wzg.cluster_aqq257_sbg_h_193.m.de;;193;3162;109;809581
wzg.aqq37_sbg_a4_3.m.de;;3;3152;248;807160
wzg.wzg99-730-stg_a2_2.m.de;;2;38744;16;9918480
wzg.aqq221_mch_b1_97.m.de;;97;3199;124;819068
wzg.wzg_96_as33_gil_065_lsa2_164.m.de;;164;37562;133;9616005
wzg.aqq73_sbg_c2_74.m.de;;74;3153;148;807316
wzg.cluster_aq9-110-nbg_194.m.de;AQ_AQ9_110_Nbg_194;194;35279;175;9031599
aq.aq92-260-deg.m.de;;0;35963;179;9206707
wzg.aqb29_mch_b3_99.m.de;;99;3191;203;817099
wzg.wzg9-850-mch_w3_38.m.de;;38;35670;148;9131668
wzg.wzg9-168-nbg_a2_2.m.de;WZG_AQ9_168_Nbg_2;2;35279;46;9031470
wzg.aqq249_mch_b1_97.m.de;;97;3161;199;809415
aq.aq99-235-sbg.m.de;;0;38706;33;9908769
wzg.aq_a7_957_393_ulm_a2_130.m.de;;130;2772;178;709810
wzg.wzg_96_137000_mch_c1_133.m.de;;133;37574;223;9619167
wzg.wzg_96_160770_lin_z131_b_r_161.m.de;;161;37577;6;9619718
aq.aq_9_akneuf_0638_hl.m.de;;0;35667;208;9130960
wzg.wzg_b2n_004622_gap_z131_r_161.m.de;;161;809;129;207233
wzg.wzg_99_730_sbg_b2_66.m.de;;66;38734;146;9916050
wzg.aq_96_168238_mch_b2_66.m.de;;66;37538;161;9609889
wzg.wzg_99_30830_sbg_b2_98.m.de;;98;38704;59;9908283
wzg.wzg9-600-mch_c1_105.m.de;WZG_AQ9_600_Mch_105;105;35667;178;9130930
wzg.cluster_aq92-400-mch_193.m.de;;193;36004;3;9217027
wzg.wzg_9_511805_mch_w7_232.m.de;WWQ_9590_232;232;3590;68;919108
wzg.wzg99-079b-r-sbg_a1_161.m.de;;161;38702;66;9907778
wzg.cluster_aq_96_144347_mch_194.m.de;;194;37575;137;9619337
wzg.wzg99-840-stg_a3_3.m.de;;3;38739;146;9917330
wzg.wzg_b2n_009120_mch_a2_2.m.de;;2;848;212;217300
wzg.wzg_99_8784_lin_a2_34.m.de;;34;38697;221;9906653
wzg.wzg_96_147630_lin_a2_34.m.de;;34;37575;214;9619414
wzg.wzg_9_505750_mch_b1_97.m.de;WZG_AQ_9_505750_Mch_97;97;3589;28;918812
wzg.wzg92-150-deg_a2_2.m.de;;2;35962;179;9206451
wzg.wzg99-070-sbg_a1_33.m.de;;33;38701;203;9907659
wzg.cluster_aq_a7_960_120_ulm_194.m.de;;194;2772;249;709881
wzg.wzg_8_7430_mch_wta1_1.m.de;;1;3149;109;806253
aq.aq_9_486950_mch.m.de;;0;3585;137;917897
wzg.wzg_99_26020_sbg_b1_97.m.de;;97;38741;229;9917925
wzg.wzg_96_153725_lin_lsa1_gv_129.m.de;;129;37576;102;9619558
wzg.wzg99-260-sbg_b1_97.m.de;;97;38707;6;9908998
wzg.wzg_9_504520_mch_a1_33.m.de;WZG_AQ_9_504520_Mch_33;33;3588;226;918754
wzg.aqq203_mch_b1_97.m.de;;97;3198;149;818837
wzg.dlz_96_146600_mch_dlz2_gv_42.m.de;;42;37575;186;9619386
wzg.wzg_99_25130_stg_bl1_25.m.de;;25;38702;150;9907862
wzg.wzgaq188-mch_w2_2.m.de;WWQ94_188_Mch_2;2;36782;79;9416271
wzg.wzgaq194-mch_bl1_9.m.de;WWQ94_194_Mch_9;9;36782;55;9416247
wzg.wzg_99_25377_at_sbg_pw1_161.m.de;;161;38741;183;9917879
wzg.cluster_aq_92_3210_mch_193.m.de;WWQ_92321;193;36000;85;9216085
wzg.wzg_8_8010_mch_wta5_5.m.de;;5;3149;127;806271
aq.aq_9_511900_nbg.m.de;;0;3551;58;909114
wzg.wzg99-630-stg_w8_9.m.de;AQ99-630-Stg_9;9;38746;20;9918996
wzg.wzg9-155-nbg_b2_66.m.de;WZG_AQ9_155_Nbg_66;66;35279;93;9031517
wzg.cluster_wwq_a7_960_707_ulm_196.m.de;;196;2773;18;709906
wzg.wzg_96_139729_mch_dlz2_gv_34.m.de;;34;37575;35;9619235
wzg.aqq263_mch_b1_164.m.de;;164;3202;0;819712
wzg.wzg_99_27885_stg_a1_1.m.de;;1;38703;99;9908067
wzg.wzgaq204-mch_c1_105.m.de;;105;36781;251;9416187
aq.aq_b471_25165_dah.m.de;;0;40902;113;10471025
wzg.wzg92-580-mch_c1_105.m.de;;105;36001;211;9216467
wzg.wzg_99_10220_sbg_a2_34.m.de;;34;38698;69;9906757
wzg.wzg_9_490310_nbg_b3_67.m.de;WZG_AQ_9_490310_Nbg_67;67;3547;32;908064
wzg.wzg92-684-mch_w3_4.m.de;WWQ_92684_4;4;36000;48;9216048
wzg.wzg_b2n_008300_mch_dlz2_gv_52.m.de;;52;848;205;217293
wzg.cluster_aqb27_mch_h_193.m.de;;193;3191;236;817132
wzg.wzgaq204-mch_c2_106.m.de;;106;36781;251;9416187
wzg.wzg92-700-mch_c1_105.m.de;;105;36000;12;9216012
wzg.cluster_aq92-610-mch_195.m.de;;195;36001;119;9216375
wzg.aqb16_mch_a2_34.m.de;;34;3192;145;817297
aq.aq_96_153725_lin.m.de;;0;37576;102;9619558
wzg.wzg99-235-sbg_c2_106.m.de;;106;38706;33;9908769
aq.aq_99_25377_at_sbg.m.de;;0;38741;183;9917879
wzg.wzg_b2n_005988_gap_dlz2_34.m.de;;34;809;150;207254
wzg.wzg_b2n_009120_mch_c1_73.m.de;;73;848;212;217300
wzg.wzgaq115c-pas_a1_1.m.de;;1;36742;204;9406156
wzg.wzg_96_142470_lin_c1_165.m.de;;165;37575;94;9619294
wzg.wzg_99_26040_stg_bl1_25.m.de;;25;38702;217;9907929
wzg.wzg99-532-stg_b1_65.m.de;;65;38748;154;9919642
aq.aq_b310_10_122_ulm_b310.m.de;;0;2773;4;709892
wzg.cluster_aq_b17_800_0350_lbg_r_193.m.de;;193;6665;119;1706359
wzg.aqq27_sbg_a3_3.m.de;;3;3152;173;807085
wzg.wzgaqrg203-mch_c1_105.m.de;;105;36782;19;9416211
wzg.wzg92-150-deg_a1_1.m.de;;1;35962;179;9206451
wzg.wzg_99_8468_sbg_a1_1.m.de;;1;38736;209;9916625
wzg.wzg_8_7100_stg_a1_33.m.de;;33;3145;10;805130
wzg.cluster_aq92-040-deg_194.m.de;;194;35961;27;9206043
wzg.wzg_99_29595_sbg_a2_34.m.de;;34;38703;223;9908191
wzg.aq_94_108794_mch_b1_97.m.de;;97;36791;4;9418500
wzg.wzg_b471_24958_dah_w2_227.m.de;;227;40902;112;10471024
aq.aq_9_510415_mch.m.de;;0;3589;251;919035
wzg.wzg92-620-mch_a1_33.m.de;;33;36001;67;9216323
wzg.wzg_96_159170_lin_dlz4_35.m.de;;35;37576;227;9619683
wzg.wzgaqrg203-mch_c3_107.m.de;;107;36782;19;9416211
wzg.wzg99-045-sbg_a1_33.m.de;;33;38700;147;9907347
wzg.wzg_b2n_005940_mch_lsa1_17.m.de;;17;848;166;217254
wzg.wzg99-250-sbg_a3_36.m.de;;36;38706;131;9908867
wzg.wzg_96_138841_mch_b1_66.m.de;;66;37575;10;9619210
wzg.aqq57_sbg_b2_66.m.de;;66;3153;82;807250
wzg.wzg9-782-mch_a2_34.m.de;WZG_AQ9_782_Mch_34;34;35669;175;9131439
aq.wwq_99_27350_stg.m.de;;0;38703;59;9908027
wzg.cluster_aq_99_11680_stg_194.m.de;;194;38737;193;9916865
wzg.wzg92-400-mch_bl1_38.m.de;;38;36004;3;9217027
wzg.aq_a7_947_495_fue_c1_165.m.de;;165;2810;131;719491
wzg.wzg_9_491350_mch_a4_36.m.de;WZG_AQ_9_491350_Mch_36;36;3586;95;918111
wzg.wzg_a96_145061_mch_bag_e_129.m.de;;129;37575;154;9619354
wzg.wzg92-117-deg_b1_65.m.de;;65;35962;123;9206395
wzg.wzg99-280-sbg_a1_33.m.de;;33;38707;228;9909220
aq.aq_b2n_005695_gap_abb.m.de;;0;809;145;207249
wzg.aq_a7_960_920_fue_c1_105.m.de;;105;2812;28;719900
aq.aq_b17_780_0820_lbg_r.m.de;;0;6665;152;1706392
wzg.cluster_aq_99_5446_lin_193.m.de;;193;38696;230;9906406
wzg.dlz_96_139930_lin_dlz1_gv_9.m.de;;9;37575;36;9619236
wzg.wzg_9_481250_nbg_a3_3.m.de;WZG_AQ_9_481250_Nbg_3;3;3545;103;907623
wzg.aq_a7_957_393_ulm_c2_134.m.de;;134;2772;178;709810
wzg.wzg_96_153728_lin_dlz4_gv_148.m.de;;148;37576;102;9619558
wzg.aqq33_sbg_c3_75.m.de;;75;3152;212;807124
wzg.wzg_b2n_007213_gap_b1_gv_143.m.de;;143;809;163;207267
wzg.wzg99-079b-r-sbg_c1_171.m.de;;171;38702;66;9907778
aq.aq_96_161787_mch.m.de;;0;37524;215;9606359
wzg.aqb17_mch_a2_34.m.de;;34;3192;128;817280
wzg.aqq287_sbg_a1_1.m.de;;1;3163;200;809928
wzg.wzg9-670-mch_b3_99.m.de;WZG_AQ9_670_Mch_99;99;35668;116;9131124
aq.aq9-360-nbg.m.de;;0;35277;63;9030975
wzg.wzgaq08-mch_b2_98.m.de;;98;36781;161;9416097
wzg.cluster_aq_96_139930_lin_195.m.de;;195;37575;36;9619236
aq.aqq45c_sbg_h.m.de;;0;3153;29;807197
wzg.wzg_9_510320_mch_c1_105.m.de;WZG_AQ_9_510320_Mch_105;105;3589;251;919035
wzg.wzg_9_506690_mch_dlz1_41.m.de;WZG_AQ_9_506690_Mch_41;41;3589;76;918860
wzg.aqb12_mch_c1_105.m.de;;105;3192;198;817350
wzg.wzg_b471_24958_dah_w6_231.m.de;;231;40902;112;10471024
wzg.cluster_aq_96_147630_lin_193.m.de;;193;37575;214;9619414
wzg.wzg_99a_103808_mch_c3_l_164.m.de;;164;38748;229;9919717
wzg.aqq29_sbg_a2_2.m.de;;2;3152;181;807093
wzg.wzg99-230-sbg_w1_33.m.de;AQ99-230-Sbg_33;33;38706;8;9908744
aq.aqq220_sbg_e.m.de;;0;3160;85;809045
wzg.wzg99-010-sbg_a2_34.m.de;;34;38699;50;9906994
wzg.wzg99-070-sbg_a3_35.m.de;;35;38701;203;9907659
wzg.wzg9-130-nbg_w3_4.m.de;WWQ_9130_4;4;35279;146;9031570
wzg.wzg_96_162376_mch_pw10_10.m.de;;10;37524;230;9606374
wzg.cluster_aq_b2n_007115_mch_cluster_194.m.de;;194;848;180;217268
aq.aqb21_mch_h.m.de;;0;3192;65;817217
wzg.cluster_aq_9_502505_nbg_194.m.de;AQ_AQ_9_502505_Nbg_194;194;3549;113;908657
wzg.wzg99-720-stg_c1_73.m.de;;73;38744;97;9918561
wzg.aq_94_ampf_0166_em_text1_97.m.de;;97;36790;255;9418495
wzg.wzg_b17_800_0350_aug_b1_65.m.de;;65;6665;119;1706359
wzg.wzg99-590-stg_c2_74.m.de;;74;38746;105;9919081
wzg.wzg_9_511805_mch_w3_228.m.de;WWQ_9590_228;228;3590;68;919108
wzg.wzg9-700-mch_w15_48.m.de;WWQ_9700_48;48;35668;192;9131200
wzg.wzg99-290-sbg_a2_34.m.de;;34;38708;96;9909344
wzg.wzg_99_9140_sbg_bl1_r_165.m.de;;165;38697;244;9906676
wzg.wzg92-610-mch_a1_35.m.de;;35;36001;119;9216375
wzg.wzg_99_10010_sbg_c1_r_163.m.de;;163;38698;64;9906752
wzg.wzg9-260-nbg_a1_1.m.de;WZG_AQ9_260_Nbg_1;1;35278;56;9031224
wzg.wzg9-328-nbg_w9_9.m.de;WWQ_9328_9;9;3541;221;906717
wzg.aqq253_mch_c1_105.m.de;;105;3162;5;809477
wzg.wzg9-760-mch_w12_47.m.de;WWQ_9760_47;47;35669;66;9131330
wzg.wzg_99_as5_200_sz_c1_105.m.de;;105;38695;140;9906060
wzg.wzg_96_148502_lin_bas_2_l_164.m.de;;164;37575;214;9619414
wzg.cluster_aq_a7_957_128_ulm_194.m.de;;194;2772;158;709790
wzg.cluster_aq_9_505200_mch_193.m.de;AQ_AQ_9_505200_Mch_193;193;3589;3;918787
aq.aq_96_145638_lin.m.de;;0;37575;168;9619368
aq.aq_9_485215_mch.m.de;;0;3585;54;917814
wzg.cluster_aq_99a_100750_stg_193.m.de;;193;38709;112;9909616
wzg.wzg_9_508400_nbg_a3_3.m.de;WZG_AQ_9_508400_Nbg_3;3;3550;144;908944
aq.aq9-170-nbg.m.de;;0;35278;255;9031423
wzg.aqb24_mch_a3_35.m.de;;35;3192;22;817174
aq.aq_99_730_sbg.m.de;;0;38734;146;9916050
wzg.cluster_aq99-079a-sbg_193.m.de;;193;38702;55;9907767
wzg.wzg_9_508400_nbg_a4_4.m.de;WZG_AQ_9_508400_Nbg_4;4;3550;144;908944
aq.aq99-003-sbg.m.de;;0;38737;215;9916887
wzg.wzg_99_10220_sbg_b2_98.m.de;;98;38698;69;9906757
wzg.aqq271_sbg_a2_2.m.de;;2;3163;81;809809
wzg.wzg99-300-sbg_a3_35.m.de;;35;38708;216;9909464
wzg.cluster_wwq_99_25600_stg_194.m.de;;194;38702;184;9907896
wzg.hs_96_as33_gil_065_sch_r_161.m.de;;161;37562;133;9616005
wzg.wzg92-586-mch_w8_41.m.de;WWQ_92586_41;41;36001;181;9216437
wzg.aqb13_mch_a2_34.m.de;;34;3192;183;817335
wzg.wzg_96_154250_lin_dlz4_35.m.de;;35;37576;102;9619558
wzg.cluster_aq99-811-stg_194.m.de;;194;38740;193;9917633
aq.aqaq196-mch.m.de;;0;36782;39;9416231
wzg.wzg_99_31800_sbg_wvlt_161.m.de;;161;38743;144;9918352
wzg.wzg99-180-sbg_w3_35.m.de;AQ99-180-Sbg_35;35;38705;28;9908508
wzg.wzgaq01-mch_b2_98.m.de;;98;36782;84;9416276
aq.hs_94_110084_pas.m.de;;0;36752;19;9408531
aq.aq_96_153558_lin.m.de;;0;37576;95;9619551
wzg.wzg_96_145860_lin_c1_105.m.de;;105;37575;172;9619372
wzg.cluster_aq_96_160143_lin_193.m.de;;193;37576;246;9619702
wzg.aq_a7_958_403_ulm_a1_1.m.de;;1;2772;197;709829
wzg.cluster_aq_99_10220_sbg_193.m.de;;193;38698;69;9906757
aq.lsa_99_10383_sbg.m.de;;0;38698;110;9906798
wzg.wzg_9_498180_nbg_a1_1.m.de;WZG_AQ_9_498180_Nbg_1;1;3548;159;908447
wzg.wzg_99_10991_sbg_a2_136.m.de;;136;38698;110;9906798
wzg.wzg_99_3674_sbg_b1_131.m.de;;131;38735;112;9916272
wzg.wzg_99_11680_stg_lsa_1_129.m.de;;129;38737;193;9916865
wzg.wzg_b2n_008100_mch_dlz1_gv_33.m.de;;33;848;197;217285
wzg.wzg9-260-nbg_b1_65.m.de;WZG_AQ9_260_Nbg_65;65;35278;56;9031224
aq.aq99-640-stg_pw1.m.de;;0;38745;195;9918915
wzg.wzg99-187a-sbg_lcd1_98.m.de;;98;38705;50;9908530
wzg.wzg_99_10155_sbg_wta1_106.m.de;;106;38698;64;9906752
wzg.wzg_99_10812_sbg_dlz1_9.m.de;;9;38698;110;9906798
wzg.cluster_aqq281_sbg_e_193.m.de;;193;3163;153;809881
wzg.wzg9-130-nbg_w8_9.m.de;WWQ_9130_9;9;35279;146;9031570
wzg.aqq91_sbg_b1_65.m.de;;65;3153;216;807384
wzg.wzg99-235-sbg_pw1_161.m.de;;161;38706;33;9908769
wzg.wzg_b2n_008441_mch_dlz1_17.m.de;;17;848;205;217293
wzg.wzg_9_505200_mch_wvlt1_163.m.de;WZG_AQ_9_505200_Mch_163;163;3589;3;918787
wzg.aq_94_110189_pas_bl1_89.m.de;;89;36752;22;9408534
wzg.wzg92-230-deg_b1_65.m.de;;65;35963;130;9206658
wzg.wzg_96_160362_lin_lsa1_178.m.de;;178;37576;252;9619708
wzg.aq_94_110089_pas_lsa1_1.m.de;;1;36752;19;9408531
aq.wta_99_as7_150_sz.m.de;;0;38696;244;9906420
wzg.wzg_9_511090_nbg_b1_65.m.de;WZG_AQ_9_511090_Nbg_65;65;3551;19;909075
wzg.aqq33_sbg_b3_67.m.de;;67;3152;212;807124
wzg.cluster_aq_96_147369_lin_193.m.de;;193;37575;208;9619408
wzg.wzg92-040-deg_c1_73.m.de;;73;35961;27;9206043
wzg.wzg_96_161787_mch_pw7_7.m.de;;7;37524;215;9606359
wzg.wzg_96_145638_lin_c1_bag_118.m.de;;118;37575;168;9619368
wzg.wzg_b2n_007958_gap_dlz2_gv_2.m.de;;2;809;181;207285
wzg.wzg8-100-mch_w1_34.m.de;AQ8O_100_Mch_34;34;3150;3;806403
wzg.wzg_9_484470_nbg_c2_74.m.de;WZG_AQ_9_484470_Nbg_74;74;3546;3;907779
wzg.wzg_9_511900_nbg_c3_75.m.de;WZG_AQ_9_511900_Nbg_75;75;3551;58;909114
wzg.cluster_aq_99_5430_sbg_194.m.de;;194;38735;242;9916402
aq.aq_96_139426_mch.m.de;;0;37575;23;9619223
aq.aq_b2n_006267_mch.m.de;;0;848;173;217261
wzg.wzg_99a_104508_mch_b3_l_162.m.de;;162;38748;252;9919740
wzg.wzg99-690-stg_c2_74.m.de;;74;38745;100;9918820
wzg.wzg_9_503930_nbg_b1_65.m.de;WZG_AQ_9_503930_Nbg_65;65;3549;182;908726
aq.aqq275_mch_h.m.de;;0;3163;120;809848
wzg.wzg_b2n_006206_gap_lsa_r_173.m.de;;173;809;150;207254
wzg.wzg99-590-stg_dlzfs1_2.m.de;;2;38746;105;9919081
wzg.wzg_96_171584_mch_pw5_5.m.de;;5;37538;239;9609967
wzg.hs_94_ampf_0173_em_hs1_161.m.de;;161;36790;255;9418495
wzg.cluster_aq9-630-mch_193.m.de;AQ_AQ9_630_Mch_193;193;35668;12;9131020
wzg.wzg_9_496600_mch_a4_36.m.de;WZG_AQ_9_496600_Mch_36;36;3587;95;918367
wzg.wzg_96_146377_mch_a1_129.m.de;;129;37575;186;9619386
aq.aq_a7_961_684_fue.m.de;;0;2812;48;719920
aq.aq_r200_000022_gap.m.de;;0;809;61;207165
wzg.wzg99-188-sbg_c1_163.m.de;;163;38705;92;9908572
wzg.hs_99_3139_sbg_hs1_7.m.de;;7;38735;55;9916215
wzg.wzg_b2n_008757_mch_dlz2_10.m.de;;10;848;208;217296
aq.lsa_99_5190_lin.m.de;;0;38696;209;9906385
wzg.aqq263_mch_c1_166.m.de;;166;3202;0;819712
wzg.wzg99-290-sbg_b2_98.m.de;;98;38708;96;9909344
wzg.wzg_92_3720_mch_w2_227.m.de;WWQ_92372_227;227;36000;112;9216112
wzg.wzg_8_12300_mch_bl1_9.m.de;;9;3150;15;806415
aq.aq_9_493840_nbg.m.de;;0;3547;203;908235
wzg.wzg92-690-mch_a1_33.m.de;;33;36000;38;9216038
wzg.wzg_99a_102700_stg_b1_65.m.de;;65;38709;177;9909681
wzg.wzg_b17_740_2270_aug_c1_73.m.de;;73;6705;34;1716514
wzg.wzg99-811-stg_b4_68.m.de;;68;38740;193;9917633
wzg.wzg9-308-nbg_w11_11.m.de;WWQ_9308_11;11;3541;180;906676
wzg.aqb29_mch_a4_36.m.de;;36;3191;203;817099
wzg.cluster_aqq39_sbg_h_193.m.de;;193;3153;6;807174
wzg.wzg_99_29220_stg_b4_68.m.de;;68;38742;221;9918173
wzg.wzg_9_511900_nbg_c2_74.m.de;WZG_AQ_9_511900_Nbg_74;74;3551;58;909114
wzg.wzgaq115b-pas_b1_162.m.de;;162;36742;188;9406140
wzg.wwq_a7_960_085_fue_pw2_34.m.de;;34;2812;6;719878
wzg.wzg99-620-stg_c3_75.m.de;;75;38746;35;9919011
aq.aq99-860-stg.m.de;;0;38739;1;9917185
wzg.wzg99-062-sbg_w1_34.m.de;WWQ_99062_34;34;38701;127;9907583
aq.aq_99_9140_sbg.m.de;;0;38697;244;9906676
wzg.wzg_92_eost_0033_xz_w5_38.m.de;;38;36001;164;9216420
wzg.aqq259_mch_b1_97.m.de;;97;3162;162;809634
wzg.wzg_b2n_008757_mch_dlz1_gv_41.m.de;;41;848;208;217296
wzg.wzg_96_140495_lin_a1_33.m.de;;33;37575;49;9619249
aq.aq_b310_9_843_ulm_b310.m.de;;0;2773;4;709892
wzg.wzgaq07-mch_dlzfs1_42.m.de;;42;36781;173;9416109
wzg.aqq249_sbg_a1_1.m.de;;1;3161;199;809415
wzg.aq_a7_958_403_fue_b1_97.m.de;;97;2772;198;709830
wzg.wzg9-780-mch_a2_34.m.de;WZG_AQ9_780_Mch_34;34;35669;97;9131361
aq.aqq73_sbg_h.m.de;;0;3153;148;807316
wzg.wzg_b2n_005933_gap_lsa_l_172.m.de;;172;809;150;207254
wzg.wzgaq198b-mch_w3_3.m.de;;3;36782;29;9416221
wzg.wzgaq202-mch_c1_107.m.de;;107;36782;63;9416255
wzg.wzg_99_4052_lin_dlz3_38.m.de;;38;38696;128;9906304
wzg.cluster_aq_a7_957_773_fue_195.m.de;;195;2772;179;709811
wzg.wzgaq08-mch_c1_105.m.de;;105;36781;161;9416097
wzg.wzg99-710-stg_a4_4.m.de;;4;38745;4;9918724
aq.aq_b2n_006563_mch.m.de;;0;848;173;217261
wzg.wzg9-740-mch_w3_38.m.de;WWQ_9740_38;38;35669;28;9131292
wzg.wzg9-710-mch_w4_37.m.de;WWQ_9710_37;37;35668;212;9131220
wzg.wzg_b2n_007788_gap_b1_169.m.de;;169;809;172;207276
wzg.wzg_9_505750_mch_c1_105.m.de;WZG_AQ_9_505750_Mch_105;105;3589;28;918812
wzg.wzg_99_29595_sbg_c3_107.m.de;;107;38703;223;9908191
aq.aq_99_5182_lin.m.de;;0;38696;209;9906385
aq.aq_a7_961_684_ulm.m.de;;0;2812;49;719921
aq.aq_8_5050_stg.m.de;;0;3144;229;805093
wzg.aqq237_mch_a1_33.m.de;;33;3161;37;809253
wzg.wzg92-530-mch_b2_98.m.de;;98;36002;123;9216635
aq.lsa_99_11441_stg.m.de;;0;38737;126;9916798
wzg.wzg92-030-deg_a2_4.m.de;;4;35960;254;9206014
wzg.wzg_9_503485_mch_b1_97.m.de;WZG_AQ_9_503485_Mch_97;97;3588;174;918702
wzg.aqq271_sbg_c1_73.m.de;;73;3163;81;809809
aq.aq9-120-nbg-l.m.de;;0;35279;165;9031589
wzg.wzg_9_511350_mch_w5_229.m.de;WWQ_9586_229;229;3590;46;919086
wzg.wzg_9_503930_nbg_a2_2.m.de;WZG_AQ_9_503930_Nbg_2;2;3549;182;908726
wzg.wzg99-235-sbg_pw2_162.m.de;;162;38706;33;9908769
wzg.wzg_9_500390_mch_a1_33.m.de;WZG_AQ_9_500390_Mch_33;33;3588;23;918551
aq.aq99-620-stg.m.de;;0;38746;35;9919011
wzg.wzg8-130-mch_bl1_33.m.de;AQ8O_130_Mch_33;33;3149;209;806353
wzg.wzg9-280-nbg_a1_1.m.de;WZG_AQ9_280_Nbg_1;1;35277;238;9031150
aq.aq9-635-mch.m.de;;0;35668;26;9131034
wzg.wzg_99_as6_230_sz_a1_33.m.de;;33;38695;202;9906122
wzg.wzg9-670-mch_b1_97.m.de;WZG_AQ9_670_Mch_97;97;35668;116;9131124
wzg.aqq79_sbg_c1_73.m.de;;73;3153;171;807339
wzg.wzg_96_137920_mch_bas_2_l_132.m.de;;132;37575;10;9619210
wzg.wzg_99_26545_stg_wta2_2.m.de;;2;38702;255;9907967
wzg.wzgwwq202-mch_wta1_226.m.de;WWQ94_202_Mch_226;226;36781;216;9416152
wzg.wzg_99_25600_stg_bl2_26.m.de;;26;38702;184;9907896
wzg.aq_st2007_19_292_fue_st2007_pw1_129.m.de;;129;2810;37;719397
wzg.aqb28a_mch_pw1_161.m.de;;161;3191;209;817105
aq.aqq33_sbg_pw.m.de;;0;3152;212;807124
wzg.wzg_9_503930_nbg_c2_74.m.de;WZG_AQ_9_503930_Nbg_74;74;3549;182;908726
wzg.wzg92-572b-mch_bl1_39.m.de;WWQ_92572b_39;39;36001;218;9216474
wzg.wzg_b2n_006300_gap_dlz1_33.m.de;;33;809;156;207260
wzg.wzg_9_494840_nbg_a1_1.m.de;WZG_AQ_9_494840_Nbg_1;1;3547;252;908284
wzg.wzg9-308-nbg_w8_8.m.de;WWQ_9308_8;8;3541;180;906676
wzg.wzg92-170-deg_a2_2.m.de;;2;35963;28;9206556
wzg.wzg92-130-deg_c1_74.m.de;;74;35962;145;9206417
wzg.wzg_99_as5_220_em_a1_130.m.de;;130;38734;174;9916078
wzg.wzg99-590-stg_a2_3.m.de;;3;38746;105;9919081
wzg.aqq285_mch_a1_33.m.de;;33;3202;201;819913
wzg.wzg99-550-stg_b2_66.m.de;;66;38747;176;9919408
wzg.wzg_99_5125_sbg_c1_139.m.de;;139;38735;225;9916385
wzg.wzgaq190-mch_w4_4.m.de;WWQ94_190_Mch_4;4;36782;69;9416261
wzg.aqq73_sbg_c1_73.m.de;;73;3153;148;807316
wzg.wzg_b2n_007858_gap_lsa_gv_133.m.de;;133;809;172;207276
wzg.cluster_aq_99_2927_sbg_194.m.de;;194;38735;55;9916215
wzg.wzg9-310-nbg_b2_66.m.de;WZG_AQ9_310_Nbg_66;66;35277;164;9031076
wzg.wzg92-686-mch_wta2_5.m.de;WWQ_92686_5;5;36000;32;9216032
wzg.wzg9-760-mch_w17_52.m.de;WWQ_9760_52;52;35669;66;9131330
wzg.cluster_aq_96_145404_mch_194.m.de;;194;37575;161;9619361
wzg.wzg92-584-mch_w2_35.m.de;WWQ_92584_35;35;36001;188;9216444
aq.aq9-786-mch.m.de;;0;35669;236;9131500
wzg.cluster_aq92-500-mch_193.m.de;;193;36002;198;9216710
wzg.wzg92-470-mch_a2_34.m.de;;34;36002;250;9216762
wzg.cluster_aqq51_sbg_h_193.m.de;;193;3153;55;807223
wzg.wzg99-150-sbg_dlz1_56.m.de;;56;38704;181;9908405
wzg.wzg9-730-mch_c3_107.m.de;WZG_AQ9_730_Mch_107;107;35669;7;9131271
wzg.cluster_aq99-632-stg_pw_196.m.de;;196;38745;246;9918966
wzg.cluster_aq_99_4331_lin_193.m.de;;193;38696;128;9906304
wzg.wzg_9_489247_nbg_a2_2.m.de;WZG_AQ_9_489247_Nbg_2;2;3546;236;908012
aq.aq_b2n_008648_gap.m.de;;0;809;189;207293
wzg.cluster_aq92-250-mch_194.m.de;;194;36002;158;9216670
wzg.wzg99-050-sbg_c2_106.m.de;;106;38700;242;9907442
aq.aq92-700-mch.m.de;;0;36000;12;9216012
wzg.wzg_96_139729_mch_lsa2_132.m.de;;132;37575;35;9619235
wzg.wzg_b2n_006397_mch_lsa_gv_163.m.de;;163;848;173;217261
wzg.aq_a7_958_183_ulm_bl2_26.m.de;;26;2772;190;709822
wzg.wzg9-120-nbg-r_b1_131.m.de;WZG_AQ9_120_Nbg_r_131;131;35279;165;9031589
wzg.wzg99-003-sbg_w1_1.m.de;;1;38737;215;9916887
wzg.cluster_aqq221_sbg_h_194.m.de;;194;3199;124;819068
wzg.wzg_99_8784_lin_a1_33.m.de;;33;38697;221;9906653
wzg.wzg_9_506950_nbg_b3_67.m.de;WZG_AQ_9_506950_Nbg_67;67;3550;73;908873
wzg.wzg_b2n_007279_mch_b2_gv_168.m.de;;168;848;188;217276
wzg.wzg_96_144576_mch_bas_1_l_130.m.de;;130;37575;161;9619361
wzg.wzg_9_485900_nbg_b3_67.m.de;WZG_AQ_9_485900_Nbg_67;67;3546;73;907849
wzg.aqb24_mch_b1_97.m.de;;97;3192;22;817174
wzg.cluster_aq_96_143281_mch_194.m.de;;194;37575;112;9619312
wzg.wzg99-718-stg_w1_1.m.de;;1;38744;131;9918595
wzg.wzg_96_147221_lin_c1_105.m.de;;105;37575;205;9619405
wzg.wzg99-532-stg_c2_74.m.de;;74;38748;154;9919642
wzg.wzg8-130-mch_w6_39.m.de;AQ8O_130_Mch_39;39;3149;209;806353
wzg.aqq45c_sbg_w4_4.m.de;;4;3153;29;807197
aq.aq_b2n_005440_gap.m.de;;0;809;141;207245
wzg.wzg_99_25381_stg_b3_67.m.de;;67;38702;168;9907880
wzg.wzg_9_482565_nbg_dlz1_1.m.de;WZG_AQ_9_482565_Nbg_1;1;3545;165;907685
wzg.wzgaq194-mch_w8_8.m.de;WWQ94_194_Mch_8;8;36782;55;9416247
wzg.wzg_96_153728_lin_dlz1_gv_17.m.de;;17;37576;102;9619558
wzg.wzg9-350-nbg_b2_66.m.de;WZG_AQ9_350_Nbg_66;66;35277;100;9031012
wzg.aqq225_mch_b1_97.m.de;;97;3199;173;819117
wzg.wzg_9_496895_nbg_a1_1.m.de;WZG_AQ_9_496895_Nbg_1;1;3548;96;908384
wzg.wzg_9_511090_nbg_a3_3.m.de;WZG_AQ_9_511090_Nbg_3;3;3551;19;909075
wzg.wzg_99_as10_0350_rs_lsa3_r_129.m.de;;129;38738;35;9916963
wzg.cluster_aq_96_160126_lin_195.m.de;;195;37576;246;9619702
wzg.aqb27_mch_dlzfs1_56.m.de;;56;3191;236;817132
wzg.aq_94_108999_mch_c1_105.m.de;;105;36791;9;9418505
aq.aq_9_490336_mch.m.de;;0;3586;44;918060
wzg.wzg_99_6570_lin_c1_105.m.de;;105;38697;57;9906489
wzg.aqq35_sbg_b2_65.m.de;;65;3152;231;807143
wzg.wzg_96_140129_mch_dlz2_18.m.de;;18;37575;35;9619235
wzg.aqq283_sbg_a1_1.m.de;;1;3163;170;809898
aq.aq_a7_957_773_fue.m.de;;0;2772;179;709811
wzg.cluster_aq_99_31162_sbg_193.m.de;;193;38704;93;9908317
aq.aq_99_29595_sbg.m.de;;0;38703;223;9908191
wzg.wzg9-710-mch_w2_35.m.de;WWQ_9710_35;35;35668;212;9131220
wzg.wzg_9_508590_mch_c3_107.m.de;WZG_AQ_9_508590_Mch_107;107;3589;166;918950
wzg.wzg9-160-nbg_a2_2.m.de;WZG_AQ9_160_Nbg_2;2;35279;103;9031527
aq.aqb27d_mch_h.m.de;;0;3191;224;817120
aq.aq92-690-mch.m.de;;0;36000;38;9216038
wzg.wzg92-690-mch_a2_34.m.de;;34;36000;38;9216038
wzg.wzg_9_500390_mch_a3_35.m.de;WZG_AQ_9_500390_Mch_35;35;3588;23;918551
wzg.wzg_99_4616_lin_dlz2_41.m.de;;41;38696;209;9906385
wzg.wzg9-760-mch_wta1_33.m.de;WWQ_9760_33;33;35669;66;9131330
wzg.wzg_9_486950_mch_dlz1_41.m.de;WZG_AQ_9_486950_Mch_41;41;3585;137;917897
aq.aq_9_477875_mch.m.de;;0;3583;207;917455
wzg.wzgaq188-mch_w1_1.m.de;WWQ94_188_Mch_1;1;36782;79;9416271
wzg.wzg92-620-mch_c1_105.m.de;;105;36001;67;9216323
aq.aq99-820-stg.m.de;;0;38740;90;9917530
wzg.wzg_9_490127_mch_w2_226.m.de;;226;3586;44;918060
wzg.wzg99-880-stg_w1_1.m.de;;1;38699;77;9907021
aq.wwq_9_499630_mch.m.de;;0;3587;242;918514
wzg.cluster_aqwwq08-pas_194.m.de;WWQ94_008_Pas;194;36742;117;9406069
wzg.wzgaq190-mch_w6_6.m.de;WWQ94_190_Mch_6;6;36782;69;9416261
wzg.wzgaq190-mch_w1_1.m.de;WWQ94_190_Mch_1;1;36782;69;9416261
wzg.wzg_9_509515_nbg_a1_1.m.de;WZG_AQ_9_509515_Nbg_1;1;3550;199;908999
wzg.wzg_b2n_006170_gap_dlz2_gv_18.m.de;;18;809;150;207254
wzg.wzg92-180-deg_a3_3.m.de;;3;35963;73;9206601
wzg.wzg_9_502505_nbg_b1_65.m.de;WZG_AQ_9_502505_Nbg_65;65;3549;113;908657
aq.aqfsa07-pas.m.de;;0;36742;138;9406090
wzg.aqq87_sbg_c2_74.m.de;;74;3153;198;807366
wzg.wzg_99_11964_stg_c1_73.m.de;;73;38737;214;9916886
wzg.wzg99-540-stg_c1_73.m.de;;73;38748;55;9919543
wzg.wzg_99_32050_stg_a2_2.m.de;;2;38704;152;9908376
wzg.wzg9-130-nbg_w2_3.m.de;WWQ_9130_3;3;35279;146;9031570
wzg.aq_a7_961_684_ulm_a1_129.m.de;;129;2812;49;719921
wzg.cluster_aq_b2n_006796_gap_cluster_193.m.de;;193;809;163;207267
wzg.cluster_aq_b2n_006397_mch_cluster_198.m.de;;198;848;173;217261
wzg.cluster_aqaq115c-pas_194.m.de;;194;36742;204;9406156
wzg.wwq_a7_960_085_fue_bl1_57.m.de;;57;2812;6;719878
wzg.wzg92-584-mch_bl1_33.m.de;WWQ_92584_33;33;36001;188;9216444
wzg.wzg_99_10010_sbg_b1_r_161.m.de;;161;38698;64;9906752
aq.aq_96_145860_lin.m.de;;0;37575;172;9619372
aq.aq9-248-nbg.m.de;;0;3541;6;906502
wzg.wzg_96_145861_mch_z131_r_129.m.de;;129;37575;172;9619372
wzg.wzg_b2n_007788_gap_a1_167.m.de;;167;809;172;207276
wzg.wzg99-580-stg_c1_73.m.de;;73;38746;230;9919206
wzg.dlz_96_139409_lin_dlz2_gv_2.m.de;;2;37575;23;9619223
wzg.wzg_b2n_008211_mch_b1_gv_169.m.de;;169;848;205;217293
wzg.cluster_aq99-730-stg_194.m.de;;194;38744;16;9918480
wzg.www_st2068_fr-s1_pw2_167.m.de;;167;37562;133;9616005
wzg.wzg99-152-sbg_w5_39.m.de;AQ99-152-Sbg_39;39;38704;198;9908422
wzg.aqq220_sbg_c1_134.m.de;;134;3160;85;809045
aq.aq99-719-stg.m.de;;0;38744;106;9918570
wzg.cluster_aqzfr03-pas_194.m.de;;194;36742;189;9406141
wzg.cluster_aq_99_6505_sbg_194.m.de;;194;38736;66;9916482
wzg.wzg92-510-mch_a1_33.m.de;;33;36002;159;9216671
wzg.wzg_99_26545_stg_bl2_26.m.de;;26;38702;255;9907967
wzg.wzg_9_502505_nbg_dlz1_9.m.de;WZG_AQ_9_502505_Nbg_9;9;3549;113;908657
wzg.wzg_96_144576_mch_bas_2_l_132.m.de;;132;37575;161;9619361
wzg.wzg9-210-nbg_a4_4.m.de;WZG_AQ9_210_Nbg_4;4;35278;174;9031342
aq.aq_a7_953_247_fue.m.de;;0;2811;52;719668
wzg.cluster_aq9-240-nbg_194.m.de;AQ_AQ9_240_Nbg_194;194;35278;119;9031287
wzg.aq_94_110384_pas_c1_73.m.de;;73;36752;26;9408538
aq.aq_99_as10_0240_tz.m.de;;0;38738;17;9916945
aq.aq9-788-mch.m.de;;0;35669;236;9131500
wzg.wzg_9_akneuf_0840_af_bl1_226.m.de;WWQ_9601_226;226;3590;99;919139
wzg.wzgwwq08-pas_wta4_229.m.de;WWQ94_008_Pas_229;229;36742;117;9406069
aq.aq9-135-nbg_p.m.de;;0;35279;126;9031550
wzg.wzg_99_11964_stg_c3_r_131.m.de;;131;38737;214;9916886
aq.wwq_99_24425_stg.m.de;;0;38702;97;9907809
aq.wwq_95_1990_mch.m.de;;0;37133;32;9506080
wzg.cluster_aq_b2n_005988_gap_cluster_193.m.de;;193;809;150;207254
wzg.aq_a7_947_495_fue_a2_162.m.de;;162;2810;131;719491
wzg.wzg_9_489247_nbg_c3_75.m.de;WZG_AQ_9_489247_Nbg_75;75;3546;236;908012
wzg.wzg9-670-mch_a1_33.m.de;WZG_AQ9_670_Mch_33;33;35668;116;9131124
wzg.wzg_96_139768_mch_a1_129.m.de;;129;37575;35;9619235
wzg.aqq220_sbg_a1_130.m.de;;130;3160;85;809045
wzg.wzg_96_161150_lin_a3_35.m.de;;35;37577;15;9619727
wzg.wzgaq202-mch_b1_97.m.de;;97;36782;63;9416255
wzg.wzg9-120-nbg-l_b1_132.m.de;WZG_AQ9_120_Nbg_l_132;132;35279;165;9031589
wzg.wzg99-060-sbg_a4_36.m.de;;36;38701;108;9907564
wzg.cluster_aqq45c_sbg_h_193.m.de;;193;3153;29;807197
wzg.wzg_9_pfaf_0070_em_b1_181.m.de;WZG_AQ_9_Pfaf_0070_EM_181;181;3586;72;918088
wzg.aqq279_mch_b1_163.m.de;;163;3202;165;819877
wzg.wzg99-063-stg_bl1_33.m.de;WWQ_99063_33;33;38701;165;9907621
wzg.aqb16_mch_a1_33.m.de;;33;3192;145;817297
wzg.lsa_99_5357_lin_lsa1_36.m.de;;36;38696;230;9906406
wzg.wzg99-030-sbg_a2_34.m.de;;34;38700;60;9907260
wzg.wzg_96_146848_lin_dlz2_gv_2.m.de;;2;37575;187;9619387
wzg.wzg99-q9_sbg_a3_35.m.de;;35;38738;18;9916946
wzg.wzgaq07-mch_rgl_162.m.de;;162;36781;173;9416109
wzg.wzg_95_1990_mch_pw5_5.m.de;;5;37133;32;9506080
wzg.wzg_9_483145_mch_a3_35.m.de;WZG_AQ_9_483145_Mch_35;35;3584;208;917712
wzg.wzg_b2n_006337_mch_b1_135.m.de;;135;848;173;217261
wzg.aqq37_sbg_c2_73.m.de;;73;3152;248;807160
wzg.wzg_8_3050_stg_c1_105.m.de;;105;3144;192;805056
wzg.cluster_aq_99_10991_sbg_200.m.de;;200;38698;110;9906798
wzg.wzg99-650-stg_w17_18.m.de;AQ99-650-Stg_18;18;38745;163;9918883
aq.lsa_94_109984_pas.m.de;;0;36752;16;9408528
wzg.aq_b2n_005695_gap_abb_a1_33.m.de;;33;809;145;207249
wzg.aqq83_sbg_c1_73.m.de;;73;3153;183;807351
wzg.wzg_99_11964_stg_a2_2.m.de;;2;38737;214;9916886
wzg.wzg99-860-stg_c2_74.m.de;;74;38739;1;9917185
wzg.cluster_aqq203_mch_h_193.m.de;;193;3198;149;818837
wzg.wzgaq116-pas_a2_2.m.de;;2;36742;227;9406179
wzg.wzg_b2n_007213_gap_a1_174.m.de;;174;809;163;207267
wzg.wzg_99_3493_lin_dlz2_37.m.de;;37;38696;96;9906272
wzg.wzg_99_25130_stg_wta1_1.m.de;;1;38702;150;9907862
wzg.wzg_9_509515_nbg_c3_75.m.de;WZG_AQ_9_509515_Nbg_75;75;3550;199;908999
wzg.wzgaq09-mch_b1_97.m.de;;97;36781;136;9416072
aq.aq92-686-mch.m.de;;0;36000;32;9216032
wzg.wzg_99_26545_stg_pw7_130.m.de;;130;38702;255;9907967
aq.aqb28_mch_h.m.de;;0;3191;220;817116
wzg.aqq31_sbg_c3_75.m.de;;75;3152;195;807107
aq.aq9-620-mch.m.de;;0;35668;4;9131012
aq.aqq239_mch_h.m.de;;0;3161;85;809301
wzg.cluster_aqb27b_mch_h_193.m.de;;193;3191;230;817126
wzg.aqq265_sbg_a2_2.m.de;;2;3163;2;809730
aq.aq_b2n_007815_mch.m.de;;0;848;197;217285
wzg.wzg9-160-nbg_a1_1.m.de;WZG_AQ9_160_Nbg_1;1;35279;103;9031527
wzg.wzg_b2n_008531_mch_dlz1_gv_41.m.de;;41;848;205;217293
aq.aq_b2n_008850_mch.m.de;;0;848;208;217296
aq.aq92-130-deg_p.m.de;;0;35962;145;9206417
wzg.cluster_aq_92_akneuf_0440_xw_193.m.de;;193;36001;137;9216393
wzg.wzg92-220-deg_w1_1.m.de;;1;35963;114;9206642
wzg.wzgwwq04-mch_wta1_226.m.de;WWQ94_004_Mch_226;226;36781;182;9416118
wzg.wzg_99_26020_sbg_c4_108.m.de;;108;38741;229;9917925
wzg.wzg_96_162376_mch_pw2_2.m.de;;2;37524;230;9606374
wzg.cluster_aq_96_154253_lin_197.m.de;;197;37576;102;9619558
aq.aq99-632-stg_dlz.m.de;;0;38745;246;9918966
wzg.wzg_99_32135_stg_pw1_163.m.de;;163;38704;152;9908376
wzg.wzg_b2n_006459_mch_lsa1_131.m.de;;131;848;173;217261
wzg.wzg99-640-stg_b1_65.m.de;;65;38745;195;9918915
wzg.wzg_96_154530_lin_dlz2_33.m.de;;33;37576;118;9619574
wzg.wzg99520_stg_a2_2.m.de;;2;38749;135;9919879
wzg.wzg9-350-nbg_p_a2_10.m.de;WZG_AQ9_350_Nbg_P_10;10;35277;100;9031012
wzg.wzg_99_26545_stg_pw6_129.m.de;;129;38702;255;9907967
wzg.wzg99-062-sbg_lcd1_47.m.de;WWQ_99062_47;47;38701;127;9907583
wzg.wzg_99_8468_sbg_bl2_l_134.m.de;;134;38736;209;9916625
wzg.wzg9-782-mch_b1_97.m.de;WZG_AQ9_782_Mch_97;97;35669;175;9131439
aq.aq_9_500390_mch.m.de;;0;3588;23;918551
wzg.wzg99-589-stg_w1_2.m.de;;2;38746;160;9919136
wzg.wzg92-030-deg_b1_66.m.de;;66;35960;254;9206014
wzg.wzg_8_10000_stg_c1_105.m.de;;105;3145;64;805184
wzg.wwq_a7_961_121_ulm_pw5_5.m.de;;5;2773;24;709912
wzg.wzg8-100-mch_cl1_193.m.de;AQ8O_100_Mch;193;3150;3;806403
wzg.wzgaq116-pas_b1_65.m.de;;65;36742;227;9406179
wzg.wzg99-721-stg_w2_2.m.de;;2;38744;83;9918547
wzg.hs_96_139414_mch_hs1_129.m.de;;129;37575;23;9619223
wzg.wzg_92_eost_0655_fy_d1_163.m.de;;163;36001;160;9216416
wzg.wzg8-120-mch_w3_36.m.de;AQ8O_120_Mch_36;36;3149;218;806362
wzg.portal_a7_961_170_fue_sr1_39.m.de;;39;2812;47;719919
wzg.aqq237_mch_c1_105.m.de;;105;3161;37;809253
wzg.wzg_9_511350_mch_w8_232.m.de;WWQ_9586_232;232;3590;46;919086
wzg.wzg_99_27814_sbg_b1_97.m.de;;97;38742;107;9918059
wzg.aq_a7_962_404_fue_a1_161.m.de;;161;2773;72;709960
wzg.cluster_aq_99_7880_lin_193.m.de;;193;38697;154;9906586
aq.aq_9_akmno_0720_ps.m.de;;0;3553;126;909694
wzg.wzg_b471_25165_dah_bl1_229.m.de;;229;40902;113;10471025
wzg.wzg92-140-deg_c1_139.m.de;;139;35962;147;9206419
wzg.wzg_99_31150_stg_w4_4.m.de;;4;38743;102;9918310
aq.aq9-610-mch_p.m.de;;0;35667;224;9130976
wzg.wzg92-090-deg_b1_65.m.de;;65;35962;57;9206329
wzg.cluster_aq_b310_9_376_fue_b310_193.m.de;;193;2812;18;719890
wzg.wzg_9_498030_mch_a3_35.m.de;WZG_AQ_9_498030_Mch_35;35;3587;164;918436
wzg.wzg99-620-stg_c1_73.m.de;;73;38746;35;9919011
wzg.wzg92-180-deg_a2_2.m.de;;2;35963;73;9206601
wzg.aqq221_sbg_a2_1.m.de;;1;3199;124;819068
wzg.aqq205_mch_a1_162.m.de;;162;3198;174;818862
wzg.cluster_aq_96_154790_lin_193.m.de;;193;37576;124;9619580
wzg.aq_96_171210_mch_b1_65.m.de;;65;37538;230;9609958
wzg.wzg99-840-stg_c1_73.m.de;;73;38739;146;9917330
wzg.wzg_92_eost_0033_xz_w7_40.m.de;;40;36001;164;9216420
wzg.wzgaq117-pas_c2_74.m.de;;74;36742;248;9406200
wzg.wzg_96_139409_mch_lsa2_9.m.de;;9;37575;23;9619223
wzg.wzg_9_496600_mch_c2_106.m.de;WZG_AQ_9_496600_Mch_106;106;3587;95;918367
wzg.wzg8-100-mch_bl1_33.m.de;AQ8O_100_Mch_33;33;3150;3;806403
wzg.wzg_95_1990_mch_pw3_3.m.de;;3;37133;32;9506080
wzg.wzg_99_3493_lin_c1_165.m.de;;165;38696;96;9906272
wzg.wzg_96_160972_lin_a2_34.m.de;;34;37577;11;9619723
wzg.wzgaq06-mch_rgr_161.m.de;;161;36781;192;9416128
wzg.cluster_aq_9_483200_nbg_194.m.de;AQ_AQ_9_483200_Nbg_194;194;3545;198;907718
wzg.wzg_99_31800_sbg_a2_34.m.de;;34;38743;144;9918352
wzg.wzg_9_adholl_0420_om_b1_181.m.de;WZG_AQ_9_ADHoll_0420_OM_181;181;3584;155;917659
wzg.wzgaq202d-mch_c1_105.m.de;;105;36791;253;9418749
wzg.aqq235_mch_b1_97.m.de;;97;3160;242;809202
aq.aq_9_495893_nbg.m.de;;0;3548;46;908334
wzg.dlz_96_139930_mch_dlz1_9.m.de;;9;37575;35;9619235
wzg.wzg9-760-mch_w10_45.m.de;WWQ_9760_45;45;35669;66;9131330
wzg.wzg_b2n_006965_mch_lsa2_132.m.de;;132;848;180;217268
wzg.wzg99-630-stg_w11_12.m.de;AQ99-630-Stg_12;12;38746;20;9918996
wzg.wzg_99a_104508_mch_wta1_167.m.de;;167;38748;252;9919740
wzg.wzg99-630-stg_bl1_1.m.de;AQ99-630-Stg_1;1;38746;20;9918996
wzg.wzg_96_139135_mch_c1_73.m.de;;73;37575;16;9619216
wzg.wzg_99_as5_220_em_b1_132.m.de;;132;38734;174;9916078
wzg.aq_a7_959_720_ulm_a2_2.m.de;;2;2772;237;709869
wzg.wzg_99_9140_sbg_bl2_l_166.m.de;;166;38697;244;9906676
wzg.wzg_92_akneuf_1174_um_w4_37.m.de;WWQ_92_AK_Neuf_1174_UM_37;37;36001;155;9216411
wzg.wzg_99_26825_stg_c4_76.m.de;;76;38703;21;9907989
aq.aq_b2n_007347_gap.m.de;;0;809;172;207276
wzg.aqq61_sbg_c2_74.m.de;;74;3153;97;807265
wzg.wzg_b2n_006646_gap_lsa1_161.m.de;;161;809;163;207267
wzg.wzg_b471_24741_dah_w4_229.m.de;;229;40902;111;10471023
wzg.wzg9-870-mch_w4_37.m.de;;37;35670;243;9131763
wzg.wzg99-810-stg_b2_66.m.de;;66;38741;20;9917716
wzg.aqq45b_sbg_w7_7.m.de;;7;3153;25;807193
wzg.wzg99-280-sbg_a3_35.m.de;;35;38707;228;9909220
wzg.wzg99-587-stg_bl1_1.m.de;;1;38746;175;9919151
aq.aqwwq12-pas.m.de;;0;36742;173;9406125
wzg.wzg_9_500994_nbg_a4_4.m.de;WZG_AQ_9_500994_Nbg_4;4;3549;39;908583
wzg.aqb10_mch_b1_97.m.de;;97;3192;222;817374
wzg.aqq217_sbg_a1_129.m.de;;129;3160;69;809029
aq.aqb11_mch_h.m.de;;0;3192;207;817359
wzg.wzg_99_29595_sbg_a4_36.m.de;;36;38703;223;9908191
wzg.portal_a7_957_039_fue_c1_105.m.de;;105;2772;156;709788
wzg.wzg_9_492226_mch_a2_34.m.de;WZG_AQ_9_492226_Mch_34;34;3586;138;918154
wzg.wzg_96_140345_lin_lsa2_34.m.de;;34;37575;46;9619246
wzg.wzg_99_25130_stg_pw6_130.m.de;;130;38702;150;9907862
wzg.wzg_99a_100750_stg_b1_65.m.de;;65;38709;112;9909616
wzg.aqb20_mch_a2_34.m.de;;34;3192;76;817228
aq.aq_a7_962_404_fue.m.de;;0;2773;72;709960
wzg.wzg92-070-deg_c1_73.m.de;;73;35961;214;9206230
wzg.wzg9-635-mch_bl1_33.m.de;;33;35668;26;9131034
wzg.wzg_9_483200_nbg_c2_74.m.de;WZG_AQ_9_483200_Nbg_74;74;3545;198;907718
aq.wwq_99_25600_stg.m.de;;0;38702;184;9907896
wzg.wzg_b2n_008750_gap_dlz1_gv_17.m.de;;17;809;189;207293
wzg.wzg_9_511350_mch_wvlt1_163.m.de;WWQ_9586_163;163;3590;46;919086
wzg.wzg_9_480000_nbg_b2_66.m.de;WZG_AQ_9_480000_Nbg_66;66;3545;42;907562
wzg.wzg_96_153558_lin_dlz3_34.m.de;;34;37576;95;9619551
aq.aqaq202b-mch.m.de;;0;36782;37;9416229
wzg.portal_a7_961_170_fue_lsa1_33.m.de;;33;2812;47;719919
aq.aqb26_mch_h.m.de;;0;3191;253;817149
wzg.aqq48_sbg_a4_3.m.de;;3;3153;36;807204
wzg.wzg92-684-mch_wta1_2.m.de;WWQ_92684_2;2;36000;48;9216048
wzg.wzgaq08-mch_a2_34.m.de;;34;36781;161;9416097
wzg.wzgaq116-pas_b2_66.m.de;;66;36742;227;9406179
wzg.wzg_9_487755_nbg_c2_74.m.de;WZG_AQ_9_487755_Nbg_74;74;3546;163;907939
aq.aq92-130-deg.m.de;;0;35962;145;9206417
wzg.aq_a8o_54060_sbg_gra1_1.m.de;;1;3154;5;807429
wzg.wzg_b2n_007472_gap_dlz2_42.m.de;;42;809;172;207276
aq.aq99-190-sbg.m.de;;0;38705;92;9908572
wzg.cluster_aq99-800-stg_194.m.de;;194;38741;87;9917783
wzg.cluster_aq9-730-mch_193.m.de;AQ_AQ9_730_Mch_193;193;35669;7;9131271
wzg.wzg_96_146821_lin_a1_161.m.de;;161;37575;187;9619387
wzg.wzg_99_27350_stg_pw8_131.m.de;;131;38703;59;9908027
wzg.cluster_aq_96_143377_mch_196.m.de;;196;37575;112;9619312
wzg.wzg_96_140645_lin_a1_33.m.de;;33;37575;53;9619253
wzg.wzg_b2n_008848_mch_b1_gv_163.m.de;;163;848;208;217296
wzg.wzg92-586-mch_w1_34.m.de;WWQ_92586_34;34;36001;181;9216437
wzg.cluster_aqq279_mch_e_193.m.de;;193;3202;165;819877
wzg.wzgaq202b-mch_a1_129.m.de;;129;36782;37;9416229
wzg.cluster_aq92-300-deg_194.m.de;;194;35964;20;9206804
wzg.cluster_aqb21_mch_h_193.m.de;;193;3192;65;817217
wzg.cluster_wwq_96_169700_mch_194.m.de;;194;37538;195;9609923
wzg.cluster_aqq45_sbg_h_193.m.de;;193;3153;22;807190
wzg.aqq225_mch_a2_34.m.de;;34;3199;173;819117
wzg.cluster_hs_94_109214_mch_197.m.de;;197;36791;14;9418510
wzg.cluster_aq_99_2408_sbg_194.m.de;;194;38735;16;9916176
aq.aq_96_138841_mch.m.de;;0;37575;10;9619210
wzg.wzg92-030-deg_a1_3.m.de;;3;35960;254;9206014
wzg.aqq255_sbg_a2_2.m.de;;2;3162;45;809517
wzg.aqb28_mch_b2_98.m.de;;98;3191;220;817116
wzg.wzg_9_502250_mch_c1_105.m.de;WZG_AQ_9_502250_Mch_105;105;3588;113;918641
wzg.cluster_aq9-166-nbg_196.m.de;AQ_AQ9_168_Nbg_196;196;35279;46;9031470
wzg.aqq215_mch_c1_105.m.de;;105;3199;66;819010
wzg.wzgaq08-mch_c2_106.m.de;;106;36781;161;9416097
wzg.wzg_99_25600_stg_pw1_133.m.de;;133;38702;184;9907896
wzg.cluster_aq92-670-mch_193.m.de;;193;36000;75;9216075
wzg.cluster_portal_a7_957_039_fue_193.m.de;;193;2772;156;709788
wzg.wzg9-345-nbg_w8_8.m.de;WWQ_9345_8;8;3541;246;906742
wzg.wzg_96_160362_lin_dlz4_35.m.de;;35;37576;252;9619708
wzg.wzgaq06-mch_c2_106.m.de;;106;36781;192;9416128
wzg.wwq_99_28850_sbg_bl2_58.m.de;WWQ99_28850_Sbg_58;58;38703;167;9908135
wzg.wzg_92_2430_deg_w2_226.m.de;WWQ_922430_226;226;35961;55;9206071
wzg.wzg_9_488800_mch_a2_34.m.de;WZG_AQ_9_488800_Mch_34;34;3585;227;917987
wzg.wzgmo94_1-mch_wta1_1.m.de;;1;36782;72;9416264
wzg.cluster_aq_b2n_008300_mch_cluster_200.m.de;;200;848;205;217293
wzg.wzg_99_27350_stg_pw4_134.m.de;;134;38703;59;9908027
wzg.wzgaq205-mch_a2_34.m.de;;34;36781;233;9416169
wzg.wzg_9_489247_nbg_a1_1.m.de;WZG_AQ_9_489247_Nbg_1;1;3546;236;908012
wzg.wzg_96_160972_lin_z131_z501_bl_l_166.m.de;;166;37577;11;9619723
wzg.wzg_9_508590_mch_a4_36.m.de;WZG_AQ_9_508590_Mch_36;36;3589;166;918950
aq.aq_99_2408_sbg.m.de;;0;38735;16;9916176
wzg.wzg99-830-stg_c1_73.m.de;;73;38739;236;9917420
wzg.wzg_9_502250_mch_c3_107.m.de;WZG_AQ_9_502250_Mch_107;107;3588;113;918641
wzg.wzg99520_stg_b1_65.m.de;;65;38749;135;9919879
wzg.wzg_b2n_008531_mch_dlz2_gv_42.m.de;;42;848;205;217293
aq.aq99-270-sbg_pw1.m.de;;0;38707;122;9909114
wzg.wzg_b2n_005450_gap_c1_105.m.de;;105;809;142;207246
wzg.aqb14_mch_b1_97.m.de;;97;3192;173;817325
wzg.aqb27b_mch_w1_167.m.de;;167;3191;230;817126
wzg.wzg9-310-nbg_b3_67.m.de;WZG_AQ9_310_Nbg_67;67;35277;164;9031076
wzg.wzg99520_stg_c3_75.m.de;;75;38749;135;9919879
wzg.aqb17_mch_c1_105.m.de;;105;3192;128;817280
wzg.wzg9-361-nbg_a2_2.m.de;;2;35277;64;9030976
wzg.wzg_b2n_006300_gap_dlz2_34.m.de;;34;809;156;207260
wzg.wwq_a7_961_121_ulm_bl1_25.m.de;;25;2773;24;709912
wzg.wzg_b2n_008364_gap_a2_168.m.de;;168;809;181;207285
wzg.wzg_8_7430_mch_wta3_3.m.de;;3;3149;109;806253
wzg.wzg_96_146848_lin_dlz2_34.m.de;;34;37575;187;9619387
wzg.wzg99-235-sbg_b3_99.m.de;;99;38706;33;9908769
wzg.wzg_99a_104508_mch_bl2_l_166.m.de;;166;38748;252;9919740
wzg.wzg99500_stg_a1_1.m.de;;1;38749;249;9919993
wzg.wzg_99_11228_sbg_b2_138.m.de;;138;38698;110;9906798
wzg.aq_96_171210_mch_a3_3.m.de;;3;37538;230;9609958
wzg.cluster_aq_9_500350_mch_193.m.de;AQ_AQ_9_500390_Mch_193;193;3588;23;918551
wzg.aq_a7_960_770_fue_bl1_57.m.de;;57;2812;28;719900
aq.aq99-811-stg.m.de;;0;38740;193;9917633
wzg.aq_94_109645_pas_d1_129.m.de;;129;36752;16;9408528
wzg.wzg99-810-stg_a1_1.m.de;;1;38741;20;9917716
aq.aq_92_3720_mch.m.de;;0;36000;112;9216112
aq.aqq83_sbg_h.m.de;;0;3153;183;807351
wzg.wzgaq14-pas_a2_2.m.de;;2;36742;163;9406115
aq.aqmo94_2-mch.m.de;;0;36782;72;9416264
wzg.wzg_b2n_006916_gap_led2_gv_135.m.de;;135;809;163;207267
wzg.wzg_92_2900_deg_w3_227.m.de;WWQ_922900_227;227;35961;70;9206086
wzg.lsa_94_109304_mch_lsa1_33.m.de;;33;36752;0;9408512
aq.aq_a7_947_495_fue.m.de;;0;2810;131;719491
wzg.wzg92-520-mch_c1_105.m.de;;105;36002;145;9216657
wzg.cluster_aq_a7_955_110_fue_193.m.de;;193;2811;109;719725
wzg.wzg_9_499330_nbg_dlz1_9.m.de;WZG_AQ_9_499330_Nbg_9;9;3548;214;908502
aq.aq99-070-sbg.m.de;;0;38701;203;9907659
wzg.cluster_aq_b2n_006425_mch_cluster_196.m.de;;196;848;173;217261
wzg.wzg_96_143281_mch_b1_65.m.de;;65;37575;112;9619312
wzg.cluster_aq_b2n_006563_mch_cluster_194.m.de;;194;848;173;217261
wzg.cluster_aq9-723-mch_193.m.de;AQ_AQ9_723_Mch_193;193;35668;231;9131239
wzg.aq_a7_958_403_fue_a2_34.m.de;;34;2772;198;709830
wzg.wzg_9_485900_nbg_wvlt1_131.m.de;WZG_AQ_9_485900_Nbg_131;131;3546;73;907849
wzg.wzg_b2n_007965_mch_dlz2_10.m.de;;10;848;197;217285
wzg.wzg_b2n_008531_mch_dlz2_10.m.de;;10;848;205;217293
wzg.hs_94_110084_pas_hs1_130.m.de;;130;36752;19;9408531
aq.aq92-440-mch.m.de;;0;36003;102;9216870
wzg.wzg92-623-mch_w1_1.m.de;WWQ_92623_1;1;36001;32;9216288
wzg.wzg99-845-stg_a1_1.m.de;;1;38734;132;9916036
aq.aq_r120_000026_gap.m.de;;0;809;62;207166
wzg.wzg_99_25377_at_sbg_b1_99.m.de;;99;38741;183;9917879
wzg.wzgwwq08-pas_wta2_227.m.de;WWQ94_008_Pas_227;227;36742;117;9406069
wzg.wzg_99_29595_stg_led1_161.m.de;;161;38703;223;9908191
wzg.wzg9-630-mch_c3_107.m.de;WZG_AQ9_630_Mch_107;107;35668;12;9131020
wzg.cluster_aq_99_31800_sbg_193.m.de;;193;38743;144;9918352
wzg.cluster_aq_9_500390_mch_195.m.de;AQ_AQ_9_500350_Mch_195;195;3588;23;918551
wzg.wzg92-160-deg_c1_73.m.de;;73;35962;230;9206502
wzg.wzg9-130-nbg_bl1_1.m.de;WWQ_9130_1;1;35279;146;9031570
wzg.wzg9-620-mch_bl1_33.m.de;;33;35668;4;9131012
aq.aq_9_493593_mch.m.de;;0;3586;206;918222
wzg.wzg9-850-mch_w1_36.m.de;;36;35670;148;9131668
wzg.cluster_aq_b2n_008441_mch_cluster_198.m.de;;198;848;205;217293
wzg.wzg_99_25600_stg_bl1_25.m.de;;25;38702;184;9907896
wzg.cluster_aq_96_154250_lin_195.m.de;;195;37576;102;9619558
wzg.aqb27_mch_a2_34.m.de;;34;3191;236;817132
wzg.wzg_9_508590_mch_b2_98.m.de;WZG_AQ_9_508590_Mch_98;98;3589;166;918950
aq.aq_b2n_006462_gap.m.de;;0;809;156;207260
wzg.cluster_wwq_9_499015_mch_193.m.de;;193;3587;213;918485
wzg.wzg_9_490336_mch_a2_34.m.de;WZG_AQ_9_490336_Mch_34;34;3586;44;918060
wzg.wzg99-690-stg_dlz1_24.m.de;;24;38745;100;9918820
wzg.wzg_b2n_006277_mch_dlz2_18.m.de;;18;848;173;217261
wzg.aqq57_sbg_c2_74.m.de;;74;3153;82;807250
wzg.wzg99-880-stg_bl1_3.m.de;;3;38699;77;9907021
aq.aq99-010-sbg.m.de;;0;38699;50;9906994
aq.aqq44_sbg_h.m.de;;0;3153;19;807187
wzg.wzg8-130-mch_w2_35.m.de;AQ8O_130_Mch_35;35;3149;209;806353
wzg.wzg_96_147221_lin_z131_l_162.m.de;;162;37575;205;9619405
wzg.aqq35_sbg_c1_78.m.de;;78;3152;231;807143
wzg.wzg_96_143619_mch_c1_bag_81.m.de;;81;37575;120;9619320
wzg.wzg99-650-stg_w20_21.m.de;AQ99-650-Stg_21;21;38745;163;9918883
wzg.wzg_99_14110_stg_a2_2.m.de;;2;38738;119;9917047
wzg.wzg_b2n_007958_gap_dlz1_gv_1.m.de;;1;809;181;207285
wzg.wzg_b2n_008211_mch_b2_gv_170.m.de;;170;848;205;217293
wzg.wzg99-585-stg_bl1_1.m.de;;1;38746;211;9919187
aq.aq_a7_958_035_ulm.m.de;;0;2772;190;709822
wzg.cluster_wwq_99_26040_stg_194.m.de;;194;38702;217;9907929
wzg.wzg_9_484470_nbg_a4_4.m.de;WZG_AQ_9_484470_Nbg_4;4;3546;3;907779
wzg.cluster_aq9-361-nbg_194.m.de;;194;35277;64;9030976
wzg.wzg99-062-sbg_w2_35.m.de;WWQ_99062_35;35;38701;127;9907583
wzg.wzg8-140-mch_w3_36.m.de;AQ8O_140_Mch_36;36;3149;180;806324
wzg.cluster_lsa_99_11441_stg_193.m.de;;193;38737;126;9916798
wzg.wzgfsa08-pas_dlzfs2_10.m.de;;10;36742;145;9406097
aq.aq99-890-stg.m.de;;0;38699;42;9906986
wzg.wzg_96_160972_lin_a1_33.m.de;;33;37577;11;9619723
wzg.wzg92-622-mch_cl1_194.m.de;WWQ_92622;194;36001;47;9216303
wzg.aqb23_mch_c3_107.m.de;;107;3192;39;817191
wzg.wzg99-076-sbg_b1_97.m.de;;97;38702;2;9907714
wzg.aqq37_sbg_pw1_129.m.de;;129;3152;248;807160
wzg.wzgzfr01-pas_w1_1.m.de;;1;36742;156;9406108
wzg.wzg99-187-sbg_a1_33.m.de;;33;38705;50;9908530
wzg.aqb28_mch_dlzfs1_56.m.de;;56;3191;220;817116
wzg.wzg_b17_780_0820_lbg_a3_35.m.de;;35;6665;152;1706392
wzg.wzg_b471_24741_dah_w3_228.m.de;;228;40902;111;10471023
wzg.cluster_aqq46a_sbg_h_193.m.de;;193;3153;31;807199
wzg.wzg_96_161787_mch_bl1_13.m.de;;13;37524;215;9606359
wzg.wzg99-540-stg_b2_66.m.de;;66;38748;55;9919543
wzg.wzg_8_5900_stg_a2_34.m.de;;34;3144;244;805108
wzg.wzg_8_12300_mch_wta5_6.m.de;;6;3150;15;806415
wzg.wzg_99_29220_stg_a3_3.m.de;;3;38742;221;9918173
wzg.wzg_99_30450_stg_a3_3.m.de;;3;38743;49;9918257
wzg.cluster_aq92-570-mch_193.m.de;;193;36001;253;9216509
wzg.wzg99-650-stg_w4_5.m.de;AQ99-650-Stg_5;5;38745;163;9918883
wzg.wzg_99_9800_sbg_lsa1_169.m.de;;169;38698;36;9906724
wzg.cluster_aq9-620-mch_193.m.de;;193;35668;4;9131012
wzg.wzg92-240-deg_a1_33.m.de;;33;35963;127;9206655
wzg.cluster_aq99-590-stg_pw1_196.m.de;;196;38746;105;9919081
wzg.wzg_9_489247_nbg_a3_3.m.de;WZG_AQ_9_489247_Nbg_3;3;3546;236;908012
wzg.wzg_99_4258_sbg_c1_133.m.de;;133;38735;144;9916304
wzg.wzgwwq10-pas_wta5_229.m.de;WWQ94_010_Pas_229;229;36742;138;9406090
aq.wwq_99_26545_stg.m.de;;0;38702;255;9907967
wzg.wzg9-345-nbg_w4_4.m.de;WWQ_9345_4;4;3541;246;906742
wzg.wzg_8_7430_mch_wta5_5.m.de;;5;3149;109;806253
wzg.wzg99-685-stg_bl1_1.m.de;AQ99-685-Stg_1;1;38745;99;9918819
wzg.dlz_99_5182_lin_dlz3_36.m.de;;36;38696;209;9906385
wzg.wzg_96_169700_mch_pw8_8.m.de;;8;37538;195;9609923
wzg.wzg9-781d-mch_bl1_4.m.de;WWQ_9.781d_4;4;3579;116;916340
wzg.aqq265_mch_a2_34.m.de;;34;3163;2;809730
wzg.hs_96_147030_lin_hs1_161.m.de;;161;37575;201;9619401
wzg.wzg_9_491350_mch_a3_35.m.de;WZG_AQ_9_491350_Mch_35;35;3586;95;918111
wzg.cluster_aq_9_495035_mch_193.m.de;AQ_AQ_9_495035_Mch_193;193;3587;20;918292
aq.aq99-230-sbg.m.de;;0;38706;8;9908744
wzg.wzg_b2n_007347_gap_dlz2_gv_2.m.de;;2;809;172;207276
wzg.cluster_aq_b2n_006045_gap_cluster_195.m.de;;195;809;150;207254
wzg.wzg92-670-mch_a1_33.m.de;;33;36000;75;9216075
wzg.cluster_lsa_99_3248_sbg_194.m.de;;194;38735;112;9916272
wzg.wzg_96_153990_lin_dlz1_gv_9.m.de;;9;37576;102;9619558
aq.aqfsa09-pas.m.de;;0;36742;151;9406103
wzg.wzg_99_8784_lin_b1_97.m.de;;97;38697;221;9906653
wzg.aq_a7_960_770_fue_c2_166.m.de;;166;2812;28;719900
wzg.cluster_aq99-076-sbg_193.m.de;;193;38702;2;9907714
wzg.wzg92-572b-mch_w1_40.m.de;WWQ_92572b_40;40;36001;218;9216474
wzg.wzg92-572a-mch_w5_37.m.de;WWQ_92572a_37;37;36001;218;9216474
wzg.cluster_aq_b2n_006300_gap_cluster_193.m.de;;193;809;156;207260
aq.aqaq09-mch.m.de;;0;36781;136;9416072
wzg.wzg_9_491895_nbg_a3_3.m.de;WZG_AQ_9_491895_Nbg_3;3;3547;109;908141
wzg.cluster_aqaq115a-pas_194.m.de;;194;36742;188;9406140
wzg.wzgaq14-pas_a3_3.m.de;;3;36742;163;9406115
wzg.aq_a7_956_569_fue_a1_33.m.de;;33;2811;154;719770
wzg.wzg9-740-mch_wta2_34.m.de;WWQ_9740_34;34;35669;28;9131292
wzg.aqq217_sbg_c1_133.m.de;;133;3160;69;809029
wzg.cluster_aq_b2n_007213_gap_cluster_197.m.de;;197;809;163;207267
wzg.aqq261_sbg_c1_73.m.de;;73;3162;202;809674
wzg.cluster_wwq_99_asash_0930_nz_194.m.de;;194;38743;3;9918211
aq.aq_99_3986_sbg.m.de;;0;38735;144;9916304
wzg.cluster_aq_92_3720_mch_193.m.de;WWQ_92372;193;36000;112;9216112
wzg.wzg9-850-mch_w2_37.m.de;;37;35670;148;9131668
wzg.cluster_aqaq08-mch_193.m.de;;193;36781;161;9416097
wzg.cluster_aq99-063-sbg_193.m.de;WWQ_99063;193;38701;165;9907621
wzg.wzg_99_18390_stg_w6_230.m.de;WWQ_99.X_230;230;38739;180;9917364
wzg.wzg_96_170371_mch_pw2_2.m.de;;2;37538;211;9609939
wzg.wzg9-700-mch_w13_46.m.de;WWQ_9700_46;46;35668;192;9131200
wzg.portal_a7_957_863_ulm_lsa1_1.m.de;;1;2772;177;709809
wzg.aqq221_mch_a2_34.m.de;;34;3199;124;819068
wzg.wzg_9_502250_mch_a2_34.m.de;WZG_AQ_9_502250_Mch_34;34;3588;113;918641
wzg.wzg9-790-mch_c1_105.m.de;WZG_AQ9_790_Mch_105;105;35670;25;9131545
wzg.cluster_aq99-045-sbg_193.m.de;;193;38700;147;9907347
wzg.wzgaq13-pas_a1_1.m.de;;1;36742;125;9406077
wzg.wzg_9_503485_mch_a2_34.m.de;WZG_AQ_9_503485_Mch_34;34;3588;174;918702
wzg.wzg92-260-deg_c1_73.m.de;;73;35963;179;9206707
wzg.wzg_96_147369_lin_a2_34.m.de;;34;37575;208;9619408
wzg.cluster_aqq63_sbg_h_193.m.de;;193;3153;115;807283
wzg.wzgaq188-mch_bl1_9.m.de;WWQ94_188_Mch_9;9;36782;79;9416271
wzg.wwq_a7_961_121_ulm_pw4_4.m.de;;4;2773;24;709912
wzg.wwq_a7_961_121_ulm_pw2_2.m.de;;2;2773;24;709912
wzg.cluster_aq99-220-sbg_193.m.de;AQ99-220-Sbg;193;38705;224;9908704
wzg.wzg_96_155360_lin_c2_106.m.de;;106;37576;137;9619593
wzg.wzg_b2n_006187_mch_lsa_gv_171.m.de;;171;848;173;217261
wzg.wzg_9_481250_nbg_b2_66.m.de;WZG_AQ_9_481250_Nbg_66;66;3545;103;907623
wzg.wzg_9_510415_mch_b1_181.m.de;WZG_AQ_9_510415_Mch_181;181;3589;251;919035
wzg.cluster_aq_99_4052_lin_195.m.de;;195;38696;128;9906304
aq.aq99-670-stg.m.de;;0;38745;132;9918852
wzg.wzg99-550-stg_c1_73.m.de;;73;38747;176;9919408
wzg.wzgwwq202-mch_wta4_229.m.de;WWQ94_202_Mch_229;229;36781;216;9416152
wzg.wzg_8_8010_mch_wta7_7.m.de;;7;3149;127;806271
wzg.wzg99-170-sbg_c1_105.m.de;;105;38705;8;9908488
wzg.wzg_b2n_007815_mch_b2_gv_168.m.de;;168;848;197;217285
wzg.wzg_96_160362_lin_dlz2_33.m.de;;33;37576;252;9619708
wzg.wzg_b17_780_0520_aug_a3_3.m.de;;3;6704;180;1716404
wzg.wzg_99_2018_lin_c2_106.m.de;;106;38695;232;9906152
wzg.cluster_aq_96_146848_lin_193.m.de;;193;37575;187;9619387
wzg.wzg99-200-sbg_w5_37.m.de;AQ99-200-Sbg_37;37;38705;151;9908631
wzg.aqb15_mch_b2_98.m.de;;98;3192;158;817310
wzg.aq_a7_960_920_ulm_a2_10.m.de;;10;2773;18;709906
wzg.wzg_b2n_006206_gap_lsa_l_174.m.de;;174;809;150;207254
wzg.aqb21_mch_a1_33.m.de;;33;3192;65;817217
wzg.wzgaq118-pas_c1_74.m.de;;74;36743;34;9406242
wzg.cluster_aq_b2n_007347_gap_cluster_193.m.de;;193;809;172;207276
wzg.wzg_99_8468_sbg_b3_l_130.m.de;;130;38736;209;9916625
wzg.wzg_8_7100_stg_b2_98.m.de;;98;3145;10;805130
wzg.wzg99-530-stg_b2_66.m.de;;66;38749;8;9919752
wzg.aqb29_mch_a2_34.m.de;;34;3191;203;817099
wzg.wzg92-572a-mch_w6_38.m.de;WWQ_92572a_38;38;36001;218;9216474
wzg.aqb23_mch_c1_105.m.de;;105;3192;39;817191
wzg.wzg_9_486950_mch_a1_33.m.de;WZG_AQ_9_486950_Mch_33;33;3585;137;917897
aq.aq_96_147630_lin.m.de;;0;37575;214;9619414
wzg.wzg92-640-mch_a1_33.m.de;;33;36000;199;9216199
wzg.wzgaq205-mch_b2_98.m.de;;98;36781;233;9416169
aq.aq9-308-nbg.m.de;;0;3541;180;906676
wzg.wzg99-714-stg_a2_2.m.de;;2;38744;200;9918664
wzg.wzg99-260-sbg_c3_107.m.de;;107;38707;6;9908998
wzg.wzg_96_162645_mch_pw5_5.m.de;;5;37524;186;9606330
wzg.wzg_96_139135_mch_z131_l_130.m.de;;130;37575;16;9619216
aq.aq99-056-sbg.m.de;;0;38701;24;9907480
wzg.wzg_96_140336_lin_led_pf_163.m.de;;163;37575;46;9619246
wzg.wzg_b2n_009120_mch_a1_1.m.de;;1;848;212;217300
wzg.aqq231_mch_a2_34.m.de;;34;3199;210;819154
wzg.cluster_aqq259_sbg_h_193.m.de;;193;3162;162;809634
wzg.wzg9-786-mch_b1_97.m.de;WZG_AQ9_786_Mch_97;97;35669;236;9131500
wzg.cluster_aq92-260-deg_194.m.de;;194;35963;179;9206707
wzg.wzg_99_8468_sbg_c1_73.m.de;;73;38736;209;9916625
wzg.wzg_b2n_007633_gap_dlz1_49.m.de;;49;809;172;207276
wzg.wzg_96_146350_lin_dlz1_49.m.de;;49;37575;187;9619387
wzg.wzg9-750-mch_b1_97.m.de;WZG_AQ9_750_Mch_97;97;35669;54;9131318
aq.aq99-714-stg.m.de;;0;38744;200;9918664
wzg.cluster_aq_96_153728_lin_201.m.de;;201;37576;102;9619558
aq.wwq_99_29277_sbg.m.de;;0;38703;198;9908166
aq.aq_b2n_006045_gap.m.de;;0;809;150;207254
wzg.wzg9-781d-mch_wta1_2.m.de;WWQ_9.781d_2;2;3579;116;916340
wzg.wzg9-170-nbg_a2_2.m.de;WZG_AQ9_170_Nbg_2;2;35278;255;9031423
wzg.wzg92-210-deg_c2_74.m.de;;74;35963;97;9206625
wzg.wzg_9_510820_mch_w4_228.m.de;WWQ_9584_228;228;3590;20;919060
wzg.wzg99-063-stg_w10_43.m.de;WWQ_99063_43;43;38701;165;9907621
wzg.wzg92-686-mch_wta1_2.m.de;WWQ_92686_2;2;36000;32;9216032
wzg.wwq_a7_961_121_ulm_pw3_3.m.de;;3;2773;24;709912
wzg.aqq46_sbg_pw1_129.m.de;;129;3153;32;807200
wzg.wzg8-120-mch_w1_34.m.de;AQ8O_120_Mch_34;34;3149;218;806362
wzg.wzg_99_9800_sbg_wta1_167.m.de;;167;38698;36;9906724
wzg.cluster_aqb24_mch_h_193.m.de;;193;3192;22;817174
wzg.wzg_99_9600_lin_a1_1.m.de;;1;38737;39;9916711
wzg.wzg_99_31800_sbg_a5_37.m.de;;37;38743;144;9918352
wzg.aq_94_109324_mch_d1_161.m.de;;161;36752;0;9408512
aq.aqq247_sbg_e.m.de;;0;3161;172;809388
wzg.wzg99-810a-l-stg_a1_130.m.de;;130;38741;14;9917710
wzg.wzg_99_24765_stg_wta1_1.m.de;;1;38702;123;9907835
wzg.wzg99-010-sbg_b2_98.m.de;;98;38699;50;9906994
wzg.aqb24_mch_a4_36.m.de;;36;3192;22;817174
wzg.wzg99-670-stg_w12_13.m.de;AQ99-670-Stg_13;13;38745;132;9918852
wzg.cluster_aq_9_499925_nbg_194.m.de;AQ_AQ_9_499925_Nbg_194;194;3548;242;908530
wzg.wzg_b2n_004420_gap_a1_161.m.de;;161;809;126;207230
wzg.wzg99-690-stg_a3_3.m.de;;3;38745;100;9918820
wzg.dlz_99_10380_sbg_dlz1_1.m.de;;1;38698;69;9906757
aq.aq_99_18185_stg.m.de;;0;38739;165;9917349
wzg.dlz_96_146600_lin_dlz2_gv_10.m.de;;10;37575;187;9619387
wzg.aqb28_mch_a4_36.m.de;;36;3191;220;817116
wzg.aq_a7_957_493_fue_dlz2_34.m.de;;34;2772;179;709811
wzg.wzg_99a_103808_mch_bl2_l_166.m.de;;166;38748;229;9919717
wzg.cluster_aq_a7_958_183_ulm_194.m.de;;194;2772;190;709822
wzg.cluster_aq92-120-deg_194.m.de;;194;35962;124;9206396
wzg.aqq31_sbg_b3_67.m.de;;67;3152;195;807107
aq.aqq23_sbg_e.m.de;;0;42644;62;10916926
wzg.wzg99-630-stg_w15_16.m.de;AQ99-630-Stg_16;16;38746;20;9918996
aq.aq99-250-sbg_pw1.m.de;;0;38706;131;9908867
wzg.wzg_9_496895_nbg_b2_66.m.de;WZG_AQ_9_496895_Nbg_66;66;3548;96;908384
wzg.aq_a7_955_110_fue_a1_33.m.de;;33;2811;109;719725
wzg.wzg_96_139729_mch_dlz1_gv_33.m.de;;33;37575;35;9619235
wzg.cluster_aq_99_10170_stg_193.m.de;;193;38737;82;9916754
wzg.wzg_96_155060_lin_a2_34.m.de;;34;37576;130;9619586
wzg.cluster_aq_96_146145_mch_194.m.de;;194;37575;178;9619378
wzg.wzg_99_5125_sbg_b1_137.m.de;;137;38735;225;9916385
wzg.cluster_lsa_99_10383_sbg_194.m.de;;194;38698;110;9906798
aq.aq_96_146848_lin.m.de;;0;37575;187;9619387
wzg.wzg_96_161787_mch_pw1_1.m.de;;1;37524;215;9606359
wzg.wzgaq13-pas_b1_65.m.de;;65;36742;125;9406077
aq.aq_96_154530_lin.m.de;;0;37576;118;9619574
wzg.aqq45_sbg_b2_65.m.de;;65;3153;22;807190
aq.aq_9_487755_nbg.m.de;;0;3546;163;907939
wzg.wzgwwq09-pas_wta3_227.m.de;WWQ94_009_Pas_227;227;36742;131;9406083
wzg.wzg_9_505300_nbg_a3_3.m.de;WZG_AQ_9_505300_Nbg_3;3;3549;249;908793
wzg.wzg_99_29595_sbg_a3_35.m.de;;35;38703;223;9908191
wzg.aqb15_mch_b1_97.m.de;;97;3192;158;817310
wzg.wzg_96_144576_mch_bas_2_r_131.m.de;;131;37575;161;9619361
wzg.wzg9-135-nbg_b2_67.m.de;WZG_AQ9_135_Nbg_67;67;35279;126;9031550
wzg.aqq73_sbg_a2_2.m.de;;2;3153;148;807316
wzg.cluster_aq99-540-stg_194.m.de;;194;38748;55;9919543
wzg.wzg_99_30830_sbg_c4_108.m.de;;108;38704;59;9908283
wzg.wzg_9_500994_nbg_a3_3.m.de;WZG_AQ_9_500994_Nbg_3;3;3549;39;908583
wzg.wzg9-110-nbg_b1_65.m.de;WZG_AQ9_110_Nbg_65;65;35279;175;9031599
aq.aq99-250-sbg.m.de;;0;38706;131;9908867
aq.aqaq06-mch.m.de;;0;36781;192;9416128
wzg.wzg_9_510505_nbg_dlz1_1.m.de;WZG_AQ_9_510505_Nbg_1;1;3550;248;909048
wzg.wzg_9_511090_nbg_c3_75.m.de;WZG_AQ_9_511090_Nbg_75;75;3551;19;909075
aq.aq_a7_962_044_ulm.m.de;;0;2812;62;719934
wzg.wzg_9_485900_nbg_c3_75.m.de;WZG_AQ_9_485900_Nbg_75;75;3546;73;907849
aq.aq_96_155060_lin.m.de;;0;37576;130;9619586
wzg.wzg8-140-mch_cl1_193.m.de;AQ8O_140_Mch;193;3149;180;806324
wzg.wzg_99_25600_stg_pw5_129.m.de;;129;38702;184;9907896
wzg.aqq253_mch_b1_97.m.de;;97;3162;5;809477
wzg.wzg_9_489247_nbg_c2_74.m.de;WZG_AQ_9_489247_Nbg_74;74;3546;236;908012
wzg.wzg_99_31800_sbg_b2_98.m.de;;98;38743;144;9918352
wzg.wzg_99_27350_stg_pw7_130.m.de;;130;38703;59;9908027
aq.aq_9_485020_nbg.m.de;;0;3546;30;907806
wzg.aqq37_sbg_b2_65.m.de;;65;3152;248;807160
wzg.wzgaq14-pas_dlzfs1_9.m.de;;9;36742;163;9406115
wzg.wzg_9_511805_mch_w6_231.m.de;WWQ_9590_231;231;3590;68;919108
wzg.cluster_aq_99_32050_stg_194.m.de;;194;38704;152;9908376
wzg.wzg_9_505300_nbg_c3_75.m.de;WZG_AQ_9_505300_Nbg_75;75;3549;249;908793
wzg.wzg_9_509515_nbg_wvlt1_131.m.de;WZG_AQ_9_509515_Nbg_131;131;3550;199;908999
wzg.wzg_99_10170_lin_a1_3.m.de;;3;38737;82;9916754
wzg.wzg_b2n_006763_mch_b2_136.m.de;;136;848;180;217268
wzg.wzg_99_12270_stg_c3_r_131.m.de;;131;38737;237;9916909
aq.aq_99_31162_sbg.m.de;;0;38704;93;9908317
wzg.wzg_96_153558_lin_dlz1_gv_1.m.de;;1;37576;95;9619551
aq.aq_92_akneuf_0440_xw.m.de;;0;36001;137;9216393
wzg.aqq207_mch_b1_97.m.de;;97;3198;222;818910
wzg.wzg_99_27885_stg_b2_66.m.de;;66;38703;99;9908067
wzg.aq_a8o_54060_sbg_w2_3.m.de;;3;3154;5;807429
wzg.wzg_9_487755_nbg_b2_66.m.de;WZG_AQ_9_487755_Nbg_66;66;3546;163;907939
wzg.wzg_99a_104508_mch_bl1_r_165.m.de;;165;38748;252;9919740
wzg.aqb11_mch_c1_105.m.de;;105;3192;207;817359
wzg.wzg_99_29220_stg_c1_73.m.de;;73;38742;221;9918173
wzg.wzg99-020-sbg_b2_98.m.de;;98;38699;195;9907139
wzg.wzg_9_akneuf_1760_um_b1_97.m.de;;97;35667;190;9130942
wzg.wzg_96_140129_mch_lsa2_gv_162.m.de;;162;37575;35;9619235
wzg.wzg_99_32050_stg_d1_24.m.de;;24;38704;152;9908376
wzg.wzg_96_140915_lin_a2_34.m.de;;34;37575;58;9619258
wzg.wzgaq205-mch_rgl_162.m.de;;162;36781;233;9416169
wzg.wzg_96_145860_lin_a2_34.m.de;;34;37575;172;9619372
wzg.wzg_96_171584_mch_pw2_2.m.de;;2;37538;239;9609967
wzg.aqb30_mch_c1_105.m.de;;105;3191;184;817080
wzg.wzg_9_484325_mch_a1_33.m.de;WZG_AQ_9_484325_Mch_33;33;3585;9;917769
wzg.wzgwwq114-pas_w4_4.m.de;;4;36742;192;9406144
wzg.cluster_aq9-670-mch_193.m.de;AQ_AQ9_670_Mch_193;193;35668;116;9131124
wzg.wzg_b2n_007788_gap_dlz2_52.m.de;;52;809;172;207276
wzg.aqb14_mch_b2_98.m.de;;98;3192;173;817325
wzg.cluster_aq99-030-sbg_193.m.de;;193;38700;60;9907260
wzg.wzg9-328-nbg_w3_3.m.de;WWQ_9328_3;3;3541;221;906717
wzg.wzg9-600-mch_a2_34.m.de;WZG_AQ9_600_Mch_34;34;35667;178;9130930
wzg.wzg_9_484470_nbg_c1_73.m.de;WZG_AQ_9_484470_Nbg_73;73;3546;3;907779
wzg.aqq220_sbg_b1_132.m.de;;132;3160;85;809045
wzg.wzg8-120-mch_wta2_43.m.de;AQ8O_120_Mch_43;43;3149;218;806362
wzg.wzg9-730-mch_b2_98.m.de;WZG_AQ9_730_Mch_98;98;35669;7;9131271
wzg.wzg92-200-deg_w1_1.m.de;;1;35963;90;9206618
wzg.wzg99-690-stg_a1_1.m.de;;1;38745;100;9918820
wzg.cluster_aq92-050-deg_194.m.de;;194;35961;88;9206104
wzg.wzg_99_24425_stg_pw4_129.m.de;;129;38702;97;9907809
wzg.www_st2068_fr-s1_blinker_57.m.de;;57;37562;133;9616005
wzg.wzg9-723-mch_a1_161.m.de;WZG_AQ9_723_Mch_161;161;35668;231;9131239
wzg.wzg_99_as10_0350_rs_wta1_73.m.de;;73;38738;35;9916963
aq.aq99-635-stg.m.de;;0;38745;213;9918933
wzg.wzg99-180-sbg_w2_34.m.de;AQ99-180-Sbg_34;34;38705;28;9908508
wzg.wzg_9_498030_mch_wvlt1_163.m.de;WZG_AQ_9_498030_Mch_163;163;3587;164;918436
wzg.cluster_aq_96_146011_mch_194.m.de;;194;37575;175;9619375
wzg.aqb26a_mch_dlz1_33.m.de;;33;3191;250;817146
wzg.aqq29_sbg_a4_4.m.de;;4;3152;181;807093
wzg.wzg_99_6505_sbg_a1_1.m.de;;1;38736;66;9916482
wzg.wzg_99_27885_stg_c2_74.m.de;;74;38703;99;9908067
wzg.wzg_b2n_008067_gap_lsa1_163.m.de;;163;809;181;207285
wzg.cluster_hs_94_110069_pas_194.m.de;;194;36752;19;9408531
wzg.cluster_aqaq115b-pas_196.m.de;;196;36742;188;9406140
wzg.wzg_b2n_006152_mch_dlz1_1.m.de;;1;848;166;217254
wzg.wzg92-490-mch_c1_171.m.de;;171;36002;223;9216735
wzg.wzgaq14-pas_dlzfs3_11.m.de;;11;36742;163;9406115
wzg.wzg92-550-mch_b2_98.m.de;;98;36002;43;9216555
wzg.wzg99-732-stg_b1_129.m.de;;129;38743;227;9918435
aq.aqwwq13-pas.m.de;;0;36742;181;9406133
wzg.cluster_aq_a7_949_285_fue_193.m.de;;193;2810;186;719546
aq.aq_96_146162_mch.m.de;;0;37575;178;9619378
wzg.cluster_aq_a7_953_247_fue_193.m.de;;193;2811;52;719668
aq.aq_b17_800_0350_aug_l.m.de;;0;6665;119;1706359
wzg.cluster_aq99-305-sbg_193.m.de;;193;38709;5;9909509
wzg.wzg_96_140086_lin_a1_161.m.de;;161;37575;36;9619236
wzg.wzg_9_511090_nbg_a4_4.m.de;WZG_AQ_9_511090_Nbg_4;4;3551;19;909075
wzg.wzg_96_154250_lin_dlz2_gv_2.m.de;;2;37576;102;9619558
wzg.wzg_b2n_007279_mch_dlz2_20.m.de;;20;848;188;217276
wzg.cluster_pw_99_25750_sbg_195.m.de;;195;38741;229;9917925
wzg.cluster_aq_9_504515_nbg_194.m.de;AQ_AQ_9_504515_Nbg_194;194;3549;211;908755
wzg.wzgaqrg203-mch_a3_35.m.de;;35;36782;19;9416211
wzg.wzg_9_491895_nbg_b1_65.m.de;WZG_AQ_9_491895_Nbg_65;65;3547;109;908141
wzg.aqq35_sbg_a3_2.m.de;;2;3152;231;807143
wzg.wzg_b2n_008850_mch_lsa_l_130.m.de;;130;848;208;217296
wzg.wzg_9_493593_mch_b3_99.m.de;WZG_AQ_9_493593_Mch_99;99;3586;206;918222
wzg.wzg99-050-sbg_b2_98.m.de;;98;38700;242;9907442
aq.aq99-632-stg_pw.m.de;;0;38745;246;9918966
wzg.wzg_b2n_008364_gap_dlz2_50.m.de;;50;809;181;207285
wzg.wzg_99_32050_stg_c3_75.m.de;;75;38704;152;9908376
wzg.wzg92-686-mch_bl1_6.m.de;WWQ_92686_6;6;36000;32;9216032
aq.aq_96_159170_lin.m.de;;0;37576;227;9619683
wzg.wzg92-215-deg_w1_1.m.de;;1;35963;76;9206604
wzg.aqq48_sbg_b2_65.m.de;;65;3153;36;807204
wzg.wzg_b2n_008441_mch_dlz2_18.m.de;;18;848;205;217293
wzg.wzgaq08-mch_dlzfs3_43.m.de;;43;36781;161;9416097
wzg.wzg92-700-mch_b1_97.m.de;;97;36000;12;9216012
wzg.wzg_8_5900_stg_a1_33.m.de;;33;3144;244;805108
wzg.wzg99-650-stg_w1_2.m.de;AQ99-650-Stg_2;2;38745;163;9918883
wzg.wzg_9_488800_mch_wvlt1_163.m.de;WZG_AQ_9_488800_Mch_163;163;3585;227;917987
wzg.cluster_aqaq202d-mch_197.m.de;;197;36791;253;9418749
wzg.wzg9-240-nbg_a1_1.m.de;WZG_AQ9_240_Nbg_1;1;35278;119;9031287
wzg.aqq239_mch_b1_97.m.de;;97;3161;85;809301
wzg.cluster_aqq220_sbg_e_193.m.de;;193;3160;85;809045
wzg.wzg99-728-stg_w1_129.m.de;;129;38744;60;9918524
wzg.cluster_aq_96_143879_mch_196.m.de;;196;37575;127;9619327
wzg.aqb29_mch_c1_105.m.de;;105;3191;203;817099
wzg.wzg_96_162376_mch_pw9_9.m.de;;9;37524;230;9606374
wzg.aq_a7_949_285_fue_b1_97.m.de;;97;2810;186;719546
wzg.wzg_b2n_006546_gap_dlz1_gv_17.m.de;;17;809;156;207260
wzg.wzg_9_502250_mch_b1_97.m.de;WZG_AQ_9_502250_Mch_97;97;3588;113;918641
wzg.cluster_aqq91_sbg_h_193.m.de;;193;3153;216;807384
wzg.cluster_aqq32_sbg_h_193.m.de;;193;3152;211;807123
wzg.wzg_96_171575_lin_pw3_35.m.de;;35;37577;255;9619967
wzg.wzg_9_493840_nbg_c3_75.m.de;WZG_AQ_9_493840_Nbg_75;75;3547;203;908235
wzg.wzg_9_508400_nbg_dlz1_9.m.de;WZG_AQ_9_508400_Nbg_9;9;3550;144;908944
aq.aq99-170-sbg.m.de;;0;38705;8;9908488
wzg.wzg_9_506690_mch_a1_33.m.de;WZG_AQ_9_506690_Mch_33;33;3589;76;918860
wzg.wzg_b2n_008613_gap_lsa2_164.m.de;;164;809;189;207293
wzg.wzg99-076-sbg_c1_105.m.de;;105;38702;2;9907714
wzg.wzg9-170-nbg_a4_4.m.de;WZG_AQ9_170_Nbg_4;4;35278;255;9031423
wzg.wzg99-188-sbg_a1_167.m.de;;167;38705;92;9908572
wzg.wzg_b2n_005952_mch_dlz1_9.m.de;;9;848;166;217254
wzg.aq_a8o_45550_sbg_gra1_1.m.de;;1;3153;193;807361
wzg.wzg_9_510820_mch_w3_227.m.de;WWQ_9584_227;227;3590;20;919060
wzg.wzg99-270-sbg_a2_34.m.de;;34;38707;122;9909114
wzg.wzg_9_509515_nbg_c2_74.m.de;WZG_AQ_9_509515_Nbg_74;74;3550;199;908999
wzg.wzg_99a_104045_mch_b3_l_162.m.de;;162;38734;18;9915922
wzg.portal_a7_957_049_fue_sr1_39.m.de;;39;2772;156;709788
aq.wwq_99_24765_stg.m.de;;0;38702;123;9907835
wzg.wzg9-350-nbg_p_a1_9.m.de;WZG_AQ9_350_Nbg_P_9;9;35277;100;9031012
wzg.cluster_aq92-650-mch_193.m.de;;193;36000;133;9216133
aq.aq99-300-sbg.m.de;;0;38708;216;9909464
wzg.cluster_aq99-580-stg_194.m.de;;194;38746;230;9919206
wzg.cluster_aq_99_8784_lin_193.m.de;;193;38697;221;9906653
wzg.wzg_99_24765_stg_pw2_131.m.de;;131;38702;123;9907835
wzg.wzg_95_1990_mch_pw6_6.m.de;;6;37133;32;9506080
wzg.wzg_99_2949_lin_b2_98.m.de;;98;38696;45;9906221
wzg.cluster_aq9-635-mch_193.m.de;;193;35668;26;9131034
aq.aq_b2n_008067_gap.m.de;;0;809;181;207285
wzg.wzg_99_9800_sbg_b3_l_162.m.de;;162;38698;36;9906724
wzg.wzg_99_29220_stg_b2_66.m.de;;66;38742;221;9918173
wzg.wzg99-060-sbg_b1_97.m.de;;97;38701;108;9907564
wzg.wzg99-300-sbg_a2_34.m.de;;34;38708;216;9909464
wzg.aq_a7_962_404_ulm_a1_129.m.de;;129;2773;71;709959
wzg.wzg_9_509515_nbg_b3_67.m.de;WZG_AQ_9_509515_Nbg_67;67;3550;199;908999
wzg.wzg_9_505300_nbg_wvlt1_131.m.de;WZG_AQ_9_505300_Nbg_131;131;3549;249;908793
aq.aq_94_108794_mch.m.de;;0;36791;4;9418500
wzg.wzg92-586-mch_w10_43.m.de;WWQ_92586_43;43;36001;181;9216437
wzg.wzg_96_170371_mch_led2_73.m.de;;73;37538;211;9609939
wzg.wzg_b2n_006052_mch_led_ww2_73.m.de;;73;848;166;217254
wzg.cluster_aqwwq12-pas_194.m.de;WWQ94_012_Pas;194;36742;173;9406125
wzg.wzg9-690-mch_b1_97.m.de;WZG_AQ9_690_Mch_97;97;35668;174;9131182
aq.aqq45b_sbg_h.m.de;;0;3153;25;807193
wzg.wzg_9_508590_mch_a3_35.m.de;WZG_AQ_9_508590_Mch_35;35;3589;166;918950
wzg.aqb25_mch_b1_97.m.de;;97;3192;8;817160
wzg.aq_a7_962_044_ulm_a1_129.m.de;;129;2812;62;719934
wzg.wzg_9_499330_nbg_a2_2.m.de;WZG_AQ_9_499330_Nbg_2;2;3548;214;908502
wzg.wzg9-710-mch_w7_40.m.de;WWQ_9710_40;40;35668;212;9131220
wzg.wzg_95_1990_mch_pw8_8.m.de;;8;37133;32;9506080
wzg.cluster_aq_96_154233_lin_193.m.de;;193;37576;102;9619558
aq.aqaq01-mch.m.de;;0;36782;84;9416276
wzg.wzg9-790-mch_b2_98.m.de;WZG_AQ9_790_Mch_98;98;35670;25;9131545
wzg.wzg_96_160770_lin_c1_105.m.de;;105;37577;6;9619718
wzg.wzg_99_27814_sbg_b2_98.m.de;;98;38742;107;9918059
wzg.wzg_b2n_008848_mch_a1_gv_161.m.de;;161;848;208;217296
wzg.wzg_9_510320_mch_b2_98.m.de;WZG_AQ_9_510320_Mch_98;98;3589;251;919035
wzg.wzg_96_147369_lin_b1_97.m.de;;97;37575;208;9619408
wzg.wzg_96_153728_lin_dlz4_51.m.de;;51;37576;102;9619558
wzg.wzg99-640-stg_a2_3.m.de;;3;38745;195;9918915
wzg.wzg_9_487755_nbg_b3_67.m.de;WZG_AQ_9_487755_Nbg_67;67;3546;163;907939
wzg.wzg92-588-mch_w4_37.m.de;WWQ_92588_37;37;36001;173;9216429
wzg.wzg_99a_103808_mch_b3_l_162.m.de;;162;38748;229;9919717
wzg.cluster_aq_a7_961_684_fue_193.m.de;;193;2812;48;719920
wzg.wzg_96_161150_lin_b2_98.m.de;;98;37577;15;9619727
wzg.wzg92-540-mch_a1_33.m.de;;33;36002;90;9216602
wzg.wzg99-150-sbg_c1_105.m.de;;105;38704;181;9908405
wzg.aq_a7_957_128_ulm_dlz2_2.m.de;;2;2772;158;709790
wzg.cluster_aq_9_485750_mch_193.m.de;AQ_AQ_9_485750_Mch_193;193;3585;83;917843
wzg.wzg9-782-mch_c2_106.m.de;WZG_AQ9_782_Mch_106;106;35669;175;9131439
wzg.wzg_b2n_007511_mch_led1_gv_129.m.de;;129;848;188;217276
wzg.dlz_99_4932_lin_dlz2_38.m.de;;38;38696;209;9906385
wzg.wzg9-99-a10-sbg_a2_34.m.de;;34;38702;17;9907729
wzg.wzg9-740-mch_w8_43.m.de;WWQ_9740_43;43;35669;28;9131292
wzg.wzg99-811-stg_a5_5.m.de;;5;38740;193;9917633
wzg.wzg_b17_720_1220_aug_b1_65.m.de;;65;6705;177;1716657
wzg.wzg99-028-sbg_w1_34.m.de;WWQ_99028_34;34;38700;37;9907237
wzg.cluster_hs_99_3129_sbg_200.m.de;;200;38735;55;9916215
wzg.wzgaq188-mch_w7_7.m.de;WWQ94_188_Mch_7;7;36782;79;9416271
wzg.wzg_b2n_006903_mch_led_ww_73.m.de;;73;848;180;217268
wzg.wzg_9_489247_nbg_dlz1_9.m.de;WZG_AQ_9_489247_Nbg_9;9;3546;236;908012
wzg.wzgaq202b-mch_c1_131.m.de;;131;36782;37;9416229
wzg.wzg_9_484470_nbg_wvlt1_131.m.de;WZG_AQ_9_484470_Nbg_131;131;3546;3;907779
aq.aq_96_144347_mch.m.de;;0;37575;137;9619337
wzg.wzg_95_2434_mch_pw4_4.m.de;;4;37133;50;9506098
wzg.wzgzfr01-pas_lsa_241.m.de;;241;36742;156;9406108
wzg.wzg_b2n_006434_gap_dlz1_41.m.de;;41;809;156;207260
wzg.aq_a7_961_684_ulm_c1_133.m.de;;133;2812;49;719921
wzg.wzg_b471_24958_dah_w4_229.m.de;;229;40902;112;10471024
wzg.wzg_9_506690_mch_b1_97.m.de;WZG_AQ_9_506690_Mch_97;97;3589;76;918860
wzg.wzg9-248-nbg_bl1_3.m.de;WWQ_9248_3;3;3541;6;906502
wzg.wzg9-260-nbg_a2_2.m.de;WZG_AQ9_260_Nbg_2;2;35278;56;9031224
wzg.hs_96_160340_lin_hs1_161.m.de;;161;37576;252;9619708
wzg.wzg92-630-mch_b1_97.m.de;;97;36001;9;9216265
wzg.wzg9-740-mch_w10_45.m.de;WWQ_9740_45;45;35669;28;9131292
wzg.aq_94_110189_pas_a2_2.m.de;;2;36752;22;9408534
wzg.wzg_b2n_008880_gap_a1_gv_129.m.de;;129;809;192;207296
wzg.wzg99-840-stg_a2_2.m.de;;2;38739;146;9917330
wzg.wzg9-610-mch_p_b1_97.m.de;WZG_AQ9_610_Mch_P_97;97;35667;224;9130976
wzg.wzg99-153-sbg_pw1_171.m.de;;171;38704;229;9908453
wzg.wzgaq116-pas_rgr_129.m.de;;129;36742;227;9406179
wzg.wzg_96_154790_lin_b1_97.m.de;;97;37576;124;9619580
wzg.cluster_aq_99a_104045_mch_193.m.de;;193;38734;18;9915922
wzg.cluster_aq_96_160362_lin_193.m.de;;193;37576;252;9619708
aq.aq_9_510050_mch.m.de;;0;3589;233;919017
wzg.wzg_b2n_007788_gap_b2_170.m.de;;170;809;172;207276
wzg.wzg99-720-stg_b1_65.m.de;;65;38744;97;9918561
wzg.wzg_99a_104045_mch_b2_r_161.m.de;;161;38734;18;9915922
wzg.wzg99-635-stg_w6_7.m.de;AQ99-635-Stg_7;7;38745;213;9918933
wzg.wzg_99_1625_sbg_b2_66.m.de;;66;38734;215;9916119
wzg.aqb28_mch_b3_99.m.de;;99;3191;220;817116
wzg.wzg_96_146821_lin_a2_162.m.de;;162;37575;187;9619387
wzg.wzg99-050-sbg_a2_34.m.de;;34;38700;242;9907442
wzg.wzg99-260-sbg_b3_99.m.de;;99;38707;6;9908998
wzg.wzg_9_490904_nbg_wvlt1_131.m.de;WZG_AQ_9_490904_Nbg_131;131;3547;59;908091
wzg.wzg_96_170371_mch_pw1_1.m.de;;1;37538;211;9609939
wzg.hs_96_160355_lin_hs1_162.m.de;;162;37576;252;9619708
aq.aq9-780-mch_p.m.de;;0;35669;97;9131361
wzg.wzgwwq03-mch_wta2_227.m.de;WWQ94_003_Mch_227;227;36781;187;9416123
wzg.wwq_a7_960_707_ulm_pw2_2.m.de;;2;2773;18;709906
wzg.wzg92-710-mch_a1_33.m.de;;33;36002;7;9216519
wzg.aqq11_sbg_b1_97.m.de;;97;38738;52;9916980
wzg.wzg99-560-stg_c1_73.m.de;;73;38747;89;9919321
wzg.wzg9-308-nbg_w7_7.m.de;WWQ_9308_7;7;3541;180;906676
wzg.cluster_aq92-530-mch_193.m.de;;193;36002;123;9216635
wzg.aq_a7_958_035_ulm_b1_65.m.de;;65;2772;190;709822
wzg.wzg_99_9140_sbg_b1_97.m.de;;97;38697;244;9906676
aq.aq92-540-mch.m.de;;0;36002;90;9216602
wzg.wzg_b2n_006796_gap_a2_164.m.de;;164;809;163;207267
wzg.wzg92-584-mch_w4_37.m.de;WWQ_92584_37;37;36001;188;9216444
wzg.aqb25_mch_b3_99.m.de;;99;3192;8;817160
wzg.aqq48_sbg_a2_1.m.de;;1;3153;36;807204
aq.aq_b2n_008441_mch.m.de;;0;848;205;217293
wzg.wzg99-620-stg_dlzfs1_2.m.de;;2;38746;35;9919011
aq.aq_99_18390_stg.m.de;;0;38739;180;9917364
wzg.wzg_96_140915_lin_b1_97.m.de;;97;37575;58;9619258
wzg.wzg_b17_800_0350_lbg_b1_97.m.de;;97;6665;119;1706359
wzg.wzg92-050-deg_a1_1.m.de;;1;35961;88;9206104
wzg.wzg9-670-mch_c2_106.m.de;WZG_AQ9_670_Mch_106;106;35668;116;9131124
wzg.wzg9-700-mch_w11_44.m.de;WWQ_9700_44;44;35668;192;9131200
wzg.wzg9-238-nbg_bl1_3.m.de;WWQ_9238_3;3;3540;235;906475
aq.aq_b2n_008144_gap.m.de;;0;809;181;207285
wzg.wzg_99_as6_230_sz_b1_97.m.de;;97;38695;202;9906122
wzg.wzg9-308-nbg_w4_4.m.de;WWQ_9308_4;4;3541;180;906676
aq.wwq_a7_959_514_fue.m.de;;0;2811;245;719861
wzg.wzg_96_161787_mch_pw11_11.m.de;;11;37524;215;9606359
wzg.cluster_aq99-250-sbg_193.m.de;;193;38706;131;9908867
wzg.wzg_99_9800_sbg_b2_r_161.m.de;;161;38698;36;9906724
aq.aq_9_504520_mch.m.de;;0;3588;226;918754
wzg.wzg_99_25130_stg_wta2_2.m.de;;2;38702;150;9907862
wzg.wzg99-550-stg_a2_2.m.de;;2;38747;176;9919408
wzg.wzg_9_481250_nbg_a1_1.m.de;WZG_AQ_9_481250_Nbg_1;1;3545;103;907623
wzg.wzg92-584-mch_w1_34.m.de;WWQ_92584_34;34;36001;188;9216444
wzg.wzg99-811-stg_c4_76.m.de;;76;38740;193;9917633
wzg.wzg_9_485750_mch_b2_98.m.de;WZG_AQ_9_485750_Mch_98;98;3585;83;917843
aq.aq_96_140645_lin.m.de;;0;37575;53;9619253
wzg.wzg9-238-nbg_w1_1.m.de;WWQ_9238_1;1;3540;235;906475
wzg.wzg9-308-nbg_cl1_194.m.de;WWQ_9308;194;3541;180;906676
wzg.wzg99-210-sbg_b2_98.m.de;;98;38705;187;9908667
aq.aqq32_sbg_h.m.de;;0;3152;211;807123
wzg.aq_94_109645_pas_d2_130.m.de;;130;36752;16;9408528
wzg.aqq203_mch_a2_34.m.de;;34;3198;149;818837
wzg.aq_94_110089_pas_text1_65.m.de;;65;36752;19;9408531
wzg.wzg9-308-nbg_w6_6.m.de;WWQ_9308_6;6;3541;180;906676
wzg.wzg_99_7588_sbg_c1_73.m.de;;73;38736;144;9916560
wzg.wzg_96_154790_lin_z131_c_r_163.m.de;;163;37576;124;9619580
wzg.aq_94_108794_mch_a2_34.m.de;;34;36791;4;9418500
wzg.cluster_aq99-695-stg_194.m.de;AQ99-695-Stg;194;38745;70;9918790
wzg.wzgaq10-mch_c1_106.m.de;;106;36781;110;9416046
wzg.wzg_9_494840_nbg_a4_4.m.de;WZG_AQ_9_494840_Nbg_4;4;3547;252;908284
wzg.wzg92-020-deg_a2_2.m.de;;2;35960;254;9206014
aq.aq_99_10220_sbg.m.de;;0;38698;69;9906757
aq.aq_b2n_005935_gap.m.de;;0;809;150;207254
aq.aqaq07-mch.m.de;;0;36781;173;9416109
wzg.cluster_aq_96_140495_lin_193.m.de;;193;37575;49;9619249
wzg.wzg_99_10155_sbg_lsa1_33.m.de;;33;38698;64;9906752
wzg.aq_a7_960_120_ulm_d1_135.m.de;;135;2772;249;709881
wzg.wzgaq06-mch_c1_105.m.de;;105;36781;192;9416128
wzg.aqq257_sbg_c1_73.m.de;;73;3162;109;809581
wzg.wzg_99_30450_stg_led1_129.m.de;;129;38743;49;9918257
wzg.wzg99-540-stg_a2_2.m.de;;2;38748;55;9919543
wzg.wzg99-734-stg_a1_1.m.de;;1;38743;213;9918421
wzg.wzg9-345-nbg_w12_12.m.de;WWQ_9345_12;12;3541;246;906742
wzg.wzg9-328-nbg_w8_8.m.de;WWQ_9328_8;8;3541;221;906717
aq.aq_st2007_19_292_fue_st2007.m.de;;0;2810;37;719397
wzg.wzg99-820-stg_c2_74.m.de;;74;38740;90;9917530
wzg.wzg_9_500994_nbg_a2_2.m.de;WZG_AQ_9_500994_Nbg_2;2;3549;39;908583
wzg.wzg_b471_24958_dah_bl1_233.m.de;;233;40902;112;10471024
aq.aq_8_5900_stg.m.de;;0;3144;244;805108
wzg.wzg_b2n_006763_mch_a1_133.m.de;;133;848;180;217268
wzg.wzg_96_161485_mch_pw3_3.m.de;;3;37524;225;9606369
wzg.aq_94_110284_pas_c1_73.m.de;;73;36752;23;9408535
wzg.aqb25_mch_a1_33.m.de;;33;3192;8;817160
wzg.wzg_9_511900_nbg_a4_4.m.de;WZG_AQ_9_511900_Nbg_4;4;3551;58;909114
wzg.wzg9-166-nbg_b2_67.m.de;WZG_AQ9_166_Nbg_67;67;35279;46;9031470
wzg.cluster_aq_b2n_007633_gap_cluster_197.m.de;;197;809;172;207276
wzg.wzg_9_509515_nbg_a4_4.m.de;WZG_AQ_9_509515_Nbg_4;4;3550;199;908999
aq.aq92-584-mch.m.de;;0;36001;188;9216444
wzg.aqq231_mch_a1_33.m.de;;33;3199;210;819154
wzg.cluster_aqaq07-mch_193.m.de;;193;36781;173;9416109
wzg.wzg_96_153990_lin_dlz1_178.m.de;;178;37576;102;9619558
wzg.aqq225_mch_a1_33.m.de;;33;3199;173;819117
wzg.wzg_96_171575_lin_led1_106.m.de;;106;37577;255;9619967
wzg.cluster_aq99-810-stg_194.m.de;;194;38741;20;9917716
wzg.cluster_aq99-188-sbg_195.m.de;;195;38705;92;9908572
wzg.wzg99-630-stg_w7_8.m.de;AQ99-630-Stg_8;8;38746;20;9918996
wzg.wzg_96_161787_mch_pw9_9.m.de;;9;37524;215;9606359
aq.aqaq188-mch.m.de;;0;36782;79;9416271
wzg.wzg_99_10566_sbg_dlz1_1.m.de;;1;38698;110;9906798
wzg.wzg92-210-deg_c1_73.m.de;;73;35963;97;9206625
wzg.wzg_96_155360_lin_a3_35.m.de;;35;37576;137;9619593
aq.aq9-350-nbg.m.de;;0;35277;100;9031012
aq.aq_99_14110_stg.m.de;;0;38738;119;9917047
wzg.cluster_aq_9_494840_nbg_194.m.de;AQ_AQ_9_494840_Nbg_194;194;3547;252;908284
wzg.cluster_aq_99_9600_lin_193.m.de;;193;38737;39;9916711
wzg.cluster_aq_b2n_007022_gap_cluster_195.m.de;;195;809;163;207267
wzg.aqq215_mch_a1_33.m.de;;33;3199;66;819010
aq.aq92-060-deg.m.de;;0;35961;151;9206167
wzg.cluster_aq_9_488800_mch_193.m.de;AQ_AQ_9_488800_Mch_193;193;3585;227;917987
wzg.aqb23_mch_b3_99.m.de;;99;3192;39;817191
wzg.wzg9-238-nbg_cl1_194.m.de;WWQ_9238;194;3540;235;906475
wzg.wzg9-790-mch_a3_35.m.de;WZG_AQ9_790_Mch_35;35;35670;25;9131545
wzg.wzg_96_145861_mch_a2_2.m.de;;2;37575;172;9619372
aq.aq99-734-stg.m.de;;0;38743;213;9918421
wzg.wzg_9_510320_mch_a4_36.m.de;WZG_AQ_9_510320_Mch_36;36;3589;251;919035
wzg.wzg_b2n_007279_mch_a1_gv_165.m.de;;165;848;188;217276
wzg.wzgaq14-pas_rgr_129.m.de;;129;36742;163;9406115
wzg.cluster_aq_b2n_006052_mch_cluster_196.m.de;;196;848;166;217254
wzg.wzg99-170-sbg_a2_34.m.de;;34;38705;8;9908488
aq.aq99-155-sbg.m.de;;0;38704;229;9908453
wzg.hs_99_11643_stg_hs1_133.m.de;;133;38737;193;9916865
wzg.wzg_b2n_009400_mch_z131_r_129.m.de;;129;848;216;217304
wzg.wzg_99_25600_stg_wta3_3.m.de;;3;38702;184;9907896
wzg.wzg_96_139729_lin_dlz2_50.m.de;;50;37575;36;9619236
aq.aq_94_ampf_0166_em.m.de;;0;36790;255;9418495
wzg.wzgwwq10-pas_wta1_225.m.de;WWQ94_010_Pas_225;225;36742;138;9406090
wzg.www_st2068_fr-w_pw1_169.m.de;;169;37562;133;9616005
wzg.wzg99-845-stg_c1_73.m.de;;73;38734;132;9916036
wzg.wzg_b2n_009000_mch_wta1_73.m.de;;73;848;211;217299
aq.aq_b2n_006978_gap.m.de;;0;809;163;207267
wzg.wzg_96_154530_lin_dlz4_35.m.de;;35;37576;118;9619574
wzg.wzg_92_eost_0225_xz_w7_40.m.de;;40;36001;161;9216417
wzg.wzg_b2n_006965_mch_lsa1_131.m.de;;131;848;180;217268
wzg.wzg_9_494840_nbg_dlz1_9.m.de;WZG_AQ_9_494840_Nbg_9;9;3547;252;908284
wzg.aq_94_110189_pas_b1_65.m.de;;65;36752;22;9408534
wzg.wzg99-188-sbg_b1_161.m.de;;161;38705;92;9908572
wzg.wzg99-062-sbg_w8_41.m.de;WWQ_99062_41;41;38701;127;9907583
wzg.wzg_92_3720_mch_w6_231.m.de;WWQ_92372_231;231;36000;112;9216112
wzg.wzg9-780-mch_p_a1_41.m.de;WZG_AQ9_780_Mch_P_41;41;35669;97;9131361
wzg.wzg_99_11228_sbg_b1_137.m.de;;137;38698;110;9906798
wzg.wzg_b2n_008848_mch_dlz2_gv_34.m.de;;34;848;208;217296
wzg.wzg92-030-deg_c1_74.m.de;;74;35960;254;9206014
wzg.wzg99-550-stg_c2_74.m.de;;74;38747;176;9919408
wzg.wzg_96_146145_mch_lsa1_1.m.de;;1;37575;178;9619378
wzg.wzg9-789-mch_w6_42.m.de;;42;35670;16;9131536
wzg.wzg_r200_000022_gap_wta1_33.m.de;;33;809;61;207165
wzg.cluster_aqwwq114-pas_194.m.de;;194;36742;192;9406144
wzg.cluster_wwq_99_24425_stg_194.m.de;;194;38702;97;9907809
wzg.wzg_8_8700_stg_a2_34.m.de;;34;3145;40;805160
wzg.wwq_a7_959_514_fue_bl1_57.m.de;;57;2811;245;719861
wzg.wzg_9_503485_mch_a4_36.m.de;WZG_AQ_9_503485_Mch_36;36;3588;174;918702
wzg.wzgaq194-mch_w5_5.m.de;WWQ94_194_Mch_5;5;36782;55;9416247
wzg.wzg8-130-mch_w5_38.m.de;AQ8O_130_Mch_38;38;3149;209;806353
wzg.hs_96_154493_lin_hs1_162.m.de;;162;37576;118;9619574
wzg.aqq83_sbg_b1_65.m.de;;65;3153;183;807351
wzg.wzg99-062-sbg_bl1_33.m.de;WWQ_99062_33;33;38701;127;9907583
wzg.cluster_aq99-268-sbg_dlz_193.m.de;;193;38707;79;9909071
wzg.wzg99-300-sbg_a1_33.m.de;;33;38708;216;9909464
wzg.wzg99-620-stg_a3_4.m.de;;4;38746;35;9919011
wzg.aqb22_mch_c1_105.m.de;;105;3192;52;817204
wzg.cluster_aqq247_sbg_e_193.m.de;;193;3161;172;809388
wzg.wzg99-190-sbg_a2_34.m.de;;34;38705;92;9908572
wzg.wwq_a7_944_025_fue_pw6_38.m.de;;38;2810;24;719384
wzg.wzg_b2n_007347_gap_dlz1_33.m.de;;33;809;172;207276
wzg.wzg_99_5430_sbg_a2_2.m.de;;2;38735;242;9916402
wzg.cluster_wwq_a7_943_520_fue_193.m.de;;193;2810;8;719368
wzg.wzg_9_511350_mch_w7_231.m.de;WWQ_9586_231;231;3590;46;919086
wzg.wzg_9_491125_nbg_w2_226.m.de;;226;3547;76;908108
wzg.wzg_99a_100750_stg_a1_1.m.de;;1;38709;112;9909616
aq.pw_99_32135_stg.m.de;;0;38704;152;9908376
aq.aq_9_494840_nbg.m.de;;0;3547;252;908284
wzg.wzg9-630-mch_b3_99.m.de;WZG_AQ9_630_Mch_99;99;35668;12;9131020
wzg.wzg_b2n_005440_gap_lsa1_163.m.de;;163;809;141;207245
wzg.wzg_9_496895_nbg_c2_74.m.de;WZG_AQ_9_496895_Nbg_74;74;3548;96;908384
wzg.wzg_b2n_005933_gap_lsa1_57.m.de;;57;809;150;207254
wzg.cluster_aq99-587-stg_194.m.de;;194;38746;175;9919151
aq.aq_b2n_006397_mch.m.de;;0;848;173;217261
wzg.cluster_aq9-780-mch_193.m.de;AQ_AQ9_780_Mch_193;193;35669;97;9131361
wzg.wzg99520_stg_a3_3.m.de;;3;38749;135;9919879
wzg.wzg_96_160770_lin_z131_c_r_163.m.de;;163;37577;6;9619718
wzg.cluster_aq_96_155360_lin_193.m.de;;193;37576;137;9619593
wzg.wzg_9_490695_mch_w1_226.m.de;;226;3586;72;918088
wzg.cluster_aq_b2n_008144_gap_cluster_195.m.de;;195;809;181;207285
wzg.wzg_9_477875_mch_c2_106.m.de;WZG_AQ_9_477875_Mch_106;106;3583;207;917455
wzg.wzg99-025-sbg_w1_34.m.de;WWQ_99025_34;34;38700;20;9907220
wzg.wzg9-360-nbg_c2_74.m.de;WZG_AQ9_360_Nbg_74;74;35277;63;9030975
wzg.wzg_96_161150_lin_c2_106.m.de;;106;37577;15;9619727
wzg.wzg_b2n_005935_gap_b2_gv_132.m.de;;132;809;150;207254
wzg.aq_a7_960_920_fue_a2_34.m.de;;34;2812;28;719900
aq.aq_99_10812_sbg.m.de;;0;38698;110;9906798
wzg.aqq51_sbg_c1_73.m.de;;73;3153;55;807223
wzg.portal_a7_962_719_ulm_b1_9.m.de;;9;2773;73;709961
wzg.wzg_9_502505_nbg_a3_3.m.de;WZG_AQ_9_502505_Nbg_3;3;3549;113;908657
wzg.cluster_aqq215_mch_e_194.m.de;;194;3199;66;819010
wzg.wzg_b2n_006796_gap_dlz1_gv_1.m.de;;1;809;163;207267
wzg.wzgaq196-mch_w2_2.m.de;;2;36782;39;9416231
wzg.wzg_8_7100_stg_a3_35.m.de;;35;3145;10;805130
aq.aq_9_489350_mch.m.de;;0;3585;253;918013
aq.aq_9_505750_mch.m.de;;0;3589;28;918812
wzg.wzg_9_502250_mch_a1_33.m.de;WZG_AQ_9_502250_Mch_33;33;3588;113;918641
wzg.wzg_9_500390_mch_c1_105.m.de;WZG_AQ_9_500390_Mch_105;105;3588;23;918551
wzg.wzg_b2n_007492_gap_led1_gv_161.m.de;;161;809;172;207276
wzg.aqq32_sbg_pw2_130.m.de;;130;3152;211;807123
wzg.wzg_b2n_006796_gap_b1_gv_133.m.de;;133;809;163;207267
wzg.wzg9-310-nbg_a2_2.m.de;WZG_AQ9_310_Nbg_2;2;35277;164;9031076
aq.aq92-520-mch.m.de;;0;36002;145;9216657
wzg.wzg99-145-sbg_lcd1_97.m.de;AQ99-145-Sbg_97;97;38704;155;9908379
wzg.aq_a7_956_909_fue_a2_34.m.de;;34;2811;159;719775
wzg.cluster_aq99-560-stg_194.m.de;;194;38747;89;9919321
wzg.wzg_99_27885_stg_a2_2.m.de;;2;38703;99;9908067
wzg.wzg99-810a-l-stg_b1_132.m.de;;132;38741;14;9917710
wzg.cluster_aq_99_3728_lin_193.m.de;;193;38696;96;9906272
aq.aq_96_153990_lin.m.de;;0;37576;102;9619558
wzg.cluster_aqwwq03-mch_195.m.de;WWQ94_003_Mch;195;36781;187;9416123
aq.aqq91_sbg_h.m.de;;0;3153;216;807384
wzg.wzg99-020-sbg_a3_35.m.de;;35;38699;195;9907139
wzg.cluster_aq_9_489776_mch_193.m.de;AQ_AQ_9_489776_Mch_193;193;3586;11;918027
wzg.wzg92-090-deg_a1_1.m.de;;1;35962;57;9206329
aq.aqq237_sbg_h.m.de;;0;3161;37;809253
wzg.cluster_aq99-532-stg_194.m.de;;194;38748;154;9919642
wzg.wzg_96_161485_mch_pw8_8.m.de;;8;37524;225;9606369
wzg.aqb29_mch_b1_97.m.de;;97;3191;203;817099
wzg.aqq257_mch_a2_34.m.de;;34;3162;109;809581
wzg.wzg_96_154790_lin_z131_c_l_164.m.de;;164;37576;124;9619580
wzg.wzg9-740-mch_w16_51.m.de;WWQ_9740_51;51;35669;28;9131292
wzg.aqq218_mch_b1_163.m.de;;163;3160;78;809038
wzg.aq_94_110384_pas_a2_2.m.de;;2;36752;26;9408538
wzg.wzg_99_26040_stg_pw3_135.m.de;;135;38702;217;9907929
wzg.wzg99-152-sbg_w4_38.m.de;AQ99-152-Sbg_38;38;38704;198;9908422
wzg.wzg99-650-stg_w15_16.m.de;AQ99-650-Stg_16;16;38745;163;9918883
wzg.wzg99-145-sbg_w6_38.m.de;AQ99-145-Sbg_38;38;38704;155;9908379
wzg.cluster_aq_b2n_006903_mch_cluster_198.m.de;;198;848;180;217268
wzg.wzg_b2n_006763_mch_a1_gv_165.m.de;;165;848;180;217268
aq.aqq34_sbg_h.m.de;;0;3152;215;807127
wzg.wzg_9_479450_mch_a2_34.m.de;WZG_AQ_9_479450_Mch_34;34;3584;28;917532
wzg.wzg_99_18390_stg_wta1_233.m.de;WWQ_99.X_233;233;38739;180;9917364
wzg.wzgfsa06-pas_dlzfs2_10.m.de;;10;36742;131;9406083
wzg.wzg9-781b-mch_bl1_4.m.de;WWQ_9.781b_4;4;3579;152;916376
aq.aq_9_510320_mch.m.de;;0;3589;251;919035
wzg.wzg99-060-sbg_c2_106.m.de;;106;38701;108;9907564
wzg.aqq255_mch_b1_97.m.de;;97;3162;45;809517
wzg.wzg99-063-stg_w11_44.m.de;WWQ_99063_44;44;38701;165;9907621
wzg.wzg_9_511900_nbg_c4_76.m.de;WZG_AQ_9_511900_Nbg_76;76;3551;58;909114
wzg.wzg9-740-mch_w14_49.m.de;WWQ_9740_49;49;35669;28;9131292
wzg.wzgaq06-mch_a1_33.m.de;;33;36781;192;9416128
wzg.wzg_92_2430_deg_w4_228.m.de;WWQ_922430_228;228;35961;55;9206071
wzg.wzg_9_483145_mch_c2_106.m.de;WZG_AQ_9_483145_Mch_106;106;3584;208;917712
aq.aq99-210-sbg_pw.m.de;;0;38705;187;9908667
wzg.wzg_99_31800_sbg_c3_107.m.de;;107;38743;144;9918352
wzg.cluster_aq_94_ampf_0166_em_195.m.de;;195;36790;255;9418495
wzg.wzg_9_506950_nbg_wvlt1_131.m.de;WZG_AQ_9_506950_Nbg_131;131;3550;73;908873
wzg.wzg_92_eost_0033_xz_w8_41.m.de;;41;36001;164;9216420
wzg.cluster_aq_9_502250_mch_193.m.de;AQ_AQ_9_502250_Mch_193;193;3588;113;918641
wzg.wzgaq12-pas_c2_74.m.de;;74;36742;105;9406057
wzg.wzg_9_495035_mch_b3_99.m.de;WZG_AQ_9_495035_Mch_99;99;3587;20;918292
wzg.wzg99-630-stg_w5_6.m.de;AQ99-630-Stg_6;6;38746;20;9918996
aq.aqb23_mch_h.m.de;;0;3192;39;817191
wzg.wzg_99_5620_lin_bl1_167.m.de;;167;38696;244;9906420
wzg.wzg99-160-sbg_lcd2_98.m.de;AQ99-160-Sbg_98;98;38704;249;9908473
wzg.dlz_96_139930_lin_dlz1_41.m.de;;41;37575;36;9619236
wzg.wzg99-q7_sbg_c1_105.m.de;;105;38737;219;9916891
aq.aq_99_27814_sbg.m.de;;0;38742;107;9918059
wzg.wzg99-063-stg_w4_37.m.de;WWQ_99063_37;37;38701;165;9907621
wzg.wzg9-330-nbg_a1_130.m.de;WZG_AQ9_330_Nbg_130;130;35277;142;9031054
wzg.cluster_aq99-080-sbg_193.m.de;;193;38702;67;9907779
wzg.wzgaq11-pas_a2_3.m.de;;3;36742;86;9406038
wzg.wzg9-650-mch_a1_33.m.de;WZG_AQ9_650_Mch_33;33;35668;62;9131070
wzg.wzgaq188-mch_w4_4.m.de;WWQ94_188_Mch_4;4;36782;79;9416271
wzg.aq_94_109969_pas_d1_135.m.de;;135;36752;16;9408528
wzg.wzg99-810a-r-stg_b1_131.m.de;;131;38741;14;9917710
wzg.wzg_96_153990_lin_dlz3_gv_11.m.de;;11;37576;102;9619558
wzg.wzg_99_11964_stg_a1_1.m.de;;1;38737;214;9916886
wzg.aqq57_sbg_b1_65.m.de;;65;3153;82;807250
aq.aqzfr03-pas.m.de;;0;36742;189;9406141
wzg.wzg9-650-mch_c2_106.m.de;WZG_AQ9_650_Mch_106;106;35668;62;9131070
wzg.wzg_b2n_005952_mch_dlz3_gv_43.m.de;;43;848;166;217254
wzg.wzg92-700-mch_a2_34.m.de;;34;36000;12;9216012
aq.wwq_96_169700_mch.m.de;;0;37538;195;9609923
wzg.wzg_9_505750_mch_a4_36.m.de;WZG_AQ_9_505750_Mch_36;36;3589;28;918812
aq.aq_99_7880_lin.m.de;;0;38697;154;9906586
wzg.lsa_94_109984_pas_lsa2_2.m.de;;2;36752;16;9408528
wzg.wzg_96_140495_lin_b1_97.m.de;;97;37575;49;9619249
wzg.wzg_99_4862_sbg_c2_134.m.de;;134;38735;225;9916385
wzg.wzg_b2n_006965_mch_led1_gv_129.m.de;;129;848;180;217268
wzg.wzg_95_1990_mch_bl1_25.m.de;;25;37133;32;9506080
wzg.aqb29_mch_pw1_161.m.de;;161;3191;203;817099
wzg.wzg_99_2700_sbg_bl1_135.m.de;;135;38735;38;9916198
wzg.wzg_96_147369_lin_c1_105.m.de;;105;37575;208;9619408
wzg.wzg92-650-mch_a2_34.m.de;;34;36000;133;9216133
wzg.wzgwwq07-pas_wta1_226.m.de;WWQ94_007_Pas_226;226;36742;111;9406063
wzg.wzg_9_490336_mch_dlz1_41.m.de;WZG_AQ_9_490336_Mch_41;41;3586;44;918060
aq.aq99-025-sbg.m.de;;0;38700;20;9907220
wzg.wzg9-695-mch_a1_161.m.de;WZG_AQ9_695_Mch_161;161;35668;178;9131186
wzg.wzg_b2n_006763_mch_dlz1_17.m.de;;17;848;180;217268
wzg.wzg_99_30715_stg_w1_1.m.de;;1;38743;68;9918276
wzg.wzg_96_155060_lin_z131_z501_c_r_163.m.de;;163;37576;130;9619586
wzg.wzg92-210-deg_a1_1.m.de;;1;35963;97;9206625
wzg.wzg_99_10566_sbg_dlz3_3.m.de;;3;38698;110;9906798
wzg.wzg_b2n_005695_gap_a2_35.m.de;;35;809;145;207249
wzg.hs_99_9825_sbg_hs1_171.m.de;;171;38698;36;9906724
wzg.cluster_aq99-028-sbg_193.m.de;WWQ_99028;193;38700;37;9907237
wzg.wzg99-587-stg_w1_2.m.de;;2;38746;175;9919151
wzg.wzg9-781c-mch_bl1_4.m.de;WWQ_9.781c_4;4;3579;128;916352
aq.aq_b2n_009600_mch.m.de;;0;848;219;217307
wzg.wzg_b17_780_0820_lbg_a1_33.m.de;;33;6665;152;1706392
aq.hs_99_3129_sbg.m.de;;0;38735;55;9916215
wzg.wzg9-760-mch_w14_49.m.de;WWQ_9760_49;49;35669;66;9131330
wzg.wzg_99_4052_lin_c1_165.m.de;;165;38696;128;9906304
wzg.cluster_aq_99_10586_stg_199.m.de;;199;38737;126;9916798
wzg.wzgaq202e-mch_a1_129.m.de;;129;36791;253;9418749
wzg.wzg_9_486950_mch_c2_106.m.de;WZG_AQ_9_486950_Mch_106;106;3585;137;917897
wzg.wzgfsa08-pas_dlzfs1_9.m.de;;9;36742;145;9406097
wzg.wzg_96_159170_lin_dlz2_33.m.de;;33;37576;227;9619683
wzg.wzg_96_146011_mch_a2_2.m.de;;2;37575;175;9619375
wzg.aqq65_sbg_b1_65.m.de;;65;3153;124;807292
wzg.aqq57_sbg_a2_2.m.de;;2;3153;82;807250
wzg.wzg99-890-stg_cl1_193.m.de;;193;38699;42;9906986
aq.aq_92_eost_0655_fy.m.de;;0;36001;160;9216416
aq.aq99-721-stg.m.de;;0;38744;83;9918547
wzg.wzg_96_146145_lin_d1_39.m.de;;39;37575;178;9619378
wzg.aq_96_170635_mch_c2_74.m.de;;74;37538;216;9609944
aq.aq99-800-stg.m.de;;0;38741;87;9917783
wzg.wzg_b17_800_0350_aug_a2_2.m.de;;2;6665;119;1706359
wzg.wzg_92_eost_0225_xz_w5_38.m.de;;38;36001;161;9216417
wzg.wzg9-710-mch_w9_42.m.de;WWQ_9710_42;42;35668;212;9131220
wzg.cluster_aqfsa03-mch_193.m.de;;193;36781;182;9416118
wzg.wzgaq205-mch_b1_97.m.de;;97;36781;233;9416169
wzg.wzg_9_508400_nbg_a2_2.m.de;WZG_AQ_9_508400_Nbg_2;2;3550;144;908944
wzg.wzg92-590-mch_c1_106.m.de;;106;36001;165;9216421
wzg.wzg_9_489247_nbg_c1_73.m.de;WZG_AQ_9_489247_Nbg_73;73;3546;236;908012
wzg.wzg_9_481250_nbg_a2_2.m.de;WZG_AQ_9_481250_Nbg_2;2;3545;103;907623
wzg.aqq259_sbg_c1_73.m.de;;73;3162;162;809634
wzg.aqq237_mch_a2_34.m.de;;34;3161;37;809253
wzg.wzg99-734-stg_pw1_129.m.de;;129;38743;213;9918421
wzg.wzg9-670-mch_a4_36.m.de;WZG_AQ9_670_Mch_36;36;35668;116;9131124
wzg.wzg_99a_104300_stg_b1_68.m.de;;68;38737;39;9916711
wzg.cluster_aqb22_mch_h_193.m.de;;193;3192;52;817204
wzg.wzg_99_10812_sbg_a2_134.m.de;;134;38698;110;9906798
wzg.cluster_aqq35_sbg_h_193.m.de;;193;3152;231;807143
wzg.wzg_99_6505_sbg_b1_65.m.de;;65;38736;66;9916482
wzg.cluster_aq9-780-mch_p_195.m.de;AQ_AQ9_780_Mch_P_195;195;35669;97;9131361
wzg.wzg9-794-mch_ufl1_2.m.de;;2;3578;228;916196
wzg.wzg_9_499330_nbg_c2_74.m.de;WZG_AQ_9_499330_Nbg_74;74;3548;214;908502
aq.aqq255_sbg_h.m.de;;0;3162;45;809517
wzg.wzg92-170-deg_c2_74.m.de;;74;35963;28;9206556
wzg.cluster_aq_96_139426_mch_196.m.de;;196;37575;23;9619223
wzg.aqb16_mch_b1_97.m.de;;97;3192;145;817297
wzg.wzg_9_486950_mch_b1_97.m.de;WZG_AQ_9_486950_Mch_97;97;3585;137;917897
wzg.wzg_9_akneuf_0840_af_w3_228.m.de;WWQ_9601_228;228;3590;99;919139
wzg.wzg_9_485020_nbg_wvlt1_131.m.de;WZG_AQ_9_485020_Nbg_131;131;3546;30;907806
wzg.wzg_b2n_008915_gap_lsa_gv_133.m.de;;133;809;192;207296
wzg.aqq239_sbg_b1_65.m.de;;65;3161;85;809301
wzg.wzg_96_149480_lin_b1_163.m.de;;163;37576;1;9619457
wzg.wzg_b2n_007379_mch_dlz2_gv_50.m.de;;50;848;188;217276
wzg.portal_a7_962_719_ulm_a1_1.m.de;;1;2773;73;709961
wzg.aqq67_sbg_a1_1.m.de;;1;3153;135;807303
wzg.wzg99-020-sbg_c2_106.m.de;;106;38699;195;9907139
wzg.wzg_9_498030_mch_b1_97.m.de;WZG_AQ_9_498030_Mch_97;97;3587;164;918436
aq.aqq205_mch_e.m.de;;0;3198;174;818862
aq.aq_99_4862_sbg.m.de;;0;38735;225;9916385
aq.aq92-220-deg.m.de;;0;35963;114;9206642
aq.aq99-810-stg.m.de;;0;38741;20;9917716
wzg.cluster_aqaq202-mch_193.m.de;;193;36782;63;9416255
wzg.wzg_99_3312_lin_c1_169.m.de;;169;38696;96;9906272
wzg.cluster_wwq_99_30715_stg_194.m.de;;194;38743;68;9918276
wzg.wzg_9_506690_mch_b3_99.m.de;WZG_AQ_9_506690_Mch_99;99;3589;76;918860
wzg.aqb25_mch_c1_105.m.de;;105;3192;8;817160
aq.aq92-590-mch.m.de;;0;36001;165;9216421
wzg.wwq_a7_960_707_ulm_pw1_1.m.de;;1;2773;18;709906
wzg.aqq245_sbg_a2_2.m.de;;2;3161;157;809373
wzg.wzg_b2n_008364_gap_b1_169.m.de;;169;809;181;207285
aq.aq_99_4932_lin.m.de;;0;38696;209;9906385
wzg.wzg_99_12270_stg_a2_2.m.de;;2;38737;237;9916909
aq.aq_b2n_006170_gap.m.de;;0;809;150;207254
wzg.aqq13_sbg_ec1_105.m.de;;105;3152;173;807085
wzg.aqq83_sbg_a1_1.m.de;;1;3153;183;807351
wzg.wzg99-730-stg_c3_75.m.de;;75;38744;16;9918480
wzg.wzg_b471_24741_dah_bl1_233.m.de;;233;40902;111;10471023
aq.aq_b2n_006220_gap.m.de;;0;809;150;207254
wzg.wzg99-079a-sbg_a1_161.m.de;;161;38702;55;9907767
wzg.wzg99-150-sbg_c3_107.m.de;;107;38704;181;9908405
wzg.wzg_96_171575_lin_bl1_57.m.de;;57;37577;255;9619967
wzg.wzg92-140-deg_b1_131.m.de;;131;35962;147;9206419
wzg.wzg_99_3312_lin_b2_168.m.de;;168;38696;96;9906272
wzg.wzg_99_2927_sbg_b2_66.m.de;;66;38735;55;9916215
wzg.wzg_b2n_007379_mch_dlz1_gv_49.m.de;;49;848;188;217276
wzg.aqq275_sbg_a1_1.m.de;;1;3163;120;809848
wzg.aq_a7_956_719_fue_c1_165.m.de;;165;2811;159;719775
wzg.wzg_b2n_007525_mch_dlz2_gv_42.m.de;;42;848;188;217276
aq.aqwwq202-mch.m.de;;0;36781;216;9416152
wzg.aqq65_sbg_a1_1.m.de;;1;3153;124;807292
wzg.aq_a7_959_720_ulm_c1_73.m.de;;73;2772;237;709869
wzg.cluster_aq99-714-stg_194.m.de;;194;38744;200;9918664
wzg.hs_b2n_005800_gap_hs2_162.m.de;;162;809;147;207251
wzg.aqq281_sbg_b1_131.m.de;;131;3163;153;809881
wzg.wzg9-110-nbg_a3_3.m.de;WZG_AQ9_110_Nbg_3;3;35279;175;9031599
wzg.wzg_96_162376_mch_pw12_12.m.de;;12;37524;230;9606374
wzg.wzg92-150-deg_c1_73.m.de;;73;35962;179;9206451
wzg.cluster_aqq57_sbg_h_193.m.de;;193;3153;82;807250
wzg.wzg_b2n_005988_gap_dlz3_gv_3.m.de;;3;809;150;207254
aq.wwq_a7_944_025_fue.m.de;;0;2810;24;719384
wzg.wzgaq115c-pas_rgr_129.m.de;;129;36742;204;9406156
wzg.wzg9-210-nbg_b1_65.m.de;WZG_AQ9_210_Nbg_65;65;35278;174;9031342
wzg.wzg9-350-nbg_a3_3.m.de;WZG_AQ9_350_Nbg_3;3;35277;100;9031012
wzg.wzgaq12-pas_rgr_129.m.de;;129;36742;105;9406057
wzg.wzg_9_498180_nbg_wvlt1_131.m.de;WZG_AQ_9_498180_Nbg_131;131;3548;159;908447
wzg.wzgaq14-pas_rgl_130.m.de;;130;36742;163;9406115
wzg.wzg_96_161485_mch_pw2_2.m.de;;2;37524;225;9606369
wzg.hs_96_139428_mch_hs1_130.m.de;;130;37575;23;9619223
wzg.wzg_b2n_008356_mch_lsa_r_133.m.de;;133;848;205;217293
wzg.wzg_9_479450_mch_a3_35.m.de;WZG_AQ_9_479450_Mch_35;35;3584;28;917532
wzg.wzg_8_8700_stg_b1_97.m.de;;97;3145;40;805160
aq.aq_b2n_008915_gap.m.de;;0;809;192;207296
wzg.wzg92-570-mch_c2_106.m.de;;106;36001;253;9216509
wzg.wzg92-610-mch_p_b1_97.m.de;;97;36001;119;9216375
wzg.wzg9-630-mch_b1_97.m.de;WZG_AQ9_630_Mch_97;97;35668;12;9131020
aq.aqb27c_mch_h.m.de;;0;3191;226;817122
wzg.cluster_aqq11_sbg_a_193.m.de;;193;38738;52;9916980
wzg.wzg99-062-sbg_w6_39.m.de;WWQ_99062_39;39;38701;127;9907583
wzg.aq_b310_10_122_ulm_b310_pw1_161.m.de;;161;2773;4;709892
wzg.wzg_9_493593_mch_b1_97.m.de;WZG_AQ_9_493593_Mch_97;97;3586;206;918222
wzg.cluster_aq_96_146145_lin_193.m.de;;193;37575;178;9619378
wzg.wzg99-532-stg_a1_1.m.de;;1;38748;154;9919642
wzg.wzg_99_26545_stg_pw9_132.m.de;;132;38702;255;9907967
aq.aqq249_sbg_h.m.de;;0;3161;199;809415
aq.aq92-470-mch.m.de;;0;36002;250;9216762
wzg.wzg99-150-sbg_a2_34.m.de;;34;38704;181;9908405
wzg.wzg92-170-deg_a3_3.m.de;;3;35963;28;9206556
wzg.wzg92-250-mch_b1_65.m.de;;65;36002;158;9216670
wzg.wzg_a96_145456_lin_bag_a_161.m.de;;161;37575;161;9619361
wzg.wzg99-235-sbg_c1_105.m.de;;105;38706;33;9908769
wzg.wzg_9_511350_mch_w3_227.m.de;WWQ_9586_227;227;3590;46;919086
wzg.cluster_aq92-150-deg_194.m.de;;194;35962;179;9206451
wzg.wzg9-308-nbg_w1_1.m.de;WWQ_9308_1;1;3541;180;906676
wzg.wzg99-720-stg_a4_4.m.de;;4;38744;97;9918561
wzg.cluster_aq99-290-sbg_193.m.de;;193;38708;96;9909344
wzg.wzg92-060-deg_a2_2.m.de;;2;35961;151;9206167
wzg.aqq32_sbg_pw1_129.m.de;;129;3152;211;807123
wzg.wzg_99_12270_stg_b4_l_130.m.de;;130;38737;237;9916909
wzg.wzgaq115c-pas_rgl_130.m.de;;130;36742;204;9406156
wzg.wzgaq188-mch_w3_3.m.de;WWQ94_188_Mch_3;3;36782;79;9416271
wzg.wzg_96_145638_lin_a1_39.m.de;;39;37575;168;9619368
wzg.wzgaq09-mch_b2_98.m.de;;98;36781;136;9416072
wzg.aq_a7_957_493_fue_dlz1_33.m.de;;33;2772;179;709811
wzg.wzg_9_510820_mch_w13_237.m.de;WWQ_9584_237;237;3590;20;919060
wzg.wzg_99_7588_sbg_a1_1.m.de;;1;38736;144;9916560
wzg.wzg99-810-stg_c2_74.m.de;;74;38741;20;9917716
wzg.cluster_aq_99_730_sbg_194.m.de;;194;38734;146;9916050
wzg.wzg92-290-deg_a2_2.m.de;;2;35963;224;9206752
wzg.lsa_99_5190_lin_lsa1_33.m.de;;33;38696;209;9906385
wzg.wzg99-170-sbg_dlz1_56.m.de;;56;38705;8;9908488
wzg.wzg_9_494840_nbg_a2_2.m.de;WZG_AQ_9_494840_Nbg_2;2;3547;252;908284
aq.aqq77_sbg_h.m.de;;0;3153;163;807331
wzg.wzgwwq09-pas_wta4_228.m.de;WWQ94_009_Pas_228;228;36742;131;9406083
aq.aq92-020-deg.m.de;;0;35960;254;9206014
wzg.wzg_96_154790_lin_z131_bl_r_165.m.de;;165;37576;124;9619580
wzg.wzg99-028-sbg_w2_35.m.de;WWQ_99028_35;35;38700;37;9907237
wzg.aq_a7_957_393_ulm_b1_131.m.de;;131;2772;178;709810
wzg.wzgaq117-pas_a4_4.m.de;;4;36742;248;9406200
wzg.wzg_b2n_006763_mch_b1_135.m.de;;135;848;180;217268
aq.aq92-650-mch.m.de;;0;36000;133;9216133
wzg.wzg_9_505300_nbg_a4_4.m.de;WZG_AQ_9_505300_Nbg_4;4;3549;249;908793
wzg.wzg_9_511900_nbg_b1_65.m.de;WZG_AQ_9_511900_Nbg_65;65;3551;58;909114
wzg.wzg_b2n_009000_mch_lsa_l_2.m.de;;2;848;211;217299
wzg.portal_a7_961_170_fue_c1_105.m.de;;105;2812;47;719919
wzg.aqq213_sbg_a2_2.m.de;;2;3160;47;809007
wzg.aqq275_mch_a2_34.m.de;;34;3163;120;809848
wzg.wzg_96_140645_lin_z131_r_161.m.de;;161;37575;53;9619253
wzg.aq_94_110384_pas_b1_65.m.de;;65;36752;26;9408538
wzg.wzg_99_7880_lin_a2_34.m.de;;34;38697;154;9906586
wzg.wzg_99_11600_stg_c2_74.m.de;;74;38737;188;9916860
aq.aq_b17_780_0520_aug_l.m.de;;0;6704;180;1716404
wzg.wzgmo94_1-mch_rtled_2.m.de;;2;36782;72;9416264
wzg.cluster_aq_99_11600_stg_193.m.de;;193;38737;188;9916860
wzg.wzg_96_as33_0160_tz_b1_97.m.de;;97;37562;132;9616004
wzg.wzg99-890-stg_w1_1.m.de;;1;38699;42;9906986
wzg.wzg_b2n_006546_gap_dlz2_50.m.de;;50;809;156;207260
wzg.wzg_9_483465_nbg_w1_225.m.de;;225;3545;210;907730
wzg.cluster_aqq269_sbg_h_193.m.de;;193;3163;51;809779
wzg.wzgwwq201-mch_wta2_227.m.de;WWQ94_201_Mch_227;227;36781;224;9416160
wzg.wzg_9_496895_nbg_c3_75.m.de;WZG_AQ_9_496895_Nbg_75;75;3548;96;908384
wzg.cluster_aqb30_mch_apt_193.m.de;;193;3191;184;817080
wzg.aqq61_sbg_b2_66.m.de;;66;3153;97;807265
aq.aq_8_7430_mch.m.de;;0;3149;109;806253
wzg.wzg99-190-sbg_b2_98.m.de;;98;38705;92;9908572
wzg.wzg9-700-mch_w2_35.m.de;WWQ_9700_35;35;35668;192;9131200
wzg.wzg_b2n_007213_gap_dlz1_gv_17.m.de;;17;809;163;207267
wzg.wzg9-793-mch_wta1_33.m.de;;33;35669;202;9131466
wzg.wzg_96_154250_lin_dlz3_34.m.de;;34;37576;102;9619558
wzg.cluster_aq_99_3252_sbg_196.m.de;;196;38735;112;9916272
wzg.cluster_aq92-710-mch_193.m.de;;193;36002;7;9216519
wzg.wzg99-590-stg_w2_7.m.de;;7;38746;105;9919081
aq.aq_b2n_008550_gap.m.de;;0;809;189;207293
wzg.aqq63_sbg_b1_65.m.de;;65;3153;115;807283
wzg.cluster_aq_a7_959_720_fue_193.m.de;;193;2772;238;709870
wzg.aqq57_sbg_a3_3.m.de;;3;3153;82;807250
wzg.aqb18_mch_c1_105.m.de;;105;3192;113;817265
wzg.wzg_b2n_007022_gap_dlz2_42.m.de;;42;809;163;207267
wzg.wzg_99_asash_0920_am_wta1_34.m.de;WWQ99_ASAsh_0920_AM_34;34;38704;13;9908237
aq.aq_96_155360_lin.m.de;;0;37576;137;9619593
wzg.wzg_9_508400_nbg_wvlt1_131.m.de;WZG_AQ_9_508400_Nbg_131;131;3550;144;908944
wzg.aq_st2007_19_195_fue_st2007_bl1_57.m.de;;57;2810;37;719397
wzg.wzg9-610-mch_c1_106.m.de;WZG_AQ9_610_Mch_106;106;35667;224;9130976
wzg.wzg_92_akneuf_1174_um_w2_35.m.de;WWQ_92_AK_Neuf_1174_UM_35;35;36001;155;9216411
wzg.wzg_99_30450_stg_c2_74.m.de;;74;38743;49;9918257
wzg.wzg_9_490845_mch_dlz1_33.m.de;WZG_AQ_9_490845_Mch_33;33;3586;72;918088
aq.aq_9_495035_mch.m.de;;0;3587;20;918292
wzg.wzgaq12-pas_a2_2.m.de;;2;36742;105;9406057
aq.aqq9_sbg_h.m.de;;0;38738;18;9916946
wzg.wzg99-q7_sbg_a1_33.m.de;;33;38737;219;9916891
wzg.wzg_99_25600_stg_pw4_132.m.de;;132;38702;184;9907896
aq.aq99-532-stg.m.de;;0;38748;154;9919642
wzg.wzg99-063-stg_w6_39.m.de;WWQ_99063_39;39;38701;165;9907621
wzg.wzgaq09-mch_c2_106.m.de;;106;36781;136;9416072
wzg.aqq61_sbg_a2_2.m.de;;2;3153;97;807265
wzg.cluster_wwq_99_asash_0535_nz_194.m.de;;194;38743;33;9918241
wzg.wzg_96_146848_lin_dlz1_33.m.de;;33;37575;187;9619387
wzg.wzg_9_504520_mch_a4_36.m.de;WZG_AQ_9_504520_Mch_36;36;3588;226;918754
wzg.wzg_9_510320_mch_c2_106.m.de;WZG_AQ_9_510320_Mch_106;106;3589;251;919035
wzg.wzg_96_139252_mch_a1_1.m.de;;1;37575;19;9619219
wzg.cluster_aqb27c_mch_h_193.m.de;;193;3191;226;817122
aq.aqq209_mch_h.m.de;;0;3199;21;818965
wzg.wzg_99_5620_lin_a2_162.m.de;;162;38696;244;9906420
wzg.wzg_99a_103808_mch_c1_105.m.de;;105;38748;229;9919717
wzg.wzg99-070-sbg_b4_100.m.de;;100;38701;203;9907659
wzg.wzg_99_25377_at_sbg_a2_37.m.de;;37;38741;183;9917879
wzg.aqb30_mch_a2_34.m.de;;34;3191;184;817080
wzg.wzg99-270-sbg_a4_36.m.de;;36;38707;122;9909114
wzg.wzg92-180-deg_c2_74.m.de;;74;35963;73;9206601
wzg.wzg_99_1625_sbg_a3_3.m.de;;3;38734;215;9916119
wzg.cluster_aq_8_8700_stg_193.m.de;;193;3145;40;805160
wzg.wzg92-010-deg_a2_2.m.de;;2;35961;20;9206036
wzg.cluster_aq99-072-sbg_193.m.de;WWQ_99072;193;38701;222;9907678
wzg.wzg_9_503485_mch_a3_35.m.de;WZG_AQ_9_503485_Mch_35;35;3588;174;918702
wzg.wzg9-308-nbg_w2_2.m.de;WWQ_9308_2;2;3541;180;906676
wzg.wzg_9_485900_nbg_dlz1_9.m.de;WZG_AQ_9_485900_Nbg_9;9;3546;73;907849
wzg.wzg_9_495035_mch_c2_106.m.de;WZG_AQ_9_495035_Mch_106;106;3587;20;918292
wzg.wzg_9_503485_mch_c2_106.m.de;WZG_AQ_9_503485_Mch_106;106;3588;174;918702
wzg.wta_96_144347_mch_wta1_129.m.de;;129;37575;137;9619337
wzg.wzg92-520-mch_b1_97.m.de;;97;36002;145;9216657
wzg.cluster_aqq61_sbg_h_193.m.de;;193;3153;97;807265
aq.aq9-120-nbg-r.m.de;;0;35279;165;9031589
wzg.aq_a7_949_285_fue_a1_33.m.de;;33;2810;186;719546
wzg.wzg92-686-mch_w1_1.m.de;WWQ_92686_1;1;36000;32;9216032
wzg.wzg9-328-nbg_w6_6.m.de;WWQ_9328_6;6;3541;221;906717
wzg.wzgaq198a-mch_bl1_4.m.de;;4;36782;38;9416230
wzg.wzg_9_496895_nbg_c1_73.m.de;WZG_AQ_9_496895_Nbg_73;73;3548;96;908384
wzg.wzgaqrg203-mch_a2_34.m.de;;34;36782;19;9416211
aq.aq_94_110189_pas.m.de;;0;36752;22;9408534
wzg.wzg_96_170371_mch_pw7_7.m.de;;7;37538;211;9609939
wzg.aqb12_mch_b1_97.m.de;;97;3192;198;817350
wzg.aqb29_mch_c2_106.m.de;;106;3191;203;817099
wzg.wzg99-258-sbg_dlz1_33.m.de;;33;38706;204;9908940
wzg.wzgaq13-pas_b2_66.m.de;;66;36742;125;9406077
aq.aq99-180-sbg.m.de;;0;38705;28;9908508
aq.aq_96_144576_mch.m.de;;0;37575;161;9619361
wzg.wzg99-150-sbg_b1_97.m.de;;97;38704;181;9908405
aq.aq_b2n_008613_gap.m.de;;0;809;189;207293
wzg.wzg_9_508400_nbg_a1_1.m.de;WZG_AQ_9_508400_Nbg_1;1;3550;144;908944
wzg.aqq31_sbg_a2_2.m.de;;2;3152;195;807107
wzg.aq_94_108999_mch_b1_97.m.de;;97;36791;9;9418505
wzg.wzg_96_146350_lin_dlz2_50.m.de;;50;37575;187;9619387
wzg.aqq39_sbg_c1_78.m.de;;78;3153;6;807174
wzg.wzg99-062-sbg_w4_37.m.de;WWQ_99062_37;37;38701;127;9907583
wzg.wzg99-630-stg_w2_3.m.de;AQ99-630-Stg_3;3;38746;20;9918996
wzg.cluster_aq99-200-sbg_193.m.de;AQ99-200-Sbg;193;38705;151;9908631
wzg.wta_96_146158_lin_wta1_161.m.de;;161;37575;178;9619378
wzg.wzg_8_11300_stg_b2_98.m.de;;98;3145;88;805208
aq.aq_99_3312_lin.m.de;;0;38696;96;9906272
wzg.wzgaq07-mch_dlzfs2_43.m.de;;43;36781;173;9416109
aq.aq_b2n_006277_mch.m.de;;0;848;173;217261
wzg.wzg_9_484325_mch_b2_98.m.de;WZG_AQ_9_484325_Mch_98;98;3585;9;917769
wzg.aqb25_mch_a2_34.m.de;;34;3192;8;817160
wzg.wzg_96_144576_mch_bas_1_r_129.m.de;;129;37575;161;9619361
wzg.wzg9-670-mch_c1_105.m.de;WZG_AQ9_670_Mch_105;105;35668;116;9131124
wzg.wzg9-740-mch_w1_36.m.de;WWQ_9740_36;36;35669;28;9131292
wzg.wzg_99_4052_lin_c2_166.m.de;;166;38696;128;9906304
wzg.wzg99-045-sbg_b1_97.m.de;;97;38700;147;9907347
wzg.wzg9-308-nbg_w9_9.m.de;WWQ_9308_9;9;3541;180;906676
aq.aqq285_mch_h.m.de;;0;3202;201;819913
wzg.wzg92-020-deg_c1_73.m.de;;73;35960;254;9206014
wzg.wzg_b2_askre_1556_bc_pw4_4.m.de;;4;37172;31;9516063
aq.aq_a7_958_183_ulm.m.de;;0;2772;190;709822
wzg.wzg99-640-stg_w1_6.m.de;;6;38745;195;9918915
aq.aq9-125-nbg.m.de;;0;35279;158;9031582
aq.aq99-220-sbg.m.de;;0;38705;224;9908704
wzg.wzgaq09-mch_rgl_162.m.de;;162;36781;136;9416072
wzg.wzg_9_490310_nbg_c2_74.m.de;WZG_AQ_9_490310_Nbg_74;74;3547;32;908064
aq.pw_99_25750_sbg.m.de;;0;38741;229;9917925
wzg.wzg_99_11515_sbg_a1_33.m.de;;33;38698;163;9906851
aq.aq99-045-sbg.m.de;;0;38700;147;9907347
wzg.aq_a7_957_393_ulm_a1_129.m.de;;129;2772;178;709810
wzg.wzg_9_498030_mch_b3_99.m.de;WZG_AQ_9_498030_Mch_99;99;3587;164;918436
wzg.aqq36_sbg_pw1_129.m.de;;129;3152;241;807153
wzg.wzg_9_486950_mch_a2_34.m.de;WZG_AQ_9_486950_Mch_34;34;3585;137;917897
wzg.wzg_99_4862_sbg_b1_131.m.de;;131;38735;225;9916385
wzg.wzg_99_25381_stg_b4_68.m.de;;68;38702;168;9907880
wzg.wzg_96_148502_lin_bas_2_r_163.m.de;;163;37575;214;9619414
wzg.wzg_99a_104508_mch_c1_105.m.de;;105;38748;252;9919740
wzg.wzg_99_10010_sbg_bl1_r_165.m.de;;165;38698;64;9906752
wzg.wzg_99_27885_stg_c1_73.m.de;;73;38703;99;9908067
wzg.wzg99-714-stg_a3_3.m.de;;3;38744;200;9918664
aq.aq99-280-sbg.m.de;;0;38707;228;9909220
wzg.wzg92-180-deg_c1_73.m.de;;73;35963;73;9206601
wzg.cluster_aq99-270-sbg_193.m.de;;193;38707;122;9909114
wzg.wzg_9_502505_nbg_c3_75.m.de;WZG_AQ_9_502505_Nbg_75;75;3549;113;908657
wzg.wzg_9_493593_mch_wvlt1_163.m.de;WZG_AQ_9_493593_Mch_163;163;3586;206;918222
wzg.wzg_96_146350_lin_lsa1_gv_129.m.de;;129;37575;187;9619387
aq.aq_b471_24958_dah.m.de;;0;40902;112;10471024
aq.aq_96_159021_lin.m.de;;0;37576;221;9619677
aq.aqq7_sbg_h.m.de;;0;38737;219;9916891
aq.aq_99_31800_sbg.m.de;;0;38743;144;9918352
wzg.wzg9-710-mch_w1_34.m.de;WWQ_9710_34;34;35668;212;9131220
wzg.wzg99-630-stg_w6_7.m.de;AQ99-630-Stg_7;7;38746;20;9918996
wzg.wzgaq194-mch_w7_7.m.de;WWQ94_194_Mch_7;7;36782;55;9416247
wzg.wzg99-830-stg_a3_3.m.de;;3;38739;236;9917420
wzg.wzg_92_3720_mch_w3_228.m.de;WWQ_92372_228;228;36000;112;9216112
wzg.aqb13_mch_a3_35.m.de;;35;3192;183;817335
wzg.wzg9-310-nbg_a4_4.m.de;WZG_AQ9_310_Nbg_4;4;35277;164;9031076
wzg.aq_a7_956_719_fue_b1_163.m.de;;163;2811;159;719775
wzg.wzg_96_148502_lin_bas_1_l_162.m.de;;162;37575;214;9619414
wzg.wzg99-063-stg_w12_45.m.de;WWQ_99063_45;45;38701;165;9907621
wzg.cluster_aq99-716-stg_194.m.de;;194;38744;181;9918645
wzg.aqb15_mch_a3_35.m.de;;35;3192;158;817310
wzg.wzgaq194-mch_w6_6.m.de;WWQ94_194_Mch_6;6;36782;55;9416247
wzg.wzg_96_143619_mch_a1_1.m.de;;1;37575;120;9619320
wzg.wzg_9_504520_mch_b2_98.m.de;WZG_AQ_9_504520_Mch_98;98;3588;226;918754
wzg.wzg99-730-stg_dlz1_24.m.de;;24;38744;16;9918480
wzg.wzg_96_154530_lin_dlz1_177.m.de;;177;37576;118;9619574
wzg.wzg99-190-sbg_dlz1_56.m.de;;56;38705;92;9908572
wzg.wzg_99a_104508_mch_a2_34.m.de;;34;38748;252;9919740
wzg.wzg_99_27814_sbg_a2_34.m.de;;34;38742;107;9918059
wzg.wzg_96_159021_lin_dlz2_gv_2.m.de;;2;37576;221;9619677
wzg.wzg_92_eost_0033_xz_w10_43.m.de;;43;36001;164;9216420
wzg.cluster_aq_r120_000026_gap_cluster_193.m.de;;193;809;62;207166
wzg.wzg_99_730_sbg_a2_2.m.de;;2;38734;146;9916050
wzg.aqq33_sbg_b2_66.m.de;;66;3152;212;807124
wzg.wzg92-020-deg_a1_1.m.de;;1;35960;254;9206014
wzg.cluster_aq_99_5182_lin_195.m.de;;195;38696;209;9906385
wzg.aq_a7_951_200_fue_a2_34.m.de;;34;2810;245;719605
wzg.wzg9-170-nbg_b1_65.m.de;WZG_AQ9_170_Nbg_65;65;35278;255;9031423
aq.aq99-540-stg.m.de;;0;38748;55;9919543
wzg.aqb28_mch_pw1_161.m.de;;161;3191;220;817116
wzg.cluster_aq_99_1625_sbg_194.m.de;;194;38734;215;9916119
wzg.wzg9-690-mch_c3_107.m.de;WZG_AQ9_690_Mch_107;107;35668;174;9131182
wzg.wzg99520_stg_c2_74.m.de;;74;38749;135;9919879
wzg.wzg_9_499330_nbg_b3_67.m.de;WZG_AQ_9_499330_Nbg_67;67;3548;214;908502
wzg.aqq45_sbg_a1_7.m.de;;7;3153;22;807190
wzg.wzg99-072-stg_bl1_33.m.de;WWQ_99072_33;33;38701;222;9907678
wzg.wzgwwq03-mch_wta1_226.m.de;WWQ94_003_Mch_226;226;36781;187;9416123
wzg.aqq34_sbg_pw1_129.m.de;;129;3152;215;807127
wzg.aqq35_sbg_c2_73.m.de;;73;3152;231;807143
wzg.wzg_b2n_008667_mch_dlz1_gv_33.m.de;;33;848;205;217293
wzg.portal_a7_962_719_ulm_lsa1_129.m.de;;129;2773;73;709961
aq.aqmo94_1-mch.m.de;;0;36782;72;9416264
wzg.wzg_99_18390_stg_w5_229.m.de;WWQ_99.X_229;229;38739;180;9917364
wzg.cluster_aq_99_27885_stg_194.m.de;;194;38703;99;9908067
wzg.wzg_9_509515_nbg_a2_2.m.de;WZG_AQ_9_509515_Nbg_2;2;3550;199;908999
wzg.wzg99-235-sbg_a3_35.m.de;;35;38706;33;9908769
wzg.wzg99-030-sbg_c1_105.m.de;;105;38700;60;9907260
wzg.aq_b2n_005695_gap_abb_c1_105.m.de;;105;809;145;207249
wzg.cluster_aq_99_6570_lin_195.m.de;;195;38697;57;9906489
wzg.wzg9-760-mch_wta2_34.m.de;WWQ_9760_34;34;35669;66;9131330
wzg.wzg9-310-nbg_c1_73.m.de;WZG_AQ9_310_Nbg_73;73;35277;164;9031076
wzg.wzg92-586-mch_w4_37.m.de;WWQ_92586_37;37;36001;181;9216437
aq.aq_b2n_007758_gap.m.de;;0;809;172;207276
wzg.wzg_99_25381_stg_a2_2.m.de;;2;38702;168;9907880
wzg.cluster_portal_a7_962_719_ulm_194.m.de;;194;2773;73;709961
wzg.hs_99_5345_lin_hs1_39.m.de;;39;38696;230;9906406
wzg.aqq39_sbg_c2_73.m.de;;73;3153;6;807174
wzg.wzg_99_10220_sbg_a4_36.m.de;;36;38698;69;9906757
wzg.wzg_99_4258_sbg_dlz2_5.m.de;;5;38735;144;9916304
aq.aq_a7_956_909_fue.m.de;;0;2811;159;719775
wzg.wzgaq202-mch_c2_108.m.de;;108;36782;63;9416255
wzg.wzg9-180-nbg_c1_134.m.de;WZG_AQ9_180_Nbg_134;134;35278;208;9031376
wzg.wzg_9_509515_nbg_b2_66.m.de;WZG_AQ_9_509515_Nbg_66;66;3550;199;908999
wzg.wzg_9_503930_nbg_a4_4.m.de;WZG_AQ_9_503930_Nbg_4;4;3549;182;908726
wzg.cluster_aqq31_sbg_h_193.m.de;;193;3152;195;807107
wzg.wta_99_as7_150_sz_wta1_46.m.de;;46;38696;244;9906420
wzg.wzg99-264-sbg_w1_34.m.de;;34;38707;58;9909050
wzg.cluster_aq_9_500994_nbg_194.m.de;AQ_AQ_9_500994_Nbg_194;194;3549;39;908583
wzg.wzg_9_485750_mch_b3_99.m.de;WZG_AQ_9_485750_Mch_99;99;3585;83;917843
wzg.aqb25_mch_a4_36.m.de;;36;3192;8;817160
aq.aqb18_mch_h.m.de;;0;3192;113;817265
wzg.wzg9-280-nbg_b1_65.m.de;WZG_AQ9_280_Nbg_65;65;35277;238;9031150
wzg.wzg9-700-mch_w14_47.m.de;WWQ_9700_47;47;35668;192;9131200
wzg.cluster_aq9-600-mch_193.m.de;AQ_AQ9_600_Mch_193;193;35667;178;9130930
wzg.aq_96_171210_mch_c2_74.m.de;;74;37538;230;9609958
wzg.wzg_99_27885_stg_c3_75.m.de;;75;38703;99;9908067
wzg.wzg_9_akneuf_1760_um_c1_105.m.de;;105;35667;190;9130942
wzg.aqq249_mch_a1_33.m.de;;33;3161;199;809415
wzg.wzg_96_143619_mch_c1_73.m.de;;73;37575;120;9619320
wzg.wzg92-230-deg_a1_1.m.de;;1;35963;130;9206658
wzg.wzg_99_10991_sbg_a1_135.m.de;;135;38698;110;9906798
wzg.wwq_a7_943_520_fue_pw4_36.m.de;;36;2810;8;719368
wzg.aq_96_169925_mch_a2_2.m.de;;2;37538;200;9609928
wzg.wzg_96_162376_mch_pw7_7.m.de;;7;37524;230;9606374
wzg.wzg99-820-stg_c1_73.m.de;;73;38740;90;9917530
wzg.wwq_9_511805_mch_cl1_193.m.de;WWQ_9590;193;3590;68;919108
wzg.cluster_aq_99_4862_sbg_196.m.de;;196;38735;225;9916385
wzg.wzg_8_12300_mch_wta2_3.m.de;;3;3150;15;806415
wzg.hs_99_10165_sbg_hs2_170.m.de;;170;38698;64;9906752
wzg.wzg_99a_104045_mch_bl2_l_166.m.de;;166;38734;18;9915922
wzg.aqq77_sbg_b1_65.m.de;;65;3153;163;807331
wzg.wzg_9_505750_mch_c2_106.m.de;WZG_AQ_9_505750_Mch_106;106;3589;28;918812
wzg.wzgaq115a-pas_c1_74.m.de;;74;36742;188;9406140
wzg.wzg_92_3210_mch_bl1_230.m.de;WWQ_92321_230;230;36000;85;9216085
wzg.wzg_b2n_006796_gap_b2_166.m.de;;166;809;163;207267
wzg.wwq_a7_943_520_fue_pw6_38.m.de;;38;2810;8;719368
wzg.wzg_92_akneuf_1454_um_w4_37.m.de;WWQ_92_AK_Neuf_1454_UM_37;37;36001;147;9216403
wzg.aqq257_mch_b1_97.m.de;;97;3162;109;809581
wzg.wzg9-240-nbg_a2_2.m.de;WZG_AQ9_240_Nbg_2;2;35278;119;9031287
wzg.wzg_b2n_007279_mch_b1_gv_167.m.de;;167;848;188;217276
wzg.wzg_b2n_006763_mch_dlz1_gv_49.m.de;;49;848;180;217268
wzg.wzg92-170-deg_a1_1.m.de;;1;35963;28;9206556
wzg.wzg8-140-mch_w6_39.m.de;AQ8O_140_Mch_39;39;3149;180;806324
wzg.wzg99-640-stg_c3_75.m.de;;75;38745;195;9918915
aq.aq99-004-sbg.m.de;;0;38737;249;9916921
aq.aqb16_mch_h.m.de;;0;3192;145;817297
aq.aqq65_sbg_h.m.de;;0;3153;124;807292
wzg.wzg92-440-mch_a1_33.m.de;;33;36003;102;9216870
wzg.wzg_9_489247_nbg_b1_65.m.de;WZG_AQ_9_489247_Nbg_65;65;3546;236;908012
wzg.wzg_99a_104045_mch_a1_33.m.de;;33;38734;18;9915922
wzg.wzg_99_14110_stg_c1_73.m.de;;73;38738;119;9917047
wzg.cluster_aq_96_141404_lin_195.m.de;;195;37575;58;9619258
wzg.cluster_aq_96_140345_lin_193.m.de;;193;37575;46;9619246
wzg.wzg_99_11515_sbg_c1_105.m.de;;105;38698;163;9906851
wzg.wzg_9_488800_mch_b1_97.m.de;WZG_AQ_9_488800_Mch_97;97;3585;227;917987
wzg.wzg_b2n_008905_gap_dlz1_33.m.de;;33;809;192;207296
wzg.wzg9-690-mch_a4_36.m.de;WZG_AQ9_690_Mch_36;36;35668;174;9131182
aq.aq92-610-mch_p.m.de;;0;36001;119;9216375
wzg.wzg_8_11300_stg_c1_105.m.de;;105;3145;88;805208
aq.aq_a7_957_393_ulm.m.de;;0;2772;178;709810
wzg.wzg99-004-sbg_w3_3.m.de;;3;38737;249;9916921
aq.aqq229_sbg_h.m.de;;0;3160;180;809140
wzg.wzg99-055-sbg_a1_162.m.de;;162;38701;18;9907474
wzg.aqq237_sbg_a1_1.m.de;;1;3161;37;809253
wzg.wzg_b2n_006796_gap_dlz2_34.m.de;;34;809;163;207267
wzg.hs_b2n_009000_mch_hs1_129.m.de;;129;848;211;217299
wzg.wzg_9_491350_mch_a1_33.m.de;WZG_AQ_9_491350_Mch_33;33;3586;95;918111
wzg.wzg_9_499330_nbg_c3_75.m.de;WZG_AQ_9_499330_Nbg_75;75;3548;214;908502
wzg.wzg_b2n_009000_mch_lsa_r_1.m.de;;1;848;211;217299
wzg.cluster_aqq269_mch_h_194.m.de;;194;3163;51;809779
wzg.aq_b310_9_717_fue_b310_pw1_165.m.de;;165;2773;4;709892
wzg.wzg9-328-nbg_w11_11.m.de;WWQ_9328_11;11;3541;221;906717
wzg.wzg9-328-nbg_w2_2.m.de;WWQ_9328_2;2;3541;221;906717
wzg.aqq257_mch_a1_33.m.de;;33;3162;109;809581
wzg.aqq255_sbg_b1_65.m.de;;65;3162;45;809517
wzg.wzg_99_3493_lin_a2_162.m.de;;162;38696;96;9906272
wzg.wzg_b2n_007525_mch_dlz2_10.m.de;;10;848;188;217276
wzg.wzg_96_161787_mch_pw2_2.m.de;;2;37524;215;9606359
wzg.wzg_99_26020_sbg_a3_35.m.de;;35;38741;229;9917925
wzg.wzg99-550-stg_a1_1.m.de;;1;38747;176;9919408
wzg.wzg9-630-mch_a2_34.m.de;WZG_AQ9_630_Mch_34;34;35668;12;9131020
wzg.wzg_96_159021_lin_dlz1_gv_1.m.de;;1;37576;221;9619677
wzg.cluster_aq_b2n_008667_mch_cluster_194.m.de;;194;848;205;217293
wzg.aqq31_sbg_c1_73.m.de;;73;3152;195;807107
wzg.cluster_aq99-530-stg_194.m.de;;194;38749;8;9919752
wzg.wzg_b2n_009400_mch_a2_2.m.de;;2;848;216;217304
wzg.wzg9-280-nbg_a4_4.m.de;WZG_AQ9_280_Nbg_4;4;35277;238;9031150
wzg.wzg9-690-mch_c2_106.m.de;WZG_AQ9_690_Mch_106;106;35668;174;9131182
wzg.wzg99-220-sbg_w3_35.m.de;AQ99-220-Sbg_35;35;38705;224;9908704
wzg.wzg_9_499330_nbg_a4_4.m.de;WZG_AQ_9_499330_Nbg_4;4;3548;214;908502
aq.aq_9_505300_nbg.m.de;;0;3549;249;908793
wzg.wzg99-714-stg_c3_75.m.de;;75;38744;200;9918664
wzg.aq_94_110284_pas_b1_65.m.de;;65;36752;23;9408535
aq.aq99-188-sbg.m.de;;0;38705;92;9908572
wzg.aqb20_mch_b2_98.m.de;;98;3192;76;817228
wzg.cluster_aq9-610-mch_195.m.de;AQ_AQ9_610_Mch_P_195;195;35667;224;9130976
wzg.aq_96_168238_mch_c1_73.m.de;;73;37538;161;9609889
wzg.cluster_aq_99_27500_sbg_193.m.de;;193;38742;83;9918035
wzg.wzg_99_11228_sbg_c2_140.m.de;;140;38698;110;9906798
wzg.wzg_9_508400_nbg_c1_73.m.de;WZG_AQ_9_508400_Nbg_73;73;3550;144;908944
aq.aq_99a_104508_mch.m.de;;0;38748;252;9919740
wzg.wzg99-640-stg_dlzfs1_2.m.de;;2;38745;195;9918915
wzg.aqq67_sbg_a3_3.m.de;;3;3153;135;807303
wzg.wzg_99_12270_stg_bl2_l_134.m.de;;134;38737;237;9916909
wzg.wzg92-530-mch_a3_35.m.de;;35;36002;123;9216635
wzg.wwq_a7_959_514_fue_pw3_35.m.de;;35;2811;245;719861
wzg.wzg_9_510415_mch_a1_179.m.de;WZG_AQ_9_510415_Mch_179;179;3589;251;919035
aq.aq9-361-nbg.m.de;;0;35277;64;9030976
wzg.cluster_aq99-550-stg_194.m.de;;194;38747;176;9919408
wzg.wzg_b2_askre_1556_bc_bl1_25.m.de;;25;37172;31;9516063
wzg.wzg_96_162376_mch_pw6_6.m.de;;6;37524;230;9606374
wzg.www_st2068_fr-s2_pw1_173.m.de;;173;37562;133;9616005
wzg.wzgaq117-pas_b1_65.m.de;;65;36742;248;9406200
wzg.wzg9-740-mch_w12_47.m.de;WWQ_9740_47;47;35669;28;9131292
aq.aq_a7_962_044_fue.m.de;;0;2812;61;719933
wzg.cluster_aq_99_11440_stg_196.m.de;;196;38737;188;9916860
wzg.wzg_99_30450_stg_c1_73.m.de;;73;38743;49;9918257
wzg.wzg99-268-sbg_w2_35.m.de;;35;38707;79;9909071
wzg.wzg_b2n_008667_mch_dlz2_gv_34.m.de;;34;848;205;217293
wzg.wzg_9_487755_nbg_a2_2.m.de;WZG_AQ_9_487755_Nbg_2;2;3546;163;907939
wzg.cluster_aqaq202b-mch_193.m.de;;193;36782;37;9416229
wzg.wzg9-180-nbg_b1_132.m.de;WZG_AQ9_180_Nbg_132;132;35278;208;9031376
aq.lsa_99_3113_sbg.m.de;;0;38735;55;9916215
wzg.wzg_99_27814_sbg_a4_36.m.de;;36;38742;107;9918059
wzg.wzg_9_503930_nbg_a1_1.m.de;WZG_AQ_9_503930_Nbg_1;1;3549;182;908726
wzg.wzg99-145-sbg_w4_36.m.de;AQ99-145-Sbg_36;36;38704;155;9908379
wzg.wzg_b2n_006763_mch_dlz2_gv_50.m.de;;50;848;180;217268
wzg.wzg_92_eost_0655_fy_b1_165.m.de;;165;36001;160;9216416
wzg.wzg99-190-sbg_b3_99.m.de;;99;38705;92;9908572
wzg.wzg8-120-mch_w5_38.m.de;AQ8O_120_Mch_38;38;3149;218;806362
wzg.wzg_99_25381_stg_b2_66.m.de;;66;38702;168;9907880
wzg.wzg_9_510320_mch_wvlt1_163.m.de;WZG_AQ_9_510320_Mch_163;163;3589;251;919035
aq.aq99-152-sbg.m.de;;0;38704;198;9908422
wzg.wzg99-280-sbg_c2_106.m.de;;106;38707;228;9909220
aq.aqwwq11-pas.m.de;;0;36742;145;9406097
wzg.cluster_aq_8_8010_mch_196.m.de;;196;3149;127;806271
wzg.wzg_99_24425_stg_pw3_132.m.de;;132;38702;97;9907809
wzg.wzg99-811-stg_a4_4.m.de;;4;38740;193;9917633
aq.aqb27b_mch_h.m.de;;0;3191;230;817126
aq.aq_b2n_004622_gap.m.de;;0;809;129;207233
wzg.wzg_99_30830_sbg_b1_97.m.de;;97;38704;59;9908283
wzg.wzg_9_482565_nbg_wvlt1_131.m.de;WZG_AQ_9_482565_Nbg_131;131;3545;165;907685
wzg.wzg_9_479450_mch_b1_97.m.de;WZG_AQ_9_479450_Mch_97;97;3584;28;917532
wzg.wzg9-710-mch_w12_45.m.de;WWQ_9710_45;45;35668;212;9131220
wzg.wzg_b2n_007213_gap_b2_gv_144.m.de;;144;809;163;207267
wzg.wzg9-350-nbg_p_b1_67.m.de;WZG_AQ9_350_Nbg_P_67;67;35277;100;9031012
wzg.cluster_aq92-490-mch_193.m.de;;193;36002;223;9216735
wzg.aq_a7_959_720_fue_a2_34.m.de;;34;2772;238;709870
wzg.cluster_aq_b2n_004622_gap_cluster_193.m.de;;193;809;129;207233
wzg.wzg_99_2700_sbg_a2_130.m.de;;130;38735;38;9916198
wzg.wzg_9_505750_mch_a2_34.m.de;WZG_AQ_9_505750_Mch_34;34;3589;28;918812
wzg.cluster_aqwwq04-mch_195.m.de;WWQ94_004_Mch;195;36781;182;9416118
wzg.wzg_b2_askre_1556_bc_pw9_9.m.de;;9;37172;31;9516063
wzg.wzg99-714-stg_b3_67.m.de;;67;38744;200;9918664
wzg.wzg92-620-mch_b1_97.m.de;;97;36001;67;9216323
wzg.wzg92-590-mch_p_a2_34.m.de;;34;36001;165;9216421
wzg.wzg_9_485900_nbg_a3_3.m.de;WZG_AQ_9_485900_Nbg_3;3;3546;73;907849
wzg.wzg_96_139252_mch_z131_r_129.m.de;;129;37575;19;9619219
wzg.aqq31_sbg_b1_65.m.de;;65;3152;195;807107
wzg.wzg99-160-sbg_w6_38.m.de;AQ99-160-Sbg_38;38;38704;249;9908473
wzg.wzg99-620-stg_a1_1.m.de;;1;38746;35;9919011
wzg.aq_a7_956_719_fue_b2_164.m.de;;164;2811;159;719775
wzg.wzg_96_147050_lin_lsa1_33.m.de;;33;37575;201;9619401
wzg.wzg9-610-mch_p_c1_105.m.de;WZG_AQ9_610_Mch_P_105;105;35667;224;9130976
wzg.aqq257_sbg_b1_65.m.de;;65;3162;109;809581
wzg.wzgaq117-pas_a1_1.m.de;;1;36742;248;9406200
wzg.aqb26_mch_c3_107.m.de;;107;3191;253;817149
wzg.wzg_96_140086_lin_a2_162.m.de;;162;37575;36;9619236
wzg.wzg_99_24425_stg_bl2_26.m.de;;26;38702;97;9907809
wzg.wzg_9_500994_nbg_c2_74.m.de;WZG_AQ_9_500994_Nbg_74;74;3549;39;908583
wzg.aqq265_mch_a1_33.m.de;;33;3163;2;809730
wzg.wzg99-056-sbg_w1_34.m.de;WWQ_99056_34;34;38701;24;9907480
wzg.wzg99-690-stg_b3_67.m.de;;67;38745;100;9918820
wzg.aq_a7_958_183_ulm_b2_132.m.de;;132;2772;190;709822
wzg.cluster_aq_a7_951_200_fue_193.m.de;;193;2810;245;719605
wzg.wzg9-160-nbg_b1_65.m.de;WZG_AQ9_160_Nbg_65;65;35279;103;9031527
wzg.wzg_9_499330_nbg_a1_1.m.de;WZG_AQ_9_499330_Nbg_1;1;3548;214;908502
aq.aq99510_stg_h.m.de;;0;38749;182;9919926
aq.aq_b2n_006713_mch.m.de;;0;848;180;217268
wzg.wzg_99_6505_sbg_c1_73.m.de;;73;38736;66;9916482
wzg.aqq221_sbg_c1_73.m.de;;73;3199;124;819068
wzg.wzg92-117-deg_a2_2.m.de;;2;35962;123;9206395
wzg.wzg92-117-deg_c1_73.m.de;;73;35962;123;9206395
wzg.cluster_aqb15_mch_h_193.m.de;;193;3192;158;817310
wzg.wzg99-540-stg_b1_65.m.de;;65;38748;55;9919543
wzg.cluster_aqaq09-mch_193.m.de;;193;36781;136;9416072
wzg.wzg_99_27814_sbg_c4_108.m.de;;108;38742;107;9918059
wzg.wzg_99_32050_stg_wvlt_129.m.de;;129;38704;152;9908376
wzg.aqq249_sbg_c1_73.m.de;;73;3161;199;809415
wzg.wzg92-572b-mch_w4_43.m.de;WWQ_92572b_43;43;36001;218;9216474
wzg.wzg99-262-sbg_bl1_33.m.de;;33;38707;23;9909015
wzg.wzg_9_485750_mch_a1_33.m.de;WZG_AQ_9_485750_Mch_33;33;3585;83;917843
wzg.aq_94_109641_mch_d2_168.m.de;;168;36752;0;9408512
wzg.wzg_96_159650_lin_dlz4_gv_145.m.de;;145;37576;234;9619690
wzg.wzg_b17_800_0350_lbg_a3_35.m.de;;35;6665;119;1706359
wzg.cluster_aq_99_12270_stg_193.m.de;;193;38737;237;9916909
wzg.cluster_aq99-632-stg_dlz_194.m.de;;194;38745;246;9918966
wzg.wzg_9_485750_mch_c1_105.m.de;WZG_AQ_9_485750_Mch_105;105;3585;83;917843
wzg.wzg_96_155060_lin_c2_106.m.de;;106;37576;130;9619586
wzg.cluster_aq_96_153990_lin_199.m.de;;199;37576;102;9619558
wzg.aq_a7_957_773_fue_dlz1_41.m.de;;41;2772;179;709811
wzg.wzgaq202-mch_a1_33.m.de;;33;36782;63;9416255
wzg.wzg_99_26825_stg_b4_68.m.de;;68;38703;21;9907989
wzg.wzg99-690-stg_b2_66.m.de;;66;38745;100;9918820
wzg.cluster_aq_96_146158_lin_195.m.de;;195;37575;178;9619378
wzg.wzgaq11-pas_rgl_130.m.de;;130;36742;86;9406038
aq.aq_9_490845_mch.m.de;;0;3586;72;918088
aq.aq9-793-mch.m.de;;0;35669;202;9131466
