VT_HERKUNFT_ID;VT_KONFIG_VERSION;VT_LAUF_ID;UZ_ID;INTERN;QUERSCHNITT_ID;PROJEKT;BEZEICHNUNG;BAB;VON_KM;BIS_KM;VON_RICHTUNG;IN_RICHTUNG;FAHRTRICHTUNG;FR;ZWISCHEN_BEI_AS;UND_AS;FG;KNOTENNR;LOCATION;DIST;WGS84_BREITE;WGS84_LAENGE;ANZ_DETEKTOREN;LISTE_DE_KANAELE;LISTE_IDS_BETROFFENE_KONFIG_EINTRAEGE
ABDN;20200728;7;28;7;A-000,1;NBA N-SW;A 070 A -0,18;A70;-0,18;;Arnstein;Würzburg;Bayreuth;Nord/ Ost;2 ADSchweinfurt/ Werneck (A7(99)/B26a);;1;5148161;20110;1;50,00199852;10,07653672;1;65;81508
ABDN;20200728;7;28;7;A-000,1;NBA N-SW;A 070 A -0,18;A70;-0,18;;Arnstein;Bamberg;Bayreuth;Nord/ Ost;2 ADSchweinfurt/ Werneck (A7(99)/B26a);;6;5148161;20110;1;50,00154536;10,07752849;2;1,2;81511,81572
ABDN;20200728;7;28;7;A-000,1;NBA N-SW;A 070 A -0,18;A70;-0,18;;Arnstein;Bamberg;Bayreuth;Nord/ Ost;2 ADSchweinfurt/ Werneck (A7(99)/B26a);;1;5148161;20110;1;50,00201669;10,07654417;1;1;81505
ABDN;20200728;7;28;7;A-000,1;NBA N-SW;A 070 A -0,18;A70;-0,18;;Bamberg;Würzburg;Bayreuth;Süd/ West;2 ADSchweinfurt/ Werneck (A7(99)/B26a);;1;5148161;20110;1;50,00256435;10,07660514;1;97;81509
ABDN;20200728;7;28;7;A-000,1;NBA N-SW;A 070 A -0,18;A70;-0,18;;Bamberg;Arnstein;Bayreuth;Süd/ West;2 ADSchweinfurt/ Werneck (A7(99)/B26a);;1;5148161;20110;1;50,00254907;10,076514;1;33;81506
ABDN;20200728;7;28;7;A-000,1;NBA N-SW;A 070 A -0,18;A70;-0,18;;Fulda;Bamberg;Bayreuth;Nord/ Ost;2 ADSchweinfurt/ Werneck (A7(99)/B26a);;1;5148161;20110;1;50,00209661;10,0766468;1;137;81507
ABDN;20200728;7;28;7;A-000,1;NBA N-SW;A 070 A -0,18;A70;-0,18;;Fulda;Bamberg;Bayreuth;Süd/ West;2 ADSchweinfurt/ Werneck (A7(99)/B26a);;1;5148161;20110;1;50,0033571;10,07562103;1;161;81510
ABDN;20200728;7;29;16;A000,1;DZS 8+1;B 505 B 000,2;B505;0,147;;Bamberg (B505);BAB A3 (B505);Höchstadt;Süd/ West;AS 79 Pommersfelden (B505);;6;6179841;24140;1;49,73130102;10,82525063;1;1;81882
ABDN;20200728;7;29;16;A000,1;DZS 8+1;B 505 B 000,2;B505;0,147;;BAB A3 (B505);Bamberg (B505);Höchstadt;Nord/ Ost;AS 79 Pommersfelden (B505);;1;6179841;24140;1;49,73128803;10,82531395;1;1;81880
ABDN;20200728;7;29;16;A000,1;DZS 8+1;B 505 B 000,2;B505;0,147;;Bamberg (B505);BAB A3 (B505);Höchstadt;Süd/ West;AS 79 Pommersfelden (B505);;1;6179841;24140;1;49,73128803;10,82531395;1;33;81881
ABDN;20200728;7;28;7;A000,2;NBA N-SW;A 070 A 000,2;A70;0,155;;Bamberg;Fulda;Bayreuth;Süd/ West;2 ADSchweinfurt/ Werneck (A7(99)/B26a);;1;3177474;12412;2;50,00196668;10,08051311;1;97;81575
ABDN;20200728;7;28;7;A000,2;NBA N-SW;A 070 A 000,2;A70;0,155;;Arnstein;Fulda;Bayreuth;Nord/ Ost;2 ADSchweinfurt/ Werneck (A7(99)/B26a);;1;3177474;12412;2;50,00059732;10,08036226;1;65;81573
ABDN;20200728;7;28;7;A000,2;NBA N-SW;A 070 A 000,2;A70;0,155;;Arnstein;Bamberg;Bayreuth;Nord/ Ost;2 ADSchweinfurt/ Werneck (A7(99)/B26a);;6;3177474;12412;2;50,0009179;10,08067486;2;1,2;81577,81578
ABDN;20200728;7;28;7;A000,2;NBA N-SW;A 070 A 000,2;A70;0,155;;Würzburg;Bamberg;Bayreuth;Nord/ Ost;2 ADSchweinfurt/ Werneck (A7(99)/B26a);;1;3177474;12412;2;50,00058195;10,08041586;1;129;81574
ABDN;20200728;7;28;7;A000,2;NBA N-SW;A 070 A 000,2;A70;0,155;;Würzburg;Arnstein;Bayreuth;Süd/ West;2 ADSchweinfurt/ Werneck (A7(99)/B26a);;1;3177474;12412;2;50,00195471;10,08046208;1;161;81576
ABDN;20200728;7;27;32;A003A204,3;SBA A3 Stockstadt (Umrüst. 2008);A 003 A 204,3;A3;204,3;;Frankfurt;Würzburg;Würzburg;Süd/ West;56 Seligenstädter Dreieck (A45(47));;6;2781250;10864;66;49,99332861;9,0134111;3;1,2,3;84230,84231,84232
ABDN;20200728;7;27;32;A003A204,3;SBA A3 Stockstadt (Umrüst. 2008);A 003 A 204,3;A3;204,3;;Frankfurt;Würzburg;Würzburg;Süd/ West;56 Seligenstädter Dreieck (A45(47));;4;2781250;10864;66;49,99328538;9,01392099;7;33,34,35,97,98,105,106;84222,84223,84224,84225,84226,84227,84228
ABDN;20200728;7;27;32;A003A204,3;SBA A3 Stockstadt (Umrüst. 2008);A 003 A 204,3;A3;204,3;;Frankfurt;Würzburg;Würzburg;Süd/ West;56 Seligenstädter Dreieck (A45(47));;3;2781250;10864;66;49,99332861;9,0134111;1;33;84229
ABDN;20200728;7;27;32;A003A204,3;SBA A3 Stockstadt (Umrüst. 2008);A 003 A 204,3;A3;204,3;;Frankfurt;Würzburg;Würzburg;Süd/ West;56 Seligenstädter Dreieck (A45(47));;1;2781250;10864;66;49,99342659;9,01360644;3;33,34,35;83924,83925,83926
ABDN;20200728;7;27;32;A003A204,3;SBA A3 Stockstadt (Umrüst. 2008);A 003 A 204,3;A3;204,3;;Gießen;Frankfurt;Würzburg;Süd/ West;56 Seligenstädter Dreieck (A45(47));;4;2781250;10864;66;49,99328538;9,01392099;1;193;84160
ABDN;20200728;7;27;32;A003A204,7;SBA A3 Stockstadt;A 003 A 204,7;A3;204,68;;Frankfurt;Würzburg;Würzburg;Süd/ West;56 Seligenstädter Dreieck (A45(47));;6;2780930;10863;2;49,99171591;9,01743391;3;1,2,3;83918,83919,83920
ABDN;20200728;7;27;32;A003A204,7;SBA A3 Stockstadt;A 003 A 204,7;A3;204,68;;Frankfurt;Würzburg;Würzburg;Süd/ West;56 Seligenstädter Dreieck (A45(47));;1;2780930;10863;2;49,99173631;9,01755363;3;33,34,35;83856,83914,83915
ABDN;20200728;7;27;32;A003A204,7;SBA A3 Stockstadt;A 003 A 204,7;A3;204,68;;Frankfurt;Gießen;Würzburg;Süd/ West;56 Seligenstädter Dreieck (A45(47));;1;2780930;10863;2;49,99164385;9,0168053;1;97;83916
ABDN;20200728;7;27;32;A003A204,7;SBA A3 Stockstadt;A 003 A 204,7;A3;204,68;;Gießen;Würzburg;Würzburg;Süd/ West;56 Seligenstädter Dreieck (A45(47));;1;2780930;10863;2;49,99133515;9,01780284;1;161;83917
ABDN;20200728;7;27;32;A003A205,7;SBA A3 Stockstadt (Umrüst. 2008);A 003 A 205,7;A3;205,679;;Frankfurt;Würzburg;Würzburg;Süd/ West;56 Seligenstädter Dreieck (A45(47));AS 57 Stockstadt (B469);3;2780940;10863;12;49,98806578;9,03021133;3;42,43,44;83615,83616,83852
ABDN;20200728;7;27;32;A003A205,7;SBA A3 Stockstadt (Umrüst. 2008);A 003 A 205,7;A3;205,679;;Frankfurt;Würzburg;Würzburg;Süd/ West;56 Seligenstädter Dreieck (A45(47));AS 57 Stockstadt (B469);3;2780940;10863;12;49,98806921;9,02979841;1;33;83608
ABDN;20200728;7;27;32;A003A205,7;SBA A3 Stockstadt (Umrüst. 2008);A 003 A 205,7;A3;205,679;;Frankfurt;Würzburg;Würzburg;Süd/ West;56 Seligenstädter Dreieck (A45(47));AS 57 Stockstadt (B469);4;2780940;10863;12;49,98806578;9,03021133;8;33,34,35,97,98,105,106,193;79935,83539,83540,83541,83542,83543,83544,83607
ABDN;20200728;7;27;32;A003A205,7;SBA A3 Stockstadt (Umrüst. 2008);A 003 A 205,7;A3;205,679;;Frankfurt;Würzburg;Würzburg;Süd/ West;56 Seligenstädter Dreieck (A45(47));AS 57 Stockstadt (B469);6;2780940;10863;12;49,98806921;9,02979841;3;1,2,3;83853,83854,83855
ABDN;20200728;7;27;32;A003A205,7;SBA A3 Stockstadt (Umrüst. 2008);A 003 A 205,7;A3;205,679;;Frankfurt;Würzburg;Würzburg;Süd/ West;56 Seligenstädter Dreieck (A45(47));AS 57 Stockstadt (B469);1;2780940;10863;12;49,98813796;9,02982047;6;33,34,35,41,42,43;79926,79927,79928,79932,79933,79934
ABDN;20200728;7;27;32;A003A205,7;SBA A3 Stockstadt (Umrüst. 2008);A 003 A 205,7;A3;205,679;;Frankfurt;Würzburg;Würzburg;Süd/ West;56 Seligenstädter Dreieck (A45(47));AS 57 Stockstadt (B469);3;2780940;10863;12;49,98764714;9,04634791;6;35,36,37,38,39,40;83609,83610,83611,83612,83613,83614
ABDN;20200728;7;27;32;A003A206,8;SBA A3 Stockstadt (Umrüst. 2008);A 003 A 206,9;A3;206,885;;Frankfurt;Würzburg;Würzburg;Süd/ West;56 Seligenstädter Dreieck (A45(47));AS 57 Stockstadt (B469);1;2780952;10863;24;49,98751587;9,04513149;3;33,34,35;79632,79633,79634
ABDN;20200728;7;27;32;A003A206,8;SBA A3 Stockstadt (Umrüst. 2008);A 003 A 206,9;A3;206,885;;Frankfurt;Würzburg;Würzburg;Süd/ West;56 Seligenstädter Dreieck (A45(47));AS 57 Stockstadt (B469);4;2780952;10863;24;49,9876679;9,04654035;8;33,34,35,97,98,105,106,193;79636,79637,79638,79639,79640,79863,79920,79921
ABDN;20200728;7;27;32;A003A206,8;SBA A3 Stockstadt (Umrüst. 2008);A 003 A 206,9;A3;206,885;;Frankfurt;Würzburg;Würzburg;Süd/ West;56 Seligenstädter Dreieck (A45(47));AS 57 Stockstadt (B469);6;2780952;10863;24;49,98751098;9,04617953;3;1,2,3;79923,79924,79925
ABDN;20200728;7;27;32;A003A206,8;SBA A3 Stockstadt (Umrüst. 2008);A 003 A 206,9;A3;206,885;;Frankfurt;Obernburg;Würzburg;Süd/ West;56 Seligenstädter Dreieck (A45(47));AS 57 Stockstadt (B469);1;2780952;10863;24;49,98751587;9,04513149;1;97;79635
ABDN;20200728;7;27;32;A003A206,8;SBA A3 Stockstadt (Umrüst. 2008);A 003 A 206,9;A3;206,885;;Frankfurt;Würzburg;Würzburg;Süd/ West;56 Seligenstädter Dreieck (A45(47));AS 57 Stockstadt (B469);3;2780952;10863;24;49,98751098;9,04617953;1;33;79922
ABDN;20200728;7;27;32;A003A207,8;SBA A3 Stockstadt (Umrüst. 2008);A 003 A 207,8;A3;207,84;;Frankfurt;Würzburg;Würzburg;Süd/ West;AS 57 Stockstadt (B469);AS 58 Aschaffenburg/ West (B8);1;2780678;10862;6;49,98970268;9,05954072;2;177,178;79288,79343
ABDN;20200728;7;27;32;A003A207,8;SBA A3 Stockstadt (Umrüst. 2008);A 003 A 207,8;A3;207,84;;Frankfurt;Würzburg;Würzburg;Süd/ West;AS 57 Stockstadt (B469);AS 58 Aschaffenburg/ West (B8);3;2780678;10862;6;49,98967745;9,05954851;1;33;79568
ABDN;20200728;7;27;32;A003A207,8;SBA A3 Stockstadt (Umrüst. 2008);A 003 A 207,8;A3;207,84;;Frankfurt;Würzburg;Würzburg;Süd/ West;AS 57 Stockstadt (B469);AS 58 Aschaffenburg/ West (B8);3;2780678;10862;6;49,99035104;9,06408827;1;34;79569
ABDN;20200728;7;27;32;A003A207,8;SBA A3 Stockstadt (Umrüst. 2008);A 003 A 207,8;A3;207,84;;Frankfurt;Würzburg;Würzburg;Süd/ West;AS 57 Stockstadt (B469);AS 58 Aschaffenburg/ West (B8);4;2780678;10862;6;49,98987749;9,05994481;8;33,34,35,97,98,105,106,193;79344,79345,79346,79347,79348,79565,79566,79567
ABDN;20200728;7;27;32;A003A207,8;SBA A3 Stockstadt (Umrüst. 2008);A 003 A 207,8;A3;207,84;;Frankfurt;Würzburg;Würzburg;Süd/ West;AS 57 Stockstadt (B469);AS 58 Aschaffenburg/ West (B8);6;2780678;10862;6;49,98967745;9,05954851;3;1,2,3;79570,79571,79631
ABDN;20200728;7;27;32;A003A207,8;SBA A3 Stockstadt (Umrüst. 2008);A 003 A 207,8;A3;207,84;;Frankfurt;Würzburg;Würzburg;Süd/ West;AS 57 Stockstadt (B469);AS 58 Aschaffenburg/ West (B8);1;2780678;10862;6;49,9898008;9,05949911;3;33,34,35;79283,79284,79285
ABDN;20200728;7;27;32;A003A209,0;SBA A3 Stockstadt (Umrüst. 2008);A 003 A 209,0;A3;209,023;;Frankfurt;Würzburg;Würzburg;Süd/ West;AS 58 Aschaffenburg/ West (B8);;1;2780417;10861;1;49,99128163;9,07785991;1;178;79839
ABDN;20200728;7;27;32;A003A209,0;SBA A3 Stockstadt (Umrüst. 2008);A 003 A 209,0;A3;209,023;;Frankfurt;Würzburg;Würzburg;Süd/ West;AS 58 Aschaffenburg/ West (B8);;1;2780417;10861;1;49,99144879;9,07574547;3;33,34,35;79835,79836,79837
ABDN;20200728;7;27;32;A003A209,0;SBA A3 Stockstadt (Umrüst. 2008);A 003 A 209,0;A3;209,023;;Frankfurt;Würzburg;Würzburg;Süd/ West;AS 58 Aschaffenburg/ West (B8);;3;2780417;10861;1;49,99131576;9,07577249;1;33;78992
ABDN;20200728;7;27;32;A003A209,0;SBA A3 Stockstadt (Umrüst. 2008);A 003 A 209,0;A3;209,023;;Frankfurt;Würzburg;Würzburg;Süd/ West;AS 58 Aschaffenburg/ West (B8);;3;2780417;10861;1;49,99145144;9,07584079;6;35,36,37,38,39,40;78993,78994,78995,78996,78997,78998
ABDN;20200728;7;27;32;A003A209,0;SBA A3 Stockstadt (Umrüst. 2008);A 003 A 209,0;A3;209,023;;Frankfurt;Würzburg;Würzburg;Süd/ West;AS 58 Aschaffenburg/ West (B8);;3;2780417;10861;1;49,99145338;9,07591042;3;42,43,44;78999,79054,79055
ABDN;20200728;7;27;32;A003A209,0;SBA A3 Stockstadt (Umrüst. 2008);A 003 A 209,0;A3;209,023;;Frankfurt;Würzburg;Würzburg;Süd/ West;AS 58 Aschaffenburg/ West (B8);;4;2780417;10861;1;49,99145338;9,07591042;8;33,34,35,97,98,105,106,193;78984,78985,78986,78987,78988,78989,78990,78991
ABDN;20200728;7;27;32;A003A209,0;SBA A3 Stockstadt (Umrüst. 2008);A 003 A 209,0;A3;209,023;;Frankfurt;Würzburg;Würzburg;Süd/ West;AS 58 Aschaffenburg/ West (B8);;6;2780417;10861;1;49,99131576;9,07577249;3;1,2,3;79277,79278,79279
ABDN;20200728;7;27;32;A003A209,0;SBA A3 Stockstadt (Umrüst. 2008);A 003 A 209,0;A3;209,023;;Aschaffenburg;Würzburg;Würzburg;Süd/ West;AS 58 Aschaffenburg/ West (B8);;1;2780417;10861;1;49,9913997;9,07783407;1;161;79838
ABDN;20200728;7;27;32;A003A210,1;SBA A3 Stockstadt (Umrüst. 2008);A 003 A 210,1;A3;210,11;;Frankfurt;Würzburg;Würzburg;Süd/ West;AS 58 Aschaffenburg/ West (B8);AS 59 Aschaffenburg/ Ost (B26);1;2780428;10861;12;49,990926;9,09082304;3;33,34,35;79544,79545,79546
ABDN;20200728;7;27;32;A003A210,1;SBA A3 Stockstadt (Umrüst. 2008);A 003 A 210,1;A3;210,11;;Frankfurt;Würzburg;Würzburg;Süd/ West;AS 58 Aschaffenburg/ West (B8);AS 59 Aschaffenburg/ Ost (B26);4;2780428;10861;12;49,99090735;9,09110197;8;33,34,35,97,98,105,106,193;79771,79772,79773,79826,79827,79828,79829,79830
ABDN;20200728;7;27;32;A003A210,1;SBA A3 Stockstadt (Umrüst. 2008);A 003 A 210,1;A3;210,11;;Frankfurt;Würzburg;Würzburg;Süd/ West;AS 58 Aschaffenburg/ West (B8);AS 59 Aschaffenburg/ Ost (B26);6;2780428;10861;12;49,9908907;9,09081889;3;1,2,3;79832,79833,79834
ABDN;20200728;7;27;32;A003A210,1;SBA A3 Stockstadt (Umrüst. 2008);A 003 A 210,1;A3;210,11;;Frankfurt;Würzburg;Würzburg;Süd/ West;AS 58 Aschaffenburg/ West (B8);AS 59 Aschaffenburg/ Ost (B26);3;2780428;10861;12;49,9908907;9,09081889;1;33;79831
ABDN;20200728;7;27;32;A003A211,3;SBA A3 Stockstadt (Umrüst. 2008);A 003 A 211,3;A3;211,25;;Frankfurt;Würzburg;Würzburg;Süd/ West;AS 58 Aschaffenburg/ West (B8);AS 59 Aschaffenburg/ Ost (B26);3;2780440;10861;24;;;1;33;79540
ABDN;20200728;7;27;32;A003A211,3;SBA A3 Stockstadt (Umrüst. 2008);A 003 A 211,3;A3;211,25;;Frankfurt;Würzburg;Würzburg;Süd/ West;AS 58 Aschaffenburg/ West (B8);AS 59 Aschaffenburg/ Ost (B26);4;2780440;10861;24;;;8;33,34,35,97,98,105,106,193;79477,79478,79479,79480,79481,79537,79538,79539
ABDN;20200728;7;27;32;A003A211,3;SBA A3 Stockstadt (Umrüst. 2008);A 003 A 211,3;A3;211,25;;Frankfurt;Würzburg;Würzburg;Süd/ West;AS 58 Aschaffenburg/ West (B8);AS 59 Aschaffenburg/ Ost (B26);6;2780440;10861;24;;;3;1,2,3;79541,79542,79543
ABDN;20200728;7;27;32;A003A211,3;SBA A3 Stockstadt (Umrüst. 2008);A 003 A 211,3;A3;211,25;;Frankfurt;Würzburg;Würzburg;Süd/ West;AS 58 Aschaffenburg/ West (B8);AS 59 Aschaffenburg/ Ost (B26);1;2780440;10861;24;;;3;33,34,35;79260,79475,79476
ABDN;20200728;7;27;32;A003A212,6;SBA A3 Stockstadt (Umrüst. 2008);A 003 A 212,6;A3;212,58;;Frankfurt;Würzburg;Würzburg;Süd/ West;AS 58 Aschaffenburg/ West (B8);AS 59 Aschaffenburg/ Ost (B26);1;2780453;10861;37;;;3;33,34,35;79194,79195,79196
ABDN;20200728;7;27;32;A003A212,6;SBA A3 Stockstadt (Umrüst. 2008);A 003 A 212,6;A3;212,58;;Frankfurt;Würzburg;Würzburg;Süd/ West;AS 58 Aschaffenburg/ West (B8);AS 59 Aschaffenburg/ Ost (B26);3;2780453;10861;37;;;1;33;79256
ABDN;20200728;7;27;32;A003A212,6;SBA A3 Stockstadt (Umrüst. 2008);A 003 A 212,6;A3;212,58;;Frankfurt;Würzburg;Würzburg;Süd/ West;AS 58 Aschaffenburg/ West (B8);AS 59 Aschaffenburg/ Ost (B26);4;2780453;10861;37;;;8;33,34,35,97,98,105,106,193;79197,79198,79199,79200,79201,79202,79254,79255
ABDN;20200728;7;27;32;A003A212,6;SBA A3 Stockstadt (Umrüst. 2008);A 003 A 212,6;A3;212,58;;Frankfurt;Würzburg;Würzburg;Süd/ West;AS 58 Aschaffenburg/ West (B8);AS 59 Aschaffenburg/ Ost (B26);6;2780453;10861;37;;;3;1,2,3;79257,79258,79259
ABDN;20200728;7;27;32;A003A213,8;Einhausung Hösbach;A 003 A 213,8;A3;213,79;;Frankfurt;Würzburg;Würzburg;Süd/ West;AS 58 Aschaffenburg/ West (B8);AS 59 Aschaffenburg/ Ost (B26);1;2780465;10861;49;;;4;33,34,35,193;83712,83713,83714,83715
ABDN;20200728;7;27;32;A003A213,8;Einhausung Hösbach;A 003 A 213,8;A3;213,79;;Frankfurt;Würzburg;Würzburg;Süd/ West;AS 58 Aschaffenburg/ West (B8);AS 59 Aschaffenburg/ Ost (B26);4;2780465;10861;49;;;8;33,34,35,97,98,105,106,193;83718,83719,83720,83779,83780,83781,83782,83783
ABDN;20200728;7;27;32;A003A213,8;Einhausung Hösbach;A 003 A 213,8;A3;213,79;;Frankfurt;Würzburg;Würzburg;Süd/ West;AS 58 Aschaffenburg/ West (B8);AS 59 Aschaffenburg/ Ost (B26);6;2780465;10861;49;;;4;1,2,3,193;84025,84026,84083,84084
ABDN;20200728;7;27;32;A003A213,8;Einhausung Hösbach;A 003 A 213,8;A3;213,79;;Frankfurt;Würzburg;Würzburg;Süd/ West;AS 58 Aschaffenburg/ West (B8);AS 59 Aschaffenburg/ Ost (B26);3;2780465;10861;49;;;9;33,65,67,69,80,81,82,193,195;83716,83717,83784,83785,83786,84021,84022,84023,84024
ABDN;20200728;7;27;32;A003A215,1;Einhausung Hösbach;A 003 A 215,1;A3;215,11;;Frankfurt;Würzburg;Würzburg;Süd/ West;AS 58 Aschaffenburg/ West (B8);AS 59 Aschaffenburg/ Ost (B26);6;2780478;10861;62;;;4;1,2,3,193;83332,83333,83334,83335
ABDN;20200728;7;27;32;A003A215,1;Einhausung Hösbach;A 003 A 215,1;A3;215,14;;Frankfurt;Würzburg;Würzburg;Süd/ West;AS 58 Aschaffenburg/ West (B8);AS 59 Aschaffenburg/ Ost (B26);1;2780478;10861;62;;;4;33,34,35,193;84085,84086,84087,84088
ABDN;20200728;7;27;32;A003A215,1;Einhausung Hösbach;A 003 A 215,1;A3;215,14;;Frankfurt;Würzburg;Würzburg;Süd/ West;AS 58 Aschaffenburg/ West (B8);AS 59 Aschaffenburg/ Ost (B26);3;2780478;10861;62;;;9;33,65,67,69,80,81,82,193,195;83325,83326,83327,83328,83329,83330,83331,84089,84090
ABDN;20200728;7;27;32;A003A215,1;Einhausung Hösbach;A 003 A 215,1;A3;215,14;;Frankfurt;Würzburg;Würzburg;Süd/ West;AS 58 Aschaffenburg/ West (B8);AS 59 Aschaffenburg/ Ost (B26);4;2780478;10861;62;;;8;33,34,35,97,98,105,106,193;83322,83323,83324,84091,84092,84093,84094,84095
ABDN;20200728;7;27;32;A003A215,8;Erneuerung Kauppenaufstieg 2.BA;A 003 B 215,8;A3;216,225;;Würzburg;Frankfurt;Würzburg;Nord/ Ost;AS Aschaffenburg-Ost;;1;2780162;10860;2;;;3;65,129,194;79266,79267,79268
ABDN;20200728;7;27;26;A003A216,2;Einhausung Hösbach;A 003 A 216,2;A3;216,225;;Frankfurt;Würzburg;Würzburg;Süd/ West;AS Aschaffenburg-Ost;AS Goldbach;3;2780162;10860;2;;;3;66,75,76;79614,79615,79616
ABDN;20200728;7;27;32;A003A216,2;DZS 8+1;A 003 A 216,2;A3;216,225;;Würzburg;Frankfurt;Würzburg;Nord/ Ost;AS Aschaffenburg-Ost;;1;2780162;10860;2;;;3;1,2,3;79261,79262,79263
ABDN;20200728;7;27;32;A003A216,2;DZS 8+1;A 003 A 216,2;A3;216,225;;Frankfurt;Würzburg;Würzburg;Süd/ West;AS Aschaffenburg-Ost;;1;2780162;10860;2;;;3;41,42,43;79038,79039,79040
ABDN;20200728;7;27;32;A003A216,2;Erneuerung Kauppenaufstieg 2.BA;A 003 A 216,2;A3;216,225;;Frankfurt;Würzburg;Würzburg;Süd/ West;AS Aschaffenburg-Ost;;1;2780162;10860;2;;;2;97,161;79264,79265
ABDN;20200728;7;27;32;A003A216,2;Einhausung Hösbach;A 003 A 216,2;A3;216,4;;Frankfurt;Würzburg;Würzburg;Süd/ West;AS Aschaffenburg-Ost;AS Goldbach;3;2780162;10860;2;;;1;195;79332
ABDN;20200728;7;27;32;A003A216,2;Einhausung Hösbach;A 003 A 216,2;A3;216,195;;Frankfurt;Würzburg;Würzburg;Süd/ West;AS Aschaffenburg-Ost;AS Goldbach;6;2780162;10860;2;;;4;1,2,3,193;79619,79620,79621,79622
ABDN;20200728;7;27;32;A003A216,2;Einhausung Hösbach;A 003 A 216,2;A3;216,225;;Frankfurt;Würzburg;Würzburg;Süd/ West;AS Aschaffenburg-Ost;AS Goldbach;1;2780162;10860;2;;;4;33,34,35,193;78981,78982,79036,79037
ABDN;20200728;7;27;32;A003A216,2;Einhausung Hösbach;A 003 A 216,2;A3;216,225;;Frankfurt;Würzburg;Würzburg;Süd/ West;AS Aschaffenburg-Ost;AS Goldbach;3;2780162;10860;2;;;8;65,67,69,80,81,82,193,197;79269,79551,79552,79553,79612,79613,79617,79618
ABDN;20200728;7;27;32;A003A216,2a;Einhausung Hösbach;A 003 A 216,2;A3;216,225;;Frankfurt;Würzburg;Würzburg;Süd/ West;AS Aschaffenburg-Ost;AS Goldbach;3;2780162;10860;2;;;1;33;79270
ABDN;20200728;7;27;32;A003A216,2a;Einhausung Hösbach;A 003 A 216,2;A3;216,225;;Frankfurt;Würzburg;Würzburg;Süd/ West;AS Aschaffenburg-Ost;AS Goldbach;4;2780162;10860;2;;;8;33,34,35,97,98,105,106,193;79271,79325,79326,79327,79328,79329,79330,79331
ABDN;20200728;7;27;32;A003A216,2b;Einhausung Hösbach;A 003 A 216,2;A3;216,4;;Frankfurt;Würzburg;Würzburg;Süd/ West;AS Aschaffenburg-Ost;AS Goldbach;4;2780162;10860;2;;;4;161,163,167,195;79547,79548,79549,79550
ABDN;20200728;7;27;32;A003A216,2b;Einhausung Hösbach;A 003 A 216,2;A3;216,4;;Frankfurt;Würzburg;Würzburg;Süd/ West;AS Aschaffenburg-Ost;AS Goldbach;3;2780162;10860;2;;;1;34;79333
ABDN;20200728;7;27;32;A003A217,1;Einhausung Hösbach;A 003 A 217,1;A3;217,147;;Frankfurt;Würzburg;Würzburg;Süd/ West;AS Aschaffenburg-Ost;AS Goldbach;6;2780172;10860;12;;;4;1,2,3,193;79065,79066,79067,79068
ABDN;20200728;7;27;32;A003A217,1;Einhausung Hösbach;A 003 A 217,1;A3;217,148;;Frankfurt;Würzburg;Würzburg;Süd/ West;AS Aschaffenburg-Ost;AS Goldbach;1;2780172;10860;12;;;4;34,35,36,193;79914,79915,79916,79917
ABDN;20200728;7;27;32;A003A217,1;Einhausung Hösbach;A 003 A 217,1;A3;217,148;;Frankfurt;Würzburg;Würzburg;Süd/ West;AS Aschaffenburg-Ost;AS Goldbach;4;2780172;10860;12;;;8;34,35,36,98,99,106,107,193;79057,79058,79059,79060,79061,79062,79063,79064
ABDN;20200728;7;27;32;A003A217,1;Einhausung Hösbach;A 003 A 217,1;A3;217,148;;Frankfurt;Würzburg;Würzburg;Süd/ West;AS Aschaffenburg-Ost;AS Goldbach;3;2780172;10860;12;;;2;33,193;79056,79918
ABDN;20200728;7;27;32;A003A217,8;Einhausung Hösbach;A 003 A 217,8;A3;217,751;;Frankfurt;Würzburg;Würzburg;Süd/ West;AS Goldbach;AS Hösbach;4;2779904;10859;0;;;8;34,35,36,98,99,106,107,193;79644,79645,79646,79647,79704,79705,79706,79707
ABDN;20200728;7;27;32;A003A217,8;Einhausung Hösbach;A 003 A 217,8;A3;217,751;;Frankfurt;Würzburg;Würzburg;Süd/ West;AS Goldbach;AS Hösbach;3;2779904;10859;0;;;2;33,193;79642,79643
ABDN;20200728;7;27;32;A003A217,8;Einhausung Hösbach;A 003 A 217,8;A3;217,751;;Frankfurt;Würzburg;Würzburg;Süd/ West;AS Goldbach;AS Hösbach;1;2779904;10859;0;;;4;34,35,36,193;79413,79414,79415,79416
ABDN;20200728;7;27;32;A003A217,8;Einhausung Hösbach;A 003 A 217,8;A3;217,725;;Frankfurt;Würzburg;Würzburg;Süd/ West;AS Goldbach;AS Hösbach;1;2779904;10859;0;;;2;97,197;79419,79641
ABDN;20200728;7;27;32;A003A217,8;Einhausung Hösbach;A 003 A 217,8;A3;218,06;;Frankfurt;Würzburg;Würzburg;Süd/ West;AS Goldbach;AS Hösbach;1;2779904;10859;0;;;2;161,195;79417,79418
ABDN;20200728;7;27;32;A003A217,8;Einhausung Hösbach;A 003 A 217,8;A3;217,89;;Frankfurt;Würzburg;Würzburg;Süd/ West;AS Goldbach;AS Hösbach;6;2779904;10859;0;;;4;1,2,3,193;79708,79709,79710,79711
ABDN;20200728;7;27;32;A003A218,5;Einhausung Hösbach;A 003 A 218,5;A3;218,45;;Frankfurt;Würzburg;Würzburg;Süd/ West;AS Goldbach;AS Hösbach;3;2779910;10859;6;;;2;33,193;83313,83314
ABDN;20200728;7;27;32;A003A218,5;Einhausung Hösbach;A 003 A 218,5;A3;218,45;;Frankfurt;Würzburg;Würzburg;Süd/ West;AS Goldbach;AS Hösbach;4;2779910;10859;6;;;8;34,35,36,98,99,106,107,193;83315,83316,83317,83318,83319,83320,83321,83378
ABDN;20200728;7;27;32;A003A218,5;Einhausung Hösbach;A 003 A 218,5;A3;218,45;;Frankfurt;Würzburg;Würzburg;Süd/ West;AS Goldbach;AS Hösbach;1;2779910;10859;6;;;4;34,35,36,193;78928,83310,83311,83312
ABDN;20200728;7;27;32;A003A218,5;Einhausung Hösbach;A 003 A 218,5;A3;218,553;;Frankfurt;Würzburg;Würzburg;Süd/ West;AS Goldbach;AS Hösbach;6;2779910;10859;6;;;4;1,2,3,193;83379,83380,83381,83382
ABDN;20200728;7;27;32;A003A218,9;Erneuerung Verkehrstechnik EH Hösbach 2. Bauabschnitt;A 003 A 218,9;A3;218,947;;Frankfurt;Würzburg;Würzburg;Süd/ West;AS Goldbach;AS Hösbach;6;2779915;10859;11;;;4;1,2,3,193;84000,84001,84002,84003
ABDN;20200728;7;27;32;A003A218,9;Erneuerung Verkehrstechnik EH Hösbach 2. Bauabschnitt;A 003 A 218,9;A3;218,95;;Frankfurt;Würzburg;Würzburg;Süd/ West;AS Goldbach;AS Hösbach;4;2779915;10859;11;;;8;34,35,36,98,99,106,107,193;83931,83993,83994,83995,83996,83997,83998,83999
ABDN;20200728;7;27;32;A003A218,9;Erneuerung Verkehrstechnik EH Hösbach 2. Bauabschnitt;A 003 A 218,9;A3;218,95;;Frankfurt;Würzburg;Würzburg;Süd/ West;AS Goldbach;AS Hösbach;3;2779915;10859;11;;;2;33,193;83929,83930
ABDN;20200728;7;27;32;A003A218,9;Erneuerung Verkehrstechnik EH Hösbach 2. Bauabschnitt;A 003 A 218,9;A3;218,95;;Frankfurt;Würzburg;Würzburg;Süd/ West;AS Goldbach;AS Hösbach;1;2779915;10859;11;;;4;34,35,36,193;83694,83695,83696,83928
ABDN;20200728;7;27;32;A003A219,3;Erneuerung Verkehrstechnik EH Hösbach 2. Bauabschnitt;A 003 A 219,3;A3;219,45;;Frankfurt;Würzburg;Würzburg;Süd/ West;AS Goldbach;AS Hösbach;1;2779919;10859;15;;;4;34,35,36,193;84004,84005,84006,84298
ABDN;20200728;7;27;32;A003A219,3;Erneuerung Verkehrstechnik EH Hösbach 2. Bauabschnitt;A 003 A 219,3;A3;219,45;;Frankfurt;Würzburg;Würzburg;Süd/ West;AS Goldbach;AS Hösbach;4;2779919;10859;15;;;8;34,35,36,98,99,106,107,193;84301,84302,84303,84304,84305,84306,84307,84308
ABDN;20200728;7;27;32;A003A219,3;Erneuerung Verkehrstechnik EH Hösbach 2. Bauabschnitt;A 003 A 219,3;A3;219,356;;Frankfurt;Würzburg;Würzburg;Süd/ West;AS Goldbach;AS Hösbach;6;2779919;10859;15;;;4;1,2,3,193;84309,84310,84311,84312
ABDN;20200728;7;27;32;A003A219,3;Erneuerung Verkehrstechnik EH Hösbach 2. Bauabschnitt;A 003 A 219,3;A3;219,45;;Frankfurt;Würzburg;Würzburg;Süd/ West;AS Goldbach;AS Hösbach;3;2779919;10859;15;;;2;33,193;84299,84300
ABDN;20200728;7;27;32;A003A220,1;Erneuerung Kauppenaufstieg 2.BA;A 003 A 220,4;A3;219,88;;Frankfurt;Würzburg;Würzburg;Süd/ West;AS 61 Hösbach (B26n);;1;2779651;10858;3;;;1;161;84174
ABDN;20200728;7;27;32;A003A220,1;Erneuerung Kauppenaufstieg 2.BA;A 003 A 220,4;A3;219,82;;Frankfurt;Würzburg;Würzburg;Süd/ West;AS 61 Hösbach (B26n);;1;2779651;10858;3;;;1;97;84173
ABDN;20200728;7;27;32;A003A220,3;Erneuerung Verkehrstechnik EH Hösbach 2. Bauabschnitt;A 003 A 220,3;A3;220,315;;Frankfurt;Würzburg;Würzburg;Süd/ West;AS Hösbach;AS Bessenbach/Waldaschaff;6;2779650;10858;2;;;4;1,2,3,193;84163,84164,84165,84166
ABDN;20200728;7;27;32;A003A220,3;Erneuerung Verkehrstechnik EH Hösbach 2. Bauabschnitt;A 003 A 220,3;A3;220,32;;Frankfurt;Würzburg;Würzburg;Süd/ West;AS Hösbach;AS Bessenbach/Waldaschaff;4;2779650;10858;2;;;4;161,163,167,193;84098,84099,84161,84162
ABDN;20200728;7;27;32;A003A220,3;Erneuerung Verkehrstechnik EH Hösbach 2. Bauabschnitt;A 003 A 220,3;A3;220,32;;Frankfurt;Würzburg;Würzburg;Süd/ West;AS Hösbach;AS Bessenbach/Waldaschaff;3;2779650;10858;2;;;2;33,193;84096,84097
ABDN;20200728;7;27;32;A003A220,4;Erneuerung Kauppenaufstieg 2.BA;A 003 A 220,4;A3;220,433;;Frankfurt;Würzburg;Regensburg;Süd/ West;AS 61 Hösbach (B26n);AS 62 Bessenbach/ Waldaschaff (Kr. Str. AB4) ;6;2779651;10858;3;50,00191235;9,22923499;3;1,2,3;83398,83399,83400
ABDN;20200728;7;27;32;A003A220,4;DZS 8+1;A 003 A 220,4;A3;220,433;;Frankfurt;Würzburg;Regensburg;Süd/ West;AS 61 Hösbach (B26n);AS 62 Bessenbach/ Waldaschaff (Kr. Str. AB4) ;1;2779651;10858;3;50,00201683;9,22927365;3;33,34,35;84170,84171,84172
ABDN;20200728;7;27;32;A003A220,8;Einhausung Hösbach;A 003 A 220,8;A3;220,82;;Frankfurt;Würzburg;Würzburg;Süd/ West;AS Hösbach;AS Bessenbach/Waldaschaff;6;2779655;10858;7;;;4;1,2,3,193;79338,79339,79340,79341
ABDN;20200728;7;27;32;A003A220,8;Einhausung Hösbach;A 003 A 220,8;A3;220,85;;Frankfurt;Würzburg;Würzburg;Süd/ West;AS Hösbach;AS Bessenbach/Waldaschaff;1;2779655;10858;7;;;4;33,34,35,193;79050,79051,79052,79053
ABDN;20200728;7;27;32;A003A220,8;Einhausung Hösbach;A 003 A 220,8;A3;220,85;;Frankfurt;Würzburg;Würzburg;Süd/ West;AS Hösbach;AS Bessenbach/Waldaschaff;3;2779655;10858;7;;;2;33,193;79110,79111
ABDN;20200728;7;27;32;A003A220,8;Einhausung Hösbach;A 003 A 220,8;A3;220,85;;Frankfurt;Würzburg;Würzburg;Süd/ West;AS Hösbach;AS Bessenbach/Waldaschaff;4;2779655;10858;7;;;8;33,34,35,97,98,105,106,193;79112,79113,79114,79115,79334,79335,79336,79337
ABDN;20200728;7;27;32;A003A221,8;Einhausung Hösbach;A 003 A 221,8;A3;221,8;;Frankfurt;Würzburg;Würzburg;Süd/ West;AS Hösbach;AS Bessenbach/Waldaschaff;1;2779667;10858;19;;;4;33,34,35,193;79687,79688,79689,79690
ABDN;20200728;7;27;32;A003A221,8;Einhausung Hösbach;A 003 A 221,8;A3;221,8;;Frankfurt;Würzburg;Würzburg;Süd/ West;AS Hösbach;AS Bessenbach/Waldaschaff;3;2779667;10858;19;;;6;33,65,67,69,81,193;79691,79692,79979,79980,79981,79982
ABDN;20200728;7;27;32;A003A221,8;Einhausung Hösbach;A 003 A 221,8;A3;221,8;;Frankfurt;Würzburg;Würzburg;Süd/ West;AS Hösbach;AS Bessenbach/Waldaschaff;4;2779667;10858;19;;;8;33,34,35,97,98,105,106,193;79693,79694,79695,79696,79697,79698,79919,79977
ABDN;20200728;7;27;32;A003A221,8;Einhausung Hösbach;A 003 A 221,8;A3;221,82;;Frankfurt;Würzburg;Würzburg;Süd/ West;AS Hösbach;AS Bessenbach/Waldaschaff;3;2779667;10858;19;;;1;195;79978
ABDN;20200728;7;27;32;A003A221,8;Einhausung Hösbach;A 003 A 221,8;A3;221,77;;Frankfurt;Würzburg;Würzburg;Süd/ West;AS Hösbach;AS Bessenbach/Waldaschaff;6;2779667;10858;19;;;4;1,2,3,193;79983,79984,79985,79986
ABDN;20200728;7;27;32;A003A223,5;UV Los 1;A 003 A 223,1;A3;223,066;;Frankfurt;Würzburg;Frankfurt;Süd/ West;AS 62 Bessenbach/ Waldaschaff (Kr. Str. AB4) ;;1;2779392;10857;0;49,98514243;9,26062718;1;34;83405
ABDN;20200728;7;27;32;A003A223,5;UV Los 1;A 003 A 223,1;A3;223,066;;Frankfurt;Würzburg;Frankfurt;Süd/ West;AS 62 Bessenbach/ Waldaschaff (Kr. Str. AB4) ;;1;2779392;10857;0;49,98646078;9,25667932;1;35;83406
ABDN;20200728;7;27;32;A003A223,5;UV Los 1;A 003 A 223,1;A3;223,066;;Frankfurt;Würzburg;Frankfurt;Süd/ West;AS 62 Bessenbach/ Waldaschaff (Kr. Str. AB4) ;;1;2779392;10857;0;49,98651835;9,25741814;1;33;83404
ABDN;20200728;7;27;32;A003A223,5;UV Los 1;A 003 A 223,1;A3;223,066;;Frankfurt;Waldaschaff;Frankfurt;Süd/ West;AS 62 Bessenbach/ Waldaschaff (Kr. Str. AB4) ;;1;2779392;10857;0;49,98517658;9,26056246;1;97;83409
ABDN;20200728;7;27;32;A003A223,5;UV Los 1;A 003 A 223,1;A3;223,066;;Waldaschaff;Würzburg;Frankfurt;Süd/ West;AS 62 Bessenbach/ Waldaschaff (Kr. Str. AB4) ;;1;2779392;10857;0;49,98638909;9,25671446;1;161;83410
ABDN;20200728;7;27;32;A003A223,6;Erneuerung Kauppenaufstieg 1.BA;A 003 A 223,6;A3;223,55;;Frankfurt;Würzburg;Nürnberg;Süd/ West;AS Bessenbach/Waldaschaff;AS Weibersbrunn;6;2779397;10857;5;;;3;1,2,3;79206,79420,79421
ABDN;20200728;7;27;32;A003A223,6;Erneuerung Kauppenaufstieg 1.BA;A 003 A 223,6;A3;223,58;;Frankfurt;Würzburg;Nürnberg;Süd/ West;AS Bessenbach/Waldaschaff;AS Weibersbrunn;1;2779397;10857;5;;;3;33,34,35;79139,79140,79141
ABDN;20200728;7;27;32;A003A223,6;Erneuerung Kauppenaufstieg 1.BA;A 003 A 223,6;A3;223,58;;Frankfurt;Würzburg;Nürnberg;Süd/ West;AS Bessenbach/Waldaschaff;AS Weibersbrunn;3;2779397;10857;5;;;1;33;79142
ABDN;20200728;7;27;32;A003A223,6;Erneuerung Kauppenaufstieg 1.BA;A 003 A 223,6;A3;223,58;;Frankfurt;Würzburg;Nürnberg;Süd/ West;AS Bessenbach/Waldaschaff;AS Weibersbrunn;4;2779397;10857;5;;;8;33,34,35,97,98,105,106,193;79143,79144,79145,79146,79147,79203,79204,79205
ABDN;20200728;7;27;32;A003A224,5;Erneuerung Kauppenaufstieg 1.BA;A 003 A 224,5;A3;224,55;;Frankfurt;Würzburg;Nürnberg;Süd/ West;AS Bessenbach/Waldaschaff;AS Weibersbrunn;1;2779407;10857;15;;;3;33,34,35;79426,79427,79428
ABDN;20200728;7;27;32;A003A224,5;Erneuerung Kauppenaufstieg 1.BA;A 003 A 224,5;A3;224,55;;Frankfurt;Würzburg;Nürnberg;Süd/ West;AS Bessenbach/Waldaschaff;AS Weibersbrunn;4;2779407;10857;15;;;8;33,34,35,97,98,105,106,193;79430,79482,79483,79484,79485,79486,79487,79488
ABDN;20200728;7;27;32;A003A224,5;Erneuerung Kauppenaufstieg 1.BA;A 003 A 224,5;A3;224,52;;Frankfurt;Würzburg;Nürnberg;Süd/ West;AS Bessenbach/Waldaschaff;AS Weibersbrunn;6;2779407;10857;15;;;3;1,2,3;79489,79717,79718
ABDN;20200728;7;27;32;A003A224,5;Erneuerung Kauppenaufstieg 1.BA;A 003 A 224,5;A3;224,55;;Frankfurt;Würzburg;Nürnberg;Süd/ West;AS Bessenbach/Waldaschaff;AS Weibersbrunn;3;2779407;10857;15;;;5;33,34,35,36,37;79422,79423,79424,79425,79429
ABDN;20200728;7;27;32;A003A225,4;Erneuerung Kauppenaufstieg 1.BA;A 003 A 225,4;A3;225,38;;Frankfurt;Würzburg;Nürnberg;Süd/ West;AS Bessenbach/Waldaschaff;AS Weibersbrunn;6;2779415;10857;23;;;3;1,2,3;79782,79783,79784
ABDN;20200728;7;27;32;A003A225,4;Erneuerung Kauppenaufstieg 1.BA;A 003 A 225,4;A3;225,4;;Frankfurt;Würzburg;Nürnberg;Süd/ West;AS Bessenbach/Waldaschaff;AS Weibersbrunn;3;2779415;10857;23;;;1;33;79722
ABDN;20200728;7;27;32;A003A225,4;Erneuerung Kauppenaufstieg 1.BA;A 003 A 225,4;A3;225,4;;Frankfurt;Würzburg;Nürnberg;Süd/ West;AS Bessenbach/Waldaschaff;AS Weibersbrunn;4;2779415;10857;23;;;8;33,34,35,97,98,105,106,193;79774,79775,79776,79777,79778,79779,79780,79781
ABDN;20200728;7;27;32;A003A225,4;Erneuerung Kauppenaufstieg 1.BA;A 003 A 225,4;A3;225,4;;Frankfurt;Würzburg;Nürnberg;Süd/ West;AS Bessenbach/Waldaschaff;AS Weibersbrunn;1;2779415;10857;23;;;3;33,34,35;79719,79720,79721
ABDN;20200728;7;27;32;A003A226,2;Erneuerung Kauppenaufstieg 1.BA;A 003 A 226,2;A3;226,21;;Frankfurt;Würzburg;Nürnberg;Süd/ West;AS Bessenbach/Waldaschaff;AS Weibersbrunn;6;2779423;10857;31;;;3;1,2,3;78944,79000,79001
ABDN;20200728;7;27;32;A003A226,2;Erneuerung Kauppenaufstieg 1.BA;A 003 A 226,2;A3;226,22;;Frankfurt;Würzburg;Nürnberg;Süd/ West;AS Bessenbach/Waldaschaff;AS Weibersbrunn;3;2779423;10857;31;;;6;33,34,35,36,37,38;78929,78930,78931,78935,79785,79786
ABDN;20200728;7;27;32;A003A226,2;Erneuerung Kauppenaufstieg 1.BA;A 003 A 226,2;A3;226,22;;Frankfurt;Würzburg;Nürnberg;Süd/ West;AS Bessenbach/Waldaschaff;AS Weibersbrunn;4;2779423;10857;31;;;8;33,34,35,97,98,105,106,193;78936,78937,78938,78939,78940,78941,78942,78943
ABDN;20200728;7;27;32;A003A226,2;Erneuerung Kauppenaufstieg 1.BA;A 003 A 226,2;A3;226,22;;Frankfurt;Würzburg;Nürnberg;Süd/ West;AS Bessenbach/Waldaschaff;AS Weibersbrunn;1;2779423;10857;31;;;3;33,34,35;78932,78933,78934
ABDN;20200728;7;27;32;A003A227,2;Erneuerung Kauppenaufstieg 1.BA;A 003 A 227,2;A3;227,15;;Frankfurt;Würzburg;Nürnberg;Süd/ West;AS Bessenbach/Waldaschaff;AS Weibersbrunn;6;2779432;10857;40;;;3;1,2,3;83452,83453,83454
ABDN;20200728;7;27;32;A003A227,2;Erneuerung Kauppenaufstieg 1.BA;A 003 A 227,2;A3;227,2;;Frankfurt;Würzburg;Nürnberg;Süd/ West;AS Bessenbach/Waldaschaff;AS Weibersbrunn;3;2779432;10857;40;;;1;33;83388
ABDN;20200728;7;27;32;A003A227,2;Erneuerung Kauppenaufstieg 1.BA;A 003 A 227,2;A3;227,2;;Frankfurt;Würzburg;Nürnberg;Süd/ West;AS Bessenbach/Waldaschaff;AS Weibersbrunn;4;2779432;10857;40;;;8;33,34,35,97,98,105,106,193;83389,83390,83391,83392,83393,83394,83395,83451
ABDN;20200728;7;27;32;A003A227,2;Erneuerung Kauppenaufstieg 1.BA;A 003 A 227,2;A3;227,2;;Frankfurt;Würzburg;Nürnberg;Süd/ West;AS Bessenbach/Waldaschaff;AS Weibersbrunn;1;2779432;10857;40;;;3;33,34,35;79002,83386,83387
ABDN;20200728;7;27;32;A003A229,1;Erneuerung Kauppenaufstieg 2.BA;A 003 A 229,1;A3;229,08;;Frankfurt;Würzburg;Würzburg;Süd/ West;AS 62 Bessenbach/ Waldaschaff (Kr. Str. AB4) ;AS 63 Weibersbrunn (St 2308);6;2779452;10857;60;49,96109761;9,31662798;4;1,2,3,4;84067,84068,84069,84070
ABDN;20200728;7;27;32;A003A229,1;Erneuerung Kauppenaufstieg 2.BA;A 003 A 229,1;A3;229,1;;Frankfurt;Würzburg;Würzburg;Süd/ West;AS 62 Bessenbach/ Waldaschaff (Kr. Str. AB4) ;AS 63 Weibersbrunn (St 2308);3;2779452;10857;60;49,96109761;9,31662798;1;61;83702
ABDN;20200728;7;27;32;A003A229,1;Erneuerung Kauppenaufstieg 2.BA;A 003 A 229,1;A3;229,1;;Frankfurt;Würzburg;Würzburg;Süd/ West;AS 62 Bessenbach/ Waldaschaff (Kr. Str. AB4) ;AS 63 Weibersbrunn (St 2308);3;2779452;10857;60;49,96110843;9,31671136;5;48,53,55,60,71;83697,83698,83699,83700,83701
ABDN;20200728;7;27;32;A003A229,1;Erneuerung Kauppenaufstieg 2.BA;A 003 A 229,1;A3;229,1;;Frankfurt;Würzburg;Würzburg;Süd/ West;AS 62 Bessenbach/ Waldaschaff (Kr. Str. AB4) ;AS 63 Weibersbrunn (St 2308);4;2779452;10857;60;49,96108849;9,31690801;10;33,34,35,36,97,98,99,105,106,107;83764,83765,83766,83767,83768,83769,83770,83771,84007,84008
ABDN;20200728;7;27;32;A003A229,1;Erneuerung Kauppenaufstieg 2.BA;A 003 A 229,1;A3;229,1;;Frankfurt;Würzburg;Würzburg;Süd/ West;AS 62 Bessenbach/ Waldaschaff (Kr. Str. AB4) ;AS 63 Weibersbrunn (St 2308);4;2779452;10857;60;49,96109761;9,31662798;1;193;83763
ABDN;20200728;7;27;32;A003A229,1;Erneuerung Kauppenaufstieg 2.BA;A 003 A 229,1;A3;229,1;;Frankfurt;Würzburg;Würzburg;Süd/ West;AS 62 Bessenbach/ Waldaschaff (Kr. Str. AB4) ;AS 63 Weibersbrunn (St 2308);1;2779452;10857;60;49,96108849;9,31690801;4;33,34,35,36;83455,83456,83457,83458
ABDN;20200728;7;27;32;A003A231,0;Erneuerung Kauppenaufstieg 2.BA;A 003 A 231,0;A3;231;;Frankfurt;Würzburg;Würzburg;Süd/ West;AS 62 Bessenbach/ Waldaschaff (Kr. Str. AB4) ;AS 63 Weibersbrunn (St 2308);1;2779481;10857;89;49,95265949;9,32674227;4;33,34,35,36;84071,84072,84073,84074
ABDN;20200728;7;27;32;A003A231,0;Erneuerung Kauppenaufstieg 2.BA;A 003 A 231,0;A3;231;;Frankfurt;Würzburg;Würzburg;Süd/ West;AS 62 Bessenbach/ Waldaschaff (Kr. Str. AB4) ;AS 63 Weibersbrunn (St 2308);4;2779481;10857;89;49,95265949;9,32674227;10;33,34,35,36,97,98,99,105,106,107;84077,84078,84079,84080,84375,84376,84377,84378,84379,84380
ABDN;20200728;7;27;32;A003A231,0;Erneuerung Kauppenaufstieg 2.BA;A 003 A 231,0;A3;231;;Frankfurt;Würzburg;Würzburg;Süd/ West;AS 62 Bessenbach/ Waldaschaff (Kr. Str. AB4) ;AS 63 Weibersbrunn (St 2308);4;2779481;10857;89;49,95279967;9,32658249;1;193;84076
ABDN;20200728;7;27;32;A003A231,0;Erneuerung Kauppenaufstieg 2.BA;A 003 A 231,0;A3;230,98;;Frankfurt;Würzburg;Würzburg;Süd/ West;AS 62 Bessenbach/ Waldaschaff (Kr. Str. AB4) ;AS 63 Weibersbrunn (St 2308);6;2779481;10857;89;49,95279967;9,32658249;4;1,2,3,4;84381,84382,84383,84384
ABDN;20200728;7;27;32;A003A231,0;Erneuerung Kauppenaufstieg 2.BA;A 003 A 232,4;A3;232,41;;Frankfurt;Würzburg;Würzburg;Süd/ West;AS 63 Weibersbrunn (St 2308);AS 64 Rohrbrunn (B8);3;2779142;10856;6;49,95279967;9,32658249;1;61;84385
ABDN;20200728;7;27;32;A003A231,0;Erneuerung Kauppenaufstieg 2.BA;A 003 A 231,0;A3;231;;Frankfurt;Würzburg;Würzburg;Süd/ West;AS 62 Bessenbach/ Waldaschaff (Kr. Str. AB4) ;AS 63 Weibersbrunn (St 2308);3;2779481;10857;89;49,95279967;9,32658249;1;61;84075
ABDN;20200728;7;27;32;A003A232,0;Erneuerung Kauppenaufstieg 2.BA;A 003 B 232,0;A3;231,998;;Hessenthal;Würzburg;Frankfurt;Süd/ West;AS 63 Weibersbrunn (St 2308);;1;2779138;10856;2;49,93599884;9,34751057;1;161;79135
ABDN;20200728;7;27;32;A003A232,0;Erneuerung Kauppenaufstieg 2.BA;A 003 B 232,0;A3;231,998;;Frankfurt;Hessenthal;Frankfurt;Süd/ West;AS 63 Weibersbrunn (St 2308);;1;2779138;10856;2;49,93609925;9,34750481;1;97;79995
ABDN;20200728;7;27;32;A003A232,0;Erneuerung Kauppenaufstieg 2.BA;A 003 B 232,0;A3;231,998;;Frankfurt;Würzburg;Frankfurt;Süd/ West;AS 63 Weibersbrunn (St 2308);;1;2779138;10856;2;49,9359581;9,34831793;4;33,34,35,36;79990,79991,79992,79993
ABDN;20200728;7;27;32;A003A232,4;Erneuerung Kauppenaufstieg 2.BA;A 003 A 232,4;A3;232,405;;Frankfurt;Würzburg;Würzburg;Süd/ West;AS 63 Weibersbrunn (St 2308);AS 64 Rohrbrunn (B8);6;2779142;10856;6;49,94757016;9,33342181;4;1,2,3,4;83552,84176,84177,84449
ABDN;20200728;7;27;32;A003A232,4;Erneuerung Kauppenaufstieg 2.BA;A 003 A 232,4;A3;232,41;;Frankfurt;Würzburg;Würzburg;Süd/ West;AS 63 Weibersbrunn (St 2308);AS 64 Rohrbrunn (B8);4;2779142;10856;6;49,94757016;9,33342181;1;193;84386
ABDN;20200728;7;27;32;A003A232,4;Erneuerung Kauppenaufstieg 2.BA;A 003 A 232,4;A3;232,41;;Frankfurt;Würzburg;Würzburg;Süd/ West;AS 63 Weibersbrunn (St 2308);AS 64 Rohrbrunn (B8);4;2779142;10856;6;49,94750875;9,33353626;3;161,163,167;84387,84388,84448
ABDN;20200728;7;27;32;A003A233,0;Erneuerung Kauppenaufstieg 2.BA;A 003 A 233,0;A3;232,94;;Frankfurt;Würzburg;Würzburg;Süd/ West;AS 63 Weibersbrunn (St 2308);AS 64 Rohrbrunn (B8);6;2779154;10856;18;49,94320302;9,33967851;4;1,2,3,4;79410,79465,79466,79467
ABDN;20200728;7;27;32;A003A233,0;Erneuerung Kauppenaufstieg 2.BA;A 003 A 233,0;A3;232,96;;Frankfurt;Würzburg;Würzburg;Süd/ West;AS 63 Weibersbrunn (St 2308);AS 64 Rohrbrunn (B8);1;2779154;10856;18;49,94305017;9,33983994;4;33,34,35,36;84178,84240,84241,84242
ABDN;20200728;7;27;32;A003A233,0;Erneuerung Kauppenaufstieg 2.BA;A 003 A 233,0;A3;232,96;;Frankfurt;Würzburg;Würzburg;Süd/ West;AS 63 Weibersbrunn (St 2308);AS 64 Rohrbrunn (B8);3;2779154;10856;18;49,94320302;9,33967851;6;48,53,55,60,61,71;84243,84244,84245,84246,84247,84248
ABDN;20200728;7;27;32;A003A233,0;Erneuerung Kauppenaufstieg 2.BA;A 003 A 233,0;A3;232,96;;Frankfurt;Würzburg;Würzburg;Süd/ West;AS 63 Weibersbrunn (St 2308);AS 64 Rohrbrunn (B8);4;2779154;10856;18;49,94305017;9,33983994;10;33,34,35,36,97,98,99,105,106,107;79404,79405,79406,79407,79408,79409,84250,84251,84252,84253
ABDN;20200728;7;27;32;A003A233,0;Erneuerung Kauppenaufstieg 2.BA;A 003 A 233,0;A3;232,96;;Frankfurt;Würzburg;Würzburg;Süd/ West;AS 63 Weibersbrunn (St 2308);AS 64 Rohrbrunn (B8);4;2779154;10856;18;49,94320302;9,33967851;1;193;84249
ABDN;20200728;7;27;32;A003A234,8;Erneuerung Kauppenaufstieg 2.BA;A 003 A 234,8;A3;234,77;;Frankfurt;Würzburg;Würzburg;Süd/ West;AS 63 Weibersbrunn (St 2308);AS 64 Rohrbrunn (B8);6;2779166;10856;30;49,94005838;9,34446715;4;1,2,3,4;79212,79213,79214,79215
ABDN;20200728;7;27;32;A003A234,8;Erneuerung Kauppenaufstieg 2.BA;A 003 A 234,8;A3;234,79;;Frankfurt;Würzburg;Würzburg;Süd/ West;AS 63 Weibersbrunn (St 2308);AS 64 Rohrbrunn (B8);1;2779166;10856;30;49,93998114;9,34471466;3;33,34,35;79468,79469,79470
ABDN;20200728;7;27;32;A003A234,8;Erneuerung Kauppenaufstieg 2.BA;A 003 A 234,8;A3;234,79;;Frankfurt;Würzburg;Würzburg;Süd/ West;AS 63 Weibersbrunn (St 2308);AS 64 Rohrbrunn (B8);3;2779166;10856;30;49,94005838;9,34446715;1;61;79471
ABDN;20200728;7;27;32;A003A234,8;Erneuerung Kauppenaufstieg 2.BA;A 003 A 234,8;A3;234,79;;Frankfurt;Würzburg;Würzburg;Süd/ West;AS 63 Weibersbrunn (St 2308);AS 64 Rohrbrunn (B8);4;2779166;10856;30;49,93998114;9,34471466;7;33,34,35,97,98,105,106;79207,79208,79209,79210,79211,79473,79474
ABDN;20200728;7;27;32;A003A234,8;Erneuerung Kauppenaufstieg 2.BA;A 003 A 234,8;A3;234,79;;Frankfurt;Würzburg;Würzburg;Süd/ West;AS 63 Weibersbrunn (St 2308);AS 64 Rohrbrunn (B8);4;2779166;10856;30;49,94005838;9,34446715;1;193;79472
ABDN;20200728;7;27;32;A003A236,0;SBA A3 Kauppenaufstieg;A 003 A 236,0;A3;235,954;;Frankfurt;Würzburg;Regensburg;Süd/ West;AS 63 Weibersbrunn (St 2308);AS 64 Rohrbrunn (B8);1;2779177;10856;41;49,90664284;9,37266501;2;33,34;83261,83262
ABDN;20200728;7;27;32;A003A236,0;SBA A3 Kauppenaufstieg;A 003 A 236,0;A3;235,954;;Frankfurt;Würzburg;Regensburg;Süd/ West;AS 63 Weibersbrunn (St 2308);AS 64 Rohrbrunn (B8);3;2779177;10856;41;49,90676572;9,37245994;1;9;83263
ABDN;20200728;7;27;32;A003A236,0;SBA A3 Kauppenaufstieg;A 003 A 236,0;A3;235,954;;Frankfurt;Würzburg;Regensburg;Süd/ West;AS 63 Weibersbrunn (St 2308);AS 64 Rohrbrunn (B8);4;2779177;10856;41;49,90664284;9,37266501;4;33,34,97,105;83265,83266,83469,83470
ABDN;20200728;7;27;32;A003A236,0;SBA A3 Kauppenaufstieg;A 003 A 236,0;A3;235,954;;Frankfurt;Würzburg;Regensburg;Süd/ West;AS 63 Weibersbrunn (St 2308);AS 64 Rohrbrunn (B8);4;2779177;10856;41;49,90676572;9,37245994;1;193;83264
ABDN;20200728;7;27;32;A003A236,0;SBA A3 Kauppenaufstieg;A 003 A 236,0;A3;235,954;;Frankfurt;Würzburg;Regensburg;Süd/ West;AS 63 Weibersbrunn (St 2308);AS 64 Rohrbrunn (B8);6;2779177;10856;41;49,90676572;9,37245994;4;1,2,3,4;83471,83472,83473,83711
ABDN;20200728;7;27;32;A003A237,6;DZS 8+1;A 003 B 237,6;A3;237,63;;Frankfurt;Würzburg;Frankfurt;Süd/ West;AS 64 Rohrbrunn (B8);;1;2778880;10855;0;49,89841165;9,39171213;2;33,34;83255,83256
ABDN;20200728;7;27;32;A003A237,6;DZS 8+1;A 003 B 237,6;A3;237,63;;Frankfurt;Aschaffenburg;Frankfurt;Süd/ West;AS 64 Rohrbrunn (B8);;1;2778880;10855;0;49,89831267;9,39137402;1;97;83258
ABDN;20200728;7;39;34;A003A268,7;Umbau A3;A003A268,612;A3;268,612;;Würzburg;Frankfurt;Regensburg;Nord/ Ost;AS 67 Helmstadt (B468);AS 66 Wertheim/ Lengfurt;1;2778196;10852;84;49,76952531;9,69523483;1;3;79953
ABDN;20200728;7;39;34;A003A268,7;Umbau A3;A003A268,612;A3;268,612;;Frankfurt;Würzburg;Regensburg;Süd/ West;AS 66 Wertheim/ Lengfurt;AS 67 Helmstadt (B468);1;2778196;10852;84;49,76930446;9,69530123;2;35,36;79172,80013
ABDN;20200728;7;39;34;A003A268,7;Umbau A3;A003A268,612;A3;268,612;;Frankfurt;Würzburg;Regensburg;Süd/ West;AS 66 Wertheim/ Lengfurt;AS 67 Helmstadt (B468);6;2778196;10852;84;49,76927324;9,69531017;2;2,3;79174,79175
ABDN;20200728;7;39;34;A003A268,7;UV Los 1;A003A268,612;A3;268,612;;Würzburg;Frankfurt;Regensburg;Nord/ Ost;AS 67 Helmstadt (B468);AS 66 Wertheim/ Lengfurt;1;2778196;10852;84;49,76952531;9,69523483;2;1,2;79951,79952
ABDN;20200728;7;39;34;A003A268,7;UV Los 1;A003A268,612;A3;268,612;;Frankfurt;Würzburg;Regensburg;Süd/ West;AS 66 Wertheim/ Lengfurt;AS 67 Helmstadt (B468);1;2778196;10852;84;49,76930446;9,69530123;2;33,34;79954,79955
ABDN;20200728;7;39;34;A003A268,7;UV Los 1;A003A268,612;A3;268,612;;Frankfurt;Würzburg;Regensburg;Süd/ West;AS 66 Wertheim/ Lengfurt;AS 67 Helmstadt (B468);6;2778196;10852;84;49,76927324;9,69531017;1;1;79173
ABDN;20200728;7;39;34;A003A274,3;Umbau A3;A003A274,46;A3;274,46;;Würzburg;Frankfurt;Frankfurt;Nord/ Ost;AS 67 Helmstadt (B468);;1;2778255;10852;143;49,76860041;9,77282535;1;3;79943
ABDN;20200728;7;39;34;A003A274,3;Umbau A3;A003A274,46;A3;274,46;;Würzburg;Frankfurt;Frankfurt;Nord/ Ost;AS 67 Helmstadt (B468);;6;2778255;10852;143;49,76863585;9,77287302;2;2,3;79949,79950
ABDN;20200728;7;39;34;A003A274,3;Umbau A3;A003A274,46;A3;274,46;;Frankfurt;Würzburg;Frankfurt;Süd/ West;AS 67 Helmstadt (B468);;1;2778255;10852;143;49,76916025;9,77061755;1;35;79940
ABDN;20200728;7;39;34;A003A274,3;UV Los 1;A003A274,46;A3;274,46;;Würzburg;Würzburg;Frankfurt;Nord/ Ost;AS 67 Helmstadt (B468);;1;2778255;10852;143;49,76900854;9,77332809;1;65;79946
ABDN;20200728;7;39;34;A003A274,3;UV Los 1;A003A274,46;A3;274,46;;Würzburg;Frankfurt;Frankfurt;Nord/ Ost;AS 67 Helmstadt (B468);;1;2778255;10852;143;49,76860041;9,77282535;2;1,2;79941,79942
ABDN;20200728;7;39;34;A003A274,3;UV Los 1;A003A274,46;A3;274,46;;Würzburg;Frankfurt;Frankfurt;Nord/ Ost;AS 67 Helmstadt (B468);;1;2778255;10852;143;49,76905227;9,77319482;1;129;79947
ABDN;20200728;7;39;34;A003A274,3;UV Los 1;A003A274,46;A3;274,46;;Würzburg;Frankfurt;Frankfurt;Nord/ Ost;AS 67 Helmstadt (B468);;6;2778255;10852;143;49,76863585;9,77287302;1;1;79948
ABDN;20200728;7;39;34;A003A274,3;UV Los 1;A003A274,46;A3;274,46;;Frankfurt;Würzburg;Frankfurt;Süd/ West;AS 67 Helmstadt (B468);;1;2778255;10852;143;49,76916025;9,77061755;2;33,34;79938,79939
ABDN;20200728;7;39;34;A003A274,3;UV Los 1;A003A274,46;A3;274,46;;Frankfurt;Helmstadt;Frankfurt;Süd/ West;AS 67 Helmstadt (B468);;1;2778255;10852;143;49,76858235;9,77053627;1;97;79944
ABDN;20200728;7;39;34;A003A274,3;UV Los 1;A003A274,46;A3;274,46;;Helmstadt;Würzburg;Frankfurt;Süd/ West;AS 67 Helmstadt (B468);;1;2778255;10852;143;49,7685733;9,77059823;1;161;79945
ABDN;20200728;7;39;34;A003A276,9;Umbau A3;A003A277,026;A3;277,026;;Würzburg;Frankfurt;Regensburg;Süd/ West;AS 67 Helmstadt (B468);68 Dreieck Würzburg-West (A81 (1));1;2777879;10851;23;49,75060172;9,79471314;1;35;79661
ABDN;20200728;7;39;34;A003A276,9;Umbau A3;A003A277,026;A3;277,026;;Würzburg;Frankfurt;Regensburg;Süd/ West;AS 67 Helmstadt (B468);68 Dreieck Würzburg-West (A81 (1));6;2777879;10851;23;49,75049898;9,79463347;2;2,3;79936,79937
ABDN;20200728;7;39;34;A003A276,9;Umbau A3;A003A277,026;A3;277,026;;Frankfurt;Würzburg;Regensburg;Nord/ Ost;AS 67 Helmstadt (B468);68 Dreieck Würzburg-West (A81 (1));1;2777879;10851;23;49,75082479;9,79484331;1;3;79658
ABDN;20200728;7;39;34;A003A276,9;DZS 8+1;A003A277,026;A3;277,026;;Würzburg;Frankfurt;Regensburg;Süd/ West;AS 67 Helmstadt (B468);68 Dreieck Würzburg-West (A81 (1));1;2777879;10851;23;49,75060172;9,79471314;2;33,34;79659,79660
ABDN;20200728;7;39;34;A003A276,9;DZS 8+1;A003A277,026;A3;277,026;;Würzburg;Frankfurt;Regensburg;Süd/ West;AS 67 Helmstadt (B468);68 Dreieck Würzburg-West (A81 (1));6;2777879;10851;23;49,75049898;9,79463347;1;1;79662
ABDN;20200728;7;39;34;A003A276,9;DZS 8+1;A003A277,026;A3;277,026;;Frankfurt;Würzburg;Regensburg;Nord/ Ost;AS 67 Helmstadt (B468);68 Dreieck Würzburg-West (A81 (1));1;2777879;10851;23;49,75082479;9,79484331;2;1,2;79656,79657
ABDN;20200728;7;39;34;A003A278,3;SBA Würzburg;A003A278,296;A3;278,296;;Frankfurt;Würzburg;Regensburg;Süd/ West;68 Dreieck Würzburg-West (A81 (1));;1;2777781;10850;181;49,74692339;9,81209387;3;33,34,35;80572,80683,80684
ABDN;20200728;7;39;34;A003A278,3;SBA Würzburg;A003A278,296;A3;278,296;;Frankfurt;Würzburg;Regensburg;Süd/ West;68 Dreieck Würzburg-West (A81 (1));;3;2777781;10850;181;49,74692339;9,81209387;9;1,33,34,35,36,37,38,39,40;80685,80686,80687,80706,80707,80708,80709,80710,80711
ABDN;20200728;7;39;34;A003A278,3;SBA Würzburg;A003A278,296;A3;278,296;;Frankfurt;Würzburg;Regensburg;Süd/ West;68 Dreieck Würzburg-West (A81 (1));;4;2777781;10850;181;49,74692339;9,81209387;8;33,34,35,97,98,105,106,193;80152,80712,80713,80714,80715,80716,80717,80718
ABDN;20200728;7;39;34;A003A278,3;SBA Würzburg;A003A278,296;A3;278,296;;Frankfurt;Würzburg;Regensburg;Süd/ West;68 Dreieck Würzburg-West (A81 (1));;6;2777781;10850;181;49,7469097;9,81174246;3;1,2,3;80153,80188,80189
ABDN;20200728;7;39;34;A003A279,2;SBA Würzburg;A003A279,24;A3;279,246;;Heilbronn;Würzburg;Regensburg;Süd/ West;68 Dreieck Würzburg-West (A81 (1));;6;2777604;10850;4;49,74745379;9,82522476;3;1,2,3;79878,79879,79880
ABDN;20200728;7;39;34;A003A279,2;SBA Würzburg;A003A279,24;A3;279,246;;Heilbronn;Würzburg;Regensburg;Süd/ West;68 Dreieck Würzburg-West (A81 (1));;4;2777604;10850;4;49,74745379;9,82522476;4;37,101,109,195;79874,79875,79876,79877
ABDN;20200728;7;39;34;A003A279,2;SBA Würzburg;A003A279,24;A3;279,246;;Heilbronn;Würzburg;Regensburg;Süd/ West;68 Dreieck Würzburg-West (A81 (1));;3;2777604;10850;4;49,74745379;9,82522476;1;1;79873
ABDN;20200728;7;39;34;A003A279,2;SBA Würzburg;A003A279,24;A3;279,246;;Heilbronn;Würzburg;Regensburg;Süd/ West;68 Dreieck Würzburg-West (A81 (1));;1;2777604;10850;4;49,74745379;9,82522476;1;161;79872
ABDN;20200728;7;39;34;A003A279,3;SBA Würzburg;A003A279,24;A3;279,246;;Heilbronn;Würzburg;Regensburg;Süd/ West;68 Dreieck Würzburg-West (A81 (1));;6;2777604;10850;4;49,74745379;9,82522476;1;4;79881
ABDN;20200728;7;39;34;A003A279,4;SBA Würzburg;A003A279,348;A3;279,348;;Frankfurt;Würzburg;Regensburg;Süd/ West;68 Dreieck Würzburg-West (A81 (1));;6;2777605;10850;5;49,74842562;9,82412788;3;1,2,3;80202,80203,80408
ABDN;20200728;7;39;34;A003A279,4;SBA Würzburg;A003A279,348;A3;279,348;;Frankfurt;Würzburg;Regensburg;Süd/ West;68 Dreieck Würzburg-West (A81 (1));;4;2777605;10850;5;49,74845418;9,82440148;8;33,34,35,97,98,105,106,193;80194,80195,80196,80197,80198,80199,80200,80201
ABDN;20200728;7;39;34;A003A279,4;SBA Würzburg;A003A279,348;A3;279,348;;Frankfurt;Würzburg;Regensburg;Süd/ West;68 Dreieck Würzburg-West (A81 (1));;3;2777605;10850;5;49,74845418;9,82440148;1;1;80193
ABDN;20200728;7;39;34;A003A279,4;SBA Würzburg;A003A279,348;A3;279,348;;Frankfurt;Würzburg;Regensburg;Süd/ West;68 Dreieck Würzburg-West (A81 (1));;1;2777605;10850;5;49,74845418;9,82440148;3;33,34,35;80190,80191,80192
ABDN;20200728;7;39;34;A003A280,1;SBA Würzburg;A003A280,092;A3;280,092;;Frankfurt;Würzburg;Regensburg;Süd/ West;68 Dreieck Würzburg-West (A81 (1));AS 69 Kist (B 27);6;2777612;10850;12;49,74902782;9,83568795;3;1,2,3;79304,79305,79359
ABDN;20200728;7;39;34;A003A280,1;SBA Würzburg;A003A280,092;A3;280,092;;Frankfurt;Würzburg;Regensburg;Süd/ West;68 Dreieck Würzburg-West (A81 (1));AS 69 Kist (B 27);1;2777612;10850;12;49,74902782;9,83568795;5;33,34,35,177,178;80409,80410,80411,80412,80413
ABDN;20200728;7;39;34;A003A280,1a;SBA Würzburg;A003A280,092;A3;280,092;;Frankfurt;Würzburg;Regensburg;Süd/ West;68 Dreieck Würzburg-West (A81 (1));AS 69 Kist (B 27);4;2777612;10850;12;49,74906941;9,83592338;8;33,34,35,97,98,105,106,193;80417,80418,80419,80420,80421,80458,80459,80460
ABDN;20200728;7;39;34;A003A280,1a;SBA Würzburg;A003A280,092;A3;280,092;;Frankfurt;Würzburg;Regensburg;Süd/ West;68 Dreieck Würzburg-West (A81 (1));AS 69 Kist (B 27);3;2777612;10850;12;49,74902782;9,83568795;1;1;80414
ABDN;20200728;7;39;34;A003A280,1b;SBA Würzburg;A003A280,092;A3;280,092;;Frankfurt;Würzburg;Regensburg;Süd/ West;68 Dreieck Würzburg-West (A81 (1));AS 69 Kist (B 27);3;2777612;10850;12;49,74902782;9,83568795;1;2;80415
ABDN;20200728;7;39;34;A003A280,1b;SBA Würzburg;A003A280,092;A3;280,092;;Frankfurt;Würzburg;Regensburg;Süd/ West;68 Dreieck Würzburg-West (A81 (1));AS 69 Kist (B 27);4;2777612;10850;12;49,74906941;9,83592338;4;178,185,186,195;79298,79299,79300,79301
ABDN;20200728;7;39;34;A003A280,1c;SBA Würzburg;A003A280,092;A3;280,092;;Frankfurt;Würzburg;Regensburg;Süd/ West;68 Dreieck Würzburg-West (A81 (1));AS 69 Kist (B 27);4;2777612;10850;12;49,74906941;9,83592338;2;177,197;79302,79303
ABDN;20200728;7;39;34;A003A280,1c;SBA Würzburg;A003A280,092;A3;280,092;;Frankfurt;Würzburg;Regensburg;Süd/ West;68 Dreieck Würzburg-West (A81 (1));AS 69 Kist (B 27);3;2777612;10850;12;49,74902782;9,83568795;1;3;80416
ABDN;20200728;7;39;34;A003A281,0;SBA Würzburg;A003A280,997;A3;280,997;;Frankfurt;Würzburg;Regensburg;Süd/ West;AS 69 Kist (B 27);AS 70 Heidingsfeld (B 19);6;2777346;10849;2;49,74805935;9,84985781;3;1,2,3;79387,79388,79389
ABDN;20200728;7;39;34;A003A281,0;SBA Würzburg;A003A280,997;A3;280,997;;Frankfurt;Würzburg;Regensburg;Süd/ West;AS 69 Kist (B 27);AS 70 Heidingsfeld (B 19);1;2777346;10849;2;49,74803681;9,85009352;5;33,34,35,177,178;79097,79098,79099,79100,79101
ABDN;20200728;7;39;34;A003A281,0a;SBA Würzburg;A003A280,997;A3;280,997;;Frankfurt;Würzburg;Regensburg;Süd/ West;AS 69 Kist (B 27);AS 70 Heidingsfeld (B 19);3;2777346;10849;2;49,74803681;9,85009352;1;1;79102
ABDN;20200728;7;39;34;A003A281,0a;SBA Würzburg;A003A280,997;A3;280,997;;Frankfurt;Würzburg;Regensburg;Süd/ West;AS 69 Kist (B 27);AS 70 Heidingsfeld (B 19);4;2777346;10849;2;49,74803681;9,85009352;8;33,34,35,97,98,105,106,193;79104,79105,79106,79107,79108,79109,79168,79169
ABDN;20200728;7;39;34;A003A281,0b;SBA Würzburg;A003A280,997;A3;280,997;;Frankfurt;Würzburg;Regensburg;Süd/ West;AS 69 Kist (B 27);AS 70 Heidingsfeld (B 19);3;2777346;10849;2;49,74803681;9,85009352;1;2;79103
ABDN;20200728;7;39;34;A003A281,0b;SBA Würzburg;A003A280,997;A3;280,997;;Frankfurt;Würzburg;Regensburg;Süd/ West;AS 69 Kist (B 27);AS 70 Heidingsfeld (B 19);4;2777346;10849;2;49,74803681;9,85009352;5;177,178,185,186,195;79170,79171,79384,79385,79386
ABDN;20200728;7;39;34;A003A282,0;SBA Würzburg;A003A282,000;A3;281,942;;Frankfurt;Würzburg;Regensburg;Süd/ West;AS 69 Kist (B 27);AS 70 Heidingsfeld (B 19);1;2777356;10849;12;49,745873;9,87482821;3;33,34,35;79390,79391,79392
ABDN;20200728;7;39;34;A003A282,0;SBA Würzburg;A003A282,000;A3;281,942;;Frankfurt;Würzburg;Regensburg;Süd/ West;AS 69 Kist (B 27);AS 70 Heidingsfeld (B 19);3;2777356;10849;12;49,74583053;9,87450368;1;1;79393
ABDN;20200728;7;39;34;A003A282,0;SBA Würzburg;A003A282,000;A3;281,942;;Frankfurt;Würzburg;Regensburg;Süd/ West;AS 69 Kist (B 27);AS 70 Heidingsfeld (B 19);4;2777356;10849;12;49,745873;9,87482821;8;33,34,35,97,98,105,106,193;79449,79450,79451,79452,79453,79454,79455,79680
ABDN;20200728;7;39;34;A003A282,0;SBA Würzburg;A003A282,000;A3;281,942;;Frankfurt;Würzburg;Regensburg;Süd/ West;AS 69 Kist (B 27);AS 70 Heidingsfeld (B 19);6;2777356;10849;12;49,74583053;9,87450368;3;1,2,3;79681,79682,79683
ABDN;20200728;7;39;34;A003A283,5;SBA Würzburg;A003A283,48;A3;283,48;;Frankfurt;Würzburg;Regensburg;Süd/ West;AS 69 Kist (B 27);AS 70 Heidingsfeld (B 19);1;2777371;10849;27;49,74896221;9,88827978;3;33,34,35;79684,79685,79741
ABDN;20200728;7;39;34;A003A283,5;SBA Würzburg;A003A283,48;A3;283,48;;Frankfurt;Würzburg;Regensburg;Süd/ West;AS 69 Kist (B 27);AS 70 Heidingsfeld (B 19);3;2777371;10849;27;49,74896221;9,88827978;1;1;79742
ABDN;20200728;7;39;34;A003A283,5;SBA Würzburg;A003A283,48;A3;283,48;;Frankfurt;Würzburg;Regensburg;Süd/ West;AS 69 Kist (B 27);AS 70 Heidingsfeld (B 19);4;2777371;10849;27;49,74896221;9,88827978;8;33,34,35,97,98,105,106,193;79743,79744,79745,79746,79747,79748,79749,79750
ABDN;20200728;7;39;34;A003A283,5;SBA Würzburg;A003A283,48;A3;283,48;;Frankfurt;Würzburg;Regensburg;Süd/ West;AS 69 Kist (B 27);AS 70 Heidingsfeld (B 19);6;2777371;10849;27;49,74883083;9,88809455;3;1,2,3;78963,79751,79752
ABDN;20200728;7;39;34;A003A284,8;SBA Würzburg;A003A284,877;A3;284,877;;Frankfurt;Würzburg;Regensburg;Süd/ West;AS 69 Kist (B 27);AS 70 Heidingsfeld (B 19);1;2777385;10849;41;49,75473018;9,91021574;3;33,34,35;79019,79020,79021
ABDN;20200728;7;39;34;A003A284,8;SBA Würzburg;A003A284,877;A3;284,877;;Frankfurt;Würzburg;Regensburg;Süd/ West;AS 69 Kist (B 27);AS 70 Heidingsfeld (B 19);3;2777385;10849;41;49,75473018;9,91021574;1;1;79022
ABDN;20200728;7;39;34;A003A284,8;SBA Würzburg;A003A284,877;A3;284,877;;Frankfurt;Würzburg;Regensburg;Süd/ West;AS 69 Kist (B 27);AS 70 Heidingsfeld (B 19);4;2777385;10849;41;49,75473018;9,91021574;8;33,34,35,97,98,105,106,193;79023,79024,79025,79026,79027,79028,79029,79030
ABDN;20200728;7;39;34;A003A284,8;SBA Würzburg;A003A284,877;A3;284,877;;Frankfurt;Würzburg;Regensburg;Süd/ West;AS 69 Kist (B 27);AS 70 Heidingsfeld (B 19);6;2777385;10849;41;49,75467169;9,91000955;3;1,2,3;79031,79032,79033
ABDN;20200728;7;39;34;A003A286,1;SBA Würzburg;A003A286,048;A3;286,07;;Frankfurt;Würzburg;Regensburg;Süd/ West;68 Dreieck Würzburg-West (A81 (1));AS 69 Kist (B 27);6;2777396;10849;52;49,74902782;9,83568795;3;1,2,3;80219,80220,80221
ABDN;20200728;7;39;34;A003A286,1;SBA Würzburg;A003A286,048;A3;286,07;;Frankfurt;Würzburg;Regensburg;Süd/ West;68 Dreieck Würzburg-West (A81 (1));AS 69 Kist (B 27);1;2777396;10849;52;49,74902782;9,83568795;3;33,34,35;79034,79035,80209
ABDN;20200728;7;39;34;A003A286,1;SBA Würzburg;A003A286,048;A3;286,07;;Frankfurt;Würzburg;Regensburg;Süd/ West;68 Dreieck Würzburg-West (A81 (1));AS 69 Kist (B 27);3;2777396;10849;52;49,74902782;9,83568795;1;1;80210
ABDN;20200728;7;39;34;A003A286,1;SBA Würzburg;A003A286,048;A3;286,07;;Frankfurt;Würzburg;Regensburg;Süd/ West;68 Dreieck Würzburg-West (A81 (1));AS 69 Kist (B 27);4;2777396;10849;52;49,74906941;9,83592338;8;33,34,35,97,98,105,106,193;80211,80212,80213,80214,80215,80216,80217,80218
ABDN;20200728;7;39;34;A003A286,9;UV Los 1;A003A286,9;A3;286,882;;Nürnberg;Würzburg;Regensburg;Nord/ Ost;AS 70 Heidingsfeld (B 19);;1;2777405;10849;61;49,75349835;9,92689044;1;65;79574
ABDN;20200728;7;39;34;A003A286,9;UV Los 1;A003A286,9;A3;286,882;;Nürnberg;Frankfurt;Regensburg;Nord/ Ost;AS 70 Heidingsfeld (B 19);;1;2777405;10849;61;49,75337989;9,92601924;3;1,2,3;79516,79517,79518
ABDN;20200728;7;39;34;A003A286,9;UV Los 1;A003A286,9;A3;286,882;;Würzburg;Frankfurt;Regensburg;Nord/ Ost;AS 70 Heidingsfeld (B 19);;1;2777405;10849;61;49,75359317;9,92522135;1;129;79575
ABDN;20200728;7;39;34;A003A286,9;UV Los 1;A003A286,9;A3;286,882;;Frankfurt;Nürnberg;Regensburg;Süd/ West;AS 70 Heidingsfeld (B 19);;1;2777405;10849;61;49,75306811;9,92613729;2;33,34;79572,79573
ABDN;20200728;7;39;34;A003A286,9;UV Los 1;A003A286,9;A3;286,882;;Frankfurt;Nürnberg;Regensburg;Süd/ West;AS 70 Heidingsfeld (B 19);;3;2777405;10849;61;49,75300564;9,92609936;3;1,41,90;79578,79579,79580
ABDN;20200728;7;39;34;A003A286,9;UV Los 1;A003A286,9;A3;286,882;;Frankfurt;Nürnberg;Regensburg;Süd/ West;AS 70 Heidingsfeld (B 19);;6;2777405;10849;61;49,75300564;9,92609936;2;1,2;79581,79582
ABDN;20200728;7;39;34;A003A286,9;UV Los 1;A003A286,9;A3;286,882;;Frankfurt;Giebelstadt;Regensburg;Süd/ West;AS 70 Heidingsfeld (B 19);;1;2777405;10849;61;49,75332357;9,92491177;1;97;79576
ABDN;20200728;7;39;34;A003A286,9;UV Los 1;A003A286,9;A3;286,882;;Giebelstadt;Nürnberg;Regensburg;Süd/ West;AS 70 Heidingsfeld (B 19);;1;2777405;10849;61;49,75280508;9,92726981;1;161;79577
ABDN;20200728;7;39;34;A003A288,7;SBA Würzburg;A003A288,66;A3;288,669;;Frankfurt;Nürnberg;Regensburg;Süd/ West;AS 70 Heidingsfeld (B 19);AS 71 Würzburg/ Randersacker (B 13);6;2777104;10848;16;49,75415319;9,95000957;2;1,2;79229,79230
ABDN;20200728;7;39;34;A003A288,7;SBA Würzburg;A003A288,66;A3;288,669;;Frankfurt;Nürnberg;Regensburg;Süd/ West;AS 70 Heidingsfeld (B 19);AS 71 Würzburg/ Randersacker (B 13);1;2777104;10848;16;49,75423863;9,95018814;2;33,34;80368,80369
ABDN;20200728;7;39;34;A003A288,7;SBA Würzburg;A003A288,66;A3;288,669;;Frankfurt;Nürnberg;Regensburg;Süd/ West;AS 70 Heidingsfeld (B 19);AS 71 Würzburg/ Randersacker (B 13);4;2777104;10848;16;49,75423863;9,95018814;5;33,34,97,105,193;79227,79228,80405,80406,80407
ABDN;20200728;7;39;34;A003A290,5;SBA Würzburg;A003A290,46;A3;290,464;;Frankfurt;Nürnberg;Regensburg;Süd/ West;AS 70 Heidingsfeld (B 19);AS 71 Würzburg/ Randersacker (B 13);6;2777122;10848;34;49,74664197;9,96595381;2;1,2;79290,79291
ABDN;20200728;7;39;34;A003A290,5;SBA Würzburg;A003A290,46;A3;290,464;;Frankfurt;Nürnberg;Regensburg;Süd/ West;AS 70 Heidingsfeld (B 19);AS 71 Würzburg/ Randersacker (B 13);4;2777122;10848;34;49,74645732;9,96603903;5;33,34,97,105,193;79233,79234,79235,79236,79289
ABDN;20200728;7;39;34;A003A290,5;SBA Würzburg;A003A290,46;A3;290,464;;Frankfurt;Nürnberg;Regensburg;Süd/ West;AS 70 Heidingsfeld (B 19);AS 71 Würzburg/ Randersacker (B 13);1;2777122;10848;34;49,74645732;9,96603903;2;33,34;79231,79232
ABDN;20200728;7;39;34;A003A291,8;SBA Würzburg;A003A291,81;A3;291,819;;Frankfurt;Nürnberg;Regensburg;Süd/ West;AS 70 Heidingsfeld (B 19);AS 71 Würzburg/ Randersacker (B 13);6;2777135;10848;47;49,73885343;9,97891768;2;1,2;79514,79515
ABDN;20200728;7;39;34;A003A291,8;SBA Würzburg;A003A291,81;A3;291,819;;Frankfurt;Nürnberg;Regensburg;Süd/ West;AS 70 Heidingsfeld (B 19);AS 71 Würzburg/ Randersacker (B 13);4;2777135;10848;47;49,73885024;9,97911663;5;33,34,97,105,193;79294,79295,79296,79297,79513
ABDN;20200728;7;39;34;A003A291,8;SBA Würzburg;A003A291,81;A3;291,819;;Frankfurt;Nürnberg;Regensburg;Süd/ West;AS 70 Heidingsfeld (B 19);AS 71 Würzburg/ Randersacker (B 13);1;2777135;10848;47;49,73885024;9,97911663;2;33,34;79292,79293
ABDN;20200728;7;39;34;A003A293,3;SBA A3 östlich Tunnel;A 003 A 293,3;A3;293,33;;Nürnberg;Frankfurt;Nürnberg;Nord/ Ost;AS 71 Würzburg/ Randersacker (B 13);AS 72 Rottendorf (B 8);3;2776582;10846;6;49,74804194;10,0351349;1;1;79180
ABDN;20200728;7;39;34;A003A293,3;SBA A3 östlich Tunnel;A 003 A 293,3;A3;293,33;;Frankfurt;Nürnberg;Nürnberg;Süd/ West;AS 71 Würzburg/ Randersacker (B 13);AS 72 Rottendorf (B 8);1;2776582;10846;6;49,73930134;9,99988128;4;33,34,35,36;79176,79177,79178,79179
ABDN;20200728;7;39;34;A003A293,3;SBA A3 östlich Tunnel;A 003 A 293,3;A3;293,33;;Frankfurt;Nürnberg;Nürnberg;Süd/ West;AS 71 Würzburg/ Randersacker (B 13);AS 72 Rottendorf (B 8);4;2776582;10846;6;49,73930134;9,99988128;11;33,34,35,36,97,98,99,105,106,107,193;79181,79182,79183,79184,79237,79238,79239,79240,79456,79457,79458
ABDN;20200728;7;39;34;A003A293,3;SBA A3 östlich Tunnel;A 003 A 293,3;A3;293,33;;Frankfurt;Nürnberg;Nürnberg;Süd/ West;AS 71 Würzburg/ Randersacker (B 13);AS 72 Rottendorf (B 8);6;2776582;10846;6;49,73930134;9,99988128;4;1,2,3,4;79459,79460,79461,79462
ABDN;20200728;7;39;34;A003A293,9;SBA A3 östlich Tunnel;A 003 A 293,9;A3;293,98;;Frankfurt;Nürnberg;Nürnberg;Süd/ West;AS 71 Würzburg/ Randersacker (B 13);AS 72 Rottendorf (B 8);4;2776587;10846;12;49,76291605;10,05965087;3;161,162,193;79463,79464,79519
ABDN;20200728;7;39;34;A003A293,9;SBA A3 östlich Tunnel;A 003 A 293,9;A3;294,18;;Frankfurt;Nürnberg;Nürnberg;Süd/ West;AS 71 Würzburg/ Randersacker (B 13);AS 72 Rottendorf (B 8);4;2776587;10846;12;49,76291605;10,05965087;2;165,166;79525,79526
ABDN;20200728;7;39;34;A003A293,9;SBA A3 östlich Tunnel;A 003 A 293,9;A3;294,36;;Frankfurt;Nürnberg;Nürnberg;Süd/ West;AS 71 Würzburg/ Randersacker (B 13);AS 72 Rottendorf (B 8);6;2776587;10846;12;49,76291605;10,05965087;1;1;79520
ABDN;20200728;7;39;34;A003A293,9;SBA A3 östlich Tunnel;A 003 A 294,3;A3;294,18;;Nürnberg;Frankfurt;Nürnberg;Nord/ Ost;AS 71 Würzburg/ Randersacker (B 13);AS 72 Rottendorf (B 8);3;2776592;10846;12;49,74804194;10,0351349;1;1;79524
ABDN;20200728;7;39;34;A003A293,9;SBA A3 östlich Tunnel;A 003 A 294,3;A3;294,18;;Frankfurt;Nürnberg;Nürnberg;Süd/ West;AS 71 Würzburg/ Randersacker (B 13);AS 72 Rottendorf (B 8);4;2776592;10846;12;49,76291605;10,05965087;3;163,164,195;79527,79753,79754
ABDN;20200728;7;39;34;A003A293,9;SBA A3 östlich Tunnel;A 003 A 294,3;A3;294,36;;Frankfurt;Nürnberg;Nürnberg;Süd/ West;AS 71 Würzburg/ Randersacker (B 13);AS 72 Rottendorf (B 8);6;2776592;10846;12;49,76291605;10,05965087;3;2,3,4;79521,79522,79523
ABDN;20200728;7;39;34;A003A295,2;SBA A3 östlich Tunnel;A 003 A 295,2;A3;294,98;;Frankfurt;Nürnberg;Nürnberg;Süd/ West;AS 71 Würzburg/ Randersacker (B 13);AS 72 Rottendorf (B 8);4;2776601;10846;25;49,76291605;10,05965087;5;161,162,163,164,193;79755,79756,79809,79810,79811
ABDN;20200728;7;39;34;A003A295,2;SBA A3 östlich Tunnel;A 003 A 295,2;A3;295,28;;Frankfurt;Nürnberg;Nürnberg;Süd/ West;AS 71 Würzburg/ Randersacker (B 13);AS 72 Rottendorf (B 8);6;2776601;10846;25;49,76291605;10,05965087;3;1,2,3;79812,79813,79814
ABDN;20200728;7;39;34;A003A295,2;SBA A3 östlich Tunnel;A 003 A 295,2;A3;295,28;;Frankfurt;Nürnberg;Nürnberg;Süd/ West;AS 71 Würzburg/ Randersacker (B 13);AS 72 Rottendorf (B 8);1;2776601;10846;25;49,74288323;10,0209607;4;33,34,35,36;79816,79817,79818,79819
ABDN;20200728;7;39;34;A003A295,2a;SBA A3 östlich Tunnel;A 003 A 295,2;A3;295,28;;Frankfurt;Nürnberg;Nürnberg;Süd/ West;AS 71 Würzburg/ Randersacker (B 13);AS 72 Rottendorf (B 8);6;2776601;10846;25;49,76291605;10,05965087;1;4;79815
ABDN;20200728;7;39;34;A003A295,2a;SBA A3 östlich Tunnel;A 003 A 295,2;A3;295,28;;Frankfurt;Nürnberg;Nürnberg;Süd/ West;AS 71 Würzburg/ Randersacker (B 13);AS 72 Rottendorf (B 8);4;2776601;10846;25;49,74288323;10,0209607;11;33,34,35,36,97,98,99,105,106,107,195;79821,79822,80048,80049,80050,80051,80052,80053,80054,80055,80056
ABDN;20200728;7;39;34;A003A295,2a;SBA A3 östlich Tunnel;A 003 A 295,2;A3;295,28;;Frankfurt;Nürnberg;Nürnberg;Süd/ West;AS 71 Würzburg/ Randersacker (B 13);AS 72 Rottendorf (B 8);3;2776601;10846;25;49,74288323;;1;1;79820
ABDN;20200728;7;39;34;A003A295,2b;SBA A3 östlich Tunnel;A 003 A 295,2;A3;295,28;;Frankfurt;Nürnberg;Nürnberg;Süd/ West;AS 71 Würzburg/ Randersacker (B 13);AS 72 Rottendorf (B 8);4;2776601;10846;25;49,76291605;10,05965087;3;165,166,197;80057,80058,80059
ABDN;20200728;7;39;34;A003A295,9;SBA A3 östlich Tunnel;A 003 A 295,9;A3;295,655;;Frankfurt;Nürnberg;Nürnberg;Süd/ West;AS 71 Würzburg/ Randersacker (B 13);AS 72 Rottendorf (B 8);4;2776607;10846;32;49,76291605;10,05965087;2;58,193;80100,80260
ABDN;20200728;7;39;34;A003A295,9;SBA A3 östlich Tunnel;A 003 A 295,6;A3;295,655;;Frankfurt;Nürnberg;Nürnberg;Süd/ West;AS 71 Würzburg/ Randersacker (B 13);AS 72 Rottendorf (B 8);6;2776607;10846;32;49,76291605;10,05965087;3;2,3,4;80262,80263,80264
ABDN;20200728;7;39;34;A003A295,9;SBA A3 östlich Tunnel;A 003 A 295,9;A3;295,94;;Frankfurt;Nürnberg;Nürnberg;Süd/ West;AS 71 Würzburg/ Randersacker (B 13);AS 72 Rottendorf (B 8);4;2776607;10846;32;49,76291605;10,05965087;3;57,161,162;80060,80061,80062
ABDN;20200728;7;39;34;A003A295,9;SBA A3 östlich Tunnel;A 003 A 295,9;A3;295,655;;Frankfurt;;Nürnberg;Süd/ West;;;6;2776607;10846;32;;;1;1;80261
ABDN;20200728;7;39;34;A003A296,1;SBA A3 östlich Tunnel;A 003 A 296,1;A3;296,18;;Frankfurt;Nürnberg;Nürnberg;Süd/ West;AS 71 Würzburg/ Randersacker (B 13);AS 72 Rottendorf (B 8);1;2776610;10846;34;49,74804194;10,0351349;4;33,34,35,36;80265,80266,80267,80268
ABDN;20200728;7;39;34;A003A296,1a;SBA A3 östlich Tunnel;A 003 A 296,1;A3;296,18;;Frankfurt;Nürnberg;Nürnberg;Süd/ West;AS 71 Würzburg/ Randersacker (B 13);AS 72 Rottendorf (B 8);6;2776610;10846;34;49,74804194;10,0351349;4;1,2,3,4;80273,80313,80314,80315
ABDN;20200728;7;39;34;A003A296,1a;SBA A3 östlich Tunnel;A 003 A 296,1;A3;296,18;;Frankfurt;Nürnberg;Nürnberg;Süd/ West;AS 71 Würzburg/ Randersacker (B 13);AS 72 Rottendorf (B 8);4;2776610;10846;34;49,74804194;10,0351349;11;33,34,35,36,97,98,99,105,106,107,193;80317,80481,80482,80483,80484,80485,80486,80487,80513,80514,80515
ABDN;20200728;7;39;34;A003A296,1a;SBA A3 östlich Tunnel;A 003 A 296,1;A3;296,18;;Frankfurt;Nürnberg;Nürnberg;Süd/ West;AS 71 Würzburg/ Randersacker (B 13);AS 72 Rottendorf (B 8);3;2776610;10846;34;49,74804194;10,0351349;4;36,39,40,41;80269,80270,80271,80272
ABDN;20200728;7;39;34;A003A296,1a;SBA A3 östlich Tunnel;A 003 A 296,1;A3;296,18;;Nürnberg;Frankfurt;Nürnberg;Nord/ Ost;AS 71 Würzburg/ Randersacker (B 13);AS 72 Rottendorf (B 8);3;2776610;10846;34;49,74804194;10,0351349;1;1;80316
ABDN;20200728;7;39;34;A003A296,1b;SBA A3 östlich Tunnel;A 003 A 296,1;A3;296,18;;Frankfurt;Nürnberg;Nürnberg;Süd/ West;AS 71 Würzburg/ Randersacker (B 13);AS 72 Rottendorf (B 8);4;2776610;10846;34;49,74804194;10,0351349;3;161,162,195;80516,80517,80518
ABDN;20200728;7;39;34;A003A296,9;SBA A3 östlich Tunnel;A 003 A 296,9;A3;296,95;;Frankfurt;Nürnberg;Nürnberg;Süd/ West;AS 71 Würzburg/ Randersacker (B 13);AS 72 Rottendorf (B 8);4;2776617;10846;42;49,76291605;10,05965087;2;161,193;80519,80520
ABDN;20200728;7;39;34;A003A296,9;SBA A3 östlich Tunnel;A 003 A 296,9;A3;296,95;;Frankfurt;Nürnberg;Nürnberg;Süd/ West;AS 71 Würzburg/ Randersacker (B 13);AS 72 Rottendorf (B 8);6;2776617;10846;42;49,76291605;10,05965087;4;1,2,3,4;80629,80630,80631,80632
ABDN;20200728;7;39;34;A003A298,2;SBA A3 östlich Tunnel;A 003 A 298,2;A3;298,275;;Frankfurt;Nürnberg;Nürnberg;Süd/ West;AS 71 Würzburg/ Randersacker (B 13);AS 72 Rottendorf (B 8);1;2776631;10846;55;49,75284791;10,04485053;3;33,34,35;80651,80652,80653
ABDN;20200728;7;39;34;A003A298,2;SBA A3 östlich Tunnel;A 003 A 298,2;A3;298,275;;Frankfurt;Nürnberg;Nürnberg;Süd/ West;AS 71 Würzburg/ Randersacker (B 13);AS 72 Rottendorf (B 8);3;2776631;10846;55;49,75284791;10,04485053;1;1;80654
ABDN;20200728;7;39;34;A003A298,2;SBA A3 östlich Tunnel;A 003 A 298,2;A3;298,275;;Frankfurt;Nürnberg;Nürnberg;Süd/ West;AS 71 Würzburg/ Randersacker (B 13);AS 72 Rottendorf (B 8);4;2776631;10846;55;49,75284791;10,04485053;8;33,34,35,97,98,105,106,193;80655,80656,80657,80658,80659,80660,80661,80662
ABDN;20200728;7;39;34;A003A298,2;SBA A3 östlich Tunnel;A 003 A 298,2;A3;298,275;;Frankfurt;Nürnberg;Nürnberg;Süd/ West;AS 71 Würzburg/ Randersacker (B 13);AS 72 Rottendorf (B 8);6;2776631;10846;55;49,75284791;10,04485053;4;1,2,3,4;80172,80173,80663,80664
ABDN;20200728;7;39;34;A003A299,3;A3_A6_Umbau_Erweiterung_Messstellen_2012;A 003 A 299,3;A3;299,3;;;Frankfurt;Nürnberg;Nord/ Ost;AS Rottendorf;;1;2776642;10846;66;;;3;73,129,145;78868,80030,80031
ABDN;20200728;7;39;34;A003A299,3;A3_A6_Umbau_Erweiterung_Messstellen_2012;A 003 A 299,3;A3;299,3;;;Frankfurt;Nürnberg;Süd/ West;AS Rottendorf;;1;2776642;10846;66;;;1;97;79246
ABDN;20200728;7;39;34;A003A299,3;A3_A6_Umbau_Erweiterung_Messstellen_2012;A 003 A 299,3;A3;299,3;;Nürnberg;Frankfurt;Nürnberg;Nord/ Ost;AS Rottendorf;;1;2776642;10846;66;;;3;1,2,3;80027,80028,80029
ABDN;20200728;7;39;34;A003A299,3;A3_A6_Umbau_Erweiterung_Messstellen_2012;A 003 A 299,3;A3;299,3;;Frankfurt;;Nürnberg;Süd/ West;AS Rottendorf;;1;2776642;10846;66;;;1;169;79245
ABDN;20200728;7;39;34;A003A299,3;A3_A6_Umbau_Erweiterung_Messstellen_2012;A 003 A 299,3;A3;299,3;;Frankfurt;;Nürnberg;Süd/ West;AS Rottendorf;;1;2776642;10846;66;49,99133515;9,01780284;1;114;79244
ABDN;20200728;7;39;34;A003A299,3;A3_A6_Umbau_Erweiterung_Messstellen_2012;A 003 A 299,3;A3;299,3;;Frankfurt;;Nürnberg;Süd/ West;AS Rottendorf;;1;2776642;10846;66;49,99164385;9,0168053;1;113;79243
ABDN;20200728;7;39;34;A003A299,3;A3_A6_Umbau_Erweiterung_Messstellen_2012;A 003 A 299,3;A3;299,3;;Frankfurt;Nürnberg;Nürnberg;Süd/ West;AS Rottendorf;;1;2776642;10846;66;49,99173631;9,01755363;3;33,34,35;78869,79241,79242
ABDN;20200728;7;39;34;A003A299,3;A3_A6_Umbau_Erweiterung_Messstellen_2012;A 003 A 299,3;A3;299,3;;Frankfurt;Nürnberg;Nürnberg;Süd/ West;AS Rottendorf;;6;2776642;10846;66;49,99171591;9,01743391;3;1,2,3;79247,79248,79249
ABDN;20200728;7;39;34;A003A299,7;A3_A6_Umbau_Erweiterung_Messstellen_2012;A 003 A 299,7;A3;299,7;;;Nürnberg;Nürnberg;Süd/ West;AS Rottendorf;;1;2776321;10845;2;;;1;161;79529
ABDN;20200728;7;39;34;A003A299,7;A3_A6_Umbau_Erweiterung_Messstellen_2012;A 003 A 299,7;A3;299,7;;;Frankfurt;Nürnberg;Nord/ Ost;AS Rottendorf;;1;2776321;10845;2;;;3;65,81,137;79253,79306,79307
ABDN;20200728;7;39;34;A003A299,7;A3_A6_Umbau_Erweiterung_Messstellen_2012;A 003 A 299,7;A3;299,7;;Nürnberg;Frankfurt;Nürnberg;Nord/ Ost;AS Rottendorf;;1;2776321;10845;2;;;3;1,2,3;79250,79251,79252
ABDN;20200728;7;39;34;A003A299,7;A3_A6_Umbau_Erweiterung_Messstellen_2012;A 003 A 299,7;A3;299,7;;Frankfurt;;Nürnberg;Süd/ West;AS Rottendorf;;1;2776321;10845;2;;;1;105;79528
ABDN;20200728;7;39;34;A003A299,7;A3_A6_Umbau_Erweiterung_Messstellen_2012;A 003 A 299,7;A3;299,7;;Frankfurt;;Nürnberg;Süd/ West;AS Rottendorf;;1;2776321;10845;2;49,99133515;9,01780284;1;178;79312
ABDN;20200728;7;39;34;A003A299,7;A3_A6_Umbau_Erweiterung_Messstellen_2012;A 003 A 299,7;A3;299,7;;Frankfurt;;Nürnberg;Süd/ West;AS Rottendorf;;1;2776321;10845;2;49,99164385;9,0168053;1;177;79311
ABDN;20200728;7;39;34;A003A299,7;A3_A6_Umbau_Erweiterung_Messstellen_2012;A 003 A 299,7;A3;299,7;;Frankfurt;Nürnberg;Nürnberg;Süd/ West;AS Rottendorf;;1;2776321;10845;2;49,99173631;9,01755363;3;33,34,35;79308,79309,79310
ABDN;20200728;7;39;34;A003A299,7;A3_A6_Umbau_Erweiterung_Messstellen_2012;A 003 A 299,7;A3;299,7;;Frankfurt;Nürnberg;Nürnberg;Süd/ West;AS Rottendorf;;6;2776321;10845;2;49,99171591;9,01743391;3;1,2,3;79530,79531,79532
ABDN;20200728;7;39;34;A003A301,8b;A3_A6_Umbau_Erweiterung_Messstellen_2012;A 003 A 301,8;A3;301,81;;;Nürnberg;Nürnberg;Süd/ West;AK Biebelried;;1;2776068;10844;4;49,99164385;9,0168053;1;161;80102
ABDN;20200728;7;39;34;A003A301,8b;A3_A6_Umbau_Erweiterung_Messstellen_2012;A 003 A 301,8;A3;301,81;;;Nürnberg;Nürnberg;Süd/ West;AK Biebelried;;1;2776068;10844;4;49,99133515;9,01780284;2;169,170;80103,80104
ABDN;20200728;7;39;34;A003A301,8b;A3_A6_Umbau_Erweiterung_Messstellen_2012;A 003 A 301,8;A3;301,8;;Frankfurt;Nürnberg;Nürnberg;Süd/ West;AK Biebelried;;6;2776068;10844;4;49,99171591;9,01743391;3;1,2,3;80105,80106,80107
ABDN;20200728;7;39;34;A003A301,8b;A3_A6_Umbau_Erweiterung_Messstellen_2012;A 003 A 301,8;A3;301,8;;Frankfurt;Nürnberg;Nürnberg;Süd/ West;AK Biebelried;;1;2776068;10844;4;49,99173631;9,01755363;3;33,34,35;79895,79896,79897
ABDN;20200728;7;39;34;A003A301,8b;A3_A6_Umbau_Erweiterung_Messstellen_2012;A 003 A 301,8;A3;301,8;;Frankfurt;Nürnberg;Nürnberg;Süd/ West;AK Biebelried;;1;2776068;10844;4;;;1;177;80101
ABDN;20200728;7;37;38;A003A370,0;SBA A3 Erlangen;A003 B 370,0;A3;370,07;;Würzburg;Heödorf;Würzburg;Süd/ West;AS 81 Erlangen-West;;1;2773850;10835;90;49,63018977;10,91756788;1;97;79218
ABDN;20200728;7;37;38;A003A370,0;SBA A3 Erlangen;A003 B 370,0;A3;370,07;;Heödorf;Nürnberg;Würzburg;Süd/ West;AS 81 Erlangen-West;;1;2773850;10835;90;49,62962718;10,91777273;1;161;79219
ABDN;20200728;7;37;38;A003A370,0;SBA A3 Erlangen;A003 B 370,0;A3;370,07;;Würzburg;Nürnberg;Würzburg;Süd/ West;AS 81 Erlangen-West;;1;2773850;10835;90;49,62997025;10,91775139;2;33,34;79164,79165
ABDN;20200728;7;37;38;A003A377,4;SBA A3 Erlangen;A003 B 377,4;A3;377,44;;Würzburg;Nürnberg;Würzburg;Süd/ West;AS 82 Erlangen-Frauenaurach;;1;2773262;10833;14;49,56821304;10,940527;2;33,34;80299,80300
ABDN;20200728;7;37;38;A003A377,4;SBA A3 Erlangen;A003 B 377,4;A3;377,44;;Würzburg;Herzogenaurach;Würzburg;Süd/ West;AS 82 Erlangen-Frauenaurach;;1;2773262;10833;14;49,56832646;10,94006759;1;97;80303
ABDN;20200728;7;37;38;A003A377,4;SBA A3 Erlangen;A003 B 377,4;A3;377,44;;Erlangen;Nürnberg;Würzburg;Süd/ West;AS 82 Erlangen-Frauenaurach;;1;2773262;10833;14;49,56796688;10,94070248;1;169;80304
ABDN;20200728;7;37;38;A003A377,4;SBA A3 Erlangen;A003 B 377,4;A3;377,44;;Herzogenaurach;Nürnberg;Würzburg;Süd/ West;AS 82 Erlangen-Frauenaurach;;1;2773262;10833;14;49,56583448;10,9436766;1;161;80305
ABDN;20200728;7;24;38;A003A379,9;DZS 8+1;A 003 A 379,9;A3;379,933;;Würzburg;Nürnberg;Regensburg;Süd/ West;AS 82 Erlangen-Frauenaurach;83 Kreuz Fürth/ Erlangen (A73 (-));6;2773015;10832;23;49,55998721;10,98261832;1;1;83562
ABDN;20200728;7;24;38;A003A379,9;DZS 8+1;A 003 A 379,9;A3;379,933;;Würzburg;Nürnberg;Regensburg;Süd/ West;83 Kreuz Fürth/ Erlangen (A73 (-));AS 82 Erlangen-Frauenaurach;1;2773015;10832;23;49,56000373;10,98263176;2;33,34;83558,83559
ABDN;20200728;7;24;38;A003A379,9;DZS 8+1;A 003 A 379,9;A3;379,933;;;;Regensburg;Süd/ West;83 Kreuz Fürth/ Erlangen (A73 (-));AS 82 Erlangen-Frauenaurach;1;2773015;10832;23;;;1;57;83561
ABDN;20200728;7;37;38;A003A381,4;SBA A3 Erlangen;A003 B 381,4;A3;381,425;;Nürnberg;Nürnberg;Würzburg;Süd/ West;83 Kreuz Fürth/ Erlangen (A73 (-));;1;2772738;10831;2;49,55895539;10,99506638;1;161;80292
ABDN;20200728;7;37;38;A003A381,4;SBA A3 Erlangen;A003 B 381,4;A3;381,425;;Würzburg;Nürnberg;Würzburg;Süd/ West;83 Kreuz Fürth/ Erlangen (A73 (-));;1;2772738;10831;2;49,55918636;10,99492504;2;33,34;79190,79191
ABDN;20200728;7;37;38;A003A381,4;SBA A3 Erlangen;A003 B 381,4;A3;381,425;;Würzburg;Nürnberg;Würzburg;Süd/ West;83 Kreuz Fürth/ Erlangen (A73 (-));;1;2772738;10831;2;49,5591928;10,99489091;1;113;79192
ABDN;20200728;7;24;38;A003A384,4;DZS 8+1;A 003 A 384,4;A3;384,415;;Würzburg;Nürnberg;Regensburg;Süd/ West;83 Kreuz Fürth/ Erlangen (A73 (-));AS 84 Erlangen-Tennenlohe (B4);1;2772768;10831;32;49,54105449;11,0224616;3;33,34,35;83624,83625,83626
ABDN;20200728;7;37;38;A003A384,7;SBA A3 Erlangen;A003 B 384,7;A3;384,77;;Würzburg;Nürnberg;Würzburg;Süd/ West;AS 84 Erlangen-Tennenlohe (B4);;1;2772771;10831;35;49,53720336;11,03387749;1;113;79126
ABDN;20200728;7;37;38;A003A384,7;SBA A3 Erlangen;A003 B 384,7;A3;384,77;;Würzburg;Nürnberg;Würzburg;Süd/ West;AS 84 Erlangen-Tennenlohe (B4);;1;2772771;10831;35;49,53726972;11,03394453;3;33,34,35;79119,79120,79121
ABDN;20200728;7;37;38;A003A384,7;SBA A3 Erlangen;A003 B 384,7;A3;384,77;;Nürnberg;Nürnberg;Würzburg;Süd/ West;AS 84 Erlangen-Tennenlohe (B4);;1;2772771;10831;35;49,53698226;11,0341181;1;161;79129
ABDN;20200728;7;37;38;A003A384,7;SBA A3 Erlangen;A003 B 384,7;A3;384,77;;Würzburg;Erlangen;Würzburg;Süd/ West;AS 84 Erlangen-Tennenlohe (B4);;1;2772771;10831;35;49,53714477;11,03350576;1;105;79128
ABDN;20200728;7;37;38;A003A384,7;SBA A3 Erlangen;A003 B 384,7;A3;384,77;;Würzburg;Nürnberg;Würzburg;Süd/ West;AS 84 Erlangen-Tennenlohe (B4);;1;2772771;10831;35;49,53606384;11,03115834;1;97;79127
ABDN;20200728;7;37;38;A003A388,6;SBA A3 Erlangen;A003 B 388,6;A3;388,643;;;;Regensburg;Süd/ West;AS 84 Erlangen-Tennenlohe (B4);AS 85 Nürnberg-Nord (B2);1;2772517;10830;36;;;3;33,34,35;83939,83940,83941
ABDN;20200728;7;37;38;A003A388,6;SBA A3 Erlangen;A003 B 388,6;A3;388,643;;;;Regensburg;Süd/ West;AS 84 Erlangen-Tennenlohe (B4);AS 85 Nürnberg-Nord (B2);6;2772517;10830;36;;;3;1,2,3;83942,83943,83944
ABDN;20200728;7;37;38;A003A393,9;SBA A3 Erlangen;A003 B 393,9;A3;393,94;;Würzburg;Nürnberg;Würzburg;Süd/ West;AS 85 Nürnberg-Nord (B2);;1;2772226;10829;2;49,49734575;11,13311887;1;97;83933
ABDN;20200728;7;37;38;A003A393,9;SBA A3 Erlangen;A003 B 393,9;A3;393,94;;Würzburg;Regensburg;Würzburg;Süd/ West;AS 85 Nürnberg-Nord (B2);;1;2772226;10829;2;49,49876468;11,13662826;3;33,34,35;83871,83872,83873
ABDN;20200728;7;37;38;A003A393,9;SBA A3 Erlangen;A003 B 393,9;A3;393,94;;Würzburg;Heroldsberg;Würzburg;Süd/ West;AS 85 Nürnberg-Nord (B2);;1;2772226;10829;2;49,49877463;11,13621534;1;105;83934
ABDN;20200728;7;37;38;A003A393,9;SBA A3 Erlangen;A003 B 393,9;A3;393,94;;Nürnberg;Regensburg;Würzburg;Süd/ West;AS 85 Nürnberg-Nord (B2);;1;2772226;10829;2;49,49848742;11,13680348;1;161;83935
ABDN;20200728;7;40;31;A003A397,8;NBA Nürnberg-Ost;A003A397,8;A3;397,8;;Lauf;Würzburg;Regensburg;Nord/ Ost;AS 86 Nürnberg/ Berhingersdorf (B14);;1;2771850;10827;138;49,4766279;11,17863313;1;129;83596
ABDN;20200728;7;40;31;A003A397,8;NBA Nürnberg-Ost;A003A397,8;A3;397,8;;Nürnberg;Regensburg;Regensburg;Süd/ West;AS 86 Nürnberg/ Berhingersdorf (B14);;1;2771850;10827;138;49,47611448;11,17751199;1;161;83597
ABDN;20200728;7;40;31;A003A397,8;NBA Nürnberg-Ost;A003A397,8;A3;397,8;;Würzburg;Nürnberg;Regensburg;Süd/ West;AS 86 Nürnberg/ Berhingersdorf (B14);;1;2771850;10827;138;49,47653313;11,17694901;1;97;83595
ABDN;20200728;7;40;31;A003A397,8;NBA Nürnberg-Ost;A003A397,8;A3;397,8;;Würzburg;Regensburg;Regensburg;Süd/ West;AS 86 Nürnberg/ Berhingersdorf (B14);;1;2771850;10827;138;49,47638123;11,17738315;3;33,34,35;83591,83592,83593
ABDN;20200728;7;40;31;A003A397,8;NBA Nürnberg-Ost;A003A397,8;A3;397,8;;Würzburg;Regensburg;Regensburg;Süd/ West;AS 86 Nürnberg/ Berhingersdorf (B14);;6;2771850;10827;138;49,47634616;11,17731733;3;1,2,3;83598,83677,83678
ABDN;20200728;7;40;31;A003A397,8;NBA Nürnberg-Ost;A003A397,8;A3;397,8;;Regensburg;Lauf;Regensburg;Nord/ Ost;AS 86 Nürnberg/ Berhingersdorf (B14);;1;2771850;10827;138;49,47672263;11,17815571;1;65;83594
ABDN;20200728;7;40;31;A003A397,8;NBA Nürnberg-Ost;A003A397,8;A3;397,8;;Regensburg;Würzburg;Regensburg;Nord/ Ost;AS 86 Nürnberg/ Berhingersdorf (B14);;1;2771850;10827;138;49,47645349;11,1779105;3;1,2,3;83588,83589,83590
ABDN;20200728;7;40;31;A003A401,3;DZS 8+1;A 003 A 401,3;A3;401,3;;Würzburg;Regensburg;Regensburg;Süd/ West;AS 87 Mögeldorf;88 Kreuz Nürnberg (A9(51)) ;1;2771605;10826;149;49,46610063;11,21793154;3;33,34,35;83749,83750,83751
ABDN;20200728;7;40;31;A003A401,3;DZS 8+1;A 003 A 401,3;A3;401,3;;Würzburg;Regensburg;Regensburg;Süd/ West;AS 87 Mögeldorf;88 Kreuz Nürnberg (A9(51)) ;6;2771605;10826;149;49,46604661;11,21794505;2;1,2;83752,83753
ABDN;20200728;7;40;31;A003A401,3;DZS 8+1;A 003 A 401,3;A3;401,3;;Regensburg;Würzburg;Regensburg;Nord/ Ost;88 Kreuz Nürnberg (A9(51)) ;AS 87 Mögeldorf;1;2771605;10826;149;49,46641597;11,21785158;3;1,2,3;83746,83747,83748
ABDN;20200728;7;40;31;A003A410,5;NBA Nürnberg-Ost;A003A410,5;A3;410,5;;Amberg;Nürnberg;Regensburg;Nord/ Ost;89 Kreuz Altdorf (A6 (61));;1;2771332;10825;132;49,40658638;11,29630966;1;129;83668
ABDN;20200728;7;40;31;A003A410,5;NBA Nürnberg-Ost;A003A410,5;A3;410,5;;Nürnberg;Nürnberg;Regensburg;Süd/ West;89 Kreuz Altdorf (A6 (61));;1;2771332;10825;132;49,40679939;11,29469721;1;97;83666
ABDN;20200728;7;40;31;A003A410,5;NBA Nürnberg-Ost;A003A410,5;A3;410,5;;Nürnberg;Regensburg;Regensburg;Süd/ West;89 Kreuz Altdorf (A6 (61));;1;2771332;10825;132;49,40685746;11,29471894;1;113;83667
ABDN;20200728;7;40;31;A003A410,5;NBA Nürnberg-Ost;A003A410,5;A3;410,5;;Nürnberg;Regensburg;Regensburg;Süd/ West;89 Kreuz Altdorf (A6 (61));;1;2771332;10825;132;49,40689914;11,29487646;2;33,34;83664,83665
ABDN;20200728;7;40;31;A003A410,5;NBA Nürnberg-Ost;A003A410,5;A3;410,5;;Nürnberg;Regensburg;Regensburg;Süd/ West;89 Kreuz Altdorf (A6 (61));;6;2771332;10825;132;49,40626301;11,29545556;3;1,2,3;83670,83671,83672
ABDN;20200728;7;40;31;A003A410,5;NBA Nürnberg-Ost;A003A410,5;A3;410,5;;Regensburg;Nürnberg;Regensburg;Nord/ Ost;89 Kreuz Altdorf (A6 (61));;1;2771332;10825;132;49,40658726;11,29585614;2;1,2;83606,83663
ABDN;20200728;7;40;31;A003A410,5;NBA Nürnberg-Ost;A003A410,5;A3;410,5;;Regensburg;Nürnberg;Regensburg;Nord/ Ost;89 Kreuz Altdorf (A6 (61));;1;2771332;10825;132;49,40665348;11,29597428;1;145;83669
ABDN;20200728;7;40;31;A003A428,2;DZS 8+1;A 003 A 428,2;A3;428,2;;Nürnberg;Regensburg;Regensburg;Süd/ West;AS 92 Neumarkt/ Opf. (B299);AS 93 Velburg;1;2770419;10821;243;49,31507729;11,4797702;2;33,34;82658,82659
ABDN;20200728;7;40;31;A003A428,2;DZS 8+1;A 003 A 428,2;A3;428,2;;Nürnberg;Regensburg;Regensburg;Süd/ West;AS 92 Neumarkt/ Opf. (B299);AS 93 Velburg;6;2770419;10821;243;49,31571216;11,47693781;1;1;82660
ABDN;20200728;7;40;31;A003A428,2;DZS 8+1;A 003 A 428,2;A3;428,2;;Regensburg;Nürnberg;Regensburg;Nord/ Ost;AS 93 Velburg;AS 92 Neumarkt/ Opf. (B299);1;2770419;10821;243;49,31585313;11,47773735;2;1,2;82656,82657
ABDN;20200728;7;27;32;A003B204,3;SBA A3 Stockstadt (Umrüst. 2008);A 003 A 204,3;A3;204,3;;Würzburg;Frankfurt;Würzburg;Nord/ Ost;56 Seligenstädter Dreieck (A45(47));;1;2781250;10864;66;49,99428812;9,01247821;3;1,2,3;83921,83922,83923
ABDN;20200728;7;27;32;A003B204,3;SBA A3 Stockstadt (Umrüst. 2008);A 003 A 204,3;A3;204,3;;Würzburg;Frankfurt;Würzburg;Nord/ Ost;56 Seligenstädter Dreieck (A45(47));;1;2781250;10864;66;49,99489467;9,01141359;1;129;83927
ABDN;20200728;7;27;32;A003B205,7;SBA A3 Stockstadt (Umrüst. 2008);A 003 A 205,7;A3;205,679;;Würzburg;Frankfurt;Würzburg;Nord/ Ost;56 Seligenstädter Dreieck (A45(47));AS 57 Stockstadt (B469);1;2780940;10863;12;49,98842443;9,02994682;3;1,2,3;79929,79930,79931
ABDN;20200728;7;27;32;A003B207,8;SBA A3 Stockstadt (Umrüst. 2008);A 003 A 207,8;A3;207,84;;Würzburg;Frankfurt;Würzburg;Nord/ Ost;AS 57 Stockstadt (B469);AS 58 Aschaffenburg/ West (B8);1;2780678;10862;6;49,99023725;9,06008327;2;145,146;79286,79287
ABDN;20200728;7;27;32;A003B207,8;SBA A3 Stockstadt (Umrüst. 2008);A 003 A 207,8;A3;207,84;;Würzburg;Frankfurt;Würzburg;Nord/ Ost;AS 57 Stockstadt (B469);AS 58 Aschaffenburg/ West (B8);1;2780678;10862;6;49,99020292;9,06010154;3;1,2,3;79280,79281,79282
ABDN;20200728;7;27;32;A003B215,4;Einhausung Hösbach;A 003 B 215,4;A3;215,356;;Würzburg;Frankfurt;Frankfurt;Nord/ Ost;AS 59 Aschaffenburg/ Ost (B26);AS 58 Aschaffenburg/ West (B8);1;2780481;10861;65;;;4;1,2,3,194;83336,83337,83338,83339
ABDN;20200728;7;27;32;A003B215,4;Einhausung Hösbach;A 003 B 215,4;A3;215,356;;Würzburg;Frankfurt;Frankfurt;Nord/ Ost;AS 59 Aschaffenburg/ Ost (B26);AS 58 Aschaffenburg/ West (B8);3;2780481;10861;65;;;2;1,194;78968,83396
ABDN;20200728;7;27;32;A003B215,4;Einhausung Hösbach;A 003 B 215,4;A3;215,356;;Würzburg;Frankfurt;Frankfurt;Nord/ Ost;AS 59 Aschaffenburg/ Ost (B26);AS 58 Aschaffenburg/ West (B8);4;2780481;10861;65;;;8;1,2,3,65,66,73,74,194;78969,78970,78971,78972,78973,78974,78975,78976
ABDN;20200728;7;27;32;A003B215,4;Einhausung Hösbach;A 003 B 215,4;A3;215,359;;Würzburg;Frankfurt;Frankfurt;Nord/ Ost;AS 59 Aschaffenburg/ Ost (B26);AS 58 Aschaffenburg/ West (B8);6;2780481;10861;65;;;4;1,2,3,194;78977,78978,78979,78980
ABDN;20200728;7;27;32;A003B216,8;Einhausung Hösbach;A 003 B 216,8;A3;216,75;;Würzburg;Frankfurt;Frankfurt;Nord/ Ost;AS Goldbach;AS Aschaffenburg-Ost;1;2780168;10860;8;;;4;1,2,3,194;79623,79624,79840,79841
ABDN;20200728;7;27;32;A003B216,8;Einhausung Hösbach;A 003 B 216,8;A3;216,75;;Würzburg;Frankfurt;Frankfurt;Nord/ Ost;AS Goldbach;AS Aschaffenburg-Ost;3;2780168;10860;8;;;2;1,194;79842,79901
ABDN;20200728;7;27;32;A003B216,8;Einhausung Hösbach;A 003 B 216,8;A3;216,75;;Würzburg;Frankfurt;Frankfurt;Nord/ Ost;AS Goldbach;AS Aschaffenburg-Ost;4;2780168;10860;8;;;8;1,2,3,65,66,73,74,194;79902,79903,79904,79905,79906,79907,79908,79909
ABDN;20200728;7;27;32;A003B216,8;Einhausung Hösbach;A 003 B 216,8;A3;216,753;;Würzburg;Frankfurt;Frankfurt;Nord/ Ost;AS Goldbach;AS Aschaffenburg-Ost;6;2780168;10860;8;;;4;1,2,3,194;79910,79911,79912,79913
ABDN;20200728;7;27;32;A003B217,3;Erneuerung Verkehrstechnik EH Hösbach 2. Bauabschnitt;A 003 B 217,3;A3;217,31;;Würzburg;Frankfurt;Frankfurt;Nord/ Ost;AS Goldbach;AS Aschaffenburg-Ost;1;2780174;10860;14;;;4;2,3,4,194;79069,79070,79071,79131
ABDN;20200728;7;27;32;A003B217,3;Erneuerung Verkehrstechnik EH Hösbach 2. Bauabschnitt;A 003 B 217,3;A3;217,31;;Würzburg;Frankfurt;Frankfurt;Nord/ Ost;AS Goldbach;AS Aschaffenburg-Ost;3;2780174;10860;14;;;2;1,194;79132,79133
ABDN;20200728;7;27;32;A003B217,3;Erneuerung Verkehrstechnik EH Hösbach 2. Bauabschnitt;A 003 B 217,3;A3;217,31;;Würzburg;Frankfurt;Frankfurt;Nord/ Ost;AS Goldbach;AS Aschaffenburg-Ost;4;2780174;10860;14;;;8;2,3,4,66,67,74,75,194;79349,79350,79351,79352,79353,79354,79355,79356
ABDN;20200728;7;27;32;A003B217,3;Erneuerung Verkehrstechnik EH Hösbach 2. Bauabschnitt;A 003 B 217,3;A3;217,343;;Würzburg;Frankfurt;Frankfurt;Nord/ Ost;AS Goldbach;AS Aschaffenburg-Ost;6;2780174;10860;14;;;4;1,2,3,194;79357,79358,79411,79412
ABDN;20200728;7;27;32;A003B217,9;Erneuerung Verkehrstechnik EH Hösbach 2. Bauabschnitt;A 003 B 217,9;A3;217,89;;Würzburg;Frankfurt;Frankfurt;Nord/ Ost;AS Hösbach;AS Goldbach;6;2779905;10859;1;;;4;1,2,3,194;80009,80010,80011,80012
ABDN;20200728;7;27;32;A003B217,9;Erneuerung Verkehrstechnik EH Hösbach 2. Bauabschnitt;A 003 B 217,9;A3;218,06;;Würzburg;Frankfurt;Frankfurt;Nord/ Ost;AS Hösbach;AS Goldbach;1;2779905;10859;1;;;2;65,198;79997,79998
ABDN;20200728;7;27;32;A003B217,9;Erneuerung Verkehrstechnik EH Hösbach 2. Bauabschnitt;A 003 B 217,9;A3;217,725;;Würzburg;Frankfurt;Frankfurt;Nord/ Ost;AS Hösbach;AS Goldbach;1;2779905;10859;1;;;2;129,196;79716,79996
ABDN;20200728;7;27;32;A003B217,9;Erneuerung Verkehrstechnik EH Hösbach 2. Bauabschnitt;A 003 B 217,9;A3;218,049;;Würzburg;Frankfurt;Frankfurt;Nord/ Ost;AS Hösbach;AS Goldbach;1;2779905;10859;1;;;4;2,3,4,194;79712,79713,79714,79715
ABDN;20200728;7;27;32;A003B217,9;Erneuerung Verkehrstechnik EH Hösbach 2. Bauabschnitt;A 003 B 217,9;A3;218,049;;Würzburg;Frankfurt;Frankfurt;Nord/ Ost;AS Hösbach;AS Goldbach;3;2779905;10859;1;;;2;1,194;79999,80000
ABDN;20200728;7;27;32;A003B217,9;Erneuerung Verkehrstechnik EH Hösbach 2. Bauabschnitt;A 003 B 217,9;A3;218,049;;Würzburg;Frankfurt;Frankfurt;Nord/ Ost;AS Hösbach;AS Goldbach;4;2779905;10859;1;;;8;2,3,4,66,67,74,75,194;80001,80002,80003,80004,80005,80006,80007,80008
ABDN;20200728;7;27;32;A003B218,6;Erneuerung Verkehrstechnik EH Hösbach 2. Bauabschnitt;A 003 B 218,6;A3;218,58;;Würzburg;Frankfurt;Frankfurt;Nord/ Ost;AS Hösbach;AS Goldbach;4;2779911;10859;7;;;8;2,3,4,66,67,74,75,194;83620,83621,83622,83623,83686,83687,83688,83689
ABDN;20200728;7;27;32;A003B218,6;Erneuerung Verkehrstechnik EH Hösbach 2. Bauabschnitt;A 003 B 218,6;A3;218,58;;Würzburg;Frankfurt;Frankfurt;Nord/ Ost;AS Hösbach;AS Goldbach;3;2779911;10859;7;;;2;1,194;83618,83619
ABDN;20200728;7;27;32;A003B218,6;Erneuerung Verkehrstechnik EH Hösbach 2. Bauabschnitt;A 003 B 218,6;A3;218,58;;Würzburg;Frankfurt;Frankfurt;Nord/ Ost;AS Hösbach;AS Goldbach;1;2779911;10859;7;;;4;2,3,4,194;83383,83384,83385,83617
ABDN;20200728;7;27;32;A003B218,6;Erneuerung Verkehrstechnik EH Hösbach 2. Bauabschnitt;A 003 B 218,6;A3;218,583;;Würzburg;Frankfurt;Frankfurt;Nord/ Ost;AS Hösbach;AS Goldbach;6;2779911;10859;7;;;4;1,2,3,194;83690,83691,83692,83693
ABDN;20200728;7;27;32;A003B219,4;Einhausung Hösbach;A 003 B 219,4;A3;219,403;;Würzburg;Frankfurt;Frankfurt;Nord/ Ost;AS Hösbach;AS Goldbach;4;2779920;10859;16;;;8;2,3,4,66,67,74,75,194;83476,83477,83478,83479,83480,83481,83482,83483
ABDN;20200728;7;27;32;A003B219,4;Einhausung Hösbach;A 003 B 219,4;A3;219,403;;Würzburg;Frankfurt;Frankfurt;Nord/ Ost;AS Hösbach;AS Goldbach;3;2779920;10859;16;;;9;1,65,67,69,80,81,82,194,196;83474,83475,83484,83485,83486,83545,83546,83547,83548
ABDN;20200728;7;27;32;A003B219,4;Einhausung Hösbach;A 003 B 219,4;A3;219,403;;Würzburg;Frankfurt;Frankfurt;Nord/ Ost;AS Hösbach;AS Goldbach;1;2779920;10859;16;;;4;2,3,4,194;84313,84314,84315,84374
ABDN;20200728;7;27;32;A003B219,4;Einhausung Hösbach;A 003 B 219,4;A3;219,43;;Würzburg;Frankfurt;Frankfurt;Nord/ Ost;AS Hösbach;AS Goldbach;6;2779920;10859;16;;;4;1,2,3,194;83549,83550,83551,83787
ABDN;20200728;7;27;32;A003B220,1;Erneuerung Kauppenaufstieg 2.BA;A 003 A 220,4;A3;219,78;;Würzburg;Frankfurt;Würzburg;Nord/ Ost;AS 61 Hösbach (B26n);;1;2779651;10858;3;;;1;129;83397
ABDN;20200728;7;27;32;A003B220,1;Erneuerung Kauppenaufstieg 2.BA;A 003 A 220,4;A3;219,85;;Würzburg;Frankfurt;Würzburg;Nord/ Ost;AS 61 Hösbach (B26n);;1;2779651;10858;3;;;1;65;84175
ABDN;20200728;7;27;32;A003B220,2;Einhausung Hösbach;A 003 B 220,2;A3;220,235;;Würzburg;Frankfurt;Frankfurt;Nord/ Ost;AS Bessenbach/Waldaschaff;AS Hösbach;1;2779649;10858;1;;;4;1,2,3,194;83788,83789,83790,83791
ABDN;20200728;7;27;32;A003B220,2;Einhausung Hösbach;A 003 B 220,2;A3;220,235;;Würzburg;Frankfurt;Frankfurt;Nord/ Ost;AS Bessenbach/Waldaschaff;AS Hösbach;3;2779649;10858;1;;;2;1,194;83792,83793
ABDN;20200728;7;27;32;A003B220,2;Einhausung Hösbach;A 003 B 220,2;A3;220,235;;Würzburg;Frankfurt;Frankfurt;Nord/ Ost;AS Bessenbach/Waldaschaff;AS Hösbach;4;2779649;10858;1;;;8;1,2,3,65,66,73,74,194;83794,83795,83796,83857,83858,83859,83860,83861
ABDN;20200728;7;27;32;A003B220,2;Einhausung Hösbach;A 003 B 220,2;A3;220,235;;Würzburg;Frankfurt;Frankfurt;Nord/ Ost;AS Bessenbach/Waldaschaff;AS Hösbach;6;2779649;10858;1;;;4;1,2,3,194;83862,83863,83864,83865
ABDN;20200728;7;27;32;A003B220,4;DZS 8+1;A 003 A 220,4;A3;220,433;;Würzburg;Frankfurt;Regensburg;Nord/ Ost;AS 61 Hösbach (B26n);AS 62 Bessenbach/ Waldaschaff (Kr. Str. AB4) ;1;2779651;10858;3;50,0023122;9,2293873;3;1,2,3;84167,84168,84169
ABDN;20200728;7;27;32;A003B221,4;Einhausung Hösbach;A 003 B 221,4;A3;221,06;;Würzburg;Frankfurt;Frankfurt;Nord/ Ost;AS Bessenbach/Waldaschaff;AS Hösbach;1;2779661;10858;13;;;4;1,2,3,194;79342,79394,79395,79396
ABDN;20200728;7;27;32;A003B221,4;Einhausung Hösbach;A 003 B 221,4;A3;221,06;;Würzburg;Frankfurt;Frankfurt;Nord/ Ost;AS Bessenbach/Waldaschaff;AS Hösbach;3;2779661;10858;13;;;2;1,194;79397,79398
ABDN;20200728;7;27;32;A003B221,4;Einhausung Hösbach;A 003 B 221,4;A3;221,06;;Würzburg;Frankfurt;Frankfurt;Nord/ Ost;AS Bessenbach/Waldaschaff;AS Hösbach;4;2779661;10858;13;;;8;1,2,3,65,66,73,74,194;79399,79400,79401,79402,79403,79625,79626,79627
ABDN;20200728;7;27;32;A003B221,4;Einhausung Hösbach;A 003 B 221,4;A3;221,06;;Würzburg;Frankfurt;Frankfurt;Nord/ Ost;AS Bessenbach/Waldaschaff;AS Hösbach;6;2779661;10858;13;;;4;1,2,3,194;79628,79629,79630,79686
ABDN;20200728;7;27;32;A003B222,4;Erneuerung Kauppenaufstieg 2.BA;A 003 B 222,4;A3;222,4;;Würzburg;Frankfurt;Frankfurt;Nord/ Ost;AS 62 Bessenbach/ Waldaschaff (Kr. Str. AB4) ;AS 61 Hösbach;1;2779671;10858;23;49,93998114;9,34471466;3;1,2,3;79216,79217,79272
ABDN;20200728;7;27;32;A003B222,4;Erneuerung Kauppenaufstieg 2.BA;A 003 B 222,4;A3;222,4;;Würzburg;Frankfurt;Frankfurt;Nord/ Ost;AS 62 Bessenbach/ Waldaschaff (Kr. Str. AB4) ;AS 61 Hösbach;3;2779671;10858;23;49,94005838;9,34446715;1;61;79273
ABDN;20200728;7;27;32;A003B222,4;Erneuerung Kauppenaufstieg 2.BA;A 003 B 222,4;A3;222,4;;Würzburg;Frankfurt;Frankfurt;Nord/ Ost;AS 62 Bessenbach/ Waldaschaff (Kr. Str. AB4) ;AS 61 Hösbach;4;2779671;10858;23;49,93998114;9,34471466;7;1,2,3,65,66,73,74;79003,79004,79005,79006,79007,79275,79276
ABDN;20200728;7;27;32;A003B222,4;Erneuerung Kauppenaufstieg 2.BA;A 003 B 222,4;A3;222,4;;Würzburg;Frankfurt;Frankfurt;Nord/ Ost;AS 62 Bessenbach/ Waldaschaff (Kr. Str. AB4) ;AS 61 Hösbach;4;2779671;10858;23;49,94005838;9,34446715;1;194;79274
ABDN;20200728;7;27;32;A003B222,4;Erneuerung Kauppenaufstieg 2.BA;A 003 B 222,4;A3;222,42;;Würzburg;Frankfurt;Frankfurt;Nord/ Ost;AS 62 Bessenbach/ Waldaschaff (Kr. Str. AB4) ;AS 61 Hösbach;6;2779671;10858;23;49,94005838;9,34446715;4;1,2,3,4;79008,79009,79010,79011
ABDN;20200728;7;27;32;A003B223,5;Erneuerung Kauppenaufstieg 2.BA;A 003 A 223,1;A3;223,066;;Würzburg;Frankfurt;Frankfurt;Nord/ Ost;AS 62 Bessenbach/ Waldaschaff (Kr. Str. AB4) ;;6;2779392;10857;0;49,98490133;9,26029837;2;2,3;83412,83413
ABDN;20200728;7;27;32;A003B223,5;UV Los 1;A 003 A 223,1;A3;223,066;;Würzburg;Frankfurt;Frankfurt;Nord/ Ost;AS 62 Bessenbach/ Waldaschaff (Kr. Str. AB4) ;;1;2779392;10857;0;49,98486473;9,26023561;2;1,2;83401,83402
ABDN;20200728;7;27;32;A003B223,5;UV Los 1;A 003 A 223,1;A3;223,066;;Würzburg;Frankfurt;Frankfurt;Nord/ Ost;AS 62 Bessenbach/ Waldaschaff (Kr. Str. AB4) ;;1;2779392;10857;0;49,98651835;9,25741814;1;3;83403
ABDN;20200728;7;27;32;A003B223,5;UV Los 1;A 003 A 223,1;A3;223,066;;Würzburg;Frankfurt;Frankfurt;Nord/ Ost;AS 62 Bessenbach/ Waldaschaff (Kr. Str. AB4) ;;6;2779392;10857;0;49,98490133;9,26029837;1;1;83411
ABDN;20200728;7;27;32;A003B223,5;UV Los 1;A 003 A 223,1;A3;223,066;;Würzburg;Waldaschaff;Frankfurt;Nord/ Ost;AS 62 Bessenbach/ Waldaschaff (Kr. Str. AB4) ;;1;2779392;10857;0;;;1;65;83407
ABDN;20200728;7;27;32;A003B223,5;UV Los 1;A 003 A 223,1;A3;223,066;;Waldaschaff;Frankfurt;Frankfurt;Nord/ Ost;AS 62 Bessenbach/ Waldaschaff (Kr. Str. AB4) ;;1;2779392;10857;0;;;1;129;83408
ABDN;20200728;7;27;32;A003B224,6;Einhausung Hösbach;A 003 B 224,4;A3;224,35;;Würzburg;Frankfurt;Frankfurt;Nord/ Ost;AS 63 Weibersbrunn (St 2308);AS 62 Bessenbach/ Waldaschaff (Kr. Str. AB4) ;6;2779406;10857;14;;;4;1,2,3,194;79046,79047,79048,79049
ABDN;20200728;7;27;32;A003B224,6;Einhausung Hösbach;A 003 B 224,4;A3;224,35;;Würzburg;Frankfurt;Frankfurt;Nord/ Ost;AS 63 Weibersbrunn (St 2308);AS 62 Bessenbach/ Waldaschaff (Kr. Str. AB4) ;3;2779406;10857;14;;;2;1,194;79044,79045
ABDN;20200728;7;27;32;A003B224,6;Einhausung Hösbach;A 003 B 224,4;A3;224,35;;Würzburg;Frankfurt;Frankfurt;Nord/ Ost;AS 63 Weibersbrunn (St 2308);AS 62 Bessenbach/ Waldaschaff (Kr. Str. AB4) ;4;2779406;10857;14;;;5;129,130,131,132,194;79041,79042,79043,79956,79957
ABDN;20200728;7;27;32;A003B232,0;Erneuerung Kauppenaufstieg 2.BA;A 003 B 232,0;A3;231,998;;Würzburg;Frankfurt;Frankfurt;Nord/ Ost;AS 63 Weibersbrunn (St 2308);;1;2779138;10856;2;49,93762175;9,34797338;3;1,2,3;79987,79988,79989
ABDN;20200728;7;27;32;A003B232,0;Erneuerung Kauppenaufstieg 2.BA;A 003 B 232,0;A3;231,998;;Würzburg;Weibersbrunn;Frankfurt;Nord/ Ost;AS 63 Weibersbrunn (St 2308);;1;2779138;10856;2;49,93765102;9,34836202;1;65;79994
ABDN;20200728;7;27;32;A003B232,0;Erneuerung Kauppenaufstieg 2.BA;A 003 B 232,0;A3;231,998;;Weibersbrunn;Frankfurt;Frankfurt;Nord/ Ost;AS 63 Weibersbrunn (St 2308);;1;2779138;10856;2;49,93772847;9,34831508;1;129;79134
ABDN;20200728;7;27;32;A003B232,0;Erneuerung Kauppenaufstieg 2.BA;A 003 B 232,0;A3;231,998;;Würzburg;Frankfurt;Frankfurt;Nord/ Ost;AS 63 Weibersbrunn (St 2308);;6;2779138;10856;2;49,93762954;9,34804574;3;1,2,3;79136,79137,79138
ABDN;20200728;7;27;32;A003B237,6;DZS 8+1;A 003 B 237,6;A3;237,63;;Würzburg;Frankfurt;Frankfurt;Nord/ Ost;AS 64 Rohrbrunn (B8);;1;2778880;10855;0;49,89817392;9,39260942;2;1,2;83253,83254
ABDN;20200728;7;27;32;A003B237,6;DZS 8+1;A 003 B 237,6;A3;237,63;;Aschaffenburg;Frankfurt;Frankfurt;Nord/ Ost;AS 64 Rohrbrunn (B8);;1;2778880;10855;0;49,89882319;9,39220431;1;129;83259
ABDN;20200728;7;27;32;A003B237,6;DZS 8+1;A 003 B 237,6;A3;237,63;;Würzburg;Aschaffenburg;Frankfurt;Nord/ Ost;AS 64 Rohrbrunn (B8);;1;2778880;10855;0;49,89882319;9,39220431;1;65;83257
ABDN;20200728;7;27;32;A003B237,6;DZS 8+1;A 003 B 237,6;A3;237,63;;Würzburg;Frankfurt;Frankfurt;Nord/ Ost;AS 64 Rohrbrunn (B8);;6;2778880;10855;0;49,89876852;9,39219011;1;1;83260
ABDN;20200728;7;39;34;A003B280,6;SBA Würzburg;A003A280,6;A3;280,6;;;Frankfurt;Regensburg;Nord/ Ost;AS 69 Kist (B 27);;1;2777618;10850;18;;;1;129;79364
ABDN;20200728;7;39;34;A003B280,6;SBA Würzburg;A003A280,6;A3;280,6;;Würzburg;;Regensburg;Nord/ Ost;AS 69 Kist (B 27);;1;2777618;10850;18;;;1;65;79363
ABDN;20200728;7;39;34;A003B280,6;SBA Würzburg;A003A280,6;A3;280,6;;Würzburg;Frankfurt;Regensburg;Nord/ Ost;AS 69 Kist (B 27);;1;2777618;10850;18;;;2;1,2;79360,79361
ABDN;20200728;7;39;34;A003B280,6;SBA Würzburg;A003A280,6;A3;280,6;;Frankfurt;Würzburg;Regensburg;Süd/ West;AS 69 Kist (B 27);;6;2777618;10850;18;49,74875636;9,84274195;3;1,2,3;79588,79589,79590
ABDN;20200728;7;39;34;A003B280,6;Umbau A3;A003A280,6;A3;280,6;;Frankfurt;Würzburg;Regensburg;Süd/ West;AS 69 Kist (B 27);;1;2777618;10850;18;;;4;33,34,35,177;79366,79367,79368,79587
ABDN;20200728;7;39;34;A003B280,6;Umbau A3;A003A280,6;A3;280,6;;;Würzburg;Regensburg;Süd/ West;AS 69 Kist (B 27);;1;2777618;10850;18;;;1;161;79370
ABDN;20200728;7;39;34;A003B280,6;Umbau A3;A003A280,6;A3;280,6;;Würzburg;Frankfurt;Regensburg;Nord/ Ost;AS 69 Kist (B 27);;1;2777618;10850;18;;;2;3,145;79362,79365
ABDN;20200728;7;39;34;A003B280,6;Umbau A3;A003A280,6;A3;280,6;;Frankfurt;;Regensburg;Süd/ West;AS 69 Kist (B 27);;1;2777618;10850;18;;;1;97;79369
ABDN;20200728;7;39;34;A003B281,6;SBA Würzburg;A003B281,638;A3;281,638;;Nürnberg;Würzburg;Frankfurt;Nord/ Ost;AS 69 Kist (B 27);AS 70 Heidingsfeld (B 19);1;2777352;10849;8;49,74803681;9,85009352;3;1,2,3;80540,80541,80542
ABDN;20200728;7;39;34;A003B281,6;SBA Würzburg;A003B281,638;A3;281,638;;Nürnberg;Würzburg;Frankfurt;Nord/ Ost;AS 69 Kist (B 27);AS 70 Heidingsfeld (B 19);3;2777352;10849;8;49,74803681;9,85009352;1;1;80543
ABDN;20200728;7;39;34;A003B281,6;SBA Würzburg;A003B281,638;A3;281,638;;Nürnberg;Würzburg;Frankfurt;Nord/ Ost;AS 69 Kist (B 27);AS 70 Heidingsfeld (B 19);4;2777352;10849;8;49,74803681;9,85009352;8;1,2,3,65,66,73,74,194;80544,80545,80546,80547,80565,80566,80567,80568
ABDN;20200728;7;39;34;A003B281,6;SBA Würzburg;A003B281,638;A3;281,638;;Nürnberg;Würzburg;Frankfurt;Nord/ Ost;AS 69 Kist (B 27);AS 70 Heidingsfeld (B 19);6;2777352;10849;8;49,74805935;9,84985781;3;1,2,3;80569,80570,80571
ABDN;20200728;7;39;34;A003B283,2;SBA Würzburg;A003B283,193;A3;283,193;;Nürnberg;Würzburg;Frankfurt;Nord/ Ost;AS 69 Kist (B 27);AS 70 Heidingsfeld (B 19);1;2777368;10849;24;49,745873;9,87482821;3;1,2,3;80130,80132,80133
ABDN;20200728;7;39;34;A003B283,2;SBA Würzburg;A003B283,193;A3;283,193;;Nürnberg;Würzburg;Frankfurt;Nord/ Ost;AS 69 Kist (B 27);AS 70 Heidingsfeld (B 19);3;2777368;10849;24;49,74583053;9,87450368;9;1,33,34,35,36,37,38,39,40;80336,80337,80338,80339,80340,80341,80342,80343,80344
ABDN;20200728;7;39;34;A003B283,2;SBA Würzburg;A003B283,193;A3;283,193;;Nürnberg;Würzburg;Frankfurt;Nord/ Ost;AS 69 Kist (B 27);AS 70 Heidingsfeld (B 19);4;2777368;10849;24;49,745873;9,87482821;8;1,2,3,65,66,73,74,194;80345,80346,80347,80348,80349,80388,80389,80390
ABDN;20200728;7;39;34;A003B283,2;SBA Würzburg;A003B283,193;A3;283,193;;Nürnberg;Würzburg;Frankfurt;Nord/ Ost;AS 69 Kist (B 27);AS 70 Heidingsfeld (B 19);6;2777368;10849;24;49,74583053;9,87450368;3;1,2,3;80391,80538,80539
ABDN;20200728;7;39;34;A003B284,0;DZS 8+1;A003A284,0;A3;284;;Frankfurt;Würzburg;Regensburg;Süd/ West;68 Dreieck Würzburg-West (A81 (1));AS 69 Kist (B 27);6;2777377;10849;33;;;3;1,2,3;79653,79654,79655
ABDN;20200728;7;39;34;A003B284,0;DZS 8+1;A003A284,0;A3;284;;Frankfurt;Würzburg;Regensburg;Süd/ West;68 Dreieck Würzburg-West (A81 (1));AS 69 Kist (B 27);1;2777377;10849;33;;;3;33,34,35;79650,79651,79652
ABDN;20200728;7;39;34;A003B284,0;DZS 8+1;A003A284,0;A3;284;;Würzburg;Frankfurt;Regensburg;Nord/ Ost;68 Dreieck Würzburg-West (A81 (1));AS 69 Kist (B 27);1;2777377;10849;33;;;3;1,2,3;79591,79648,79649
ABDN;20200728;7;39;34;A003B284,3;SBA Würzburg;A003B284,381;A3;284,381;;Nürnberg;Würzburg;Frankfurt;Nord/ Ost;AS 69 Kist (B 27);AS 70 Heidingsfeld (B 19);3;2777380;10849;36;49,74896221;9,88827978;1;1;80118
ABDN;20200728;7;39;34;A003B284,3;SBA Würzburg;A003B284,381;A3;284,381;;Nürnberg;Würzburg;Frankfurt;Nord/ Ost;AS 69 Kist (B 27);AS 70 Heidingsfeld (B 19);6;2777380;10849;36;49,74883083;9,88809455;3;1,2,3;80127,80128,80129
ABDN;20200728;7;39;34;A003B284,3;SBA Würzburg;A003B284,381;A3;284,381;;Nürnberg;Würzburg;Frankfurt;Nord/ Ost;AS 69 Kist (B 27);AS 70 Heidingsfeld (B 19);4;2777380;10849;36;49,74896221;9,88827978;8;1,2,3,65,66,73,74,194;80119,80120,80121,80122,80123,80124,80125,80126
ABDN;20200728;7;39;34;A003B284,3;SBA Würzburg;A003B284,381;A3;284,381;;Nürnberg;Würzburg;Frankfurt;Nord/ Ost;AS 69 Kist (B 27);AS 70 Heidingsfeld (B 19);1;2777380;10849;36;49,74896221;9,88827978;3;1,2,3;80082,80117,80131
ABDN;20200728;7;39;34;A003B285,4;SBA Würzburg;A003B285,479;A3;285,479;;Nürnberg;Würzburg;Frankfurt;Nord/ Ost;AS 69 Kist (B 27);AS 70 Heidingsfeld (B 19);1;2777391;10849;47;49,75473018;9,91021574;4;1,2,3,4;80479,80480,80594,80595
ABDN;20200728;7;39;34;A003B285,4;SBA Würzburg;A003B285,479;A3;285,479;;Nürnberg;Würzburg;Frankfurt;Nord/ Ost;AS 69 Kist (B 27);AS 70 Heidingsfeld (B 19);3;2777391;10849;47;49,75473018;9,91021574;1;1;80596
ABDN;20200728;7;39;34;A003B285,4;SBA Würzburg;A003B285,479;A3;285,479;;Nürnberg;Würzburg;Frankfurt;Nord/ Ost;AS 69 Kist (B 27);AS 70 Heidingsfeld (B 19);4;2777391;10849;47;49,75473018;9,91021574;11;1,2,3,4,65,66,67,73,74,75,194;80597,80598,80617,80618,80619,80620,80621,80622,80623,80624,80625
ABDN;20200728;7;39;34;A003B285,4;SBA Würzburg;A003B285,479;A3;285,479;;Nürnberg;Würzburg;Frankfurt;Nord/ Ost;AS 69 Kist (B 27);AS 70 Heidingsfeld (B 19);6;2777391;10849;47;49,75467169;9,91000955;3;1,2,3;80626,80627,80628
ABDN;20200728;7;39;34;A003B286,3;SBA Würzburg;A003B286,35;A3;286,35;;Nürnberg;Würzburg;Frankfurt;Nord/ Ost;68 Dreieck Würzburg-West (A81 (1));AS 69 Kist (B 27);1;2777399;10849;55;49,74902782;9,83568795;4;1,2,3,4;80256,80257,80258,80259
ABDN;20200728;7;39;34;A003B286,3;SBA Würzburg;A003B286,35;A3;286,35;;Nürnberg;Würzburg;Frankfurt;Nord/ Ost;68 Dreieck Würzburg-West (A81 (1));AS 69 Kist (B 27);3;2777399;10849;55;49,74902782;9,83568795;1;1;80431
ABDN;20200728;7;39;34;A003B286,3;SBA Würzburg;A003B286,35;A3;286,35;;Nürnberg;Würzburg;Frankfurt;Nord/ Ost;68 Dreieck Würzburg-West (A81 (1));AS 69 Kist (B 27);4;2777399;10849;55;49,74906941;9,83592338;11;1,2,3,4,65,66,67,73,74,75,194;80432,80433,80434,80435,80436,80437,80438,80439,80473,80474,80475
ABDN;20200728;7;39;34;A003B286,3;SBA Würzburg;A003B286,35;A3;286,35;;Nürnberg;Würzburg;Frankfurt;Nord/ Ost;68 Dreieck Würzburg-West (A81 (1));AS 69 Kist (B 27);6;2777399;10849;55;49,74902782;9,83568795;3;1,2,3;80476,80477,80478
ABDN;20200728;7;39;34;A003B293,2a;SBA A3 östlich Tunnel;A003 A 293,2;A3;293,2;;Nürnberg;Frankfurt;Frankfurt;Nord/ Ost;AS 71 Würzburg/ Randersacker (B 13);AS 72 Rottendorf (B 8);6;2776577;10846;1;49,73930134;9,99988128;4;1,2,3,4;80394,80395,80396,80397
ABDN;20200728;7;39;34;A003B293,2a;SBA A3 östlich Tunnel;A003 A 293,2;A3;292,813;;;;Frankfurt;Nord/ Ost;;;4;2776577;10846;1;49,73930134;9,99988128;1;5;80183
ABDN;20200728;7;39;34;A003B293,2a;SBA A3 östlich Tunnel;A003 A 293,2;A3;292,813;;;;Frankfurt;Nord/ Ost;AS 71 Würzburg/ Randersacker (B 13);AS 72 Rottendorf (B 8);1;2776577;10846;1;49,73930134;9,99988128;1;129;80177
ABDN;20200728;7;39;34;A003B293,2a;SBA A3 östlich Tunnel;A003 A 293,2;A3;292,813;;Nürnberg;Frankfurt;Frankfurt;Nord/ Ost;AS 71 Würzburg/ Randersacker (B 13);AS 72 Rottendorf (B 8);1;2776577;10846;1;49,73930134;9,99988128;3;1,2,3;80174,80175,80176
ABDN;20200728;7;39;34;A003B293,2a;SBA A3 östlich Tunnel;A003 A 293,2;A3;292,813;;Nürnberg;Frankfurt;Frankfurt;Nord/ Ost;AS 71 Würzburg/ Randersacker (B 13);AS 72 Rottendorf (B 8);3;2776577;10846;1;49,75284791;10,04485053;2;1,90;80178,80179
ABDN;20200728;7;39;34;A003B293,2a;SBA A3 östlich Tunnel;A003 A 293,2;A3;292,813;;Nürnberg;Frankfurt;Frankfurt;Nord/ Ost;AS 71 Würzburg/ Randersacker (B 13);AS 72 Rottendorf (B 8);4;2776577;10846;1;49,73930134;9,99988128;10;1,2,3,65,66,67,73,74,75,194;80180,80181,80182,80184,80185,80186,80187,80222,80392,80393
ABDN;20200728;7;39;34;A003B293,2b;A3_A6_Umbau_Erweiterung_Messstellen_2012;A 003 A 293,2;A3;293,2;;;Nürnberg;Frankfurt;Süd/ West;AS W./Randersacker;;1;2776578;10846;1;49,99133515;9,01780284;1;161;80442
ABDN;20200728;7;39;34;A003B293,2b;A3_A6_Umbau_Erweiterung_Messstellen_2012;A 003 A 293,2;A3;293,2;;;Frankfurt;Frankfurt;Nord/ Ost;AS W./Randersacker;;1;2776578;10846;1;;;1;65;80401
ABDN;20200728;7;39;34;A003B293,2b;A3_A6_Umbau_Erweiterung_Messstellen_2012;A 003 A 293,2;A3;293,2;;Nürnberg;;Frankfurt;Nord/ Ost;AS W./Randersacker;;1;2776578;10846;1;;;1;129;80402
ABDN;20200728;7;39;34;A003B293,2b;A3_A6_Umbau_Erweiterung_Messstellen_2012;A 003 A 293,2;A3;293,2;;Nürnberg;Frankfurt;Frankfurt;Nord/ Ost;AS W./Randersacker;;1;2776578;10846;1;;;3;1,2,3;80398,80399,80400
ABDN;20200728;7;39;34;A003B293,2b;A3_A6_Umbau_Erweiterung_Messstellen_2012;A 003 A 293,2;A3;293,2;;Frankfurt;;Frankfurt;Süd/ West;AS W./Randersacker;;1;2776578;10846;1;49,99164385;9,0168053;1;97;80441
ABDN;20200728;7;39;34;A003B293,2b;A3_A6_Umbau_Erweiterung_Messstellen_2012;A 003 A 293,2;A3;293,2;;Frankfurt;Nürnberg;Frankfurt;Süd/ West;AS W./Randersacker;;1;2776578;10846;1;49,99173631;9,01755363;3;33,34,35;80403,80404,80440
ABDN;20200728;7;39;34;A003B294,4;SBA A3 östlich Tunnel;A 003 A 294,4;A3;294,435;;Nürnberg;Frankfurt;Frankfurt;Nord/ Ost;AS 71 Würzburg/ Randersacker (B 13);AS 72 Rottendorf (B 8);1;2776592;10846;17;49,74804194;10,0351349;3;1,2,3;80443,80444,80445
ABDN;20200728;7;39;34;A003B294,4;SBA A3 östlich Tunnel;A 003 A 294,4;A3;294,435;;Nürnberg;Frankfurt;Frankfurt;Nord/ Ost;AS 71 Würzburg/ Randersacker (B 13);AS 72 Rottendorf (B 8);3;2776592;10846;17;49,74804194;10,0351349;1;1;80573
ABDN;20200728;7;39;34;A003B294,4;SBA A3 östlich Tunnel;A 003 A 294,4;A3;294,435;;Nürnberg;Frankfurt;Frankfurt;Nord/ Ost;AS 71 Würzburg/ Randersacker (B 13);AS 72 Rottendorf (B 8);4;2776592;10846;17;49,74804194;10,0351349;8;1,2,3,65,66,73,74,194;80574,80575,80576,80577,80578,80579,80599,80600
ABDN;20200728;7;39;34;A003B294,4;SBA A3 östlich Tunnel;A 003 A 294,4;A3;294,435;;Nürnberg;Frankfurt;Frankfurt;Nord/ Ost;AS 71 Würzburg/ Randersacker (B 13);AS 72 Rottendorf (B 8);6;2776592;10846;17;49,74804194;10,0351349;4;1,2,3,4;80601,80602,80603,80604
ABDN;20200728;7;39;34;A003B296,0;SBA A3 östlich Tunnel;A 003 A 296,0;A3;296,02;;Nürnberg;Frankfurt;Frankfurt;Nord/ Ost;AS 71 Würzburg/ Randersacker (B 13);AS 72 Rottendorf (B 8);1;2776609;10846;33;49,75284791;10,04485053;3;1,2,3;80605,80606,80607
ABDN;20200728;7;39;34;A003B296,0;SBA A3 östlich Tunnel;A 003 A 296,0;A3;296,02;;Nürnberg;Frankfurt;Frankfurt;Nord/ Ost;AS 71 Würzburg/ Randersacker (B 13);AS 72 Rottendorf (B 8);3;2776609;10846;33;49,75284791;10,04485053;1;1;80608
ABDN;20200728;7;39;34;A003B296,0;SBA A3 östlich Tunnel;A 003 A 296,0;A3;296,02;;Nürnberg;Frankfurt;Frankfurt;Nord/ Ost;AS 71 Würzburg/ Randersacker (B 13);AS 72 Rottendorf (B 8);4;2776609;10846;33;49,74804194;10,0351349;8;1,2,3,65,66,73,74,194;80032,80033,80034,80035,80036,80719,80720,80721
ABDN;20200728;7;39;34;A003B296,0;SBA A3 östlich Tunnel;A 003 A 296,0;A3;296,02;;Nürnberg;Frankfurt;Frankfurt;Nord/ Ost;AS 71 Würzburg/ Randersacker (B 13);AS 72 Rottendorf (B 8);6;2776609;10846;33;49,74804194;10,0351349;4;1,2,3,4;80037,80038,80039,80040
ABDN;20200728;7;39;34;A003B297,6;SBA A3 östlich Tunnel;A 003 A 297,6;A3;297,615;;Nürnberg;Frankfurt;Frankfurt;Nord/ Ost;AS 71 Würzburg/ Randersacker (B 13);AS 72 Rottendorf (B 8);4;2776625;10846;49;49,75284791;10,04485053;8;1,2,3,65,66,73,74,194;80045,80204,80239,80240,80241,80242,80243,80244
ABDN;20200728;7;39;34;A003B297,6;SBA A3 östlich Tunnel;A 003 A 297,6;A3;297,615;;Nürnberg;Frankfurt;Frankfurt;Nord/ Ost;AS 71 Würzburg/ Randersacker (B 13);AS 72 Rottendorf (B 8);6;2776625;10846;49;49,75284791;10,04485053;4;1,2,3,4;80245,80246,80247,80248
ABDN;20200728;7;39;34;A003B297,6;SBA A3 östlich Tunnel;A 003 A 297,6;A3;297,615;;Nürnberg;Frankfurt;Frankfurt;Nord/ Ost;AS 71 Würzburg/ Randersacker (B 13);AS 72 Rottendorf (B 8);3;2776625;10846;49;49,75284791;10,04485053;1;1;80044
ABDN;20200728;7;39;34;A003B297,6;SBA A3 östlich Tunnel;A 003 A 297,6;A3;297,615;;Nürnberg;Frankfurt;Frankfurt;Nord/ Ost;AS 71 Würzburg/ Randersacker (B 13);AS 72 Rottendorf (B 8);1;2776625;10846;49;49,75284791;10,04485053;3;1,2,3;80041,80042,80043
ABDN;20200728;7;39;34;A003B298,7;SBA A3 östlich Tunnel;A 003 A 298,7;A3;298,735;;Frankfurt;Nürnberg;Frankfurt;Süd/ West;AS 71 Würzburg/ Randersacker (B 13);AS 72 Rottendorf (B 8);4;2776636;10846;60;49,76291605;10,05965087;5;57,58,129,130,194;80249,80250,80251,80252,80253
ABDN;20200728;7;39;34;A003B298,7;SBA A3 östlich Tunnel;A 003 A 298,7;A3;298,735;;Frankfurt;Nürnberg;Frankfurt;Süd/ West;AS 71 Würzburg/ Randersacker (B 13);AS 72 Rottendorf (B 8);6;2776636;10846;60;49,76291605;10,05965087;4;1,2,3,4;80254,80255,80461,80462
ABDN;20200728;7;39;34;A003B298,9;SBA A3 östlich Tunnel;A 003 A 298,9;A3;298,98;;Nürnberg;Frankfurt;Frankfurt;Nord/ Ost;AS 71 Würzburg/ Randersacker (B 13);AS 72 Rottendorf (B 8);1;2776637;10846;62;49,73930134;9,99988128;3;1,2,3;80463,80464,80465
ABDN;20200728;7;39;34;A003B298,9a;SBA A3 östlich Tunnel;A 003 A 298,9;A3;298,98;;Nürnberg;Frankfurt;Frankfurt;Nord/ Ost;AS 71 Würzburg/ Randersacker (B 13);AS 72 Rottendorf (B 8);6;2776637;10846;62;49,75284791;10,04485053;4;1,2,3,4;79079,80510,80511,80512
ABDN;20200728;7;39;34;A003B298,9a;SBA A3 östlich Tunnel;A 003 A 298,9;A3;298,98;;Nürnberg;Frankfurt;Frankfurt;Nord/ Ost;AS 71 Würzburg/ Randersacker (B 13);AS 72 Rottendorf (B 8);3;2776637;10846;62;49,75284791;10,04485053;1;1;80466
ABDN;20200728;7;39;34;A003B298,9a;SBA A3 östlich Tunnel;A 003 A 298,9;A3;298,98;;Nürnberg;Frankfurt;Frankfurt;Nord/ Ost;AS 71 Würzburg/ Randersacker (B 13);AS 72 Rottendorf (B 8);4;2776637;10846;62;49,75284791;10,04485053;8;1,2,3,65,66,73,74,194;80467,80468,80469,80470,80471,80472,80508,80509
ABDN;20200728;7;39;34;A003B298,9b;SBA A3 östlich Tunnel;A 003 A 298,9;A3;298,98;;Nürnberg;Frankfurt;Frankfurt;Nord/ Ost;AS 71 Würzburg/ Randersacker (B 13);AS 72 Rottendorf (B 8);4;2776637;10846;62;49,75284791;10,04485053;3;129,130,196;79080,79081,79082
ABDN;20200728;7;39;34;A003B299,1;SBA A3 östlich Tunnel;A 003 A 299,1;A3;299,12;;Frankfurt;Nürnberg;Frankfurt;Süd/ West;AS 71 Würzburg/ Randersacker (B 13);AS 72 Rottendorf (B 8);4;2776640;10846;64;49,76291605;10,05965087;2;129,194;79087,79088
ABDN;20200728;7;39;34;A003B299,1;SBA A3 östlich Tunnel;A 003 A 299,1;A3;299,12;;Frankfurt;Nürnberg;Frankfurt;Süd/ West;AS 71 Würzburg/ Randersacker (B 13);AS 72 Rottendorf (B 8);6;2776640;10846;64;49,76291605;10,05965087;4;1,2,3,4;79083,79084,79085,79086
ABDN;20200728;7;39;34;A003B299,3a;SBA A3 östlich Tunnel;A 003 A 299,3;A3;299,31;;Frankfurt;Nürnberg;Frankfurt;Süd/ West;AS 71 Würzburg/ Randersacker (B 13);AS 72 Rottendorf (B 8);4;2776642;10846;65;49,76291605;10,05965087;3;130,131,196;79150,79151,79152
ABDN;20200728;7;39;34;A003B299,3a;SBA A3 östlich Tunnel;A 003 A 299,3;A3;299,25;;Frankfurt;Nürnberg;Frankfurt;Süd/ West;AS 71 Würzburg/ Randersacker (B 13);AS 72 Rottendorf (B 8);6;2776642;10846;65;49,76291605;10,05965087;4;1,2,3,4;79089,79090,79091,79092
ABDN;20200728;7;39;34;A003B299,3b;SBA A3 östlich Tunnel;A 003 A 299,3;A3;299,3;;Frankfurt;Nürnberg;Frankfurt;Süd/ West;AS 71 Würzburg/ Randersacker (B 13);AS 72 Rottendorf (B 8);4;2776642;10846;65;49,76291605;10,05965087;2;129,194;79148,79149
ABDN;20200728;7;39;34;A003B299,5;SBA A3 östlich Tunnel;A 003 A 299,5;A3;299,58;;Frankfurt;Nürnberg;Frankfurt;Süd/ West;AS 71 Würzburg/ Randersacker (B 13);AS 72 Rottendorf (B 8);6;2776320;10845;0;49,76291605;10,05965087;4;1,2,3,4;80016,80017,80018,80019
ABDN;20200728;7;39;34;A003B299,5;SBA A3 östlich Tunnel;A 003 A 299,5;A3;299,58;;Frankfurt;Nürnberg;Frankfurt;Süd/ West;AS 71 Würzburg/ Randersacker (B 13);AS 72 Rottendorf (B 8);4;2776320;10845;0;49,76291605;10,05965087;3;129,130,194;79371,80014,80015
ABDN;20200728;7;39;34;A003B299,8;SBA A3 östlich Tunnel;A 003 A 299,8;A3;299,8;;Frankfurt;Nürnberg;Frankfurt;Süd/ West;AS 71 Würzburg/ Randersacker (B 13);AS 72 Rottendorf (B 8);4;2776323;10845;3;49,76291605;10,05965087;3;129,130,194;80020,80021,80022
ABDN;20200728;7;39;34;A003B299,8;SBA A3 östlich Tunnel;A 003 A 299,8;A3;299,8;;Frankfurt;Nürnberg;Frankfurt;Süd/ West;AS 71 Würzburg/ Randersacker (B 13);AS 72 Rottendorf (B 8);6;2776323;10845;3;49,76291605;10,05965087;4;1,2,3,4;80023,80024,80025,80026
ABDN;20200728;7;39;34;A003B301,0;A3_A6_Umbau_Erweiterung_Messstellen_2012;A 003 B 301,0;A3;301;;Frankfurt;;Frankfurt;Süd/ West;AK Biebelried;;1;2776335;10845;15;49,99133515;9,01780284;1;97;79598
ABDN;20200728;7;39;34;A003B301,0;A3_A6_Umbau_Erweiterung_Messstellen_2012;A 003 B 301,0;A3;301;;Frankfurt;Nürnberg;Frankfurt;Süd/ West;AK Biebelried;;1;2776335;10845;15;49,99164385;9,0168053;1;113;79597
ABDN;20200728;7;39;34;A003B301,0;A3_A6_Umbau_Erweiterung_Messstellen_2012;A 003 B 301,0;A3;301;;Frankfurt;Nürnberg;Frankfurt;Süd/ West;AK Biebelried;;1;2776335;10845;15;49,99173631;9,01755363;3;33,34,35;79594,79595,79596
ABDN;20200728;7;39;34;A003B301,0;A3_A6_Umbau_Erweiterung_Messstellen_2012;A 003 B 301,0;A3;301;;;Frankfurt;Frankfurt;Nord/ Ost;AK Biebelried;;1;2776335;10845;15;;;1;73;79593
ABDN;20200728;7;39;34;A003B301,0;A3_A6_Umbau_Erweiterung_Messstellen_2012;A 003 B 301,0;A3;301;;Nürnberg;;Frankfurt;Nord/ Ost;AK Biebelried;;1;2776335;10845;15;;;1;129;79592
ABDN;20200728;7;39;34;A003B301,0;A3_A6_Umbau_Erweiterung_Messstellen_2012;A 003 B 301,0;A3;301;;Nürnberg;Frankfurt;Frankfurt;Nord/ Ost;AK Biebelried;;1;2776335;10845;15;;;4;1,2,3,145;79533,79534,79535,79536
ABDN;20200728;7;39;34;A003B301,0;A3_A6_Umbau_Erweiterung_Messstellen_2012;A 003 B 301,0;A3;301;;Nürnberg;Frankfurt;Frankfurt;Süd/ West;AK Biebelried;;6;2776335;10845;15;49,99171591;9,01743391;3;1,2,3;79599,79600,79601
ABDN;20200728;7;39;34;A003B301,8a;A3_A6_Umbau_Erweiterung_Messstellen_2012;A 003 B 301,8;A3;301,8;;;Frankfurt;Frankfurt;Nord/ Ost;AK Biebelried;;1;2776067;10844;3;;;1;65;79883
ABDN;20200728;7;39;34;A003B301,8a;A3_A6_Umbau_Erweiterung_Messstellen_2012;A 003 B 301,8;A3;301,8;;Nürnberg;Frankfurt;Frankfurt;Nord/ Ost;AK Biebelried;;1;2776067;10844;3;49,99164385;9,0168053;1;81;79825
ABDN;20200728;7;39;34;A003B301,8a;A3_A6_Umbau_Erweiterung_Messstellen_2012;A 003 B 301,8;A3;301,8;;Nürnberg;Frankfurt;Frankfurt;Nord/ Ost;AK Biebelried;;1;2776067;10844;3;49,99173631;9,01755363;3;1,2,3;79602,79823,79824
ABDN;20200728;7;39;34;A003B301,8a;A3_A6_Umbau_Erweiterung_Messstellen_2012;A 003 B 301,8;A3;301,8;;Nürnberg;Frankfurt;Frankfurt;Nord/ Ost;AK Biebelried;;6;2776067;10844;3;49,99171591;9,01743391;3;1,2,3;79884,79885,79886
ABDN;20200728;7;39;34;A003B301,8a;A3_A6_Umbau_Erweiterung_Messstellen_2012;A 003 B 301,8;A3;301,8;;Nürnberg;;Frankfurt;Nord/ Ost;AK Biebelried;;1;2776067;10844;3;49,99133515;9,01780284;1;137;79882
ABDN;20200728;7;39;34;A003B303,5;A3_A6_Umbau_Erweiterung_Messstellen_2012;A003B303,5;A3;303,5;;Frankfurt;Nürnberg;Frankfurt;Süd/ West;AK Biebelried;AS Kitzingen/Schwarzach;1;2776084;10844;20;49,99164385;9,0168053;1;34;79891
ABDN;20200728;7;39;34;A003B303,5;A3_A6_Umbau_Erweiterung_Messstellen_2012;A003B303,5;A3;303,5;;Nürnberg;Frankfurt;Frankfurt;Nord/ Ost;AS Kitzingen/Schwarzach;AK Biebelried;1;2776084;10844;20;49,99173631;9,01755363;3;1,2,3;79887,79888,79889
ABDN;20200728;7;39;34;A003B303,5;A3_A6_Umbau_Erweiterung_Messstellen_2012;A003B303,5;A3;303,5;;Nürnberg;Frankfurt;Frankfurt;Nord/ Ost;AS Kitzingen/Schwarzach;AK Biebelried;6;2776084;10844;20;49,99171591;9,01743391;3;1,2,3;79892,79893,79894
ABDN;20200728;7;39;34;A003B303,5;A3_A6_Umbau_Erweiterung_Messstellen_2012;A003B303,5;A3;303,5;;Frankfurt;Nürnberg;Frankfurt;Süd/ West;AK Biebelried;AS Kitzingen/Schwarzach;1;2776084;10844;20;;;1;33;79890
ABDN;20200728;7;39;34;A003B304,6;SBA Würzburg;A003B304,67;A3;304,67;;Nürnberg;Frankfurt;Frankfurt;Nord/ Ost;AS 74 Kitzingen/ Schwarzach;73 Kreuz Biebelried (A7 (102));6;2776096;10844;32;49,78530212;10,13500106;2;1,2;80355,80356
ABDN;20200728;7;39;34;A003B304,6;SBA Würzburg;A003B304,67;A3;304,67;;Nürnberg;Frankfurt;Frankfurt;Nord/ Ost;AS 74 Kitzingen/ Schwarzach;73 Kreuz Biebelried (A7 (102));1;2776096;10844;32;49,78524401;10,13499475;3;1,2,3;80352,80353,80354
ABDN;20200728;7;39;34;A003B306,4;DZS 8+1;A 003 B 306,4;A3;306,43;;Frankfurt;Nürnberg;Frankfurt;Süd/ West;73 Kreuz Biebelried (A7 (102));AS 74 Kitzingen/ Schwarzach;1;2776113;10844;49;49,78629711;10,15907165;2;33,34;80359,80360
ABDN;20200728;7;39;34;A003B306,4;DZS 8+1;A 003 B 306,4;A3;306,43;;Nürnberg;Frankfurt;Frankfurt;Nord/ Ost;AS 74 Kitzingen/ Schwarzach;73 Kreuz Biebelried (A7 (102));1;2776113;10844;49;49,78657028;10,15919439;2;1,2;80357,80358
ABDN;20200728;7;39;34;A003B306,4;DZS 8+1;A 003 B 306,4;A3;306,43;;Nürnberg;Frankfurt;Frankfurt;Nord/ Ost;AS 74 Kitzingen/ Schwarzach;73 Kreuz Biebelried (A7 (102));6;2776113;10844;49;49,78661178;10,15915549;3;1,2,3;80361,80362,80363
ABDN;20200728;7;39;34;A003B307,7;SBA Würzburg;A003B307,7;A3;307,7;;Nürnberg;Frankfurt;Regensburg;Nord/ Ost;AS 74 Kitzingen/ Schwarzach;73 Kreuz Biebelried (A7 (102));1;2776126;10844;62;49,78916079;10,17631698;2;1,2;80364,80365
ABDN;20200728;7;39;34;A003B307,7;SBA Würzburg;A003B307,7;A3;307,7;;Nürnberg;Frankfurt;Regensburg;Nord/ Ost;AS 74 Kitzingen/ Schwarzach;73 Kreuz Biebelried (A7 (102));6;2776126;10844;62;49,78925695;10,17631582;2;1,2;80366,80367
ABDN;20200728;7;37;38;A003B370,0;SBA A3 Erlangen;A003 B 370,0;A3;370,07;;Erlangen;Würzburg;Würzburg;Nord/ Ost;AS 81 Erlangen-West;;1;2773850;10835;90;49,62986504;10,91822906;1;129;79167
ABDN;20200728;7;37;38;A003B370,0;SBA A3 Erlangen;A003 B 370,0;A3;370,07;;Nürnberg;Würzburg;Würzburg;Nord/ Ost;AS 81 Erlangen-West;;1;2773850;10835;90;49,62943381;10,91829728;2;1,2;79162,79163
ABDN;20200728;7;37;38;A003B370,0;SBA A3 Erlangen;A003 B 370,0;A3;370,07;;Nürnberg;Würzburg;Würzburg;Nord/ Ost;AS 81 Erlangen-West;;6;2773850;10835;90;49,62945386;10,91843548;3;1,2,3;79220,79221,79222
ABDN;20200728;7;37;38;A003B370,0;SBA A3 Erlangen;A003 B 370,0;A3;370,07;;Nürnberg;Erlangen;Würzburg;Nord/ Ost;AS 81 Erlangen-West;;1;2773850;10835;90;49,62929916;10,91887175;1;65;79166
ABDN;20200728;7;37;38;A003B371,5;SBA A3 Erlangen;A003 B 371,5;A3;371,51;;Nürnberg;Würzburg;Würzburg;Nord/ Ost;AS 82 Erlangen-Frauenaurach;AS 81 Erlangen-West;6;2773517;10834;13;49,61698414;10,92323808;3;1,2,3;80149,80150,80151
ABDN;20200728;7;37;38;A003B371,5;SBA A3 Erlangen;A003 B 371,5;A3;371,51;;Nürnberg;Würzburg;Würzburg;Nord/ Ost;AS 82 Erlangen-Frauenaurach;AS 81 Erlangen-West;4;2773517;10834;13;49,61714661;10,92307162;4;1,2,65,73;80144,80145,80146,80147
ABDN;20200728;7;37;38;A003B371,5;SBA A3 Erlangen;A003 B 371,5;A3;371,51;;Nürnberg;Würzburg;Würzburg;Nord/ Ost;AS 82 Erlangen-Frauenaurach;AS 81 Erlangen-West;1;2773517;10834;13;;;2;1,2;80139,80140
ABDN;20200728;7;37;38;A003B371,5;SBA A3 Erlangen;A003 B 371,5;A3;371,51;;Nürnberg;Würzburg;Würzburg;Nord/ Ost;AS 82 Erlangen-Frauenaurach;AS 81 Erlangen-West;3;2773517;10834;13;49,61714661;10,92307162;3;1,53,71;80141,80142,80143
ABDN;20200728;7;37;38;A003B371,5;SBA A3 Erlangen;A003 B 371,5;A3;371,51;;;;Würzburg;Nord/ Ost;;;4;2773517;10834;13;;;1;194;80148
ABDN;20200728;7;37;38;A003B372,1;SBA A3 Erlangen;A003 B 372,1;A3;372,17;;Nürnberg;Würzburg;Würzburg;Nord/ Ost;AS 82 Erlangen-Frauenaurach;AS 81 Erlangen-West;1;2773523;10834;19;49,61145912;10,92648519;2;1,2;79157,79158
ABDN;20200728;7;37;38;A003B372,1;SBA A3 Erlangen;A003 B 372,1;A3;372,17;;Nürnberg;Würzburg;Würzburg;Nord/ Ost;AS 82 Erlangen-Frauenaurach;AS 81 Erlangen-West;6;2773523;10834;19;49,61152928;10,92673772;3;1,2,3;79159,79160,79161
ABDN;20200728;7;37;38;A003B373,3;SBA A3 Erlangen;A003 B 373,3;A3;373,302;;;;Würzburg;Nord/ Ost;;;4;2773535;10834;31;;;1;194;80135
ABDN;20200728;7;37;38;A003B373,3;SBA A3 Erlangen;A003 B 373,3;A3;373,302;;Nürnberg;Würzburg;Würzburg;Nord/ Ost;AS 82 Erlangen-Frauenaurach;AS 81 Erlangen-West;1;2773535;10834;31;;;2;1,2;80669,80670
ABDN;20200728;7;37;38;A003B373,3;SBA A3 Erlangen;A003 B 373,3;A3;373,302;;Nürnberg;Würzburg;Würzburg;Nord/ Ost;AS 82 Erlangen-Frauenaurach;AS 81 Erlangen-West;4;2773535;10834;31;49,60154724;10,92801045;4;1,2,65,73;80099,80134,80681,80682
ABDN;20200728;7;37;38;A003B373,3;SBA A3 Erlangen;A003 B 373,3;A3;373,302;;Nürnberg;Würzburg;Würzburg;Nord/ Ost;AS 82 Erlangen-Frauenaurach;AS 81 Erlangen-West;6;2773535;10834;31;49,60133697;10,92805296;3;1,2,3;80136,80137,80138
ABDN;20200728;7;37;38;A003B373,3;SBA A3 Erlangen;A003 B 373,3;A3;373,302;;Würzburg;Nürnberg;Würzburg;Süd/ West;AS 81 Erlangen-West;AS 82 Erlangen-Frauenaurach;1;2773535;10834;31;49,60133697;10,92805296;1;34;80672
ABDN;20200728;7;37;38;A003B373,3;SBA A3 Erlangen;A003 B 373,3;A3;373,302;;Würzburg;Nürnberg;Würzburg;Süd/ West;AS 81 Erlangen-West;AS 82 Erlangen-Frauenaurach;1;2773535;10834;31;49,60135768;10,92761474;1;33;80671
ABDN;20200728;7;37;38;A003B373,3;SBA A3 Erlangen;A003 B 373,3;A3;373,302;;Nürnberg;Würzburg;Würzburg;Nord/ Ost;AS 82 Erlangen-Frauenaurach;AS 81 Erlangen-West;3;2773535;10834;31;49,60129771;10,92803792;3;1,53,71;80673,80674,80675
ABDN;20200728;7;37;38;A003B374,2;SBA A3 Erlangen;A003 B 374,2;A3;374,25;;Nürnberg;Würzburg;Würzburg;Nord/ Ost;AS 82 Erlangen-Frauenaurach;AS 81 Erlangen-West;6;2773544;10834;40;49,59265966;10,92666608;3;1,2,3;79154,79155,79156
ABDN;20200728;7;37;38;A003B374,2;SBA A3 Erlangen;A003 B 374,2;A3;374,25;;Nürnberg;Würzburg;Würzburg;Nord/ Ost;AS 82 Erlangen-Frauenaurach;AS 81 Erlangen-West;1;2773544;10834;40;49,59265871;10,92649754;2;1,2;79153,80351
ABDN;20200728;7;37;38;A003B375,0;SBA A3 Erlangen;A003 B 375,0;A3;375,003;;;;Würzburg;Nord/ Ost;;;4;2773552;10834;48;;;1;194;80649
ABDN;20200728;7;37;38;A003B375,0;SBA A3 Erlangen;A003 B 375,0;A3;375,003;;Nürnberg;Würzburg;Würzburg;Nord/ Ost;AS 82 Erlangen-Frauenaurach;AS 81 Erlangen-West;1;2773552;10834;48;;;2;1,2;80535,80536
ABDN;20200728;7;37;38;A003B375,0;SBA A3 Erlangen;A003 B 375,0;A3;375,003;;Nürnberg;Würzburg;Würzburg;Nord/ Ost;AS 82 Erlangen-Frauenaurach;AS 81 Erlangen-West;3;2773552;10834;48;49,58633532;10,92688253;1;1;80537
ABDN;20200728;7;37;38;A003B375,0;SBA A3 Erlangen;A003 B 375,0;A3;375,003;;Nürnberg;Würzburg;Würzburg;Nord/ Ost;AS 82 Erlangen-Frauenaurach;AS 81 Erlangen-West;4;2773552;10834;48;49,58633532;10,92688253;4;1,2,65,73;80645,80646,80647,80648
ABDN;20200728;7;37;38;A003B375,0;SBA A3 Erlangen;A003 B 375,0;A3;375,003;;Nürnberg;Würzburg;Würzburg;Nord/ Ost;AS 82 Erlangen-Frauenaurach;AS 81 Erlangen-West;6;2773552;10834;48;49,58615176;10,92699498;3;1,2,3;80650,80667,80668
ABDN;20200728;7;37;38;A003B376,4;SBA A3 Erlangen;A003 B 376,4;A3;376,4;;Nürnberg;Würzburg;Würzburg;Nord/ Ost;AS 82 Erlangen-Frauenaurach;AS 81 Erlangen-West;1;2773251;10833;3;49,57439351;10,93347043;2;1,2;80309,80310
ABDN;20200728;7;37;38;A003B376,4;SBA A3 Erlangen;A003 B 376,4;A3;376,4;;Nürnberg;Würzburg;Würzburg;Nord/ Ost;AS 82 Erlangen-Frauenaurach;AS 81 Erlangen-West;6;2773251;10833;3;49,57443384;10,93354274;3;1,2,3;80311,80312,80350
ABDN;20200728;7;37;38;A003B376,9;SBA A3 Erlangen;A003 B 376,9;A3;376,916;;;;Würzburg;Nord/ Ost;;;4;2773257;10833;9;;;1;194;80531
ABDN;20200728;7;37;38;A003B376,9;SBA A3 Erlangen;A003 B 376,9;A3;376,916;;Nürnberg;Würzburg;Würzburg;Nord/ Ost;AS 82 Erlangen-Frauenaurach;AS 81 Erlangen-West;1;2773257;10833;9;;;2;1,2;80496,80497
ABDN;20200728;7;37;38;A003B376,9;SBA A3 Erlangen;A003 B 376,9;A3;376,916;;Nürnberg;Würzburg;Würzburg;Nord/ Ost;AS 82 Erlangen-Frauenaurach;AS 81 Erlangen-West;3;2773257;10833;9;49,57075038;10,9375354;3;1,53,71;80498,80499,80500
ABDN;20200728;7;37;38;A003B376,9;SBA A3 Erlangen;A003 B 376,9;A3;376,916;;Nürnberg;Würzburg;Würzburg;Nord/ Ost;AS 82 Erlangen-Frauenaurach;AS 81 Erlangen-West;4;2773257;10833;9;49,57085869;10,93736107;4;1,2,65,73;80506,80507,80529,80530
ABDN;20200728;7;37;38;A003B376,9;SBA A3 Erlangen;A003 B 376,9;A3;376,916;;Nürnberg;Würzburg;Würzburg;Nord/ Ost;AS 82 Erlangen-Frauenaurach;AS 81 Erlangen-West;6;2773257;10833;9;49,57072123;10,93758081;3;1,2,3;80532,80533,80534
ABDN;20200728;7;37;38;A003B377,4;SBA A3 Erlangen;A003 B 377,4;A3;377,44;;Erlangen;Würzburg;Würzburg;Nord/ Ost;AS 82 Erlangen-Frauenaurach;;1;2773262;10833;14;49,56766378;10,94287651;1;129;80302
ABDN;20200728;7;37;38;A003B377,4;SBA A3 Erlangen;A003 B 377,4;A3;377,44;;Nürnberg;Erlangen;Würzburg;Nord/ Ost;AS 82 Erlangen-Frauenaurach;;1;2773262;10833;14;49,56716241;10,94292225;1;65;80301
ABDN;20200728;7;37;38;A003B377,4;SBA A3 Erlangen;A003 B 377,4;A3;377,44;;Nürnberg;Würzburg;Würzburg;Nord/ Ost;AS 82 Erlangen-Frauenaurach;;1;2773262;10833;14;49,56737743;10,9424446;2;1,2;80297,80298
ABDN;20200728;7;37;38;A003B377,4;SBA A3 Erlangen;A003 B 377,4;A3;377,44;;Nürnberg;Würzburg;Würzburg;Nord/ Ost;AS 82 Erlangen-Frauenaurach;;6;2773262;10833;14;49,5674749;10,9425645;3;1,2,3;80306,80307,80308
ABDN;20200728;7;37;38;A003B377,9;SBA A3 Erlangen;A003 B 377,9;A3;377,905;;Nürnberg;Würzburg;Würzburg;Nord/ Ost;83 Kreuz Fürth/ Erlangen (A73 (-));AS 82 Erlangen-Frauenaurach;6;2772995;10832;3;49,56472222;10,94800716;3;1,2,3;80335,80494,80495
ABDN;20200728;7;37;38;A003B377,9;SBA A3 Erlangen;A003 B 377,9;A3;377,905;;Nürnberg;Würzburg;Würzburg;Nord/ Ost;83 Kreuz Fürth/ Erlangen (A73 (-));AS 82 Erlangen-Frauenaurach;1;2772995;10832;3;;;3;1,2,25;80284,80285,80286
ABDN;20200728;7;37;38;A003B377,9a;SBA A3 Erlangen;A003 B 377,9;A3;377,905;;;;Würzburg;Nord/ Ost;;;4;2772995;10832;3;;;1;196;80333
ABDN;20200728;7;37;38;A003B377,9a;SBA A3 Erlangen;A003 B 377,9;A3;377,905;;Nürnberg;Würzburg;Würzburg;Nord/ Ost;83 Kreuz Fürth/ Erlangen (A73 (-));AS 82 Erlangen-Frauenaurach;4;2772995;10832;3;49,56476275;10,94772587;1;3;80334
ABDN;20200728;7;37;38;A003B377,9b;SBA A3 Erlangen;A003 B 377,9;A3;377,905;;Nürnberg;Würzburg;Würzburg;Nord/ Ost;83 Kreuz Fürth/ Erlangen (A73 (-));AS 82 Erlangen-Frauenaurach;3;2772995;10832;3;49,56476275;10,94772587;1;1;80287
ABDN;20200728;7;37;38;A003B377,9b;SBA A3 Erlangen;A003 B 377,9;A3;377,905;;;;Würzburg;Nord/ Ost;;;4;2772995;10532;3;;;1;194;80288
ABDN;20200728;7;37;38;A003B377,9b;SBA A3 Erlangen;A003 B 377,9;A3;377,905;;Nürnberg;Würzburg;Würzburg;Nord/ Ost;83 Kreuz Fürth/ Erlangen (A73 (-));AS 82 Erlangen-Frauenaurach;4;2772995;10832;3;49,56476275;10,94772587;4;1,2,65,73;80289,80290,80291,80332
ABDN;20200728;7;37;38;A003B379,0;SBA A3 Erlangen;A003 B 379,0;A3;379,036;;Nürnberg;Würzburg;Würzburg;Nord/ Ost;83 Kreuz Fürth/ Erlangen (A73 (-));AS 82 Erlangen-Frauenaurach;1;2773006;10832;14;;;3;1,2,25;80073,80074,80075
ABDN;20200728;7;37;38;A003B379,0;SBA A3 Erlangen;A003 B 379,0;A3;379,036;;Nürnberg;Würzburg;Würzburg;Nord/ Ost;83 Kreuz Fürth/ Erlangen (A73 (-));AS 82 Erlangen-Frauenaurach;6;2773006;10832;14;49,56105997;10,96198832;3;1,2,3;80281,80282,80283
ABDN;20200728;7;37;38;A003B379,0;SBA A3 Erlangen;A003 B 379,0;A3;379,036;;Nürnberg;Würzburg;Würzburg;Nord/ Ost;83 Kreuz Fürth/ Erlangen (A73 (-));AS 82 Erlangen-Frauenaurach;3;2773006;10832;14;49,56108448;10,96165426;2;53,71;80077,80078
ABDN;20200728;7;37;38;A003B379,0a;SBA A3 Erlangen;A003 B 379,0;A3;379,036;;Nürnberg;Würzburg;Würzburg;Nord/ Ost;83 Kreuz Fürth/ Erlangen (A73 (-));AS 82 Erlangen-Frauenaurach;4;2773006;10832;14;49,56108448;10,96165426;1;3;80280
ABDN;20200728;7;37;38;A003B379,0a;SBA A3 Erlangen;A003 B 379,0;A3;379,036;;;;Würzburg;Nord/ Ost;;;4;2773006;10832;14;;;1;196;80279
ABDN;20200728;7;37;38;A003B379,0b;SBA A3 Erlangen;A003 B 379,0;A3;379,036;;Nürnberg;Würzburg;Würzburg;Nord/ Ost;83 Kreuz Fürth/ Erlangen (A73 (-));AS 82 Erlangen-Frauenaurach;4;2773006;10832;14;49,56108448;10,96165426;4;1,2,65,73;80081,80276,80277,80278
ABDN;20200728;7;37;38;A003B379,0b;SBA A3 Erlangen;A003 B 379,0;A3;379,036;;Nürnberg;Würzburg;Würzburg;Nord/ Ost;83 Kreuz Fürth/ Erlangen (A73 (-));AS 82 Erlangen-Frauenaurach;3;2773006;10832;14;49,56098773;10,96242748;1;1;80076
ABDN;20200728;7;37;38;A003B379,0b;SBA A3 Erlangen;A003 B 379,0;A3;379,036;;;;Würzburg;Nord/ Ost;;;4;2773006;10832;14;;;1;194;80080
ABDN;20200728;7;24;38;A003B379,9;DZS 8+1;A 003 A 379,9;A3;379,933;;Nürnberg;Würzburg;Regensburg;Nord/ Ost;AS 82 Erlangen-Frauenaurach;83 Kreuz Fürth/ Erlangen (A73 (-));1;2773015;10832;23;49,56023828;10,9827023;2;1,2;83556,83557
ABDN;20200728;7;24;38;A003B379,9;DZS 8+1;A 003 A 379,9;A3;379,933;;;;Regensburg;Nord/ Ost;AS 82 Erlangen-Frauenaurach;83 Kreuz Fürth/ Erlangen (A73 (-));1;2773015;10832;23;;;1;25;83560
ABDN;20200728;7;37;38;A003B380,0;SBA A3 Erlangen;A003 B 380,0;A3;380,043;;Nürnberg;Würzburg;Würzburg;Nord/ Ost;83 Kreuz Fürth/ Erlangen (A73 (-));AS 82 Erlangen-Frauenaurach;6;2773016;10832;24;49,56029514;10,9757797;3;1,2,3;80070,80071,80072
ABDN;20200728;7;37;38;A003B380,0;SBA A3 Erlangen;A003 B 380,0;A3;380,043;;Nürnberg;Würzburg;Würzburg;Nord/ Ost;83 Kreuz Fürth/ Erlangen (A73 (-));AS 82 Erlangen-Frauenaurach;1;2773016;10832;24;;;3;1,2,25;80589,80590,80591
ABDN;20200728;7;37;38;A003B380,0a;SBA A3 Erlangen;A003 B 380,0;A3;380,043;;;;Würzburg;Nord/ Ost;;;4;2773016;10832;24;;;1;196;80068
ABDN;20200728;7;37;38;A003B380,0a;SBA A3 Erlangen;A003 B 380,0;A3;380,043;;Nürnberg;Würzburg;Würzburg;Nord/ Ost;83 Kreuz Fürth/ Erlangen (A73 (-));AS 82 Erlangen-Frauenaurach;4;2773016;10832;24;49,56028609;10,9754744;1;3;80069
ABDN;20200728;7;37;38;A003B380,0b;SBA A3 Erlangen;A003 B 380,0;A3;380,043;;Nürnberg;Würzburg;Würzburg;Nord/ Ost;83 Kreuz Fürth/ Erlangen (A73 (-));AS 82 Erlangen-Frauenaurach;3;2773016;10832;24;49,56040873;10,97033852;1;1;80592
ABDN;20200728;7;37;38;A003B380,0b;SBA A3 Erlangen;A003 B 380,0;A3;380,043;;;;Würzburg;Nord/ Ost;;;4;2773016;10832;24;;;1;194;80063
ABDN;20200728;7;37;38;A003B380,0b;SBA A3 Erlangen;A003 B 380,0;A3;380,043;;Nürnberg;Würzburg;Würzburg;Nord/ Ost;83 Kreuz Fürth/ Erlangen (A73 (-));AS 82 Erlangen-Frauenaurach;4;2773016;10832;24;49,56028609;10,9754744;4;1,2,65,73;80064,80065,80066,80067
ABDN;20200728;7;37;38;A003B381,0;SBA A3 Erlangen;A003 B 381,0;A3;381,065;;Würzburg;Nürnberg;Würzburg;Nord/ Ost;83 Kreuz Fürth/ Erlangen (A73 (-));;1;2773027;10832;35;49,55970739;10,98866527;1;129;80422
ABDN;20200728;7;37;38;A003B381,0;SBA A3 Erlangen;A003 B 381,0;A3;381,065;;Nürnberg;Würzburg;Würzburg;Nord/ Ost;83 Kreuz Fürth/ Erlangen (A73 (-));;6;2773027;10832;35;49,56027868;10,98980686;3;1,2,3;80586,80587,80588
ABDN;20200728;7;37;38;A003B381,0;SBA A3 Erlangen;A003 B 381,0;A3;381,065;;Nürnberg;Würzburg;Würzburg;Nord/ Ost;83 Kreuz Fürth/ Erlangen (A73 (-));;1;2773027;10832;35;;;3;1,2,81;80385,80386,80387
ABDN;20200728;7;37;38;A003B381,0;SBA A3 Erlangen;A003 B 381,0;A3;381,065;;Nürnberg;Würzburg;Würzburg;Nord/ Ost;83 Kreuz Fürth/ Erlangen (A73 (-));;3;2773027;10832;35;49,56026377;10,98972415;3;1,53,71;80423,80424,80425
ABDN;20200728;7;37;38;A003B381,0;SBA A3 Erlangen;A003 B 381,0;A3;381,065;;Bamberg;Würzburg;Würzburg;Nord/ Ost;83 Kreuz Fürth/ Erlangen (A73 (-));;4;2773027;10832;35;49,56048086;10,98905608;1;194;80581
ABDN;20200728;7;37;38;A003B381,0;SBA A3 Erlangen;A003 B 381,0;A3;381,065;;Nürnberg;Würzburg;Würzburg;Nord/ Ost;83 Kreuz Fürth/ Erlangen (A73 (-));;4;2773027;10832;35;49,56024211;10,98932818;7;1,2,3,65,67,73,75;80559,80560,80561,80562,80563,80564,80580
ABDN;20200728;7;37;38;A003B381,0a;SBA A3 Erlangen;A003 B 381,0;A3;381,065;;Bamberg;Würzburg;Würzburg;Nord/ Ost;83 Kreuz Fürth/ Erlangen (A73 (-));;4;2773027;10832;35;49,56048086;10,98905608;3;4,68,76;80582,80583,80584
ABDN;20200728;7;37;38;A003B381,0a;SBA A3 Erlangen;A003 B 381,0;A3;381,065;;;;Würzburg;Nord/ Ost;;;3;2773027;10832;35;;;1;33;80427
ABDN;20200728;7;37;38;A003B381,0a;SBA A3 Erlangen;A003 B 381,0;A3;381,065;;;;Würzburg;Nord/ Ost;;;4;2773027;10832;35;;;1;196;80585
ABDN;20200728;7;37;38;A003B381,4;SBA A3 Erlangen;A003 B 381,4;A3;381,425;;Nürnberg;Würzburg;Würzburg;Nord/ Ost;83 Kreuz Fürth/ Erlangen (A73 (-));;1;2772738;10831;2;49,55955325;10,9950112;3;1,2,81;79187,79188,79189
ABDN;20200728;7;37;38;A003B381,4;SBA A3 Erlangen;A003 B 381,4;A3;381,425;;Nürnberg;Bamberg;Würzburg;Nord/ Ost;83 Kreuz Fürth/ Erlangen (A73 (-));;1;2772738;10831;2;49,55993917;10,99476463;1;65;80293
ABDN;20200728;7;37;38;A003B381,4;SBA A3 Erlangen;A003 B 381,4;A3;381,425;;Nürnberg;Würzburg;Würzburg;Nord/ Ost;83 Kreuz Fürth/ Erlangen (A73 (-));;6;2772738;10831;2;49,55967126;10,99479911;3;1,2,3;80294,80295,80296
ABDN;20200728;7;37;38;A003B382,1;SBA A3 Erlangen;A003 B 382,1;A3;382,115;;Nürnberg;Würzburg;Würzburg;Nord/ Ost;AS 84 Erlangen-Tennenlohe (B4);83 Kreuz Fürth/ Erlangen (A73 (-));4;2772744;10831;8;49,55690336;11,00295846;4;1,2,3,74;80208,80375,80376,80380
ABDN;20200728;7;37;38;A003B382,1;SBA A3 Erlangen;A003 B 382,1;A3;382,115;;Nürnberg;Würzburg;Würzburg;Nord/ Ost;AS 84 Erlangen-Tennenlohe (B4);83 Kreuz Fürth/ Erlangen (A73 (-));3;2772744;10831;8;49,55690336;11,00295846;1;1;80207
ABDN;20200728;7;37;38;A003B382,1;SBA A3 Erlangen;A003 B 382,1;A3;382,115;;Nürnberg;Würzburg;Würzburg;Nord/ Ost;AS 84 Erlangen-Tennenlohe (B4);83 Kreuz Fürth/ Erlangen (A73 (-));1;2772744;10831;8;;;3;1,2,3;80171,80205,80206
ABDN;20200728;7;37;38;A003B382,1;SBA A3 Erlangen;A003 B 382,1;A3;382,115;;Nürnberg;Würzburg;Würzburg;Nord/ Ost;AS 84 Erlangen-Tennenlohe (B4);82 Kreuz Fürth/ Erlangen (A73 (-));4;2772744;10831;8;49,55690336;11,00295846;1;66;80379
ABDN;20200728;7;37;38;A003B382,1;SBA A3 Erlangen;A003 B 382,1;A3;382,115;;Nürnberg;Würzburg;Würzburg;Nord/ Ost;AS 84 Erlangen-Tennenlohe (B4);80 Kreuz Fürth/ Erlangen (A73 (-));4;2772744;10831;8;49,55690336;11,00295846;1;73;80378
ABDN;20200728;7;37;38;A003B382,1;SBA A3 Erlangen;A003 B 382,1;A3;382,115;;Nürnberg;Würzburg;Würzburg;Nord/ Ost;AS 84 Erlangen-Tennenlohe (B4);79 Kreuz Fürth/ Erlangen (A73 (-));4;2772744;10831;8;49,55690336;11,00295846;1;65;80377
ABDN;20200728;7;37;38;A003B382,1;SBA A3 Erlangen;A003 B 382,1;A3;382,115;;Nürnberg;Würzburg;Würzburg;Nord/ Ost;AS 84 Erlangen-Tennenlohe (B4);83 Kreuz Fürth/ Erlangen (A73 (-));6;2772744;10831;8;49,55683265;11,00349313;3;1,2,3;80382,80383,80384
ABDN;20200728;7;37;38;A003B382,1;SBA A3 Erlangen;A003 B 382,1;A3;382,115;;;;Würzburg;Nord/ Ost;;;4;2772744;10831;8;;;1;194;80381
ABDN;20200728;7;37;38;A003B383,0;SBA A3 Erlangen;A003 B 383,0;A3;383,06;;;;Würzburg;Nord/ Ost;;;4;2772754;10831;18;;;1;194;80167
ABDN;20200728;7;37;38;A003B383,0;SBA A3 Erlangen;A003 B 383,0;A3;383,06;;Nürnberg;Würzburg;Würzburg;Nord/ Ost;AS 84 Erlangen-Tennenlohe (B4);83 Kreuz Fürth/ Erlangen (A73 (-));1;2772754;10831;18;;;3;1,2,3;78961,78962,80156
ABDN;20200728;7;37;38;A003B383,0;SBA A3 Erlangen;A003 B 383,0;A3;383,06;;Nürnberg;Würzburg;Würzburg;Nord/ Ost;AS 84 Erlangen-Tennenlohe (B4);83 Kreuz Fürth/ Erlangen (A73 (-));3;2772754;10831;18;49,55067172;11,01172022;3;1,53,71;80157,80158,80159
ABDN;20200728;7;37;38;A003B383,0;SBA A3 Erlangen;A003 B 383,0;A3;383,06;;Nürnberg;Würzburg;Würzburg;Nord/ Ost;AS 84 Erlangen-Tennenlohe (B4);83 Kreuz Fürth/ Erlangen (A73 (-));4;2772754;10831;18;49,55067172;11,01172022;7;1,2,3,65,66,73,74;80160,80161,80162,80163,80164,80165,80166
ABDN;20200728;7;37;38;A003B383,0;SBA A3 Erlangen;A003 B 383,0;A3;383,06;;Nürnberg;Würzburg;Würzburg;Nord/ Ost;AS 84 Erlangen-Tennenlohe (B4);83 Kreuz Fürth/ Erlangen (A73 (-));6;2772754;10831;18;49,55035713;11,01202043;3;1,2,3;80168,80169,80170
ABDN;20200728;7;37;38;A003B384,0;SBA A3 Erlangen;A003 B 384,0;A3;384,084;;Nürnberg;Würzburg;Würzburg;Nord/ Ost;AS 84 Erlangen-Tennenlohe (B4);83 Kreuz Fürth/ Erlangen (A73 (-));4;2772763;10831;28;49,5430253;11,01961285;7;1,2,3,65,66,73,74;78950,78951,78952,78953,78954,78955,78956
ABDN;20200728;7;37;38;A003B384,0;SBA A3 Erlangen;A003 B 384,0;A3;384,084;;Nürnberg;Würzburg;Würzburg;Nord/ Ost;AS 84 Erlangen-Tennenlohe (B4);83 Kreuz Fürth/ Erlangen (A73 (-));6;2772763;10831;28;49,54286902;11,01995055;3;1,2,3;78958,78959,78960
ABDN;20200728;7;37;38;A003B384,0;SBA A3 Erlangen;A003 B 384,0;A3;384,084;;;;Würzburg;Nord/ Ost;;;4;2772763;10831;28;;;1;194;78957
ABDN;20200728;7;37;38;A003B384,0;SBA A3 Erlangen;A003 B 384,0;A3;384,084;;Nürnberg;Würzburg;Würzburg;Nord/ Ost;AS 84 Erlangen-Tennenlohe (B4);83 Kreuz Fürth/ Erlangen (A73 (-));1;2772763;10831;28;49,5428335;11,01989871;2;1,2;78946,78947
ABDN;20200728;7;37;38;A003B384,0;SBA A3 Erlangen;A003 B 384,0;A3;384,084;;Nürnberg;Würzburg;Würzburg;Nord/ Ost;AS 84 Erlangen-Tennenlohe (B4);83 Kreuz Fürth/ Erlangen (A73 (-));1;2772763;10831;28;49,54286902;11,01995055;1;3;78948
ABDN;20200728;7;37;38;A003B384,0;SBA A3 Erlangen;A003 B 384,0;A3;384,084;;Nürnberg;Würzburg;Würzburg;Nord/ Ost;AS 84 Erlangen-Tennenlohe (B4);83 Kreuz Fürth/ Erlangen (A73 (-));3;2772763;10831;28;49,5430253;11,01961285;1;1;78949
ABDN;20200728;7;37;38;A003B384,4;DZS 8+1;A 003 A 384,4;A3;384,415;;Nürnberg;Würzburg;Regensburg;Nord/ Ost;AS 84 Erlangen-Tennenlohe (B4);83 Kreuz Fürth/ Erlangen (A73 (-));1;2772768;10831;32;49,54128004;11,02285474;1;145;83627
ABDN;20200728;7;24;38;A003B384,4;DZS 8+1;A 003 A 384,4;A3;384,415;;Würzburg;Nürnberg;Regensburg;Nord/ Ost;83 Kreuz Fürth/ Erlangen (A73 (-));AS 84 Erlangen-Tennenlohe (B4);6;2772768;10831;32;49,54079037;11,02236508;1;1;83628
ABDN;20200728;7;24;38;A003B384,4;DZS 8+1;A 003 A 384,4;A3;384,415;;Nürnberg;Würzburg;Regensburg;Nord/ Ost;AS 84 Erlangen-Tennenlohe (B4);83 Kreuz Fürth/ Erlangen (A73 (-));1;2772768;10831;32;49,54128004;11,02285474;3;1,2,3;83563,83564,83565
ABDN;20200728;7;37;38;A003B384,7;SBA A3 Erlangen;A003 B 384,7;A3;384,77;;Nürnberg;Würzburg;Würzburg;Nord/ Ost;AS 84 Erlangen-Tennenlohe (B4);;6;2772771;10831;35;49,53954589;11,02806351;3;1,2,3;79130,79185,79186
ABDN;20200728;7;37;38;A003B384,7;SBA A3 Erlangen;A003 B 384,7;A3;384,77;;Nürnberg;Würzburg;Würzburg;Nord/ Ost;AS 84 Erlangen-Tennenlohe (B4);;1;2772771;10831;35;49,53944681;11,02803457;1;145;79122
ABDN;20200728;7;37;38;A003B384,7;SBA A3 Erlangen;A003 B 384,7;A3;384,77;;Nürnberg;Würzburg;Würzburg;Nord/ Ost;AS 84 Erlangen-Tennenlohe (B4);;1;2772771;10831;35;49,53937084;11,02795418;3;1,2,3;79116,79117,79118
ABDN;20200728;7;37;38;A003B384,7;SBA A3 Erlangen;A003 B 384,7;A3;384,77;;Nürnberg;Nürnberg;Würzburg;Nord/ Ost;AS 84 Erlangen-Tennenlohe (B4);;1;2772771;10831;35;49,53932464;11,02871429;1;73;79124
ABDN;20200728;7;37;38;A003B384,7;SBA A3 Erlangen;A003 B 384,7;A3;384,77;;Erlangen;Würzburg;Würzburg;Nord/ Ost;AS 84 Erlangen-Tennenlohe (B4);;1;2772771;10831;35;49,53974975;11,02745638;1;129;79125
ABDN;20200728;7;37;38;A003B384,7;SBA A3 Erlangen;A003 B 384,7;A3;384,77;;Nürnberg;Erlangen;Würzburg;Nord/ Ost;AS 84 Erlangen-Tennenlohe (B4);;1;2772771;10831;35;49,53964602;11,03061309;1;65;79123
ABDN;20200728;7;37;38;A003B385,0;SBA A3 Erlangen;A003 B 385,0;A3;385,072;;Nürnberg;Würzburg;Würzburg;Nord/ Ost;AS 84 Erlangen-Tennenlohe (B4);;4;2772480;10830;0;49,53843333;11,03113311;7;1,2,3,65,66,73,74;79673,79674,79675,79676,79677,79678,79679
ABDN;20200728;7;37;38;A003B385,0;SBA A3 Erlangen;A003 B 385,0;A3;385,072;;Nürnberg;Würzburg;Würzburg;Nord/ Ost;AS 84 Erlangen-Tennenlohe (B4);;6;2772480;10830;0;49,53847469;11,03164501;3;1,2,3;78945,79899,79900
ABDN;20200728;7;37;38;A003B385,0;SBA A3 Erlangen;A003 B 385,0;A3;385,072;;Nürnberg;Würzburg;Würzburg;Nord/ Ost;AS 84 Erlangen-Tennenlohe (B4);;3;2772480;10830;0;49,53858113;11,0312267;3;1,53,71;79611,79666,79667
ABDN;20200728;7;37;38;A003B385,0;SBA A3 Erlangen;A003 B 385,0;A3;385,072;;Nürnberg;Würzburg;Würzburg;Nord/ Ost;AS 84 Erlangen-Tennenlohe (B4);;1;2772480;10830;0;;;3;1,2,3;79608,79609,79610
ABDN;20200728;7;37;38;A003B385,0;SBA A3 Erlangen;A003 B 385,0;A3;385,072;;;;Würzburg;Nord/ Ost;;;4;2772480;10830;0;;;1;194;79898
ABDN;20200728;7;37;38;A003B386,8;SBA A3 Erlangen;A003 B 386,8;A3;386,873;;;;Würzburg;Nord/ Ost;;;4;2772498;10830;18;;;1;194;79604
ABDN;20200728;7;37;38;A003B386,8;SBA A3 Erlangen;A003 B 386,8;A3;386,873;;Nürnberg;Würzburg;Würzburg;Nord/ Ost;AS 85 Nürnberg-Nord (B2);AS 84 Erlangen-Tennenlohe (B4);3;2772498;10830;18;49,53180069;11,05375168;1;1;79377
ABDN;20200728;7;37;38;A003B386,8;SBA A3 Erlangen;A003 B 386,8;A3;386,873;;Nürnberg;Würzburg;Würzburg;Nord/ Ost;AS 85 Nürnberg-Nord (B2);AS 84 Erlangen-Tennenlohe (B4);4;2772498;10830;18;49,53180069;11,05375168;7;1,2,3,65,66,73,74;79378,79379,79380,79381,79382,79383,79603
ABDN;20200728;7;37;38;A003B386,8;SBA A3 Erlangen;A003 B 386,8;A3;386,873;;Nürnberg;Würzburg;Würzburg;Nord/ Ost;AS 85 Nürnberg-Nord (B2);AS 84 Erlangen-Tennenlohe (B4);6;2772498;10830;18;49,53175041;11,05419264;3;1,2,3;79605,79606,79607
ABDN;20200728;7;37;38;A003B386,8;SBA A3 Erlangen;A003 B 386,8;A3;386,873;;Nürnberg;Würzburg;Würzburg;Nord/ Ost;AS 85 Nürnberg-Nord (B2);AS 84 Erlangen-Tennenlohe (B4);1;2772498;10830;18;;;3;1,2,3;79322,79323,79324
ABDN;20200728;7;37;38;A003B388,6;SBA A3 Erlangen;A003 B 388,6;A3;388,643;;;;Würzburg;Nord/ Ost;;;4;2772516;10830;36;;;1;194;79318
ABDN;20200728;7;37;38;A003B388,6;SBA A3 Erlangen;A003 B 388,6;A3;388,643;;Nürnberg;Würzburg;Würzburg;Nord/ Ost;AS 85 Nürnberg-Nord (B2);AS 84 Erlangen-Tennenlohe (B4);1;2772516;10830;36;;;3;1,2,3;78879,78880,78881
ABDN;20200728;7;37;38;A003B388,6;SBA A3 Erlangen;A003 B 388,6;A3;388,643;;Nürnberg;Würzburg;Würzburg;Nord/ Ost;AS 85 Nürnberg-Nord (B2);AS 84 Erlangen-Tennenlohe (B4);3;2772516;10830;36;49,52269091;11,07430807;3;1,53,71;78882,78883,78884
ABDN;20200728;7;37;38;A003B388,6;SBA A3 Erlangen;A003 B 388,6;A3;388,643;;Nürnberg;Würzburg;Würzburg;Nord/ Ost;AS 85 Nürnberg-Nord (B2);AS 84 Erlangen-Tennenlohe (B4);4;2772516;10830;36;49,52289473;11,07376269;7;1,2,3,65,66,73,74;79095,79096,79313,79314,79315,79316,79317
ABDN;20200728;7;37;38;A003B388,6;SBA A3 Erlangen;A003 B 388,6;A3;388,643;;Nürnberg;Würzburg;Würzburg;Nord/ Ost;AS 85 Nürnberg-Nord (B2);AS 84 Erlangen-Tennenlohe (B4);6;2772516;10830;36;49,52277583;11,0741366;3;1,2,3;79319,79320,79321
ABDN;20200728;7;37;38;A003B390,5;SBA A3 Erlangen;A003 B 390,5;A3;390,505;;Nürnberg;Würzburg;Würzburg;Nord/ Ost;AS 85 Nürnberg-Nord (B2);AS 84 Erlangen-Tennenlohe (B4);6;2772534;10830;54;49,51272482;11,09471618;3;1,2,3;78876,78877,78878
ABDN;20200728;7;37;38;A003B390,5;SBA A3 Erlangen;A003 B 390,5;A3;390,505;;;;Würzburg;Nord/ Ost;;;3;2772534;10830;54;;;1;1;79805
ABDN;20200728;7;37;38;A003B390,5;SBA A3 Erlangen;A003 B 390,5;A3;390,505;;;;Würzburg;Nord/ Ost;;;4;2772534;10830;54;;;1;194;78875
ABDN;20200728;7;37;38;A003B390,5;SBA A3 Erlangen;A003 B 390,5;A3;390,505;;Nürnberg;Würzburg;Würzburg;Nord/ Ost;AS 85 Nürnberg-Nord (B2);AS 84 Erlangen-Tennenlohe (B4);1;2772534;10830;54;;;3;1,2,3;79802,79803,79804
ABDN;20200728;7;37;38;A003B390,5;SBA A3 Erlangen;A003 B 390,5;A3;390,505;;Nürnberg;Würzburg;Würzburg;Nord/ Ost;AS 85 Nürnberg-Nord (B2);AS 84 Erlangen-Tennenlohe (B4);4;2772534;10830;54;49,5128126;11,09423828;7;1,2,3,65,66,73,74;78870,78871,78872,78873,78874,79806,79807
ABDN;20200728;7;37;38;A003B392,5;SBA A3 Erlangen;A003 B 392,5;A3;392,507;;Nürnberg;Würzburg;Würzburg;Nord/ Ost;AS 85 Nürnberg-Nord (B2);AS 84 Erlangen-Tennenlohe (B4);6;2772554;10830;74;49,50590341;11,12030816;3;1,2,3;79799,79800,79801
ABDN;20200728;7;37;38;A003B392,5;SBA A3 Erlangen;A003 B 392,5;A3;392,507;;Nürnberg;Würzburg;Würzburg;Nord/ Ost;AS 85 Nürnberg-Nord (B2);AS 84 Erlangen-Tennenlohe (B4);4;2772554;10830;74;49,50601341;11,11987308;7;1,2,3,65,66,73,74;79791,79792,79793,79794,79795,79796,79797
ABDN;20200728;7;37;38;A003B392,5;SBA A3 Erlangen;A003 B 392,5;A3;392,507;;Nürnberg;Würzburg;Würzburg;Nord/ Ost;AS 85 Nürnberg-Nord (B2);AS 84 Erlangen-Tennenlohe (B4);3;2772554;10830;74;49,50587504;11,12040859;2;53,71;79510,79511
ABDN;20200728;7;37;38;A003B392,5;SBA A3 Erlangen;A003 B 392,5;A3;392,507;;Nürnberg;Würzburg;Würzburg;Nord/ Ost;AS 85 Nürnberg-Nord (B2);AS 84 Erlangen-Tennenlohe (B4);1;2772554;10830;74;;;3;1,2,3;79506,79507,79508
ABDN;20200728;7;37;38;A003B392,5;SBA A3 Erlangen;A003 B 392,5;A3;392,507;;;;Würzburg;Nord/ Ost;;;4;2772554;10830;74;;;1;194;79798
ABDN;20200728;7;37;38;A003B392,5;SBA A3 Erlangen;A003 B 392,5;A3;392,507;;;;Würzburg;Nord/ Ost;;;3;2772554;10830;74;;;1;1;79509
ABDN;20200728;7;37;38;A003B393,9;SBA A3 Erlangen;A003 B 393,9;A3;393,94;;Regensburg;Nürnberg;Würzburg;Nord/ Ost;AS 85 Nürnberg-Nord (B2);;1;2772226;10829;2;49,49908427;11,13733412;1;73;83876
ABDN;20200728;7;37;38;A003B393,9;SBA A3 Erlangen;A003 B 393,9;A3;393,94;;Nürnberg;Würzburg;Würzburg;Nord/ Ost;AS 85 Nürnberg-Nord (B2);;1;2772226;10829;2;49,49925785;11,13678561;1;137;83932
ABDN;20200728;7;37;38;A003B393,9;SBA A3 Erlangen;A003 B 393,9;A3;393,94;;Regensburg;Würzburg;Würzburg;Nord/ Ost;AS 85 Nürnberg-Nord (B2);;1;2772226;10829;2;49,49900508;11,13694155;3;1,2,3;83867,83868,83869
ABDN;20200728;7;37;38;A003B393,9;SBA A3 Erlangen;A003 B 393,9;A3;393,94;;Regensburg;Würzburg;Würzburg;Nord/ Ost;AS 85 Nürnberg-Nord (B2);;1;2772226;10829;2;49,49906884;11,13699225;1;81;83870
ABDN;20200728;7;37;38;A003B393,9;SBA A3 Erlangen;A003 B 393,9;A3;393,94;;Regensburg;Würzburg;Würzburg;Nord/ Ost;AS 85 Nürnberg-Nord (B2);;6;2772226;10829;2;49,49914186;11,13708455;3;1,2,3;83936,83937,83938
ABDN;20200728;7;37;38;A003B393,9;SBA A3 Erlangen;A003 B 393,9;A3;393,94;;Heroldsberg;Würzburg;Würzburg;Nord/ Ost;AS 85 Nürnberg-Nord (B2);;1;2772226;10829;2;49,49908427;11,13733412;1;129;83875
ABDN;20200728;7;37;38;A003B393,9;SBA A3 Erlangen;A003 B 393,9;A3;393,94;;Regensburg;Heroldsberg;Würzburg;Nord/ Ost;AS 85 Nürnberg-Nord (B2);;1;2772226;10829;2;49,49908427;11,13733412;1;65;83874
ABDN;20200728;7;37;38;A003B394,7;SBA A3 Erlangen;A003 B 394,7;A3;394,73;;;;Würzburg;Nord/ Ost;;;3;2772234;10829;10;;;1;1;79226
ABDN;20200728;7;37;38;A003B394,7;SBA A3 Erlangen;A003 B 394,7;A3;394,73;;Regensburg;Würzburg;Würzburg;Nord/ Ost;AS 86 Nürnberg/ Berhingersdorf (B14);AS 85 Nürnberg-Nord (B2);1;2772234;10829;10;;;3;1,2,3;79223,79224,79225
ABDN;20200728;7;37;38;A003B394,7;SBA A3 Erlangen;A003 B 394,7;A3;394,73;;Regensburg;Würzburg;Würzburg;Nord/ Ost;AS 86 Nürnberg/ Berhingersdorf (B14);AS 85 Nürnberg-Nord (B2);3;2772234;10829;10;49,49505128;11,14549297;2;53,71;79443,79444
ABDN;20200728;7;37;38;A003B394,7;SBA A3 Erlangen;A003 B 394,7;A3;394,73;;Regensburg;Würzburg;Würzburg;Nord/ Ost;AS 86 Nürnberg/ Berhingersdorf (B14);AS 85 Nürnberg-Nord (B2);4;2772234;10829;10;49,49505128;11,14549297;8;1,2,3,65,66,73,74,194;79445,79446,79447,79448,79499,79500,79501,79502
ABDN;20200728;7;37;38;A003B394,7;SBA A3 Erlangen;A003 B 394,7;A3;394,73;;Regensburg;Würzburg;Würzburg;Nord/ Ost;AS 86 Nürnberg/ Berhingersdorf (B14);AS 85 Nürnberg-Nord (B2);6;2772234;10829;10;49,4949319;11,14588721;3;1,2,3;79503,79504,79505
ABDN;20200728;7;40;31;A003B398,7;NBA Nürnberg-Ost;A003B398,7;A3;398,7;;Nürnberg;Regensburg;Frankfurt;Süd/ West;AS 87 Mögeldorf;;1;2771977;10828;9;49,47038293;11,18408856;1;161;83743
ABDN;20200728;7;40;31;A003B398,7;NBA Nürnberg-Ost;A003B398,7;A3;398,7;;Würzburg;Nürnberg;Frankfurt;Süd/ West;AS 87 Mögeldorf;;1;2771977;10828;9;49,47048308;11,18403943;1;97;83741
ABDN;20200728;7;40;31;A003B398,7;NBA Nürnberg-Ost;A003B398,7;A3;398,7;;Würzburg;Regensburg;Frankfurt;Süd/ West;AS 87 Mögeldorf;;1;2771977;10828;9;49,47070194;11,18433044;3;33,34,35;83682,83683,83684
ABDN;20200728;7;40;31;A003B398,7;NBA Nürnberg-Ost;A003B398,7;A3;398,7;;Regensburg;Lauf;Frankfurt;Nord/ Ost;AS 87 Mögeldorf;;1;2771977;10828;9;49,47046195;11,18551394;1;65;83685
ABDN;20200728;7;40;31;A003B398,7;NBA Nürnberg-Ost;A003B398,7;A3;398,7;;Regensburg;Würzburg;Frankfurt;Nord/ Ost;AS 87 Mögeldorf;;1;2771977;10828;9;49,4704185;11,18530277;3;1,2,3;83679,83680,83681
ABDN;20200728;7;40;31;A003B398,7;NBA Nürnberg-Ost;A003B398,7;A3;398,7;;Regensburg;Würzburg;Frankfurt;Süd/ West;AS 87 Mögeldorf;;6;2771977;10828;9;49,47045797;11,18536689;2;1,2;83744,83745
ABDN;20200728;7;40;31;A003B398,7;NBA Nürnberg-Ost;A003B398,7;A3;398,7;;Lauf;Würzburg;Frankfurt;Nord/ Ost;AS 87 Mögeldorf;;1;2771977;10828;9;49,47070637;11,18522089;1;129;83742
ABDN;20200728;7;40;31;A003B402,7;NBA Nürnberg-Ost;A003B402,7;A3;402,7;;München;Würzburg;Frankfurt;Nord/ Ost;88 Kreuz Nürnberg (A9(51)) ;;1;2771750;10827;38;49,46214338;11,23405682;2;137,138;83760,83761
ABDN;20200728;7;40;31;A003B402,7;NBA Nürnberg-Ost;A003B402,7;A3;402,7;;Würzburg;München;Frankfurt;Süd/ West;88 Kreuz Nürnberg (A9(51)) ;;1;2771750;10827;38;49,46162838;11,23426619;2;105,106;83758,83759
ABDN;20200728;7;40;31;A003B402,7;NBA Nürnberg-Ost;A003B402,7;A3;402,7;;Würzburg;Regensburg;Frankfurt;Süd/ West;88 Kreuz Nürnberg (A9(51)) ;;1;2771750;10827;38;49,46144068;11,23402815;2;33,34;83756,83757
ABDN;20200728;7;40;31;A003B402,7;NBA Nürnberg-Ost;A003B402,7;A3;402,7;;Regensburg;Würzburg;Frankfurt;Nord/ Ost;88 Kreuz Nürnberg (A9(51)) ;;1;2771750;10827;38;49,46327783;11,23259034;2;1,2;83754,83755
ABDN;20200728;7;40;31;A003B402,7;NBA Nürnberg-Ost;A003B402,7;A3;402,7;;Regensburg;Würzburg;Frankfurt;Nord/ Ost;88 Kreuz Nürnberg (A9(51)) ;;6;2771750;10827;38;49,46218334;11,23411016;3;1,2,3;83762,83818,83819
ABDN;20200728;7;40;31;A003B404,0;NBA Nürnberg-Ost;A003B404,0;A3;404;;Regensburg;Nürnberg;Frankfurt;Nord/ Ost;88 Kreuz Nürnberg (A9(51)) ;;6;2771462;10826;6;49,45590328;11,25151865;3;1,2,3;83826,83827,83828
ABDN;20200728;7;40;31;A003B404,0;NBA Nürnberg-Ost;A003B404,0;A3;404;;Regensburg;Nürnberg;Frankfurt;Nord/ Ost;88 Kreuz Nürnberg (A9(51)) ;;1;2771462;10826;6;49,45586572;11,25148695;2;1,2;83820,83821
ABDN;20200728;7;40;31;A003B404,0;NBA Nürnberg-Ost;A003B404,0;A3;404;;Regensburg;Berlin;Frankfurt;Nord/ Ost;88 Kreuz Nürnberg (A9(51)) ;;1;2771462;10826;6;49,45586572;11,25148695;1;65;83824
ABDN;20200728;7;40;31;A003B404,0;NBA Nürnberg-Ost;A003B404,0;A3;404;;München;Regensburg;Frankfurt;Süd/ West;88 Kreuz Nürnberg (A9(51)) ;;1;2771462;10826;6;49,45569865;11,25090006;1;161;83825
ABDN;20200728;7;40;31;A003B404,0;NBA Nürnberg-Ost;A003B404,0;A3;404;;Nürnberg;Regensburg;Frankfurt;Süd/ West;88 Kreuz Nürnberg (A9(51)) ;;1;2771462;10826;6;49,45569865;11,25090006;2;33,34;83822,83823
ABDN;20200728;7;40;31;A003B404,4;DZS 8+1;A 003 B 404,4;A3;404,4;;Regensburg;Nürnberg;Frankfurt;Nord/ Ost;89 Kreuz Altdorf (A6 (61));88 Kreuz Nürnberg (A9(51)) ;1;2771466;10826;10;49,45425851;11,25539989;2;1,2;83829,83830
ABDN;20200728;7;40;31;A003B404,4;DZS 8+1;A 003 B 404,4;A3;404,4;;Regensburg;Nürnberg;Frankfurt;Nord/ Ost;89 Kreuz Altdorf (A6 (61));88 Kreuz Nürnberg (A9(51)) ;6;2771466;10826;10;49,45428899;11,25543489;1;1;83833
ABDN;20200728;7;40;31;A003B404,4;DZS 8+1;A 003 B 404,4;A3;404,4;;Nürnberg;Regensburg;Frankfurt;Süd/ West;88 Kreuz Nürnberg (A9(51)) ;89 Kreuz Altdorf (A6 (61));1;2771466;10826;10;49,45405515;11,25519606;2;33,34;83831,83832
ABDN;20200728;7;40;31;A003B407,0;NBA Nürnberg-Ost;A003B407,0;A3;407;;Nürnberg;Regensburg;Frankfurt;Süd/ West;88 Kreuz Nürnberg (A9(51)) ;89 Kreuz Altdorf (A6 (61));1;2771492;10826;36;49,43666914;11,26965437;1;34;83602
ABDN;20200728;7;40;31;A003B407,0;NBA Nürnberg-Ost;A003B407,0;A3;407;;Nürnberg;Regensburg;Frankfurt;Süd/ West;88 Kreuz Nürnberg (A9(51)) ;Kreuz (89) Altdorf (A6 (61));1;2771492;10826;36;49,43666914;11,26965437;1;33;83601
ABDN;20200728;7;40;31;A003B407,0;NBA Nürnberg-Ost;A003B407,0;A3;407;;Regensburg;Nürnberg;Frankfurt;Nord/ Ost;89 Kreuz Altdorf (A6 (61));88 Kreuz Nürnberg (A9(51)) ;6;2771492;10826;36;49,43685989;11,27009664;3;1,2,3;83603,83604,83605
ABDN;20200728;7;40;31;A003B407,0;NBA Nürnberg-Ost;A003B407,0;A3;407;;Regensburg;Nürnberg;Frankfurt;Nord/ Ost;89 Kreuz Altdorf (A6 (61));Kreuz (88) Nürnberg (A9(51)) ;1;2771492;10826;36;49,43686446;11,26998299;2;1,2;83599,83600
ABDN;20200728;7;40;31;A003B411,2;NBA Nürnberg-Ost;A003B411,2;A3;411,2;;Amberg;Regensburg;Frankfurt;Süd/ West;89 Kreuz Altdorf (A6 (61));;1;2771202;10825;2;49,40130171;11,30186571;1;161;82577
ABDN;20200728;7;40;31;A003B411,2;NBA Nürnberg-Ost;A003B411,2;A3;411,2;;Nürnberg;Regensburg;Frankfurt;Süd/ West;89 Kreuz Altdorf (A6 (61));;1;2771202;10825;2;49,40132537;11,30191628;1;177;82578
ABDN;20200728;7;40;31;A003B411,2;NBA Nürnberg-Ost;A003B411,2;A3;411,2;;Nürnberg;Regensburg;Frankfurt;Süd/ West;89 Kreuz Altdorf (A6 (61));;1;2771202;10825;2;49,40138456;11,30204182;2;33,34;83675,83676
ABDN;20200728;7;40;31;A003B411,2;NBA Nürnberg-Ost;A003B411,2;A3;411,2;;Regensburg;Amberg;Frankfurt;Nord/ Ost;89 Kreuz Altdorf (A6 (61));;1;2771202;10825;2;49,40226174;11,30193871;1;65;82575
ABDN;20200728;7;40;31;A003B411,2;NBA Nürnberg-Ost;A003B411,2;A3;411,2;;Regensburg;Nürnberg;Frankfurt;Nord/ Ost;89 Kreuz Altdorf (A6 (61));;1;2771202;10825;2;49,40220487;11,30160592;2;1,2;83673,83674
ABDN;20200728;7;40;31;A003B411,2;NBA Nürnberg-Ost;A003B411,2;A3;411,2;;Regensburg;Nürnberg;Frankfurt;Nord/ Ost;89 Kreuz Altdorf (A6 (61));;1;2771202;10825;2;49,40226561;11,30173358;1;81;82576
ABDN;20200728;7;40;31;A003B411,2;NBA Nürnberg-Ost;A003B411,2;A3;411,2;;Regensburg;Nürnberg;Frankfurt;Nord/ Ost;89 Kreuz Altdorf (A6 (61));;6;2771202;10825;2;49,40230513;11,30180236;3;1,2,3;82579,82580,82581
ABDN;20200728;7;40;31;A003B411,5;DZS 8+1;A 003 B 411,5;A3;411,5;;Regensburg;Nürnberg;Frankfurt;Nord/ Ost;AS 90 Altdorf/ Burgthann;89 Kreuz Altdorf (A6 (61));6;2771205;10825;5;49,39860911;11,30541857;1;1;82586
ABDN;20200728;7;40;31;A003B411,5;DZS 8+1;A 003 B 411,5;A3;411,5;;Regensburg;Nürnberg;Frankfurt;Nord/ Ost;AS 90 Altdorf/ Burgthann;89 Kreuz Altdorf (A6 (61));1;2771205;10825;5;49,39795125;11,3057544;2;1,2;82582,82583
ABDN;20200728;7;40;31;A003B411,5;DZS 8+1;A 003 B 411,5;A3;411,5;;Nürnberg;Regensburg;Frankfurt;Süd/ West;89 Kreuz Altdorf (A6 (61));AS 90 Altdorf/ Burgthann;1;2771205;10825;5;49,3978912;11,3053726;2;33,34;82584,82585
ABDN;20200728;7;40;31;A003B427,9;NBA Nürnberg-Ost;A003B427,9;A3;427,9;;Regensburg;Nürnberg;Frankfurt;Süd/ West;AS 92 Neumarkt/ Opf. (B299);;6;2770750;10823;62;49,31745614;11,47300753;3;1,2,3;82653,82654,82655
ABDN;20200728;7;40;31;A003B427,9;NBA Nürnberg-Ost;A003B427,9;A3;427,9;;Regensburg;Nürnberg;Frankfurt;Nord/ Ost;AS 92 Neumarkt/ Opf. (B299);;1;2770750;10823;62;49,31740828;11,47296161;2;1,2;82587,82588
ABDN;20200728;7;40;31;A003B427,9;NBA Nürnberg-Ost;A003B427,9;A3;427,9;;Regensburg;B299;Frankfurt;Nord/ Ost;AS 92 Neumarkt/ Opf. (B299);;1;2770750;10823;62;49,31772514;11,47331762;1;65;82649
ABDN;20200728;7;40;31;A003B427,9;NBA Nürnberg-Ost;A003B427,9;A3;427,9;;Nürnberg;Regensburg;Frankfurt;Süd/ West;AS 92 Neumarkt/ Opf. (B299);;1;2770750;10823;62;49,31687024;11,47366133;2;33,34;82589,82648
ABDN;20200728;7;40;31;A003B427,9;NBA Nürnberg-Ost;A003B427,9;A3;427,9;;Nürnberg;B299;Frankfurt;Süd/ West;AS 92 Neumarkt/ Opf. (B299);;1;2770750;10823;62;49,31600496;11,47340619;1;97;82650
ABDN;20200728;7;40;31;A003B427,9;NBA Nürnberg-Ost;A003B427,9;A3;427,9;;B299;Regensburg;Frankfurt;Süd/ West;AS 92 Neumarkt/ Opf. (B299);;1;2770750;10823;62;49,31599723;11,47348407;1;161;82652
ABDN;20200728;7;40;31;A003B427,9;NBA Nürnberg-Ost;A003B427,9;A3;427,9;;B299;Nürnberg;Frankfurt;Nord/ Ost;AS 92 Neumarkt/ Opf. (B299);;1;2770750;10823;62;49,31787853;11,47317391;1;129;82651
ABDN;20200728;7;44;44;A006A781,8;SBA A6-Schwabach - Umrüstung 2009;A006A781,8;A6;781,85;;Heilbronn;Amberg;Amberg;Nord/ Ost;AS 57 Roth (B2);58 Kreuz Nürnberg-Süd (A73(-));6;3049539;11912;67;;;4;1,2,3,4;80326,80327,80328,80329
ABDN;20200728;7;44;44;A006A781,8;SBA A6-Schwabach - Umrüstung 2009;A006A781,8;A6;781,85;;Heilbronn;Amberg;Amberg;Nord/ Ost;AS 57 Roth (B2);58 Kreuz Nürnberg-Süd (A73(-));1;3049539;11912;67;;;3;1,2,3;80108,80109,80110
ABDN;20200728;7;44;44;A006A781,8;SBA A6-Schwabach - Umrüstung 2009;A006A781,8;A6;781,85;;Heilbronn;Amberg;Amberg;Nord/ Ost;AS 57 Roth (B2);58 Kreuz Nürnberg-Süd (A73(-));3;3049539;11912;67;;;8;1,2,36,37,38,39,40,41;80318,80319,80320,80321,80322,80323,80324,80325
ABDN;20200728;7;44;44;A006A781,8;SBA A6-Schwabach - Umrüstung 2009;A006A781,8;A6;781,85;;Heilbronn;Amberg;Amberg;Nord/ Ost;AS 57 Roth (B2);58 Kreuz Nürnberg-Süd (A73(-));4;3049539;11912;67;;;8;1,2,3,65,66,73,74,194;80111,80112,80113,80114,80115,80116,80154,80155
ABDN;20200728;7;44;44;A006A783,6;SBA A6-Schwabach - Umrüstung 2009;A006A783,6;A6;783,65;;Heilbronn;Amberg;Amberg;Nord/ Ost;AS 57 Roth (B2);58 Kreuz Nürnberg-Süd (A73(-));6;3049521;11912;49;;;4;1,2,3,4;80225,80226,80227,80228
ABDN;20200728;7;44;44;A006A783,6;SBA A6-Schwabach - Umrüstung 2009;A006A783,6;A6;783,65;;Heilbronn;Amberg;Amberg;Nord/ Ost;AS 57 Roth (B2);58 Kreuz Nürnberg-Süd (A73(-));1;3049521;11912;49;;;3;1,2,3;80694,80695,80696
ABDN;20200728;7;44;44;A006A783,6;SBA A6-Schwabach - Umrüstung 2009;A006A783,6;A6;783,65;;Heilbronn;Amberg;Amberg;Nord/ Ost;AS 57 Roth (B2);58 Kreuz Nürnberg-Süd (A73(-));3;3049521;11912;49;;;1;1;80224
ABDN;20200728;7;44;44;A006A783,6;SBA A6-Schwabach - Umrüstung 2009;A006A783,6;A6;783,65;;Heilbronn;Amberg;Amberg;Nord/ Ost;AS 57 Roth (B2);58 Kreuz Nürnberg-Süd (A73(-));4;3049521;11912;49;;;8;1,2,3,65,66,73,74,194;80223,80697,80698,80699,80700,80701,80702,80703
ABDN;20200728;7;44;44;A006A785,0;SBA A6-Schwabach - Umrüstung 2009;A006A785,0;A6;785,09;;Heilbronn;Amberg;Amberg;Nord/ Ost;AS 57 Roth (B2);58 Kreuz Nürnberg-Süd (A73(-));6;3049507;11912;35;;;4;1,2,3,4;80446,80447,80448,80449
ABDN;20200728;7;44;44;A006A785,0;SBA A6-Schwabach - Umrüstung 2009;A006A785,0;A6;785,09;;Heilbronn;Amberg;Amberg;Nord/ Ost;AS 57 Roth (B2);58 Kreuz Nürnberg-Süd (A73(-));1;3049507;11912;35;;;3;1,2,3;80229,80230,80231
ABDN;20200728;7;44;44;A006A785,0;SBA A6-Schwabach - Umrüstung 2009;A006A785,0;A6;785,09;;Heilbronn;Amberg;Amberg;Nord/ Ost;AS 57 Roth (B2);58 Kreuz Nürnberg-Süd (A73(-));3;3049507;11912;35;;;1;1;80275
ABDN;20200728;7;44;44;A006A785,0;SBA A6-Schwabach - Umrüstung 2009;A006A785,0;A6;785,09;;Heilbronn;Amberg;Amberg;Nord/ Ost;AS 57 Roth (B2);58 Kreuz Nürnberg-Süd (A73(-));4;3049507;11912;35;;;8;1,2,3,65,66,73,74,194;80232,80233,80234,80235,80236,80237,80238,80274
ABDN;20200728;7;44;44;A006A786,1;SBA A6-Schwabach - Umbau AK Süd+Ost;A006 A786,1;A6;786,1;;Heilbronn;Nürnberg;Amberg;Nord/ Ost;AS 57 Roth (B2);58 Kreuz Nürnberg-Süd (A73(-));1;3049267;11911;51;49,36051271;11,11402822;3;1,2,3;80633,80634,80635
ABDN;20200728;7;44;44;A006A786,1;SBA A6-Schwabach - Umbau AK Süd+Ost;A006 A786,1;A6;786,1;;Amberg;Heilbronn;Amberg;Süd/ West;58 Kreuz Nürnberg-Süd (A73(-));AS 57 Roth (B2);6;3049267;11911;51;49,36134116;11,11446918;3;1,2,3;80639,80640,80641
ABDN;20200728;7;44;44;A006A786,1;SBA A6-Schwabach - Umbau AK Süd+Ost;A006 A786,1;A6;786,1;;Amberg;Heilbronn;Amberg;Süd/ West;58 Kreuz Nürnberg-Süd (A73(-));AS 57 Roth (B2);1;3049267;11911;51;49,36130414;11,11453191;3;33,34,35;80636,80637,80638
ABDN;20200728;7;44;44;A006A786,7;SBA A6-Schwabach - Umrüstung 2009;A006A786,7;A6;786,74;;Heilbronn;Amberg;Amberg;Nord/ Ost;AS 57 Roth (B2);58 Kreuz Nürnberg-Süd (A73(-));1;3049490;11912;18;;;3;1,2,3;80642,80643,80644
ABDN;20200728;7;44;44;A006A786,7;SBA A6-Schwabach - Umrüstung 2009;A006A786,7;A6;786,74;;Heilbronn;Amberg;Amberg;Nord/ Ost;AS 57 Roth (B2);58 Kreuz Nürnberg-Süd (A73(-));3;3049490;11912;18;;;1;1;80089
ABDN;20200728;7;44;44;A006A786,7;SBA A6-Schwabach - Umrüstung 2009;A006A786,7;A6;786,74;;Heilbronn;Amberg;Amberg;Nord/ Ost;AS 57 Roth (B2);58 Kreuz Nürnberg-Süd (A73(-));4;3049490;11912;18;;;8;1,2,3,65,66,73,74,194;80046,80047,80083,80084,80085,80086,80087,80088
ABDN;20200728;7;44;44;A006A786,7;SBA A6-Schwabach - Umrüstung 2009;A006A786,7;A6;786,74;;Heilbronn;Amberg;Amberg;Nord/ Ost;AS 57 Roth (B2);58 Kreuz Nürnberg-Süd (A73(-));6;3049490;11912;18;;;4;1,2,3,4;80090,80091,80092,80093
ABDN;20200728;7;44;44;A006A787,4;SBA A6-Schwabach - Umbau AK Süd+Ost;A006 A787,4;A6;787,44;;Heilbronn;Amberg;Amberg;Nord/ Ost;AS 57 Roth (B2);58 Kreuz Nürnberg-Süd (A73(-));1;3049484;11912;12;;;3;1,2,3;79437,79438,79439
ABDN;20200728;7;44;44;A006A787,4;SBA A6-Schwabach - Umbau AK Süd+Ost;A006 A787,4;A6;787,44;;Heilbronn;Amberg;Amberg;Nord/ Ost;AS 57 Roth (B2);58 Kreuz Nürnberg-Süd (A73(-));6;3049484;11912;12;;;4;1,2,3,4;79730,79731,79732,79733
ABDN;20200728;7;44;44;A006A787,4;SBA A6-Schwabach - Umbau AK Süd+Ost;A006 A787,4;A6;787,44;;Heilbronn;Feucht;Amberg;Nord/ Ost;AS 57 Roth (B2);58 Kreuz Nürnberg-Süd (A73(-));1;3049484;11912;12;;;1;65;79440
ABDN;20200728;7;44;44;A006A787,4a;SBA A6-Schwabach - Umbau AK Süd+Ost;A006 A787,4;A6;787,44;;Heilbronn;Feucht;Amberg;Nord/ Ost;AS 57 Roth (B2);58 Kreuz Nürnberg-Süd (A73(-));4;3049484;11912;12;;;1;4;79664
ABDN;20200728;7;44;44;A006A787,4a;SBA A6-Schwabach - Umbau AK Süd+Ost;A006 A787,4;A6;787,44;;Heilbronn;Amberg;Amberg;Nord/ Ost;AS 57 Roth (B2);58 Kreuz Nürnberg-Süd (A73(-));3;3049484;11912;12;;;1;1;79441
ABDN;20200728;7;44;44;A006A787,4a;SBA A6-Schwabach - Umbau AK Süd+Ost;A006 A787,4;A6;787,44;;Heilbronn;Amberg;Amberg;Nord/ Ost;AS 57 Roth (B2);58 Kreuz Nürnberg-Süd (A73(-));4;3049484;11912;12;;;1;194;79663
ABDN;20200728;7;44;44;A006A787,4b;SBA A6-Schwabach - Umbau AK Süd+Ost;A006 A787,4;A6;787,44;;Heilbronn;Amberg;Amberg;Nord/ Ost;AS 57 Roth (B2);58 Kreuz Nürnberg-Süd (A73(-));4;3049484;11912;12;;;8;1,2,3,65,66,73,74,196;79665,79723,79724,79725,79726,79727,79728,79729
ABDN;20200728;7;44;44;A006A787,4b;SBA A6-Schwabach - Umbau AK Süd+Ost;A006 A787,4;A6;787,44;;Heilbronn;Amberg;Amberg;Nord/ Ost;AS 57 Roth (B2);58 Kreuz Nürnberg-Süd (A73(-));3;3049484;11912;12;;;1;11;79442
ABDN;20200728;7;44;44;A006A788,0;SBA A6-Schwabach - Umbau AK Süd+Ost;A006 A788,0;A6;788;;Amberg;Feucht;Amberg;Nord/ Ost;AS 57 Roth (B2);58 Kreuz Nürnberg-Süd (A73(-));1;3049287;11911;71;;;2;65,66;79734,79735
ABDN;20200728;7;44;44;A006A789,1;SBA A6-Schwabach - Umbau AK Süd+Ost;A006 A789,1;A6;789,12;;Heilbronn;Amberg;Heilbronn;Nord/ Ost;58 Kreuz Nürnberg-Süd (A73(-));;1;3049759;11913;31;;;3;1,2,3;82787,83004,83005
ABDN;20200728;7;44;44;A006A789,1;SBA A6-Schwabach - Umbau AK Süd+Ost;A006 A789,1;A6;789,12;;München;Amberg;Heilbronn;Nord/ Ost;58 Kreuz Nürnberg-Süd (A73(-));;1;3049759;11913;31;;;1;129;83012
ABDN;20200728;7;44;44;A006A789,1a;SBA A6-Schwabach - Umbau AK Süd+Ost;A006 A789,1a;A6;789,12;;Heilbronn;Amberg;Heilbronn;Nord/ Ost;58 Kreuz Nürnberg-Süd (A73(-));;4;3049759;11913;31;;;2;4,194;83015,83016
ABDN;20200728;7;44;44;A006A789,1a;SBA A6-Schwabach - Umbau AK Süd+Ost;A006 A789,1a;A6;789,12;;München;Amberg;Heilbronn;Nord/ Ost;58 Kreuz Nürnberg-Süd (A73(-));;3;3049759;11913;31;;;1;1;83013
ABDN;20200728;7;44;44;A006A789,1b;SBA A6-Schwabach - Umbau AK Süd+Ost;A006 A789,1b;A6;789,12;;Heilbronn;Amberg;Heilbronn;Nord/ Ost;58 Kreuz Nürnberg-Süd (A73(-));;3;3049759;11913;31;;;1;11;83014
ABDN;20200728;7;44;44;A006A789,1b;SBA A6-Schwabach - Umbau AK Süd+Ost;A006 A789,1b;A6;789,12;;Heilbronn;Amberg;Heilbronn;Nord/ Ost;58 Kreuz Nürnberg-Süd (A73(-));;4;3049759;11913;31;;;8;1,2,3,65,66,73,74,196;83017,83018,83019,83020,83230,83231,83232,83233
ABDN;20200728;7;44;44;A006A790,8;SBA A6-Schwabach - Umbau AK Süd+Ost;A006 A790,8;A6;790,8;;Heilbronn;Amberg;Amberg;Nord/ Ost;58 Kreuz Nürnberg-Süd (A73(-));AS 59 Langwasser ;6;3049751;11913;23;49,38990162;11,16076373;4;1,2,3,4;82999,83000,83001,83002
ABDN;20200728;7;44;44;A006A790,8;SBA A6-Schwabach - Umbau AK Süd+Ost;A006 A790,8;A6;790,8;;Heilbronn;Amberg;Heilbronn;Nord/ Ost;58 Kreuz Nürnberg-Süd (A73(-));AS 59 Langwasser ;1;3049751;11913;23;49,389986;11,16105036;3;1,2,3;83168,83169,83170
ABDN;20200728;7;44;44;A006A790,8;SBA A6-Schwabach - Umbau AK Süd+Ost;A006 A790,8;A6;790,8;;Heilbronn;Amberg;Heilbronn;Nord/ Ost;58 Kreuz Nürnberg-Süd (A73(-));AS 59 Langwasser ;3;3049751;11913;23;49,389986;11,16105036;3;1,36,41;82611,82614,82615
ABDN;20200728;7;44;44;A006A790,8;SBA A6-Schwabach - Umbau AK Süd+Ost;A006 A790,8;A6;790,8;;Heilbronn;Amberg;Heilbronn;Nord/ Ost;58 Kreuz Nürnberg-Süd (A73(-));AS 59 Langwasser ;4;3049751;11913;23;49,389986;11,16105036;8;1,2,3,65,66,73,74,194;82616,82617,82618,82619,82620,82621,82622,82623
ABDN;20200728;7;44;44;A006A791,7;SBA A6-Schwabach - Umbau AK Süd+Ost;A006 A791,7;A6;791,7;;Heilbronn;Amberg;Amberg;Nord/ Ost;AS 59 Langwasser ;;1;3049731;11913;3;49,3913819;11,1733085;3;1,2,3;83003,83063,83064
ABDN;20200728;7;44;44;A006A791,7;SBA A6-Schwabach - Umbau AK Süd+Ost;A006 A791,7;A6;791,7;;Heilbronn;Amberg;Amberg;Süd/ West;AS 59 Langwasser ;;6;3049731;11913;3;49,39127048;11,17332047;4;1,2,3,4;82316,82317,83072,83073
ABDN;20200728;7;44;44;A006A791,7;SBA A6-Schwabach - Umbau AK Süd+Ost;A006 A791,7;A6;791,7;;Heilbronn;Nürnberg;Amberg;Nord/ Ost;AS 59 Langwasser ;;1;3049731;11913;3;49,39126129;11,17298737;1;65;83068
ABDN;20200728;7;44;44;A006A791,7;SBA A6-Schwabach - Umbau AK Süd+Ost;A006 A791,7;A6;791,7;;Amberg;Nürnberg;Amberg;Süd/ West;AS 59 Langwasser ;;1;3049731;11913;3;49,39177463;11,1733638;1;97;83070
ABDN;20200728;7;44;44;A006A791,7;SBA A6-Schwabach - Umbau AK Süd+Ost;A006 A791,7;A6;791,7;;Amberg;Heilbronn;Amberg;Süd/ West;AS 59 Langwasser ;;1;3049731;11913;3;49,39166422;11,17298381;3;33,34,35;83065,83066,83067
ABDN;20200728;7;44;44;A006A791,7;SBA A6-Schwabach - Umbau AK Süd+Ost;A006 A791,7;A6;791,7;;Nürnberg;Amberg;Amberg;Nord/ Ost;AS 59 Langwasser ;;1;3049731;11913;3;49,39126633;11,17378408;1;129;83069
ABDN;20200728;7;44;44;A006A791,7;SBA A6-Schwabach - Umbau AK Süd+Ost;A006 A791,7;A6;791,7;;Nürnberg;Heilbronn;Amberg;Süd/ West;AS 59 Langwasser ;;1;3049731;11913;3;49,39135915;11,16694575;1;161;83071
ABDN;20200728;7;44;44;A006A791,9;SBA A6-Schwabach - Umbau AK Süd+Ost;A006 A791,9;A6;791,92;;Heilbronn;Amberg;Amberg;Nord/ Ost;AS 59 Langwasser ;60 Kreuz Nürnberg-Ost (A9 (53));1;3049993;11914;9;49,39151824;11,1761551;4;1,2,3,25;82537,82538,82539,82540
ABDN;20200728;7;44;44;A006A791,9;SBA A6-Schwabach - Umbau AK Süd+Ost;A006 A791,9;A6;791,92;;Heilbronn;Amberg;Amberg;Nord/ Ost;AS 59 Langwasser ;60 Kreuz Nürnberg-Ost (A9 (53));6;3049993;11914;9;49,3914668;11,17591458;4;1,2,3,4;83079,83141,83142,83143
ABDN;20200728;7;44;44;A006A791,9a;SBA A6-Schwabach - Umbau AK Süd+Ost;A006 A791,9a;A6;791,92;;Heilbronn;Amberg;Amberg;Nord/ Ost;AS 59 Langwasser ;60 Kreuz Nürnberg-Ost (A9 (53));4;3049993;11914;9;49,39151824;11,1761551;2;4,194;82543,82544
ABDN;20200728;7;44;44;A006A791,9a;SBA A6-Schwabach - Umbau AK Süd+Ost;A006 A791,9a;A6;791,92;;Heilbronn;Amberg;Amberg;Nord/ Ost;AS 59 Langwasser ;60 Kreuz Nürnberg-Ost (A9 (53));3;3049993;11914;9;49,39151824;11,1761551;1;1;82541
ABDN;20200728;7;44;44;A006A791,9b;SBA A6-Schwabach - Umbau AK Süd+Ost;A006 A791,9b;A6;791,92;;Heilbronn;Amberg;Amberg;Nord/ Ost;AS 59 Langwasser ;60 Kreuz Nürnberg-Ost (A9 (53));3;3049993;11914;9;49,39151824;11,1761551;1;11;82542
ABDN;20200728;7;44;44;A006A791,9b;SBA A6-Schwabach - Umbau AK Süd+Ost;A006 A791,9b;A6;791,92;;Heilbronn;Amberg;Amberg;Nord/ Ost;AS 59 Langwasser ;60 Kreuz Nürnberg-Ost (A9 (53));4;3049993;11914;9;49,39151824;11,1761551;8;1,2,3,65,66,73,74,196;82545,82546,82547,83074,83075,83076,83077,83078
ABDN;20200728;7;44;44;A006A792,2;SBA A6-Schwabach - Umbau AK Süd+Ost;A006 A792,2;A6;792,23;;Heilbronn;Amberg;Amberg;Süd/ West;AS 59 Langwasser ;58 Kreuz Nürnberg-Süd (A73(-));6;3049736;11913;8;49,39173195;11,17939776;4;1,2,3,4;83214,83215,83216,83217
ABDN;20200728;7;44;44;A006A792,2;SBA A6-Schwabach - Umbau AK Süd+Ost;A006 A792,2;A6;792,23;;Heilbronn;Amberg;Amberg;Nord/ Ost;AS 59 Langwasser ;60 Kreuz Nürnberg-Ost (A9 (53));1;3049736;11913;8;49,39179337;11,17940879;1;1;83144
ABDN;20200728;7;44;44;A006A792,2;SBA A6-Schwabach - Umbau AK Süd+Ost;A006 A792,2;A6;792,23;;Heilbronn;Amberg;Amberg;Nord/ Ost;AS 59 Langwasser ;60 Kreuz Nürnberg-Ost (A9 (53));1;3049736;11913;8;49,39173195;11,17939776;3;2,3,25;83145,83146,83147
ABDN;20200728;7;44;44;A006A792,2;SBA A6-Schwabach - Umbau AK Süd+Ost;A006 A792,2;A6;792,23;;Amberg;Heilbronn;Amberg;Süd/ West;60 Kreuz Nürnberg-Ost (A9 (53));AS 59 Langwasser ;4;3049736;11913;8;49,39173195;11,17939776;7;161,162,163,164,165,166,193;83153,83154,83155,83156,83157,83212,83213
ABDN;20200728;7;44;44;A006A792,2;SBA A6-Schwabach - Umbau AK Süd+Ost;A006 A792,2;A6;792,23;;Amberg;Heilbronn;Amberg;Süd/ West;60 Kreuz Nürnberg-Ost (A9 (53));AS 59 Langwasser ;3;3049736;11913;8;49,39173195;11,17939776;1;33;83152
ABDN;20200728;7;44;44;A006A792,2;SBA A6-Schwabach - Umbau AK Süd+Ost;A006 A792,2;A6;792,23;;Amberg;Heilbronn;Amberg;Süd/ West;60 Kreuz Nürnberg-Ost (A9 (53));AS 59 Langwasser ;1;3049736;11913;8;49,39173195;11,17939776;4;33,34,35,57;83148,83149,83150,83151
ABDN;20200728;7;44;44;A006A792,6;SBA A6-Schwabach - Umbau AK Süd+Ost;A006 A792,6;A6;792,55;;Heilbronn;Amberg;Heilbronn;Nord/ Ost;AS 59 Langwasser ;60 Kreuz Nürnberg-Ost (A9 (53));3;3049991;11914;7;49,39254938;11,18464634;2;36,41;82072,82073
ABDN;20200728;7;44;44;A006A792,6;SBA A6-Schwabach - Umbau AK Süd+Ost;A006 A792,6;A6;792,55;;Heilbronn;Amberg;Amberg;Nord/ Ost;AS 59 Langwasser ;60 Kreuz Nürnberg-Ost (A9 (53));6;3049991;11914;7;49,39245843;11,18453515;4;1,2,3,4;82235,82236,82237,82238
ABDN;20200728;7;44;44;A006A792,6;SBA A6-Schwabach - Umbau AK Süd+Ost;A006 A792,6;A6;792,55;;Heilbronn;Amberg;Amberg;Nord/ Ost;AS 59 Langwasser ;60 Kreuz Nürnberg-Ost (A9 (53));1;3049991;11914;7;49,39254938;11,18464634;4;1,2,3,25;83218,83219,83220,83221
ABDN;20200728;7;44;44;A006A792,6;SBA A6-Schwabach - Ausbau AK Ost zweistreifige Rampe Berlin;A006 A792,6;A6;792,55;;Heilbronn;Amberg;Amberg;Nord/ Ost;AS 59 Langwasser ;60 Kreuz Nürnberg-Ost (A9 (53));1;3049991;11914;7;49,39254938;11,18464634;1;26;82074
ABDN;20200728;7;44;44;A006A792,6a;SBA A6-Schwabach - Umbau AK Süd+Ost;A006 A792,6a;A6;792,55;;Heilbronn;Amberg;Amberg;Nord/ Ost;AS 59 Langwasser ;60 Kreuz Nürnberg-Ost (A9 (53));3;3049991;11914;7;49,39254938;11,18464634;1;1;83226
ABDN;20200728;7;44;44;A006A792,6a;SBA A6-Schwabach - Umbau AK Süd+Ost;A006 A792,6a;A6;792,55;;Heilbronn;Amberg;Amberg;Nord/ Ost;AS 59 Langwasser ;60 Kreuz Nürnberg-Ost (A9 (53));4;3049991;11914;7;49,39254938;11,18464634;2;4,194;82075,82076
ABDN;20200728;7;44;44;A006A792,6a;SBA A6-Schwabach - Ausbau AK Ost zweistreifige Rampe Berlin;A006 A792,6a;A6;792,55;;Heilbronn;Amberg;Amberg;Nord/ Ost;AS 59 Langwasser ;60 Kreuz Nürnberg-Ost (A9 (53));4;3049991;11914;7;49,39254938;11,18464634;1;5;82077
ABDN;20200728;7;44;44;A006A792,6a;SBA A6-Schwabach - Ausbau AK Ost zweistreifige Rampe Berlin;A006 A792,6b;A6;792,55;;Heilbronn;Amberg;Amberg;Nord/ Ost;AS 59 Langwasser ;60 Kreuz Nürnberg-Ost (A9 (53));4;3049991;11914;7;49,39254938;11,18464634;2;67,75;82078,82079
ABDN;20200728;7;44;44;A006A792,6b;SBA A6-Schwabach - Umbau AK Süd+Ost;A006 A792,6b;A6;792,55;;Heilbronn;Amberg;Amberg;Nord/ Ost;AS 59 Langwasser ;60 Kreuz Nürnberg-Ost (A9 (53));4;3049991;11914;7;49,39254938;11,18464634;8;1,2,3,65,66,73,74,196;82080,82081,82082,82161,82162,82163,82164,82224
ABDN;20200728;7;44;44;A006A792,6b;SBA A6-Schwabach - Umbau AK Süd+Ost;A006 A792,6b;A6;792,55;;Heilbronn;Amberg;Amberg;Nord/ Ost;AS 59 Langwasser ;60 Kreuz Nürnberg-Ost (A9 (53));3;3049991;11914;7;49,39254938;11,18464634;1;11;83227
ABDN;20200728;7;44;44;A006A793,0;SBA A6-Schwabach - Umbau AK Süd+Ost;A006 A793,0;A6;793,07;;Amberg;Heilbronn;Amberg;Süd/ West;60 Kreuz Nürnberg-Ost (A9 (53));AS 59 Langwasser ;1;3049987;11914;3;49,39416397;11,19120033;2;33,34;82239,82300
ABDN;20200728;7;44;44;A006A793,0;SBA A6-Schwabach - Umbau AK Süd+Ost;A006 A793,0;A6;793,07;;Berlin;Heilbronn;Amberg;Süd/ West;60 Kreuz Nürnberg-Ost (A9 (53));AS 59 Langwasser ;1;3049987;11914;3;49,39424961;11,19116141;1;161;82301
ABDN;20200728;7;44;44;A006A793,0;SBA A6-Schwabach - Umbau AK Süd+Ost;A006 A793,0;A6;793,07;;Heilbronn;Amberg;Amberg;Nord/ Ost;AS 59 Langwasser ;60 Kreuz Nürnberg-Ost (A9 (53));1;3049987;11914;3;;;2;1,2;82302,82303
ABDN;20200728;7;44;44;A006A793,0;SBA A6-Schwabach - Umbau AK Süd+Ost;A006 A793,0;A6;793,07;;Heilbronn;München/Berlin;Amberg;Nord/ Ost;AS 59 Langwasser ;60 Kreuz Nürnberg-Ost (A9 (53));1;3049987;11914;3;;;2;65,66;82304,82305
ABDN;20200728;7;44;44;A006A793,3;SBA A6-Schwabach - Umrüstung 2009;A 006 A 793,3;A6;793,284;;Heilbronn;Amberg;Amberg;Nord/ Ost;60 Kreuz Nürnberg-Ost (A9 (53));;1;3049988;11914;4;49,39494532;11,19739652;1;81;82308
ABDN;20200728;7;44;44;A006A793,3;SBA A6-Schwabach - Umrüstung 2009;A 006 A 793,3;A6;793,284;;Heilbronn;Amberg;Amberg;Nord/ Ost;60 Kreuz Nürnberg-Ost (A9 (53));;1;3049988;11914;4;49,39509415;11,19736537;2;1,2;82306,82307
ABDN;20200728;7;44;44;A006A793,3;SBA A6-Schwabach - Umrüstung 2009;A 006 A 793,3;A6;793,284;;Heilbronn;Amberg;Amberg;Nord/ Ost;60 Kreuz Nürnberg-Ost (A9 (53));;6;3049988;11914;4;49,39439409;11,19441809;3;1,2,3;82310,82311,82312
ABDN;20200728;7;44;44;A006A793,3;SBA A6-Schwabach - Umrüstung 2009;A 006 A 793,3;A6;793,284;;Heilbronn;München;Amberg;Nord/ Ost;60 Kreuz Nürnberg-Ost (A9 (53));;1;3049988;11914;4;49,39456788;11,1964701;1;65;82309
ABDN;20200728;7;44;44;A006A803,0;DZS 8+1;A 006 A 803,0;A6;803;;Nürnberg;Amberg;Amberg;Nord/ Ost;61 Kreuz Altdorf (A3 (89));AS 62 Altdorf/ Leinburg;6;3050509;11916;13;49,40795024;11,3249826;2;1,2;84198,84199
ABDN;20200728;7;44;44;A006A803,0;DZS 8+1;A 006 A 803,0;A6;803;;Nürnberg;Amberg;Amberg;Nord/ Ost;AS 62 Altdorf/ Leinburg;61 Kreuz Altdorf (A3 (89));1;3050509;11916;13;49,40802806;11,32496912;2;1,2;84137,84138
ABDN;20200728;7;44;44;A006A803,0;DZS 8+1;A 006 A 803,0;A6;803;;Amberg;Nürnberg;Amberg;Süd/ West;61 Kreuz Altdorf (A3 (89));AS 62 Altdorf/ Leinburg;1;3050509;11916;13;49,40827365;11,32493428;2;33,34;84139,84140
ABDN;20200728;7;33;12;A006A853,8;DZS 8+1;A006A853,8;A6;853,84;;Regensburg (B85);Waidhaus;Waidhaus;Nord/ Ost;AS 67 Amberg-Ost;;1;3051568;11920;48;;;1;129;80768
ABDN;20200728;7;33;12;A006A853,8;DZS 8+1;A006A853,8;A6;853,84;;Regensburg (B85);Nürnberg;Waidhaus;Süd/ West;AS 67 Amberg-Ost;;1;3051568;11920;48;;;1;161;80770
ABDN;20200728;7;33;12;A006A853,8;DZS 8+1;A006A853,8;A6;853,84;;Waidhaus;Amberg (B85);Waidhaus;Nord/ Ost;AS 67 Amberg-Ost;;1;3051568;11920;48;;;1;65;80767
ABDN;20200728;7;33;12;A006A853,8;DZS 8+1;A006A853,8;A6;853,84;;Waidhaus;Nürnberg;Waidhaus;Süd/ West;AS 67 Amberg-Ost;;1;3051568;11920;48;;;2;33,34;80765,80766
ABDN;20200728;7;33;12;A006A853,8;DZS 8+1;A006A853,8;A6;853,84;;Nürnberg;Regensburg (B85);Waidhaus;Süd/ West;AS 67 Amberg-Ost;;1;3051568;11920;48;;;1;97;80769
ABDN;20200728;7;33;12;A006A853,8;DZS 8+1;A006A853,8;A6;853,84;;Nürnberg;Waidhaus;Waidhaus;Nord/ Ost;AS 67 Amberg-Ost;;6;3051568;11920;48;;;3;1,2,3;80771,80772,80773
ABDN;20200728;7;33;12;A006A853,8;DZS 8+1;A006A853,8;A6;853,84;;Nürnberg;Waidhaus;Waidhaus;Nord/ Ost;AS 67 Amberg-Ost;;1;3051568;11920;48;;;2;1,2;80763,80764
ABDN;20200728;7;33;12;A006A876,1;DAUZ am AK Oberpfälzer Wald;A006A876,1;A6;876,1;;Nürnberg;Waidhaus;Waidhaus;Nord/ Ost;AK Oberpfälzer Wald;AS Pleystein;6;9234433;36072;1;;;3;1,2,3;80785,80849,80869
ABDN;20200728;7;33;12;A006A876,1;DAUZ am AK Oberpfälzer Wald;A006A876,1;A6;876,1;;Waidhaus;Nürnberg;Waidhaus;Süd/ West;AS Pleystein;AK Oberpfälzer Wald;1;9234433;36072;1;;;2;33,34;80783,80784
ABDN;20200728;7;33;12;A006A876,1;DAUZ am AK Oberpfälzer Wald;A006A876,1;A6;876,1;;Nürnberg;Waidhaus;Waidhaus;Nord/ Ost;AK Oberpfälzer Wald;AS Pleystein;1;9234433;36072;1;;;2;1,2;80781,80782
ABDN;20200728;7;44;44;A006B782,0;SBA A6-Schwabach - Umrüstung 2009;A006B782,0;A6;781,95;;Amberg;Heilbronn;Heilbronn;Süd/ West;58 Kreuz Nürnberg-Süd (A73(-));AS 57 Roth (B2);1;3049226;11911;10;;;3;33,34,35;80330,80331,80370
ABDN;20200728;7;44;44;A006B782,0;SBA A6-Schwabach - Umrüstung 2009;A006B782,0;A6;781,95;;Amberg;Heilbronn;Heilbronn;Süd/ West;58 Kreuz Nürnberg-Süd (A73(-));AS 57 Roth (B2);4;3049226;11911;10;;;8;33,34,35,97,98,105,106,193;80371,80372,80373,80374,80521,80522,80523,80524
ABDN;20200728;7;44;44;A006B782,0;SBA A6-Schwabach - Umrüstung 2009;A006B782,0;A6;781,95;;Amberg;Heilbronn;Heilbronn;Süd/ West;58 Kreuz Nürnberg-Süd (A73(-));AS 57 Roth (B2);6;3049226;11911;10;;;4;1,2,3,4;80526,80527,80528,80548
ABDN;20200728;7;44;44;A006B782,0;SBA A6-Schwabach - Umrüstung 2009;A006B782,0;A6;781,95;;Amberg;Heilbronn;Heilbronn;Süd/ West;58 Kreuz Nürnberg-Süd (A73(-));AS 57 Roth (B2);3;3049226;11911;10;;;1;33;80525
ABDN;20200728;7;44;44;A006B783,6;SBA A6-Schwabach - Umrüstung 2009;A006B783,6;A6;783,55;;Amberg;Heilbronn;Heilbronn;Süd/ West;58 Kreuz Nürnberg-Süd (A73(-));AS 57 Roth (B2);1;3049242;11911;26;;;3;33,34,35;80549,80550,80551
ABDN;20200728;7;44;44;A006B783,6;SBA A6-Schwabach - Umrüstung 2009;A006B783,6;A6;783,55;;Amberg;Heilbronn;Heilbronn;Süd/ West;58 Kreuz Nürnberg-Süd (A73(-));AS 57 Roth (B2);4;3049242;11911;26;;;8;33,34,35,97,98,105,106,193;80552,80553,80554,80555,80556,80557,80665,80666
ABDN;20200728;7;44;44;A006B783,6;SBA A6-Schwabach - Umrüstung 2009;A006B783,6;A6;783,55;;Amberg;Heilbronn;Heilbronn;Süd/ West;58 Kreuz Nürnberg-Süd (A73(-));AS 57 Roth (B2);6;3049242;11911;26;;;4;1,2,3,4;80690,80691,80692,80693
ABDN;20200728;7;44;44;A006B783,6;SBA A6-Schwabach - Umrüstung 2009;A006B783,6;A6;783,55;;Amberg;Heilbronn;Heilbronn;Süd/ West;58 Kreuz Nürnberg-Süd (A73(-));AS 57 Roth (B2);3;3049242;11911;26;;;2;1,33;80688,80689
ABDN;20200728;7;44;44;A006B785,8;SBA A6-Schwabach - Umrüstung 2009;A006B785,8;A6;785,76;;Amberg;Heilbronn;Heilbronn;Süd/ West;58 Kreuz Nürnberg-Süd (A73(-));AS 57 Roth (B2);1;3049264;11911;48;;;3;33,34,35;80450,80451,80452
ABDN;20200728;7;44;44;A006B785,8;SBA A6-Schwabach - Umrüstung 2009;A006B785,8;A6;785,76;;Amberg;Heilbronn;Heilbronn;Süd/ West;58 Kreuz Nürnberg-Süd (A73(-));AS 57 Roth (B2);4;3049264;11911;48;;;8;33,34,35,97,98,105,106,193;80453,80454,80455,80456,80457,80488,80489,80490
ABDN;20200728;7;44;44;A006B785,8;SBA A6-Schwabach - Umrüstung 2009;A006B785,8;A6;785,76;;Amberg;Heilbronn;Heilbronn;Süd/ West;58 Kreuz Nürnberg-Süd (A73(-));AS 57 Roth (B2);6;3049264;11911;48;;;4;1,2,3,4;80613,80614,80615,80616
ABDN;20200728;7;44;44;A006B785,8;SBA A6-Schwabach - Umrüstung 2009;A006B785,8;A6;785,76;;Amberg;Heilbronn;Heilbronn;Süd/ West;58 Kreuz Nürnberg-Süd (A73(-));AS 57 Roth (B2);3;3049264;11911;48;;;7;33,36,37,38,39,40,41;80491,80492,80493,80609,80610,80611,80612
ABDN;20200728;7;44;44;A006B787,4;SBA A6-Schwabach - Umrüstung 2009;A006B787,4;A6;787,38;;Amberg;Heilbronn;Heilbronn;Süd/ West;58 Kreuz Nürnberg-Süd (A73(-));AS 57 Roth (B2);1;3049280;11911;64;;;3;33,34,35;80094,80095,80096
ABDN;20200728;7;44;44;A006B787,4;SBA A6-Schwabach - Umrüstung 2009;A006B787,4;A6;787,38;;Amberg;Heilbronn;Heilbronn;Süd/ West;58 Kreuz Nürnberg-Süd (A73(-));AS 57 Roth (B2);4;3049280;11911;64;;;8;33,34,35,97,98,105,106,193;79372,79373,79374,79375,79376,79431,80097,80098
ABDN;20200728;7;44;44;A006B787,4;SBA A6-Schwabach - Umrüstung 2009;A006B787,4;A6;787,38;;Amberg;Heilbronn;Heilbronn;Süd/ West;58 Kreuz Nürnberg-Süd (A73(-));AS 57 Roth (B2);6;3049280;11911;64;;;4;1,2,3,4;79433,79434,79435,79436
ABDN;20200728;7;44;44;A006B787,4;SBA A6-Schwabach - Umrüstung 2009;A006B787,4;A6;787,38;;Amberg;Heilbronn;Heilbronn;Süd/ West;58 Kreuz Nürnberg-Süd (A73(-));AS 57 Roth (B2);3;3049280;11911;64;;;1;33;79432
ABDN;20200728;7;44;44;A006B788,2;SBA A6-Schwabach - Umbau AK Süd+Ost;A006 B788,2;A6;788,2;;Amberg;Heilbronn;Heilbronn;Süd/ West;58 Kreuz Nürnberg-Süd (A73(-));AS 57 Roth (B2);1;3049289;11911;73;;;2;33,34;82771,82772
ABDN;20200728;7;44;44;A006B788,2;SBA A6-Schwabach - Umbau AK Süd+Ost;A006 B788,2;A6;788,2;;Amberg;Heilbronn;Heilbronn;Süd/ West;58 Kreuz Nürnberg-Süd (A73(-));AS 57 Roth (B2);3;3049289;11911;73;;;3;33,36,41;82774,82775,82776
ABDN;20200728;7;44;44;A006B788,2;SBA A6-Schwabach - Umbau AK Süd+Ost;A006 B788,2;A6;788,2;;Amberg;Heilbronn;Heilbronn;Süd/ West;58 Kreuz Nürnberg-Süd (A73(-));AS 57 Roth (B2);4;3049289;11911;73;;;5;33,34,97,105,193;82777,82778,82780,82781,82782
ABDN;20200728;7;44;44;A006B788,2;SBA A6-Schwabach - Umbau AK Süd+Ost;A006 B788,2;A6;788,2;;Amberg;Heilbronn;Heilbronn;Süd/ West;58 Kreuz Nürnberg-Süd (A73(-));AS 57 Roth (B2);6;3049289;11911;73;;;4;1,2,3,4;82783,82784,82785,82786
ABDN;20200728;7;44;44;A006B788,2;SBA A6-Schwabach - Umbau AK Süd+Ost;A006 B788,2;A6;788,2;;Feucht;Heilbronn;Heilbronn;Süd/ West;58 Kreuz Nürnberg-Süd (A73(-));AS 57 Roth (B2);1;3049289;11911;73;;;1;161;82773
ABDN;20200728;7;44;44;A006B788,2;SBA A6-Schwabach - Umbau AK Süd+Ost;A006 B788,2;A6;788,2;;Feucht;Heilbronn;Heilbronn;Süd/ West;58 Kreuz Nürnberg-Süd (A73(-));AS 57 Roth (B2);4;3049289;11911;73;;;1;35;82779
ABDN;20200728;7;44;44;A006B788,2;SBA A6-Schwabach - Umbau AK Süd+Ost;A006 B788,2;A6;788,2;;Heilbronn;Amberg;Heilbronn;Nord/ Ost;AS 57 Roth (B2);58 Kreuz Nürnberg-Süd (A73(-));1;3049289;11911;73;;;3;1,2,3;79736,82548,82549
ABDN;20200728;7;44;44;A006B789,1;SBA A6-Schwabach - Umbau AK Süd+Ost;A006 B789,1;A6;789,12;;Amberg;München;Heilbronn;Süd/ West;58 Kreuz Nürnberg-Süd (A73(-));;1;3049759;11913;31;;;2;113,114;83010,83011
ABDN;20200728;7;44;44;A006B789,1;SBA A6-Schwabach - Umbau AK Süd+Ost;A006 B789,1;A6;789,12;;Amberg;Heilbronn;Heilbronn;Nord/ Ost;58 Kreuz Nürnberg-Süd (A73(-));;6;3049759;11913;31;;;4;1,2,3,4;83234,83235,83236,83237
ABDN;20200728;7;44;44;A006B789,1;SBA A6-Schwabach - Umbau AK Süd+Ost;A006 B789,1;A6;789,12;;Amberg;Heilbronn;Heilbronn;Süd/ West;58 Kreuz Nürnberg-Süd (A73(-));;1;3049759;11913;31;;;3;33,34,35;83006,83007,83008
ABDN;20200728;7;44;44;A006B789,1;SBA A6-Schwabach - Umbau AK Süd+Ost;A006 B789,1;A6;789,12;;Amberg;Nürnberg;Heilbronn;Süd/ West;58 Kreuz Nürnberg-Süd (A73(-));;1;3049759;11913;31;;;1;97;83009
ABDN;20200728;7;44;44;A006B789,5;SBA A6-Schwabach - Umbau AK Süd+Ost;A006 B789,5;A6;789,45;;Amberg;Heilbronn;Heilbronn;Süd/ West;AS 59 Langwasser ;58 Kreuz Nürnberg-Süd (A73(-));1;3049482;11912;10;49,38368528;11,1454262;3;33,34,35;83238,83239,83240
ABDN;20200728;7;44;44;A006B789,5;SBA A6-Schwabach - Umbau AK Süd+Ost;A006 B789,5;A6;789,45;;Amberg;Heilbronn;Heilbronn;Süd/ West;AS 59 Langwasser ;58 Kreuz Nürnberg-Süd (A73(-));6;3049482;11912;10;49,38375493;11,14547935;4;1,2,3,4;82389,82390,82391,82392
ABDN;20200728;7;44;44;A006B789,5;SBA A6-Schwabach - Umbau AK Süd+Ost;A006 B789,5;A6;789,45;;Amberg;Nürnberg/München;Heilbronn;Süd/ West;AS 59 Langwasser ;58 Kreuz Nürnberg-Süd (A73(-));1;3049482;11912;10;49,38368528;11,1454262;2;97,98;83241,83242
ABDN;20200728;7;44;44;A006B789,5a;SBA A6-Schwabach - Umbau AK Süd+Ost;A006 B789,5a;A6;789,45;;Amberg;Nürnberg/München;Heilbronn;Süd/ West;AS 59 Langwasser ;58 Kreuz Nürnberg-Süd (A73(-));4;3049482;11912;10;49,38368528;11,1454262;5;36,37,99,107,193;82378,82379,82380,83245,83246
ABDN;20200728;7;44;44;A006B789,5a;SBA A6-Schwabach - Umbau AK Süd+Ost;A006 B789,5a;A6;789,45;;Amberg;Nürnberg/München;Heilbronn;Süd/ West;AS 59 Langwasser ;58 Kreuz Nürnberg-Süd (A73(-));3;3049482;11912;10;49,38368528;11,1454262;1;1;83243
ABDN;20200728;7;44;44;A006B789,5b;SBA A6-Schwabach - Umbau AK Süd+Ost;A006 B789,5b;A6;789,45;;Amberg;Heilbronn;Heilbronn;Süd/ West;AS 59 Langwasser ;58 Kreuz Nürnberg-Süd (A73(-));4;3049482;11912;10;49,38368528;11,1454262;8;33,34,35,97,98,105,106,195;82381,82382,82383,82384,82385,82386,82387,82388
ABDN;20200728;7;44;44;A006B789,5b;SBA A6-Schwabach - Umbau AK Süd+Ost;A006 B789,5b;A6;789,45;;Amberg;Heilbronn;Heilbronn;Süd/ West;AS 59 Langwasser ;58 Kreuz Nürnberg-Süd (A73(-));3;3049482;11912;10;49,38368528;11,1454262;1;11;83244
ABDN;20200728;7;44;44;A006B790,4;SBA A6-Schwabach - Umbau AK Süd+Ost;A006 B790,4;A6;790,6;;Amberg;Heilbronn;Heilbronn;Süd/ West;AS 59 Langwasser ;58 Kreuz Nürnberg-Süd (A73(-));4;3049748;11913;20;;;7;167,168,169,170,171,172,195;82943,83158,83159,83160,83161,83162,83163
ABDN;20200728;7;44;44;A006B790,4;SBA A6-Schwabach - Umbau AK Süd+Ost;A006 B790,4;A6;790,6;;Amberg;Heilbronn;Heilbronn;Süd/ West;AS 59 Langwasser ;58 Kreuz Nürnberg-Süd (A73(-));3;3049748;11913;20;;;1;43;82935
ABDN;20200728;7;44;44;A006B790,6;SBA A6-Schwabach - Umbau AK Süd+Ost;A006 B790,6;A6;790,8;;Amberg;Heilbronn;Heilbronn;Süd/ West;AS 59 Langwasser ;58 Kreuz Nürnberg-Süd (A73(-));6;3049748;11913;20;;;3;2,3,4;83165,83166,83167
ABDN;20200728;7;44;44;A006B790,6;SBA A6-Schwabach - Umbau AK Süd+Ost;A006 B790,6;A6;790,6;;Heilbronn;Amberg;Heilbronn;Nord/ Ost;58 Kreuz Nürnberg-Süd (A73(-));AS 59 Langwasser ;1;3049748;11913;20;;;3;1,2,3;82927,82928,82929
ABDN;20200728;7;44;44;A006B790,6;SBA A6-Schwabach - Umbau AK Süd+Ost;A006 B790,6;A6;790,6;;Amberg;Heilbronn;Heilbronn;Süd/ West;AS 59 Langwasser ;58 Kreuz Nürnberg-Süd (A73(-));6;3049748;11913;20;;;1;1;83164
ABDN;20200728;7;44;44;A006B790,6;SBA A6-Schwabach - Umbau AK Süd+Ost;A006 B790,6;A6;790,6;;Amberg;Heilbronn;Heilbronn;Süd/ West;AS 59 Langwasser ;58 Kreuz Nürnberg-Süd (A73(-));1;3049748;11913;20;;;4;33,34,35,57;82930,82931,82932,82933
ABDN;20200728;7;44;44;A006B790,7;SBA A6-Schwabach - Umbau AK Süd+Ost;A006 B790,7;A6;790,6;;Amberg;Heilbronn;Heilbronn;Süd/ West;AS 59 Langwasser ;58 Kreuz Nürnberg-Süd (A73(-));3;3049748;11913;20;;;1;33;82934
ABDN;20200728;7;44;44;A006B790,7;SBA A6-Schwabach - Umbau AK Süd+Ost;A006 B790,7;A6;790,6;;Amberg;Heilbronn;Heilbronn;Süd/ West;AS 59 Langwasser ;58 Kreuz Nürnberg-Süd (A73(-));4;3049748;11913;20;;;7;161,162,163,164,165,166,193;82936,82937,82938,82939,82940,82941,82942
ABDN;20200728;7;44;44;A006B790,8;SBA A6-Schwabach - Umbau AK Süd+Ost;A006 B790,8;A6;790,8;;Amberg;Heilbronn;Heilbronn;Süd/ West;AS 59 Langwasser ;58 Kreuz Nürnberg-Süd (A73(-));1;3049751;11913;23;49,389986;11,16105036;4;33,34,35,57;83171,83172,83173,83174
ABDN;20200728;7;44;44;A006B790,8a;SBA A6-Schwabach - Umbau AK Süd+Ost;A006 B790,8a;A6;790,8;;Amberg;Heilbronn;Heilbronn;Süd/ West;AS 59 Langwasser ;58 Kreuz Nürnberg-Süd (A73(-));4;3049751;11913;23;49,389986;11,16105036;2;36,193;82624,82625
ABDN;20200728;7;44;44;A006B790,8a;SBA A6-Schwabach - Umbau AK Süd+Ost;A006 B790,8a;A6;790,8;;Amberg;Heilbronn;Heilbronn;Süd/ West;AS 59 Langwasser ;58 Kreuz Nürnberg-Süd (A73(-));3;3049751;11913;23;49,389986;11,16105036;1;2;82612
ABDN;20200728;7;44;44;A006B790,8b;SBA A6-Schwabach - Umbau AK Süd+Ost;A006 B790,8b;A6;790,8;;Amberg;Heilbronn;Heilbronn;Süd/ West;AS 59 Langwasser ;58 Kreuz Nürnberg-Süd (A73(-));3;3049751;11913;23;49,389986;11,16105036;1;12;82613
ABDN;20200728;7;44;44;A006B790,8b;SBA A6-Schwabach - Umbau AK Süd+Ost;A006 B790,8b;A6;790,8;;Amberg;Heilbronn;Heilbronn;Süd/ West;AS 59 Langwasser ;58 Kreuz Nürnberg-Süd (A73(-));4;3049751;11913;23;49,389986;11,16105036;8;33,34,35,97,98,105,106,195;82626,82849,82850,82851,82852,82996,82997,82998
ABDN;20200728;7;44;44;A006B791,7;SBA A6-Schwabach - Umbau AK Süd+Ost;A006 B791,7;A6;791,7;;Amberg;Heilbronn;Heilbronn;Süd/ West;AS 59 Langwasser ;;3;3049732;11913;4;49,39168028;11,17311934;1;1;82318
ABDN;20200728;7;44;44;A006B791,7;SBA A6-Schwabach - Umbau AK Süd+Ost;A006 B791,7;A6;791,7;;Amberg;Heilbronn;Heilbronn;Süd/ West;AS 59 Langwasser ;;4;3049732;11913;4;49,39168028;11,17311934;2;33,193;82319,82532
ABDN;20200728;7;44;44;A006B791,7;SBA A6-Schwabach - Umbau AK Süd+Ost;A006 B791,7;A6;791,7;;Amberg;Heilbronn;Heilbronn;Süd/ West;AS 59 Langwasser ;;6;3049732;11913;4;49,39185305;11,17252248;4;1,2,3,4;82533,82534,82535,82536
ABDN;20200728;7;44;44;A006B792,6;SBA A6-Schwabach - Umbau AK Süd+Ost;A006 B792,6;A6;792,55;;Amberg;Heilbronn;Heilbronn;Süd/ West;60 Kreuz Nürnberg-Ost (A9 (53));AS 59 Langwasser ;1;3049991;11914;7;49,39254938;11,18464634;4;33,34,35,57;83222,83223,83224,83225
ABDN;20200728;7;44;44;A006B792,6a;SBA A6-Schwabach - Umbau AK Süd+Ost;A006 B792,6a;A6;792,55;;Amberg;Heilbronn;Heilbronn;Süd/ West;60 Kreuz Nürnberg-Ost (A9 (53));AS 59 Langwasser ;3;3049991;11914;7;49,39254938;11,18464634;1;2;83228
ABDN;20200728;7;44;44;A006B792,6a;SBA A6-Schwabach - Umbau AK Süd+Ost;A006 B792,6a;A6;792,55;;Amberg;Heilbronn;Heilbronn;Süd/ West;60 Kreuz Nürnberg-Ost (A9 (53));AS 59 Langwasser ;4;3049991;11914;7;49,39254938;11,18464634;2;36,193;82225,82226
ABDN;20200728;7;44;44;A006B792,6b;SBA A6-Schwabach - Umbau AK Süd+Ost;A006 B792,6b;A6;792,55;;Amberg;Heilbronn;Heilbronn;Süd/ West;60 Kreuz Nürnberg-Ost (A9 (53));AS 59 Langwasser ;4;3049991;11914;7;49,39254938;11,18464634;8;33,34,35,97,98,105,106,195;82227,82228,82229,82230,82231,82232,82233,82234
ABDN;20200728;7;44;44;A006B792,6b;SBA A6-Schwabach - Umbau AK Süd+Ost;A006 B792,6b;A6;792,55;;Amberg;Heilbronn;Heilbronn;Süd/ West;60 Kreuz Nürnberg-Ost (A9 (53));AS 59 Langwasser ;3;3049991;11914;7;49,39254938;11,18464634;1;12;83229
ABDN;20200728;7;44;44;A006B793,5;SBA A6-Schwabach;A006 B793,5;A6;793,53;;Berlin;Heilbronn;Heilbronn;Süd/ West;60 Kreuz Nürnberg-Ost (A9 (53));;1;3049749;11913;21;49,39737051;11,19780594;1;161;82313
ABDN;20200728;7;44;44;A006B793,5;SBA A6-Schwabach;A006 B793,5;A6;793,53;;Berlin;Heilbronn;Heilbronn;Süd/ West;60 Kreuz Nürnberg-Ost (A9 (53));;6;3049749;11913;21;49,39555374;11,19761563;2;1,2;82086,82087
ABDN;20200728;7;44;44;A006B793,5;SBA A6-Schwabach;A006 B793,5;A6;793,53;;Berlin;Heilbronn;Heilbronn;Süd/ West;60 Kreuz Nürnberg-Ost (A9 (53));;3;3049749;11913;21;49,39550479;11,19759638;1;1;82314
ABDN;20200728;7;44;44;A006B793,5a;SBA A6-Schwabach;A006 B793,5;A6;793,53;;Berlin;Heilbronn;Heilbronn;Süd/ West;60 Kreuz Nürnberg-Ost (A9 (53));;4;3049749;11913;21;49,39746074;11,19772321;4;36,99,107,193;82083,82084,82085,82315
ABDN;20200728;7;44;44;A006B793,6;SBA A6-Schwabach - Umbau AK Süd+Ost;A006 B793,6;A6;793,6;;Amberg;Heilbronn;Heilbronn;Süd/ West;60 Kreuz Nürnberg-Ost (A9 (53));;1;3049750;11913;22;;;3;33,34,177;82088,82148,82149
ABDN;20200728;7;44;44;A006B793,6;SBA A6-Schwabach - Umbau AK Süd+Ost;A006 B793,6;A6;793,6;;Amberg;Heilbronn;Heilbronn;Süd/ West;60 Kreuz Nürnberg-Ost (A9 (53));;3;3049750;11913;22;;;4;3,16,17,33;82152,82153,82154,82155
ABDN;20200728;7;44;44;A006B793,6;SBA A6-Schwabach - Umbau AK Süd+Ost;A006 B793,6;A6;793,6;;Heilbronn;Amberg;Heilbronn;Süd/ West;AS 59 Langwasser ;58 Kreuz Nürnberg-Süd (A73(-));6;3049750;11913;22;;;4;1,2,3,4;83974,83975,83976,83977
ABDN;20200728;7;44;44;A006B793,6a;SBA A6-Schwabach - Umbau AK Süd+Ost;A006 B793,6a;A6;793,6;;Amberg;Heilbronn;Heilbronn;Süd/ West;60 Kreuz Nürnberg-Ost (A9 (53));;4;3049750;11913;22;;;4;35,98,106,193;82156,82157,82158,82159
ABDN;20200728;7;44;44;A006B793,6a;SBA A6-Schwabach - Umbau AK Süd+Ost;A006 B793,6a;A6;793,6;;Amberg;Heilbronn;Heilbronn;Süd/ West;60 Kreuz Nürnberg-Ost (A9 (53));;3;3049750;11913;22;;;1;1;82150
ABDN;20200728;7;44;44;A006B793,6b;SBA A6-Schwabach - Umbau AK Süd+Ost;A006 B793,6b;A6;793,6;;Amberg;Heilbronn;Heilbronn;Süd/ West;60 Kreuz Nürnberg-Ost (A9 (53));;4;3049750;11913;22;;;5;33,34,97,105,195;82160,83911,83912,83913,83973
ABDN;20200728;7;44;44;A006B793,6b;SBA A6-Schwabach - Umbau AK Süd+Ost;A006 B793,6b;A6;793,6;;Amberg;Heilbronn;Heilbronn;Süd/ West;60 Kreuz Nürnberg-Ost (A9 (53));;3;3049750;11913;22;;;1;11;82151
ABDN;20200728;7;44;44;A006B794,2;SBA A6-Schwabach - Umrüstung 2009;A 006 B 794,1;A6;794,13;;Amberg;Berlin;Heilbronn;Süd/ West;60 Kreuz Nürnberg-Ost (A9 (53));;1;3049989;11914;5;49,39712436;11,20649495;1;113;83980
ABDN;20200728;7;44;44;A006B794,2;SBA A6-Schwabach - Umrüstung 2009;A 006 B 794,1;A6;794,13;;Amberg;Heilbronn;Heilbronn;Nord/ Ost;60 Kreuz Nürnberg-Ost (A9 (53));;6;3049989;11914;5;49,39720946;11,20645119;3;1,2,3;83984,83985,83986
ABDN;20200728;7;44;44;A006B794,2;SBA A6-Schwabach - Umrüstung 2009;A 006 B 794,1;A6;794,13;;Amberg;Heilbronn;Heilbronn;Süd/ West;60 Kreuz Nürnberg-Ost (A9 (53));;1;3049989;11914;5;49,39712436;11,20649495;2;33,34;83978,83979
ABDN;20200728;7;44;44;A006B794,2;SBA A6-Schwabach - Umrüstung 2009;A 006 B 794,1;A6;794,13;;München;Amberg;Heilbronn;Nord/ Ost;60 Kreuz Nürnberg-Ost (A9 (53));;1;3049989;11914;5;49,39676324;11,20624961;1;145;83983
ABDN;20200728;7;44;44;A006B794,2;SBA A6-Schwabach - Umrüstung 2009;A 006 B 794,1;A6;794,13;;Heilbronn;Amberg;Heilbronn;Nord/ Ost;60 Kreuz Nürnberg-Ost (A9 (53));;1;3049989;11914;5;49,39676324;11,20624961;2;1,2;83981,83982
ABDN;20200728;7;44;44;A006B794,6;SBA A6-Schwabach;A006 B794,6;A6;794,655;;Amberg;Heilbronn;Heilbronn;Süd/ West;61 Kreuz Altdorf (A3 (89));60 Kreuz Nürnberg-Ost (A9 (53));6;3049994;11914;10;49,39820732;11,21231068;2;1,2;84050,84051
ABDN;20200728;7;44;44;A006B794,6;SBA A6-Schwabach;A006 B794,6;A6;794,655;;Amberg;Heilbronn;Heilbronn;Süd/ West;61 Kreuz Altdorf (A3 (89));60 Kreuz Nürnberg-Ost (A9 (53));4;3049994;11914;10;49,39817078;11,21219852;5;33,34,97,105,193;83992,84046,84047,84048,84049
ABDN;20200728;7;44;44;A006B794,6;SBA A6-Schwabach;A006 B794,6;A6;794,655;;Heilbronn;Amberg;Heilbronn;Nord/ Ost;60 Kreuz Nürnberg-Ost (A9 (53));61 Kreuz Altdorf (A3 (89));1;3049994;11914;10;49,39796251;11,21240725;2;1,2;83990,83991
ABDN;20200728;7;44;44;A006B794,6;SBA A6-Schwabach;A006 B794,6;A6;794,655;;Amberg;Heilbronn;Heilbronn;Süd/ West;61 Kreuz Altdorf (A3 (89));60 Kreuz Nürnberg-Ost (A9 (53));1;3049994;11914;10;49,39819029;11,2123025;2;33,34;83988,83989
ABDN;20200728;7;44;44;A006B794,6;SBA A6-Schwabach;A006 B794,6;A6;794,655;;Amberg;Heilbronn;Heilbronn;Süd/ West;61 Kreuz Altdorf (A3 (89));60 Kreuz Nürnberg-Ost (A9 (53));1;3049994;11914;10;49,39820732;11,21231068;1;193;83987
ABDN;20200728;7;44;44;A006B794,7;DZS 8+1;A 006 B 794,7;A6;794,66;;Heilbronn;Amberg;Heilbronn;Nord/ Ost;60 Kreuz Nürnberg-Ost (A9 (53));61 Kreuz Altdorf (A3 (89));1;3049995;11914;11;;;2;1,2;84052,84053
ABDN;20200728;7;44;44;A006B794,7;DZS 8+1;A 006 B 794,7;A6;794,66;;Amberg;Heilbronn;Heilbronn;Süd/ West;61 Kreuz Altdorf (A3 (89));60 Kreuz Nürnberg-Ost (A9 (53));1;3049995;11914;11;;;2;33,34;84054,84055
ABDN;20200728;7;44;44;A006B797,0;NBA Nürnberg-Ost;A006B797,0;A6;797;;Amberg;Heilbronn;Heilbronn;Süd/ West;61 Kreuz Altdorf (A3 (89));60 Kreuz Nürnberg-Ost (A9 (53));1;3050145;11914;161;49,40247418;11,24066975;2;33,34;84058,84059
ABDN;20200728;7;44;44;A006B797,0;NBA Nürnberg-Ost;A006B797,0;A6;797;;Heilbronn;Amberg;Heilbronn;Nord/ Ost;60 Kreuz Nürnberg-Ost (A9 (53));61 Kreuz Altdorf (A3 (89));1;3050145;11914;161;49,40223618;11,24071102;2;1,2;84056,84057
ABDN;20200728;7;44;44;A006B797,0;NBA Nürnberg-Ost;A006B797,0;A6;797;;Amberg;Heilbronn;Heilbronn;Süd/ West;61 Kreuz Altdorf (A3 (89));60 Kreuz Nürnberg-Ost (A9 (53));6;3050145;11914;161;49,40251963;11,24058675;2;1,2;84060,84061
ABDN;20200728;7;44;44;A006B800,7;NBA Nürnberg-Ost - Umrüstung 2009;A006B800,7;A6;800,7;;Amberg;Nürnberg;Heilbronn;Nord/ Ost;61 Kreuz Altdorf (A3 (89));;6;3050182;11914;198;49,40350922;11,29480902;3;1,2,3;84123,84124,84125
ABDN;20200728;7;44;44;A006B800,7;NBA Nürnberg-Ost - Umrüstung 2009;A006B800,7;A6;800,7;;Amberg;Nürnberg;Heilbronn;Süd/ West;61 Kreuz Altdorf (A3 (89));;1;3050182;11914;198;49,40320612;11,29428992;2;33,34;84064,84065
ABDN;20200728;7;44;44;A006B800,7;NBA Nürnberg-Ost - Umrüstung 2009;A006B800,7;A6;800,7;;Amberg;Nürnberg;Heilbronn;Süd/ West;61 Kreuz Altdorf (A3 (89));;1;3050182;11914;198;49,40344314;11,29485026;1;177;84122
ABDN;20200728;7;44;44;A006B800,7;NBA Nürnberg-Ost - Umrüstung 2009;A006B800,7;A6;800,7;;Nürnberg;Amberg;Heilbronn;Nord/ Ost;61 Kreuz Altdorf (A3 (89));;1;3050182;11914;198;49,40286459;11,29437491;1;81;84120
ABDN;20200728;7;44;44;A006B800,7;NBA Nürnberg-Ost - Umrüstung 2009;A006B800,7;A6;800,7;;Nürnberg;Amberg;Heilbronn;Nord/ Ost;61 Kreuz Altdorf (A3 (89));;1;3050182;11914;198;49,40295929;11,29432176;2;1,2;84062,84063
ABDN;20200728;7;44;44;A006B800,7;NBA Nürnberg-Ost - Umrüstung 2009;A006B800,7;A6;800,7;;Nürnberg;Regensburg;Heilbronn;Nord/ Ost;61 Kreuz Altdorf (A3 (89));;1;3050182;11914;198;49,40281424;11,29438851;1;65;84066
ABDN;20200728;7;44;44;A006B800,7;NBA Nürnberg-Ost - Umrüstung 2009;A006B800,7;A6;800,7;;Würzburg;Nürnberg;Heilbronn;Süd/ West;61 Kreuz Altdorf (A3 (89));;1;3050182;11914;198;49,4033748;11,29422278;1;161;84121
ABDN;20200728;7;44;44;A006B801,4;NBA Nürnberg-Ost - Umrüstung 2009;A006B801,4;A6;801,4;;Amberg;Nürnberg;Heilbronn;Süd/ West;61 Kreuz Altdorf (A3 (89));;1;3050371;11915;131;49,40541036;11,30375855;2;33,34;84128,84129
ABDN;20200728;7;44;44;A006B801,4;NBA Nürnberg-Ost - Umrüstung 2009;A006B801,4;A6;801,4;;Amberg;Nürnberg;Heilbronn;Süd/ West;61 Kreuz Altdorf (A3 (89));;1;3050371;11915;131;49,40550826;11,30370475;1;113;84131
ABDN;20200728;7;44;44;A006B801,4;NBA Nürnberg-Ost - Umrüstung 2009;A006B801,4;A6;801,4;;Amberg;Würzburg;Heilbronn;Süd/ West;61 Kreuz Altdorf (A3 (89));;1;3050371;11915;131;49,40556165;11,30367956;1;97;84130
ABDN;20200728;7;44;44;A006B801,4;NBA Nürnberg-Ost - Umrüstung 2009;A006B801,4;A6;801,4;;Nürnberg;Amberg;Heilbronn;Nord/ Ost;61 Kreuz Altdorf (A3 (89));;1;3050371;11915;131;49,40489824;11,30307282;1;145;84133
ABDN;20200728;7;44;44;A006B801,4;NBA Nürnberg-Ost - Umrüstung 2009;A006B801,4;A6;801,4;;Nürnberg;Amberg;Heilbronn;Nord/ Ost;61 Kreuz Altdorf (A3 (89));;1;3050371;11915;131;49,40499723;11,30301908;2;1,2;84126,84127
ABDN;20200728;7;44;44;A006B801,4;NBA Nürnberg-Ost - Umrüstung 2009;A006B801,4;A6;801,4;;Regensburg;Amberg;Heilbronn;Nord/ Ost;61 Kreuz Altdorf (A3 (89));;1;3050371;11915;131;49,40482676;11,30310948;1;129;84132
ABDN;20200728;7;44;44;A006B801,4;NBA Nürnberg-Ost - Umrüstung 2009;A006B801,4;A6;801,4;;Amberg;Nürnberg;Heilbronn;Nord/ Ost;61 Kreuz Altdorf (A3 (89));;6;3050371;11915;131;49,40540755;11,30276193;3;1,2,3;84134,84135,84136
ABDN;20200728;7;44;44;A006B820,2;DZS 8+1;A 006 B 820,2;A6;820,2;;Amberg;Nürnberg;Heilbronn;Süd/ West;AS 63 Alsfeld;AS 64 Sulzbach-Rosenberg;1;3050654;11916;158;49,40950918;11,54570222;2;33,34;84202,84203
ABDN;20200728;7;44;44;A006B820,2;DZS 8+1;A 006 B 820,2;A6;820,2;;Amberg;Nürnberg;Heilbronn;Süd/ West;AS 63 Alsfeld;AS 64 Sulzbach-Rosenberg;6;3050654;11916;158;49,40955058;11,54567468;2;1,2;84204,84205
ABDN;20200728;7;44;44;A006B820,2;DZS 8+1;A 006 B 820,2;A6;820,2;;Nürnberg;Amberg;Heilbronn;Nord/ Ost;AS 64 Sulzbach-Rosenberg;AS 63 Alsfeld;1;3050654;11916;158;49,4097489;11,54738449;2;1,2;84200,84201
ABDN;20200728;7;33;12;A006B872,2;DAUZ am AK Oberpfälzer Wald;A006B872,2;A6;872,2;;Nürnberg;Waidhaus;Amberg;Nord/ Ost;AK Oberpfälzer Wald;AS Nabburg-West;1;9234432;36072;0;;;2;1,2;80774,80775
ABDN;20200728;7;33;12;A006B872,2;DAUZ am AK Oberpfälzer Wald;A006B872,2;A6;872,2;;Waidhaus;Nürnberg;Amberg;Süd/ West;AS Nabburg-West;AK Oberpfälzer Wald;1;9234432;36072;0;;;2;33,34;80776,80777
ABDN;20200728;7;33;12;A006B872,2;DAUZ am AK Oberpfälzer Wald;A006B872,2;A6;872,2;;Waidhaus;Nürnberg;Amberg;Süd/ West;AK Oberpfälzer Wald;AS Nabburg-West;6;9234432;36072;0;;;3;1,2,3;80778,80779,80780
ABDN;20200728;7;32;27;A009A255,0;DZS 8+1;A 009 A 255,0;A9;255;;Berlin;Plauen;München;Süd/ West;33 Dreieck Bayerisches Vogtland (A72(-));;1;3270440;12775;40;50,32856587;11,7895093;1;97;81102
ABDN;20200728;7;32;27;A009A255,0;DZS 8+1;A 009 A 255,0;A9;255;;Berlin;Nürnberg;München;Süd/ West;33 Dreieck Bayerisches Vogtland (A72(-));;1;3270440;12775;40;50,32859705;11,78987849;3;33,34,35;81036,81100,81101
ABDN;20200728;7;32;27;A009A255,0;DZS 8+1;A 009 A 255,0;A9;255;;Berlin;Nürnberg;München;Süd/ West;33 Dreieck Bayerisches Vogtland (A72(-));;6;3270440;12775;40;50,32859012;11,78983331;1;1;81103
ABDN;20200728;7;32;27;A009A257,2;DZS 8+1;A 009 B 257,2;A9;257,212;;Berlin;Nürnberg;Berlin;Süd/ West;33 Dreieck Bayerisches Vogtland (A72(-));AS 34 Hof-West (B15);1;3270158;12774;14;50,31018153;11,80154532;3;33,34,35;81107,81108,81109
ABDN;20200728;7;32;27;A009A267,8;SBA A9 M-Senke;A009 A267,8;A9;267,791;;Berlin;Nürnberg;Nürnberg;Süd/ West;A9 Hof/West;A9 Münchberg-Nord;6;3269972;12773;84;;;3;1,2,3;82028,82029,82030
ABDN;20200728;7;32;27;A009A267,8;SBA A9 M-Senke;A009 A267,8;A9;267,791;;Berlin;Nürnberg;Nürnberg;Süd/ West;A9 Hof/West;A9 Münchberg-Nord;4;3269972;12773;84;;;7;161,162,163,164,167,168,193;82020,82021,82022,82023,82024,82025,82026
ABDN;20200728;7;32;27;A009A267,8;SBA A9 M-Senke;A009 A267,8;A9;267,791;;Berlin;Nürnberg;Nürnberg;Süd/ West;A9 Hof/West;A9 Münchberg-Nord;3;3269972;12773;84;;;1;1;82027
ABDN;20200728;7;32;27;A009A267,8;SBA A9 M-Senke;A009 A267,8;A9;267,791;;Berlin;Nürnberg;Nürnberg;Süd/ West;A9 Hof/West;A9 Münchberg-Nord;1;3269972;12773;84;;;3;33,34,35;82017,82018,82019
ABDN;20200728;7;32;27;A009A269,1;SBA A9 M-Senke;A009 A269,1;A9;269,088;;Berlin;Nürnberg;Nürnberg;Süd/ West;A9 Hof/West;A9 Münchberg-Nord;1;3269985;12773;97;;;3;33,34,35;80786,80803,82031
ABDN;20200728;7;32;27;A009A269,1;SBA A9 M-Senke;A009 A269,1;A9;269,088;;Berlin;Nürnberg;Nürnberg;Süd/ West;A9 Hof/West;A9 Münchberg-Nord;3;3269985;12773;97;;;1;1;80794
ABDN;20200728;7;32;27;A009A269,1;SBA A9 M-Senke;A009 A269,1;A9;269,088;;Berlin;Nürnberg;Nürnberg;Süd/ West;A9 Hof/West;A9 Münchberg-Nord;4;3269985;12773;97;;;7;161,162,163,164,167,168,193;80787,80788,80789,80790,80791,80792,80793
ABDN;20200728;7;32;27;A009A269,1;SBA A9 M-Senke;A009 A269,1;A9;269,088;;Berlin;Nürnberg;Nürnberg;Süd/ West;A9 Hof/West;A9 Münchberg-Nord;6;3269985;12773;97;;;3;1,2,3;80795,80796,80797
ABDN;20200728;7;32;27;A009A269,6;UV Los 1;A 009 B 269,6;A9;269,6;;Berlin;Nürnberg;Berlin;Süd/ West;AS 35 Münchberg-Nord;;1;3269634;12772;2;50,20771504;11,77781955;3;33,34,35;80859,80860,80861
ABDN;20200728;7;32;27;A009A269,6;UV Los 1;A 009 B 269,6;A9;269,6;;Berlin;Helmbrechts;Berlin;Süd/ West;AS 35 Münchberg-Nord;;1;3269634;12772;2;50,20779479;11,77724252;1;97;80862
ABDN;20200728;7;32;27;A009A269,6;UV Los 1;A 009 B 269,6;A9;269,6;;Helmbrechts;Nürnberg;Berlin;Süd/ West;AS 35 Münchberg-Nord;;1;3269634;12772;2;50,20776053;11,77723534;1;161;80863
ABDN;20200728;7;32;27;A009A270,5;SBA A9 M-Senke;A009 A270,5;A9;270,513;;Berlin;Nürnberg;Nürnberg;Süd/ West;A9 Münchberg-Nord;A9 Münchberg-Süd;1;3269641;12772;9;;;3;33,34,35;80891,80892,80972
ABDN;20200728;7;32;27;A009A270,5;SBA A9 M-Senke;A009 A270,5;A9;270,513;;Berlin;Nürnberg;Nürnberg;Süd/ West;A9 Münchberg-Nord;A9 Münchberg-Süd;3;3269641;12772;9;;;10;1,2,3,4,5,6,7,8,9,11;80961,80962,80963,80964,80965,80966,80967,80968,80969,80970
ABDN;20200728;7;32;27;A009A270,5;SBA A9 M-Senke;A009 A270,5;A9;270,513;;Berlin;Nürnberg;Nürnberg;Süd/ West;A9 Münchberg-Nord;A9 Münchberg-Süd;6;3269641;12772;9;;;3;1,2,3;80971,80973,80974
ABDN;20200728;7;32;27;A009A270,5;SBA A9 M-Senke;A009 A270,5;A9;270,513;;Berlin;Nürnberg;Nürnberg;Süd/ West;A9 Münchberg-Nord;A9 Münchberg-Süd;4;3269641;12772;9;;;7;161,162,163,164,167,168,193;80954,80955,80956,80957,80958,80959,80960
ABDN;20200728;7;32;27;A009A272,5;SBA A9 M-Senke;A009 A272,5;A9;272,458;;Berlin;Nürnberg;Nürnberg;Süd/ West;A9 Münchberg-Nord;A9 Münchberg-Süd;6;3269660;12772;28;;;3;1,2,3;81047,81048,81049
ABDN;20200728;7;32;27;A009A272,5;SBA A9 M-Senke;A009 A272,5;A9;272,458;;Berlin;Nürnberg;Nürnberg;Süd/ West;A9 Münchberg-Nord;A9 Münchberg-Süd;4;3269660;12772;28;;;7;161,162,163,164,167,168,193;81039,81040,81041,81042,81043,81044,81045
ABDN;20200728;7;32;27;A009A272,5;SBA A9 M-Senke;A009 A272,5;A9;272,458;;Berlin;Nürnberg;Nürnberg;Süd/ West;A9 Münchberg-Nord;A9 Münchberg-Süd;3;3269660;12772;28;;;1;1;81046
ABDN;20200728;7;32;27;A009A272,5;SBA A9 M-Senke;A009 A272,5;A9;272,458;;Berlin;Nürnberg;Nürnberg;Süd/ West;A9 Münchberg-Nord;A9 Münchberg-Süd;1;3269660;12772;28;;;3;33,34,35;81037,81038,81054
ABDN;20200728;7;32;27;A009A273,7;SBA A9 M-Senke;A009 A273,7;A9;273,726;;Berlin;Nürnberg;Nürnberg;Süd/ West;A9 Münchberg-Nord;A9 Münchberg-Süd;1;3269673;12772;41;;;3;33,34,35;81050,81051,81052
ABDN;20200728;7;32;27;A009A273,7;SBA A9 M-Senke;A009 A273,7;A9;273,726;;Berlin;Nürnberg;Nürnberg;Süd/ West;A9 Münchberg-Nord;A9 Münchberg-Süd;3;3269673;12772;41;;;10;1,2,3,4,5,6,7,8,9,11;81125,81126,81127,81128,81129,81130,81131,81132,81133,81134
ABDN;20200728;7;32;27;A009A273,7;SBA A9 M-Senke;A009 A273,7;A9;273,726;;Berlin;Nürnberg;Nürnberg;Süd/ West;A9 Münchberg-Nord;A9 Münchberg-Süd;4;3269673;12772;41;;;7;161,162,163,164,167,168,193;81053,81055,81056,81121,81122,81123,81124
ABDN;20200728;7;32;27;A009A273,7;SBA A9 M-Senke;A009 A273,7;A9;273,726;;Berlin;Nürnberg;Nürnberg;Süd/ West;A9 Münchberg-Nord;A9 Münchberg-Süd;6;3269673;12772;41;;;3;1,2,3;81135,81136,81137
ABDN;20200728;7;32;27;A009A275,4;SBA A9 M-Senke;A009 A275,4;A9;275,45;;Berlin;Nürnberg;Nürnberg;Süd/ West;A9 Münchberg-Süd;A9 Gefrees;1;3269382;12771;6;;;3;33,34,35;81932,81933,81934
ABDN;20200728;7;32;27;A009A275,4;SBA A9 M-Senke;A009 A275,4;A9;275,45;;Berlin;Nürnberg;Nürnberg;Süd/ West;A9 Münchberg-Süd;A9 Gefrees;3;3269382;12771;6;;;1;1;81942
ABDN;20200728;7;32;27;A009A275,4;SBA A9 M-Senke;A009 A275,4;A9;275,45;;Berlin;Nürnberg;Nürnberg;Süd/ West;A9 Münchberg-Süd;A9 Gefrees;4;3269382;12771;6;;;7;161,162,163,164,167,168,193;81935,81936,81937,81938,81939,81940,81941
ABDN;20200728;7;32;27;A009A275,4;SBA A9 M-Senke;A009 A275,4;A9;275,45;;Berlin;Nürnberg;Nürnberg;Süd/ West;A9 Münchberg-Süd;A9 Gefrees;6;3269382;12771;6;;;3;1,2,3;81943,81944,81945
ABDN;20200728;7;42;42;A009A293,7;DZS 8+1;A 009 B 293,7;A9;293,7;;Berlin;Nürnberg;Berlin;Süd/ West;AS 39 Bad Berneck i.F. (B303);40a Dreieck Bayreuth/ Kulmbach (A70(26));1;3268637;12768;29;50,03690086;11,60935563;3;33,34,35;84366,84367,84368
ABDN;20200728;7;42;42;A009A295,0;DZS 8+1;A 009 A 295,0;A9;295;;Berlin;Bamberg;München;Süd/ West;40a Dreieck Bayreuth/ Kulmbach (A70(26));;1;3268643;12768;35;50,02636067;11,60514859;2;97,98;84354,84355
ABDN;20200728;7;42;42;A009A295,0;DZS 8+1;A 009 A 295,0;A9;295;;Berlin;Nürnberg;München;Süd/ West;40a Dreieck Bayreuth/ Kulmbach (A70(26));;1;3268643;12768;35;50,02518642;11,60496935;3;33,34,35;84293,84294,84295
ABDN;20200728;7;42;42;A009A295,0;DZS 8+1;A 009 A 295,0;A9;295;;Bamberg;Nürnberg;München;Süd/ West;40a Dreieck Bayreuth/ Kulmbach (A70(26));;1;3268643;12768;35;50,02268171;11,6038515;2;161,162;84359,84360
ABDN;20200728;7;42;42;A009A302,4;UV Los 1;A 009 B 302,4;A9;302,355;;Berlin;Bayreuth;München;Süd/ West;AS 41 Bayreuth-Nord (B2);;1;3268423;12767;71;49,95787862;11,60613356;2;97,98;84285,84286
ABDN;20200728;7;42;42;A009A302,4;UV Los 1;A 009 B 302,4;A9;302,355;;Bayreuth;Nürnberg;München;Süd/ West;AS 41 Bayreuth-Nord (B2);;1;3268423;12767;71;49,95687388;11,60622032;1;161;84287
ABDN;20200728;7;42;42;A009A302,4;UV Los 1;A 009 B 302,4;A9;302,355;;Berlin;Nürnberg;München;Süd/ West;AS 41 Bayreuth-Nord (B2);;1;3268423;12767;71;49,95711689;11,60645105;3;33,34,35;84280,84281,84282
ABDN;20200728;7;42;42;A009A303,5;;A 009 A 303,5;A9;303,846;;Berlin;Nürnberg;Berlin;Süd/ West;AS Bayreuth-Nord;AS Bayreuth-Süd;1;3268096;12766;0;;;3;41,42,43;84216,84217,84218
ABDN;20200728;7;42;42;A009A303,5;;A 009 A 303,5;A9;303,546;;Berlin;Nürnberg;Berlin;Süd/ West;AS Bayreuth-Nord;AS Bayreuth-Süd;1;3268096;12766;0;;;4;33,34,35,161;84209,84210,84211,84212
ABDN;20200728;7;42;42;A009A304,0;;A 009 A 304,0;A9;304,046;;Berlin;Nürnberg;Berlin;Süd/ West;AS Bayreuth-Nord;AS Bayreuth-Süd;1;3268101;12766;5;;;3;33,34,35;84219,84220,84221
ABDN;20200728;7;42;42;A009A334,2;DZS 8+1;A 009 B 334,2;A9;334,21;;Berlin;Nürnberg;Berlin;Süd/ West;AS 44 Pegnitz (B85/ B470);;1;3267702;12764;118;49,73130374;11,51206671;3;33,34,35;84373,84428,84429
ABDN;20200728;7;42;42;A009A334,2;DZS 8+1;A 009 B 334,2;A9;334,21;;Berlin;Nürnberg;Berlin;Süd/ West;AS 44 Pegnitz (B85/ B470);;1;3267702;12764;118;49,73190282;11,51100324;1;97;84432
ABDN;20200728;7;42;42;A009A334,2;DZS 8+1;A 009 B 334,2;A9;334,21;;Nürnberg;Nürnberg;Berlin;Süd/ West;AS 44 Pegnitz (B85/ B470);;1;3267702;12764;118;49,73184583;11,51092884;1;161;84433
ABDN;20200728;7;40;31;A009A361,5;SBA A9 Fischbach;;A9;361,499;;;;München;Süd/ West;AS 48 Schnaittach;AS 49 Lauf/ Hersbruck (B14);1;3265314;12755;34;;;3;33,34,35;82356,82357,82414
ABDN;20200728;7;40;31;A009A361,5;SBA A9 Fischbach;;A9;361,499;;;;München;Süd/ West;AS 48 Schnaittach;AS 49 Lauf/ Hersbruck (B14);3;3265314;12755;34;;;1;61;82415
ABDN;20200728;7;40;31;A009A361,5;SBA A9 Fischbach;;A9;361,499;;;;München;Süd/ West;AS 48 Schnaittach;AS 49 Lauf/ Hersbruck (B14);4;3265314;12755;34;;;8;33,34,35,97,98,105,106,193;82416,82417,82418,82419,82420,82421,82422,82423
ABDN;20200728;7;40;31;A009A361,5;SBA A9 Fischbach;;A9;361,499;;;;München;Süd/ West;AS 48 Schnaittach;AS 49 Lauf/ Hersbruck (B14);6;3265314;12755;34;;;4;1,2,3,4;82424,82425,82426,82427
ABDN;20200728;7;40;31;A009A362,6;SBA A9 Fischbach;;A9;362,603;;;;München;Süd/ West;AS 48 Schnaittach;AS 49 Lauf/ Hersbruck (B14);1;3265303;12755;23;;;3;33,34,35;82428,82429,82430
ABDN;20200728;7;40;31;A009A362,6;SBA A9 Fischbach;;A9;362,603;;;;München;Süd/ West;AS 48 Schnaittach;AS 49 Lauf/ Hersbruck (B14);3;3265303;12755;23;;;7;48,53,55,61,70,71,72;82431,82432,82433,82494,82495,82496,82497
ABDN;20200728;7;40;31;A009A362,6;SBA A9 Fischbach;;A9;362,603;;;;München;Süd/ West;AS 48 Schnaittach;AS 49 Lauf/ Hersbruck (B14);4;3265303;12755;23;;;8;33,34,35,97,98,105,106,193;82264,82265,82266,82267,82268,82269,82498,82499
ABDN;20200728;7;40;31;A009A362,6;SBA A9 Fischbach;;A9;362,603;;;;München;Süd/ West;AS 48 Schnaittach;AS 49 Lauf/ Hersbruck (B14);6;3265303;12755;23;;;4;1,2,3,4;82270,82271,82272,82273
ABDN;20200728;7;40;31;A009A363,7;SBA A9 Fischbach;;A9;363,704;;;;München;Süd/ West;AS 48 Schnaittach;AS 49 Lauf/ Hersbruck (B14);1;3265292;12755;12;;;3;33,34,35;82274,82275,82276
ABDN;20200728;7;40;31;A009A363,7;SBA A9 Fischbach;;A9;363,704;;;;München;Süd/ West;AS 48 Schnaittach;AS 49 Lauf/ Hersbruck (B14);3;3265292;12755;12;;;1;61;82277
ABDN;20200728;7;40;31;A009A363,7;SBA A9 Fischbach;;A9;363,704;;;;München;Süd/ West;AS 48 Schnaittach;AS 49 Lauf/ Hersbruck (B14);4;3265292;12755;12;;;8;33,34,35,97,98,105,106,193;78764,78765,78766,82278,82339,82340,82341,82342
ABDN;20200728;7;40;31;A009A363,7;SBA A9 Fischbach;;A9;363,704;;;;München;Süd/ West;AS 48 Schnaittach;AS 49 Lauf/ Hersbruck (B14);6;3265292;12755;12;;;4;1,2,3,4;78767,78768,78769,78770
ABDN;20200728;7;40;31;A009A364,9;SBA A9 Fischbach;;A9;364,886;;;;München;Süd/ West;AS 48 Schnaittach;AS 49 Lauf/ Hersbruck (B14);6;3265280;12755;0;;;4;1,2,3,4;78787,78788,78789,78790
ABDN;20200728;7;40;31;A009A364,9;SBA A9 Fischbach;;A9;364,886;;;;München;Süd/ West;AS 48 Schnaittach;AS 49 Lauf/ Hersbruck (B14);1;3265280;12755;0;;;3;33,34,35;78771,78772,78773
ABDN;20200728;7;40;31;A009A364,9a;SBA A9 Fischbach;;A9;364,886;;;;München;Süd/ West;AS 48 Schnaittach;AS 49 Lauf/ Hersbruck (B14);4;3265280;12755;0;;;8;33,34,35,97,98,105,106,193;78775,78776,78777,78778,78779,78780,78781,78782
ABDN;20200728;7;40;31;A009A364,9a;SBA A9 Fischbach;;A9;364,886;;;;München;Süd/ West;AS 48 Schnaittach;AS 49 Lauf/ Hersbruck (B14);3;3265280;12755;0;;;1;61;78774
ABDN;20200728;7;40;31;A009A364,9b;SBA A9 Fischbach;;A9;364,886;;;;München;Süd/ West;AS 48 Schnaittach;AS 49 Lauf/ Hersbruck (B14);4;3265280;12755;0;;;4;161,163,167,195;78783,78784,78785,78786
ABDN;20200728;7;40;31;A009A366,2;SBA A9 Fischbach;;A9;366,171;;;;München;Süd/ West;AS 49 Lauf/ Hersbruck (B14);AS 50 Lauf;1;3265036;12754;12;;;3;33,34,35;78791,78792,78793
ABDN;20200728;7;40;31;A009A366,2;SBA A9 Fischbach;;A9;366,171;;;;München;Süd/ West;AS 49 Lauf/ Hersbruck (B14);AS 50 Lauf;3;3265036;12754;12;;;1;61;78794
ABDN;20200728;7;40;31;A009A366,2;SBA A9 Fischbach;;A9;366,171;;;;München;Süd/ West;AS 49 Lauf/ Hersbruck (B14);AS 50 Lauf;4;3265036;12754;12;;;8;33,34,35,97,98,105,106,193;78795,78796,78797,78798,78799,78800,78801,78802
ABDN;20200728;7;40;31;A009A366,2;SBA A9 Fischbach;;A9;366,171;;;;München;Süd/ West;AS 49 Lauf/ Hersbruck (B14);AS 50 Lauf;6;3265036;12754;12;;;4;1,2,3,4;78803,78804,78805,78806
ABDN;20200728;7;40;31;A009A367,6;SBA A9 Fischbach;;A9;367,591;;;;München;Süd/ West;AS 50 Lauf;51 AK Kreuz Nürnberg (A3 (88));3;3264820;12753;52;;;7;48,53,55,61,70,71,72;78810,78811,78812,78813,78814,78815,78816
ABDN;20200728;7;40;31;A009A367,6;SBA A9 Fischbach;;A9;367,591;;;;München;Süd/ West;AS 50 Lauf;51 AK Kreuz Nürnberg (A3 (88));4;3264820;12753;52;;;8;33,34,35,97,98,105,106,193;78817,78818,78819,78820,78821,78822,78823,78824
ABDN;20200728;7;40;31;A009A367,6;SBA A9 Fischbach;;A9;367,591;;;;München;Süd/ West;AS 50 Lauf;51 AK Kreuz Nürnberg (A3 (88));6;3264820;12753;52;;;4;1,2,3,4;78825,78826,78827,78828
ABDN;20200728;7;40;31;A009A367,6;SBA A9 Fischbach;;A9;367,591;;;;München;Süd/ West;AS 50 Lauf;51 AK Kreuz Nürnberg (A3 (88));1;3264820;12753;52;;;3;33,34,35;78807,78808,78809
ABDN;20200728;7;40;31;A009A368,6;SBA A9 Fischbach;;A9;368,577;;;;München;Süd/ West;AS 50 Lauf;51 AK Kreuz Nürnberg (A3 (88));6;3264810;12753;42;;;4;1,2,3,4;78841,78842,78843,78844
ABDN;20200728;7;40;31;A009A368,6;SBA A9 Fischbach;;A9;368,577;;;;München;Süd/ West;AS 50 Lauf;51 AK Kreuz Nürnberg (A3 (88));4;3264810;12753;42;;;8;33,34,35,97,98,105,106,193;78833,78834,78835,78836,78837,78838,78839,78840
ABDN;20200728;7;40;31;A009A368,6;SBA A9 Fischbach;;A9;368,577;;;;München;Süd/ West;AS 50 Lauf;51 AK Kreuz Nürnberg (A3 (88));3;3264810;12753;42;;;1;61;78832
ABDN;20200728;7;40;31;A009A368,6;SBA A9 Fischbach;;A9;368,577;;;;München;Süd/ West;AS 50 Lauf;51 AK Kreuz Nürnberg (A3 (88));1;3264810;12753;42;;;3;33,34,35;78829,78830,78831
ABDN;20200728;7;40;31;A009A370,2;SBA A9 Fischbach;;A9;370,202;;;;München;Süd/ West;AS 50 Lauf;51 AK Kreuz Nürnberg (A3 (88));4;3264794;12753;26;;;8;33,34,35,97,98,105,106,193;78849,78850,78851,78852,78853,78854,78855,78856
ABDN;20200728;7;40;31;A009A370,2;SBA A9 Fischbach;;A9;370,202;;;;München;Süd/ West;AS 50 Lauf;51 AK Kreuz Nürnberg (A3 (88));3;3264794;12753;26;;;1;61;78848
ABDN;20200728;7;40;31;A009A370,2;SBA A9 Fischbach;;A9;370,202;;;;München;Süd/ West;AS 50 Lauf;51 AK Kreuz Nürnberg (A3 (88));1;3264794;12753;26;;;3;33,34,35;78845,78846,78847
ABDN;20200728;7;40;31;A009A370,2;SBA A9 Fischbach;;A9;370,202;;;;München;Süd/ West;AS 50 Lauf;51 AK Kreuz Nürnberg (A3 (88));6;3264794;12753;26;;;4;1,2,3,4;78857,78858,78859,78860
ABDN;20200728;7;40;31;A009A371,5;SBA A9 Fischbach;;A9;371,524;;;;München;Süd/ West;AS 50 Lauf;51 AK Kreuz Nürnberg (A3 (88));1;3264781;12753;13;;;3;33,34,35;78861,78862,78863
ABDN;20200728;7;40;31;A009A371,5;SBA A9 Fischbach;;A9;371,524;;;;München;Süd/ West;AS 50 Lauf;51 AK Kreuz Nürnberg (A3 (88));3;3264781;12753;13;;;7;48,53,55,61,70,71,72;78658,78659,78660,78864,78865,78866,78867
ABDN;20200728;7;40;31;A009A371,5;SBA A9 Fischbach;;A9;371,524;;;;München;Süd/ West;AS 50 Lauf;51 AK Kreuz Nürnberg (A3 (88));4;3264781;12753;13;;;8;33,34,35,97,98,105,106,193;78661,78662,78663,78664,78665,78666,78667,78668
ABDN;20200728;7;40;31;A009A371,5;SBA A9 Fischbach;;A9;371,524;;;;München;Süd/ West;AS 50 Lauf;51 AK Kreuz Nürnberg (A3 (88));6;3264781;12753;13;;;4;1,2,3,4;78669,78670,78671,78672
ABDN;20200728;7;40;31;A009A373,3;SBA A9 Fischbach;;A9;373,262;;;;München;Süd/ West;51 AK Kreuz Nürnberg (A3 (88));AS 52 Nürnberg-Fischbach (B4);1;3264576;12752;64;;;2;33,34;78673,78674
ABDN;20200728;7;40;31;A009A373,3;SBA A9 Fischbach;;A9;373,262;;;;München;Süd/ West;51 AK Kreuz Nürnberg (A3 (88));AS 52 Nürnberg-Fischbach (B4);3;3264576;12752;64;;;1;61;78675
ABDN;20200728;7;40;31;A009A373,3;SBA A9 Fischbach;;A9;373,262;;;;München;Süd/ West;51 AK Kreuz Nürnberg (A3 (88));AS 52 Nürnberg-Fischbach (B4);4;3264576;12752;64;;;5;33,34,97,105,193;78676,84389,84390,84391,84392
ABDN;20200728;7;40;31;A009A373,3;SBA A9 Fischbach;;A9;373,262;;;;München;Süd/ West;51 AK Kreuz Nürnberg (A3 (88));AS 52 Nürnberg-Fischbach (B4);6;3264576;12752;64;;;4;1,2,3,4;84393,84394,84395,84396
ABDN;20200728;7;40;31;A009A374,7;SBA A9 Fischbach;;A9;374,716;;;;München;Süd/ West;51 AK Kreuz Nürnberg (A3 (88));AS 52 Nürnberg-Fischbach (B4);6;3264562;12752;50;;;4;1,2,3,4;82858,82859,82860,82861
ABDN;20200728;7;40;31;A009A374,7;SBA A9 Fischbach;;A9;374,716;;;;München;Süd/ West;51 AK Kreuz Nürnberg (A3 (88));AS 52 Nürnberg-Fischbach (B4);1;3264562;12752;50;;;3;33,34,35;84397,84398,84399
ABDN;20200728;7;40;31;A009A374,7;SBA A9 Fischbach;;A9;374,716;;;;München;Süd/ West;51 AK Kreuz Nürnberg (A3 (88));AS 52 Nürnberg-Fischbach (B4);3;3264562;12752;50;;;7;48,53,55,61,70,71,72;84400,84401,84402,84403,84404,84405,84406
ABDN;20200728;7;40;31;A009A374,7;SBA A9 Fischbach;;A9;374,716;;;;München;Süd/ West;51 AK Kreuz Nürnberg (A3 (88));AS 52 Nürnberg-Fischbach (B4);4;3264562;12752;50;;;8;33,34,35,97,98,105,106,193;82853,82854,82855,82856,82857,83267,83268,84407
ABDN;20200728;7;40;31;A009A376,2;SBA A9 Fischbach;;A9;376,244;;;;München;Süd/ West;51 AK Kreuz Nürnberg (A3 (88));AS 52 Nürnberg-Fischbach (B4);1;3264547;12752;35;;;3;33,34,35;83095,83096,83097
ABDN;20200728;7;40;31;A009A376,2;SBA A9 Fischbach;;A9;376,244;;;;München;Süd/ West;51 AK Kreuz Nürnberg (A3 (88));AS 52 Nürnberg-Fischbach (B4);6;3264547;12752;35;;;4;1,2,3,4;82465,82466,82467,82468
ABDN;20200728;7;40;31;A009A376,2a;SBA A9 Fischbach;;A9;376,244;;;;München;Süd/ West;51 AK Kreuz Nürnberg (A3 (88));AS 52 Nürnberg-Fischbach (B4);4;3264547;12752;35;;;8;33,34,35,97,98,105,106,193;82454,82455,82456,82457,82458,82459,82460,82461
ABDN;20200728;7;40;31;A009A376,2a;SBA A9 Fischbach;;A9;376,244;;;;München;Süd/ West;51 AK Kreuz Nürnberg (A3 (88));AS 52 Nürnberg-Fischbach (B4);3;3264547;12752;35;;;1;61;83098
ABDN;20200728;7;40;31;A009A376,2b;SBA A9 Fischbach;;A9;376,244;;;;München;Süd/ West;51 AK Kreuz Nürnberg (A3 (88));AS 52 Nürnberg-Fischbach (B4);4;3264547;12752;35;;;3;161,162,195;82462,82463,82464
ABDN;20200728;7;40;31;A009A376,7;SBA A9 Fischbach;;A9;376,7;;;;München;Süd/ West;51 AK Kreuz Nürnberg (A3 (88));AS 52 Nürnberg-Fischbach (B4);4;3264542;12752;30;;;3;161,162,193;82469,82470,82471
ABDN;20200728;7;40;31;A009A376,7;SBA A9 Fischbach;;A9;376,7;;;;München;Süd/ West;51 AK Kreuz Nürnberg (A3 (88));AS 52 Nürnberg-Fischbach (B4);6;3264542;12752;30;;;4;1,2,3,4;82472,82690,82691,82692
ABDN;20200728;7;40;31;A009A377,1;SBA A9 Fischbach;;A9;377,103;;;;München;Süd/ West;51 AK Kreuz Nürnberg (A3 (88));AS 52 Nürnberg-Fischbach (B4);6;3264538;12752;26;;;4;1,2,3,4;82696,82697,82698,82699
ABDN;20200728;7;40;31;A009A377,1;SBA A9 Fischbach;;A9;377,103;;;;München;Süd/ West;51 AK Kreuz Nürnberg (A3 (88));AS 52 Nürnberg-Fischbach (B4);4;3264538;12752;26;;;3;161,162,193;82693,82694,82695
ABDN;20200728;7;40;31;A009A377,8;SBA A9 Fischbach;;A9;377,839;;;;München;Süd/ West;51 AK Kreuz Nürnberg (A3 (88));AS 52 Nürnberg-Fischbach (B4);1;3264531;12752;19;;;3;33,34,35;78708,78709,78710
ABDN;20200728;7;40;31;A009A377,8;SBA A9 Fischbach;;A9;377,839;;;;München;Süd/ West;51 AK Kreuz Nürnberg (A3 (88));AS 52 Nürnberg-Fischbach (B4);3;3264531;12752;19;;;1;61;78711
ABDN;20200728;7;40;31;A009A377,8;SBA A9 Fischbach;;A9;377,839;;;;München;Süd/ West;51 AK Kreuz Nürnberg (A3 (88));AS 52 Nürnberg-Fischbach (B4);4;3264531;12752;19;;;8;33,34,35,97,98,105,106,193;78712,78713,78714,78715,78716,78717,78718,78719
ABDN;20200728;7;40;31;A009A377,8;SBA A9 Fischbach;;A9;377,839;;;;München;Süd/ West;51 AK Kreuz Nürnberg (A3 (88));AS 52 Nürnberg-Fischbach (B4);6;3264531;12752;19;;;4;1,2,3,4;78720,78721,78722,78723
ABDN;20200728;7;40;31;A009A377,9;NBA Nürnberg-Ost;A009A377,9;A9;377,9;;München;Berlin;München;Nord/ Ost;AS 52 Nürnberg-Fischbach (B4);51 AK Kreuz Nürnberg (A3 (88));1;3264658;12752;146;49,42070659;11,20421865;2;1,2;82824,82825
ABDN;20200728;7;40;31;A009A377,9;NBA Nürnberg-Ost;A009A377,9;A9;377,9;;München;Berlin;München;Nord/ Ost;AS 52 Nürnberg-Fischbach (B4);AK (51) Kreuz Nürnberg (A3 (88));1;3264658;12752;146;49,42070659;11,20421865;1;3;82826
ABDN;20200728;7;40;31;A009A377,9;NBA Nürnberg-Ost;A009A377,9;A9;377,9;;Berlin;München;München;Süd/ West;51 AK Kreuz Nürnberg (A3 (88));AS 52 Nürnberg-Fischbach (B4);1;3264658;12752;146;49,42057706;11,20469571;3;33,34,35;82827,82828,82886
ABDN;20200728;7;40;31;A009A377,9;NBA Nürnberg-Ost;A009A377,9;A9;377,9;;Berlin;München;München;Süd/ West;51 AK Kreuz Nürnberg (A3 (88));AS 52 Nürnberg-Fischbach (B4);6;3264658;12752;146;49,42066443;11,20376898;3;1,2,3;82887,82888,82889
ABDN;20200728;7;40;31;A009A378,9;SBA A9 Fischbach;;A9;378,893;;;;München;Süd/ West;51 AK Kreuz Nürnberg (A3 (88));AS 52 Nürnberg-Fischbach (B4);6;3264520;12752;8;;;4;1,2,3,4;78736,78737,78738,78739
ABDN;20200728;7;40;31;A009A378,9;SBA A9 Fischbach;;A9;378,893;;;;München;Süd/ West;51 AK Kreuz Nürnberg (A3 (88));AS 52 Nürnberg-Fischbach (B4);1;3264520;12752;8;;;3;33,34,35;78724,78725,78726
ABDN;20200728;7;40;31;A009A378,9;SBA A9 Fischbach;;A9;378,893;;;;München;Süd/ West;51 AK Kreuz Nürnberg (A3 (88));AS 52 Nürnberg-Fischbach (B4);3;3264520;12752;8;;;1;61;78727
ABDN;20200728;7;40;31;A009A378,9;SBA A9 Fischbach;;A9;378,893;;;;München;Süd/ West;51 AK Kreuz Nürnberg (A3 (88));AS 52 Nürnberg-Fischbach (B4);4;3264520;12752;8;;;8;33,34,35,97,98,105,106,193;78728,78729,78730,78731,78732,78733,78734,78735
ABDN;20200728;7;40;31;A009A379,9;NBA Nürnberg-Ost;A 009 A 379,9;A9;379,9;;Berlin;München;München;Süd/ West;AS 52 Nürnberg-Fischbach (B4);;6;3264530;12752;18;49,40406902;11,19547161;3;1,2,3;82900,82901,82902
ABDN;20200728;7;40;31;A009A379,9;NBA Nürnberg-Ost;A 009 A 379,9;A9;379,9;;Berlin;München;München;Süd/ West;AS 52 Nürnberg-Fischbach (B4);;1;3264530;12752;18;49,4040436;11,19555895;3;33,34,35;82893,82894,82895
ABDN;20200728;7;40;31;A009A379,9;NBA Nürnberg-Ost;A 009 A 379,9;A9;379,9;;München;Berlin;München;Nord/ Ost;AS 52 Nürnberg-Fischbach (B4);;1;3264530;12752;18;49,40728008;11,1956677;2;1,3;82890,82892
ABDN;20200728;7;40;31;A009A379,9;NBA Nürnberg-Ost;A 009 A 379,9;A9;379,9;;München;Nürnberg;München;Nord/ Ost;AS 52 Nürnberg-Fischbach (B4);;1;3264530;12752;18;49,40693704;11,19572356;1;65;82896
ABDN;20200728;7;40;31;A009A379,9;NBA Nürnberg-Ost;A 009 A 379,9;A9;379,9;;Nürnberg;Berlin;München;Nord/ Ost;AS 52 Nürnberg-Fischbach (B4);;1;3264530;12752;18;49,4073555;11,19606367;1;129;82898
ABDN;20200728;7;40;31;A009A379,9;NBA Nürnberg-Ost;A 009 A 379,9;A9;379,9;;Nürnberg;München;München;Süd/ West;AS 52 Nürnberg-Fischbach (B4);;1;3264530;12752;18;49,40398385;11,19537732;1;161;82899
ABDN;20200728;7;40;31;A009A379,9;NBA Nürnberg-Ost;A 00 9A 379,9;A9;379,9;;München;Berlin;München;Nord/ Ost;AS 52 Nürnberg-Fischbach (B4);;1;3264530;12752;18;49,40728008;11,1956677;1;2;82891
ABDN;20200728;7;40;31;A009A379,9;NBA Nürnberg-Ost;A 009 A 379,9;A9;379,9;;Berlin;Nürnberg;München;Süd/ West;AS 52 Nürnberg-Fischbach (B4);;1;3264530;12752;18;49,40735592;11,19411104;1;97;82897
ABDN;20200728;7;40;31;A009A380,0;SBA A9 Fischbach;;A9;380,009;;;;München;Süd/ West;AS 52 Nürnberg-Fischbach (B4);53 Kreuz Nürnberg-Ost (A6(60));1;3264265;12751;9;;;4;33,34,35,161;78740,78741,78742,78743
ABDN;20200728;7;40;31;A009A380,0;SBA A9 Fischbach;;A9;380,009;;;;München;Süd/ West;AS 52 Nürnberg-Fischbach (B4);53 Kreuz Nürnberg-Ost (A6(60));3;3264265;12751;9;;;1;61;78744
ABDN;20200728;7;40;31;A009A380,0;SBA A9 Fischbach;;A9;380,009;;;;München;Süd/ West;AS 52 Nürnberg-Fischbach (B4);53 Kreuz Nürnberg-Ost (A6(60));4;3264265;12751;9;;;9;33,34,35,37,97,98,105,106,193;78686,78687,78688,78689,78690,78691,78692,78693,78694
ABDN;20200728;7;40;31;A009A380,0;SBA A9 Fischbach;;A9;380,009;;;;München;Süd/ West;AS 52 Nürnberg-Fischbach (B4);53 Kreuz Nürnberg-Ost (A6(60));6;3264265;12751;9;;;4;1,2,3,4;78695,78696,78697,78698
ABDN;20200728;7;40;31;A009A381,6;SBA A9 Fischbach;;A9;381,64;;;;München;Süd/ West;53 Kreuz Nürnberg-Ost (A6(60));54 Dreieck Nürnberg/ Feucht (73(-));1;3264037;12750;37;;;3;33,34,35;81474,81475,81476
ABDN;20200728;7;40;31;A009A381,6;SBA A9 Fischbach;;A9;381,64;;;;München;Süd/ West;53 Kreuz Nürnberg-Ost (A6(60));54 Dreieck Nürnberg/ Feucht (73(-));3;3264037;12750;37;;;1;61;81477
ABDN;20200728;7;40;31;A009A381,6;SBA A9 Fischbach;;A9;381,64;;;;München;Süd/ West;53 Kreuz Nürnberg-Ost (A6(60));54 Dreieck Nürnberg/ Feucht (73(-));4;3264037;12750;37;;;8;33,34,35,97,98,105,106,193;81478,81479,81480,81481,81482,81483,81484,81485
ABDN;20200728;7;40;31;A009A381,6;SBA A9 Fischbach;;A9;381,64;;;;München;Süd/ West;53 Kreuz Nürnberg-Ost (A6(60));54 Dreieck Nürnberg/ Feucht (73(-));6;3264037;12750;37;;;4;1,2,3,4;81486,81487,81488,81489
ABDN;20200728;7;40;31;A009A383,1;SBA A9 Fischbach;;A9;383,06;;;;München;Süd/ West;53 Kreuz Nürnberg-Ost (A6(60));54 Dreieck Nürnberg/ Feucht (73(-));1;3264022;12750;22;;;3;33,34,35;81490,81554,81555
ABDN;20200728;7;40;31;A009A383,1;SBA A9 Fischbach;;A9;383,06;;;;München;Süd/ West;53 Kreuz Nürnberg-Ost (A6(60));54 Dreieck Nürnberg/ Feucht (73(-));3;3264022;12750;22;;;7;48,53,55,61,70,71,72;81556,81557,81558,81559,81560,81561,81562
ABDN;20200728;7;40;31;A009A383,1;SBA A9 Fischbach;;A9;383,06;;;;München;Süd/ West;53 Kreuz Nürnberg-Ost (A6(60));54 Dreieck Nürnberg/ Feucht (73(-));4;3264022;12750;22;;;8;33,34,35,97,98,105,106,193;81563,81564,81565,81566,81567,81568,81569,81570
ABDN;20200728;7;40;31;A009A383,1;SBA A9 Fischbach;;A9;383,06;;;;München;Süd/ West;53 Kreuz Nürnberg-Ost (A6(60));54 Dreieck Nürnberg/ Feucht (73(-));6;3264022;12750;22;;;4;1,2,3,4;81571,81636,81637,81638
ABDN;20200728;7;40;31;A009A384,6;SBA A9 Fischbach;;A9;384,59;;;;München;Süd/ West;53 Kreuz Nürnberg-Ost (A6(60));54 Dreieck Nürnberg/ Feucht (73(-));1;3264007;12750;7;;;3;33,34,35;81639,81640,81641
ABDN;20200728;7;40;31;A009A384,6;SBA A9 Fischbach;;A9;384,59;;;;München;Süd/ West;53 Kreuz Nürnberg-Ost (A6(60));54 Dreieck Nürnberg/ Feucht (73(-));4;3264007;12750;7;;;8;33,34,35,97,98,105,106,193;81643,81644,81645,81646,81647,81648,81649,81650
ABDN;20200728;7;40;31;A009A384,6;SBA A9 Fischbach;;A9;384,59;;;;München;Süd/ West;53 Kreuz Nürnberg-Ost (A6(60));54 Dreieck Nürnberg/ Feucht (73(-));6;3264007;12750;7;;;4;1,2,3,4;81651,81652,81653,81654
ABDN;20200728;7;40;31;A009A384,6;SBA A9 Fischbach;;A9;384,59;;;;München;Süd/ West;53 Kreuz Nürnberg-Ost (A6(60));54 Dreieck Nürnberg/ Feucht (73(-));3;3264007;12750;7;;;1;61;81642
ABDN;20200728;7;40;31;A009A385,9;NBA Nürnberg-Ost;A009A385,9;A9;385,9;;Berlin;München;München;Süd/ West;54 Dreieck Nürnberg/ Feucht (73(-));;1;3263874;12749;130;49,35051893;11,2034738;3;33,34,35;83054,83055,83056
ABDN;20200728;7;40;31;A009A385,9;NBA Nürnberg-Ost;A009A385,9;A9;385,9;;Berlin;Nürnberg;München;Süd/ West;54 Dreieck Nürnberg/ Feucht (73(-));;1;3263874;12749;130;49,35091149;11,20336507;1;97;83057
ABDN;20200728;7;40;31;A009A385,9;NBA Nürnberg-Ost;A009A385,9;A9;385,9;;Nürnberg;München;München;Süd/ West;54 Dreieck Nürnberg/ Feucht (73(-));;1;3263874;12749;130;49,34944393;11,20279142;1;161;83058
ABDN;20200728;7;40;31;A009A385,9;NBA Nürnberg-Ost;A009A385,9;A9;385,9;;Berlin;München;München;Süd/ West;54 Dreieck Nürnberg/ Feucht (73(-));;6;3263874;12749;130;49,35051857;11,20338134;3;1,2,3;83059,83060,83061
ABDN;20200728;7;40;31;A009A386,0;SBA A9 Fischbach;;A9;386,002;;;;München;Süd/ West;53 Kreuz Nürnberg-Ost (A6(60));54 Dreieck Nürnberg/ Feucht (73(-));1;3263745;12749;1;;;3;33,34,35;81719,81720,81721
ABDN;20200728;7;40;31;A009A386,0;SBA A9 Fischbach;;A9;386,002;;;;München;Süd/ West;53 Kreuz Nürnberg-Ost (A6(60));54 Dreieck Nürnberg/ Feucht (73(-));4;3263745;12749;1;;;8;33,34,35,97,98,105,106,193;81727,81728,81729,81730,81731,81732,81733,81734
ABDN;20200728;7;40;31;A009A386,0;SBA A9 Fischbach;;A9;386,002;;;;München;Süd/ West;53 Kreuz Nürnberg-Ost (A6(60));54 Dreieck Nürnberg/ Feucht (73(-));6;3263745;12749;1;;;4;1,2,3,4;81735,81736,81800,81801
ABDN;20200728;7;40;31;A009A386,0;SBA A9 Fischbach;;A9;386,002;;;;München;Süd/ West;53 Kreuz Nürnberg-Ost (A6(60));54 Dreieck Nürnberg/ Feucht (73(-));3;3263745;12749;1;;;5;53,55,58,61,71;81722,81723,81724,81725,81726
ABDN;20200728;7;40;31;A009A421,5;DZS 8+1;A 009 A 421,6;A9;421,6;;München;Nürnberg;München;Nord/ Ost;AS 57 Greding;AS 56 Hilpoltstein;1;3263106;12746;130;49,05125129;11,33130233;3;1,2,3;83099,83100,83101
ABDN;20200728;7;40;31;A009A421,5;DZS 8+1;A 009 A 421,6;A9;421,6;;Nürnberg;München;München;Süd/ West;AS 56 Hilpoltstein;AS 57 Greding;6;3263106;12746;130;49,05097938;11,33084057;1;1;83105
ABDN;20200728;7;40;31;A009A421,5;DZS 8+1;A 009 A 421,6;A9;421,6;;Nürnberg;München;München;Süd/ West;AS 56 Hilpoltstein;AS 57 Greding;1;3263106;12746;130;49,05106546;11,3309287;3;33,34,35;83102,83103,83104
ABDN;20200728;7;32;27;A009B255,0;DZS 8+1;A 009 A 255,0;A9;255;;Nürnberg;Berlin;München;Nord/ Ost;33 Dreieck Bayerisches Vogtland (A72(-));;1;3270440;12775;40;50,32778938;11,79078065;3;1,2,3;81032,81033,81034
ABDN;20200728;7;32;27;A009B255,0;DZS 8+1;A 009 A 255,0;A9;255;;Plauen;Berlin;München;Nord/ Ost;33 Dreieck Bayerisches Vogtland (A72(-));;1;3270440;12775;40;50,32772102;11,79065059;1;129;81035
ABDN;20200728;7;32;27;A009B257,2;DZS 8+1;A 009 B 257,2;A9;257,212;;Nürnberg;Berlin;Berlin;Nord/ Ost;AS 34 Hof-West (B15);33 Dreieck Bayerisches Vogtland (A72(-));6;3270158;12774;14;50,31029488;11,80214576;1;1;81110
ABDN;20200728;7;32;27;A009B257,2;DZS 8+1;A 009 B 257,2;A9;257,212;;Nürnberg;Berlin;Berlin;Nord/ Ost;AS 34 Hof-West (B15);33 Dreieck Bayerisches Vogtland (A72(-));1;3270158;12774;14;50,31028848;11,80201778;3;1,2,3;81104,81105,81106
ABDN;20200728;7;32;27;A009B269,6;UV Los 1;A 009 B 269,6;A9;269,6;;Nürnberg;Berlin;Berlin;Nord/ Ost;AS 35 Münchberg-Nord;;1;3269634;12772;2;50,2064909;11,77769731;3;1,2,3;80855,80856,81111
ABDN;20200728;7;32;27;A009B269,6;UV Los 1;A 009 B 269,6;A9;269,6;;Nürnberg;Berlin;Berlin;Nord/ Ost;AS 35 Münchberg-Nord;;6;3269634;12772;2;50,2065531;11,77786037;1;1;80864
ABDN;20200728;7;32;27;A009B269,6;UV Los 1;A 009 B 269,6;A9;269,6;;Nürnberg;Münchberg;Berlin;Nord/ Ost;AS 35 Münchberg-Nord;;1;3269634;12772;2;50,20631432;11,77840117;1;65;80857
ABDN;20200728;7;32;27;A009B269,6;UV Los 1;A 009 B 269,6;A9;269,6;;Münchberg;Berlin;Berlin;Nord/ Ost;AS 35 Münchberg-Nord;;1;3269634;12772;2;50,20634099;11,77842012;1;129;80858
ABDN;20200728;7;32;27;A009B272,2;SBA A9 M-Senke;A009 B272,2;A9;272,208;;Nürnberg;Berlin;Berlin;Nord/ Ost;A9 Münchberg-Süd;A9 Münchberg-Nord;1;3269658;12772;26;;;3;1,2,3;81846,81847,81848
ABDN;20200728;7;32;27;A009B272,2;SBA A9 M-Senke;A009 B272,2;A9;272,208;;Nürnberg;Berlin;Berlin;Nord/ Ost;A9 Münchberg-Süd;A9 Münchberg-Nord;3;3269658;12772;26;;;10;1,2,3,4,5,6,7,8,9,11;81856,81857,81858,81859,81860,81861,81862,81926,81927,81928
ABDN;20200728;7;32;27;A009B272,2;SBA A9 M-Senke;A009 B272,2;A9;272,208;;Nürnberg;Berlin;Berlin;Nord/ Ost;A9 Münchberg-Süd;A9 Münchberg-Nord;4;3269658;12772;26;;;7;129,130,131,132,135,136,194;81849,81850,81851,81852,81853,81854,81855
ABDN;20200728;7;32;27;A009B272,2;SBA A9 M-Senke;A009 B272,2;A9;272,208;;Nürnberg;Berlin;Berlin;Nord/ Ost;A9 Münchberg-Süd;A9 Münchberg-Nord;6;3269658;12772;26;;;3;1,2,3;81929,81930,81931
ABDN;20200728;7;32;27;A009B273,4;SBA A9 M-Senke;A009 B273,4;A9;273,427;;Nürnberg;Berlin;Berlin;Nord/ Ost;A9 Münchberg-Süd;A9 Münchberg-Nord;1;3269670;12772;38;;;3;1,2,3;81225,81226,81227
ABDN;20200728;7;32;27;A009B273,4;SBA A9 M-Senke;A009 B273,4;A9;273,427;;Nürnberg;Berlin;Berlin;Nord/ Ost;A9 Münchberg-Süd;A9 Münchberg-Nord;3;3269670;12772;38;;;1;1;81297
ABDN;20200728;7;32;27;A009B273,4;SBA A9 M-Senke;A009 B273,4;A9;273,427;;Nürnberg;Berlin;Berlin;Nord/ Ost;A9 Münchberg-Süd;A9 Münchberg-Nord;4;3269670;12772;38;;;7;129,130,131,132,135,136,194;81228,81291,81292,81293,81294,81295,81296
ABDN;20200728;7;32;27;A009B273,4;SBA A9 M-Senke;A009 B273,4;A9;273,427;;Nürnberg;Berlin;Berlin;Nord/ Ost;A9 Münchberg-Süd;A9 Münchberg-Nord;6;3269670;12772;38;;;3;1,2,3;81298,81299,81845
ABDN;20200728;7;32;27;A009B274,7;SBA A9 M-Senke;A009 B274,7;A9;274,66;;Nürnberg;Berlin;Berlin;Nord/ Ost;A9 Münchberg-Süd;A9 Münchberg-Nord;6;3269381;12771;5;;;3;1,2,3;81222,81223,81224
ABDN;20200728;7;32;27;A009B274,7;SBA A9 M-Senke;A009 B274,7;A9;274,66;;Nürnberg;Berlin;Berlin;Nord/ Ost;A9 Münchberg-Süd;A9 Münchberg-Nord;4;3269381;12771;5;;;7;129,130,131,132,135,136,194;81141,81142,81207,81208,81209,81210,81211
ABDN;20200728;7;32;27;A009B274,7;SBA A9 M-Senke;A009 B274,7;A9;274,66;;Nürnberg;Berlin;Berlin;Nord/ Ost;A9 Münchberg-Süd;A9 Münchberg-Nord;3;3269381;12771;5;;;10;1,2,3,4,5,6,7,8,9,11;81212,81213,81214,81215,81216,81217,81218,81219,81220,81221
ABDN;20200728;7;32;27;A009B274,7;SBA A9 M-Senke;A009 B274,7;A9;274,66;;Nürnberg;Berlin;Berlin;Nord/ Ost;A9 Münchberg-Süd;A9 Münchberg-Nord;1;3269381;12771;5;;;3;1,2,3;81138,81139,81140
ABDN;20200728;7;32;27;A009B276,5;SBA A9 M-Senke;A009 B276,5;A9;276,534;;Nürnberg;Berlin;Berlin;Nord/ Ost;A9 Gefrees;A9 Münchberg-Süd;1;3269400;12771;24;;;3;1,2,3;80798,80799,80800
ABDN;20200728;7;32;27;A009B276,5;SBA A9 M-Senke;A009 B276,5;A9;276,534;;Nürnberg;Berlin;Berlin;Nord/ Ost;A9 Gefrees;A9 Münchberg-Süd;3;3269400;12771;24;;;1;1;80873
ABDN;20200728;7;32;27;A009B276,5;SBA A9 M-Senke;A009 B276,5;A9;276,534;;Nürnberg;Berlin;Berlin;Nord/ Ost;A9 Gefrees;A9 Münchberg-Süd;6;3269400;12771;24;;;3;1,2,3;80874,80875,80876
ABDN;20200728;7;32;27;A009B276,5;SBA A9 M-Senke;A009 B276,5;A9;276,534;;Nürnberg;Berlin;Berlin;Nord/ Ost;A9 Gefrees;A9 Münchberg-Süd;4;3269400;12771;24;;;7;129,130,131,132,135,136,194;80801,80802,80804,80805,80806,80871,80872
ABDN;20200728;7;32;27;A009B277,3;SBA A9 M-Senke;A009 B277,3;A9;277,35;;Nürnberg;Berlin;Berlin;Nord/ Ost;A9 Gefrees;A9 Münchberg-Süd;1;3269401;12771;26;;;3;1,2,3;80877,80878,80879
ABDN;20200728;7;32;27;A009B277,3;SBA A9 M-Senke;A009 B277,3;A9;277,35;;Nürnberg;Berlin;Berlin;Nord/ Ost;A9 Gefrees;A9 Münchberg-Süd;3;3269401;12771;26;;;1;1;80887
ABDN;20200728;7;32;27;A009B277,3;SBA A9 M-Senke;A009 B277,3;A9;277,35;;Nürnberg;Berlin;Berlin;Nord/ Ost;A9 Gefrees;A9 Münchberg-Süd;4;3269401;12771;26;;;7;129,130,131,132,135,136,194;80880,80881,80882,80883,80884,80885,80886
ABDN;20200728;7;32;27;A009B277,3;SBA A9 M-Senke;A009 B277,3;A9;277,35;;Nürnberg;Berlin;Berlin;Nord/ Ost;A9 Gefrees;A9 Münchberg-Süd;6;3269401;12771;26;;;3;1,2,3;80888,80889,80890
ABDN;20200728;7;29;43;A009B287,7;FSZ Schiefe Ebene;A 009 B 287,7;A9;287,677;;Nürnberg;Berlin;Berlin;Nord/ Ost;AS 39 Bad Berneck / Himmelkorn;AS 38 Marktschorgast;1;3268653;12768;45;;;3;1,2,3;78895,78896,78897
ABDN;20200728;7;29;43;A009B287,7;FSZ Schiefe Ebene;A 009 B 287,7;A9;287,677;;Nürnberg;Berlin;Berlin;Nord/ Ost;AS 39 Bad Berneck / Himmelkorn;AS 38 Marktschorgast;3;3268653;12768;45;;;1;61;78898
ABDN;20200728;7;29;43;A009B287,7;FSZ Schiefe Ebene;A 009 B 287,7;A9;287,677;;Nürnberg;Berlin;Berlin;Nord/ Ost;AS 39 Bad Berneck / Himmelkorn;AS 38 Marktschorgast;6;3268653;12768;45;;;4;1,2,3,4;78965,78966,78967,79193
ABDN;20200728;7;29;43;A009B287,7;FSZ Schiefe Ebene;A 009 B 287,7;A9;287,677;;Nürnberg;Berlin;Berlin;Nord/ Ost;AS 39 Bad Berneck / Himmelkorn;AS 38 Marktschorgast;4;3268653;12768;45;;;9;129,130,135,136,137,138,139,140,194;78899,78900,78901,78902,78903,78904,78905,78906,78964
ABDN;20200728;7;29;43;A009B288,9;FSZ Schiefe Ebene;A 009 B 288,9;A9;288,902;;Nürnberg;Berlin;Berlin;Nord/ Ost;AS 39 Bad Berneck / Himmelkorn;AS 38 Marktschorgast;6;3268641;12768;33;;;4;1,2,3,4;78891,78892,78893,78894
ABDN;20200728;7;29;43;A009B288,9;FSZ Schiefe Ebene;A 009 B 288,9;A9;288,902;;Nürnberg;Berlin;Berlin;Nord/ Ost;AS 39 Bad Berneck / Himmelkorn;AS 38 Marktschorgast;4;3268641;12768;33;;;9;129,130,135,136,137,138,139,140,194;84325,84326,84327,84328,84329,84330,84331,84332,84333
ABDN;20200728;7;29;43;A009B288,9;FSZ Schiefe Ebene;A 009 B 288,9;A9;288,902;;Nürnberg;Berlin;Berlin;Nord/ Ost;AS 39 Bad Berneck / Himmelkorn;AS 38 Marktschorgast;3;3268641;12768;33;;;1;61;84324
ABDN;20200728;7;29;43;A009B288,9;FSZ Schiefe Ebene;A 009 B 288,9;A9;288,902;;Nürnberg;Berlin;Berlin;Nord/ Ost;AS 39 Bad Berneck / Himmelkorn;AS 38 Marktschorgast;1;3268641;12768;33;;;3;1,2,3;84321,84322,84323
ABDN;20200728;7;29;43;A009B290,3;FSZ Schiefe Ebene;A 009 B 290,3;A9;290,279;;Nürnberg;Berlin;Berlin;Nord/ Ost;AS 39 Bad Berneck / Himmelkorn;AS 38 Marktschorgast;1;3268627;12768;19;;;3;1,2,3;84011,84012,84013
ABDN;20200728;7;29;43;A009B290,3;FSZ Schiefe Ebene;A 009 B 290,3;A9;290,279;;Nürnberg;Berlin;Berlin;Nord/ Ost;AS 39 Bad Berneck / Himmelkorn;AS 38 Marktschorgast;3;3268627;12768;19;;;1;61;84014
ABDN;20200728;7;29;43;A009B290,3;FSZ Schiefe Ebene;A 009 B 290,3;A9;290,279;;Nürnberg;Berlin;Berlin;Nord/ Ost;AS 39 Bad Berneck / Himmelkorn;AS 38 Marktschorgast;4;3268627;12768;19;;;9;129,130,135,136,137,138,139,140,194;84015,84016,84017,84018,84019,84020,84254,84255,84316
ABDN;20200728;7;29;43;A009B290,3;FSZ Schiefe Ebene;A 009 B 290,3;A9;290,279;;Nürnberg;Berlin;Berlin;Nord/ Ost;AS 39 Bad Berneck / Himmelkorn;AS 38 Marktschorgast;6;3268627;12768;19;;;4;1,2,3,4;84317,84318,84319,84320
ABDN;20200728;7;29;43;A009B291,2;FSZ Schiefe Ebene;A 009 B 291,2;A9;291,189;;Nürnberg;Berlin;Berlin;Nord/ Ost;AS 39 Bad Berneck / Himmelkorn;AS 38 Marktschorgast;3;3268618;12768;10;;;1;61;83707
ABDN;20200728;7;29;43;A009B291,2;FSZ Schiefe Ebene;A 009 B 291,2;A9;291,189;;Nürnberg;Berlin;Berlin;Nord/ Ost;AS 39 Bad Berneck / Himmelkorn;AS 38 Marktschorgast;4;3268618;12768;10;;;9;129,130,135,136,137,138,139,140,194;83708,83709,83710,83945,83946,83947,83948,83949,83950
ABDN;20200728;7;29;43;A009B291,2;FSZ Schiefe Ebene;A 009 B 291,2;A9;291,189;;Nürnberg;Berlin;Berlin;Nord/ Ost;AS 39 Bad Berneck / Himmelkorn;AS 38 Marktschorgast;6;3268618;12768;10;;;4;1,2,3,4;83951,83952,84009,84010
ABDN;20200728;7;29;43;A009B291,9;FSZ Schiefe Ebene;A 009 B 291,9;A9;291,862;;Nürnberg;Berlin;Berlin;Nord/ Ost;AS 39 Bad Berneck / Himmelkorn;AS 38 Marktschorgast;6;3268611;12768;3;;;4;1,2,3,4;83703,83704,83705,83706
ABDN;20200728;7;29;43;A009B291,9;FSZ Schiefe Ebene;A 009 B 291,9;A9;291,862;;Nürnberg;Berlin;Berlin;Nord/ Ost;AS 39 Bad Berneck / Himmelkorn;AS 38 Marktschorgast;3;3268611;12768;3;;;1;61;83633
ABDN;20200728;7;29;43;A009B291,9;FSZ Schiefe Ebene;A 009 B 291,9;A9;291,862;;Nürnberg;Berlin;Berlin;Nord/ Ost;AS 39 Bad Berneck / Himmelkorn;AS 38 Marktschorgast;1;3268611;12768;3;;;3;1,2,3;83249,83250,83632
ABDN;20200728;7;29;43;A009B291,9;FSZ Schiefe Ebene;A 009 B 291,9;A9;291,862;;Nürnberg;Berlin;Berlin;Nord/ Ost;AS 39 Bad Berneck / Himmelkorn;AS 38 Marktschorgast;4;3268611;12768;3;;;9;129,130,135,136,137,138,139,140,194;83634,83635,83636,83637,83638,83639,83640,83641,83642
ABDN;20200728;7;42;42;A009B293,7;DZS 8+1;A 009 B 293,7;A9;293,7;;Nürnberg;Berlin;Berlin;Nord/ Ost;40a Dreieck Bayreuth/ Kulmbach (A70(26));AS 39 Bad Berneck i.F. (B303);1;3268637;12768;29;50,03710332;11,61005952;3;1,2,3;84363,84364,84365
ABDN;20200728;7;42;42;A009B293,7;DZS 8+1;A 009 B 293,7;A9;293,7;;Nürnberg;Berlin;Berlin;Nord/ Ost;40a Dreieck Bayreuth/ Kulmbach (A70(26));AS 39 Bad Berneck i.F. (B303);6;3268637;12768;29;50,03710332;11,61008833;1;1;84369
ABDN;20200728;7;42;42;A009B295,0;DZS 8+1;A 009 A 295,0;A9;295;;Berlin;Nürnberg;München;Nord/ Ost;40a Dreieck Bayreuth/ Kulmbach (A70(26));;6;3268643;12768;35;50,02524596;11,60429504;2;1,2;84361,84362
ABDN;20200728;7;42;42;A009B295,0;DZS 8+1;A 009 A 295,0;A9;295;;Bamberg;Berlin;München;Nord/ Ost;40a Dreieck Bayreuth/ Kulmbach (A70(26));;1;3268643;12768;35;50,02486991;11,60450957;2;129,130;84356,84357
ABDN;20200728;7;42;42;A009B295,0;DZS 8+1;A 009 A 295,0;A9;295;;Nürnberg;Berlin;München;Nord/ Ost;40a Dreieck Bayreuth/ Kulmbach (A70(26));;1;3268643;12768;35;50,02503452;11,60620075;1;81;84358
ABDN;20200728;7;42;42;A009B295,0;DZS 8+1;A 009 A 295,0;A9;295;;Nürnberg;Berlin;München;Nord/ Ost;40a Dreieck Bayreuth/ Kulmbach (A70(26));;1;3268643;12768;35;50,02504126;11,60538168;3;1,2,3;84290,84291,84292
ABDN;20200728;7;42;42;A009B295,0;DZS 8+1;A 009 A 295,0;A9;295;;Nürnberg;Bamberg;München;Nord/ Ost;40a Dreieck Bayreuth/ Kulmbach (A70(26));;1;3268643;12768;35;50,02449299;11,60422019;2;65,66;84296,84297
ABDN;20200728;7;42;42;A009B296,5;SBA A9 Bindlacher Berg;A 009 B 296,5;A9;296,5;;Nürnberg;Berlin;Berlin;Nord/ Ost;AS 40b Bindlacher Berg;40a Dreieck Bayreuth/ Kulmbach (A70(26));6;8128004;31750;4;;;4;1,2,3,4;83525,83526,83527,83586
ABDN;20200728;7;42;42;A009B296,5;SBA A9 Bindlacher Berg;A 009 B 296,5;A9;296,5;;Nürnberg;Berlin;Berlin;Nord/ Ost;AS 40b Bindlacher Berg;40a Dreieck Bayreuth/ Kulmbach (A70(26));4;8128004;31750;4;;;7;129,130,131,132,133,134,194;83518,83519,83520,83521,83522,83523,83524
ABDN;20200728;7;42;42;A009B296,5;SBA A9 Bindlacher Berg;A 009 B 296,5;A9;296,5;;Nürnberg;Berlin;Berlin;Nord/ Ost;AS 40b Bindlacher Berg;40a Dreieck Bayreuth/ Kulmbach (A70(26));3;8128004;31750;4;;;1;61;83517
ABDN;20200728;7;42;42;A009B297,0;SBA A9 Bindlacher Berg;A 009 B 297,0;A9;297,02;;Nürnberg;Berlin;Berlin;Nord/ Ost;AS 41 Bayreuth-Nord (B2);AS 40b Bindlacher Berg;1;3268158;12766;62;;;5;1,2,3,65,66;83450,83509,83510,83511,83512
ABDN;20200728;7;42;42;A009B297,0;SBA A9 Bindlacher Berg;A 009 B 297,0;A9;297,02;;Nürnberg;Berlin;Berlin;Nord/ Ost;AS 41 Bayreuth-Nord (B2);AS 40b Bindlacher Berg;6;3268158;12766;62;;;4;1,2,3,4;83513,83514,83515,83516
ABDN;20200728;7;42;42;A009B297,8;SBA A9 Bindlacher Berg;A 009 B 297,8;A9;297,76;;Nürnberg;Berlin;Berlin;Nord/ Ost;AS 41 Bayreuth-Nord (B2);AS 40b Bindlacher Berg;6;3268150;12766;54;;;4;1,2,3,4;83446,83447,83448,83449
ABDN;20200728;7;42;42;A009B297,8;SBA A9 Bindlacher Berg;A 009 B 297,8;A9;297,76;;Nürnberg;Berlin;Berlin;Nord/ Ost;AS 41 Bayreuth-Nord (B2);AS 40b Bindlacher Berg;4;3268150;12766;54;;;14;1,2,3,65,66,73,74,129,130,131,132,133,134,194;83376,83377,83434,83435,83436,83437,83438,83439,83440,83441,83442,83443,83444,83445
ABDN;20200728;7;42;42;A009B297,8;SBA A9 Bindlacher Berg;A 009 B 297,8;A9;297,76;;Nürnberg;Berlin;Berlin;Nord/ Ost;AS 41 Bayreuth-Nord (B2);AS 40b Bindlacher Berg;3;3268150;12766;54;;;7;48,53,55,61,70,71,72;83369,83370,83371,83372,83373,83374,83375
ABDN;20200728;7;42;42;A009B297,8;SBA A9 Bindlacher Berg;A 009 B 297,8;A9;297,76;;Nürnberg;Berlin;Berlin;Nord/ Ost;AS 41 Bayreuth-Nord (B2);AS 40b Bindlacher Berg;1;3268150;12766;54;;;3;1,2,3;83366,83367,83368
ABDN;20200728;7;42;42;A009B298,7;SBA A9 Bindlacher Berg;A 009 B 298,7;A9;298,7;;Nürnberg;Berlin;Berlin;Nord/ Ost;AS 41 Bayreuth-Nord (B2);AS 40b Bindlacher Berg;1;3268141;12766;45;;;3;1,2,3;83362,83363,83364
ABDN;20200728;7;42;42;A009B298,7;SBA A9 Bindlacher Berg;A 009 B 298,7;A9;298,7;;Nürnberg;Berlin;Berlin;Nord/ Ost;AS 41 Bayreuth-Nord (B2);AS 40b Bindlacher Berg;3;3268141;12766;45;;;1;61;83365
ABDN;20200728;7;42;42;A009B298,7;SBA A9 Bindlacher Berg;A 009 B 298,7;A9;298,7;;Nürnberg;Berlin;Berlin;Nord/ Ost;AS 41 Bayreuth-Nord (B2);AS 40b Bindlacher Berg;4;3268141;12766;45;;;14;1,2,3,65,66,73,74,129,130,131,132,133,134,194;83834,83835,83836,83837,83897,83898,83899,83900,83901,83902,83903,83904,83905,83906
ABDN;20200728;7;42;42;A009B298,7;SBA A9 Bindlacher Berg;A 009 B 298,7;A9;298,7;;Nürnberg;Berlin;Berlin;Nord/ Ost;AS 41 Bayreuth-Nord (B2);AS 40b Bindlacher Berg;6;3268141;12766;45;;;4;1,2,3,4;83907,83908,83909,83910
ABDN;20200728;7;42;42;A009B299,5;SBA A9 Bindlacher Berg;A 009 B 299,5;A9;299,52;;Nürnberg;Berlin;Berlin;Nord/ Ost;AS 41 Bayreuth-Nord (B2);AS 40b Bindlacher Berg;1;3268133;12766;37;;;3;1,2,3;84442,84443,84444
ABDN;20200728;7;42;42;A009B299,5;SBA A9 Bindlacher Berg;A 009 B 299,5;A9;299,52;;Nürnberg;Berlin;Berlin;Nord/ Ost;AS 41 Bayreuth-Nord (B2);AS 40b Bindlacher Berg;3;3268133;12766;37;;;7;48,53,55,61,70,71,72;83304,83305,83306,83307,84445,84446,84447
ABDN;20200728;7;42;42;A009B299,5;SBA A9 Bindlacher Berg;A 009 B 299,5;A9;299,52;;Nürnberg;Berlin;Berlin;Nord/ Ost;AS 41 Bayreuth-Nord (B2);AS 40b Bindlacher Berg;4;3268133;12766;37;;;14;1,2,3,65,66,73,74,129,130,131,132,133,134,194;83291,83292,83293,83294,83295,83296,83297,83298,83299,83300,83301,83302,83308,83309
ABDN;20200728;7;42;42;A009B299,5;SBA A9 Bindlacher Berg;A 009 B 299,5;A9;299,52;;Nürnberg;Berlin;Berlin;Nord/ Ost;AS 41 Bayreuth-Nord (B2);AS 40b Bindlacher Berg;6;3268133;12766;37;;;4;1,2,3,4;83303,83359,83360,83361
ABDN;20200728;7;42;42;A009B301,2;SBA A9 Bindlacher Berg;A 009 B 301,2;A9;301,2;;Nürnberg;Berlin;Berlin;Nord/ Ost;AS 41 Bayreuth-Nord (B2);AS 40b Bindlacher Berg;6;3268116;12766;20;;;4;1,2,3,4;84438,84439,84440,84441
ABDN;20200728;7;42;42;A009B301,2;SBA A9 Bindlacher Berg;A 009 B 301,2;A9;301,2;;Nürnberg;Berlin;Berlin;Nord/ Ost;AS 41 Bayreuth-Nord (B2);AS 40b Bindlacher Berg;1;3268116;12766;20;;;3;1,2,3;84435,84436,84437
ABDN;20200728;7;42;42;A009B302,4;UV Los 1;A 009 B 302,4;A9;302,355;;Nürnberg;Bad Berneck;Berlin;Nord/ Ost;AS 41 Bayreuth-Nord (B2);;1;3268423;12767;71;49,96281599;11,60563401;1;65;84283
ABDN;20200728;7;42;42;A009B302,4;UV Los 1;A 009 B 302,4;A9;302,355;;Nürnberg;Berlin;Berlin;Nord/ Ost;AS 41 Bayreuth-Nord (B2);;1;3268423;12767;71;49,96375539;11,60553705;3;1,2,3;84277,84278,84279
ABDN;20200728;7;42;42;A009B302,4;UV Los 1;A 009 B 302,4;A9;302,355;;Nürnberg;Berlin;Berlin;Nord/ Ost;AS 41 Bayreuth-Nord (B2);;6;3268423;12767;71;49,96375722;11,60574089;2;1,2;84288,84289
ABDN;20200728;7;42;42;A009B302,4;UV Los 1;A 009 B 302,4;A9;302,355;;Bad Berneck;Berlin;Berlin;Nord/ Ost;AS 41 Bayreuth-Nord (B2);;1;3268423;12767;71;49,96387355;11,60579591;1;129;84284
ABDN;20200728;7;42;42;A009B303,5;;A 009 A 303,5;A9;303,546;;Nürnberg;Berlin;Berlin;Nord/ Ost;AS Bayreuth-Süd;AS Bayreuth-Nord;1;3268096;12766;0;;;3;9,10,11;84206,84207,84208
ABDN;20200728;7;42;42;A009B303,5;;A 009 A 303,5;A9;303,846;;Nürnberg;Berlin;Berlin;Nord/ Ost;AS Bayreuth-Süd;AS Bayreuth-Nord;1;3268096;12766;0;;;3;1,2,3;84213,84214,84215
ABDN;20200728;7;42;42;A009B334,2;DZS 8+1;A 009 B 334,2;A9;334,21;;Nürnberg;Berlin;Berlin;Nord/ Ost;AS 44 Pegnitz (B85/ B470);;1;3267702;12764;118;49,73105626;11,5123849;3;1,2,3;84370,84371,84372
ABDN;20200728;7;42;42;A009B334,2;DZS 8+1;A 009 B 334,2;A9;334,21;;Nürnberg;Auerbach i.d. Opf.;Berlin;Nord/ Ost;AS 44 Pegnitz (B85/ B470);;1;3267702;12764;118;49,73130374;11,51206671;1;65;84430
ABDN;20200728;7;42;42;A009B334,2;DZS 8+1;A 009 B 334,2;A9;334,21;;Auerbach i.d. Opf.;Berlin;Berlin;Nord/ Ost;AS 44 Pegnitz (B85/ B470);;1;3267702;12764;118;49,73017375;11,51322476;1;129;84431
ABDN;20200728;7;42;42;A009B334,2;DZS 8+1;A 009 B 334,2;A9;334,21;;Nürnberg;Berlin;Berlin;Nord/ Ost;AS 44 Pegnitz (B85/ B470);;6;3267702;12764;118;49,73093344;11,51254194;1;1;84434
ABDN;20200728;7;40;33;A009B354,0;FSZ Hienberg;A 009 B 354,0;A9;354,035;;Nürnberg;Berlin;Berlin;Nord/ Ost;AS 48 Schnaittach;AS 47 Hormersdorf;6;3265587;12756;51;;;4;1,2,3,4;83247,83248,84465,84466
ABDN;20200728;7;40;33;A009B354,0;FSZ Hienberg;A 009 B 354,0;A9;354,035;;Nürnberg;Berlin;Berlin;Nord/ Ost;AS 48 Schnaittach;AS 47 Hormersdorf;4;3265587;12756;51;;;9;129,130,135,136,137,138,139,140,194;84456,84457,84458,84459,84460,84461,84462,84463,84464
ABDN;20200728;7;40;33;A009B354,0;FSZ Hienberg;A 009 B 354,0;A9;354,035;;Nürnberg;Berlin;Berlin;Nord/ Ost;AS 48 Schnaittach;AS 47 Hormersdorf;3;3265587;12756;51;;;1;61;84455
ABDN;20200728;7;40;33;A009B354,0;FSZ Hienberg;A 009 B 354,0;A9;354,035;;Nürnberg;Berlin;Berlin;Nord/ Ost;AS 48 Schnaittach;AS 47 Hormersdorf;1;3265587;12756;51;;;3;1,2,3;84452,84453,84454
ABDN;20200728;7;40;33;A009B355,6;FSZ Hienberg;A 009 B 355,6;A9;355,62;;Nürnberg;Berlin;Berlin;Nord/ Ost;AS 48 Schnaittach;AS 47 Hormersdorf;6;3265571;12756;35;;;4;1,2,3,4;84158,84159,84450,84451
ABDN;20200728;7;40;33;A009B355,6;FSZ Hienberg;A 009 B 355,6;A9;355,62;;Nürnberg;Berlin;Berlin;Nord/ Ost;AS 48 Schnaittach;AS 47 Hormersdorf;3;3265571;12756;35;;;1;61;84148
ABDN;20200728;7;40;33;A009B355,6;FSZ Hienberg;A 009 B 355,6;A9;355,62;;Nürnberg;Berlin;Berlin;Nord/ Ost;AS 48 Schnaittach;AS 47 Hormersdorf;1;3265571;12756;35;;;3;1,2,3;84145,84146,84147
ABDN;20200728;7;40;33;A009B355,6;FSZ Hienberg;A 009 B 355,6;A9;355,62;;Nürnberg;Berlin;Berlin;Nord/ Ost;AS 48 Schnaittach;AS 47 Hormersdorf;4;3265571;12756;35;;;9;129,130,135,136,137,138,139,140,194;84149,84150,84151,84152,84153,84154,84155,84156,84157
ABDN;20200728;7;40;33;A009B356,8;FSZ Hienberg;A 009 B 356,8;A9;356,8;;Nürnberg;Berlin;Berlin;Nord/ Ost;AS 48 Schnaittach;AS 47 Hormersdorf;1;3265559;12756;23;;;3;1,2,3;83841,83842,83843
ABDN;20200728;7;40;33;A009B356,8;FSZ Hienberg;A 009 B 356,8;A9;356,8;;Nürnberg;Berlin;Berlin;Nord/ Ost;AS 48 Schnaittach;AS 47 Hormersdorf;3;3265559;12756;23;;;1;61;83844
ABDN;20200728;7;40;33;A009B356,8;FSZ Hienberg;A 009 B 356,8;A9;356,8;;Nürnberg;Berlin;Berlin;Nord/ Ost;AS 48 Schnaittach;AS 47 Hormersdorf;4;3265559;12756;23;;;9;129,130,135,136,137,138,139,140,194;83845,83846,83847,83848,83849,83850,83851,84081,84082
ABDN;20200728;7;40;33;A009B356,8;FSZ Hienberg;A 009 B 356,8;A9;356,8;;Nürnberg;Berlin;Berlin;Nord/ Ost;AS 48 Schnaittach;AS 47 Hormersdorf;6;3265559;12756;23;;;4;1,2,3,4;84141,84142,84143,84144
ABDN;20200728;7;40;33;A009B358,4;FSZ Hienberg;A 009 B 358,4;A9;358,35;;Nürnberg;Berlin;Berlin;Nord/ Ost;AS 48 Schnaittach;AS 47 Hormersdorf;6;3265543;12756;7;;;4;1,2,3,4;83778,83838,83839,83840
ABDN;20200728;7;40;33;A009B358,4;FSZ Hienberg;A 009 B 358,4;A9;358,35;;Nürnberg;Berlin;Berlin;Nord/ Ost;AS 48 Schnaittach;AS 47 Hormersdorf;4;3265543;12756;7;;;9;129,130,135,136,137,138,139,140,194;83536,83537,83538,83772,83773,83774,83775,83776,83777
ABDN;20200728;7;40;33;A009B358,4;FSZ Hienberg;A 009 B 358,4;A9;358,35;;Nürnberg;Berlin;Berlin;Nord/ Ost;AS 48 Schnaittach;AS 47 Hormersdorf;3;3265543;12756;7;;;1;61;83535
ABDN;20200728;7;40;33;A009B358,9;FSZ Hienberg;A 009 B 358,9;A9;358,85;;Nürnberg;Berlin;Berlin;Nord/ Ost;AS 48 Schnaittach;AS 47 Hormersdorf;6;3265538;12756;2;;;4;1,2,3,4;83531,83532,83533,83534
ABDN;20200728;7;40;33;A009B358,9;FSZ Hienberg;A 009 B 358,9;A9;358,85;;Nürnberg;Berlin;Berlin;Nord/ Ost;AS 48 Schnaittach;AS 47 Hormersdorf;4;3265538;12756;2;;;9;129,130,135,136,137,138,139,140,194;83463,83464,83465,83466,83467,83468,83528,83529,83530
ABDN;20200728;7;40;33;A009B358,9;FSZ Hienberg;A 009 B 358,9;A9;358,85;;Nürnberg;Berlin;Berlin;Nord/ Ost;AS 48 Schnaittach;AS 47 Hormersdorf;3;3265538;12756;2;;;1;61;83462
ABDN;20200728;7;40;33;A009B358,9;FSZ Hienberg;A 009 B 358,9;A9;358,85;;Nürnberg;Berlin;Berlin;Nord/ Ost;AS 48 Schnaittach;AS 47 Hormersdorf;1;3265538;12756;2;;;3;1,2,3;83459,83460,83461
ABDN;20200728;7;40;31;A009B365,4;Erweiterung A9FI um A9HI;A 009 B 365,4;A9;365,425;;Nürnberg;Berlin;Berlin;Nord/ Ost;AS 50 AS Lauf (B14n);AS 49 Lauf/ Hersbruck (B14);1;3265286;12755;6;49,51328574;11,30178402;3;1,2,3;83106,83107,83108
ABDN;20200728;7;40;31;A009B365,4;Erweiterung A9FI um A9HI;A 009 B 365,4;A9;365,425;;Nürnberg;Berlin;Berlin;Nord/ Ost;AS 50 AS Lauf (B14n);AS 49 Lauf/ Hersbruck (B14);3;3265286;12755;6;;;7;6,7,8,48,53,55,71;83110,83111,83112,83113,83114,83115,83116
ABDN;20200728;7;40;31;A009B365,4;Erweiterung A9FI um A9HI;A 009 B 365,4;A9;365,425;;Nürnberg;Berlin;Berlin;Nord/ Ost;AS 50 AS Lauf (B14n);AS 49 Lauf/ Hersbruck (B14);3;3265286;12755;6;49,51305672;11,30155746;1;61;83109
ABDN;20200728;7;40;31;A009B365,4;Erweiterung A9FI um A9HI;A 009 B 365,4;A9;365,425;;Nürnberg;Berlin;Berlin;Nord/ Ost;AS 50 AS Lauf (B14n);AS 49 Lauf/ Hersbruck (B14);4;3265286;12755;6;49,51328574;11,30178402;8;1,2,3,65,66,73,74,194;82500,82501,82502,82503,82504,82505,83117,83175
ABDN;20200728;7;40;31;A009B365,4;Erweiterung A9FI um A9HI;A 009 B 365,4;A9;365,425;;Nürnberg;Berlin;Berlin;Nord/ Ost;AS 50 AS Lauf (B14n);AS 49 Lauf/ Hersbruck (B14);6;3265286;12755;6;49,51328574;11,30178402;3;1,2,3;82506,82507,82508
ABDN;20200728;7;40;31;A009B365,4;SBA A9 Fischbach;A 009 B 365,4;A9;365,425;;Nürnberg;Berlin;Berlin;Nord/ Ost;AS 50 AS Lauf (B14n);AS 49 Lauf/ Hersbruck (B14);1;3265286;12755;6;49,51328574;11,30178402;3;1,2,3;82661,82662,82663
ABDN;20200728;7;40;31;A009B365,4;SBA A9 Fischbach;A 009 B 365,4;A9;365,425;;Nürnberg;Berlin;Berlin;Nord/ Ost;AS 50 AS Lauf (B14n);AS 49 Lauf/ Hersbruck (B14);6;3265286;12755;6;;;4;1,2,3,4;82664,82665,82666,82667
ABDN;20200728;7;40;31;A009B366,7;Erweiterung A9FI um A9HI;A 009 B 366,7;A9;366,67;;Nürnberg;Berlin;Berlin;Nord/ Ost;AS 50 AS Lauf (B14n);AS 49 Lauf/ Hersbruck (B14);1;3265298;12755;18;49,50429214;11,29160811;3;1,2,3;82509,82510,82511
ABDN;20200728;7;40;31;A009B366,7;Erweiterung A9FI um A9HI;A 009 B 366,7;A9;366,67;;Nürnberg;Berlin;Berlin;Nord/ Ost;AS 50 AS Lauf (B14n);AS 49 Lauf/ Hersbruck (B14);3;3265298;12755;18;49,50409361;11,29141686;1;1;82570
ABDN;20200728;7;40;31;A009B366,7;Erweiterung A9FI um A9HI;A 009 B 366,7;A9;366,67;;Nürnberg;Berlin;Berlin;Nord/ Ost;AS 50 AS Lauf (B14n);AS 49 Lauf/ Hersbruck (B14);4;3265298;12755;18;49,50429214;11,29160811;8;1,2,3,65,66,73,74,194;82571,82572,82573,82574,83176,83177,83178,83179
ABDN;20200728;7;40;31;A009B366,7;Erweiterung A9FI um A9HI;A 009 B 366,7;A9;366,67;;Nürnberg;Berlin;Berlin;Nord/ Ost;AS 50 AS Lauf (B14n);AS 49 Lauf/ Hersbruck (B14);6;3265298;12755;18;49,50409361;11,29141686;3;1,2,3;83180,83181,83182
ABDN;20200728;7;40;31;A009B368,8;Erweiterung A9FI um A9HI;A 009 B 368,8;A9;368,78;;Nürnberg;Berlin;Berlin;Nord/ Ost;51 AK Kreuz Nürnberg (A3 (88));AS 50 AS Lauf (B14n);1;3265037;12754;13;49,48851099;11,27536907;3;1,2,3;83183,83184,83185
ABDN;20200728;7;40;31;A009B368,8;Erweiterung A9FI um A9HI;A 009 B 368,8;A9;368,78;;Nürnberg;Berlin;Berlin;Nord/ Ost;51 AK Kreuz Nürnberg (A3 (88));AS 50 AS Lauf (B14n);3;3265037;12754;13;49,48827415;11,27520492;1;1;83186
ABDN;20200728;7;40;31;A009B368,8;Erweiterung A9FI um A9HI;A 009 B 368,8;A9;368,78;;Nürnberg;Berlin;Berlin;Nord/ Ost;51 AK Kreuz Nürnberg (A3 (88));AS 50 AS Lauf (B14n);4;3265037;12754;13;49,48851099;11,27536907;8;1,2,3,65,66,73,74,194;82110,82111,82112,83187,83188,83189,83190,83191
ABDN;20200728;7;40;31;A009B368,8;Erweiterung A9FI um A9HI;A 009 B 368,8;A9;368,78;;Nürnberg;Berlin;Berlin;Nord/ Ost;51 AK Kreuz Nürnberg (A3 (88));AS 50 AS Lauf (B14n);6;3265037;12754;13;49,48851099;11,27536907;3;1,2,3;82113,82114,82115
ABDN;20200728;7;40;31;A009B370,8;Erweiterung A9FI um A9HI;A 009 B 370,8;A9;370,815;;Nürnberg;Berlin;Berlin;Nord/ Ost;51 AK Kreuz Nürnberg (A3 (88));AS 50 AS Lauf (B14n);3;3265058;12754;34;;;7;6,7,8,48,53,55,71;82117,82118,82119,82120,82121,82122,82123
ABDN;20200728;7;40;31;A009B370,8;Erweiterung A9FI um A9HI;A 009 B 370,8;A9;370,815;;Nürnberg;Berlin;Berlin;Nord/ Ost;51 AK Kreuz Nürnberg (A3 (88));AS 50 AS Lauf (B14n);4;3265058;12754;34;49,47344534;11,25974582;8;1,2,3,65,66,73,74,194;82124,82125,82126,82127,82186,82187,82188,82189
ABDN;20200728;7;40;31;A009B370,8;Erweiterung A9FI um A9HI;A 009 B 370,8;A9;370,815;;Nürnberg;Berlin;Berlin;Nord/ Ost;51 AK Kreuz Nürnberg (A3 (88));AS 50 AS Lauf (B14n);6;3265058;12754;34;49,47344534;11,25974582;3;1,2,3;82190,82191,82192
ABDN;20200728;7;40;31;A009B370,8;Erweiterung A9FI um A9HI;A 009 B 370,8;A9;370,815;;Nürnberg;Berlin;Berlin;Nord/ Ost;51 AK Kreuz Nürnberg (A3 (88));AS 50 AS Lauf (B14n);3;3265058;12754;34;49,47314252;11,25943852;1;61;82116
ABDN;20200728;7;40;31;A009B370,9;DZS 8+1;A 009 B 370,9;A9;370,84;;Berlin;Nürnberg;Berlin;Süd/ West;AS 50 AS Lauf (B14n);51 AK Kreuz Nürnberg (A3 (88));1;3265057;12754;33;;;3;33,34,35;82732,82733,82734
ABDN;20200728;7;40;31;A009B370,9;DZS 8+1;A 009 B 370,9;A9;370,84;;Nürnberg;Berlin;Berlin;Nord/ Ost;51 AK Kreuz Nürnberg (A3 (88));AS 50 AS Lauf (B14n);1;3265057;12754;33;;;3;1,2,3;82668,82730,82731
ABDN;20200728;7;40;31;A009B372,5;NBA Nürnberg-Ost;A009B372,5;A9;372,5;;Berlin;München;Berlin;Süd/ West;51 AK Kreuz Nürnberg (A3 (88));;1;3265063;12754;39;49,46188912;11,24653084;1;113;82740
ABDN;20200728;7;40;31;A009B372,5;NBA Nürnberg-Ost;A009B372,5;A9;372,5;;Berlin;Würzburg;Berlin;Süd/ West;51 AK Kreuz Nürnberg (A3 (88));;1;3265063;12754;39;49,46189865;11,24650664;1;97;82739
ABDN;20200728;7;40;31;A009B372,5;NBA Nürnberg-Ost;A009B372,5;A9;372,5;;Nürnberg;Berlin;Berlin;Nord/ Ost;51 AK Kreuz Nürnberg (A3 (88));;1;3265063;12754;39;49,4610456;11,24639808;1;145;82742
ABDN;20200728;7;40;31;A009B372,5;NBA Nürnberg-Ost;A009B372,5;A9;372,5;;Nürnberg;Berlin;Berlin;Nord/ Ost;51 AK Kreuz Nürnberg (A3 (88));;1;3265063;12754;39;49,4611189;11,24631529;2;1,2;82735,82736
ABDN;20200728;7;40;31;A009B372,5;NBA Nürnberg-Ost;A009B372,5;A9;372,5;;Regensburg;Berlin;Berlin;Nord/ Ost;51 AK Kreuz Nürnberg (A3 (88));;1;3265063;12754;39;49,4610263;11,24644434;1;129;82741
ABDN;20200728;7;40;31;A009B372,5;NBA Nürnberg-Ost;A009B372,5;A9;372,5;;Regensburg;Berlin;Berlin;Nord/ Ost;51 AK Kreuz Nürnberg (A3 (88));;6;3265063;12754;39;49,46070915;11,24684152;3;1,2,3;82743,82744,82745
ABDN;20200728;7;40;31;A009B372,5;NBA Nürnberg-Ost;A009B372,5;A9;372,5;;Berlin;München;Berlin;Süd/ West;51 AK Kreuz Nürnberg (A3 (88));;1;3265063;12754;39;49,46186449;11,24665737;2;33,34;82737,82738
ABDN;20200728;7;40;31;A009B372,6;Erweiterung A9FI um A9HI;A 009 B 372,6;A9;372,565;;Nürnberg;Berlin;Berlin;Nord/ Ost;51 AK Kreuz Nürnberg (A3 (88));;3;3265075;12754;51;49,45063141;11,23722337;1;1;82193
ABDN;20200728;7;40;31;A009B372,6;Erweiterung A9FI um A9HI;A 009 B 372,6;A9;372,565;;Nürnberg;Berlin;Berlin;Nord/ Ost;51 AK Kreuz Nürnberg (A3 (88));;6;3265075;12754;51;49,46050239;11,24589854;3;1,2,3;82263,82343,82344
ABDN;20200728;7;40;31;A009B372,6a;Erweiterung A9FI um A9HI;A 009 B 372,6;A9;372,565;;Nürnberg;Berlin;Berlin;Nord/ Ost;51 AK Kreuz Nürnberg (A3 (88));;4;3265075;12754;51;49,46050239;11,24589854;5;1,2,65,73,194;82194,82195,82196,82197,82198
ABDN;20200728;7;40;31;A009B372,6b;Erweiterung A9FI um A9HI;A 009 B 372,6;A9;372,565;;Nürnberg;Berlin;Berlin;Nord/ Ost;51 AK Kreuz Nürnberg (A3 (88));;4;3265075;12754;51;49,46050239;11,24589854;4;3,67,75,196;82199,82200,82201,82202
ABDN;20200728;7;40;31;A009B372,6c;Erweiterung A9FI um A9HI;A 009 B 372,6;A9;372,565;;Regensburg;Berlin;Berlin;Nord/ Ost;51 AK Kreuz Nürnberg (A3 (88));;4;3265075;12754;51;49,46013398;11,24663821;4;4,68,76,198;82203,82260,82261,82262
ABDN;20200728;7;40;31;A009B373,8;Erweiterung A9FI um A9HI;A 009 B 373,8;A9;373,83;;Nürnberg;Berlin;Berlin;Nord/ Ost;51 AK Kreuz Nürnberg (A3 (88));;1;3264778;12753;10;49,45089847;11,23741998;2;1,2;82345,82346
ABDN;20200728;7;40;31;A009B373,8;Erweiterung A9FI um A9HI;A 009 B 373,8;A9;373,83;;Nürnberg;Berlin;Berlin;Nord/ Ost;51 AK Kreuz Nürnberg (A3 (88));;3;3264778;12753;10;49,45063141;11,23722337;1;1;82347
ABDN;20200728;7;40;31;A009B373,8;Erweiterung A9FI um A9HI;A 009 B 373,8;A9;373,83;;Nürnberg;Berlin;Berlin;Nord/ Ost;51 AK Kreuz Nürnberg (A3 (88));;4;3264778;12753;10;49,45089847;11,23741998;5;1,2,65,73,194;82348,82349,82350,82351,82352
ABDN;20200728;7;40;31;A009B373,8;Erweiterung A9FI um A9HI;A 009 B 373,8;A9;373,83;;Nürnberg;Berlin;Berlin;Nord/ Ost;51 AK Kreuz Nürnberg (A3 (88));;6;3264778;12753;10;49,45089847;11,23741998;3;1,2,3;82353,82354,82355
ABDN;20200728;7;40;31;A009B374,0;NBA Nürnberg-Ost;A009B374,0;A9;374;;Würzburg;München;Berlin;Süd/ West;51 AK Kreuz Nürnberg (A3 (88));;1;3264779;12753;11;49,45022182;11,23578038;2;169,170;82811,82812
ABDN;20200728;7;40;31;A009B374,0;Aufweitung AK Nürnberg;A009B374,0;A9;374;;München;Würzburg;Berlin;Nord/ Ost;51 AK Kreuz Nürnberg (A3 (88));;1;3264779;12753;11;49,45012377;11,236119;1;75;82810
ABDN;20200728;7;40;31;A009B374,0;NBA Nürnberg-Ost;A009B374,0;A9;374;;Berlin;München;Berlin;Süd/ West;51 AK Kreuz Nürnberg (A3 (88));;1;3264779;12753;11;49,44977336;11,23512594;2;33,34;82748,82749
ABDN;20200728;7;40;31;A009B374,0;NBA Nürnberg-Ost;A009B374,0;A9;374;;München;Berlin;Berlin;Nord/ Ost;51 AK Kreuz Nürnberg (A3 (88));;1;3264779;12753;11;49,4500721;11,23628459;2;1,2;82746,82747
ABDN;20200728;7;40;31;A009B374,0;NBA Nürnberg-Ost;A009B374,0;A9;374;;München;Berlin;Berlin;Nord/ Ost;51 AK Kreuz Nürnberg (A3 (88));;6;3264779;12753;11;49,45010366;11,23618933;3;1,2,3;82813,82814,82815
ABDN;20200728;7;40;31;A009B374,0;NBA Nürnberg-Ost;A009B374,0;A9;374;;München;Würzburg;Berlin;Nord/ Ost;51 AK Kreuz Nürnberg (A3 (88));;1;3264779;12753;11;49,45012377;11,236119;2;73,74;82750,82809
ABDN;20200728;7;40;31;A009B375,0;SBA A9 Fischbach;;A9;374,984;;;;Berlin;Nord/ Ost;AS 52 Nürnberg-Fischbach (B4);51 AK Kreuz Nürnberg (A3 (88));1;3264559;12752;47;;;5;1,2,9,10,11;82862,82863,82864,82865,82866
ABDN;20200728;7;40;31;A009B375,0;SBA A9 Fischbach;;A9;374,984;;;;Berlin;Nord/ Ost;AS 52 Nürnberg-Fischbach (B4);51 AK Kreuz Nürnberg (A3 (88));6;3264559;12752;47;;;4;1,2,3,4;78752,78753,78754,78755
ABDN;20200728;7;40;31;A009B375,0a;SBA A9 Fischbach;;A9;374,984;;;;Berlin;Nord/ Ost;AS 52 Nürnberg-Fischbach (B4);51 AK Kreuz Nürnberg (A3 (88));4;3264559;12752;47;;;1;194;83085
ABDN;20200728;7;40;31;A009B375,0a;SBA A9 Fischbach;;A9;374,984;;;;Berlin;Nord/ Ost;AS 52 Nürnberg-Fischbach (B4);51 AK Kreuz Nürnberg (A3 (88));3;3264559;12752;47;;;1;61;83080
ABDN;20200728;7;40;31;A009B375,0b;SBA A9 Fischbach;;A9;374,984;;;;Berlin;Nord/ Ost;AS 52 Nürnberg-Fischbach (B4);51 AK Kreuz Nürnberg (A3 (88));4;3264559;12752;47;;;12;1,2,3,4,5,65,66,67,73,74,75,196;78745,78746,78747,78748,78749,78750,78751,83081,83082,83083,83084,83086
ABDN;20200728;7;40;31;A009B376,0;DZS 8+1;A 009 B 376,0;A9;376;;München;Berlin;Berlin;Süd/ West;AS 52 Nürnberg-Fischbach (B4);51 AK Kreuz Nürnberg (A3 (88));6;3264799;12753;31;49,43472691;11,22009566;2;1,2;82822,82823
ABDN;20200728;7;40;31;A009B376,0;DZS 8+1;A 009 B 376,0;A9;376;;München;Berlin;Berlin;Nord/ Ost;AS 52 Nürnberg-Fischbach (B4);51 AK Kreuz Nürnberg (A3 (88));1;3264799;12753;31;49,43479315;11,22006302;3;1,2,3;82816,82817,82818
ABDN;20200728;7;40;31;A009B376,0;DZS 8+1;A 009 B 376,0;A9;376;;Berlin;München;Berlin;Süd/ West;AK (51) Kreuz Nürnberg (A3 (88));AS 52 Nürnberg-Fischbach (B4);1;3264799;12753;31;49,43464065;11,21931863;1;35;82821
ABDN;20200728;7;40;31;A009B376,0;DZS 8+1;A 009 B 376,0;A9;376;;Berlin;München;Berlin;Süd/ West;51 AK Kreuz Nürnberg (A3 (88));AS 52 Nürnberg-Fischbach (B4);1;3264799;12753;31;49,43464065;11,21931863;2;33,34;82819,82820
ABDN;20200728;7;40;31;A009B376,1;SBA A9 Fischbach;;A9;376,112;;;;Berlin;Nord/ Ost;AS 52 Nürnberg-Fischbach (B4);51 AK Kreuz Nürnberg (A3 (88));4;3264548;12752;36;;;8;1,2,3,65,66,73,74,194;78760,78761,78762,78763,83087,83088,83089,83090
ABDN;20200728;7;40;31;A009B376,1;SBA A9 Fischbach;;A9;376,112;;;;Berlin;Nord/ Ost;AS 52 Nürnberg-Fischbach (B4);51 AK Kreuz Nürnberg (A3 (88));3;3264548;12752;36;;;1;61;78759
ABDN;20200728;7;40;31;A009B376,1;SBA A9 Fischbach;;A9;376,112;;;;Berlin;Nord/ Ost;AS 52 Nürnberg-Fischbach (B4);51 AK Kreuz Nürnberg (A3 (88));1;3264548;12752;36;;;3;1,2,3;78756,78757,78758
ABDN;20200728;7;40;31;A009B376,1;SBA A9 Fischbach;;A9;376,112;;;;Berlin;Nord/ Ost;AS 52 Nürnberg-Fischbach (B4);51 AK Kreuz Nürnberg (A3 (88));6;3264548;12752;36;;;4;1,2,3,4;83091,83092,83093,83094
ABDN;20200728;7;40;31;A009B377,4;SBA A9 Fischbach;;A9;377,432;;;;Berlin;Nord/ Ost;AS 52 Nürnberg-Fischbach (B4);51 AK Kreuz Nürnberg (A3 (88));6;3264535;12752;23;;;4;1,2,3,4;78685,78705,78706,78707
ABDN;20200728;7;40;31;A009B377,4;SBA A9 Fischbach;;A9;377,432;;;;Berlin;Nord/ Ost;AS 52 Nürnberg-Fischbach (B4);51 AK Kreuz Nürnberg (A3 (88));1;3264535;12752;23;;;3;1,2,3;82700,82701,82702
ABDN;20200728;7;40;31;A009B377,4;SBA A9 Fischbach;;A9;377,432;;;;Berlin;Nord/ Ost;AS 52 Nürnberg-Fischbach (B4);51 AK Kreuz Nürnberg (A3 (88));3;3264535;12752;23;;;7;48,53,55,61,70,71,72;82703,82704,82705,82706,82707,82708,82709
ABDN;20200728;7;40;31;A009B377,4;SBA A9 Fischbach;;A9;377,432;;;;Berlin;Nord/ Ost;AS 52 Nürnberg-Fischbach (B4);51 AK Kreuz Nürnberg (A3 (88));4;3264535;12752;23;;;8;1,2,3,65,66,73,74,194;78677,78678,78679,78680,78681,78682,78683,78684
ABDN;20200728;7;40;31;A009B378,3;SBA A9 Fischbach;;A9;378,255;;;;Berlin;Nord/ Ost;AS 52 Nürnberg-Fischbach (B4);51 AK Kreuz Nürnberg (A3 (88));6;3264526;12752;14;;;4;1,2,3,4;78702,78703,78704,81239
ABDN;20200728;7;40;31;A009B378,3;SBA A9 Fischbach;;A9;378,255;;;;Berlin;Nord/ Ost;AS 52 Nürnberg-Fischbach (B4);51 AK Kreuz Nürnberg (A3 (88));4;3264526;12752;14;;;3;129,130,194;78699,78700,78701
ABDN;20200728;7;40;31;A009B378,7;SBA A9 Fischbach;;A9;378,7;;;;Berlin;Nord/ Ost;AS 52 Nürnberg-Fischbach (B4);51 AK Kreuz Nürnberg (A3 (88));6;3264522;12752;10;;;4;1,2,3,4;81243,81244,81245,81246
ABDN;20200728;7;40;31;A009B378,7;SBA A9 Fischbach;;A9;378,7;;;;Berlin;Nord/ Ost;AS 52 Nürnberg-Fischbach (B4);51 AK Kreuz Nürnberg (A3 (88));4;3264522;12752;10;;;3;129,130,194;81240,81241,81242
ABDN;20200728;7;40;31;A009B379,2;SBA A9 Fischbach;;A9;379,235;;;;Berlin;Nord/ Ost;AS 52 Nürnberg-Fischbach (B4);51 AK Kreuz Nürnberg (A3 (88));6;3264518;12752;6;;;4;1,2,3,4;81323,81324,81325,81326
ABDN;20200728;7;40;31;A009B379,2;SBA A9 Fischbach;;A9;379,235;;;;Berlin;Nord/ Ost;AS 52 Nürnberg-Fischbach (B4);51 AK Kreuz Nürnberg (A3 (88));1;3264518;12752;6;;;3;1,2,3;81247,81248,81249
ABDN;20200728;7;40;31;A009B379,2a;SBA A9 Fischbach;;A9;379,235;;;;Berlin;Nord/ Ost;AS 52 Nürnberg-Fischbach (B4);51 AK Kreuz Nürnberg (A3 (88));4;3264518;12752;6;;;8;1,2,3,65,66,73,74,194;81312,81313,81314,81315,81316,81317,81318,81319
ABDN;20200728;7;40;31;A009B379,2a;SBA A9 Fischbach;;A9;379,235;;;;Berlin;Nord/ Ost;AS 52 Nürnberg-Fischbach (B4);51 AK Kreuz Nürnberg (A3 (88));3;3264518;12752;6;;;1;61;81311
ABDN;20200728;7;40;31;A009B379,2b;SBA A9 Fischbach;;A9;379,235;;;;Berlin;Nord/ Ost;AS 52 Nürnberg-Fischbach (B4);51 AK Kreuz Nürnberg (A3 (88));4;3264518;12752;6;;;3;129,130,196;81320,81321,81322
ABDN;20200728;7;40;31;A009B380,3;DZS 8+1;A 009 B 380,3;A9;380,3;;Berlin;München;Berlin;Süd/ West;AS 52 Nürnberg-Fischbach (B4);53 Kreuz Nürnberg-Ost (A6(60));1;3264517;12752;5;49,4016905;11,19644475;3;33,34,35;82964,82965,82966
ABDN;20200728;7;40;31;A009B380,3;DZS 8+1;A 009 B 380,3;A9;380,3;;München;Berlin;Berlin;Nord/ Ost;53 Kreuz Nürnberg-Ost (A6(60));AS 52 Nürnberg-Fischbach (B4);1;3264517;12752;5;49,40176501;11,19695619;3;1,2,3;82903,82904,82905
ABDN;20200728;7;40;31;A009B380,3;DZS 8+1;A 009 B 380,3;A9;380,3;;München;Berlin;Berlin;Nord/ Ost;53 Kreuz Nürnberg-Ost (A6(60));AS 52 Nürnberg-Fischbach (B4);6;3264517;12752;5;49,40201746;11,19715167;1;1;82967
ABDN;20200728;7;40;31;A009B380,4;SBA A9 Fischbach;;A9;380,485;;;;Berlin;Nord/ Ost;53 Kreuz Nürnberg-Ost (A6(60));AS 52 Nürnberg-Fischbach (B4);1;3264260;12751;4;;;4;1,2,3,129;81327,81328,81329,81390
ABDN;20200728;7;40;31;A009B380,4;SBA A9 Fischbach;;A9;380,485;;;;Berlin;Nord/ Ost;53 Kreuz Nürnberg-Ost (A6(60));AS 52 Nürnberg-Fischbach (B4);3;3264260;12751;4;;;7;48,53,55,61,70,71,72;81391,81392,81393,81394,81395,81396,81397
ABDN;20200728;7;40;31;A009B380,4;SBA A9 Fischbach;;A9;380,485;;;;Berlin;Nord/ Ost;53 Kreuz Nürnberg-Ost (A6(60));AS 52 Nürnberg-Fischbach (B4);4;3264260;12751;4;;;9;1,2,3,5,65,66,73,74,194;81398,81399,81400,81401,81402,81403,81404,81405,81406
ABDN;20200728;7;40;31;A009B380,4;SBA A9 Fischbach;;A9;380,485;;;;Berlin;Nord/ Ost;53 Kreuz Nürnberg-Ost (A6(60));AS 52 Nürnberg-Fischbach (B4);6;3264260;12751;4;;;4;1,2,3,4;81407,81408,81472,81473
ABDN;20200728;7;40;31;A009B380,5;DZS 8+1;A 009 B 380,5;A9;380,5;;Amberg;Berlin;Berlin;Nord/ Ost;53 Kreuz Nürnberg-Ost (A6(60));;1;3264519;12752;7;49,39970535;11,19806666;1;129;82975
ABDN;20200728;7;40;31;A009B380,5;DZS 8+1;A 009 B 380,5;A9;380,5;;Berlin;München;Berlin;Süd/ West;53 Kreuz Nürnberg-Ost (A6(60));;1;3264519;12752;7;49,39939282;11,1975906;3;33,34,35;82971,82972,82973
ABDN;20200728;7;40;31;A009B380,5;DZS 8+1;A 009 B 380,5;A9;380,5;;Berlin;Heilbronn/ Amberg;Berlin;Süd/ West;53 Kreuz Nürnberg-Ost (A6(60));;1;3264519;12752;7;49,39937165;11,19759835;1;97;82974
ABDN;20200728;7;40;31;A009B380,5;DZS 8+1;A 009 B 380,5;A9;380,5;;München;Berlin;Berlin;Nord/ Ost;53 Kreuz Nürnberg-Ost (A6(60));;1;3264519;12752;7;49,39973095;11,19805159;3;1,2,3;82968,82969,82970
ABDN;20200728;7;40;31;A009B380,5;DZS 8+1;A 009 B 380,5;A9;380,5;;München;Berlin;Berlin;Nord/ Ost;53 Kreuz Nürnberg-Ost (A6(60));;6;3264519;12752;7;49,39974786;11,1981272;2;1,2;82976,82977
ABDN;20200728;7;40;31;A009B380,9;Nachrüstung;A 009 A 380,9;A9;380,88;;Berlin;Heilbronn/ Amberg;Heilbronn;Süd/ West;53 Kreuz Nürnberg-Ost (A6(60));;1;3264523;12752;11;;;1;161;82978
ABDN;20200728;7;40;31;A009B381,4;NBA Nürnberg-Ost;A009B381,4;A9;381,4;;Heilbronn/ Amberg;München;Berlin;Süd/ West;53 Kreuz Nürnberg-Ost (A6(60));;1;3264004;12750;4;49,39126513;11,20151294;1;161;83043
ABDN;20200728;7;40;31;A009B381,4;NBA Nürnberg-Ost;A009B381,4;A9;381,4;;München;Amberg/ Heilbronn;Berlin;Nord/ Ost;53 Kreuz Nürnberg-Ost (A6(60));;1;3264004;12750;4;49,39076161;11,20217431;1;65;83042
ABDN;20200728;7;40;31;A009B381,4;NBA Nürnberg-Ost;A009B381,4;A9;381,4;;München;Berlin;Berlin;Nord/ Ost;53 Kreuz Nürnberg-Ost (A6(60));;6;3264004;12750;4;49,39076879;11,20225351;3;1,2,3;83044,83045,83046
ABDN;20200728;7;40;31;A009B381,4;NBA Nürnberg-Ost;A009B381,4;A9;381,4;;München;Berlin;Berlin;Nord/ Ost;53 Kreuz Nürnberg-Ost (A6(60));;1;3264004;12750;4;49,39076161;11,20217431;3;1,2,3;82979,82980,82981
ABDN;20200728;7;40;31;A009B381,4;NBA Nürnberg-Ost;A009B381,4;A9;381,4;;Berlin;München;Berlin;Süd/ West;53 Kreuz Nürnberg-Ost (A6(60));;1;3264004;12750;4;49,39126513;11,20151294;3;33,34,35;82982,82983,82984
ABDN;20200728;7;40;31;A009B381,8;DZS 8+1;A 009 B 381,8;A9;381,8;;München;Berlin;Berlin;Nord/ Ost;54 Dreieck Nürnberg/ Feucht (73(-));53 Kreuz Nürnberg-Ost (A6(60));6;3264008;12750;8;49,38807881;11,20236466;1;1;83053
ABDN;20200728;7;40;31;A009B381,8;DZS 8+1;A 009 B 381,8;A9;381,8;;München;Berlin;Berlin;Nord/ Ost;54 Dreieck Nürnberg/ Feucht (73(-));53 Kreuz Nürnberg-Ost (A6(60));1;3264008;12750;8;49,3880802;11,20233175;3;1,2,3;83047,83048,83049
ABDN;20200728;7;40;31;A009B381,8;DZS 8+1;A 009 B 381,8;A9;381,8;;Berlin;München;Berlin;Süd/ West;53 Kreuz Nürnberg-Ost (A6(60));54 Dreieck Nürnberg/ Feucht (73(-));1;3264008;12750;8;49,38807688;11,20188083;3;33,34,35;83050,83051,83052
ABDN;20200728;7;40;31;A009B386,6;NBA Nürnberg-Ost;A009B386,6;A9;386,6;;München;Berlin;Berlin;Nord/ Ost;54 Dreieck Nürnberg/ Feucht (73(-));;1;3263749;12749;5;49,34504094;11,20402547;3;1,2,3;83062,83118,83119
ABDN;20200728;7;40;31;A009B386,6;NBA Nürnberg-Ost;A009B386,6;A9;386,6;;München;Berlin;Berlin;Nord/ Ost;54 Dreieck Nürnberg/ Feucht (73(-));;6;3263749;12749;5;49,34504335;11,20410826;3;1,2,3;83123,83124,83125
ABDN;20200728;7;40;31;A009B386,6;NBA Nürnberg-Ost;A009B386,6;A9;386,6;;München;Nürnberg;Berlin;Nord/ Ost;54 Dreieck Nürnberg/ Feucht (73(-));;1;3263749;12749;5;49,34411279;11,20442967;2;65,66;83120,83121
ABDN;20200728;7;40;31;A009B386,6;NBA Nürnberg-Ost;A009B386,6;A9;386,6;;Nürnberg;Berlin;Berlin;Nord/ Ost;54 Dreieck Nürnberg/ Feucht (73(-));;1;3263749;12749;5;49,34607216;11,20418403;1;129;83122
ABDN;20200728;7;40;31;A009B397,2;NBA Nürnberg-Ost;A009B397,2;A9;397,2;;Roth;München;Berlin;Süd/ West;AS 55 Allersberg;;1;3263855;12749;111;49,25153359;11,21440008;1;161;83135
ABDN;20200728;7;40;31;A009B397,2;NBA Nürnberg-Ost;A009B397,2;A9;397,2;;München;Nürnberg;Berlin;Süd/ West;AS 55 Allersberg;;1;3263855;12749;111;49,25182217;11,21550365;3;33,34,35;83129,83130,83131
ABDN;20200728;7;40;31;A009B397,2;NBA Nürnberg-Ost;A009B397,2;A9;397,2;;München;Allersberg;Berlin;Nord/ Ost;AS 55 Allersberg;;1;3263855;12749;111;49,25038753;11,21650895;1;65;83132
ABDN;20200728;7;40;31;A009B397,2;NBA Nürnberg-Ost;A009B397,2;A9;397,2;;Nürnberg;Roth;Berlin;Süd/ West;AS 55 Allersberg;;1;3263855;12749;111;49,25159541;11,21437625;1;97;83133
ABDN;20200728;7;40;31;A009B397,2;NBA Nürnberg-Ost;A009B397,2;A9;397,2;;Nürnberg;München;Berlin;Nord/ Ost;AS 55 Allersberg;;1;3263855;12749;111;49,25048035;11,21631769;3;1,2,3;83126,83127,83128
ABDN;20200728;7;40;31;A009B397,2;NBA Nürnberg-Ost;A009B397,2;A9;397,2;;Allersberg;Nürnberg;Berlin;Nord/ Ost;AS 55 Allersberg;;1;3263855;12749;111;49,25091988;11,21661689;1;129;83134
ABDN;20200728;7;40;31;A009B397,2;NBA Nürnberg-Ost;A009B397,2;A9;397,2;;München;Nürnberg;Berlin;Nord/ Ost;AS 55 Allersberg;;6;3263855;12749;111;49,25048965;11,21639977;3;1,2,3;83040,83041,83136
ABDN;20200728;7;27;32;A045A244,9;DZS 8+1;A 045 A 244,9;A45;244,896;;Gießen;Aschaffenburg;Aschaffenburg;Süd/ West;AS 44 Alzenau;AS 45 Karlstein;6;2914831;11386;15;50,08542223;9,03531982;1;1;83252
ABDN;20200728;7;27;32;A045B244,9;DZS 8+1;A 045 A 244,9;A45;244,896;;Gießen;Aschaffenburg;Aschaffenburg;Süd/ West;AS 44 Alzenau;AS 45 Karlstein;1;2914831;11386;15;50,07916481;9,03569982;2;33,34;84235,84236
ABDN;20200728;7;27;32;A045B244,9;DZS 8+1;A 045 A 244,9;A45;244,896;;Dortmund;Aschaffenburg;Aschaffenburg;Süd/ West;Alzenau Mitte;;1;2914831;11386;15;50,08430263;9,03511674;1;161;83251
ABDN;20200728;7;27;32;A045B244,9;DZS 8+1;A 045 A 244,9;A45;244,896;;Dortmund;Aschaffenburg;Aschaffenburg;Süd/ West;Alzenau Mitte;;1;2914831;11386;15;50,08439256;9,03511021;1;97;84239
ABDN;20200728;7;27;32;A045B244,9;DZS 8+1;A 045 A 244,9;A45;244,896;;Aschaffenburg;Gießen;Aschaffenburg;Nord/ Ost;AS 44 Alzenau;AS 45 Karlstein;1;2914831;11386;15;50,07917408;9,03618425;2;1,2;84233,84234
ABDN;20200728;7;27;32;A045B244,9;DZS 8+1;A 045 A 244,9;A45;244,896;;Aschaffenburg;Dortmund;Aschaffenburg;Nord/ Ost;Alzenau Mitte;;1;2914831;11386;15;50,08424942;9,03650887;1;65;84237
ABDN;20200728;7;27;32;A045B244,9;DZS 8+1;A 045 A 244,9;A45;244,896;;Aschaffenburg;Dortmund;Aschaffenburg;Nord/ Ost;Alzenau Mitte;;1;2914831;11386;15;50,08433413;9,03650426;1;129;84238
ABDN;20200728;7;35;28;A070A002,2;DZS 8+1;A 070 A 002,2;A70;2,173;;AD Sw./ Werneck;Bamberg;Bayreuth;Nord/ Ost;2 Dreieck Schweinfurt/ Werneck (A7(99)/B26a);AS 3 Werneck (B 19);1;3177494;12412;22;50,00031572;10,10806875;2;1,2;81067,81068
ABDN;20200728;7;35;28;A070A002,2;DZS 8+1;A 070 A 002,2;A70;2,173;;AD Sw./ Werneck;Bamberg;Bayreuth;Nord/ Ost;2 Dreieck Schweinfurt/ Werneck (A7(99)/B26a);AS 3 Werneck (B 19);6;3177494;12412;22;50,00025849;10,10810445;1;1;81071
ABDN;20200728;7;35;28;A070A002,9;NBA N-SW;A 070 A 002,9;A70;2,855;;Würzburg;Bamberg;Bamberg;Nord/ Ost;AS 3 Werneck (B 19);;1;3177501;12412;29;50,00166056;10,12075614;1;129;81062
ABDN;20200728;7;35;28;A070A002,9;NBA N-SW;A 070 A 002,9;A70;2,855;;AD Sw./ Werneck;Würzburg;Bamberg;Nord/ Ost;AS 3 Werneck (B 19);;1;3177501;12412;29;50,00164902;10,12068831;1;65;81061
ABDN;20200728;7;35;28;A070A002,9;NBA N-SW;A 070 A 002,9;A70;2,855;;AD Sw./ Werneck;Bamberg;Bamberg;Nord/ Ost;AS 3 Werneck (B 19);;1;3177501;12412;29;50,0019483;10,12060805;2;1,2;81057,81058
ABDN;20200728;7;35;28;A070A009,2;NBA N-SW;A 070 B 009,2;A70;9,246;;AD Sw./ Werneck;Werneck ; SW/W;Nord/ Ost;AS 5 Schweinfurt/ Bergrheinfeld (B26);;1;3177985;12414;1;50,02047962;10,19452791;1;65;80989
ABDN;20200728;7;35;28;A070A009,2;NBA N-SW;A 070 B 009,2;A70;9,246;;AD Sw./ Werneck;Bamberg; SW/W;Nord/ Ost;AS 5 Schweinfurt/ Bergrheinfeld (B26);;1;3177985;12414;1;50,02096096;10,19446246;2;1,2;80985,80986
ABDN;20200728;7;35;28;A070A009,2;NBA N-SW;A 070 B 009,2;A70;9,246;;Werneck;Bamberg; SW/W;Nord/ Ost;AS 5 Schweinfurt/ Bergrheinfeld (B26);;1;3177985;12414;1;50,02048132;10,19457673;1;129;80990
ABDN;20200728;7;35;28;A070A011,2;NBA N-SW;A 070 B 011,2;A70;11,192;;Schwinfurt;Bamberg; SW/W;Nord/ Ost;AS 6 Schweinfurt-Hafen-West;;1;5148929;20113;1;50,02190123;10,21955127;1;129;80980
ABDN;20200728;7;35;28;A070A011,2;NBA N-SW;A 070 B 011,2;A70;11,192;;AD Sw./ Werneck;Bamberg; SW/W;Nord/ Ost;AS 6 Schweinfurt-Hafen-West;;1;5148929;20113;1;50,02245758;10,22010236;2;1,2;80723,80724
ABDN;20200728;7;35;28;A070A011,2;NBA N-SW;A 070 B 011,2;A70;11,192;;AD Sw./ Werneck;Schweinfurt; SW/W;Nord/ Ost;AS 6 Schweinfurt-Hafen-West;;1;5148929;20113;1;50,02192769;10,21947701;1;65;80979
ABDN;20200728;7;35;28;A070A012,6;NBA N-SW;A 070 B 012,6;A70;12,553;;Schweinfurt;Bamberg; SW/W;Nord/ Ost;AS 7 Schweinfurt-Hafen-Ost (B286/ B303);;1;3178241;12415;1;50,02335537;10,23698089;1;137;82044
ABDN;20200728;7;35;28;A070A012,6;NBA N-SW;A 070 B 012,6;A70;12,553;;AD Sw./ Werneck;Bamberg; SW/W;Nord/ Ost;AS 7 Schweinfurt-Hafen-Ost (B286/ B303);;1;3178241;12415;1;50,02457895;10,23906295;1;81;82047
ABDN;20200728;7;35;28;A070A012,6;NBA N-SW;A 070 B 012,6;A70;12,553;;AD Sw./ Werneck;Bamberg; SW/W;Nord/ Ost;AS 7 Schweinfurt-Hafen-Ost (B286/ B303);;1;3178241;12415;1;50,0247012;10,23910254;2;1,2;81968,82032
ABDN;20200728;7;35;28;A070A012,6;NBA N-SW;A 070 B 012,6;A70;12,553;;AD Sw./ Werneck;Schweinfurt; SW/W;Nord/ Ost;AS 7 Schweinfurt-Hafen-Ost (B286/ B303);;1;3178241;12415;1;50,02389917;10,23949713;1;73;82045
ABDN;20200728;7;35;28;A070A012,6;NBA N-SW;A 070 B 012,6;A70;12,553;;AD Sw./ Werneck;Neustadt/ Aisch; SW/W;Nord/ Ost;AS 7 Schweinfurt-Hafen-Ost (B286/ B303);;1;3178241;12415;1;50,02333699;10,23695976;1;65;82043
ABDN;20200728;7;35;28;A070A012,6;NBA N-SW;A 070 B 012,6;A70;12,553;;Neustadt/ Aisch;Bamberg; SW/W;Nord/ Ost;AS 7 Schweinfurt-Hafen-Ost (B286/ B303);;1;3178241;12415;1;50,02389292;10,23952503;1;129;82046
ABDN;20200728;7;35;28;A070A012,6;NBA N-SW;A 070 B 012,6;A70;12,553;;Neustadt/ Aisch (B286);Schweinfurt (B286); SW/W;Nord/ Ost;AS 7 Schweinfurt-Hafen-Ost (B286/ B303);;1;3178241;12415;1;50,02583414;10,23766869;2;225,226;82037,82038
ABDN;20200728;7;35;28;A070A013,3;UV Los1;A 070 B 013,3;A70;13,279;;Schweinfurt;Bamberg;Werneck;Nord/ Ost;AS 7 Schweinfurt-Hafen-Ost (B286/ B303);AS 8 Gochsheim;1;3178248;12415;8;50,02674223;10,24835678;2;1,2;81963,81964
ABDN;20200728;7;35;28;A070A014,6;NBA N-SW;A 070 B 014,5;A70;14,541;;Gochsheim;Bamberg; SW/W;Nord/ Ost;AS 8 Gochsheim;;1;3178497;12416;1;50,02967052;10,26709046;1;129;81958
ABDN;20200728;7;35;28;A070A014,6;NBA N-SW;A 070 B 014,5;A70;14,541;;Schweinfurt;Bamberg; SW/W;Nord/ Ost;AS 8 Gochsheim;;1;3178497;12416;1;50,03000893;10,26707746;2;1,2;81953,81954
ABDN;20200728;7;35;28;A070A014,6;NBA N-SW;A 070 B 014,5;A70;14,541;;Schweinfurt;Gochsheim; SW/W;Nord/ Ost;AS 8 Gochsheim;;1;3178497;12416;1;50,0296703;10,26703532;1;65;81957
ABDN;20200728;7;35;28;A070A019,1;NBA N-SW;A 070 A 019,1;A70;19,08;;Gochsheim;Bamberg;Bamberg;Nord/ Ost;AS 9 Schonungen (B 303);;1;3178543;12416;47;50,02002988;10,32638991;1;129;81948
ABDN;20200728;7;35;28;A070A019,1;NBA N-SW;A 070 A 019,1;A70;19,08;;Schweinfurt;Bamberg;Bamberg;Nord/ Ost;AS 9 Schonungen (B 303);;1;3178543;12416;47;50,0203752;10,32687595;2;1,2;81814,81815
ABDN;20200728;7;35;28;A070A019,1;NBA N-SW;A 070 A 019,1;A70;19,08;;Schweinfurt;Bamberg;Bamberg;Nord/ Ost;AS 9 Schonungen (B 303);;6;3178543;12416;47;50,02101711;10,32496459;2;1,2;81951,81952
ABDN;20200728;7;35;28;A070A019,1;NBA N-SW;A 070 A 019,1;A70;19,08;;Schweinfurt;Gochsheim;Bamberg;Nord/ Ost;AS 9 Schonungen (B 303);;1;3178543;12416;47;50,02004461;10,32635351;1;65;81818
ABDN;20200728;7;35;28;A070A027,7;UV Los1;A 070 A 027,7;A70;27,665;;Gerolzhofen;Bamberg;Bayreuth;Nord/ Ost;AS 10 Haßfurt;;1;3179010;12418;2;50,00260563;10,43805922;1;129;81807
ABDN;20200728;7;35;28;A070A027,7;UV Los1;A 070 A 027,7;A70;27,665;;Schweinfurt;Bamberg;Bayreuth;Nord/ Ost;AS 10 Haßfurt;;6;3179010;12418;2;50,00313226;10,43807587;4;1,2,3,4;81810,81811,81812,81813
ABDN;20200728;7;35;28;A070A027,7;UV Los1;A 070 A 027,7;A70;27,665;;Schweinfurt;Gerolzhofen;Bayreuth;Nord/ Ost;AS 10 Haßfurt;;1;3179010;12418;2;50,00261741;10,43797143;1;65;81806
ABDN;20200728;7;35;28;A070A027,7;UV Los1;A 070 A 027,7;A70;27,665;;Schweinfurt;Bamberg;Bayreuth;Nord/ Ost;AS 10 Haßfurt;;1;3179010;12418;2;50,00319715;10,43809329;2;1,2;81802,81803
ABDN;20200728;7;;30;A070A034,7;SBA A70 TSB;A 070 A 034,7;A70;34,648;;Schweinfurt;Bamberg;Bayreuth;Nord/ Ost;AS 10 Haßfurt;AS 11 Knetzgau;4;3179080;12418;72;49,99060294;10,52691479;1;139;80730
ABDN;20200728;7;;30;A070A034,7;SBA A70 TSB;A 070 A 034,7;A70;34,648;;Schweinfurt;Bamberg;Bayreuth;Nord/ Ost;AS 10 Haßfurt;AS 11 Knetzgau;4;3179080;12418;72;49,99064061;10,52680804;1;194;80729
ABDN;20200728;7;;30;A070A034,7;SBA A70 TSB;A 070 A 034,7;A70;34,648;;Schweinfurt;Bamberg;Bayreuth;Nord/ Ost;AS 10 Haßfurt;AS 11 Knetzgau;4;3179080;12418;72;49,99066913;10,5270104;1;140;80731
ABDN;20200728;7;;28;A070A034,7;SBA A70 TSB;A 070 A 034,7;A70;34,648;;Schweinfurt;Bamberg;Bayreuth;Nord/ Ost;AS 10 Haßfurt;AS 11 Knetzgau;6;3179080;12418;72;49,99064061;10,52680804;3;1,2,3;80732,80733,80734
ABDN;20200728;7;;30;A070A035,2;SBA A70 TSB;A 070 A 035,2;A70;35,2;;Schweinfurt;Bamberg;Bayreuth;Nord/ Ost;AS 10 Haßfurt;AS 11 Knetzgau;4;3179086;12418;78;49,98723759;10,53268635;1;149;80740
ABDN;20200728;7;;30;A070A035,2;SBA A70 TSB;A 070 A 035,2;A70;35,2;;Schweinfurt;Bamberg;Bayreuth;Nord/ Ost;AS 10 Haßfurt;AS 11 Knetzgau;4;3179086;12418;78;49,98729807;10,53243074;1;194;80737
ABDN;20200728;7;;30;A070A035,2;SBA A70 TSB;A 070 A 035,2;A70;35,2;;Schweinfurt;Bamberg;Bayreuth;Nord/ Ost;AS 10 Haßfurt;AS 11 Knetzgau;4;3179086;12418;78;49,98749798;10,53218984;1;139;80738
ABDN;20200728;7;;30;A070A035,2;SBA A70 TSB;A 070 A 035,2;A70;35,2;;Schweinfurt;Bamberg;Bayreuth;Nord/ Ost;AS 10 Haßfurt;AS 11 Knetzgau;4;3179086;12418;78;49,98756844;10,53227654;1;140;80739
ABDN;20200728;7;;28;A070A035,2;SBA A70 TSB;A 070 A 035,2;A70;35,2;;Schweinfurt;Bamberg;Bayreuth;Nord/ Ost;AS 10 Haßfurt;AS 11 Knetzgau;1;3179086;12418;78;49,98733906;10,53249101;2;1,2;80735,80736
ABDN;20200728;7;;28;A070A035,2;SBA A70 TSB;A 070 A 035,2;A70;35,2;;Schweinfurt;Bamberg;Bayreuth;Nord/ Ost;AS 10 Haßfurt;AS 11 Knetzgau;6;3179086;12418;78;49,98729807;10,53243074;3;1,2,3;80741,80742,80995
ABDN;20200728;7;;30;A070A036,1;DZS 8+1;A 070 A 036,1;A70;36,1;;Schweinfurt;Bamberg;Bayreuth;Nord/ Ost;AS 10 Haßfurt;AS 11 Knetzgau;4;3179094;12418;86;49,98305183;10,54221292;1;149;83896
ABDN;20200728;7;;28;A070A036,1;DZS 8+1;A 070 A 036,1;A70;36,1;;Schweinfurt;Bamberg;Bayreuth;Nord/ Ost;AS 10 Haßfurt;AS 11 Knetzgau;3;3179094;12418;86;49,98290447;10,54248219;1;1;83953
ABDN;20200728;7;;28;A070A036,1;DZS 8+1;A 070 A 036,1;A70;36,1;;Schweinfurt;Bamberg;Bayreuth;Nord/ Ost;AS 10 Haßfurt;AS 11 Knetzgau;4;3179094;12418;86;49,98282931;10,54283292;4;1,2,65,73;83892,83893,83894,83895
ABDN;20200728;7;;28;A070A036,1;DZS 8+1;A 070 A 036,1;A70;36,1;;Schweinfurt;Bamberg;Bayreuth;Nord/ Ost;AS 10 Haßfurt;AS 11 Knetzgau;4;3179094;12418;86;49,98290447;10,54248219;1;194;83891
ABDN;20200728;7;;28;A070A036,1;DZS 8+1;A 070 A 036,1;A70;36,1;;Schweinfurt;Bamberg;Bayreuth;Nord/ Ost;AS 10 Haßfurt;AS 11 Knetzgau;6;3179094;12418;86;49,98290447;10,54248219;3;1,2,3;83954,83955,83956
ABDN;20200728;7;;28;A070A036,1;DZS 8+1;A 070 A 036,1;A70;36,1;;Schweinfurt;Bamberg;Bayreuth;Nord/ Ost;AS 10 Haßfurt;AS 11 Knetzgau;1;3179094;12418;86;49,98282931;10,54283292;2;1,2;80975,80976
ABDN;20200728;7;;28;A070A037,2;SBA A70 TSB;A 070 A 037,2;A70;37,195;;Zell;Bamberg;Bayreuth;Nord/ Ost;AS 11 Knetzgau;;1;3179105;12418;97;49,97844583;10,55654344;1;129;81235
ABDN;20200728;7;;28;A070A037,2;SBA A70 TSB;A 070 A 037,2;A70;37,195;;Schweinfurt;Zell;Bayreuth;Nord/ Ost;AS 11 Knetzgau;;1;3179105;12418;97;49,97844559;10,55650485;1;65;81234
ABDN;20200728;7;;28;A070A037,2;SBA A70 TSB;A 070 A 037,2;A70;37,195;;Schweinfurt;Bamberg;Bayreuth;Nord/ Ost;AS 11 Knetzgau;;1;3179105;12418;97;49,97892632;10,55679156;2;1,2;81230,81231
ABDN;20200728;7;;28;A070A037,2;SBA A70 TSB;A 070 A 037,2;A70;37,195;;Schweinfurt;Bamberg;Bayreuth;Nord/ Ost;AS 11 Knetzgau;;6;3179105;12418;97;49,97896748;10,55643837;3;1,2,3;80727,80728,81238
ABDN;20200728;7;;28;A070A037,7;SBA A70 TSB;A 070 A 037,7;A70;37,671;;Schweinfurt;Bamberg;Bayreuth;Nord/ Ost;AS 11 Knetzgau;AS 12 Eltmann (B26);6;3179268;12419;4;49,97764157;10,56277764;3;1,2,3;83965,83966,83967
ABDN;20200728;7;;28;A070A037,7;SBA A70 TSB;A 070 A 037,7;A70;37,671;;Schweinfurt;Bamberg;Bayreuth;Nord/ Ost;AS 11 Knetzgau;AS 12 Eltmann (B26);4;3179268;12419;4;49,97764157;10,56277764;1;194;83959
ABDN;20200728;7;;28;A070A037,7;SBA A70 TSB;A 070 A 037,7;A70;37,671;;Schweinfurt;Bamberg;Bayreuth;Nord/ Ost;AS 11 Knetzgau;AS 12 Eltmann (B26);4;3179268;12419;4;49,97756917;10,56320541;4;1,2,65,73;83960,83961,83962,83963
ABDN;20200728;7;;28;A070A037,7;SBA A70 TSB;A 070 A 037,7;A70;37,671;;Schweinfurt;Bamberg;Bayreuth;Nord/ Ost;AS 11 Knetzgau;AS 12 Eltmann (B26);3;3179268;12419;4;49,97764157;10,56277764;1;1;83964
ABDN;20200728;7;;28;A070A037,7;SBA A70 TSB;A 070 A 037,7;A70;37,671;;Schweinfurt;Bamberg;Bayreuth;Nord/ Ost;AS 11 Knetzgau;AS 12 Eltmann (B26);1;3179268;12419;4;49,97756917;10,56320541;2;1,2;83957,83958
ABDN;20200728;7;;28;A070A039,3;SBA A70 TSB;A 070 A 039,3;A70;39,321;;Schweinfurt;Bamberg;Bayreuth;Nord/ Ost;AS 11 Knetzgau;AS 12 Eltmann (B26);6;3179284;12419;20;49,97406546;10,58512085;3;1,2,3;84032,84033,84034
ABDN;20200728;7;;28;A070A039,3;SBA A70 TSB;A 070 A 039,3;A70;39,321;;Schweinfurt;Bamberg;Bayreuth;Nord/ Ost;AS 11 Knetzgau;AS 12 Eltmann (B26);4;3179284;12419;20;49,97406546;10,58512085;1;194;83970
ABDN;20200728;7;;28;A070A039,3;SBA A70 TSB;A 070 A 039,3;A70;39,321;;Schweinfurt;Bamberg;Bayreuth;Nord/ Ost;AS 11 Knetzgau;AS 12 Eltmann (B26);4;3179284;12419;20;49,9740583;10,58556257;4;1,2,65,73;83971,83972,84027,84028
ABDN;20200728;7;;28;A070A039,3;SBA A70 TSB;A 070 A 039,3;A70;39,321;;Schweinfurt;Bamberg;Bayreuth;Nord/ Ost;AS 11 Knetzgau;AS 12 Eltmann (B26);3;3179284;12419;20;49,97406546;10,58512085;1;1;84031
ABDN;20200728;7;;28;A070A039,3;SBA A70 TSB;A 070 A 039,3;A70;39,321;;Schweinfurt;Bamberg;Bayreuth;Nord/ Ost;AS 11 Knetzgau;AS 12 Eltmann (B26);1;3179284;12419;20;49,9740583;10,58556257;2;1,2;83968,83969
ABDN;20200728;7;;30;A070A039,3;SBA A70 TSB;A 070 A 039,3;A70;39,321;;Schweinfurt;Bamberg;Bayreuth;Nord/ Ost;AS 11 Knetzgau;AS 12 Eltmann (B26);4;3179284;12419;20;49,9740583;10,58556257;2;141,142;84029,84030
ABDN;20200728;7;;28;A070A040,7;SBA A70 TSB;A 070 A 040,7;A70;40,668;;Schweinfurt;Bamberg;Bayreuth;Nord/ Ost;AS 11 Knetzgau;AS 12 Eltmann (B26);1;3179297;12419;33;49,97474778;10,6055947;2;1,2;84035,84036
ABDN;20200728;7;;28;A070A040,7;SBA A70 TSB;A 070 A 040,7;A70;40,668;;Schweinfurt;Bamberg;Bayreuth;Nord/ Ost;AS 11 Knetzgau;AS 12 Eltmann (B26);3;3179297;12419;33;49,97443474;10,60382581;1;35;84106
ABDN;20200728;7;;28;A070A040,7;SBA A70 TSB;A 070 A 040,7;A70;40,668;;Schweinfurt;Bamberg;Bayreuth;Nord/ Ost;AS 11 Knetzgau;AS 12 Eltmann (B26);3;3179297;12419;33;49,97444201;10,60381414;7;36,37,38,39,40,41,42;84107,84108,84109,84110,84111,84112,84113
ABDN;20200728;7;;28;A070A040,7;SBA A70 TSB;A 070 A 040,7;A70;40,668;;Schweinfurt;Bamberg;Bayreuth;Nord/ Ost;AS 11 Knetzgau;AS 12 Eltmann (B26);3;3179297;12419;33;49,97474778;10,6055947;2;43,44;84114,84115
ABDN;20200728;7;;28;A070A040,7;SBA A70 TSB;A 070 A 040,7;A70;40,668;;Schweinfurt;Bamberg;Bayreuth;Nord/ Ost;AS 11 Knetzgau;AS 12 Eltmann (B26);6;3179297;12419;33;49,97443474;10,60382581;1;3;84118
ABDN;20200728;7;;28;A070A040,7;SBA A70 TSB;A 070 A 040,7;A70;40,668;;Schweinfurt;Bamberg;Bayreuth;Nord/ Ost;AS 11 Knetzgau;AS 12 Eltmann (B26);6;3179297;12419;33;49,97474778;10,6055947;2;1,2;84116,84117
ABDN;20200728;7;;28;A070A040,7a;SBA A70 TSB;A 070 A 040,7;A70;40,668;;Schweinfurt;Bamberg;Bayreuth;Nord/ Ost;AS 11 Knetzgau;AS 12 Eltmann (B26);3;3179297;12419;33;49,97443474;10,60382581;1;1;84100
ABDN;20200728;7;;28;A070A040,7a;SBA A70 TSB;A 070 A 040,7;A70;40,668;;Schweinfurt;Bamberg;Bayreuth;Nord/ Ost;AS 11 Knetzgau;AS 12 Eltmann (B26);4;3179297;12419;33;49,97443474;10,60382581;1;194;84039
ABDN;20200728;7;;28;A070A040,7a;SBA A70 TSB;A 070 A 040,7;A70;40,668;;Schweinfurt;Bamberg;Bayreuth;Nord/ Ost;AS 11 Knetzgau;AS 12 Eltmann (B26);4;3179297;12419;33;49,97474778;10,6055947;4;1,2,65,73;84040,84041,84042,84043
ABDN;20200728;7;;30;A070A040,7a;SBA A70 TSB;A 070 A 040,7;A70;40,668;;Schweinfurt;Bamberg;Bayreuth;Nord/ Ost;AS 11 Knetzgau;AS 12 Eltmann (B26);4;3179297;12419;33;49,97474778;10,6055947;2;141,142;84044,84045
ABDN;20200728;7;;28;A070A040,7b;SBA A70 TSB;A 070 A 040,7;A70;40,668;;Schweinfurt;Bamberg;Bayreuth;Nord/ Ost;AS 11 Knetzgau;AS 12 Eltmann (B26);4;3179297;12419;33;49,9762316;10,61213134;2;129,131;84102,84103
ABDN;20200728;7;;28;A070A040,7b;SBA A70 TSB;A 070 A 040,7;A70;40,668;;Schweinfurt;Bamberg;Bayreuth;Nord/ Ost;AS 11 Knetzgau;AS 12 Eltmann (B26);3;3179297;12419;33;49,97474778;10,6055947;1;2;84105
ABDN;20200728;7;;28;A070A040,7b;SBA A70 TSB;A 070 A 040,7;A70;40,668;;Schweinfurt;Bamberg;Bayreuth;Nord/ Ost;AS 11 Knetzgau;AS 12 Eltmann (B26);4;3179297;12419;33;49,97443474;10,60382581;1;196;84101
ABDN;20200728;7;;28;A070A040,7b;SBA A70 TSB;A 070 A 040,7;A70;40,668;;Schweinfurt;Bamberg;Bayreuth;Nord/ Ost;AS 11 Knetzgau;AS 12 Eltmann (B26);4;3179297;12419;33;49,97474778;10,6055947;1;25;84104
ABDN;20200728;7;;28;A070A042,0;SBA A70 TSB;A 070 A 042,0;A70;42,03;;Schweinfurt;Bamberg;Bamberg;Nord/ Ost;AS 11 Knetzgau;AS 12 Eltmann (B26);6;3179312;12419;48;;;3;1,2,3;84258,84259,84260
ABDN;20200728;7;;28;A070A042,0;SBA A70 TSB;A 070 A 042,0;A70;42,03;;Schweinfurt;Bamberg;Bamberg;Nord/ Ost;AS 11 Knetzgau;AS 12 Eltmann (B26);4;3179312;12419;48;;;6;1,2,24,65,73,194;84191,84192,84193,84194,84195,84196
ABDN;20200728;7;;28;A070A042,0;SBA A70 TSB;A 070 A 042,0;A70;42,03;;Schweinfurt;Bamberg;Bamberg;Nord/ Ost;AS 11 Knetzgau;AS 12 Eltmann (B26);3;3179312;12419;48;;;1;1;84257
ABDN;20200728;7;;28;A070A042,0;SBA A70 TSB;A 070 A 042,0;A70;42,03;;Schweinfurt;Bamberg;Bamberg;Nord/ Ost;AS 11 Knetzgau;AS 12 Eltmann (B26);1;3179312;12419;48;;;2;1,2;84189,84190
ABDN;20200728;7;;30;A070A042,0;SBA A70 TSB;A 070 A 042,0;A70;42,03;;Schweinfurt;Bamberg;Bamberg;Nord/ Ost;AS 11 Knetzgau;AS 12 Eltmann (B26);4;3179312;12419;48;;;2;141,142;84197,84256
ABDN;20200728;7;;28;A070A042,5;SBA A70 TSB;A 070 B 042,5;A70;42,905;;Schweinfurt;Bamberg;Schweinfurt;Nord/ Ost;AS 11 Knetzgau;AS 12 Eltmann (B26);1;3179316;12419;52;49,9780206;10,63397716;2;9,10;84263,84264
ABDN;20200728;7;;28;A070A042,5;SBA A70 TSB;A 070 B 042,5;A70;42,502;;Schweinfurt;Bamberg;Schweinfurt;Nord/ Ost;AS 11 Knetzgau;AS 12 Eltmann (B26);1;3179316;12419;52;49,97836384;10,62888049;2;1,2;84261,84262
ABDN;20200728;7;;28;A070A043,3;SBA A70 TSB;A 070 B 043,3;A70;43,035;;Schweinfurt;Bamberg;Schweinfurt;Nord/ Ost;AS 11 Knetzgau;AS 12 Eltmann (B26);1;3179324;12419;60;49,9779527;10,63585581;2;9,10;84334,84335
ABDN;20200728;7;;28;A070A043,3;SBA A70 TSB;A 070 B 043,3;A70;43,306;;Bamberg;Schweinfurt;Schweinfurt;Süd/ West;AS 12 Eltmann (B26);AS 11 Knetzgau;3;3179324;12419;60;49,97776569;10,63963441;1;33;84342
ABDN;20200728;7;;28;A070A043,3;SBA A70 TSB;A 070 B 043,3;A70;43,306;;Bamberg;Schweinfurt;Schweinfurt;Süd/ West;AS 12 Eltmann (B26);AS 11 Knetzgau;4;3179324;12419;60;49,97776569;10,63963441;1;194;84340
ABDN;20200728;7;;28;A070A043,3;SBA A70 TSB;A 070 B 043,3;A70;43,306;;Schweinfurt;Bamberg;Schweinfurt;Nord/ Ost;AS 11 Knetzgau;AS 12 Eltmann (B26);1;3179324;12419;60;49,97769984;10,63942091;2;1,2;84275,84276
ABDN;20200728;7;;28;A070A043,3;SBA A70 TSB;A 070 B 043,3;A70;43,306;;Schweinfurt;Bamberg;Schweinfurt;Nord/ Ost;AS 11 Knetzgau;AS 12 Eltmann (B26);4;3179324;12419;60;49,97767347;10,64011202;1;151;84341
ABDN;20200728;7;;28;A070A043,5;SBA A70 TSB;A 070 A 043,6;A70;43,529;;Schweinfurt;Bamberg;Bamberg;Nord/ Ost;AS 11 Knetzgau;AS 12 Eltmann (B26);1;3179327;12419;63;49,97745557;10,64353382;1;1;84415
ABDN;20200728;7;;28;A070A043,5;SBA A70 TSB;A 070 A 043,6;A70;43,529;;Schweinfurt;Bamberg;Bamberg;Nord/ Ost;AS 11 Knetzgau;AS 12 Eltmann (B26);1;3179327;12419;63;49,97754745;10,64353576;1;2;84416
ABDN;20200728;7;;28;A070A043,5;SBA A70 TSB;A 070 A 043,6;A70;43,529;;Schweinfurt;Bamberg;Bamberg;Nord/ Ost;AS 11 Knetzgau;AS 12 Eltmann (B26);3;3179327;12419;63;49,97757877;10,64271056;1;1;84422
ABDN;20200728;7;;28;A070A043,5;SBA A70 TSB;A 070 A 043,6;A70;43,529;;Schweinfurt;Bamberg;Bamberg;Nord/ Ost;AS 11 Knetzgau;AS 12 Eltmann (B26);4;3179327;12419;63;49,97754745;10,64353576;4;1,2,65,73;84418,84419,84420,84421
ABDN;20200728;7;;28;A070A043,5;SBA A70 TSB;A 070 A 043,6;A70;43,529;;Schweinfurt;Bamberg;Bamberg;Nord/ Ost;AS 11 Knetzgau;AS 12 Eltmann (B26);4;3179327;12419;63;49,97757877;10,64271056;1;194;84417
ABDN;20200728;7;;28;A070A043,5;SBA A70 TSB;A 070 A 043,6;A70;43,529;;Schweinfurt;Bamberg;Bamberg;Nord/ Ost;AS 11 Knetzgau;AS 12 Eltmann (B26);6;3179327;12419;63;49,97757877;10,64271056;3;1,2,3;84423,84424,84425
ABDN;20200728;7;;28;A070A045,6;SBA A70 TSB;A 070 B 045,6;A70;45,613;;Bamberg;Bamberg;Schweinfurt;Nord/ Ost;AS 12 Eltmann (B26);;1;3179521;12420;1;49,97712996;10,66861102;1;129;83886
ABDN;20200728;7;;28;A070A045,6;SBA A70 TSB;A 070 B 045,6;A70;45,613;;Schweinfurt;Bamberg;Schweinfurt;Nord/ Ost;AS 12 Eltmann (B26);;1;3179521;12420;1;49,97712087;10,66858043;1;65;83885
ABDN;20200728;7;;28;A070A045,6;SBA A70 TSB;A 070 B 045,6;A70;45,613;;Schweinfurt;Bamberg;Schweinfurt;Nord/ Ost;AS 12 Eltmann (B26);;1;3179521;12420;1;49,97769441;10,66871741;2;1,2;83881,83882
ABDN;20200728;7;35;28;A070A055,2;NBA N-SW;A 070 B 055,2;A70;55,21;;B26;Bamberg;Schweinfurt;Nord/ Ost;AS 13 Viereth-Trunstadt ;;1;3179617;12420;97;49,93237286;10,77711179;1;129;81077
ABDN;20200728;7;35;28;A070A055,2;NBA N-SW;A 070 B 055,2;A70;55,21;;Schweinfurt;Bamberg;Schweinfurt;Nord/ Ost;AS 13 Viereth-Trunstadt ;;1;3179617;12420;97;49,93294669;10,77758478;2;1,2;81072,81073
ABDN;20200728;7;35;28;A070A055,2;NBA N-SW;A 070 B 055,2;A70;55,21;;Schweinfurt;B26;Schweinfurt;Nord/ Ost;AS 13 Viereth-Trunstadt ;;1;3179617;12420;97;49,93237393;10,77709424;1;65;81076
ABDN;20200728;7;35;28;A070A061,5;NBA N-SW;A 070 B 061,5;A70;61,467;;Bamberg;Bamberg;Schweinfurt;Nord/ Ost;AS 14 Bamberg-Hafen;;1;3179838;12421;62;49,91731097;10,86208117;1;129;81151
ABDN;20200728;7;35;28;A070A061,5;NBA N-SW;A 070 B 061,5;A70;61,467;;Bamberg;Schweinfurt;Schweinfurt;Nord/ Ost;AS 14 Bamberg-Hafen;;6;3179838;12421;62;49,91829307;10,86186514;2;1,2;81154,81155
ABDN;20200728;7;35;28;A070A061,5;NBA N-SW;A 070 B 061,5;A70;61,467;;Schweinfurt;Bamberg;Schweinfurt;Nord/ Ost;AS 14 Bamberg-Hafen;;1;3179838;12421;62;49,91732375;10,86204271;1;65;81150
ABDN;20200728;7;35;28;A070A061,5;NBA N-SW;A 070 B 061,5;A70;61,467;;Schweinfurt;Bamberg;Schweinfurt;Nord/ Ost;AS 14 Bamberg-Hafen;;1;3179838;12421;62;49,91801885;10,86195541;2;1,2;81146,81147
ABDN;20200728;7;35;28;A070A062,4;NBA N-SW;A 070 A 062,4;A70;62,419;;Schweinfurt;Bamberg; Bamberg;Nord/ Ost;AS 15 Hallstadt;;6;3180043;12422;11;49,92063261;10,87420124;2;1,2;81164,81229
ABDN;20200728;7;35;28;A070A062,4;NBA N-SW;A 070 A 062,4;A70;62,419;;Schweinfurt;Bamberg; Bamberg;Nord/ Ost;AS 15 Hallstadt;;1;3180043;12422;11;49,92067252;10,87417209;2;1,2;81156,81157
ABDN;20200728;7;35;28;A070A062,4;NBA N-SW;A 070 A 062,4;A70;62,419;;Schweinfurt;Bamberg; Bamberg;Nord/ Ost;AS 15 Hallstadt;;1;3180043;12422;11;49,92027425;10,87430874;1;65;81160
ABDN;20200728;7;35;28;A070A062,4;NBA N-SW;A 070 A 062,4;A70;62,419;;Bamberg;Bamberg; Bamberg;Nord/ Ost;AS 15 Hallstadt;;1;3180043;12422;11;49,92028423;10,87439126;1;129;81161
ABDN;20200728;7;34;17;A070A064,1;NBA N-SW;A 070 A 064,1;A70;64,143;;Schweinfurt;Bayreuth; Bamberg;Nord/ Ost;AS 16 Bamberg;;6;3180305;12423;17;49,92256366;10,89782553;2;1,2;81623,81624
ABDN;20200728;7;34;17;A070A064,1;NBA N-SW;A 070 A 064,1;A70;64,143;;Schweinfurt;Bamberg; Bamberg;Nord/ Ost;AS 16 Bamberg;;1;3180305;12423;17;49,92209799;10,89803435;1;65;81619
ABDN;20200728;7;34;17;A070A064,1;NBA N-SW;A 070 A 064,1;A70;64,143;;Bayreuth;Coburg; Bamberg;Süd/ West;AS 16 Bamberg;;1;3180305;12423;17;49,92361584;10,90009481;1;97;81621
ABDN;20200728;7;34;17;A070A064,1;NBA N-SW;A 070 A 064,1;A70;64,143;;Bamberg;Bayreuth; Bamberg;Nord/ Ost;AS 16 Bamberg;;1;3180305;12423;17;49,92210402;10,89808023;1;129;81620
ABDN;20200728;7;34;17;A070A064,1;NBA N-SW;A 070 A 064,1;A70;64,143;;Coburg;Schweinfurt; Bamberg;Süd/ West;AS 16 Bamberg;;1;3180305;12423;17;49,92360548;10,90005056;1;161;81622
ABDN;20200728;7;35;28;A070B002,2;DZS 8+1;A 070 A 002,2;A70;2,173;;Bamberg;AD Sw./ Werneck;Bayreuth;Süd/ West;AS 3 Werneck (B 19);2 Dreieck Schweinfurt/ Werneck (A7(99)/B26a);1;3177494;12412;22;50,00051553;10,10800322;2;33,34;81069,81070
ABDN;20200728;7;35;28;A070B002,9;NBA N-SW;A 070 A 002,9;A70;2,855;;Bamberg;AD Sw./ Werneck;Bamberg;Süd/ West;AS 3 Werneck (B 19);;6;3177501;12412;29;50,0016683;10,117782;2;1,2;81065,81066
ABDN;20200728;7;35;28;A070B002,9;NBA N-SW;A 070 A 002,9;A70;2,855;;Bamberg;AD Sw./ Werneck;Bamberg;Süd/ West;AS 3 Werneck (B 19);;1;3177501;12412;29;50,00178701;10,11666856;2;33,34;81059,81060
ABDN;20200728;7;35;28;A070B002,9;NBA N-SW;A 070 A 002,9;A70;2,855;;Bamberg;Bad Neustadt;Bamberg;Süd/ West;AS 3 Werneck (B 19);;1;3177501;12412;29;50,00211949;10,11659056;1;97;81063
ABDN;20200728;7;35;28;A070B002,9;NBA N-SW;A 070 A 002,9;A70;2,855;;Bad Neustadt;AD Sw./ Werneck;Bamberg;Süd/ West;AS 3 Werneck (B 19);;1;3177501;12412;29;50,00211813;10,11656311;1;161;81064
ABDN;20200728;7;35;28;A070B009,2;NBA N-SW;A 070 B 009,2;A70;9,246;;Schweinfurt;AD Sw./ Werneck; SW/W;Süd/ West;AS 5 Schweinfurt/ Bergrheinfeld (B26);;1;3177985;12414;1;50,02164283;10,19073902;1;161;80992
ABDN;20200728;7;35;28;A070B009,2;NBA N-SW;A 070 B 009,2;A70;9,246;;Bamberg;AD Sw./ Werneck; SW/W;Süd/ West;AS 5 Schweinfurt/ Bergrheinfeld (B26);;6;3177985;12414;1;50,0211734;10,19338061;2;1,2;80993,80994
ABDN;20200728;7;35;28;A070B009,2;NBA N-SW;A 070 B 009,2;A70;9,246;;Bamberg;Schweinfurt; SW/W;Süd/ West;AS 5 Schweinfurt/ Bergrheinfeld (B26);;1;3177985;12414;1;50,02163416;10,19076669;1;97;80991
ABDN;20200728;7;35;28;A070B009,2;NBA N-SW;A 070 B 009,2;A70;9,246;;Bamberg;AD Sw./ Werneck; SW/W;Süd/ West;AS 5 Schweinfurt/ Bergrheinfeld (B26);;1;3177985;12414;1;50,02127819;10,19046596;2;33,34;80987,80988
ABDN;20200728;7;35;28;A070B011,2;NBA N-SW;A 070 B 011,2;A70;11,192;;Bamberg;Schweinfurt; SW/W;Süd/ West;AS 6 Schweinfurt-Hafen-West;;1;5148929;20113;1;50,02275579;10,22072125;1;97;80981
ABDN;20200728;7;35;28;A070B011,2;NBA N-SW;A 070 B 011,2;A70;11,192;;Bamberg;AD Sw./ Werneck; SW/W;Süd/ West;AS 6 Schweinfurt-Hafen-West;;1;5148929;20113;1;50,02269846;10,22016477;2;33,34;80725,80726
ABDN;20200728;7;35;28;A070B011,2;NBA N-SW;A 070 B 011,2;A70;11,192;;Bamberg;AD Sw./ Werneck; SW/W;Süd/ West;AS 6 Schweinfurt-Hafen-West;;6;5148929;20113;1;50,02274032;10,22016965;2;1,2;80983,80984
ABDN;20200728;7;35;28;A070B011,2;NBA N-SW;A 070 B 011,2;A70;11,192;;Schwinfurt;AD Sw./ Werneck; SW/W;Süd/ West;AS 6 Schweinfurt-Hafen-West;;1;5148929;20113;1;50,02280483;10,22002558;1;161;80982
ABDN;20200728;7;35;28;A070B012,6;NBA N-SW;A 070 B 012,6;A70;12,553;;Bamberg;Schweinfurt; SW/W;Süd/ West;AS 7 Schweinfurt-Hafen-Ost (B286/ B303);;1;3178241;12415;1;50,02578735;10,23880679;1;97;82035
ABDN;20200728;7;35;28;A070B012,6;NBA N-SW;A 070 B 012,6;A70;12,553;;Bamberg;AD Sw./ Werneck; SW/W;Süd/ West;AS 7 Schweinfurt-Hafen-Ost (B286/ B303);;1;3178241;12415;1;50,02494001;10,23924355;2;33,34;82033,82034
ABDN;20200728;7;35;28;A070B012,6;NBA N-SW;A 070 B 012,6;A70;12,553;;Bamberg;AD Sw./ Werneck; SW/W;Süd/ West;AS 7 Schweinfurt-Hafen-Ost (B286/ B303);;6;3178241;12415;1;50,02481979;10,23861183;5;1,2,3,4,5;80722,82048,82049,82050,82051
ABDN;20200728;7;35;28;A070B012,6;NBA N-SW;A 070 B 012,6;A70;12,553;;Bamberg;Neustadt/ Aisch; SW/W;Süd/ West;AS 7 Schweinfurt-Hafen-Ost (B286/ B303);;1;3178241;12415;1;50,02517983;10,23625835;1;106;82041
ABDN;20200728;7;35;28;A070B012,6;NBA N-SW;A 070 B 012,6;A70;12,553;;Schweinfurt;AD Sw./ Werneck; SW/W;Süd/ West;AS 7 Schweinfurt-Hafen-Ost (B286/ B303);;1;3178241;12415;1;50,02519233;10,2362226;1;161;82042
ABDN;20200728;7;35;28;A070B012,6;NBA N-SW;A 070 B 012,6;A70;12,553;;Schweinfurt (B286);Neustadt/ Aisch (B286); SW/W;Süd/ West;AS 7 Schweinfurt-Hafen-Ost (B286/ B303);;1;3178241;12415;1;50,02577786;10,23732341;2;233,234;82039,82040
ABDN;20200728;7;35;28;A070B012,6;NBA N-SW;A 070 B 012,6;A70;12,553;;Neustadt/ Aisch (B286);AD Sw./ Werneck; SW/W;Süd/ West;AS 7 Schweinfurt-Hafen-Ost (B286/ B303);;1;3178241;12415;1;50,02576088;10,2387952;1;169;82036
ABDN;20200728;7;35;28;A070B013,3;UV Los1;A 070 B 013,3;A70;13,279;;Bamberg;Schweinfurt;Werneck;Süd/ West;AS 8 Gochsheim;AS 7 Schweinfurt-Hafen-Ost (B286/ B303);1;3178248;12415;8;50,02693463;10,24820723;2;33,34;81965,81966
ABDN;20200728;7;35;28;A070B013,3;UV Los1;A 070 B 013,3;A70;13,279;;Bamberg;Schweinfurt;Werneck;Süd/ West;AS 8 Gochsheim;AS 7 Schweinfurt-Hafen-Ost (B286/ B303);6;3178248;12415;8;50,02700271;10,24816779;1;1;81967
ABDN;20200728;7;35;28;A070B014,6;NBA N-SW;A 070 B 014,5;A70;14,541;;Schweinfurt;Schweinfurt; SW/W;Süd/ West;AS 8 Gochsheim;;1;3178497;12416;1;50,03031095;10,26494763;1;161;81960
ABDN;20200728;7;35;28;A070B014,6;NBA N-SW;A 070 B 014,5;A70;14,541;;Schweinfurt;Bamberg; SW/W;Süd/ West;AS 8 Gochsheim;;6;3178497;12416;1;50,03009302;10,26508391;2;1,2;81961,81962
ABDN;20200728;7;35;28;A070B014,6;NBA N-SW;A 070 B 014,5;A70;14,541;;Bamberg;Schweinfurt; SW/W;Süd/ West;AS 8 Gochsheim;;1;3178497;12416;1;50,03031181;10,26501415;1;97;81959
ABDN;20200728;7;35;28;A070B014,6;NBA N-SW;A 070 B 014,5;A70;14,541;;Bamberg;Schweinfurt; SW/W;Süd/ West;AS 8 Gochsheim;;1;3178497;12416;1;50,03004308;10,2650902;2;33,34;81955,81956
ABDN;20200728;7;35;28;A070B019,1;NBA N-SW;A 070 A 019,1;A70;19,08;;Bamberg;Schweinfurt;Bamberg;Süd/ West;AS 9 Schonungen (B 303);;1;3178543;12416;47;50,02190539;10,32358976;2;33,34;81816,81817
ABDN;20200728;7;35;28;A070B019,1;NBA N-SW;A 070 A 019,1;A70;19,08;;Bamberg;Coburg;Bamberg;Süd/ West;AS 9 Schonungen (B 303);;1;3178543;12416;47;50,02211272;10,32425918;1;97;81949
ABDN;20200728;7;35;28;A070B019,1;NBA N-SW;A 070 A 019,1;A70;19,08;;Coburg;Schweinfurt;Bamberg;Süd/ West;AS 9 Schonungen (B 303);;1;3178543;12416;47;50,02215229;10,32420731;1;161;81950
ABDN;20200728;7;35;28;A070B027,7;UV Los1;A 070 A 027,7;A70;27,665;;Bamberg;Haßfurt;Bayreuth;Süd/ West;AS 10 Haßfurt;;1;3179010;12418;2;50,00390928;10,43323229;1;97;81808
ABDN;20200728;7;35;28;A070B027,7;UV Los1;A 070 A 027,7;A70;27,665;;Haßfurt;Schweinfurt;Bayreuth;Süd/ West;AS 10 Haßfurt;;1;3179010;12418;2;50,00393082;10,43311897;1;161;81809
ABDN;20200728;7;35;28;A070B027,7;UV Los1;A 070 A 027,7;A70;27,665;;Bamberg;Schweinfurt;Bayreuth;Süd/ West;AS 10 Haßfurt;;1;3179010;12418;2;50,00334159;10,43359862;2;33,34;81804,81805
ABDN;20200728;7;;28;A070B036,1;DZS 8+1;A 070 A 036,1;A70;36,1;;;;Bayreuth;Süd/ West;AS 11 Knetzgau;AS 10 Haßfurt;1;3179094;12418;86;;;2;33,34;80977,80978
ABDN;20200728;7;;28;A070B037,2;SBA A70 TSB;A 070 A 037,2;A70;37,195;;Bamberg;Haßfurt;Bayreuth;Süd/ West;AS 11 Knetzgau;;1;3179105;12418;97;49,97902415;10,55974163;1;97;81236
ABDN;20200728;7;;28;A070B037,2;SBA A70 TSB;A 070 A 037,2;A70;37,195;;Bamberg;Schweinfurt;Bayreuth;Süd/ West;AS 11 Knetzgau;;1;3179105;12418;97;49,97860633;10,55922729;2;33,34;81232,81233
ABDN;20200728;7;;28;A070B037,2;SBA A70 TSB;A 070 A 037,2;A70;37,195;;Haßfurt;Schweinfurt;Bayreuth;Süd/ West;AS 11 Knetzgau;;1;3179105;12418;97;49,97902495;10,55969372;1;161;81237
ABDN;20200728;7;;28;A070B040,7;SBA A70 TSB;A 070 A 040,7;A70;40,668;;Bamberg;Schweinfurt;Bayreuth;Süd/ West;AS 12 Eltmann (B26);AS 11 Knetzgau;1;3179297;12419;33;49,97465269;10,60379063;2;33,34;84037,84038
ABDN;20200728;7;;28;A070B042,0;SBA A70 TSB;A 070 B 042,0;A70;42,03;;Bamberg;Schweinfurt;Schweinfurt;Süd/ West;AS 12 Eltmann (B26);AS 11 Knetzgau;1;3179311;12419;47;49,97827951;10,62220549;2;33,34;84119,84179
ABDN;20200728;7;;28;A070B042,0;SBA A70 TSB;A 070 B 042,0;A70;42,03;;Bamberg;Schweinfurt;Schweinfurt;Süd/ West;AS 12 Eltmann (B26);AS 11 Knetzgau;3;3179311;12419;47;49,97830735;10,62194764;1;33;84185
ABDN;20200728;7;;28;A070B042,0;SBA A70 TSB;A 070 B 042,0;A70;42,03;;Bamberg;Schweinfurt;Schweinfurt;Süd/ West;AS 12 Eltmann (B26);AS 11 Knetzgau;4;3179311;12419;47;49,97827951;10,62220549;4;33,34,97,105;84181,84182,84183,84184
ABDN;20200728;7;;28;A070B042,0;SBA A70 TSB;A 070 B 042,0;A70;42,03;;Bamberg;Schweinfurt;Schweinfurt;Süd/ West;AS 12 Eltmann (B26);AS 11 Knetzgau;4;3179311;12419;47;49,97830735;10,62194764;1;193;84180
ABDN;20200728;7;;28;A070B042,0;SBA A70 TSB;A 070 B 042,0;A70;42,03;;Bamberg;Schweinfurt;Schweinfurt;Süd/ West;AS 12 Eltmann (B26);AS 11 Knetzgau;6;3179311;12419;47;49,97830735;10,62194764;3;1,2,3;84186,84187,84188
ABDN;20200728;7;;28;A070B042,5;SBA A70 TSB;A 070 B 042,5;A70;42,502;;Bamberg;Schweinfurt;Schweinfurt;Süd/ West;AS 12 Eltmann (B26);AS 11 Knetzgau;1;3179316;12419;52;49,97836384;10,62888049;2;33,34;84265,84266
ABDN;20200728;7;;28;A070B042,5;SBA A70 TSB;A 070 B 042,5;A70;42,502;;Bamberg;Schweinfurt;Schweinfurt;Süd/ West;AS 12 Eltmann (B26);AS 11 Knetzgau;3;3179316;12419;52;49,9784533;10,62900525;1;1;84271
ABDN;20200728;7;;28;A070B042,5;SBA A70 TSB;A 070 B 042,5;A70;42,502;;Bamberg;Schweinfurt;Schweinfurt;Süd/ West;AS 12 Eltmann (B26);AS 11 Knetzgau;4;3179316;12419;52;49,9783739;10,62844035;1;183;84270
ABDN;20200728;7;;28;A070B042,5;SBA A70 TSB;A 070 B 042,5;A70;42,502;;Bamberg;Schweinfurt;Schweinfurt;Süd/ West;AS 12 Eltmann (B26);AS 11 Knetzgau;4;3179316;12419;52;49,9784533;10,62900525;1;193;84269
ABDN;20200728;7;;28;A070B042,5;SBA A70 TSB;A 070 B 042,5;A70;42,502;;Bamberg;Schweinfurt;Schweinfurt;Süd/ West;AS 12 Eltmann (B26);AS 11 Knetzgau;6;3179316;12419;52;49,9784533;10,62900525;3;1,2,3;84272,84273,84274
ABDN;20200728;7;;28;A070B042,5;SBA A70 TSB;A 070 B 042,5;A70;42,905;;Bamberg;Schweinfurt;Schweinfurt;Süd/ West;AS 12 Eltmann (B26);AS 11 Knetzgau;1;3179316;12419;52;49,9780206;10,63397716;2;41,42;84267,84268
ABDN;20200728;7;;28;A070B043,3;SBA A70 TSB;A 070 B 043,3;A70;43,306;;Bamberg;Schweinfurt;Schweinfurt;Süd/ West;AS 12 Eltmann (B26);AS 11 Knetzgau;6;3179324;12419;60;49,97776569;10,63963441;3;1,2,3;84343,84344,84345
ABDN;20200728;7;;28;A070B043,3;SBA A70 TSB;A 070 B 043,3;A70;43,306;;Bamberg;Schweinfurt;Schweinfurt;Süd/ West;AS 12 Eltmann (B26);AS 11 Knetzgau;1;3179324;12419;60;49,97769984;10,63942091;2;33,34;84336,84337
ABDN;20200728;7;;28;A070B043,3;SBA A70 TSB;A 070 B 043,3;A70;43,035;;Bamberg;Schweinfurt;Schweinfurt;Süd/ West;AS 12 Eltmann (B26);AS 11 Knetzgau;1;3179324;12419;60;49,9779527;10,63585581;2;41,42;84338,84339
ABDN;20200728;7;;30;A070B043,5;SBA A70 TSB;A 070 B 043,5;A70;43,529;;Bamberg;Schweinfurt;Schweinfurt;Süd/ West;AS 12 Eltmann (B26);AS 11 Knetzgau;4;3179326;12419;62;49,97754745;10,64353576;2;57,181;84409,84410
ABDN;20200728;7;;28;A070B043,5;SBA A70 TSB;A 070 B 043,5;A70;43,58;;Bamberg;Schweinfurt;Schweinfurt;Süd/ West;AS 12 Eltmann (B26);AS 11 Knetzgau;1;3179326;12419;62;49,97745557;10,64353382;1;33;84346
ABDN;20200728;7;;28;A070B043,5;SBA A70 TSB;A 070 B 043,5;A70;43,58;;Bamberg;Schweinfurt;Schweinfurt;Süd/ West;AS 12 Eltmann (B26);AS 11 Knetzgau;1;3179326;12419;62;49,97754745;10,64353576;1;34;84347
ABDN;20200728;7;;28;A070B043,5;SBA A70 TSB;A 070 B 043,5;A70;43,58;;Bamberg;Schweinfurt;Schweinfurt;Süd/ West;AS 12 Eltmann (B26);AS 11 Knetzgau;3;3179326;12419;62;49,97757877;10,64271056;1;33;84411
ABDN;20200728;7;;28;A070B043,5;SBA A70 TSB;A 070 B 043,5;A70;43,58;;Bamberg;Schweinfurt;Schweinfurt;Süd/ West;AS 12 Eltmann (B26);AS 11 Knetzgau;4;3179326;12419;62;49,97754745;10,64353576;4;33,34,97,105;84349,84350,84351,84352
ABDN;20200728;7;;28;A070B043,5;SBA A70 TSB;A 070 B 043,5;A70;43,58;;Bamberg;Schweinfurt;Schweinfurt;Süd/ West;AS 12 Eltmann (B26);AS 11 Knetzgau;4;3179326;12419;62;49,97757877;10,64271056;1;193;84348
ABDN;20200728;7;;28;A070B043,5;SBA A70 TSB;A 070 B 043,5;A70;43,58;;Bamberg;Schweinfurt;Schweinfurt;Süd/ West;AS 12 Eltmann (B26);AS 11 Knetzgau;6;3179326;12419;62;49,97757877;10,64271056;3;1,2,3;84412,84413,84414
ABDN;20200728;7;;30;A070B043,5;SBA A70 TSB;A 070 B 043,5;A70;43,58;;Bamberg;Schweinfurt;Schweinfurt;Süd/ West;AS 12 Eltmann (B26);AS 11 Knetzgau;4;3179326;12419;62;49,97745557;10,64353382;1;174;84408
ABDN;20200728;7;;30;A070B043,5;SBA A70 TSB;A 070 B 043,5;A70;43,58;;Bamberg;Schweinfurt;Schweinfurt;Süd/ West;AS 12 Eltmann (B26);AS 11 Knetzgau;4;3179326;12419;62;49,97754745;10,64353576;1;173;84353
ABDN;20200728;7;;30;A070B044,8;SBA A70 TSB;A 070 B 044,8;A70;44,91;;Bamberg;Schweinfurt;Schweinfurt;Süd/ West;AS 12 Eltmann (B26);AS 11 Knetzgau;4;3179339;12419;75;49,97777635;10,66098908;2;173,174;83271,83272
ABDN;20200728;7;;28;A070B044,8;SBA A70 TSB;A 070 B 044,8;A70;44,91;;Bamberg;Schweinfurt;Schweinfurt;Süd/ West;AS 12 Eltmann (B26);AS 11 Knetzgau;1;3179339;12419;75;49,97777635;10,66098908;2;33,34;84426,84427
ABDN;20200728;7;;28;A070B044,8;SBA A70 TSB;A 070 B 044,8;A70;44,91;;Bamberg;Schweinfurt;Schweinfurt;Süd/ West;AS 12 Eltmann (B26);AS 11 Knetzgau;3;3179339;12419;75;49,97777635;10,66098908;3;42,43,44;83280,83281,83282
ABDN;20200728;7;;28;A070B044,8;SBA A70 TSB;A 070 B 044,8;A70;44,91;;Bamberg;Schweinfurt;Schweinfurt;Süd/ West;AS 12 Eltmann (B26);AS 11 Knetzgau;3;3179339;12419;75;49,97779474;10,66197153;7;35,36,37,38,39,40,41;83273,83274,83275,83276,83277,83278,83279
ABDN;20200728;7;;28;A070B044,8;SBA A70 TSB;A 070 B 044,8;A70;44,91;;Bamberg;Schweinfurt;Schweinfurt;Süd/ West;AS 12 Eltmann (B26);AS 11 Knetzgau;3;3179339;12419;75;49,97782326;10,66194116;1;1;83283
ABDN;20200728;7;;28;A070B044,8;SBA A70 TSB;A 070 B 044,8;A70;44,91;;Bamberg;Schweinfurt;Schweinfurt;Süd/ West;AS 12 Eltmann (B26);AS 11 Knetzgau;4;3179339;12419;75;49,97777635;10,66098908;5;33,34,56,97,105;83269,83270,83288,83289,83290
ABDN;20200728;7;;28;A070B044,8;SBA A70 TSB;A 070 B 044,8;A70;44,91;;Bamberg;Schweinfurt;Schweinfurt;Süd/ West;AS 12 Eltmann (B26);AS 11 Knetzgau;4;3179339;12419;75;49,97782326;10,66194116;1;193;83287
ABDN;20200728;7;;28;A070B044,8;SBA A70 TSB;A 070 B 044,8;A70;44,91;;Bamberg;Schweinfurt;Schweinfurt;Süd/ West;AS 12 Eltmann (B26);AS 11 Knetzgau;6;3179339;12419;75;49,97782326;10,66194116;3;1,2,3;83284,83285,83286
ABDN;20200728;7;;30;A070B045,2;SBA A70 TSB;A 070 B 045,2;A70;45,11;;Bamberg;Schweinfurt;Schweinfurt;Süd/ West;AS 12 Eltmann (B26);AS 11 Knetzgau;4;3179343;12419;79;49,97784144;10,66477763;2;57,181;83816,83817
ABDN;20200728;7;;28;A070B045,2;SBA A70 TSB;A 070 B 045,2;A70;45,219;;Bamberg;Schweinfurt;Schweinfurt;Süd/ West;AS 12 Eltmann (B26);AS 11 Knetzgau;6;3179343;12419;79;49,97787101;10,66625904;3;1,2,3;83878,83879,83880
ABDN;20200728;7;;28;A070B045,2;SBA A70 TSB;A 070 B 045,2;A70;45,219;;Bamberg;Schweinfurt;Schweinfurt;Süd/ West;AS 12 Eltmann (B26);AS 11 Knetzgau;1;3179343;12419;79;49,97785554;10,6660153;2;33,34;83340,83341
ABDN;20200728;7;;28;A070B045,2;SBA A70 TSB;A 070 B 045,2;A70;45,219;;Bamberg;Schweinfurt;Schweinfurt;Süd/ West;AS 12 Eltmann (B26);AS 11 Knetzgau;3;3179343;12419;79;49,97787101;10,66625904;1;33;83877
ABDN;20200728;7;;28;A070B045,2;SBA A70 TSB;A 070 B 045,2;A70;45,219;;Bamberg;Schweinfurt;Schweinfurt;Süd/ West;AS 12 Eltmann (B26);AS 11 Knetzgau;4;3179343;12419;79;49,97785554;10,6660153;4;33,34,97,105;83343,83811,83812,83813
ABDN;20200728;7;;28;A070B045,2;SBA A70 TSB;A 070 B 045,2;A70;45,219;;Bamberg;Schweinfurt;Schweinfurt;Süd/ West;AS 12 Eltmann (B26);AS 11 Knetzgau;4;3179343;12419;79;49,97787101;10,66625904;1;193;83342
ABDN;20200728;7;;30;A070B045,2;SBA A70 TSB;A 070 B 045,2;A70;45,219;;Bamberg;Schweinfurt;Schweinfurt;Süd/ West;AS 12 Eltmann (B26);AS 11 Knetzgau;4;3179343;12419;79;49,97785554;10,6660153;2;173,174;83814,83815
ABDN;20200728;7;;28;A070B045,6;SBA A70 TSB;A 070 B 045,6;A70;45,613;;Bamberg;Schweinfurt;Schweinfurt;Süd/ West;AS 12 Eltmann (B26);;1;3179521;12420;1;49,97798858;10,67357069;2;33,34;83883,83884
ABDN;20200728;7;;28;A070B045,6;SBA A70 TSB;A 070 B 045,6;A70;45,613;;Bamberg;Schweinfurt;Schweinfurt;Süd/ West;AS 12 Eltmann (B26);;3;3179521;12420;1;49,97797477;10,67172898;1;33;83347
ABDN;20200728;7;;28;A070B045,6;SBA A70 TSB;A 070 B 045,6;A70;45,613;;Bamberg;Schweinfurt;Schweinfurt;Süd/ West;AS 12 Eltmann (B26);;4;3179521;12420;1;49,97795809;10,67133876;4;33,34,97,105;83344,83345,83346,83890
ABDN;20200728;7;;28;A070B045,6;SBA A70 TSB;A 070 B 045,6;A70;45,613;;Bamberg;Schweinfurt;Schweinfurt;Süd/ West;AS 12 Eltmann (B26);;4;3179521;12420;1;49,97797477;10,67172898;1;193;83889
ABDN;20200728;7;;28;A070B045,6;SBA A70 TSB;A 070 B 045,6;A70;45,613;;Bamberg;Schweinfurt;Schweinfurt;Süd/ West;AS 12 Eltmann (B26);;6;3179521;12420;1;49,97797477;10,67172898;3;1,2,3;83348,83349,83350
ABDN;20200728;7;;28;A070B045,6;SBA A70 TSB;A 070 B 045,6;A70;45,613;;Haßfurt;Schweinfurt;Schweinfurt;Süd/ West;AS 12 Eltmann (B26);;1;3179521;12420;1;49,97851165;10,67362826;1;161;83888
ABDN;20200728;7;;28;A070B045,6;SBA A70 TSB;A 070 B 045,6;A70;45,613;;Bamberg;Haßfurt;Schweinfurt;Süd/ West;AS 12 Eltmann (B26);;1;3179521;12420;1;49,97853926;10,67370836;1;97;83887
ABDN;20200728;7;;28;A070B046,7;SBA A70 TSB;A 070 B 046,7;A70;46,7;;Bamberg;Schweinfurt;Schweinfurt;Süd/ West;AS 13 Viereth-Trunstadt ;AS 12 Eltmann (B26);1;3179532;12420;12;49,97703246;10,68681346;2;33,34;83351,83352
ABDN;20200728;7;;28;A070B046,7;SBA A70 TSB;A 070 B 046,7;A70;46,7;;Bamberg;Schweinfurt;Schweinfurt;Süd/ West;AS 13 Viereth-Trunstadt ;AS 12 Eltmann (B26);3;3179532;12420;12;49,97702443;10,68688439;1;33;83414
ABDN;20200728;7;;28;A070B046,7;SBA A70 TSB;A 070 B 046,7;A70;46,7;;Bamberg;Schweinfurt;Schweinfurt;Süd/ West;AS 13 Viereth-Trunstadt ;AS 12 Eltmann (B26);4;3179532;12420;12;49,97702443;10,68688439;1;193;83353
ABDN;20200728;7;;28;A070B046,7;SBA A70 TSB;A 070 B 046,7;A70;46,7;;Bamberg;Schweinfurt;Schweinfurt;Süd/ West;AS 13 Viereth-Trunstadt ;AS 12 Eltmann (B26);4;3179532;12420;12;49,97703246;10,68681346;4;33,34,97,105;83354,83355,83356,83357
ABDN;20200728;7;;28;A070B046,7;SBA A70 TSB;A 070 B 046,7;A70;46,7;;Bamberg;Schweinfurt;Schweinfurt;Süd/ West;AS 13 Viereth-Trunstadt ;AS 12 Eltmann (B26);6;3179532;12420;12;49,97702443;10,68688439;3;1,2,3;83415,83416,83417
ABDN;20200728;7;;30;A070B046,7b;SBA A70 TSB;A 070 B 046,7;A70;46,7;;Bamberg;Schweinfurt;Schweinfurt;Süd/ West;AS 13 Viereth-Trunstadt ;AS 12 Eltmann (B26);4;3179532;12420;12;49,97686685;10,68733895;1;181;83358
ABDN;20200728;7;;30;A070B047,7;SBA A70 TSB;A 070 B 047,7;A70;47,7;;Bamberg;Schweinfurt;Schweinfurt;Süd/ West;AS 13 Viereth-Trunstadt ;AS 12 Eltmann (B26);4;3179541;12420;21;49,97322165;10,69883911;1;181;83423
ABDN;20200728;7;;30;A070B047,7;SBA A70 TSB;A 070 B 047,7;A70;47,7;;Bamberg;Schweinfurt;Schweinfurt;Süd/ West;AS 13 Viereth-Trunstadt ;AS 12 Eltmann (B26);4;3179541;12420;21;49,9731415;10,69915502;1;193;83420
ABDN;20200728;7;;30;A070B047,7;SBA A70 TSB;A 070 B 047,7;A70;47,7;;Bamberg;Schweinfurt;Schweinfurt;Süd/ West;AS 13 Viereth-Trunstadt ;AS 12 Eltmann (B26);4;3179541;12420;21;49,97309821;10,69922858;1;171;83421
ABDN;20200728;7;;30;A070B047,7;SBA A70 TSB;A 070 B 047,7;A70;47,7;;Bamberg;Schweinfurt;Schweinfurt;Süd/ West;AS 13 Viereth-Trunstadt ;AS 12 Eltmann (B26);4;3179541;12420;21;49,97301833;10,69916588;1;172;83422
ABDN;20200728;7;;28;A070B047,7;SBA A70 TSB;A 070 B 047,7;A70;47,7;;Bamberg;Schweinfurt;Schweinfurt;Süd/ West;AS 13 Viereth-Trunstadt ;AS 12 Eltmann (B26);6;3179541;12420;21;49,9731415;10,69915502;3;1,2,3;83424,83425,83426
ABDN;20200728;7;;28;A070B047,7;SBA A70 TSB;A 070 B 047,7;A70;47,7;;Bamberg;Schweinfurt;Schweinfurt;Süd/ West;AS 13 Viereth-Trunstadt ;AS 12 Eltmann (B26);1;3179541;12420;21;49,97309821;10,69922858;2;33,34;83418,83419
ABDN;20200728;7;;30;A070B048,6;SBA A70 TSB;A 070 B 048,6;A70;48,6;;Bamberg;Schweinfurt;Schweinfurt;Süd/ West;AS 13 Viereth-Trunstadt ;AS 12 Eltmann (B26);4;3179551;12420;30;49,96942106;10,71091699;1;193;83427
ABDN;20200728;7;;30;A070B048,6;SBA A70 TSB;A 070 B 048,6;A70;48,6;;Bamberg;Schweinfurt;Schweinfurt;Süd/ West;AS 13 Viereth-Trunstadt ;AS 12 Eltmann (B26);4;3179551;12420;30;49,96939648;10,71058926;1;172;83429
ABDN;20200728;7;;28;A070B048,6;SBA A70 TSB;A 070 B 048,6;A70;48,6;;Bamberg;Schweinfurt;Schweinfurt;Süd/ West;AS 13 Viereth-Trunstadt ;AS 12 Eltmann (B26);6;3179551;12420;30;49,96942106;10,71091699;3;1,2,3;83430,83431,83432
ABDN;20200728;7;;30;A070B048,6;SBA A70 TSB;A 070 B 048,6;A70;48,6;;Bamberg;Schweinfurt;Schweinfurt;Süd/ West;AS 13 Viereth-Trunstadt ;AS 12 Eltmann (B26);4;3179551;12420;30;49,96947889;10,71065277;1;171;83428
ABDN;20200728;7;35;28;A070B055,2;NBA N-SW;A 070 B 055,2;A70;55,21;;Unterhaid;Schweinfurt;Schweinfurt;Süd/ West;AS 13 Viereth-Trunstadt ;;1;3179617;12420;97;49,93176104;10,78164332;1;161;81143
ABDN;20200728;7;35;28;A070B055,2;NBA N-SW;A 070 B 055,2;A70;55,21;;Bamberg;Unterhaid;Schweinfurt;Süd/ West;AS 13 Viereth-Trunstadt ;;1;3179617;12420;97;49,93176197;10,7816904;1;97;81078
ABDN;20200728;7;35;28;A070B055,2;NBA N-SW;A 070 B 055,2;A70;55,21;;Bamberg;Schweinfurt;Schweinfurt;Süd/ West;AS 13 Viereth-Trunstadt ;;1;3179617;12420;97;49,93111957;10,78145254;2;33,34;81074,81075
ABDN;20200728;7;35;28;A070B055,2;NBA N-SW;A 070 B 055,2;A70;55,21;;Bamberg;Schweinfurt;Schweinfurt;Süd/ West;AS 13 Viereth-Trunstadt ;;6;3179617;12420;97;49,93225221;10,77928103;2;1,2;81144,81145
ABDN;20200728;7;35;28;A070B061,5;NBA N-SW;A 070 B 061,5;A70;61,467;;Bamberg;Bamberg;Schweinfurt;Süd/ West;AS 14 Bamberg-Hafen;;1;3179838;12421;62;49,91874178;10,86146889;1;97;81152
ABDN;20200728;7;35;28;A070B061,5;NBA N-SW;A 070 B 061,5;A70;61,467;;Bamberg;Schweinfurt;Schweinfurt;Süd/ West;AS 14 Bamberg-Hafen;;1;3179838;12421;62;49,91822131;10,86189031;2;33,34;81148,81149
ABDN;20200728;7;35;28;A070B061,5;NBA N-SW;A 070 B 061,5;A70;61,467;;Bamberg;Schweinfurt;Schweinfurt;Süd/ West;AS 14 Bamberg-Hafen;;1;3179838;12421;62;49,91870565;10,86141931;1;161;81153
ABDN;20200728;7;35;28;A070B062,4;NBA N-SW;A 070 A 062,4;A70;62,419;;Covurg;Schweinfurt; Bamberg;Süd/ West;AS 15 Hallstadt;;1;3180043;12422;11;49,92166246;10,8763169;1;161;81163
ABDN;20200728;7;35;28;A070B062,4;NBA N-SW;A 070 A 062,4;A70;62,419;;Bamberg;Coburg; Bamberg;Süd/ West;AS 15 Hallstadt;;1;3180043;12422;11;49,92167725;10,87636997;1;97;81162
ABDN;20200728;7;35;28;A070B062,4;NBA N-SW;A 070 A 062,4;A70;62,419;;Bamberg;Schweinfurt; Bamberg;Süd/ West;AS 15 Hallstadt;;1;3180043;12422;11;49,92134317;10,87651062;2;33,34;81158,81159
ABDN;20200728;7;34;17;A070B064,8;DZS 8+1;A 070 B 064,8;A70;64,837;;Bamberg;Schweinfurt;Werneck;Süd/ West;17 Kreuz Bamberg (A73 (-)/ B505/ B173);AS 16 Bamberg;1;3180551;12424;7;49,92494129;10,90717554;2;33,34;81627,81628
ABDN;20200728;7;34;17;A070B064,8;DZS 8+1;A 070 B 064,8;A70;64,837;;Schweinfurt;Bamberg;Werneck;Nord/ Ost;AS 16 Bamberg;17 Kreuz Bamberg (A73 (-)/ B505/ B173);1;3180551;12424;7;49,92472078;10,90731139;2;1,2;81625,81626
ABDN;20200728;7;34;17;A070B064,8;DZS 8+1;A 070 B 064,8;A70;64,837;;Bamberg;Schweinfurt;Werneck;Süd/ West;17 Kreuz Bamberg (A73 (-)/ B505/ B173);AS 16 Bamberg;6;3180551;12424;7;49,92501805;10,90709065;1;1;81629
ABDN;20200728;7;34;17;A070B065,9;NBA N-SW;A 070 B 065,9;A70;65,9;;Bayreuth;Schweinfurt;Schweinfurt;Süd/ West;17 Kreuz Bamberg (A73 (-)/ B505/ B173);;1;3180802;12425;2;49,93010805;10,91983343;2;33,34;81630,81631
ABDN;20200728;7;34;17;A070B065,9;NBA N-SW;A 070 B 065,9;A70;65,9;;Bayreuth;Schweinfurt;Schweinfurt;Süd/ West;17 Kreuz Bamberg (A73 (-)/ B505/ B173);;6;3180802;12425;2;49,93014061;10,91981045;2;1,2;81633,81634
ABDN;20200728;7;34;17;A070B066,5;DZS 8+1;A 070 B 066,5;A70;66,515;;Bamberg;Bayreuth;Werneck;Nord/ Ost;17 Kreuz Bamberg (A73 (-)/ B505/ B173);AS 18 Scheßlitz (B22);1;3180809;12425;9;49,91180756;10,9401757;2;1,2;81635,81697
ABDN;20200728;7;34;17;A070B066,5;DZS 8+1;A 070 B 066,5;A70;66,515;;Bayreuth;Bamberg;Werneck;Süd/ West;AS 18 Scheßlitz (B22);17 Kreuz Bamberg (A73 (-)/ B505/ B173);6;3180809;12425;9;49,93175328;10,92720805;1;1;81700
ABDN;20200728;7;34;17;A070B066,5;DZS 8+1;A 070 B 066,5;A70;66,515;;Bayreuth;Bamberg;Werneck;Süd/ West;AS 18 Scheßlitz (B22);17 Kreuz Bamberg (A73 (-)/ B505/ B173);1;3180809;12425;9;49,91170237;10,93989369;2;33,34;81698,81699
ABDN;20200728;7;32;27;A072A000,2;DZS 8+1;A 072 B 000,2;A72;0,234;;Plauen;BAB A9;Plauen;Süd/ West;1 Dreieck Bayerisches Vogtland (A9(33));;1;3183106;12434;2;50,32672846;11,79739996;2;33,34;80867,80868
ABDN;20200728;7;32;27;A072A000,2;DZS 8+1;A 072 B 000,2;A72;0,234;;Plauen;Berlin;Plauen;Süd/ West;1 Dreieck Bayerisches Vogtland (A9(33));;1;3183106;12434;2;50,32677847;11,79731144;1;97;80933
ABDN;20200728;7;32;27;A072A014,4;DZS 8+1;A 072 A 014,4;A72;14,4;;Plauen;Hof;Naila;Süd/ West;4 Dreieck Hochfranken (A93(1));;1;3183671;12436;55;50,38405111;11,96336544;2;33,34;80937,80938
ABDN;20200728;7;32;27;A072A014,4;DZS 8+1;A 072 A 014,4;A72;14,4;;Plauen;Hof;Naila;Süd/ West;4 Dreieck Hochfranken (A93(1));;6;3183671;12436;55;50,38149579;11,96232935;2;1,2;82015,82016
ABDN;20200728;7;32;27;A072A014,4;DZS 8+1;A 072 A 014,4;A72;14,4;;Plauen;Regensburg;Regensburg;Süd/ West;4 Dreieck Hochfranken (A93(1));;1;3183671;12436;55;50,38152511;11,96240397;2;97,98;80940,81946
ABDN;20200728;7;32;27;A072A014,4;DZS 8+1;A 072 A 014,4;A72;14,4;;Regensburg;Hof;Regensburg;Süd/ West;4 Dreieck Hochfranken (A93(1));;1;3183671;12436;55;50,38151848;11,96302585;2;161,162;82013,82014
ABDN;20200728;7;32;27;A072B000,2;DZS 8+1;A 072 B 000,2;A72;0,234;;BAB A9;Plauen;Plauen;Nord/ Ost;1 Dreieck Bayerisches Vogtland (A9(33));;6;3183106;12434;2;50,32654601;11,79777861;1;1;80934
ABDN;20200728;7;32;27;A072B000,2;DZS 8+1;A 072 B 000,2;A72;0,234;;Nürnberg;Plauen;Plauen;Nord/ Ost;1 Dreieck Bayerisches Vogtland (A9(33));;1;3183106;12434;2;50,32649637;11,7978092;1;129;80870
ABDN;20200728;7;32;27;A072B000,2;DZS 8+1;A 072 B 000,2;A72;0,234;;BAB A9;Plauen;Plauen;Nord/ Ost;1 Dreieck Bayerisches Vogtland (A9(33));;1;3183106;12434;2;50,32659118;11,79764796;2;1,2;80865,80866
ABDN;20200728;7;32;27;A072B014,4;DZS 8+1;A 072 A 014,4;A72;14,4;;Regensburg;Plauen;Regensburg;Nord/ Ost;4 Dreieck Hochfranken (A93(1));;1;3183671;12436;55;50,38152766;11,96353223;2;129,130;82011,82012
ABDN;20200728;7;32;27;A072B014,4;DZS 8+1;A 072 A 014,4;A72;14,4;;Hof;Regensburg;Regensburg;Nord/ Ost;4 Dreieck Hochfranken (A93(1));;1;3183671;12436;55;50,38132409;11,96196198;1;65;80939
ABDN;20200728;7;32;27;A072B014,4;DZS 8+1;A 072 A 014,4;A72;14,4;;Hof;Plauen;Naila;Nord/ Ost;4 Dreieck Hochfranken (A93(1));;1;3183671;12436;55;50,38386451;11,96349952;2;1,2;80935,80936
ABDN;20200728;7;37;37;A073 B128,9;TSF A73 Erlangen Erweiterung 2.BA;270;A73;128,873;128,773;;;Bamberg;Nord/ Ost;AS 30 Möhrendorf;AS 29 Baiersdorf-Nord;6;3191606;12467;54;;;1;103;82295
ABDN;20200728;7;37;37;A073 B129,0;TSF A73 Erlangen Erweiterung 2.BA;269;A73;129,024;128,874;;;Bamberg;Nord/ Ost;AS 30 Möhrendorf;AS 29 Baiersdorf-Nord;6;3191606;12467;54;;;1;102;82294
ABDN;20200728;7;37;37;A073 B129,2;TSF A73 Erlangen Erweiterung 2.BA;268;A73;129,205;129,023;;;Bamberg;Nord/ Ost;AS 30 Möhrendorf;AS 29 Baiersdorf-Nord;6;3191606;12467;54;;;1;101;82293
ABDN;20200728;7;37;37;A073 B129,2;TSF A73 Erlangen Erweiterung 2.BA;;A73;129,23;;;;Bamberg;Nord/ Ost;AS 30 Möhrendorf;AS 29 Baiersdorf-Nord;6;3191606;12467;54;;;4;1,2,3,194;82289,82290,82291,82296
ABDN;20200728;7;37;37;A073 B129,2;TSF A73 Erlangen Erweiterung 2.BA;;A73;129,23;;;;Bamberg;Nord/ Ost;AS 30 Möhrendorf;AS 29 Baiersdorf-Nord;3;3191606;12467;54;;;2;1,194;82282,82283
ABDN;20200728;7;37;37;A073 B129,2;TSF A73 Erlangen Erweiterung 2.BA;;A73;129,23;;;;Bamberg;Nord/ Ost;AS 30 Möhrendorf;AS 29 Baiersdorf-Nord;4;3191606;12467;54;;;5;5,13,129,131,194;82284,82285,82286,82287,82288
ABDN;20200728;7;37;37;A073 B129,4;TSF A73 Erlangen Erweiterung 2.BA;267;A73;129,363;129,206;;;Bamberg;Nord/ Ost;AS 30 Möhrendorf;AS 29 Baiersdorf-Nord;6;3191606;12467;54;;;1;100;82292
ABDN;20200728;7;24;6;A073A030,4;DZS 8+1;A 073 A 030,4;A73;30,351;;Bamberg;Nürnberg;Bamberg;Süd/ West;Kreuz Fürth/ Erlangen (A73 (83));AS (-) Eltersdorf;1;3190284;12462;12;49,55165432;10,99274769;2;33,34;79958,83631
ABDN;20200728;7;24;6;A073A030,4;DZS 8+1;A 073 A 030,4;A73;30,351;;Nürnberg;Bamberg;Bamberg;Nord/ Ost;AS (-) Eltersdorf;Kreuz Fürth/ Erlangen (A73 (83));6;3190284;12462;12;49,55178015;10,99312112;1;1;78907
ABDN;20200728;7;24;6;A073A030,4;DZS 8+1;A 073 A 030,4;A73;30,351;;Nürnberg;Bamberg;Bamberg;Nord/ Ost;AS (-) Eltersdorf;Kreuz Fürth/ Erlangen (A73 (83));1;3190284;12462;12;49,55167126;10,99310604;2;1,2;83629,83630
ABDN;20200728;7;34;17;A073A059,8;NBA N-SW;A 073 A 059,8;A73;59,789;;Ebermannstadt;Nürnberg;Bamberg;Süd/ West;AS (-) Buttenheim;;1;3192392;12470;72;49,79324721;11,0262898;1;161;81708
ABDN;20200728;7;34;17;A073A059,8;NBA N-SW;A 073 A 059,8;A73;59,789;;Bamberg;Nürnberg;Bamberg;Süd/ West;AS (-) Buttenheim;;1;3192392;12470;72;49,79360785;11,02708782;2;33,34;81703,81704
ABDN;20200728;7;34;17;A073A059,8;NBA N-SW;A 073 A 059,8;A73;59,789;;Bamberg;Ebermannstadt;Bamberg;Süd/ West;AS (-) Buttenheim;;1;3192392;12470;72;49,79327018;11,0262743;1;97;81707
ABDN;20200728;7;34;17;A073A059,8;NBA N-SW;A 073 A 059,8;A73;59,789;;Nürnberg;Bamberg;Bamberg;Nord/ Ost;AS (-) Buttenheim;;1;3192392;12470;72;49,79478471;11,02599791;2;1,2;81701,81702
ABDN;20200728;7;34;17;A073A059,8;NBA N-SW;A 073 A 059,8;A73;59,789;;Nürnberg;Bamberg;Bamberg;Nord/ Ost;AS (-) Buttenheim;;6;3192392;12470;72;49,79483163;11,02607368;5;1,2,3,4,5;81709,81710,81711,81712,81713
ABDN;20200728;7;34;17;A073A059,8;NBA N-SW;A 073 A 059,8;A73;59,789;;Nürnberg;Ebermannstadt;Bamberg;Nord/ Ost;AS (-) Buttenheim;;1;3192392;12470;72;49,79429959;11,026686;1;65;81705
ABDN;20200728;7;34;17;A073A059,8;NBA N-SW;A 073 A 059,8;A73;59,789;;Ebermannstadt;Bamberg;Bamberg;Nord/ Ost;AS (-) Buttenheim;;1;3192392;12470;72;49,79633602;11,02418383;1;129;81706
ABDN;20200728;7;34;17;A073A074,0;NBA N-SW;A 073 A 074,0;A73;74,033;;Nürnberg;Hollfeld; Bamberg;Nord/ Ost;AS (-) Bamberg-Ost;;1;3193382;12474;38;49,90264889;10,94691481;1;65;81382
ABDN;20200728;7;34;17;A073A074,0;NBA N-SW;A 073 A 074,0;A73;74,033;;Nürnberg;Coburg; Bamberg;Nord/ Ost;AS (-) Bamberg-Ost;;6;3193382;12474;38;49,90394438;10,94591986;5;1,2,3,4,5;81386,81387,81388,81389,81450
ABDN;20200728;7;34;17;A073A074,0;NBA N-SW;A 073 A 074,0;A73;74,033;;Nürnberg;Coburg; Bamberg;Nord/ Ost;AS (-) Bamberg-Ost;;1;3193382;12474;38;49,90250019;10,9465787;2;1,2;81454,81798
ABDN;20200728;7;34;17;A073A074,0;NBA N-SW;A 073 A 074,0;A73;74,033;;Hollfeld;Coburg; Bamberg;Nord/ Ost;AS (-) Bamberg-Ost;;1;3193382;12474;38;49,90267327;10,94689593;1;129;81383
ABDN;20200728;7;34;17;A073A074,0;NBA N-SW;A 073 A 074,0;A73;74,033;;Bamberg;Nürnberg; Bamberg;Süd/ West;AS (-) Bamberg-Ost;;1;3193382;12474;38;49,90520269;10,94432804;1;161;81385
ABDN;20200728;7;34;17;A073A074,0;NBA N-SW;A 073 A 074,0;A73;74,033;;Coburg;Nürnberg; Bamberg;Süd/ West;AS (-) Bamberg-Ost;;1;3193382;12474;38;49,90558839;10,94451279;2;33,34;81380,81381
ABDN;20200728;7;34;17;A073A074,0;NBA N-SW;A 073 A 074,0;A73;74,033;;Coburg;Bamberg; Bamberg;Süd/ West;AS (-) Bamberg-Ost;;1;3193382;12474;38;49,90523799;10,94427697;1;97;81384
ABDN;20200728;7;34;17;A073A075,0;DZS 8+1;A 073 A 075,0;A73;75,005;;Coburg;Nürnberg;Bamberg;Süd/ West;AS (-) Memmelsdorf;AS (-) Bamberg-Ost;1;3193353;12474;9;49,91170237;10,93989369;2;33,34;81455,81456
ABDN;20200728;7;34;17;A073A075,0;DZS 8+1;A 073 A 075,0;A73;75,005;;Nürnberg;Coburg;Bamberg;Nord/ Ost;AS (-) Bamberg-Ost;AS (-) Memmelsdorf;6;3193353;12474;9;49,91189984;10,9401999;1;1;81457
ABDN;20200728;7;34;17;A073A075,0;DZS 8+1;A 073 A 075,0;A73;75,005;;Nürnberg;Coburg;Bamberg;Nord/ Ost;AS (-) Bamberg-Ost;AS (-) Memmelsdorf;1;3193353;12474;9;49,91180756;10,9401757;2;1,2;81451,81452
ABDN;20200728;7;34;17;A073A077,3;NBA N-SW;A 073 A 077,3;A73;77,343;;Coburg;Bayreuth;Lichtenfels;Süd/ West;(-) Kreuz Bamberg (A70 (17)/ B505/ B173);;1;3193611;12475;11;49,92822246;10,91732081;1;97;81540
ABDN;20200728;7;34;17;A073A077,3;NBA N-SW;A 073 A 077,3;A73;77,343;;Coburg;Nürnberg;Lichtenfels;Süd/ West;(-) Kreuz Bamberg (A70 (17)/ B505/ B173);;1;3193611;12475;11;49,92745249;10,91850225;2;33,34;81536,81537
ABDN;20200728;7;34;17;A073A077,3;NBA N-SW;A 073 A 077,3;A73;77,343;;Nürnberg;Coburg;Lichtenfels;Nord/ Ost;(-) Kreuz Bamberg (A70 (17)/ B505/ B173);;1;3193611;12475;11;49,92730717;10,91906609;2;1,2;81534,81535
ABDN;20200728;7;34;17;A073A077,3;NBA N-SW;A 073 A 077,3;A73;77,343;;Nürnberg;Coburg;Lichtenfels;Nord/ Ost;(-) Kreuz Bamberg (A70 (17)/ B505/ B173);;6;3193611;12475;11;49,92734883;10,91916099;2;1,2;81542,81543
ABDN;20200728;7;34;17;A073A077,3;NBA N-SW;A 073 A 077,3;A73;77,343;;Nürnberg;Bayreuth;Lichtenfels;Nord/ Ost;(-) Kreuz Bamberg (A70 (17)/ B505/ B173);;1;3193611;12475;11;49,92781644;10,91957146;1;65;81538
ABDN;20200728;7;34;17;A073A077,3;NBA N-SW;A 073 A 077,3;A73;77,343;;Schweinfurt;Coburg;Lichtenfels;Nord/ Ost;(-) Kreuz Bamberg (A70 (17)/ B505/ B173);;1;3193611;12475;11;49,92778934;10,9196249;1;129;81539
ABDN;20200728;7;34;17;A073A077,3;NBA N-SW;A 073 A 077,3;A73;77,343;;Schweinfurt;Nürnberg;Lichtenfels;Süd/ West;(-) Kreuz Bamberg (A70 (17)/ B505/ B173);;1;3193611;12475;11;49,92742498;10,91845885;1;161;81541
ABDN;20200728;7;34;17;A073A077,8;NBA N-SW;A 073 A 077,8;A73;77,75;;Nürnberg;Schweinfurt;Bamberg;Nord/ Ost;(-) Kreuz Bamberg (A70 (17)/ B505/ B173);;1;3193858;12476;2;49,93062799;10,91613593;1;65;81199
ABDN;20200728;7;34;17;A073A077,8;NBA N-SW;A 073 A 077,8;A73;77,75;;Coburg;Nürnberg;Bamberg;Süd/ West;(-) Kreuz Bamberg (A70 (17)/ B505/ B173);;1;3193858;12476;2;49,93070579;10,9147864;2;33,34;81546,81547
ABDN;20200728;7;34;17;A073A077,8;NBA N-SW;A 073 A 077,8;A73;77,75;;Coburg;Schweinfurt;Bamberg;Süd/ West;(-) Kreuz Bamberg (A70 (17)/ B505/ B173);;1;3193858;12476;2;49,93042866;10,91447106;1;97;81201
ABDN;20200728;7;34;17;A073A077,8;NBA N-SW;A 073 A 077,8;A73;77,75;;Bayreuth;Coburg;Bamberg;Nord/ Ost;(-) Kreuz Bamberg (A70 (17)/ B505/ B173);;1;3193858;12476;2;49,9306326;10,91540073;1;129;81200
ABDN;20200728;7;34;17;A073A077,8;NBA N-SW;A 073 A 077,8;A73;77,75;;Bayreuth;Nürnberg;Bamberg;Süd/ West;(-) Kreuz Bamberg (A70 (17)/ B505/ B173);;1;3193858;12476;2;49,93038555;10,91456954;1;161;81202
ABDN;20200728;7;34;17;A073A077,8;NBA N-SW;A 073 A 077,8;A73;77,75;;Nürnberg;Coburg;Bamberg;Nord/ Ost;(-) Kreuz Bamberg (A70 (17)/ B505/ B173);;1;3193858;12476;2;49,93049078;10,91531553;2;1,2;81544,81545
ABDN;20200728;7;34;17;A073A077,8;NBA N-SW;A 073 A 077,8;A73;77,75;;Nürnberg;Coburg;Bamberg;Nord/ Ost;(-) Kreuz Bamberg (A70 (17)/ B505/ B173);;6;3193858;12476;2;49,93055641;10,91536895;2;1,2;81204,81205
ABDN;20200728;7;37;37;A073A122,0;NBA N-SW;A073 A122,0;A73;122,022;;Bamberg;Bamberg;Bamberg;Süd/ West;AS 27 Forchheim-Nord;;1;3192322;12470;2;49,73939334;11,05428552;1;97;82170
ABDN;20200728;7;37;37;A073A122,0;NBA N-SW;A073 A122,0;A73;122,022;;Bamberg;Nürnberg;Bamberg;Süd/ West;AS 27 Forchheim-Nord;;1;3192322;12470;2;49,73897414;11,05427773;2;33,34;82399,82400
ABDN;20200728;7;37;37;A073A122,0;NBA N-SW;A073 A122,0;A73;122,022;;Bamberg;Nürnberg;Bamberg;Süd/ West;AS 27 Forchheim-Nord;;6;3192322;12470;2;49,73875393;11,05387587;2;1,2;82173,82174
ABDN;20200728;7;37;37;A073A122,0;NBA N-SW;A073 A122,0;A73;122,022;;Bamberg;Nürnberg;Bamberg;Süd/ West;AS 27 Forchheim-Nord;;1;3192322;12470;2;49,7387788;11,05409288;1;161;82172
ABDN;20200728;7;37;37;A073A127,1;UV Los1;A073 A127,1;A73;127,072;;Bamberg;Nürnberg;Bamberg;Süd/ West;AS 28 Forchheim-Süd;;1;3191831;12468;23;49,69414581;11,06157924;2;33,34;82336,82337
ABDN;20200728;7;37;37;A073A127,1;UV Los1;A073 A127,1;A73;127,072;;Bamberg;Forchheim;Bamberg;Süd/ West;AS 28 Forchheim-Süd;;1;3191831;12468;23;49,69627637;11,06269282;1;97;82393
ABDN;20200728;7;37;37;A073A127,1;UV Los1;A073 A127,1;A73;127,072;;Forchheim;Nürnberg;Bamberg;Süd/ West;AS 28 Forchheim-Süd;;1;3191831;12468;23;49,69635698;11,06266364;1;161;82395
ABDN;20200728;7;37;37;A073A127,3;TSF A73 Erlangen Erweiterung 1.BA;1;A73;127,362;127,485;;;Nürnberg;Süd/ West;AS 28 Forchheim-Süd;AS 29 Baiersdorf-Nord;6;3192071;12469;7;;;1;100;82442
ABDN;20200728;7;37;37;A073A127,5;TSF A73 Erlangen Erweiterung 1.BA;2;A73;127,485;127,673;;;Nürnberg;Süd/ West;AS 28 Forchheim-Süd;AS 29 Baiersdorf-Nord;6;3192071;12469;7;;;1;101;82443
ABDN;20200728;7;37;37;A073A127,6;TSF A73 Erlangen Erweiterung 1.BA;;A73;127,62;;;;Nürnberg;Süd/ West;AS 28 Forchheim-Süd;AS 29 Baiersdorf-Nord;6;3192071;12469;7;;;4;1,2,3,193;82439,82440,82441,82447
ABDN;20200728;7;37;37;A073A127,6;TSF A73 Erlangen Erweiterung 1.BA;;A73;127,64;;;;Nürnberg;Süd/ West;AS 28 Forchheim-Süd;AS 29 Baiersdorf-Nord;1;3192071;12469;7;;;4;33,34,121,193;82175,82176,82177,82178
ABDN;20200728;7;37;37;A073A127,6;TSF A73 Erlangen Erweiterung 1.BA;;A73;127,64;;;;Nürnberg;Süd/ West;AS 28 Forchheim-Süd;AS 29 Baiersdorf-Nord;3;3192071;12469;7;;;3;2,3,193;82180,82181,82182
ABDN;20200728;7;37;37;A073A127,6a;TSF A73 Erlangen Erweiterung 1.BA;;A73;127,64;;;;Nürnberg;Süd/ West;AS 28 Forchheim-Süd;AS 29 Baiersdorf-Nord;4;3192071;12469;7;;;7;37,45,68,76,161,163,193;82183,82184,82185,82240,82241,82242,82243
ABDN;20200728;7;37;37;A073A127,6b;TSF A73 Erlangen Erweiterung 1.BA;;A73;127,64;;;;Nürnberg;Süd/ West;AS 28 Forchheim-Süd;AS 29 Baiersdorf-Nord;4;3192071;12469;7;;;5;33,34,65,73,195;82434,82435,82436,82437,82438
ABDN;20200728;7;37;37;A073A127,7;TSF A73 Erlangen Erweiterung 1.BA;3;A73;127,673;127,857;;;Nürnberg;Süd/ West;AS 28 Forchheim-Süd;AS 29 Baiersdorf-Nord;6;3192071;12469;7;;;1;102;82444
ABDN;20200728;7;37;37;A073A127,8;TSF A73 Erlangen Erweiterung 1.BA;4;A73;127,857;127,969;;;Nürnberg;Süd/ West;AS 28 Forchheim-Süd;AS 29 Baiersdorf-Nord;6;3192071;12469;7;;;1;103;82445
ABDN;20200728;7;37;37;A073A128,0;TSF A73 Erlangen Erweiterung 1.BA;5;A73;127,969;128,092;;;Nürnberg;Süd/ West;AS 28 Forchheim-Süd;AS 29 Baiersdorf-Nord;6;3192071;12469;7;;;1;104;82446
ABDN;20200728;7;37;37;A073A128,1;TSF A73 Erlangen Erweiterung 1.BA;6;A73;128,092;128,238;;;Nürnberg;Süd/ West;AS 28 Forchheim-Süd;AS 29 Baiersdorf-Nord;6;3192079;12469;15;;;1;100;82512
ABDN;20200728;7;37;37;A073A128,2;TSF A73 Erlangen Erweiterung 1.BA;7;A73;128,238;128,389;;;Nürnberg;Süd/ West;AS 28 Forchheim-Süd;AS 29 Baiersdorf-Nord;6;3192079;12469;15;;;1;101;82513
ABDN;20200728;7;37;37;A073A128,3;TSF A73 Erlangen Erweiterung 1.BA;8;A73;128,389;128,548;;;Nürnberg;Süd/ West;AS 28 Forchheim-Süd;AS 29 Baiersdorf-Nord;6;3192079;12469;15;;;1;102;82514
ABDN;20200728;7;37;37;A073A128,4;TSF A73 Erlangen Erweiterung 1.BA;;A73;128,43;;;;Nürnberg;Süd/ West;AS 28 Forchheim-Süd;AS 29 Baiersdorf-Nord;4;3192079;12469;15;;;3;41,42,193;82448,82449,82450
ABDN;20200728;7;37;37;A073A128,4;TSF A73 Erlangen Erweiterung 1.BA;;A73;128,35;;;;Nürnberg;Süd/ West;AS 28 Forchheim-Süd;AS 29 Baiersdorf-Nord;6;3192079;12469;15;;;4;1,2,3,193;82451,82452,82453,82517
ABDN;20200728;7;37;37;A073A128,5;TSF A73 Erlangen Erweiterung 1.BA;9;A73;128,548;128,748;;;Nürnberg;Süd/ West;AS 28 Forchheim-Süd;AS 29 Baiersdorf-Nord;6;3192079;12469;15;;;1;103;82515
ABDN;20200728;7;37;37;A073A128,7;TSF A73 Erlangen Erweiterung 1.BA;10;A73;128,748;128,95;;;Nürnberg;Süd/ West;AS 28 Forchheim-Süd;AS 29 Baiersdorf-Nord;6;3192079;12469;15;;;1;104;82516
ABDN;20200728;7;37;37;A073A128,9;TSF A73 Erlangen Erweiterung 1.BA;11;A73;128,95;129,113;;;Nürnberg;Süd/ West;AS 28 Forchheim-Süd;AS 29 Baiersdorf-Nord;6;3192087;12469;23;;;1;100;82528
ABDN;20200728;7;37;37;A073A129,0;TSF A73 Erlangen Erweiterung 1.BA;12;A73;128,98;129,195;;;Nürnberg;Süd/ West;AS 28 Forchheim-Süd;AS 29 Baiersdorf-Nord;6;3192087;12469;23;;;1;101;82529
ABDN;20200728;7;37;37;A073A129,1;TSF A73 Erlangen Erweiterung 1.BA;13;A73;129,113;129,27;;;Nürnberg;Süd/ West;AS 28 Forchheim-Süd;AS 29 Baiersdorf-Nord;6;3192087;12469;23;;;1;102;82530
ABDN;20200728;7;37;37;A073A129,2;TSF A73 Erlangen Erweiterung 1.BA;;A73;129,23;;;;Nürnberg;Süd/ West;AS 28 Forchheim-Süd;AS 29 Baiersdorf-Nord;4;3192087;12469;23;;;5;37,45,161,163,193;82520,82521,82522,82523,82524
ABDN;20200728;7;37;37;A073A129,2;TSF A73 Erlangen Erweiterung 1.BA;;A73;129,23;;;;Nürnberg;Süd/ West;AS 28 Forchheim-Süd;AS 29 Baiersdorf-Nord;3;3192087;12469;23;;;2;1,193;82518,82519
ABDN;20200728;7;37;37;A073A129,2;TSF A73 Erlangen Erweiterung 1.BA;;A73;129,2;;;;Nürnberg;Süd/ West;AS 28 Forchheim-Süd;AS 29 Baiersdorf-Nord;6;3192087;12469;23;;;4;1,2,3,193;82525,82526,82527,82591
ABDN;20200728;7;37;37;A073A129,3;TSF A73 Erlangen Erweiterung 1.BA;14;A73;129,27;129,465;;;Nürnberg;Süd/ West;AS 28 Forchheim-Süd;AS 29 Baiersdorf-Nord;6;3192087;12469;23;;;1;103;82531
ABDN;20200728;7;37;37;A073A129,3;TSF A73 Erlangen Erweiterung 1.BA;A073 A129,3;A73;129,253;;Bamberg;Nürnberg;Nürnberg/Feucht;Süd/ West;AS 29 Baiersdorf-Nord;;1;3191810;12468;2;49,67691262;11,05005652;1;121;82323
ABDN;20200728;7;37;37;A073A129,3;TSF A73 Erlangen Erweiterung 1.BA;A073 A129,3;A73;129,253;;Bamberg;Forchheim;Nürnberg/Feucht;Süd/ West;AS 29 Baiersdorf-Nord;;1;3191810;12468;2;49,67713527;11,04954566;1;98;82329
ABDN;20200728;7;37;37;A073A129,3;NBA N-SW;A073 A129,3;A73;129,253;;Bamberg;Nürnberg;Nürnberg/Feucht;Süd/ West;AS 29 Baiersdorf-Nord;;1;3191810;12468;2;49,67691262;11,05005652;2;33,34;82324,82325
ABDN;20200728;7;37;37;A073A129,3;NBA N-SW;A073 A129,3;A73;129,253;;Bamberg;Forchheim;Nürnberg/Feucht;Süd/ West;AS 29 Baiersdorf-Nord;;1;3191810;12468;2;49,67713527;11,04954566;1;97;82328
ABDN;20200728;7;37;37;A073A129,3;NBA N-SW;A073 A129,3;A73;129,253;;Forchheim;Nürnberg;Nürnberg/Feucht;Süd/ West;AS 29 Baiersdorf-Nord;;1;3191810;12468;2;49,67709854;11,04951875;1;161;82331
ABDN;20200728;7;37;37;A073A129,4;TSF A73 Erlangen Erweiterung 1.BA;15;A73;129,465;129,576;;;Nürnberg;Süd/ West;AS 28 Forchheim-Süd;AS 29 Baiersdorf-Nord;6;3192087;12469;23;;;1;104;82590
ABDN;20200728;7;37;37;A073A129,5;SSN A73 Erlangen;16;A73;129,576;129,794;;;;Süd/ West;AS 29 Baiersdorf-Nord;AS 30 Möhrendorf;6;3191602;12467;50;49,67453262;11,04838577;1;100;82254
ABDN;20200728;7;37;37;A073A129,6;SSN A73 Erlangen;;A73;129,679;;;;;Süd/ West;AS 29 Baiersdorf-Nord;AS 30 Möhrendorf;3;3191602;12467;50;49,67342872;11,04761588;1;193;82108
ABDN;20200728;7;37;37;A073A129,6;SSN A73 Erlangen;;A73;129,644;;;;;Süd/ West;AS 29 Baiersdorf-Nord;AS 30 Möhrendorf;6;3191602;12467;50;49,67371358;11,04775291;4;1,2,3,193;82251,82252,82253,82259
ABDN;20200728;7;37;37;A073A129,6;SSN A73 Erlangen;;A73;129,679;;;;;Süd/ West;AS 29 Baiersdorf-Nord;AS 30 Möhrendorf;1;3191602;12467;50;49,67342872;11,04761588;4;33,34,121,193;82103,82104,82105,82106
ABDN;20200728;7;37;37;A073A129,6a;SSN A73 Erlangen;;A73;129,679;;;;;Süd/ West;AS 29 Baiersdorf-Nord;AS 30 Möhrendorf;4;3191602;12467;50;49,67342872;11,04761588;7;37,45,68,76,161,163,193;82109,82165,82166,82167,82168,82244,82245
ABDN;20200728;7;37;37;A073A129,6a;SSN A73 Erlangen;;A73;129,679;;;;;Süd/ West;AS 29 Baiersdorf-Nord;AS 30 Möhrendorf;3;3191602;12467;50;49,67342872;11,04761588;1;1;82107
ABDN;20200728;7;37;37;A073A129,6b;SSN A73 Erlangen;;A73;129,679;;;;;Süd/ West;AS 29 Baiersdorf-Nord;AS 30 Möhrendorf;4;3191602;12467;50;49,67342872;11,04761588;5;33,34,65,73,195;82246,82247,82248,82249,82250
ABDN;20200728;7;37;37;A073A129,7;SSN A73 Erlangen;17;A73;129,794;129,994;;;;Süd/ West;AS 29 Baiersdorf-Nord;AS 30 Möhrendorf;6;3191602;12467;50;49,67289435;11,04724619;1;101;82255
ABDN;20200728;7;37;37;A073A129,9;SSN A73 Erlangen;18;A73;129,994;130,194;;;;Süd/ West;AS 29 Baiersdorf-Nord;AS 30 Möhrendorf;6;3191602;12467;50;49,67125701;11,04610395;1;102;82256
ABDN;20200728;7;37;37;A073A130,1;SSN A73 Erlangen;19;A73;130,194;130,344;;;;Süd/ West;AS 29 Baiersdorf-Nord;AS 30 Möhrendorf;6;3191602;12467;50;49,66963444;11,04495114;1;103;82257
ABDN;20200728;7;37;37;A073A130,3;SSN A73 Erlangen;20;A73;130,344;130,594;;;;Süd/ West;AS 29 Baiersdorf-Nord;AS 30 Möhrendorf;6;3191602;12467;50;49,66841086;11,04407229;1;104;82258
ABDN;20200728;7;37;37;A073A130,5;SSN A73 Erlangen;21;A73;130,594;130,794;;;;Süd/ West;AS 29 Baiersdorf-Nord;AS 30 Möhrendorf;6;3191590;12467;38;49,66636851;11,04260508;1;100;82097
ABDN;20200728;7;37;37;A073A130,7;SSN A73 Erlangen;22;A73;130,794;130,994;;;;Süd/ West;AS 29 Baiersdorf-Nord;AS 30 Möhrendorf;6;3191590;12467;38;49,66474976;11,04144139;1;101;82098
ABDN;20200728;7;37;37;A073A130,9;SSN A73 Erlangen;;A73;130,884;;;;;Süd/ West;AS 29 Baiersdorf-Nord;AS 30 Möhrendorf;3;3191590;12467;38;49,66361307;11,04061792;1;193;80905
ABDN;20200728;7;37;37;A073A130,9;SSN A73 Erlangen;;A73;130,884;;;;;Süd/ West;AS 29 Baiersdorf-Nord;AS 30 Möhrendorf;6;3191590;12467;38;49,6637786;11,04068505;4;1,2,3,193;82094,82095,82096,82102
ABDN;20200728;7;37;37;A073A130,9;SSN A73 Erlangen;23;A73;130,994;131,194;;;;Süd/ West;AS 29 Baiersdorf-Nord;AS 30 Möhrendorf;6;3191590;12467;38;49,66307682;11,04023308;1;102;82099
ABDN;20200728;7;37;37;A073A130,9;SSN A73 Erlangen;;A73;130,884;;;;;Süd/ West;AS 29 Baiersdorf-Nord;AS 30 Möhrendorf;1;3191590;12467;38;49,66361307;11,04061792;4;33,34,121,193;80900,80901,80902,80903
ABDN;20200728;7;37;37;A073A130,9a;SSN A73 Erlangen;;A73;130,884;;;;;Süd/ West;AS 29 Baiersdorf-Nord;AS 30 Möhrendorf;4;3191590;12467;38;49,66361307;11,04061792;7;37,45,68,76,161,163,193;80906,80907,80908,80909,80910,80911,80912
ABDN;20200728;7;37;37;A073A130,9a;SSN A73 Erlangen;;A73;130,884;;;;;Süd/ West;AS 29 Baiersdorf-Nord;AS 30 Möhrendorf;3;3191590;12467;38;49,66361307;11,04061792;1;1;80904
ABDN;20200728;7;37;37;A073A130,9b;SSN A73 Erlangen;;A73;130,884;;;;;Süd/ West;AS 29 Baiersdorf-Nord;AS 30 Möhrendorf;4;3191590;12467;38;49,66361307;11,04061792;5;33,34,65,73,195;82089,82090,82091,82092,82093
ABDN;20200728;7;37;37;A073A131,1;SSN A73 Erlangen;24;A73;131,194;131,344;;;;Süd/ West;AS 29 Baiersdorf-Nord;AS 30 Möhrendorf;6;3191590;12467;38;49,66145651;11,03906789;1;103;82100
ABDN;20200728;7;37;37;A073A131,3;SSN A73 Erlangen;25;A73;131,344;131,594;;;;Süd/ West;AS 29 Baiersdorf-Nord;AS 30 Möhrendorf;6;3191590;12467;38;49,6602455;11,03819939;1;104;82101
ABDN;20200728;7;37;37;A073A131,5;SSN A73 Erlangen;26;A73;131,594;131,754;;;;Süd/ West;AS 29 Baiersdorf-Nord;AS 30 Möhrendorf;6;3191578;12467;26;49,65821886;11,03674307;1;100;80826
ABDN;20200728;7;37;37;A073A131,7;SSN A73 Erlangen;27;A73;131,754;131,906;;;;Süd/ West;AS 29 Baiersdorf-Nord;AS 30 Möhrendorf;6;3191578;12467;26;49,65692302;11,03581342;1;101;80893
ABDN;20200728;7;37;37;A073A131,9;SSN A73 Erlangen;28;A73;131,906;132,123;;;;Süd/ West;AS 29 Baiersdorf-Nord;AS 30 Möhrendorf;6;3191578;12467;26;49,65567725;11,03491781;1;102;80894
ABDN;20200728;7;37;37;A073A132,0;SSN A73 Erlangen;;A73;132,064;;;;;Süd/ West;AS 29 Baiersdorf-Nord;AS 30 Möhrendorf;3;3191578;12467;26;49,65401795;11,03368304;9;3,4,5,6,7,8,9,10,193;80807,80808,80809,80810,81904,82478,82479,82480,82481
ABDN;20200728;7;37;37;A073A132,0;SSN A73 Erlangen;;A73;132,064;;;;;Süd/ West;AS 29 Baiersdorf-Nord;AS 30 Möhrendorf;1;3191578;12467;26;49,65401795;11,03368304;4;33,34,121,193;82473,82474,82475,82476
ABDN;20200728;7;37;37;A073A132,0;SSN A73 Erlangen;;A73;132,034;;;;;Süd/ West;AS 29 Baiersdorf-Nord;AS 30 Möhrendorf;6;3191578;12467;26;49,65429675;11,03383191;4;1,2,3,193;80823,80824,80825,80899
ABDN;20200728;7;37;37;A073A132,0a;SSN A73 Erlangen;;A73;132,064;;;;;Süd/ West;AS 29 Baiersdorf-Nord;AS 30 Möhrendorf;4;3191578;12467;26;49,65401795;11,03368304;7;37,45,68,76,161,163,193;80811,80812,80813,80814,80815,80816,80817
ABDN;20200728;7;37;37;A073A132,0a;SSN A73 Erlangen;;A73;132,064;;;;;Süd/ West;AS 29 Baiersdorf-Nord;AS 30 Möhrendorf;3;3191578;12467;26;49,65401795;11,03368304;1;1;82477
ABDN;20200728;7;37;37;A073A132,0b;SSN A73 Erlangen;;A73;132,064;;;;;Süd/ West;AS 29 Baiersdorf-Nord;AS 30 Möhrendorf;4;3191578;12467;26;49,65401795;11,03368304;5;33,34,65,73,195;80818,80819,80820,80821,80822
ABDN;20200728;7;37;37;A073A132,1;SSN A73 Erlangen;29;A73;132,123;132,244;;;;Süd/ West;AS 29 Baiersdorf-Nord;AS 30 Möhrendorf;6;3191578;12467;26;49,65396969;11,03364174;1;103;80895
ABDN;20200728;7;37;37;A073A132,2;SSN A73 Erlangen;30;A73;132,244;132,374;;;;Süd/ West;AS 29 Baiersdorf-Nord;AS 30 Möhrendorf;6;3191578;12467;26;49,65306004;11,03273257;1;104;80896
ABDN;20200728;7;37;37;A073A132,3;SSN A73 Erlangen;31;A73;132,374;132,529;;;;Süd/ West;AS 29 Baiersdorf-Nord;AS 30 Möhrendorf;6;3191578;12467;26;49,6522194;11,03148574;1;105;80897
ABDN;20200728;7;37;37;A073A132,5;SSN A73 Erlangen;32;A73;132,529;132,744;;;;Süd/ West;AS 29 Baiersdorf-Nord;AS 30 Möhrendorf;6;3191578;12467;26;49,65137385;11,02979132;1;106;80898
ABDN;20200728;7;37;37;A073A132,7;SSN A73 Erlangen;33;A73;132,744;132,964;;;;Süd/ West;AS 29 Baiersdorf-Nord;AS 30 Möhrendorf;6;3191565;12467;13;49,65024747;11,0273745;1;100;82409
ABDN;20200728;7;37;37;A073A132,9;SSN A73 Erlangen;34;A73;132,964;133,199;;;;Süd/ West;AS 29 Baiersdorf-Nord;AS 30 Möhrendorf;6;3191565;12467;13;49,64903248;11,0249817;1;101;82410
ABDN;20200728;7;37;37;A073A133,2;SSN A73 Erlangen;35;A73;133,199;133,443;;;;Süd/ West;AS 29 Baiersdorf-Nord;AS 30 Möhrendorf;6;3191565;12467;13;49,64749148;11,02268078;1;102;82411
ABDN;20200728;7;37;37;A073A133,4;SSN A73 Erlangen;;A73;133,364;;;;;Süd/ West;AS 29 Baiersdorf-Nord;AS 30 Möhrendorf;6;3191565;12467;13;49,64607434;11,02077739;4;1,2,3,193;82406,82407,82408,82413
ABDN;20200728;7;37;37;A073A133,4;SSN A73 Erlangen;;A73;133,394;;;;;Süd/ West;AS 29 Baiersdorf-Nord;AS 30 Möhrendorf;1;3191565;12467;13;49,64579936;11,02065381;4;33,34,121,193;81891,81892,81893,81894
ABDN;20200728;7;37;37;A073A133,4;SSN A73 Erlangen;;A73;133,394;;;;;Süd/ West;AS 29 Baiersdorf-Nord;AS 30 Möhrendorf;3;3191565;12467;13;49,64579936;11,02065381;1;193;81896
ABDN;20200728;7;37;37;A073A133,4;SSN A73 Erlangen;36;A73;133,443;133,689;;;;Süd/ West;AS 29 Baiersdorf-Nord;AS 30 Möhrendorf;6;3191565;12467;13;49,64577236;11,0206219;1;103;82412
ABDN;20200728;7;37;37;A073A133,4a;SSN A73 Erlangen;;A73;133,394;;;;;Süd/ West;AS 29 Baiersdorf-Nord;AS 30 Möhrendorf;3;3191565;12467;13;49,64579936;11,02065381;1;1;81895
ABDN;20200728;7;37;37;A073A133,4a;SSN A73 Erlangen;;A73;133,394;;;;;Süd/ West;AS 29 Baiersdorf-Nord;AS 30 Möhrendorf;4;3191565;12467;13;49,64579936;11,02065381;7;37,45,68,76,161,163,193;81897,81898,81899,81900,81901,81902,81903
ABDN;20200728;7;37;37;A073A133,4b;SSN A73 Erlangen;;A73;133,394;;;;;Süd/ West;AS 29 Baiersdorf-Nord;AS 30 Möhrendorf;4;3191565;12467;13;49,64579936;11,02065381;5;33,34,65,73,195;82401,82402,82403,82404,82405
ABDN;20200728;7;37;37;A073A133,6;SSN A73 Erlangen;37;A73;133,689;133,854;;;;Süd/ West;AS 29 Baiersdorf-Nord;AS 30 Möhrendorf;6;3191562;12467;10;49,64400899;11,01855609;1;100;81887
ABDN;20200728;7;37;37;A073A133,6;SSN A73 Erlangen;;A73;133,646;;;;;Süd/ West;AS 29 Baiersdorf-Nord;AS 30 Möhrendorf;4;3191562;12467;10;49,64410543;11,01857647;1;193;81821
ABDN;20200728;7;37;37;A073A133,6;SSN A73 Erlangen;;A73;133,646;;;;;Süd/ West;AS 29 Baiersdorf-Nord;AS 30 Möhrendorf;4;3191562;12467;10;49,64394459;11,01848117;2;41,42;81819,81820
ABDN;20200728;7;37;37;A073A133,6;SSN A73 Erlangen;;A73;133,634;;;;;Süd/ West;AS 29 Baiersdorf-Nord;AS 30 Möhrendorf;6;3191562;12467;10;49,64410543;11,01857647;4;1,2,3,193;81884,81885,81886,81890
ABDN;20200728;7;37;37;A073A133,8;SSN A73 Erlangen;38;A73;133,854;134,024;;;;Süd/ West;AS 29 Baiersdorf-Nord;AS 30 Möhrendorf;6;3191562;12467;10;49,64283063;11,01717927;1;101;81888
ABDN;20200728;7;37;37;A073A134,0;SSN A73 Erlangen;39;A73;134,024;134,194;;;;Süd/ West;AS 29 Baiersdorf-Nord;AS 30 Möhrendorf;6;3191562;12467;10;49,64158931;11,01573714;1;102;81889
ABDN;20200728;7;37;37;A073A134,1;SSN A73 Erlangen;40;A73;134,194;134,454;;;;Süd/ West;AS 30 Möhrendorf;;6;3191554;12467;2;49,63830636;11,01235588;1;100;83036
ABDN;20200728;7;37;37;A073A134,4;SSN A73 Erlangen;;A73;134,404;;;;;Süd/ West;AS 30 Möhrendorf;;1;3191554;12467;2;49,63830636;11,01235588;4;33,34,121,193;82958,82959,82960,82961
ABDN;20200728;7;37;37;A073A134,4;SSN A73 Erlangen;;A73;134,404;;;;;Süd/ West;AS 30 Möhrendorf;;3;3191554;12467;2;49,63830636;11,01235588;1;193;82963
ABDN;20200728;7;37;37;A073A134,4;SSN A73 Erlangen;;A73;134,407;;;;;Süd/ West;AS 30 Möhrendorf;;6;3191554;12467;2;49,63840811;11,01241714;4;1,2,3,193;83033,83034,83035,83039
ABDN;20200728;7;37;37;A073A134,4;SSN A73 Erlangen;41;A73;134,454;134,645;;;;Süd/ West;AS 30 Möhrendorf;;6;3191554;12467;2;49,64038062;11,01432238;1;101;83037
ABDN;20200728;7;37;37;A073A134,4a;SSN A73 Erlangen;;A73;134,404;;;;;Süd/ West;AS 30 Möhrendorf;;3;3191554;12467;2;49,63830636;11,01235588;1;1;82962
ABDN;20200728;7;37;37;A073A134,4a;SSN A73 Erlangen;;A73;134,404;;;;;Süd/ West;AS 30 Möhrendorf;;4;3191554;12467;2;49,63830636;11,01235588;7;37,45,68,76,161,163,193;83021,83022,83023,83024,83025,83026,83027
ABDN;20200728;7;37;37;A073A134,4b;SSN A73 Erlangen;;A73;134,404;;;;;Süd/ West;AS 30 Möhrendorf;;4;3191554;12467;2;49,63830636;11,01235588;5;33,34,65,73,195;83028,83029,83030,83031,83032
ABDN;20200728;7;37;37;A073A134,5;TSF A73 Erlangen Erweiterung 2.BA;A073 A134,5;A73;134,441;;Bamberg;Forchheim;Bamberg;Süd/ West;AS 30 Möhrendorf;;1;3191553;12467;1;49,6381554;11,01204306;1;97;82953
ABDN;20200728;7;37;37;A073A134,5;TSF A73 Erlangen Erweiterung 2.BA;A073 A134,5;A73;134,441;;Forchheim;Nürnberg;Bamberg;Süd/ West;AS 30 Möhrendorf;;1;3191553;12467;1;49,63676139;11,01053324;1;161;82955
ABDN;20200728;7;37;37;A073A134,5;TSF A73 Erlangen Erweiterung 2.BA;A073 A134,5;A73;134,441;;Bamberg;Nürnberg;Bamberg;Süd/ West;AS 30 Möhrendorf;;1;3191553;12467;1;49,63807842;11,01217332;3;33,34,121;82949,82950,82951
ABDN;20200728;7;37;37;A073A134,6;SSN A73 Erlangen;42;A73;134,645;134,794;;;;Süd/ West;AS 30 Möhrendorf;;6;3191554;12467;2;49,63686575;11,01110446;1;102;83038
ABDN;20200728;7;37;37;A073A134,8;SSN A73 Erlangen;43;A73;134,794;134,934;;;;Süd/ West;AS 30 Möhrendorf;AS 31 Erlangen-Nord;6;3191324;12466;28;49,62466937;11,00653207;1;100;82880
ABDN;20200728;7;37;37;A073A134,9;SSN A73 Erlangen;44;A73;134,934;135,074;;;;Süd/ West;AS 30 Möhrendorf;AS 31 Erlangen-Nord;6;3191324;12466;28;49,62466937;11,00653207;1;101;82881
ABDN;20200728;7;37;37;A073A135,0;SSN A73 Erlangen;45;A73;135,074;135,279;;;;Süd/ West;AS 30 Möhrendorf;AS 31 Erlangen-Nord;6;3191324;12466;28;49,62466937;11,00653207;1;102;82882
ABDN;20200728;7;37;37;A073A135,1;SSN A73 Erlangen;;A73;135,149;;;;;Süd/ West;AS 30 Möhrendorf;AS 31 Erlangen-Nord;1;3191324;12466;28;49,63213815;11,0087965;4;33,34,121,193;82793,82794,82795,82796
ABDN;20200728;7;37;37;A073A135,1;SSN A73 Erlangen;;A73;135,149;;;;;Süd/ West;AS 30 Möhrendorf;AS 31 Erlangen-Nord;3;3191324;12466;28;49,63213815;11,0087965;9;3,4,5,6,7,8,9,10,193;82798,82799,82800,82801,82802,82803,82804,82805,82806
ABDN;20200728;7;37;37;A073A135,1;SSN A73 Erlangen;;A73;135,134;;;;;Süd/ West;AS 30 Möhrendorf;AS 31 Erlangen-Nord;6;3191324;12466;28;49,63227308;11,00879297;4;1,2,3,193;82877,82878,82879,82945
ABDN;20200728;7;37;37;A073A135,1a;SSN A73 Erlangen;;A73;135,149;;;;;Süd/ West;AS 30 Möhrendorf;AS 31 Erlangen-Nord;4;3191324;12466;28;49,63213815;11,0087965;7;37,45,68,76,161,163,193;82807,82808,82867,82868,82869,82870,82871
ABDN;20200728;7;37;37;A073A135,1a;SSN A73 Erlangen;;A73;135,149;;;;;Süd/ West;AS 30 Möhrendorf;AS 31 Erlangen-Nord;3;3191324;12466;28;49,63213815;11,0087965;1;1;82797
ABDN;20200728;7;37;37;A073A135,1b;SSN A73 Erlangen;;A73;135,149;;;;;Süd/ West;AS 30 Möhrendorf;AS 31 Erlangen-Nord;4;3191324;12466;28;49,63213815;11,0087965;5;33,34,65,73,195;82872,82873,82874,82875,82876
ABDN;20200728;7;37;37;A073A135,2;SSN A73 Erlangen;46;A73;135,279;135,484;;;;Süd/ West;AS 30 Möhrendorf;AS 31 Erlangen-Nord;6;3191324;12466;28;49,62348164;11,00550744;1;103;82883
ABDN;20200728;7;37;37;A073A135,4;SSN A73 Erlangen;47;A73;135,484;135,689;;;;Süd/ West;AS 30 Möhrendorf;AS 31 Erlangen-Nord;6;3191324;12466;28;49,62042348;11,00261325;1;104;82884
ABDN;20200728;7;37;37;A073A135,6;SSN A73 Erlangen;48;A73;135,689;135,804;;;;Süd/ West;AS 30 Möhrendorf;AS 31 Erlangen-Nord;6;3191324;12466;28;49,61883476;11,00174465;1;105;82885
ABDN;20200728;7;37;37;A073A135,7;SSN A73 Erlangen;49;A73;135,804;136,044;;;;Süd/ West;AS 30 Möhrendorf;AS 31 Erlangen-Nord;6;3191324;12466;28;49,62169809;11,0037095;1;106;82944
ABDN;20200728;7;37;37;A073A136,0a;SSN A73 Erlangen;51;A73;135,944;135,704;;;;Süd/ West;AS 30 Möhrendorf;AS 31 Erlangen-Nord;6;3191312;12466;16;49,62466937;11,00653207;1;100;82727
ABDN;20200728;7;37;37;A073A136,0b;SSN A73 Erlangen;50;A73;136,044;136,204;;;;Süd/ West;AS 30 Möhrendorf;AS 31 Erlangen-Nord;6;3191312;12466;16;49,62466937;11,00653207;1;101;82728
ABDN;20200728;7;37;37;A073A136,2a;SSN A73 Erlangen;53;A73;136,104;135,944;;;;Süd/ West;AS 30 Möhrendorf;AS 31 Erlangen-Nord;6;3191312;12466;16;49,62348164;11,00550744;1;102;82729
ABDN;20200728;7;37;37;A073A136,2b;SSN A73 Erlangen;52;A73;136,204;136,439;;;;Süd/ West;AS 30 Möhrendorf;AS 31 Erlangen-Nord;6;3191312;12466;16;49,62348164;11,00550744;1;103;82788
ABDN;20200728;7;37;37;A073A136,4;SSN A73 Erlangen;;A73;136,359;;;;;Süd/ West;AS 30 Möhrendorf;AS 31 Erlangen-Nord;6;3191312;12466;16;49,62194982;11,00393671;4;1,2,3,193;82724,82725,82726,82792
ABDN;20200728;7;37;37;A073A136,4;SSN A73 Erlangen;;A73;136,389;;;;;Süd/ West;AS 30 Möhrendorf;AS 31 Erlangen-Nord;1;3191312;12466;16;49,62171327;11,00375784;4;33,34,121,193;82644,82645,82646,82647
ABDN;20200728;7;37;37;A073A136,4;SSN A73 Erlangen;;A73;136,389;;;;;Süd/ West;AS 30 Möhrendorf;AS 31 Erlangen-Nord;3;3191312;12466;16;49,62171327;11,00375784;1;193;82711
ABDN;20200728;7;37;37;A073A136,4;SSN A73 Erlangen;54;A73;136,439;136,594;;;;Süd/ West;AS 30 Möhrendorf;AS 31 Erlangen-Nord;6;3191312;12466;16;49,62194982;11,00393671;1;104;82789
ABDN;20200728;7;37;37;A073A136,4a;SSN A73 Erlangen;;A73;136,389;;;;;Süd/ West;AS 30 Möhrendorf;AS 31 Erlangen-Nord;4;3191312;12466;16;49,62171327;11,00375784;7;37,45,68,76,161,163,193;82712,82713,82714,82715,82716,82717,82718
ABDN;20200728;7;37;37;A073A136,4a;SSN A73 Erlangen;;A73;136,389;;;;;Süd/ West;AS 30 Möhrendorf;AS 31 Erlangen-Nord;3;3191312;12466;16;49,62171327;11,00375784;1;1;82710
ABDN;20200728;7;37;37;A073A136,4b;SSN A73 Erlangen;;A73;136,389;;;;;Süd/ West;AS 30 Möhrendorf;AS 31 Erlangen-Nord;4;3191312;12466;16;49,62171327;11,00375784;5;33,34,65,73,195;82719,82720,82721,82722,82723
ABDN;20200728;7;37;37;A073A136,6;SSN A73 Erlangen;55;A73;136,594;136,794;;;;Süd/ West;AS 30 Möhrendorf;AS 31 Erlangen-Nord;6;3191312;12466;16;49,62042348;11,00261325;1;105;82790
ABDN;20200728;7;37;37;A073A136,7;SSN A73 Erlangen;56;A73;136,794;136,969;;;;Süd/ West;AS 30 Möhrendorf;AS 31 Erlangen-Nord;6;3191312;12466;16;49,61883476;11,00174465;1;106;82791
ABDN;20200728;7;37;37;A073A136,9;SSN A73 Erlangen;57;A73;136,969;137,029;;;;Süd/ West;AS 30 Möhrendorf;AS 31 Erlangen-Nord;6;3191303;12466;7;49,61720208;11,00136674;1;100;82638
ABDN;20200728;7;37;37;A073A137,0;SSN A73 Erlangen;58;A73;137,029;137,144;;;;Süd/ West;AS 30 Möhrendorf;AS 31 Erlangen-Nord;6;3191303;12466;7;49,61720208;11,00136674;1;101;82639
ABDN;20200728;7;37;37;A073A137,1;SSN A73 Erlangen;59;A73;137,144;137,294;;;;Süd/ West;AS 30 Möhrendorf;AS 31 Erlangen-Nord;6;3191303;12466;7;49,61565923;11,00106472;1;102;82640
ABDN;20200728;7;37;37;A073A137,2;SSN A73 Erlangen;;A73;137,244;;;;;Süd/ West;AS 30 Möhrendorf;AS 31 Erlangen-Nord;4;3191303;12466;7;49,61435993;11,00075438;2;41,42;82632,82633
ABDN;20200728;7;37;37;A073A137,2;SSN A73 Erlangen;;A73;137,244;;;;;Süd/ West;AS 30 Möhrendorf;AS 31 Erlangen-Nord;4;3191303;12466;7;49,61443975;11,00064723;1;193;82634
ABDN;20200728;7;37;37;A073A137,2;SSN A73 Erlangen;;A73;137,244;;;;;Süd/ West;AS 30 Möhrendorf;AS 31 Erlangen-Nord;6;3191303;12466;7;49,61443975;11,00064723;4;1,2,3,193;82635,82636,82637,82643
ABDN;20200728;7;37;37;A073A137,2;SSN A73 Erlangen;60;A73;137,294;137,444;;;;Süd/ West;AS 30 Möhrendorf;AS 31 Erlangen-Nord;6;3191303;12466;7;49,61435993;11,00075438;1;103;82641
ABDN;20200728;7;37;37;A073A137,4;SSN A73 Erlangen;61;A73;137,444;137,644;;;;Süd/ West;AS 30 Möhrendorf;AS 31 Erlangen-Nord;6;3191303;12466;7;49,61298061;11,00007627;1;104;82642
ABDN;20200728;7;37;37;A073A137,6;SSN A73 Erlangen;;A73;137,594;;;;;Süd/ West;AS 30 Möhrendorf;AS 31 Erlangen-Nord;1;3191299;12466;3;49,61143614;10,99882805;4;33,34,121,193;82488,82489,82490,82491
ABDN;20200728;7;37;37;A073A137,6;SSN A73 Erlangen;;A73;137,594;;;;;Süd/ West;AS 30 Möhrendorf;AS 31 Erlangen-Nord;3;3191299;12466;3;49,61143614;10,99882805;5;4,8,9,10,193;82550,82554,82555,82556,82557
ABDN;20200728;7;37;37;A073A137,6;SSN A73 Erlangen;;A73;137,594;;;;;Süd/ West;AS 30 Möhrendorf;AS 31 Erlangen-Nord;6;3191299;12466;3;49,61161884;10,99883669;4;1,2,3,193;82627,82628,82629,82631
ABDN;20200728;7;37;37;A073A137,6;SSN A73 Erlangen;;A73;137,604;;;;;Süd/ West;AS 30 Möhrendorf;AS 31 Erlangen-Nord;3;3191299;12466;3;49,61143614;10,99882805;4;3,5,6,7;82493,82551,82552,82553
ABDN;20200728;7;37;37;A073A137,6;SSN A73 Erlangen;62;A73;137,644;137,912;;;;Süd/ West;AS 30 Möhrendorf;AS 31 Erlangen-Nord;6;3191299;12466;3;49,61143614;10,99882805;1;100;82630
ABDN;20200728;7;37;37;A073A137,6a;SSN A73 Erlangen;;A73;137,594;;;;;Süd/ West;AS 30 Möhrendorf;AS 31 Erlangen-Nord;3;3191299;12466;3;49,61143614;10,99882805;1;1;82492
ABDN;20200728;7;37;37;A073A137,6a;SSN A73 Erlangen;;A73;137,594;;;;;Süd/ West;AS 30 Möhrendorf;AS 31 Erlangen-Nord;4;3191299;12466;3;49,61143614;10,99882805;7;37,45,68,76,161,163,193;82558,82559,82560,82561,82562,82563,82564
ABDN;20200728;7;37;37;A073A137,6b;SSN A73 Erlangen;;A73;137,594;;;;;Süd/ West;AS 30 Möhrendorf;AS 31 Erlangen-Nord;4;3191299;12466;3;49,61143614;10,99882805;5;33,34,65,73,195;82565,82566,82567,82568,82569
ABDN;20200728;7;37;37;A073A137,8a;SSN A73 Erlangen;64;A73;137,812;137,544;;;;Süd/ West;AS 31 Erlangen-Nord;;6;3191296;12466;0;49,60909068;10,99824151;1;100;83581
ABDN;20200728;7;37;37;A073A137,8b;SSN A73 Erlangen;63;A73;137,912;138,114;;;;Süd/ West;AS 31 Erlangen-Nord;;6;3191296;12466;0;49,60909068;10,99824151;1;101;83582
ABDN;20200728;7;37;37;A073A138,0;TSF A73 Erlangen Erweiterung 2.BA;A073 A138,0;A73;138,064;;Erlangen;Nürnberg;Nürnberg/Feucht;Süd/ West;AS 31 Erlangen-Nord;;1;3191297;12466;1;49,60722585;10,99811659;1;161;82486
ABDN;20200728;7;37;37;A073A138,0;TSF A73 Erlangen Erweiterung 2.BA;A073 A138,0;A73;138,064;;Bamberg;Nürnberg;Nürnberg/Feucht;Süd/ West;AS 31 Erlangen-Nord;;1;3191297;12466;1;49,60724756;10,99829189;3;33,34,121;83649,83650,83651
ABDN;20200728;7;37;37;A073A138,0;TSF A73 Erlangen Erweiterung 2.BA;A073 A138,0;A73;138,064;;Bamberg;Erlangen;Nürnberg/Feucht;Süd/ West;AS 31 Erlangen-Nord;;1;3191297;12466;1;49,60726487;10,99810656;1;97;82484
ABDN;20200728;7;37;37;A073A138,0;SSN A73 Erlangen;67;A73;138,014;137,812;;;;Süd/ West;AS 31 Erlangen-Nord;;6;3191296;12466;0;49,60725141;10,99828238;1;102;83583
ABDN;20200728;7;37;37;A073A138,1;SSN A73 Erlangen;;A73;137,994;;;;;Süd/ West;AS 31 Erlangen-Nord;;1;3191296;12466;0;49,60725141;10,99828238;1;98;83803
ABDN;20200728;7;37;37;A073A138,1;SSN A73 Erlangen;;A73;138,044;;;;;Süd/ West;AS 31 Erlangen-Nord;;1;3191296;12466;0;49,60725141;10,99828238;1;97;83802
ABDN;20200728;7;37;37;A073A138,1;SSN A73 Erlangen;;A73;138,064;;;;;Süd/ West;AS 31 Erlangen-Nord;;1;3191296;12466;0;49,60725141;10,99828238;1;193;83804
ABDN;20200728;7;37;37;A073A138,1;SSN A73 Erlangen;;A73;138,064;;;;;Süd/ West;AS 31 Erlangen-Nord;;3;3191296;12466;0;49,60725141;10,99828238;2;1,193;83805,83806
ABDN;20200728;7;37;37;A073A138,1;SSN A73 Erlangen;;A73;138,064;;;;;Süd/ West;AS 31 Erlangen-Nord;;4;3191296;12466;0;49,60725141;10,99828238;8;37,45,161,161,163,163,193,193;83574,83575,83576,83577,83807,83808,83809,83810
ABDN;20200728;7;37;37;A073A138,1;SSN A73 Erlangen;;A73;138,064;;;;;Süd/ West;AS 31 Erlangen-Nord;;6;3191296;12466;0;49,60732769;10,99819316;4;1,2,3,193;83578,83579,83580,83645
ABDN;20200728;7;37;37;A073A138,1a;SSN A73 Erlangen;65;A73;138,13;138,23;;;;Süd/ West;AS 31 Erlangen-Nord;;6;3191296;12466;0;49,60725141;10,99828238;1;103;83584
ABDN;20200728;7;37;37;A073A138,1b;SSN A73 Erlangen;66;A73;138,114;138,394;;;;Süd/ West;AS 31 Erlangen-Nord;;6;3191296;12466;0;49,60717513;10,99725572;1;105;83643
ABDN;20200728;7;37;37;A073A138,1c;SSN A73 Erlangen;68;A73;138,114;138,344;;;;Süd/ West;AS 31 Erlangen-Nord;;6;3191296;12466;0;49,60473635;10,99825581;1;104;83585
ABDN;20200728;7;37;37;A073A138,3;SSN A73 Erlangen;69;A73;138,394;138,493;;;;Süd/ West;AS 31 Erlangen-Nord;;6;3191296;12466;0;49,60725141;10,99828238;1;106;83644
ABDN;20200728;7;37;37;A073A138,4;SSN A73 Erlangen;;A73;138,394;;;;;Süd/ West;AS 31 Erlangen-Nord;AS 32 Erlangen-Zentrum;6;3191055;12465;15;49,60441943;10,99812849;4;1,2,3,193;83798,83799,83800,83801
ABDN;20200728;7;37;37;A073A138,4;SSN A73 Erlangen;;A73;138,399;;;;;Süd/ West;AS 31 Erlangen-Nord;AS 32 Erlangen-Zentrum;4;3191055;12465;15;49,60441943;10,99812849;9;161,162,163,164,165,166,167,168,193;83733,83734,83735,83736,83737,83738,83739,83740,83797
ABDN;20200728;7;37;37;A073A139,8;NBA N-SW;A073 A139,8;A73;139,781;;Erlangen;Nürnberg;Nürnberg/Feucht;Süd/ West;AS 32 Erlangen-Zentrum;;1;3191041;12465;1;49,5921459;10,99606023;1;161;83728
ABDN;20200728;7;37;37;A073A139,8;NBA N-SW;A073 A139,8;A73;139,781;;Bamberg;Nürnberg;Nürnberg/Feucht;Süd/ West;AS 32 Erlangen-Zentrum;;6;3191041;12465;1;49,59200076;10,99674016;2;1,2;83731,83732
ABDN;20200728;7;37;37;A073A139,8;NBA N-SW;A073 A139,8;A73;139,781;;Bamberg;Nürnberg;Nürnberg/Feucht;Süd/ West;AS 32 Erlangen-Zentrum;;1;3191041;12465;1;49,59197327;10,99678331;2;33,34;83723,83724
ABDN;20200728;7;37;37;A073A139,8;NBA N-SW;A073 A139,8;A73;139,781;;Bamberg;Erlangen;Nürnberg/Feucht;Süd/ West;AS 32 Erlangen-Zentrum;;1;3191041;12465;1;49,59219624;10,99607422;2;97,98;83729,83730
ABDN;20200728;7;34;17;A073A140,2;DAUZ A71, A73, A3;A 073 A 140,2;A73;140,2;;Suhl;Lichtenfels;Lichtenfels;Süd/ West;AS 6 Eisfeld-Süd;;1;8977932;35070;12;;;2;33,34;81280,81281
ABDN;20200728;7;34;17;A073A140,2;DAUZ A71, A73, A3;A 073 A 140,2;A73;140,2;;Suhl;Lichtenfels;Lichtenfels;Süd/ West;AS 6 Eisfeld-Süd;;6;8977932;35070;12;;;3;1,2,3;81282,81283,81284
ABDN;20200728;7;34;17;A073A140,2;DAUZ A71, A73, A3;A 073 A 140,2;A73;140,2;;Lichtenfels;Suhl;Lichtenfels;Nord/ Ost;AS 6 Eisfeld-Süd;;1;8977932;35070;12;;;2;1,2;81278,81279
ABDN;20200728;7;37;37;A073A141,2;NBA N-SW;A073 A141,2;A73;141,196;;Bamberg;Erlangen;Nürnberg/Feucht;Süd/ West;AS 33 Erlangen-Bruck (B4);;1;3190552;12463;24;49,58121829;10,98739927;1;97;83658
ABDN;20200728;7;37;37;A073A141,2;NBA N-SW;A073 A141,2;A73;141,196;;Bamberg;Nürnberg;Nürnberg/Feucht;Süd/ West;AS 33 Erlangen-Bruck (B4);;1;3190552;12463;24;49,79327018;11,0262743;2;33,34;83654,83655
ABDN;20200728;7;37;37;A073A141,2;NBA N-SW;A073 A141,2;A73;141,196;;Bamberg;Nürnberg;Nürnberg/Feucht;Süd/ West;AS 33 Erlangen-Bruck (B4);;6;3190552;12463;24;49,58122478;10,98810032;2;1,2;83661,83662
ABDN;20200728;7;37;37;A073A141,2;NBA N-SW;A073 A141,2;A73;141,196;;Erlangen;Nürnberg;Nürnberg/Feucht;Süd/ West;AS 33 Erlangen-Bruck (B4);;1;3190552;12463;24;49,58118232;10,98738699;1;161;83660
ABDN;20200728;7;37;37;A073A143,3;NBA N-Wzbg. Umrüstung Mst.;A073 A143,3;A73;143,342;;Nürnberg;Bamberg;Nürnberg;Süd/ West;Kreuz Fürth/ Erlangen (A73 (34));;6;3190531;12463;3;49,56212516;10,99123265;2;1,2;83572,83573
ABDN;20200728;7;37;37;A073A143,3;NBA N-Wzbg. Umrüstung Mst.;A073 A143,3;A73;143,342;;Bamberg;Würzburg;Nürnberg;Süd/ West;Kreuz Fürth/ Erlangen (A73 (34));;1;3190531;12463;3;49,56306103;10,9911991;1;97;83568
ABDN;20200728;7;37;37;A073A143,3;NBA N-Wzbg. Umrüstung Mst.;A073 A143,3;A73;143,342;;Bamberg;Nürnberg;Nürnberg;Süd/ West;Kreuz Fürth/ Erlangen (A73 (34));;1;3190531;12463;3;49,56213464;10,99139573;1;113;83569
ABDN;20200728;7;37;37;A073A143,3;NBA N-Wzbg. Umrüstung Mst.;A073 A143,3;A73;143,342;;Bamberg;Nürnberg;Nürnberg;Süd/ West;Kreuz Fürth/ Erlangen (A73 (34));;1;3190531;12463;3;49,56306959;10,99142306;2;33,34;83566,83567
ABDN;20200728;7;37;37;A073A143,9;NBA N-Wzbg. Umrüstung Mst.;A073 A143,9;A73;143,942;;Würzburg;Nürnberg;Bamberg;Süd/ West;Kreuz Fürth/ Erlangen (A73 (34));;1;3190291;12462;19;49,55736801;10,99175996;1;161;83503
ABDN;20200728;7;37;37;A073A143,9;NBA N-Wzbg. Umrüstung Mst.;A073 A143,9;A73;143,942;;Nürnberg;Nürnberg;Bamberg;Süd/ West;Kreuz Fürth/ Erlangen (A73 (34));;1;3190291;12462;19;49,55723879;10,99195854;1;177;83504
ABDN;20200728;7;37;37;A073A143,9;NBA N-Wzbg. Umrüstung Mst.;A073 A143,9;A73;143,942;;Bamberg;Nürnberg;Bamberg;Süd/ West;Kreuz Fürth/ Erlangen (A73 (34));;1;3190291;12462;19;49,55724598;10,99210656;2;33,34;83499,83500
ABDN;20200728;7;24;6;A073A31,9;DZS 8+1;A 073 A 031,9;A73;31,892;;;;Bamberg;Nord/ Ost;AS (-) Erlangen-Bruck (B4);Kreuz Fürth/ Erlangen (A73 (83));1;3190534;12463;6;;;1;65;78912
ABDN;20200728;7;24;6;A073A31,9;DZS 8+1;A 073 A 031,9;A73;31,892;;;;Bamberg;Süd/ West;AS (-) Erlangen-Bruck (B4);Kreuz Fürth/ Erlangen (A73 (83));1;3190534;12463;6;;;1;97;78913
ABDN;20200728;7;24;6;A073A31,9;DZS 8+1;A 073 A 031,9;A73;31,892;;Bamberg;Nürnberg;Bamberg;Süd/ West;AS (-) Erlangen-Bruck (B4);Kreuz Fürth/ Erlangen (A73 (83));1;3190534;12463;6;49,56789217;10,99085937;1;33;78910
ABDN;20200728;7;24;6;A073A31,9;DZS 8+1;A 073 A 031,9;A73;31,892;;Nürnberg;Bamberg;Bamberg;Nord/ Ost;Kreuz Fürth/ Erlangen (A73 (83));AS (-) Erlangen-Bruck (B4);6;3190534;12463;6;49,56506879;10,99165125;1;1;78914
ABDN;20200728;7;24;6;A073A31,9;DZS 8+1;A 073 A 031,9;A73;31,892;;Nürnberg;Bamberg;Bamberg;Nord/ Ost;AS (-) Erlangen-Bruck (B4);Kreuz Fürth/ Erlangen (A73 (83));1;3190534;12463;6;49,56791564;10,99126466;1;2;78909
ABDN;20200728;7;24;6;A073A31,9;DZS 8+1;A 073 A 031,9;A73;31,892;;Nürnberg;Bamberg;Bamberg;Nord/ Ost;Kreuz Fürth/ Erlangen (A73 (83));AS (-) Erlangen-Bruck (B4);1;3190534;12463;6;49,56791564;10,99126466;1;1;78908
ABDN;20200728;7;24;6;A073A31,9;DZS 8+1;A 073 A 031,9;A73;31,892;;Bamberg;Nürnberg;Bamberg;Süd/ West;Kreuz Fürth/ Erlangen (A73 (83));AS (-) Erlangen-Bruck (B4);1;3190534;12463;6;49,56789217;10,99085937;1;34;78911
ABDN;20200728;7;34;17;A073B063,3;NBA N-SW;A 073 B 063,3;A73;63,297;;Bamberg;Nürnberg;Nürnberg/Feucht;Nord/ Ost;AS (-) Hirschaid;;6;3192611;12471;35;49,82379668;11,00888802;2;1,2;81780,81781
ABDN;20200728;7;34;17;A073B063,3;NBA N-SW;A 073 B 063,3;A73;63,297;;Bamberg;Nürnberg;Nürnberg/Feucht;Süd/ West;AS (-) Hirschaid;;1;3192611;12471;35;49,82519758;11,00869628;2;33,34;81716,81717
ABDN;20200728;7;34;17;A073B063,3;NBA N-SW;A 073 B 063,3;A73;63,297;;Bamberg;Hirschaid;Nürnberg/Feucht;Süd/ West;AS (-) Hirschaid;;1;3192611;12471;35;49,82502614;11,00802362;1;97;81778
ABDN;20200728;7;34;17;A073B063,3;NBA N-SW;A 073 B 063,3;A73;63,297;;Nürnberg;Bamberg;Nürnberg/Feucht;Nord/ Ost;AS (-) Hirschaid;;1;3192611;12471;35;49,82191337;11,00973215;2;1,2;81714,81715
ABDN;20200728;7;34;17;A073B063,3;NBA N-SW;A 073 B 063,3;A73;63,297;;Nürnberg;Seigendorf;Nürnberg/Feucht;Nord/ Ost;AS (-) Hirschaid;;1;3192611;12471;35;49,8221787;11,01048654;1;65;81718
ABDN;20200728;7;34;17;A073B063,3;NBA N-SW;A 073 B 063,3;A73;63,297;;Hirschaid;Nürnberg;Nürnberg/Feucht;Süd/ West;AS (-) Hirschaid;;1;3192611;12471;35;49,82500843;11,00803732;1;161;81779
ABDN;20200728;7;34;17;A073B063,3;NBA N-SW;A 073 B 063,3;A73;63,297;;Seigendorf;Bamberg;Nürnberg/Feucht;Nord/ Ost;AS (-) Hirschaid;;1;3192611;12471;35;49,82219967;11,01047069;1;129;81795
ABDN;20200728;7;34;17;A073B070,3;NBA N-SW;B 022 ? 210,9;B022;210,89;;Coburg;BAB A3;Nürnberg/Feucht;Süd/ West;AS (-) Bamberg-Süd;;1;5580032;21797;0;49,87175868;10,94579117;1;97;81789
ABDN;20200728;7;34;17;A073B070,3;NBA N-SW;B 022 ? 210,9;B022;210,89;;Coburg;Nürnberg;Nürnberg/Feucht;Nord/ Ost;AS (-) Bamberg-Süd;;6;5580032;21797;0;49,87079235;10,94943527;5;1,2,3,4,5;81792,81793,81794,81796,81797
ABDN;20200728;7;34;17;A073B070,3;NBA N-SW;B 022 ? 210,9;B022;210,89;;Coburg;Nürnberg;Nürnberg/Feucht;Süd/ West;AS (-) Bamberg-Süd;;1;5580032;21797;0;49,87108232;10,94974113;2;33,34;81784,81785
ABDN;20200728;7;34;17;A073B070,3;NBA N-SW;B 022 ? 210,9;B022;210,89;;Bamberg;Nürnberg;Nürnberg/Feucht;Süd/ West;AS (-) Bamberg-Süd;;1;5580032;21797;0;49,87101223;10,94627072;2;161,162;81790,81791
ABDN;20200728;7;34;17;A073B070,3;NBA N-SW;B 022 ? 210,9;B022;210,89;;Nürnberg;Coburg;Nürnberg/Feucht;Nord/ Ost;AS (-) Bamberg-Süd;;1;5580032;21797;0;49,87111203;10,95008537;2;1,2;81782,81783
ABDN;20200728;7;34;17;A073B070,3;NBA N-SW;B 022 ? 210,9;B022;210,89;;Nürnberg;Bamberg;Nürnberg/Feucht;Nord/ Ost;AS (-) Bamberg-Süd;;1;5580032;21797;0;49,87116261;10,94647616;2;65,66;81786,81787
ABDN;20200728;7;34;17;A073B070,3;NBA N-SW;B 022 ? 210,9;B022;210,89;;BAB A3;Coburg;Nürnberg/Feucht;Nord/ Ost;AS (-) Bamberg-Süd;;1;5580032;21797;0;49,87184315;10,94590741;1;129;81788
ABDN;20200728;7;34;17;A073B076,3;NBA N-SW;A 073 B 076,3;A73;76,343;;Coburg;Bamberg;Nürnberg/Feucht;Süd/ West;AS (-) Memmelsdorf;;1;3193601;12475;1;49,92149555;10,92712226;1;97;81464
ABDN;20200728;7;34;17;A073B076,3;NBA N-SW;A 073 B 076,3;A73;76,343;;Coburg;Nürnberg;Nürnberg/Feucht;Nord/ Ost;AS (-) Memmelsdorf;;6;3193601;12475;1;49,92107433;10,92824639;2;1,2;81466,81467
ABDN;20200728;7;34;17;A073B076,3;NBA N-SW;A 073 B 076,3;A73;76,343;;Coburg;Nürnberg;Nürnberg/Feucht;Süd/ West;AS (-) Memmelsdorf;;1;3193601;12475;1;49,92174674;10,9272305;2;33,34;81460,81461
ABDN;20200728;7;34;17;A073B076,3;NBA N-SW;A 073 B 076,3;A73;76,343;;Bamberg;Nürnberg;Nürnberg/Feucht;Süd/ West;AS (-) Memmelsdorf;;1;3193601;12475;1;49,92147781;10,92715735;1;161;81465
ABDN;20200728;7;34;17;A073B076,3;NBA N-SW;A 073 B 076,3;A73;76,343;;Nürnberg;Coburg;Nürnberg/Feucht;Nord/ Ost;AS (-) Memmelsdorf;;1;3193601;12475;1;49,92005248;10,93050198;2;1,2;81458,81459
ABDN;20200728;7;34;17;A073B076,3;NBA N-SW;A 073 B 076,3;A73;76,343;;Nürnberg;Scheßlitz;Nürnberg/Feucht;Nord/ Ost;AS (-) Memmelsdorf;;1;3193601;12475;1;49,92026808;10,93068564;1;65;81462
ABDN;20200728;7;34;17;A073B076,3;NBA N-SW;A 073 B 076,3;A73;76,343;;Scheßlitz;Coburg;Nürnberg/Feucht;Nord/ Ost;AS (-) Memmelsdorf;;1;3193601;12475;1;49,92029346;10,93062747;1;129;81463
ABDN;20200728;7;34;17;A073B078,4;DZS 8+1;B 173 A 000,8;A73;78,36;;Coburg;Bamberg;Coburg;Süd/ West;Breitengüßbach (B173);(-) Kreuz Bamberg (A70 (17)/ B505/ B173);1;5393666;21069;2;49,93515226;10,9108212;2;33,34;81470,81471
ABDN;20200728;7;34;17;A073B078,4;DZS 8+1;B 173 A 000,8;A73;78,36;;Bamberg;Coburg;Coburg;Nord/ Ost;(-) Kreuz Bamberg (A70 (17)/ B505/ B173);Breitengüßbach (B173);1;5393666;21069;2;49,93527506;10,91109128;2;1,2;81468,81469
ABDN;20200728;7;34;17;A073B078,4;DZS 8+1;B 173 A 000,8;A73;78,36;;Bamberg;Coburg;Coburg;Süd/ West;(-) Kreuz Bamberg (A70 (17)/ B505/ B173);Breitengüßbach (B173);6;5393666;21069;2;49,93524187;10,911157;1;1;81533
ABDN;20200728;7;34;17;A073B109,4;DAUZ A73;A 073 B 109,4;A73;109,4;;Nürnberg;Coburg;Nürnberg/Feucht;Nord/ Ost;AS (-) Untersiemau;;1;5936128;23188;0;;;2;1,2;81206,81268
ABDN;20200728;7;34;17;A073B109,4;DAUZ A73;A 073 B 109,4;A73;109,4;;B289;Coburg;Nürnberg/Feucht;Nord/ Ost;AS (-) Untersiemau;;1;5936128;23188;0;;;1;129;81272
ABDN;20200728;7;34;17;A073B109,4;DAUZ A73;A 073 B 109,4;A73;109,4;;B289;Nürnberg;Nürnberg/Feucht;Süd/ West;AS (-) Untersiemau;;1;5936128;23188;0;;;1;161;81274
ABDN;20200728;7;34;17;A073B109,4;DAUZ A73;A 073 B 109,4;A73;109,4;;Coburg;B289;Nürnberg/Feucht;Süd/ West;AS (-) Untersiemau;;1;5936128;23188;0;;;1;97;81273
ABDN;20200728;7;34;17;A073B109,4;DAUZ A73;A 073 B 109,4;A73;109,4;;Coburg;Nürnberg;Nürnberg/Feucht;Nord/ Ost;AS (-) Untersiemau;;6;5936128;23188;0;;;3;1,2,3;81275,81276,81277
ABDN;20200728;7;34;17;A073B109,4;DAUZ A73;A 073 B 109,4;A73;109,4;;Coburg;Nürnberg;Nürnberg/Feucht;Süd/ West;AS (-) Untersiemau;;1;5936128;23188;0;;;2;33,34;81269,81270
ABDN;20200728;7;34;17;A073B109,4;DAUZ A73;A 073 B 109,4;A73;109,4;;Nürnberg;B289;Nürnberg/Feucht;Nord/ Ost;AS (-) Untersiemau;;1;5936128;23188;0;;;1;65;81271
ABDN;20200728;7;37;37;A073B122,0;NBA N-SW;A073 B122,0;A73;122,022;;Nürnberg;Bamberg;Bamberg;Nord/ Ost;AS 27 Forchheim-Nord;;1;3192322;12470;2;49,73831392;11,05439569;2;1,2;82397,82398
ABDN;20200728;7;37;37;A073B122,0;NBA N-SW;A073 B122,0;A73;122,022;;Nürnberg;Forchheim;Bamberg;Nord/ Ost;AS 27 Forchheim-Nord;;1;3192322;12470;2;49,73793252;11,05496681;1;65;82169
ABDN;20200728;7;37;37;A073B122,0;NBA N-SW;A073 B122,0;A73;122,022;;Forchheim;Bamberg;Bamberg;Nord/ Ost;AS 27 Forchheim-Nord;;1;3192322;12470;2;49,73798471;11,05500644;1;129;82171
ABDN;20200728;7;37;37;A073B127,1;UV Los1;A073 B127,1;A73;127,072;;Forchheim;Bamberg;Bamberg;Nord/ Ost;AS 28 Forchheim-Süd;;1;3191831;12468;23;49,69700632;11,06397478;1;129;82394
ABDN;20200728;7;37;37;A073B127,1;UV Los1;A073 B127,1;A73;127,072;;Nürnberg;Forchheim;Bamberg;Nord/ Ost;AS 28 Forchheim-Süd;;1;3191831;12468;23;49,69486546;11,06234551;1;65;82338
ABDN;20200728;7;37;37;A073B127,1;UV Los1;A073 B127,1;A73;127,072;;Nürnberg;Bamberg;Bamberg;Nord/ Ost;AS 28 Forchheim-Süd;;1;3191831;12468;23;49,69489264;11,06216908;2;1,2;82334,82335
ABDN;20200728;7;37;37;A073B127,1;UV Los1;A073 B127,1;A73;127,072;;Nürnberg;Bamberg;Bamberg;Nord/ Ost;AS 28 Forchheim-Süd;;6;3191831;12468;23;49,69489156;11,0622175;1;1;82396
ABDN;20200728;7;37;37;A073B127,6a;TSF A73 Erlangen Erweiterung 1.BA;;A73;127,64;;;;Nürnberg;Süd/ West;AS 28 Forchheim-Süd;AS 29 Baiersdorf-Nord;3;3192071;12469;7;;;1;1;82179
ABDN;20200728;7;37;37;A073B129,3;NBA N-SW;A073 B129,3;A73;129,253;;Forchheim;Bamberg;Nürnberg/Feucht;Nord/ Ost;AS 29 Baiersdorf-Nord;;1;3191810;12468;2;49,67665606;11,05132304;1;129;82330
ABDN;20200728;7;37;37;A073B129,3;NBA N-SW;A073 B129,3;A73;129,253;;Nürnberg;Forchheim;Nürnberg/Feucht;Nord/ Ost;AS 29 Baiersdorf-Nord;;1;3191810;12468;2;49,67662263;11,05126907;2;65,66;82326,82327
ABDN;20200728;7;37;37;A073B129,3;NBA N-SW;A073 B129,3;A73;129,253;;Bamberg;Nürnberg;Nürnberg/Feucht;Nord/ Ost;AS 29 Baiersdorf-Nord;;6;3191810;12468;2;49,67695631;11,04992002;2;1,2;82332,82333
ABDN;20200728;7;37;37;A073B129,3;NBA N-SW;A073 B129,3;A73;129,253;;Nürnberg;Bamberg;Nürnberg/Feucht;Nord/ Ost;AS 29 Baiersdorf-Nord;;1;3191810;12468;2;49,67681546;11,05038453;3;1,2,89;82320,82321,82322
ABDN;20200728;7;37;37;A073B129,5;TSF A73 Erlangen Erweiterung 2.BA;266;A73;129,476;129,362;;;Bamberg;Nord/ Ost;AS 30 Möhrendorf;AS 29 Baiersdorf-Nord;6;3191597;12467;45;;;1;105;82281
ABDN;20200728;7;37;37;A073B129,6;TSF A73 Erlangen Erweiterung 2.BA;265;A73;129,586;129,479;;;Bamberg;Nord/ Ost;AS 30 Möhrendorf;AS 29 Baiersdorf-Nord;6;3191597;12467;45;;;1;104;82280
ABDN;20200728;7;37;37;A073B129,8;TSF A73 Erlangen Erweiterung 2.BA;264;A73;129,764;129,583;;;Bamberg;Nord/ Ost;AS 30 Möhrendorf;AS 29 Baiersdorf-Nord;6;3191597;12467;45;;;1;103;82279
ABDN;20200728;7;37;37;A073B129,9;TSF A73 Erlangen Erweiterung 2.BA;263;A73;129,865;129,764;;;Bamberg;Nord/ Ost;AS 30 Möhrendorf;AS 29 Baiersdorf-Nord;6;3191597;12467;45;;;1;102;82223
ABDN;20200728;7;37;37;A073B130,0;TSF A73 Erlangen Erweiterung 2.BA;262;A73;130,023;129,863;;;Bamberg;Nord/ Ost;AS 30 Möhrendorf;AS 29 Baiersdorf-Nord;6;3191597;12467;45;;;1;101;82222
ABDN;20200728;7;37;37;A073B130,0;TSF A73 Erlangen Erweiterung 2.BA;;A73;130,05;;;;Bamberg;Nord/ Ost;AS 30 Möhrendorf;AS 29 Baiersdorf-Nord;6;3191597;12467;45;;;4;1,2,3,194;82218,82219,82220,82297
ABDN;20200728;7;37;37;A073B130,0;TSF A73 Erlangen Erweiterung 2.BA;;A73;130,05;;;;Bamberg;Nord/ Ost;AS 30 Möhrendorf;AS 29 Baiersdorf-Nord;4;3191597;12467;45;;;3;9,10,194;82215,82216,82217
ABDN;20200728;7;37;37;A073B130,1;TSF A73 Erlangen Erweiterung 2.BA;261;A73;130,12;130,023;;;Bamberg;Nord/ Ost;AS 30 Möhrendorf;AS 29 Baiersdorf-Nord;6;3191597;12467;45;;;1;100;82221
ABDN;20200728;7;37;37;A073B130,2;TSF A73 Erlangen Erweiterung 2.BA;260;A73;130,235;130,121;;;Bamberg;Nord/ Ost;AS 30 Möhrendorf;AS 29 Baiersdorf-Nord;6;3191594;12467;42;;;1;109;82213
ABDN;20200728;7;37;37;A073B130,3;TSF A73 Erlangen Erweiterung 2.BA;259;A73;130,317;130,234;;;Bamberg;Nord/ Ost;AS 30 Möhrendorf;AS 29 Baiersdorf-Nord;6;3191594;12467;42;;;1;108;82212
ABDN;20200728;7;37;37;A073B130,4;TSF A73 Erlangen Erweiterung 2.BA;;A73;130,35;;;;Bamberg;Nord/ Ost;AS 30 Möhrendorf;AS 29 Baiersdorf-Nord;1;3191594;12467;42;;;4;1,2,89,194;82071,82128,82129,82130
ABDN;20200728;7;37;37;A073B130,4;TSF A73 Erlangen Erweiterung 2.BA;;A73;130,35;;;;Bamberg;Nord/ Ost;AS 30 Möhrendorf;AS 29 Baiersdorf-Nord;3;3191594;12467;42;;;2;1,194;82131,82132
ABDN;20200728;7;37;37;A073B130,4;TSF A73 Erlangen Erweiterung 2.BA;;A73;130,35;;;;Bamberg;Nord/ Ost;AS 30 Möhrendorf;AS 29 Baiersdorf-Nord;6;3191594;12467;42;;;4;1,2,3,194;82145,82146,82147,82214
ABDN;20200728;7;37;37;A073B130,4;TSF A73 Erlangen Erweiterung 2.BA;258;A73;130,41;130,318;;;Bamberg;Nord/ Ost;AS 30 Möhrendorf;AS 29 Baiersdorf-Nord;6;3191594;12467;42;;;1;107;82211
ABDN;20200728;7;37;37;A073B130,4a;TSF A73 Erlangen Erweiterung 2.BA;;A73;130,35;;;;Bamberg;Nord/ Ost;AS 30 Möhrendorf;AS 29 Baiersdorf-Nord;4;3191594;12467;42;;;7;5,13,68,76,129,131,194;82133,82134,82135,82136,82137,82138,82139
ABDN;20200728;7;37;37;A073B130,4b;TSF A73 Erlangen Erweiterung 2.BA;;A73;130,35;;;;Bamberg;Nord/ Ost;AS 30 Möhrendorf;AS 29 Baiersdorf-Nord;4;3191594;12467;42;;;5;1,2,65,73,196;82140,82141,82142,82143,82144
ABDN;20200728;7;37;37;A073B130,5;TSF A73 Erlangen Erweiterung 2.BA;257;A73;130,512;130,41;;;Bamberg;Nord/ Ost;AS 30 Möhrendorf;AS 29 Baiersdorf-Nord;6;3191594;12467;42;;;1;106;82210
ABDN;20200728;7;37;37;A073B130,7;TSF A73 Erlangen Erweiterung 2.BA;256;A73;130,662;130,515;;;Bamberg;Nord/ Ost;AS 30 Möhrendorf;AS 29 Baiersdorf-Nord;6;3191594;12467;42;;;1;105;82209
ABDN;20200728;7;37;37;A073B130,8;TSF A73 Erlangen Erweiterung 2.BA;255;A73;130,808;130,661;;;Bamberg;Nord/ Ost;AS 30 Möhrendorf;AS 29 Baiersdorf-Nord;6;3191594;12467;42;;;1;104;82208
ABDN;20200728;7;37;37;A073B131,0;TSF A73 Erlangen Erweiterung 2.BA;254;A73;130,963;130,805;;;Bamberg;Nord/ Ost;AS 30 Möhrendorf;AS 29 Baiersdorf-Nord;6;3191594;12467;42;;;1;103;82207
ABDN;20200728;7;37;37;A073B131,1;TSF A73 Erlangen Erweiterung 2.BA;253;A73;131,112;130,964;;;Bamberg;Nord/ Ost;AS 30 Möhrendorf;AS 29 Baiersdorf-Nord;6;3191594;12467;42;;;1;102;82206
ABDN;20200728;7;37;37;A073B131,3;TSF A73 Erlangen Erweiterung 2.BA;252;A73;131,286;131,112;;;Bamberg;Nord/ Ost;AS 30 Möhrendorf;AS 29 Baiersdorf-Nord;6;3191594;12467;42;;;1;101;82205
ABDN;20200728;7;37;37;A073B131,5;TSF A73 Erlangen Erweiterung 2.BA;251;A73;131,481;131,285;;;Bamberg;Nord/ Ost;AS 30 Möhrendorf;AS 29 Baiersdorf-Nord;6;3191594;12467;42;;;1;100;82204
ABDN;20200728;7;37;37;A073B131,7;TSF A73 Erlangen Erweiterung 2.BA;250;A73;131,659;131,481;;;Bamberg;Nord/ Ost;AS 30 Möhrendorf;AS 29 Baiersdorf-Nord;6;3191573;12467;21;;;1;108;82069
ABDN;20200728;7;37;37;A073B131,8;TSF A73 Erlangen Erweiterung 2.BA;249;A73;131,807;131,66;;;Bamberg;Nord/ Ost;AS 30 Möhrendorf;AS 29 Baiersdorf-Nord;6;3191573;12467;21;;;1;107;82068
ABDN;20200728;7;37;37;A073B131,9;TSF A73 Erlangen Erweiterung 2.BA;248;A73;131,922;131,811;;;Bamberg;Nord/ Ost;AS 30 Möhrendorf;AS 29 Baiersdorf-Nord;6;3191573;12467;21;;;1;106;82067
ABDN;20200728;7;37;37;A073B132,1;TSF A73 Erlangen Erweiterung 2.BA;247;A73;132,075;131,913;;;Bamberg;Nord/ Ost;AS 30 Möhrendorf;AS 29 Baiersdorf-Nord;6;3191573;12467;21;;;1;105;82066
ABDN;20200728;7;37;37;A073B132,3;TSF A73 Erlangen Erweiterung 2.BA;246;A73;132,253;132,073;;;Bamberg;Nord/ Ost;AS 30 Möhrendorf;AS 29 Baiersdorf-Nord;6;3191573;12467;21;;;1;104;82065
ABDN;20200728;7;37;37;A073B132,5;TSF A73 Erlangen Erweiterung 2.BA;;A73;132,5;;;;Bamberg;Nord/ Ost;AS 30 Möhrendorf;AS 29 Baiersdorf-Nord;3;3191573;12467;21;;;2;1,194;82371,82372
ABDN;20200728;7;37;37;A073B132,5;TSF A73 Erlangen Erweiterung 2.BA;;A73;132,5;;;;Bamberg;Nord/ Ost;AS 30 Möhrendorf;AS 29 Baiersdorf-Nord;6;3191573;12467;21;;;4;1,2,3,194;82058,82059,82060,82070
ABDN;20200728;7;37;37;A073B132,5;TSF A73 Erlangen Erweiterung 2.BA;245;A73;132,44;132,253;;;Bamberg;Nord/ Ost;AS 30 Möhrendorf;AS 29 Baiersdorf-Nord;6;3191573;12467;21;;;1;103;82064
ABDN;20200728;7;37;37;A073B132,5;TSF A73 Erlangen Erweiterung 2.BA;;A73;132,5;;;;Bamberg;Nord/ Ost;AS 30 Möhrendorf;AS 29 Baiersdorf-Nord;1;3191573;12467;21;;;4;1,2,89,194;82367,82368,82369,82370
ABDN;20200728;7;37;37;A073B132,5a;TSF A73 Erlangen Erweiterung 2.BA;;A73;132,5;;;;Bamberg;Nord/ Ost;AS 30 Möhrendorf;AS 29 Baiersdorf-Nord;4;3191573;12467;21;;;7;5,13,68,76,129,131,194;82052,82373,82374,82375,82376,82377,83211
ABDN;20200728;7;37;37;A073B132,5b;TSF A73 Erlangen Erweiterung 2.BA;;A73;132,5;;;;Bamberg;Nord/ Ost;AS 30 Möhrendorf;AS 29 Baiersdorf-Nord;4;3191573;12467;21;;;5;1,2,65,73,196;82053,82054,82055,82056,82057
ABDN;20200728;7;37;37;A073B132,7;TSF A73 Erlangen Erweiterung 2.BA;244;A73;132,633;132,437;;;Bamberg;Nord/ Ost;AS 30 Möhrendorf;AS 29 Baiersdorf-Nord;6;3191573;12467;21;;;1;102;82063
ABDN;20200728;7;37;37;A073B132,8;TSF A73 Erlangen Erweiterung 2.BA;243;A73;132,788;132,638;;;Bamberg;Nord/ Ost;AS 30 Möhrendorf;AS 29 Baiersdorf-Nord;6;3191573;12467;21;;;1;101;82062
ABDN;20200728;7;37;37;A073B133,0;TSF A73 Erlangen Erweiterung 2.BA;242;A73;132,928;132,788;;;Bamberg;Nord/ Ost;AS 30 Möhrendorf;AS 29 Baiersdorf-Nord;6;3191573;12467;21;;;1;100;82061
ABDN;20200728;7;37;37;A073B133,1;TSF A73 Erlangen Erweiterung 2.BA;241;A73;133,081;132,928;;;Bamberg;Nord/ Ost;AS 30 Möhrendorf;AS 29 Baiersdorf-Nord;6;3191558;12467;6;;;1;106;82365
ABDN;20200728;7;37;37;A073B133,3;TSF A73 Erlangen Erweiterung 2.BA;240;A73;133,243;133,083;;;Bamberg;Nord/ Ost;AS 30 Möhrendorf;AS 29 Baiersdorf-Nord;6;3191558;12467;6;;;1;105;82364
ABDN;20200728;7;37;37;A073B133,5;TSF A73 Erlangen Erweiterung 2.BA;239;A73;133,433;133,246;;;Bamberg;Nord/ Ost;AS 30 Möhrendorf;AS 29 Baiersdorf-Nord;6;3191558;12467;6;;;1;104;82363
ABDN;20200728;7;37;37;A073B133,6;TSF A73 Erlangen Erweiterung 2.BA;238;A73;133,595;133,42;;;Bamberg;Nord/ Ost;AS 30 Möhrendorf;AS 29 Baiersdorf-Nord;6;3191558;12467;6;;;1;103;82362
ABDN;20200728;7;37;37;A073B133,8;TSF A73 Erlangen Erweiterung 2.BA;237;A73;133,799;133,605;;;Bamberg;Nord/ Ost;AS 30 Möhrendorf;AS 29 Baiersdorf-Nord;6;3191558;12467;6;;;1;102;82361
ABDN;20200728;7;37;37;A073B134,0;TSF A73 Erlangen Erweiterung 2.BA;;A73;134,05;;;;Bamberg;Nord/ Ost;AS 30 Möhrendorf;AS 29 Baiersdorf-Nord;1;3191558;12467;6;;;4;1,2,89,194;83193,83194,83195,83196
ABDN;20200728;7;37;37;A073B134,0;TSF A73 Erlangen Erweiterung 2.BA;;A73;134,05;;;;Bamberg;Nord/ Ost;AS 30 Möhrendorf;AS 29 Baiersdorf-Nord;3;3191558;12467;6;;;2;1,194;83197,83198
ABDN;20200728;7;37;37;A073B134,0;TSF A73 Erlangen Erweiterung 2.BA;;A73;134,05;;;;Bamberg;Nord/ Ost;AS 30 Möhrendorf;AS 29 Baiersdorf-Nord;6;3191558;12467;6;;;4;1,2,3,194;82298,82299,82358,82366
ABDN;20200728;7;37;37;A073B134,0;TSF A73 Erlangen Erweiterung 2.BA;236;A73;133,995;133,799;;;Bamberg;Nord/ Ost;AS 30 Möhrendorf;AS 29 Baiersdorf-Nord;6;3191558;12467;6;;;1;101;82360
ABDN;20200728;7;37;37;A073B134,0a;TSF A73 Erlangen Erweiterung 2.BA;;A73;134,05;;;;Bamberg;Nord/ Ost;AS 30 Möhrendorf;AS 29 Baiersdorf-Nord;4;3191558;12467;6;;;7;5,13,68,76,129,131,194;83199,83200,83201,83202,83203,83204,83205
ABDN;20200728;7;37;37;A073B134,0b;TSF A73 Erlangen Erweiterung 2.BA;;A73;134,05;;;;Bamberg;Nord/ Ost;AS 30 Möhrendorf;AS 29 Baiersdorf-Nord;4;3191558;12467;6;;;5;1,2,65,73,196;83206,83207,83208,83209,83210
ABDN;20200728;7;37;37;A073B134,2;TSF A73 Erlangen Erweiterung 2.BA;235;A73;134,177;133,997;;;Bamberg;Nord/ Ost;AS 30 Möhrendorf;AS 29 Baiersdorf-Nord;6;3191558;12467;6;;;1;100;82359
ABDN;20200728;7;37;37;A073B134,3;TSF A73 Erlangen Erweiterung 2.BA;234;A73;134,283;134,177;;;Bamberg;Nord/ Ost;AS 30 Möhrendorf;;6;3191330;12466;34;;;1;104;83140
ABDN;20200728;7;37;37;A073B134,4;TSF A73 Erlangen Erweiterung 2.BA;233;A73;134,401;134,284;;;Bamberg;Nord/ Ost;AS 30 Möhrendorf;;6;3191330;12466;34;;;1;103;83139
ABDN;20200728;7;37;37;A073B134,5;TSF A73 Erlangen Erweiterung 2.BA;A073 B134,5;A73;134,441;;Forchheim;Bamberg;Bamberg;Nord/ Ost;AS 30 Möhrendorf;;1;3191553;12467;1;49,63793528;11,01265524;1;129;82954
ABDN;20200728;7;37;37;A073B134,5;TSF A73 Erlangen Erweiterung 2.BA;A073 B134,5;A73;134,441;;Nürnberg;Forchheim;Bamberg;Nord/ Ost;AS 30 Möhrendorf;;1;3191553;12467;1;49,63529104;11,01044763;1;65;82952
ABDN;20200728;7;37;37;A073B134,5;TSF A73 Erlangen Erweiterung 2.BA;A073 B134,5;A73;134,441;;Nürnberg;Bamberg;Bamberg;Nord/ Ost;AS 30 Möhrendorf;;6;3191553;12467;1;49,63793846;11,01255681;2;1,2;82956,82957
ABDN;20200728;7;37;37;A073B134,5;TSF A73 Erlangen Erweiterung 2.BA;A073 B134,5;A73;134,441;;Nürnberg;Bamberg;Bamberg;Nord/ Ost;AS 30 Möhrendorf;;1;3191553;12467;1;49,63797921;11,01247964;3;1,2,89;82946,82947,82948
ABDN;20200728;7;37;37;A073B134,6;TSF A73 Erlangen Erweiterung 2.BA;232;A73;134,533;134,403;;;Bamberg;Nord/ Ost;AS 30 Möhrendorf;;6;3191330;12466;34;;;1;102;83138
ABDN;20200728;7;37;37;A073B134,7;TSF A73 Erlangen Erweiterung 2.BA;;A73;134,74;;;;Bamberg;Nord/ Ost;AS 30 Möhrendorf;;3;3191330;12466;34;;;2;1,194;82985,82986
ABDN;20200728;7;37;37;A073B134,7;TSF A73 Erlangen Erweiterung 2.BA;;A73;134,74;;;;Bamberg;Nord/ Ost;AS 30 Möhrendorf;;4;3191330;12466;34;;;5;5,13,129,131,194;82987,82988,82989,82990,82991
ABDN;20200728;7;37;37;A073B134,7;TSF A73 Erlangen Erweiterung 2.BA;;A73;134,74;;;;Bamberg;Nord/ Ost;AS 30 Möhrendorf;;6;3191330;12466;34;;;4;1,2,3,194;82992,82993,82994,83192
ABDN;20200728;7;37;37;A073B134,7;TSF A73 Erlangen Erweiterung 2.BA;231;A73;134,709;134,532;;;Bamberg;Nord/ Ost;AS 30 Möhrendorf;;6;3191330;12466;34;;;1;101;83137
ABDN;20200728;7;37;37;A073B134,8;TSF A73 Erlangen Erweiterung 2.BA;230;A73;134,818;134,713;;;Bamberg;Nord/ Ost;AS 30 Möhrendorf;;6;3191330;12466;34;;;1;100;82995
ABDN;20200728;7;37;37;A073B135,0;TSF A73 Erlangen Erweiterung 2.BA;229;A73;134,979;134,863;;;Bamberg;Nord/ Ost;AS 31 Erlangen-Nord;AS 30 Möhrendorf;6;3191322;12466;26;;;1;103;82925
ABDN;20200728;7;37;37;A073B135,1;TSF A73 Erlangen Erweiterung 2.BA;228;A73;135,117;134,973;;;Bamberg;Nord/ Ost;AS 31 Erlangen-Nord;AS 30 Möhrendorf;6;3191322;12466;26;;;1;102;82924
ABDN;20200728;7;37;37;A073B135,3;TSF A73 Erlangen Erweiterung 2.BA;227;A73;135,307;135,122;;;Bamberg;Nord/ Ost;AS 31 Erlangen-Nord;AS 30 Möhrendorf;6;3191322;12466;26;;;1;101;82923
ABDN;20200728;7;37;37;A073B135,5;TSF A73 Erlangen Erweiterung 2.BA;226;A73;135,486;135,399;;;Bamberg;Nord/ Ost;AS 31 Erlangen-Nord;AS 30 Möhrendorf;6;3191322;12466;26;;;1;100;82922
ABDN;20200728;7;37;37;A073B135,5;TSF A73 Erlangen Erweiterung 2.BA;;A73;135,52;;;;Bamberg;Nord/ Ost;AS 31 Erlangen-Nord;AS 30 Möhrendorf;6;3191322;12466;26;;;4;1,2,3,194;82919,82920,82921,82926
ABDN;20200728;7;37;37;A073B135,5;TSF A73 Erlangen Erweiterung 2.BA;;A73;135,52;;;;Bamberg;Nord/ Ost;AS 31 Erlangen-Nord;AS 30 Möhrendorf;4;3191322;12466;26;;;3;9,10,194;82916,82917,82918
ABDN;20200728;7;37;37;A073B135,7;TSF A73 Erlangen Erweiterung 2.BA;225;A73;135,672;135,485;;;Bamberg;Nord/ Ost;AS 31 Erlangen-Nord;AS 30 Möhrendorf;6;3191319;12466;23;;;1;108;82914
ABDN;20200728;7;37;37;A073B135,8;TSF A73 Erlangen Erweiterung 2.BA;;A73;135,75;;;;Bamberg;Nord/ Ost;AS 31 Erlangen-Nord;AS 30 Möhrendorf;1;3191319;12466;23;;;4;1,2,89,194;82769,82770,82829,82830
ABDN;20200728;7;37;37;A073B135,8;TSF A73 Erlangen Erweiterung 2.BA;;A73;135,75;;;;Bamberg;Nord/ Ost;AS 31 Erlangen-Nord;AS 30 Möhrendorf;3;3191319;12466;23;;;2;1,194;82831,82832
ABDN;20200728;7;37;37;A073B135,8;TSF A73 Erlangen Erweiterung 2.BA;;A73;135,75;;;;Bamberg;Nord/ Ost;AS 31 Erlangen-Nord;AS 30 Möhrendorf;6;3191319;12466;23;;;4;1,2,3,194;82845,82846,82847,82915
ABDN;20200728;7;37;37;A073B135,8;TSF A73 Erlangen Erweiterung 2.BA;224;A73;135,817;136,669;;;Bamberg;Nord/ Ost;AS 31 Erlangen-Nord;AS 30 Möhrendorf;6;3191319;12466;23;;;1;107;82913
ABDN;20200728;7;37;37;A073B135,8a;TSF A73 Erlangen Erweiterung 2.BA;;A73;135,75;;;;Bamberg;Nord/ Ost;AS 31 Erlangen-Nord;AS 30 Möhrendorf;4;3191319;12466;23;;;7;5,13,68,76,129,131,194;82833,82834,82835,82836,82837,82838,82839
ABDN;20200728;7;37;37;A073B135,8b;TSF A73 Erlangen Erweiterung 2.BA;;A73;135,75;;;;Bamberg;Nord/ Ost;AS 31 Erlangen-Nord;AS 30 Möhrendorf;4;3191319;12466;23;;;5;1,2,65,73,196;82840,82841,82842,82843,82844
ABDN;20200728;7;37;37;A073B136,0;TSF A73 Erlangen Erweiterung 2.BA;223;A73;135,977;135,818;;;Bamberg;Nord/ Ost;AS 31 Erlangen-Nord;AS 30 Möhrendorf;6;3191319;12466;23;;;1;106;82912
ABDN;20200728;7;37;37;A073B136,2;TSF A73 Erlangen Erweiterung 2.BA;222;A73;136,164;135,976;;;Bamberg;Nord/ Ost;AS 31 Erlangen-Nord;AS 30 Möhrendorf;6;3191319;12466;23;;;1;105;82911
ABDN;20200728;7;37;37;A073B136,4;TSF A73 Erlangen Erweiterung 2.BA;221;A73;136,346;136,164;;;Bamberg;Nord/ Ost;AS 31 Erlangen-Nord;AS 30 Möhrendorf;6;3191319;12466;23;;;1;104;82910
ABDN;20200728;7;37;37;A073B136,5;TSF A73 Erlangen Erweiterung 2.BA;218;A73;136,547;136,615;;;Bamberg;Nord/ Ost;;;6;3191319;12466;23;;;1;109;82907
ABDN;20200728;7;37;37;A073B136,5;TSF A73 Erlangen Erweiterung 2.BA;220;A73;136,492;136,348;;;Bamberg;Nord/ Ost;AS 31 Erlangen-Nord;AS 30 Möhrendorf;6;3191319;12466;23;;;1;103;82909
ABDN;20200728;7;37;37;A073B136,6;TSF A73 Erlangen Erweiterung 2.BA;219;A73;136,587;136,492;;;Bamberg;Nord/ Ost;AS 31 Erlangen-Nord;AS 30 Möhrendorf;6;3191319;12466;23;;;1;102;82908
ABDN;20200728;7;37;37;A073B136,7;TSF A73 Erlangen Erweiterung 2.BA;217;A73;136,713;136,588;;;Bamberg;Nord/ Ost;AS 31 Erlangen-Nord;AS 30 Möhrendorf;6;3191319;12466;23;;;1;101;82906
ABDN;20200728;7;37;37;A073B136,7;TSF A73 Erlangen Erweiterung 2.BA;216;A73;136,718;136,838;;;Bamberg;Nord/ Ost;AS 31 Erlangen-Nord;AS 30 Möhrendorf;6;3191319;12466;23;;;1;100;82848
ABDN;20200728;7;37;37;A073B137,1;TSF A73 Erlangen Erweiterung 2.BA;215;A73;137,031;136,842;;;Nürnberg;Nord/ Ost;AS 31 Erlangen-Nord;AS 30 Möhrendorf;6;3191301;12466;5;;;1;104;82767
ABDN;20200728;7;37;37;A073B137,2;TSF A73 Erlangen Erweiterung 2.BA;214;A73;137,218;137,032;;;Nürnberg;Nord/ Ost;AS 31 Erlangen-Nord;AS 30 Möhrendorf;6;3191301;12466;5;;;1;103;82766
ABDN;20200728;7;37;37;A073B137,4;TSF A73 Erlangen Erweiterung 2.BA;213;A73;137,387;137,215;;;Nürnberg;Nord/ Ost;AS 31 Erlangen-Nord;AS 30 Möhrendorf;6;3191301;12466;5;;;1;102;82765
ABDN;20200728;7;37;37;A073B137,6;TSF A73 Erlangen Erweiterung 2.BA;;A73;137,598;;;;Nürnberg;Nord/ Ost;AS 31 Erlangen-Nord;AS 30 Möhrendorf;1;3191301;12466;5;;;4;1,2,89,194;82680,82681,82682,82683
ABDN;20200728;7;37;37;A073B137,6;TSF A73 Erlangen Erweiterung 2.BA;;A73;137,598;;;;Nürnberg;Nord/ Ost;AS 31 Erlangen-Nord;AS 30 Möhrendorf;3;3191301;12466;5;;;2;1,194;82684,82685
ABDN;20200728;7;37;37;A073B137,6;TSF A73 Erlangen Erweiterung 2.BA;;A73;137,598;;;;Nürnberg;Nord/ Ost;AS 31 Erlangen-Nord;AS 30 Möhrendorf;6;3191301;12466;5;;;4;1,2,3,194;82759,82760,82761,82768
ABDN;20200728;7;37;37;A073B137,6;TSF A73 Erlangen Erweiterung 2.BA;210;A73;137,624;137,675;;;Nürnberg;Nord/ Ost;;;6;3191301;12466;5;;;1;106;82762
ABDN;20200728;7;37;37;A073B137,6;TSF A73 Erlangen Erweiterung 2.BA;212;A73;137,554;137,391;;;Nürnberg;Nord/ Ost;AS 31 Erlangen-Nord;AS 30 Möhrendorf;6;3191301;12466;5;;;1;101;82764
ABDN;20200728;7;37;37;A073B137,6a;TSF A73 Erlangen Erweiterung 2.BA;;A73;137,598;;;;Nürnberg;Nord/ Ost;AS 31 Erlangen-Nord;AS 30 Möhrendorf;4;3191301;12466;5;;;7;5,13,68,76,129,131,194;82686,82687,82688,82689,82751,82752,82753
ABDN;20200728;7;37;37;A073B137,6b;TSF A73 Erlangen Erweiterung 2.BA;;A73;137,598;;;;Nürnberg;Nord/ Ost;AS 31 Erlangen-Nord;AS 30 Möhrendorf;4;3191301;12466;5;;;5;1,2,65,73,196;82754,82755,82756,82757,82758
ABDN;20200728;7;37;37;A073B137,7;TSF A73 Erlangen Erweiterung 2.BA;208;A73;137,678;137,764;;;Bamberg;Nord/ Ost;;;6;3191301;12466;5;;;1;105;82677
ABDN;20200728;7;37;37;A073B137,7;TSF A73 Erlangen Erweiterung 2.BA;211;A73;137,647;137,555;;;Nürnberg;Nord/ Ost;AS 31 Erlangen-Nord;AS 30 Möhrendorf;6;3191301;12466;5;;;1;100;82763
ABDN;20200728;7;37;37;A073B137,8;TSF A73 Erlangen Erweiterung 2.BA;209;A73;137,761;137,644;;;Bamberg;Nord/ Ost;AS 31 Erlangen-Nord;;6;3191298;12466;2;;;1;105;82678
ABDN;20200728;7;37;37;A073B137,9;TSF A73 Erlangen Erweiterung 2.BA;207;A73;137,905;137,766;;;Bamberg;Nord/ Ost;AS 31 Erlangen-Nord;;6;3191298;12466;2;;;1;104;82676
ABDN;20200728;7;37;37;A073B137,9;TSF A73 Erlangen Erweiterung 2.BA;205;A73;137,847;138,075;;;Bamberg;Nord/ Ost;AS 31 Erlangen-Nord;;6;3191298;12466;2;;;1;106;82674
ABDN;20200728;7;37;37;A073B138,0;TSF A73 Erlangen Erweiterung 2.BA;A073 B138,0;A73;138,064;;Erlangen;Bamberg;Nürnberg/Feucht;Nord/ Ost;AS 31 Erlangen-Nord;;1;3191297;12466;1;49,60734175;10,99877297;1;129;82485
ABDN;20200728;7;37;37;A073B138,0;TSF A73 Erlangen Erweiterung 2.BA;A073 B138,0;A73;138,064;;Nürnberg;Bamberg;Nürnberg/Feucht;Nord/ Ost;AS 31 Erlangen-Nord;;1;3191297;12466;1;49,60724206;10,99865511;3;1,2,89;83646,83647,83648
ABDN;20200728;7;37;37;A073B138,0;TSF A73 Erlangen Erweiterung 2.BA;A073 B138,0;A73;138,064;;Nürnberg;Bamberg;Nürnberg/Feucht;Nord/ Ost;AS 31 Erlangen-Nord;;6;3191297;12466;1;49,60724666;10,99870703;1;1;82487
ABDN;20200728;7;37;37;A073B138,0;TSF A73 Erlangen Erweiterung 2.BA;A073 B138,0;A73;138,064;;Nürnberg;Erlangen;Nürnberg/Feucht;Nord/ Ost;AS 31 Erlangen-Nord;;1;3191297;12466;1;49,60597202;10,99867516;2;65,66;82482,82483
ABDN;20200728;7;37;37;A073B138,1;TSF A73 Erlangen Erweiterung 2.BA;203;A73;138,097;138,234;;;Bamberg;Nord/ Ost;AS 31 Erlangen-Nord;;6;3191298;12466;2;;;1;101;82672
ABDN;20200728;7;37;37;A073B138,1;TSF A73 Erlangen Erweiterung 2.BA;;A73;138,078;;;;Bamberg;Nord/ Ost;AS 31 Erlangen-Nord;;6;3191298;12466;2;;;4;1,2,3,194;82610,82669,82670,82679
ABDN;20200728;7;37;37;A073B138,1;TSF A73 Erlangen Erweiterung 2.BA;;A73;138,078;;;;Bamberg;Nord/ Ost;AS 31 Erlangen-Nord;;3;3191298;12466;2;;;2;1,194;82600,82601
ABDN;20200728;7;37;37;A073B138,1a;TSF A73 Erlangen Erweiterung 2.BA;;A73;138,078;;;;Bamberg;Nord/ Ost;AS 31 Erlangen-Nord;;4;3191298;12466;2;;;5;5,13,129,131,194;82602,82603,82604,82605,82606
ABDN;20200728;7;37;37;A073B138,1b;TSF A73 Erlangen Erweiterung 2.BA;;A73;138,078;;;;Bamberg;Nord/ Ost;AS 31 Erlangen-Nord;;4;3191298;12466;2;;;3;130,132,196;82607,82608,82609
ABDN;20200728;7;37;37;A073B138,2;TSF A73 Erlangen Erweiterung 2.BA;206;A73;138,046;137,905;;;Bamberg;Nord/ Ost;AS 31 Erlangen-Nord;;6;3191298;12466;2;;;1;103;82675
ABDN;20200728;7;37;37;A073B138,3;TSF A73 Erlangen Erweiterung 2.BA;202;A73;138,286;138,485;;;Bamberg;Nord/ Ost;AS 31 Erlangen-Nord;;6;3191298;12466;2;;;1;100;82671
ABDN;20200728;7;37;37;A073B138,3;TSF A73 Erlangen Erweiterung 2.BA;204;A73;138,239;138,051;;;Bamberg;Nord/ Ost;AS 31 Erlangen-Nord;;6;3191298;12466;2;;;1;102;82673
ABDN;20200728;7;37;37;A073B138,8;TSF A73 Erlangen Erweiterung 2.BA;201;A73;138,819;138,527;;;Nürnberg;Nord/ Ost;AS 32 Erlangen-Zentrum;AS 31 Erlangen-Nord;6;3191040;12465;0;;;1;100;82595
ABDN;20200728;7;37;37;A073B138,9;TSF A73 Erlangen Erweiterung 2.BA;;A73;138,85;;;;Nürnberg;Nord/ Ost;AS 32 Erlangen-Zentrum;AS 31 Erlangen-Nord;4;3191040;12465;0;;;3;9,10,194;82592,82593,82594
ABDN;20200728;7;37;37;A073B138,9;TSF A73 Erlangen Erweiterung 2.BA;;A73;138,85;;;;Nürnberg;Nord/ Ost;AS 32 Erlangen-Zentrum;AS 31 Erlangen-Nord;6;3191040;12465;0;;;4;1,2,3,194;82596,82597,82598,82599
ABDN;20200728;7;37;37;A073B139,8;NBA N-SW;A073 B139,8;A73;139,781;;Erlangen;Bamberg;Nürnberg/Feucht;Nord/ Ost;AS 32 Erlangen-Zentrum;;1;3191041;12465;1;49,59580545;10,99841321;1;129;83727
ABDN;20200728;7;37;37;A073B139,8;NBA N-SW;A073 B139,8;A73;139,781;;Nürnberg;Erlangen;Nürnberg/Feucht;Nord/ Ost;AS 32 Erlangen-Zentrum;;1;3191041;12465;1;49,58936943;10,99417368;2;65,66;83725,83726
ABDN;20200728;7;37;37;A073B139,8;NBA N-SW;A073 B139,8;A73;139,781;;Nürnberg;Bamberg;Nürnberg/Feucht;Nord/ Ost;AS 32 Erlangen-Zentrum;;1;3191041;12465;1;49,59186534;10,99710139;2;1,2;83721,83722
ABDN;20200728;7;37;37;A073B141,2;NBA N-SW;A073 B141,2;A73;141,196;;Nürnberg;Bamberg;Nürnberg/Feucht;Nord/ Ost;AS 33 Erlangen-Bruck (B4);;1;3190552;12463;24;49,58346099;10,98865561;1;129;83659
ABDN;20200728;7;37;37;A073B141,2;NBA N-SW;A073 B141,2;A73;141,196;;Nürnberg;Nürnberg;Nürnberg/Feucht;Nord/ Ost;AS 33 Erlangen-Bruck (B4);;1;3190552;12463;24;49,79324721;11,0262898;2;65,66;83656,83657
ABDN;20200728;7;37;37;A073B141,2;NBA N-SW;A073 B141,2;A73;141,196;;Nürnberg;Bamberg;Nürnberg/Feucht;Nord/ Ost;AS 33 Erlangen-Bruck (B4);;1;3190552;12463;24;49,58122856;10,98852527;2;1,2;83652,83653
ABDN;20200728;7;37;37;A073B143,3;NBA N-Wzbg. Umrüstung Mst.;A073 B143,3;A73;143,342;;Nürnberg;Bamberg;Nürnberg;Nord/ Ost;Kreuz Fürth/ Erlangen (A73 (34));;1;3190531;12463;3;49,56228732;10,99188897;2;1,2;83507,83508
ABDN;20200728;7;37;37;A073B143,3;NBA N-Wzbg. Umrüstung Mst.;A073 B143,3;A73;143,342;;Nürnberg;Bamberg;Nürnberg;Nord/ Ost;Kreuz Fürth/ Erlangen (A73 (34));;1;3190531;12463;3;49,56229514;10,99204985;1;145;83571
ABDN;20200728;7;37;37;A073B143,3;NBA N-Wzbg. Umrüstung Mst.;A073 B143,3;A73;143,342;;Regensburg;Bamberg;Nürnberg;Nord/ Ost;Kreuz Fürth/ Erlangen (A73 (34));;1;3190531;12463;3;49,56231037;10,99228695;1;129;83570
ABDN;20200728;7;37;37;A073B143,9;NBA N-Wzbg. Umrüstung Mst.;A073 B143,9;A73;143,942;;Nürnberg;Nürnberg;Bamberg;Nord/ Ost;Kreuz Fürth/ Erlangen (A73 (34));;1;3190291;12462;19;49,55673074;10,99291366;1;65;83501
ABDN;20200728;7;37;37;A073B143,9;NBA N-Wzbg. Umrüstung Mst.;A073 B143,9;A73;143,942;;Nürnberg;Würzburg;Bamberg;Nord/ Ost;Kreuz Fürth/ Erlangen (A73 (34));;1;3190291;12462;19;49,55673321;10,99268694;1;81;83502
ABDN;20200728;7;37;37;A073B143,9;NBA N-Wzbg. Umrüstung Mst.;A073 B143,9;A73;143,942;;Nürnberg;Bamberg;Bamberg;Nord/ Ost;Kreuz Fürth/ Erlangen (A73 (34));;6;3190291;12462;19;49,55749004;10,992793;2;1,2;83505,83506
ABDN;20200728;7;37;37;A073B143,9;NBA N-Wzbg. Umrüstung Mst.;A073 B143,9;A73;143,942;;Nürnberg;Bamberg;Bamberg;Nord/ Ost;Kreuz Fürth/ Erlangen (A73 (34));;1;3190291;12462;19;49,55672543;10,99252655;2;1,2;83497,83498
ABDN;20200728;7;24;38;A073B153,6;DZS 8+1;A 073 B 153,6;A73;153,649;;Bamberg;Nürnberg;Nürnberg/Feucht;Süd/ West;AS Fürth-Poppenreuth (B4a);Anschluss Frankenschnellweg;1;5150983;20121;7;49,4724069;11,01499885;2;33,34;78917,78918
ABDN;20200728;7;24;38;A073B153,6;DZS 8+1;A 073 B 153,6;A73;153,649;;Nürnberg;Bamberg;Nürnberg/Feucht;Nord/ Ost;AS Fürth-Poppenreuth (B4a);Anschluss Frankenschnellweg;1;5150983;20121;7;49,47252286;11,01531972;2;1,2;78915,78916
ABDN;20200728;7;24;38;A073B153,6;DZS 8+1;A 073 B 153,6;A73;153,649;;Bamberg;Nürnberg;Nürnberg/Feucht;Süd/ West;AS Fürth-Poppenreuth (B4a);Anschluss Frankenschnellweg;6;5150983;20121;7;49,47238077;11,01494576;1;1;78919
ABDN;20200728;7;39;34;A081B453,7;DZS 8+1;A003A453,734;A81;453,734;;Heilbronn;Würzburg;Würzburg;Nord/ Ost;AS 2 Gerchsheim (B 27);1 Dreieck Würzburg-West (A3 (68));6;3245843;12679;19;49,73190289;9,82591474;1;1;79871
ABDN;20200728;7;39;34;A081B453,7;DZS 8+1;A003A453,734;A81;453,734;;Würzburg;Heilbronn;Würzburg;Süd/ West;AS 2 Gerchsheim (B 27);1 Dreieck Würzburg-West (A3 (68));1;3245843;12679;19;49,73186859;9,82540587;2;33,34;79869,79870
ABDN;20200728;7;39;34;A081B453,7;DZS 8+1;A003A453,734;A81;453,734;;Heilbronn;Würzburg;Würzburg;Nord/ Ost;AS 2 Gerchsheim (B 27);1 Dreieck Würzburg-West (A3 (68));1;3245843;12679;19;49,73195482;9,82572885;2;1,2;79867,79868
ABDN;20200728;7;39;34;A081B454,1;SBA A3 Würzburg Los 3;A003A454,117;A81;454,117;;Heilbronn;Würzburg;Würzburg;Nord/ Ost;AS 2 Gerchsheim (B 27);1 Dreieck Würzburg-West (A3 (68));3;3245570;12678;2;49,72873273;9,82596278;1;1;79583
ABDN;20200728;7;39;34;A081B454,1;SBA Würzburg;A003A454,117;A81;454,117;;Heilbronn;Würzburg;Würzburg;Nord/ Ost;AS 2 Gerchsheim (B 27);1 Dreieck Würzburg-West (A3 (68));6;3245570;12678;2;49,72848577;9,82599069;2;1,2;79865,79866
ABDN;20200728;7;39;34;A081B454,1;SBA Würzburg;A003A454,117;A81;454,117;;Heilbronn;Würzburg;Würzburg;Nord/ Ost;AS 2 Gerchsheim (B 27);1 Dreieck Würzburg-West (A3 (68));4;3245570;12678;2;49,72873273;9,82596278;5;1,2,65,73,193;79584,79585,79586,79808,79864
ABDN;20200728;7;33;12;A093A105,0;DAUZ am Rastplatz Waldnaab Brücke;A093A105,050;A93;105,05;;Nürnberg;Waidhaus;Regensburg;Nord/ Ost;AK Oberpfälzer Wald;AS Nabburg-West;1;3298334;12884;30;;;2;1,2;81025,81026
ABDN;20200728;7;33;12;A093A105,0;DAUZ am Rastplatz Waldnaab Brücke;A093A105,050;A93;105,05;;Waidhaus;Nürnberg;Regensburg;Süd/ West;AK Oberpfälzer Wald;AS Nabburg-West;6;3298334;12884;30;;;3;1,2,3;81029,81030,81031
ABDN;20200728;7;33;12;A093A105,0;DAUZ am Rastplatz Waldnaab Brücke;A093A105,050;A93;105,05;;Waidhaus;Nürnberg;Regensburg;Süd/ West;AS Nabburg-West;AK Oberpfälzer Wald;1;3298334;12884;30;;;2;33,34;81027,81028
ABDN;20200728;7;33;12;A093A135,9;DZS 8+1;A 093 A 135,9;A93;135,905;;Hof;Regensburg;Regensburg;Süd/ West;AS 27 Wernberg-Köblitz (B14);28 Kreuz A6/A93;1;3296781;12878;13;49,52605892;12,15207313;2;33,34;80945,80946
ABDN;20200728;7;33;12;A093A135,9;DZS 8+1;A 093 A 135,9;A93;135,905;;Hof;Regensburg;Regensburg;Süd/ West;AS 27 Wernberg-Köblitz (B14);28 Kreuz A6/A93;6;3296781;12878;13;49,52601272;12,15184678;1;1;80947
ABDN;20200728;7;33;12;A093A135,9;DZS 8+1;A 093 A 135,9;A93;135,905;;Regensburg;Hof;Regensburg;Nord/ Ost;28 Kreuz A6/A93;AS 27 Wernberg-Köblitz (B14);1;3296781;12878;13;49,52622528;12,15225903;2;1,2;80943,80944
ABDN;20200728;7;33;12;A093A139,0;DAUZ am AK Oberpfälzer Wald;A093A139,0;A93;139;;Regensburg;Hof;Regensburg;Nord/ Ost;AS Pfreimd;AK Oberpfälzer Wald;1;3296532;12877;20;;;2;1,2;80948,80949
ABDN;20200728;7;33;12;A093A139,0;DAUZ am AK Oberpfälzer Wald;A093A139,0;A93;139;;Hof;Regensburg;Regensburg;Süd/ West;AK Oberpfälzer Wald;AS Pfreimd;6;3296532;12877;20;;;5;1,2,3,4,5;80952,80953,81017,81018,81019
ABDN;20200728;7;33;12;A093A139,0;DAUZ am AK Oberpfälzer Wald;A093A139,0;A93;139;;Hof;Regensburg;Regensburg;Süd/ West;AK Oberpfälzer Wald;AS Pfreimd;1;3296532;12877;20;;;2;33,34;80950,80951
ABDN;20200728;7;33;12;A093A160,9;DZS 8+1;A 093 A 160,8;A93;160,832;;Hof;Regensburg;Regensburg;Süd/ West;AS 32 Schwandorf-Nord (B15/B85);AS 33 Schwandorf (B85);1;3295515;12873;27;49,31921857;12,1544155;2;33,34;81022,81023
ABDN;20200728;7;33;12;A093A160,9;DZS 8+1;A 093 A 160,8;A93;160,832;;Hof;Regensburg;Regensburg;Süd/ West;AS 32 Schwandorf-Nord (B15/B85);AS 33 Schwandorf (B85);6;3295515;12873;27;49,31922108;12,15439687;1;1;81024
ABDN;20200728;7;33;12;A093A160,9;DZS 8+1;A 093 A 160,8;A93;160,832;;Regensburg;Hof;Regensburg;Nord/ Ost;AS 33 Schwandorf (B85);AS 32 Schwandorf-Nord (B15/B85);1;3295515;12873;27;49,3192017;12,15478108;2;1,2;81020,81021
ABDN;20200728;7;33;12;A093B055,0;DZS 8+1;A 093 B 055,0;A93;55,019;;Hof;Regensburg;Hof;Süd/ West;AS 9 Selb-West;AS 10 Höchstädt;1;8064549;31502;37;50,15367073;12,09914775;2;33,34;80852,80853
ABDN;20200728;7;33;12;A093B055,0;DZS 8+1;A 093 B 055,0;A93;55,019;;Regensburg;Hof;Hof;Nord/ Ost;AS 10 Höchstädt;AS 9 Selb-West;1;8064549;31502;37;50,15357239;12,09947059;2;1,2;80850,80851
ABDN;20200728;7;33;12;A093B055,0;DZS 8+1;A 093 B 055,0;A93;55,019;;Regensburg;Hof;Hof;Nord/ Ost;AS 10 Höchstädt;AS 9 Selb-West;6;8064549;31502;37;50,15351149;12,09950824;3;1,2,3;80854,80941,80942
ABDN;20200728;7;37;38;A145,5;VBA 5+1;A 073 A 145,5;A73;145,532;;Bamberg;Nürnberg;Bamberg;Süd/ West;;;1;3190274;12462;2;49,54250355;10,99278468;2;33,34;79854,79855
ABDN;20200728;7;37;38;A145,5;VBA 5+1;A 073 A 145,5;A73;145,532;;Bamberg;Eltersdorf;Bamberg;Süd/ West;;;1;3190274;12462;2;49,54246803;10,99184324;1;97;79858
ABDN;20200728;7;37;38;A145,5;VBA 5+1;A 073 A 145,5;A73;145,532;;Nürnberg;Bamberg;Bamberg;Nord/ Ost;;;1;3190274;12462;2;49,54249668;10,99315418;2;1,2;79852,79853
ABDN;20200728;7;37;38;A145,5;VBA 5+1;A 073 A 145,5;A73;145,532;;Eltersdorf;Nürnberg;Bamberg;Süd/ West;;;1;3190274;12462;2;49,5424042;10,99184044;1;161;79859
ABDN;20200728;7;37;38;A145,5;VBA 5+1;A 073 A 145,5;A73;145,532;;Nürnberg;Eltersdorf;Bamberg;Nord/ Ost;AS (-) Eltersdorf (ERH 5);;1;3190274;12462;2;49,54242555;10,9941572;1;65;79856
ABDN;20200728;7;37;38;A145,5;VBA 5+1;A 073 A 145,5;A73;145,532;;Eltersdorf;Bamberg;Bamberg;Nord/ Ost;;;1;3190274;12462;2;49,54238762;10,99413948;1;129;79857
ABDN;20200728;7;37;38;A145,5;VBA 5+1;A 073 A 145,5;A73;145,532;;Nürnberg;Bamberg;Bamberg;Nord/ Ost;;;6;3190274;12462;2;49,54248599;10,99318606;2;1,2;79860,79861
ABDN;20200728;7;28;18;A164,7;DAUZ A71, A73, A3;A 071 A 164,7;A71;164,74;;Erfurt;Schweinfurt;Schweinfurt;Süd/ West;AS 23 Rentwertshausen;AS 24 Mellrichstadt;1;11655722;45530;42;;;2;33,34;81984,81985
ABDN;20200728;7;28;18;A164,7;DAUZ A71, A73, A3;A 071 A 164,7;A71;164,74;;Erfurt;Schweinfurt;Schweinfurt;Süd/ West;AS 23 Rentwertshausen;AS 24 Mellrichstadt;6;11655722;45530;42;;;3;1,2,3;81986,81987,81988
ABDN;20200728;7;28;18;A164,7;DAUZ A71, A73, A3;A 071 A 164,7;A71;164,74;;Schweinfurt;Erfurt;Schweinfurt;Nord/ Ost;AS 23 Rentwertshausen;AS 24 Mellrichstadt;1;11655722;45530;42;;;2;1,2;81982,81983
ABDN;20200728;7;28;18;A205,8;DAUZ A71, A73, A3;A 071 A 205,8;A71;205,76;;Erfurt;Schweinfurt;Schweinfurt;Nord/ Ost;AS 28 Bad Kissingen/Oerlenbach;AS 29 Poppenhausen/Dittelbrunn;1;9255439;36154;15;;;2;1,2;81975,81976
ABDN;20200728;7;28;18;A205,8;DAUZ A71, A73, A3;A 071 A 205,8;A71;205,76;;Schweinfurt;Erfurt;Schweinfurt;Süd/ West;AS 28 Bad Kissingen/Oerlenbach;AS 29 Poppenhausen/Dittelbrunn;6;9255439;36154;15;;;3;1,2,3;81979,81980,81981
ABDN;20200728;7;28;18;A205,8;DAUZ A71, A73, A3;A 071 A 205,8;A71;205,76;;Schweinfurt;Erfurt;Schweinfurt;Süd/ West;AS 28 Bad Kissingen/Oerlenbach;AS 29 Poppenhausen/Dittelbrunn;1;9255439;36154;15;;;2;33,34;81977,81978
ABDN;20200728;7;37;6;A29,3;NBA N-SW;A 073 A 029,3;A73;29,318;;Nürnberg;Bamberg;Bamberg;Nord/ Ost;;;6;3190273;12462;1;49,54248599;10,99318606;3;1,2,193;79965,79966,79967
ABDN;20200728;7;37;6;A29,3;NBA N-SW;A 073 A 029,3;A73;29,318;;Nürnberg;Bamberg;Bamberg;Nord/ Ost;AS (-) Eltersdorf (ERH 5);;4;3190273;12462;1;49,54259063;10,99320258;7;131,133,135,137,139,141,193;79862,79959,79960,79961,79962,79963,79964
ABDN;20200728;7;37;6;A29,9;NBA N-SW;A 073 A 029,9;A73;29,882;;Nürnberg;Bamberg;Bamberg;Nord/ Ost;Kreuz Fürth/ Erlangen (A73 (83));;4;3190279;12462;7;49,54757759;10,99336345;1;193;79848
ABDN;20200728;7;37;6;A29,9;NBA N-SW;A 073 A 029,9;A73;29,882;;Nürnberg;Bamberg;Bamberg;Nord/ Ost;Kreuz Fürth/ Erlangen (A73 (83));;4;3190279;12462;7;49,54781794;10,99337694;12;131,133,135,137,139,141,175,176,177,178,179,180;78926,78927,78983,79787,79788,79789,79790,79843,79844,79845,79846,79847
ABDN;20200728;7;37;6;A29,9;NBA N-SW;A 073 A 029,9;A73;29,882;;Nürnberg;Bamberg;Bamberg;Nord/ Ost;Kreuz Fürth/ Erlangen (A73 (83));;6;3190279;12462;7;49,54757759;10,99336345;3;1,2,193;79849,79850,79851
ABDN;20200728;7;37;6;A30,9;NBA N-SW;A 073 A 030,9;A73;30,878;;Nürnberg;Bamberg;Bamberg;Nord/ Ost;Kreuz Fürth/ Erlangen (A73 (83));;6;3190290;12462;18;49,55655343;10,99274212;3;1,2,193;78923,78924,78925
ABDN;20200728;7;37;6;A30,9;NBA N-SW;A 073 A 030,9;A73;30,878;;Nürnberg;Bamberg;Bamberg;Nord/ Ost;Kreuz Fürth/ Erlangen (A73 (83));;4;3190290;12462;18;49,55651924;10,99276;1;133;78921
ABDN;20200728;7;37;6;A30,9;NBA N-SW;A 073 A 030,9;A73;30,878;;Nürnberg;Bamberg;Bamberg;Nord/ Ost;Kreuz Fürth/ Erlangen (A73 (83));;4;3190290;12462;18;49,55655343;10,99274212;1;193;78922
ABDN;20200728;7;37;6;A30,9;NBA N-SW;A 073 A 030,9;A73;30,878;;Nürnberg;Bamberg;Bamberg;Nord/ Ost;AS (-) Eltersdorf;Kreuz Fürth/ Erlangen (A73 (83));4;3190290;12462;18;49,55334279;10,99295489;1;131;78920
ABDN;20200728;7;37;6;A31,4;NBA N-SW;A 073 A 031,4;A73;31,362;;Nürnberg;Bamberg;Bamberg;Nord/ Ost;Kreuz Fürth/ Erlangen (A73 (83));;4;3190529;12463;1;49,5607568;10,99229734;1;131;79968
ABDN;20200728;7;37;6;A31,4;NBA N-SW;A 073 A 031,4;A73;31,362;;Nürnberg;Bamberg;Bamberg;Nord/ Ost;Kreuz Fürth/ Erlangen (A73 (83));;4;3190529;12463;1;49,56086531;10,99229534;1;193;79969
ABDN;20200728;7;37;6;A31,4;NBA N-SW;A 073 A 031,4;A73;31,362;;Nürnberg;Bamberg;Bamberg;Nord/ Ost;Kreuz Fürth/ Erlangen (A73 (83));;6;3190529;12463;1;49,56086531;10,99229534;3;1,2,193;79970,79971,79972
ABDN;20200728;7;29;16;A320,1;NBA N-Wzbg. Umrüstung Mst.;A 003 A 320,1;A3;320,1;;Nürnberg;Würzburg;Regensburg;Nord/ Ost;AS 75 Wiesentheid (B286);;1;2775907;10843;99;49,77526637;10,34935047;2;1,2;81007,81008
ABDN;20200728;7;29;16;A320,1;NBA N-Wzbg. Umrüstung Mst.;A 003 A 320,1;A3;320,1;;Nürnberg;Schweinfurt;Regensburg;Nord/ Ost;AS 75 Wiesentheid (B286);;1;2775907;10843;99;49,77565463;10,35007717;1;65;81011
ABDN;20200728;7;29;16;A320,1;NBA N-Wzbg. Umrüstung Mst.;A 003 A 320,1;A3;320,1;;Würzburg;Nürnberg;Regensburg;Süd/ West;AS 75 Wiesentheid (B286);;1;2775907;10843;99;49,77500138;10,34279663;2;33,34;81009,81010
ABDN;20200728;7;29;16;A320,1;NBA N-Wzbg. Umrüstung Mst.;A 003 A 320,1;A3;320,1;;Würzburg;Nürnberg;Regensburg;Süd/ West;AS 75 Wiesentheid (B286);;6;2775907;10843;99;49,77494792;10,34280318;2;1,2;81015,81016
ABDN;20200728;7;29;16;A320,1;NBA N-Wzbg. Umrüstung Mst.;A 003 A 320,1;A3;320,1;;Würzburg;Neustadt/ Aisch;Regensburg;Süd/ West;AS 75 Wiesentheid (B286);;1;2775907;10843;99;49,77470558;10,34259339;1;97;81013
ABDN;20200728;7;29;16;A320,1;NBA N-Wzbg. Umrüstung Mst.;A 003 A 320,1;A3;320,1;;Schweinfurt;Würzburg;Regensburg;Nord/ Ost;AS 75 Wiesentheid (B286);;1;2775907;10843;99;49,77557184;10,34920365;1;129;81012
ABDN;20200728;7;29;16;A320,1;NBA N-Wzbg. Umrüstung Mst.;A 003 A 320,1;A3;320,1;;Neustadt/ Aisch;Nürnberg;Regensburg;Süd/ West;AS 75 Wiesentheid (B286);;1;2775907;10843;99;49,77476059;10,34360805;1;161;81014
ABDN;20200728;7;28;18;A630,8;DZS 8+1;A 007 A 630,8;A7;630,792;;Fulda;Würzburg;Ulm;Süd/ West;AS 97 Hammelburg (B287);AS 98 Schweinfurt/ Niederwerrn (B303);1;3147102;12293;94;50,06841713;10,04096566;2;33,34;81177,81178
ABDN;20200728;7;28;18;A630,8;DZS 8+1;A 007 A 630,8;A7;630,792;;Fulda;Würzburg;Ulm;Süd/ West;AS 97 Hammelburg (B287);AS 98 Schweinfurt/ Niederwerrn (B303);6;3147102;12293;94;50,06839906;10,04094811;1;1;81179
ABDN;20200728;7;28;18;A630,8;DZS 8+1;A 007 A 630,8;A7;630,792;;Würzburg;Fulda;Ulm;Nord/ Ost;AS 98 Schweinfurt/ Niederwerrn (B303);AS 97 Hammelburg (B287);1;3147102;12293;94;50,06916942;10,04010317;2;1,2;81175,81176
ABDN;20200728;7;28;7;A636,7;NBA N-SW;A 007 A 636,7;A7;636,72;;Fulda;Würzburg;Ulm;Süd/ West;AS 98 Schweinfurt/ Niederwerrn (B303);99 Dreieck Schweinfurt/ Werneck (A70(2));6;3146806;12292;54;50,02172254;10,06823024;2;1,2;81259,81260
ABDN;20200728;7;28;7;A636,7;NBA N-SW;A 007 A 636,7;A7;636,72;;Würzburg;Fulda;Ulm;Nord/ Ost;99 Dreieck Schweinfurt/ Werneck (A70(2));AS 98 Schweinfurt/ Niederwerrn (B303);1;3146806;12292;54;50,02164379;10,06867299;2;1,2;81255,81256
ABDN;20200728;7;28;7;A636,7;NBA N-SW;A 007 A 636,7;A7;636,72;;Fulda;Würzburg;Ulm;Süd/ West;AS 98 Schweinfurt/ Niederwerrn (B303);99 Dreieck Schweinfurt/ Werneck (A70(2));1;3146806;12292;54;50,0217078;10,06830966;2;33,34;81257,81258
ABDN;20200728;7;28;7;A636,7;NBA N-SW;A 007 A 636,7;A7;636,7;;Fulda;Würzburg;Würzburg;Süd/ West;AS 98 Schweinfurt/ Niederwerrn (B303);99 Dreieck Schweinfurt/ Werneck (A70(2));6;3146805;12292;53;50,02172254;10,06823024;3;1,2,193;81252,81253,81254
ABDN;20200728;7;28;7;A636,7;NBA N-SW;A 007 A 636,7;A7;636,7;;Fulda;Würzburg;Würzburg;Süd/ West;AS 98 Schweinfurt/ Niederwerrn (B303);99 Dreieck Schweinfurt/ Werneck (A70(2));4;3146805;12292;53;50,02127294;10,06807567;6;163,165,167,169,171,173;81180,81181,81182,81183,81184,81250
ABDN;20200728;7;28;7;A636,7;NBA N-SW;A 007 A 636,7;A7;636,7;;Fulda;Würzburg;Würzburg;Süd/ West;AS 98 Schweinfurt/ Niederwerrn (B303);99 Dreieck Schweinfurt/ Werneck (A70(2));4;3146805;12292;53;50,02172254;10,06823024;1;193;81251
ABDN;20200728;7;28;7;A637,3;NBA N-SW;A 007 A 637,3;A7;637,302;;Fulda;Würzburg;Würzburg;Süd/ West;AS 98 Schweinfurt/ Niederwerrn (B303);99 Dreieck Schweinfurt/ Werneck (A70(2));4;3146811;12292;59;50,01614276;10,06674503;12;163,165,167,169,171,173,175,176,177,178,179,180;81261,81262,81263,81264,81265,81266,81267,81330,81331,81332,81333,81334
ABDN;20200728;7;28;7;A637,3;NBA N-SW;A 007 A 637,3;A7;637,302;;Fulda;Würzburg;Würzburg;Süd/ West;AS 98 Schweinfurt/ Niederwerrn (B303);99 Dreieck Schweinfurt/ Werneck (A70(2));4;3146811;12292;59;50,01641929;10,06669935;1;193;81335
ABDN;20200728;7;28;7;A637,3;NBA N-SW;A 007 A 637,3;A7;637,302;;Fulda;Würzburg;Würzburg;Süd/ West;AS 98 Schweinfurt/ Niederwerrn (B303);99 Dreieck Schweinfurt/ Werneck (A70(2));6;3146811;12292;59;50,01641929;10,06669935;3;1,2,193;81336,81337,81338
ABDN;20200728;7;28;7;A638,1;NBA N-SW;A 007 A 638,1;A7;638,133;;Fulda;Würzburg;Würzburg;Süd/ West;AS 98 Schweinfurt/ Niederwerrn (B303);99 Dreieck Schweinfurt/ Werneck (A70(2));6;3146819;12292;67;50,00979066;10,07139448;3;1,2,193;81414,81415,81416
ABDN;20200728;7;28;7;A638,1;NBA N-SW;A 007 A 638,1;A7;638,133;;Fulda;Würzburg;Würzburg;Süd/ West;AS 98 Schweinfurt/ Niederwerrn (B303);99 Dreieck Schweinfurt/ Werneck (A70(2));4;3146819;12292;67;50,00969837;10,07165104;12;163,165,167,169,171,173,175,176,177,178,179,180;81339,81340,81341,81342,81343,81344,81345,81346,81409,81410,81411,81412
ABDN;20200728;7;28;7;A638,1;NBA N-SW;A 007 A 638,1;A7;638,133;;Fulda;Würzburg;Würzburg;Süd/ West;AS 98 Schweinfurt/ Niederwerrn (B303);99 Dreieck Schweinfurt/ Werneck (A70(2));4;3146819;12292;67;50,00979066;10,07139448;1;193;81413
ABDN;20200728;7;28;7;A638,8;NBA N-SW;A 007 A 638,8;A7;638,82;;Fulda;Würzburg;A70/B26a;Süd/ West;99 Dreieck Schweinfurt/ Werneck (A70(2));99 Dreieck Schweinfurt/ Werneck (A70(2));6;3146826;12292;74;50,00487491;10,07685504;3;1,2,193;81420,81421,81422
ABDN;20200728;7;28;7;A638,8;NBA N-SW;A 007 A 638,8;A7;638,82;;Fulda;Würzburg;A70/B26a;Süd/ West;99 Dreieck Schweinfurt/ Werneck (A70(2));99 Dreieck Schweinfurt/ Werneck (A70(2));4;3146826;12292;74;50,00696497;10,0753657;1;163;81417
ABDN;20200728;7;28;7;A638,8;NBA N-SW;A 007 A 638,8;A7;638,82;;Fulda;Bamberg;A70/B26a;Nord/ Ost;99 Dreieck Schweinfurt/ Werneck (A70(2));99 Dreieck Schweinfurt/ Werneck (A70(2));4;3146826;12292;74;50,0046405;10,07696591;1;165;81418
ABDN;20200728;7;28;7;A638,8;NBA N-SW;A 007 A 638,8;A7;638,82;;Fulda;Würzburg;A70/B26a;Süd/ West;99 Dreieck Schweinfurt/ Werneck (A70(2));99 Dreieck Schweinfurt/ Werneck (A70(2));4;3146826;12292;74;50,00487491;10,07685504;1;193;81419
ABDN;20200728;7;28;7;A641,2;NBA N-SW;A 007 A 641,2;A7;641,194;;Fulda;Würzburg;Ulm;Süd/ West;99 Dreieck Schweinfurt/ Werneck (A70(2));AS 100 Gramschatzer Wald;1;3146772;12292;20;49,98879353;10,06228016;2;33,34;81425,81426
ABDN;20200728;7;28;7;A641,2;NBA N-SW;A 007 A 641,2;A7;641,194;;Würzburg;Fulda;Ulm;Nord/ Ost;AS 100 Gramschatzer Wald;99 Dreieck Schweinfurt/ Werneck (A70(2));1;3146772;12292;20;49,98862177;10,06239663;2;1,2;81423,81424
ABDN;20200728;7;28;7;A641,2;NBA N-SW;A 007 A 641,2;A7;641,194;;Fulda;Würzburg;Ulm;Süd/ West;99 Dreieck Schweinfurt/ Werneck (A70(2));AS 100 Gramschatzer Wald;6;3146772;12292;20;49,98900707;10,06214914;5;1,2,3,4,5;81427,81491,81492,81493,81494
ABDN;20200728;7;28;7;A651,6;NBA N-SW;A 007 A 651,6;A7;651,622;;Erbshausen;Fulda;Ulm;Nord/ Ost;AS 100 Gramschatzer Wald;;1;3146876;12292;124;49,91217966;9,99863425;1;129;81500
ABDN;20200728;7;28;7;A651,6;NBA N-SW;A 007 A 651,6;A7;651,622;;Fulda;St 2294;Ulm;Süd/ West;AS 100 Gramschatzer Wald;;1;3146876;12292;124;49,91115018;9,99726676;1;97;81501
ABDN;20200728;7;28;7;A651,6;NBA N-SW;A 007 A 651,6;A7;651,622;;Fulda;Würzburg;Ulm;Süd/ West;AS 100 Gramschatzer Wald;;1;3146876;12292;124;49,91128073;9,99778346;2;33,34;81497,81498
ABDN;20200728;7;28;7;A651,6;NBA N-SW;A 007 A 651,6;A7;651,622;;Fulda;Würzburg;Ulm;Süd/ West;AS 100 Gramschatzer Wald;;6;3146876;12292;124;49,91126591;9,99768393;2;1,2;81503,81504
ABDN;20200728;7;28;7;A651,6;NBA N-SW;A 007 A 651,6;A7;651,622;;St 2294;;Ulm;Süd/ West;AS 100 Gramschatzer Wald;;1;3146876;12292;124;49,9111318;9,9972953;1;161;81502
ABDN;20200728;7;28;7;A651,6;NBA N-SW;A 007 A 651,6;A7;651,622;;Würzburg;Fulda;Ulm;Nord/ Ost;AS 100 Gramschatzer Wald;;1;3146876;12292;124;49,91209673;9,99794052;2;1,2;81495,81496
ABDN;20200728;7;28;7;A651,6;NBA N-SW;A 007 A 651,6;A7;651,622;;Würzburg;Erbshausen;Ulm;Nord/ Ost;AS 100 Gramschatzer Wald;;1;3146876;12292;124;49,91211783;9,99862061;1;65;81499
ABDN;20200728;7;28;7;A659,2;NBA N-SW;A 007 A 659,2;A7;659,2;;Fulda;Würzburg;Ulm;Süd/ West;101 AS Würzburg/ Estenfeld (B19);;1;3146058;12289;74;49,84656123;10,0078516;1;97;81591
ABDN;20200728;7;28;7;A659,2;NBA N-SW;A 007 A 659,2;A7;659,2;;Fulda;Würzburg;Ulm;Süd/ West;101 AS Würzburg/ Estenfeld (B19);;6;3146058;12289;74;49,84734875;10,00821744;4;1,2,3,4;81656,81657,81658,81659
ABDN;20200728;7;28;7;A659,2;NBA N-SW;A 007 A 659,2;A7;659,2;;Würzburg;Fulda;Ulm;Nord/ Ost;101 AS Würzburg/ Estenfeld (B19);;1;3146058;12289;74;49,84839316;10,0071292;1;81;81655
ABDN;20200728;7;28;7;A659,2;NBA N-SW;A 007 A 659,2;A7;659,2;;Würzburg;Würzburg;Ulm;Nord/ Ost;101 AS Würzburg/ Estenfeld (B19);;1;3146058;12289;74;49,84859156;10,00866819;1;65;81589
ABDN;20200728;7;28;7;A659,2;NBA N-SW;A 007 A 659,2;A7;659,2;;Schweinfurt;Würzburg;Ulm;Süd/ West;101 AS Würzburg/ Estenfeld (B19);;1;3146058;12289;74;49,8465574;10,00791443;1;161;81592
ABDN;20200728;7;28;7;A659,2;NBA N-SW;A 007 A 659,2;A7;659,2;;Schweinfurt;Fulda;Ulm;Nord/ Ost;101 AS Würzburg/ Estenfeld (B19);;1;3146058;12289;74;49,84865564;10,00862862;1;129;81590
ABDN;20200728;7;28;7;A659,6;NBA N-SW;A 007 A 659,6;A7;659,58;;Würzburg;Schweinfurt;Ulm;Nord/ Ost;101 AS Würzburg/ Estenfeld (B19);;1;3145730;12288;2;49,84725;10,01261367;1;65;81665
ABDN;20200728;7;28;7;A659,6;NBA N-SW;A 007 A 659,6;A7;659,58;;Würzburg;Würzburg;Ulm;Süd/ West;101 AS Würzburg/ Estenfeld (B19);;1;3145730;12288;2;49,84542097;10,01214192;1;161;81668
ABDN;20200728;7;28;7;A659,6;NBA N-SW;A 007 A 659,6;A7;659,58;;Würzburg;Fulda;Ulm;Süd/ West;101 AS Würzburg/ Estenfeld (B19);;6;3145730;12288;2;49,84575067;10,01258571;1;1;81669
ABDN;20200728;7;28;7;A659,6;NBA N-SW;A 007 A 659,6;A7;659,58;;Würzburg;Fulda;Ulm;Nord/ Ost;101 AS Würzburg/ Estenfeld (B19);;1;3145730;12288;2;49,84721251;10,01239216;1;129;81666
ABDN;20200728;7;28;7;A659,6;NBA N-SW;A 007 A 659,6;A7;659,58;;Würzburg;Fulda;Ulm;Nord/ Ost;101 AS Würzburg/ Estenfeld (B19);;1;3145730;12288;2;49,84610072;10,01287743;2;1,2;81660,81661
ABDN;20200728;7;28;7;A659,6;NBA N-SW;A 007 A 659,6;A7;659,58;;Fulda;Schweinfurt;Ulm;Süd/ West;101 AS Würzburg/ Estenfeld (B19);;1;3145730;12288;2;49,84546727;10,01206567;1;97;81667
ABDN;20200728;7;28;7;A659,6;NBA N-SW;A 007 A 659,6;A7;659,58;;Fulda;Würzburg;Ulm;Süd/ West;101 AS Würzburg/ Estenfeld (B19);;1;3145730;12288;2;49,84591042;10,01272026;2;33,34;81662,81663
ABDN;20200728;7;28;7;A659,6;NBA N-SW;A 007 A 659,6;A7;659,58;;Fulda;Würzburg;Ulm;Süd/ West;101 AS Würzburg/ Estenfeld (B19);;1;3145730;12288;2;49,8458237;10,0126473;1;113;81664
ABDN;20200728;7;28;7;A659,6;NBA N-SW;A 007 A 659,6;A7;659,58;;Fulda;Würzburg;Ulm;Süd/ West;101 AS Würzburg/ Estenfeld (B19);;6;3145730;12288;2;49,84575067;10,01258571;3;2,3,4;81670,81671,81672
ABDN;20200728;7;28;18;A663,8;NBA N-Wzbg. Umrüstung Mst.;A 007 A 663,8;A7;663,8;;Fulda;Würzburg;Ulm;Süd/ West;101 AS Würzburg/ Estenfeld (B19);102 Kreuz Biebelried (A7(73));1;3145772;12288;44;49,81658048;10,04299873;2;33,34;80744,80745
ABDN;20200728;7;28;18;A663,8;NBA N-Wzbg. Umrüstung Mst.;A 007 A 663,8;A7;663,8;;Würzburg;Fulda;Ulm;Nord/ Ost;101 AS Würzburg/ Estenfeld (B19);102 Kreuz Biebelried (A7(73));1;3145772;12288;44;49,81656873;10,043433;2;1,2;80743,81989
ABDN;20200728;7;28;18;A663,8;NBA N-Wzbg. Umrüstung Mst.;A 007 A 663,8;A7;663,8;;Fulda;Würzburg;Ulm;Süd/ West;101 AS Würzburg/ Estenfeld (B19);102 Kreuz Biebelried (A7(73));6;3145772;12288;44;49,81658834;10,04289496;2;1,2;80746,80747
ABDN;20200728;7;28;18;A664,9;NBA N-Wzbg. Umrüstung Mst.;A 007 A 664,9;A7;664,9;;Fulda;Würzburg;Ulm;Süd/ West;101 AS Würzburg/ Estenfeld (B19);102 Kreuz Biebelried (A7(73));6;3145783;12288;55;49,80641578;10,04471923;2;1,2;80750,80751
ABDN;20200728;7;28;18;A664,9;NBA N-Wzbg. Umrüstung Mst.;A 007 A 664,9;A7;664,9;;Fulda;Würzburg;Ulm;Süd/ West;101 AS Würzburg/ Estenfeld (B19);102 Kreuz Biebelried (A7(73));1;3145783;12288;55;49,80645634;10,04495457;2;33,34;80748,80749
ABDN;20200728;7;28;18;A666,1;NBA N-Wzbg. Umrüstung Mst.;A 007 A 666,1;A7;666,1;;Fulda;Würzburg;Ulm;Süd/ West;101 AS Würzburg/ Estenfeld (B19);102 Kreuz Biebelried (A7(73));6;3145795;12288;67;49,79727326;10,05270718;2;1,2;80754,80755
ABDN;20200728;7;28;18;A666,1;NBA N-Wzbg. Umrüstung Mst.;A 007 A 666,1;A7;666,1;;Fulda;Würzburg;Ulm;Süd/ West;101 AS Würzburg/ Estenfeld (B19);102 Kreuz Biebelried (A7(73));1;3145795;12288;67;49,79731201;10,05275862;2;33,34;80752,80753
ABDN;20200728;7;28;18;A666,9;NBA N-Wzbg. Umrüstung Mst.;A 007 A 666,9;A7;666,9;;Fulda;Würzburg;Ulm;Süd/ West;101 AS Würzburg/ Estenfeld (B19);102 Kreuz Biebelried (A7(73));6;3145803;12288;75;49,79239897;10,06105924;2;1,2;80758,80759
ABDN;20200728;7;28;18;A666,9;NBA N-Wzbg. Umrüstung Mst.;A 007 A 666,9;A7;666,9;;Fulda;Würzburg;Ulm;Süd/ West;101 AS Würzburg/ Estenfeld (B19);102 Kreuz Biebelried (A7(73));1;3145803;12288;75;49,79245066;10,06102015;2;33,34;80756,80757
ABDN;20200728;7;30;14;A672,1;NBA N-Wzbg. Umrüstung Mst.;A 007 A 672,1;A7;672,05;;Ulm;Würzburg;Ulm;Nord/ Ost;AS 103 Kitzingern (B8);;1;3145217;12286;1;49,76082176;10,10517672;2;1,2;81350,81351
ABDN;20200728;7;30;14;A672,1;NBA N-Wzbg. Umrüstung Mst.;A 007 A 672,1;A7;672,05;;Ulm;Kitzingen;Ulm;Nord/ Ost;AS 103 Kitzingern (B8);;1;3145217;12286;1;49,76058699;10,10547173;1;65;81354
ABDN;20200728;7;30;14;A672,1;NBA N-Wzbg. Umrüstung Mst.;A 007 A 672,1;A7;672,05;;Würzburg;Ulm;Ulm;Süd/ West;AS 103 Kitzingern (B8);;1;3145217;12286;1;49,759465;10,10535079;2;33,34;81352,81353
ABDN;20200728;7;30;14;A672,1;NBA N-Wzbg. Umrüstung Mst.;A 007 A 672,1;A7;672,05;;Würzburg;Ulm;Ulm;Süd/ West;AS 103 Kitzingern (B8);;1;3145217;12286;1;49,75904655;10,10522141;1;161;81357
ABDN;20200728;7;30;14;A672,1;NBA N-Wzbg. Umrüstung Mst.;A 007 A 672,1;A7;672,05;;Würzburg;Ulm;Ulm;Süd/ West;AS 103 Kitzingern (B8);;6;3145217;12286;1;49,75945361;10,10527078;2;1,2;81358,81359
ABDN;20200728;7;30;14;A672,1;NBA N-Wzbg. Umrüstung Mst.;A 007 A 672,1;A7;672,05;;Würzburg;Würzburg;Ulm;Süd/ West;AS 103 Kitzingern (B8);;1;3145217;12286;1;49,75965006;10,10511095;1;97;81356
ABDN;20200728;7;30;14;A672,1;NBA N-Wzbg. Umrüstung Mst.;A 007 A 672,1;A7;672,05;;Kitzingen;Würzburg;Ulm;Nord/ Ost;AS 103 Kitzingern (B8);;1;3145217;12286;1;49,76110464;10,10548623;1;129;81355
ABDN;20200728;7;30;14;A677,6;NBA N-Wzbg. Umrüstung Mst.;A 007 A 677,6;A7;677,6;;Ulm;Würzburg;Ulm;Nord/ Ost;AS 104 Marktbreit;AS 103 Kitzingern (B8);1;3145272;12286;56;49,70999579;10,10388273;2;1,2;81360,81361
ABDN;20200728;7;30;14;A677,6;NBA N-Wzbg. Umrüstung Mst.;A 007 A 677,6;A7;677,6;;Würzburg;Ulm;Ulm;Süd/ West;AS 103 Kitzingern (B8);AS 104 Marktbreit;1;3145272;12286;56;49,70996461;10,10351639;2;33,34;81362,81363
ABDN;20200728;7;30;14;A677,6;NBA N-Wzbg. Umrüstung Mst.;A 007 A 677,6;A7;677,6;;Würzburg;Ulm;Ulm;Süd/ West;AS 103 Kitzingern (B8);AS 104 Marktbreit;6;3145272;12286;56;49,7099537;10,10344068;2;1,2;81364,81365
ABDN;20200728;7;30;14;A685,0;NBA N-Wzbg. Umrüstung Mst.;A 007 A 685,0;A7;684,95;;Marktbreit;Würzburg;Ulm;Nord/ Ost;AS 104 Marktbreit;;1;3145346;12286;130;49,65029952;10,14633237;1;129;81430
ABDN;20200728;7;30;14;A685,0;NBA N-Wzbg. Umrüstung Mst.;A 007 A 685,0;A7;684,95;;Würzburg;Ulm;Ulm;Süd/ West;AS 104 Marktbreit;;6;3145346;12286;130;49,65051652;10,14384699;2;1,2;81433,81434
ABDN;20200728;7;30;14;A685,0;NBA N-Wzbg. Umrüstung Mst.;A 007 A 685,0;A7;684,95;;Würzburg;Ulm;Ulm;Süd/ West;AS 104 Marktbreit;;1;3145346;12286;130;49,65056193;10,14389115;2;33,34;81368,81428
ABDN;20200728;7;30;14;A685,0;NBA N-Wzbg. Umrüstung Mst.;A 007 A 685,0;A7;684,95;;Würzburg;B13;Ulm;Süd/ West;AS 104 Marktbreit;;1;3145346;12286;130;49,65023123;10,143565;1;97;81431
ABDN;20200728;7;30;14;A685,0;NBA N-Wzbg. Umrüstung Mst.;A 007 A 685,0;A7;684,95;;Ulm;Marktrbreit;Ulm;Nord/ Ost;AS 104 Marktbreit;;1;3145346;12286;130;49,64996166;10,1467621;1;65;81429
ABDN;20200728;7;30;14;A685,0;NBA N-Wzbg. Umrüstung Mst.;A 007 A 685,0;A7;684,95;;Ulm;Würzburg;Ulm;Nord/ Ost;AS 104 Marktbreit;;1;3145346;12286;130;49,64997199;10,14624459;2;1,2;81366,81367
ABDN;20200728;7;30;14;A685,0;NBA N-Wzbg. Umrüstung Mst.;A 007 A 685,0;A7;684,95;;B13;;Ulm;Süd/ West;AS 104 Marktbreit;;1;3145346;12286;130;49,65018331;10,1437193;1;161;81432
ABDN;20200728;7;30;14;A702,6;DZS 8+1;A 007 A 702,6;A7;702,63;;Ulm;Würzburg;Ulm;Nord/ Ost;AS 106 Uffenheim-Langensteinach (B25);;1;3144798;12284;94;49,51014768;10,19745809;2;1,2;81445,81446
ABDN;20200728;7;30;14;A702,6;DZS 8+1;A 007 A 702,6;A7;702,63;;Würzburg;Ulm;Ulm;Süd/ West;AS 106 Uffenheim-Langensteinach (B25);;1;3144798;12284;94;49,51221846;10,19699289;2;33,34;81447,81448
ABDN;20200728;7;30;14;A702,6;DZS 8+1;A 007 A 702,6;A7;702,63;;Würzburg;Ulm;Ulm;Süd/ West;AS 106 Uffenheim-Langensteinach (B25);;6;3144798;12284;94;49,51221207;10,19691052;2;1,2;81515,81516
ABDN;20200728;7;30;14;A702,6;DZS 8+1;A 007 A 702,6;A7;702,63;;Würzburg;Rothenburg;Ulm;Süd/ West;AS 106 Uffenheim-Langensteinach (B25);;1;3144798;12284;94;49,51234975;10,1967132;1;97;81513
ABDN;20200728;7;30;14;A702,6;DZS 8+1;A 007 A 702,6;A7;702,63;;Uffenheim;Würzburg;Ulm;Nord/ Ost;AS 106 Uffenheim-Langensteinach (B25);;1;3144798;12284;94;49,51036579;10,1978056;1;129;81512
ABDN;20200728;7;30;14;A702,6;DZS 8+1;A 007 A 702,6;A7;702,63;;Rothenburg;Ulm;Ulm;Süd/ West;AS 106 Uffenheim-Langensteinach (B25);;1;3144798;12284;94;49,51202448;10,1966975;1;161;81514
ABDN;20200728;7;30;14;A702,6;DZS 8+1;A 007 A 702,6;A7;702,63;;Ulm;Uffenheim;Ulm;Nord/ Ost;AS 106 Uffenheim-Langensteinach (B25);;1;3144798;12284;94;49,51000198;10,19764822;1;65;81449
ABDN;20200728;7;30;14;A711,0;NBA N-Wzbg. Umrüstung Mst.;A 007 A 711,0;A7;710,97;;Ulm;Würzburg;Ulm;Nord/ Ost;AS 107 Bad Windsheim (B470);;1;3144530;12283;82;49,44528244;10,25266319;2;1,2;81517,81518
ABDN;20200728;7;30;14;A711,0;NBA N-Wzbg. Umrüstung Mst.;A 007 A 711,0;A7;710,97;;Ulm;Neustadt/ Aisch;Ulm;Nord/ Ost;AS 107 Bad Windsheim (B470);;1;3144530;12283;82;49,44518853;10,25300789;1;65;81521
ABDN;20200728;7;30;14;A711,0;NBA N-Wzbg. Umrüstung Mst.;A 007 A 711,0;A7;710,97;;Würzburg;Ulm;Ulm;Süd/ West;AS 107 Bad Windsheim (B470);;1;3144530;12283;82;49,44841131;10,24929426;2;33,34;81519,81520
ABDN;20200728;7;30;14;A711,0;NBA N-Wzbg. Umrüstung Mst.;A 007 A 711,0;A7;710,97;;Würzburg;Ulm;Ulm;Süd/ West;AS 107 Bad Windsheim (B470);;6;3144530;12283;82;49,44838276;10,24922848;2;1,2;81525,81526
ABDN;20200728;7;30;14;A711,0;NBA N-Wzbg. Umrüstung Mst.;A 007 A 711,0;A7;710,97;;Würzburg;Rothenburg;Ulm;Süd/ West;AS 107 Bad Windsheim (B470);;1;3144530;12283;82;49,44872438;10,24883337;1;97;81523
ABDN;20200728;7;30;14;A711,0;NBA N-Wzbg. Umrüstung Mst.;A 007 A 711,0;A7;710,97;;Rothenburg;Ulm;Ulm;Süd/ West;AS 107 Bad Windsheim (B470);;1;3144530;12283;82;49,44822253;10,24903001;1;161;81524
ABDN;20200728;7;30;14;A711,0;NBA N-Wzbg. Umrüstung Mst.;A 007 A 711,0;A7;710,97;;Neustadt/ Aisch;Würzburg;Ulm;Nord/ Ost;AS 107 Bad Windsheim (B470);;1;3144530;12283;82;49,44557026;10,25287911;1;129;81522
ABDN;20200728;7;30;14;A720,2;NBA N-Wzbg. Umrüstung Mst.;A 007 A 720,2;A7;720,18;;Ulm;Neusitz;Ulm;Nord/ Ost;AS 108 Rothenburg o.d.T.;;1;3144027;12281;91;49,37478372;10,21475109;1;65;81531
ABDN;20200728;7;30;14;A720,2;NBA N-Wzbg. Umrüstung Mst.;A 007 A 720,2;A7;720,18;;Neusitz;Würzburg;Ulm;Nord/ Ost;AS 108 Rothenburg o.d.T.;;1;3144027;12281;91;49,37540709;10,21477442;1;129;81532
ABDN;20200728;7;30;14;A720,2;NBA N-Wzbg. Umrüstung Mst.;A 007 A 720,2;A7;720,18;;Würzburg;Ulm;Ulm;Süd/ West;AS 108 Rothenburg o.d.T.;;1;3144027;12281;91;49,37716817;10,21516386;2;33,34;81529,81530
ABDN;20200728;7;30;14;A720,2;NBA N-Wzbg. Umrüstung Mst.;A 007 A 720,2;A7;720,18;;Würzburg;Ulm;Ulm;Süd/ West;AS 108 Rothenburg o.d.T.;;6;3144027;12281;91;49,37718855;10,21509098;2;1,2;81595,81596
ABDN;20200728;7;30;14;A720,2;NBA N-Wzbg. Umrüstung Mst.;A 007 A 720,2;A7;720,18;;Würzburg;Rothenburg;Ulm;Süd/ West;AS 108 Rothenburg o.d.T.;;1;3144027;12281;91;49,37763252;10,21514231;1;97;81593
ABDN;20200728;7;30;14;A720,2;NBA N-Wzbg. Umrüstung Mst.;A 007 A 720,2;A7;720,18;;Rothenburg;Ulm;Ulm;Süd/ West;AS 108 Rothenburg o.d.T.;;1;3144027;12281;91;49,37707444;10,21482222;1;161;81594
ABDN;20200728;7;30;14;A720,2;NBA N-Wzbg. Umrüstung Mst.;A 007 A 720,2;A7;720,18;;Ulm;Würzburg;Ulm;Nord/ Ost;AS 108 Rothenburg o.d.T.;;1;3144027;12281;91;49,37522364;10,21451197;2;1,2;81527,81528
ABDN;20200728;7;30;14;A727,7;NBA N-Wzbg. Umrüstung Mst.;A 007 A 727,7;A7;727,68;;Ulm;Würzburg;Ulm;Nord/ Ost;AS 109 Wörnitz  (B25);AS 108 Rothenburg o.d.T.;1;3143754;12280;74;49,31399364;10,20568214;2;1,2;81597,81598
ABDN;20200728;7;30;14;A727,7;NBA N-Wzbg. Umrüstung Mst.;A 007 A 727,7;A7;727,68;;Würzburg;Ulm;Ulm;Süd/ West;AS 108 Rothenburg o.d.T.;AS 109 Wörnitz  (B25);1;3143754;12280;74;49,31382186;10,20535606;1;34;81600
ABDN;20200728;7;30;14;A727,7;NBA N-Wzbg. Umrüstung Mst.;A 007 A 727,7;A7;727,68;;Würzburg;Ulm;Ulm;Süd/ West;AS 108 Rothenburg o.d.T.;AS 109 Wörnitz  (B25);6;3143754;12280;74;49,31394716;10,20521243;2;1,2;81601,81602
ABDN;20200728;7;30;14;A727,7;NBA N-Wzbg. Umrüstung Mst.;A 007 A 727,7;A7;727,68;;Würzburg;Ulm;Ulm;Süd/ West;AS 108 Rothenburg o.d.T.;AS (109) Wörnitz  (B25);1;3143754;12280;74;49,31382186;10,20535606;1;33;81599
ABDN;20200728;7;30;14;A734,4;NBA N-Wzbg. Umrüstung Mst.;A 007 A 734,4;A7;734,365;;Ulm;Würzburg;Ulm;Nord/ Ost;AS 109 Wörnitz  (B25);;1;3143426;12279;2;49,26206063;10,23374064;2;1,2;81603,81604
ABDN;20200728;7;30;14;A734,4;NBA N-Wzbg. Umrüstung Mst.;A 007 A 734,4;A7;734,365;;Ulm;Feuchtwangen;Ulm;Nord/ Ost;AS 109 Wörnitz  (B25);;1;3143426;12279;2;49,26187136;10,23379486;1;65;81607
ABDN;20200728;7;30;14;A734,4;NBA N-Wzbg. Umrüstung Mst.;A 007 A 734,4;A7;734,365;;Würzburg;Ulm;Ulm;Süd/ West;AS 109 Wörnitz  (B25);;1;3143426;12279;2;49,25944657;10,23160344;2;33,34;81605,81606
ABDN;20200728;7;30;14;A734,4;NBA N-Wzbg. Umrüstung Mst.;A 007 A 734,4;A7;734,365;;Würzburg;Ulm;Ulm;Süd/ West;AS 109 Wörnitz  (B25);;6;3143426;12279;2;49,25946577;10,23153355;2;1,2;81611,81612
ABDN;20200728;7;30;14;A734,4;NBA N-Wzbg. Umrüstung Mst.;A 007 A 734,4;A7;734,365;;Würzburg;Rothenburg;Ulm;Süd/ West;AS 109 Wörnitz  (B25);;1;3143426;12279;2;49,25965461;10,2315262;1;97;81609
ABDN;20200728;7;30;14;A734,4;NBA N-Wzbg. Umrüstung Mst.;A 007 A 734,4;A7;734,365;;Rothenburg;Ulm;Ulm;Süd/ West;AS 109 Wörnitz  (B25);;1;3143426;12279;2;49,25945715;10,23114395;1;161;81610
ABDN;20200728;7;30;14;A734,4;NBA N-Wzbg. Umrüstung Mst.;A 007 A 734,4;A7;734,365;;Feuchtwangen;Würzburg;Ulm;Nord/ Ost;AS 109 Wörnitz  (B25);;1;3143426;12279;2;49,26221071;10,23414899;1;129;81608
ABDN;20200728;7;31;15;A736,6;NBA N-Wzbg. Umrüstung Mst.;A 006 A 736,6;A6;736,615;;Nürnberg;Heilbronn;Nürnberg;Nord/ Ost;AS 51 Herrieden ;;6;3047682;11905;2;49,26114832;10,50546711;2;1,2;81191,81192
ABDN;20200728;7;31;15;A736,6;NBA N-Wzbg. Umrüstung Mst.;A 006 A 736,6;A6;736,615;;Nürnberg;Heilbronn;Nürnberg;Süd/ West;AS 51 Herrieden ;;1;3047682;11905;2;49,25996674;10,50123125;2;33,34;81185,81186
ABDN;20200728;7;31;15;A736,6;NBA N-Wzbg. Umrüstung Mst.;A 006 A 736,6;A6;736,615;;Nürnberg;Elpersdorf, B14;Nürnberg;Süd/ West;AS 51 Herrieden ;;1;3047682;11905;2;49,2602686;10,50168445;1;97;81188
ABDN;20200728;7;31;15;A736,6;NBA N-Wzbg. Umrüstung Mst.;A 006 A 736,6;A6;736,615;;Heilbronn;Nürnberg;Nürnberg;Nord/ Ost;AS 51 Herrieden ;;1;3047682;11905;2;49,26121166;10,50547874;2;1,2;81120,81203
ABDN;20200728;7;31;15;A736,6;NBA N-Wzbg. Umrüstung Mst.;A 006 A 736,6;A6;736,615;;Heilbronn;Herrieden;Nürnberg;Nord/ Ost;AS 51 Herrieden ;;1;3047682;11905;2;49,26094322;10,50503213;1;65;81187
ABDN;20200728;7;31;15;A736,6;NBA N-Wzbg. Umrüstung Mst.;A 006 A 736,6;A6;736,615;;Herrieden;Nürnberg;Nürnberg;Nord/ Ost;AS 51 Herrieden ;;1;3047682;11905;2;49,26091406;10,50597632;1;129;81189
ABDN;20200728;7;31;15;A736,6;NBA N-Wzbg. Umrüstung Mst.;A 006 A 736,6;A6;736,615;;Elpersdorf, B14;Heilbronn;Nürnberg;Süd/ West;AS 51 Herrieden ;;1;3047682;11905;2;49,26017599;10,50078473;1;161;81190
ABDN;20200728;7;30;14;A740,0;DZS 8+1;A 007 A 740,0;A7;740,04;;Würzburg;Ulm;Ulm;Süd/ West;AS 109 Wörnitz  (B25);110 Kreuz Feuchtwangen/ Crailsheim (A6(48));6;3143483;12279;59;49,2139677;10,22595448;2;1,2;81679,81680
ABDN;20200728;7;30;14;A740,0;DZS 8+1;A 007 A 740,0;A7;740,04;;Würzburg;Ulm;Ulm;Süd/ West;AS 109 Wörnitz  (B25);110 Kreuz Feuchtwangen/ Crailsheim (A6(48));1;3143483;12279;59;49,21401109;10,2259389;2;33,34;81677,81678
ABDN;20200728;7;30;14;A740,0;DZS 8+1;A 007 A 740,0;A7;740,04;;Ulm;Würzburg;Ulm;Nord/ Ost;110 Kreuz Feuchtwangen/ Crailsheim (A6(48));AS 109 Wörnitz  (B25);1;3143483;12279;59;49,21413677;10,22623753;2;1,2;81613,81676
ABDN;20200728;7;30;14;A741,1;NBA N-Wzbg. Umrüstung Mst.;A 007 A 741,1;A7;741,06;;Würzburg;Ulm;Ulm;Süd/ West;110 Kreuz Feuchtwangen/ Crailsheim (A6(48));;1;3143493;12279;69;49,20614155;10,231986;2;33,34;81683,81684
ABDN;20200728;7;30;14;A741,1;NBA N-Wzbg. Umrüstung Mst.;A 007 A 741,1;A7;741,06;;Ulm;Würzburg;Ulm;Nord/ Ost;110 Kreuz Feuchtwangen/ Crailsheim (A6(48));;1;3143493;12279;69;49,20669347;10,23205322;2;1,2;81681,81682
ABDN;20200728;7;30;14;A741,1;NBA N-Wzbg. Umrüstung Mst.;A 007 A 741,1;A7;741,06;;;;Ulm;Süd/ West;110 Kreuz Feuchtwangen/ Crailsheim (A6(48));;1;3143493;12279;69;;;2;97,113;81685,81686
ABDN;20200728;7;30;14;A741,1;NBA N-Wzbg. Umrüstung Mst.;A 007 A 741,1;A7;741,06;;;;Ulm;Nord/ Ost;110 Kreuz Feuchtwangen/ Crailsheim (A6(48));;1;3143493;12279;69;;;2;129,145;81687,81688
ABDN;20200728;7;30;14;A741,1;NBA N-Wzbg. Umrüstung Mst.;A 007 A 741,1;A7;741,06;;Würzburg;Ulm;Ulm;Süd/ West;110 Kreuz Feuchtwangen/ Crailsheim (A6(48));;6;3143493;12279;69;49,20554747;10,23201842;2;1,2;81689,81690
ABDN;20200728;7;31;15;A742,7;NBA N-Wzbg. Umrüstung Mst.;A 006 A 742,7;A6;742,74;;Ansbach;Heilbronn;Nürnberg;Süd/ West;AS 52 Ansbach (B13);;1;3047743;11905;63;49,25829615;10,58466788;1;161;81907
ABDN;20200728;7;31;15;A742,7;NBA N-Wzbg. Umrüstung Mst.;A 006 A 742,7;A6;742,74;;Nürnberg;Ansbach;Nürnberg;Süd/ West;AS 52 Ansbach (B13);;1;3047743;11905;63;49,25786594;10,58572986;1;97;81198
ABDN;20200728;7;31;15;A742,7;NBA N-Wzbg. Umrüstung Mst.;A 006 A 742,7;A6;742,74;;Nürnberg;Heilbronn;Nürnberg;Nord/ Ost;AS 52 Ansbach (B13);;6;3047743;11905;63;49,25726041;10,58691684;2;1,2;81908,81909
ABDN;20200728;7;31;15;A742,7;NBA N-Wzbg. Umrüstung Mst.;A 006 A 742,7;A6;742,74;;Nürnberg;Heilbronn;Nürnberg;Süd/ West;AS 52 Ansbach (B13);;1;3047743;11905;63;49,25781757;10,58493477;2;33,34;81195,81196
ABDN;20200728;7;31;15;A742,7;NBA N-Wzbg. Umrüstung Mst.;A 006 A 742,7;A6;742,74;;Heilbronn;Nürnberg;Nürnberg;Nord/ Ost;AS 52 Ansbach (B13);;1;3047743;11905;63;49,25732288;10,58688026;2;1,2;81193,81194
ABDN;20200728;7;31;15;A742,7;NBA N-Wzbg. Umrüstung Mst.;A 006 A 742,7;A6;742,74;;Heilbronn;Gunzenhausen;Nürnberg;Nord/ Ost;AS 52 Ansbach (B13);;1;3047743;11905;63;49,25723707;10,58622717;1;65;81197
ABDN;20200728;7;31;15;A742,7;NBA N-Wzbg. Umrüstung Mst.;A 006 A 742,7;A6;742,74;;Gunzenhausen;Nürnberg;Nürnberg;Nord/ Ost;AS 52 Ansbach (B13);;1;3047743;11905;63;49,25690862;10,58756521;1;129;81906
ABDN;20200728;7;30;14;A742,9;DZS 8+1;A 007 A 742,9;A7;742,87;;Ulm;Würzburg;Ulm;Nord/ Ost;AS 111 Feuchtwangen-West (B14);110 Kreuz Feuchtwangen/ Crailsheim (A6(48));1;3143183;12278;15;49,19024179;10,23718769;2;1,2;81691,81692
ABDN;20200728;7;30;14;A742,9;DZS 8+1;A 007 A 742,9;A7;742,87;;Würzburg;Ulm;Ulm;Süd/ West;110 Kreuz Feuchtwangen/ Crailsheim (A6(48));AS (111) Feuchtwangen-West (B14);1;3143183;12278;15;49,19021775;10,23683535;2;33,34;81693,81694
ABDN;20200728;7;30;14;A742,9;DZS 8+1;A 007 A 742,9;A7;742,87;;Würzburg;Ulm;Ulm;Süd/ West;110 Kreuz Feuchtwangen/ Crailsheim (A6(48));AS (111) Feuchtwangen-West (B14);6;3143183;12278;15;49,1901338;10,23676922;2;1,2;81695,81696
ABDN;20200728;7;31;15;A775,7;NBA N-Wzbg. Umrüstung Mst.;A 006 A 775,7;A6;775,74;;Nürnberg;Heilbronn;Nürnberg;Nord/ Ost;AS 55 Schwabach-West (B466);;6;3048607;11908;159;49,30996626;11,00177628;2;1,2;82009,82010
ABDN;20200728;7;31;15;A775,7;NBA N-Wzbg. Umrüstung Mst.;A 006 A 775,7;A6;775,74;;Nürnberg;Schwabach;Nürnberg;Süd/ West;AS 55 Schwabach-West (B466);;1;3048607;11908;159;49,31051346;10,99799472;1;97;82006
ABDN;20200728;7;31;15;A775,7;NBA N-Wzbg. Umrüstung Mst.;A 006 A 775,7;A6;775,74;;Heilbronn;Nürnberg;Nürnberg;Nord/ Ost;AS 55 Schwabach-West (B466);;1;3048607;11908;159;49,31001585;11,00184197;2;1,2;82001,82002
ABDN;20200728;7;31;15;A775,7;NBA N-Wzbg. Umrüstung Mst.;A 006 A 775,7;A6;775,74;;Heilbronn;Gunzenhausen;Nürnberg;Nord/ Ost;AS 55 Schwabach-West (B466);;1;3048607;11908;159;49,30995603;11,00116158;1;65;82005
ABDN;20200728;7;31;15;A775,7;NBA N-Wzbg. Umrüstung Mst.;A 006 A 775,7;A6;775,74;;Schwabach;Heilbronn;Nürnberg;Süd/ West;AS 55 Schwabach-West (B466);;1;3048607;11908;159;49,31082469;10,99711276;1;161;82008
ABDN;20200728;7;31;15;A775,7;NBA N-Wzbg. Umrüstung Mst.;A 006 A 775,7;A6;775,74;;Gunzenhausen;Nürnberg;Nürnberg;Nord/ Ost;AS 55 Schwabach-West (B466);;1;3048607;11908;159;49,30967985;11,00198353;1;129;82007
ABDN;20200728;7;31;15;A775,7;NBA N-Wzbg. Umrüstung Mst.;A 006 A 775,7;A6;775,74;;Nürnberg;Heilbronn;Nürnberg;Süd/ West;AS 55 Schwabach-West (B466);;1;3048607;11908;159;49,31046976;10,99740608;2;33,34;82003,82004
ABDN;20200728;7;28;19;Biebelried AQ 4;NBA N/Wü;A 007 A 668,2;A7;668,243;;Fulda;Würzburg;Ulm;Süd/ West;101 AS Würzburg/ Estenfeld (B19);102 Kreuz Biebelried (A7(73));6;3145816;12288;88;49,78758428;10,07801944;3;1,2,193;81737,81738,81739
ABDN;20200728;7;28;19;Biebelried AQ 4;NBA N/Wü;A 007 A 668,2;A7;668,243;;Fulda;Würzburg;Ulm;Süd/ West;101 AS Würzburg/ Estenfeld (B19);102 Kreuz Biebelried (A7(73));4;3145816;12288;88;49,78758428;10,07801944;1;193;81675
ABDN;20200728;7;28;19;Biebelried AQ 4;NBA N/Wü;A 007 A 668,2;A7;668,243;;Fulda;Würzburg;Ulm;Süd/ West;101 AS Würzburg/ Estenfeld (B19);102 Kreuz Biebelried (A7(73));4;3145816;12288;88;49,7875077;10,07841384;2;163,165;81673,81674
ABDN;20200728;7;28;19;Biebelried AQ 5;NBA N/Wü;A 007 A 668,6;A7;668,641;;Fulda;Nürnberg;Nürnberg/Würzburg;Süd/ West;102 Kreuz Biebelried (A7(73));;4;3145821;12288;93;49,78582629;10,08300534;1;163;81740
ABDN;20200728;7;28;19;Biebelried AQ 5;NBA N/Wü;A 007 A 668,6;A7;668,641;;Fulda;Ulm;Nürnberg/Würzburg;Süd/ West;102 Kreuz Biebelried (A7(73));;6;3145821;12288;93;49,78580809;10,08268302;3;1,2,193;81742,81743,81744
ABDN;20200728;7;28;19;Biebelried AQ 5;NBA N/Wü;A 007 A 668,6;A7;668,641;;Fulda;Ulm;Nürnberg/Würzburg;Süd/ West;102 Kreuz Biebelried (A7(73));;4;3145821;12288;93;49,78580809;10,08268302;1;193;81741
ABDN;20200728;7;28;18;B007,0;DAUZ A71, A73, A3;A 070 B 007,0;A70;7,04;;AD Schweinfurt/Werneck;Bamberg;AD Schweinfurt/Werneck;Nord/ Ost;AD 31 Werntal;;1;9254401;36150;1;;;2;1,2;81751,81752
ABDN;20200728;7;28;18;B007,0;DAUZ A71, A73, A3;A 070 B 007,0;A70;7,04;;Erfurt;Bamberg;AD Schweinfurt/Werneck;Nord/ Ost;AD 31 Werntal;;1;9254401;36150;1;;;1;129;81756
ABDN;20200728;7;28;18;B007,0;DAUZ A71, A73, A3;A 070 B 007,0;A70;7,04;;Erfurt;Schweinfurt;AD Schweinfurt/Werneck;Süd/ West;AD 31 Werntal;;1;9254401;36150;1;;;1;161;81969
ABDN;20200728;7;28;18;B007,0;DAUZ A71, A73, A3;A 070 B 007,0;A70;7,04;;Bamberg;Erfurt;AD Schweinfurt/Werneck;Süd/ West;AD 31 Werntal;;1;9254401;36150;1;;;1;97;81755
ABDN;20200728;7;28;18;B007,0;DAUZ A71, A73, A3;A 070 B 007,0;A70;7,04;;Bamberg;Schweinfurt;AD Schweinfurt/Werneck;Süd/ West;AD 31 Werntal;;1;9254401;36150;1;;;2;33,34;81753,81754
ABDN;20200728;7;28;18;B007,0;DAUZ A71, A73, A3;A 070 B 007,0;A70;7,04;;Bamberg;Schweinfurt;AD Schweinfurt/Werneck;Süd/ West;AD 31 Werntal;;6;9254401;36150;1;;;3;1,2,3;81972,81973,81974
ABDN;20200728;7;28;18;B007,0;DAUZ A71, A73, A3;A 070 B 007,0;A70;7,04;;AD Schweinfurt/Werneck;Erfurt;AD Schweinfurt/Werneck;Nord/ Ost;AD 31 Werntal;;1;9254401;36150;1;;;2;65,66;81970,81971
ABDN;20200728;7;29;16;B310,7;NBA N-Wzbg. Umrüstung Mst.;A 003 B 310,8;A3;310,75;;Würzburg;Kitzingen;Frankfurt;Süd/ West;AS 74 Kitzingen/ Schwarzach;;1;2775813;10843;5;49,78138278;10,2111708;1;97;80928
ABDN;20200728;7;29;16;B310,7;NBA N-Wzbg. Umrüstung Mst.;A 003 B 310,8;A3;310,75;;Kitzingen;Nürnberg;Frankfurt;Süd/ West;AS 74 Kitzingen/ Schwarzach;;1;2775813;10843;5;49,78107828;10,21164801;1;161;80929
ABDN;20200728;7;29;16;B310,7;NBA N-Wzbg. Umrüstung Mst.;A 003 B 310,8;A3;310,75;;Schwarzach;Würzburg;Frankfurt;Nord/ Ost;AS 74 Kitzingen/ Schwarzach;;1;2775813;10843;5;49,78159352;10,21592612;1;129;80927
ABDN;20200728;7;29;16;B310,7;NBA N-Wzbg. Umrüstung Mst.;A 003 B 310,8;A3;310,75;;Nürnberg;Würzburg;Frankfurt;Nord/ Ost;AS 74 Kitzingen/ Schwarzach;;1;2775813;10843;5;49,7813126;10,21632741;2;1,2;80922,80923
ABDN;20200728;7;29;16;B310,7;NBA N-Wzbg. Umrüstung Mst.;A 003 B 310,8;A3;310,75;;Nürnberg;Würzburg;Frankfurt;Nord/ Ost;AS 74 Kitzingen/ Schwarzach;;6;2775813;10843;5;49,78136497;10,21633565;2;1,2;80930,80931
ABDN;20200728;7;29;16;B310,7;NBA N-Wzbg. Umrüstung Mst.;A 003 B 310,8;A3;310,75;;Nürnberg;Schwarzach;Frankfurt;Nord/ Ost;AS 74 Kitzingen/ Schwarzach;;1;2775813;10843;5;49,78180084;10,21685467;1;65;80926
ABDN;20200728;7;29;16;B310,7;NBA N-Wzbg. Umrüstung Mst.;A 003 B 310,8;A3;310,75;;Würzburg;Nürnberg;Frankfurt;Süd/ West;AS 74 Kitzingen/ Schwarzach;;1;2775813;10843;5;49,7815426;10,21173558;2;33,34;80924,80925
ABDN;20200728;7;29;16;B314,0;DZS 8+1;A 003 B 314,0;A3;314,04;;Würzburg;Nürnberg;Frankfurt;Süd/ West;AS 74 Kitzingen/ Schwarzach;AS 75 Wiesentheid (B286);1;2775846;10843;38;49,78128639;10,26207727;2;33,34;80997,80998
ABDN;20200728;7;29;16;B314,0;DZS 8+1;A 003 B 314,0;A3;314,04;;Nürnberg;Würzburg;Frankfurt;Nord/ Ost;AS 75 Wiesentheid (B286);AS 74 Kitzingen/ Schwarzach;6;2775846;10843;38;49,78157003;10,26198951;2;1,2;80999,81000
ABDN;20200728;7;29;16;B314,0;DZS 8+1;A 003 B 314,0;A3;314,04;;Nürnberg;Würzburg;Frankfurt;Nord/ Ost;AS 75 Wiesentheid (B286);AS 74 Kitzingen/ Schwarzach;1;2775846;10843;38;49,78152471;10,26200602;2;1,2;80932,80996
ABDN;20200728;7;29;16;B316,7;NBA N-Wzbg. Umrüstung Mst.;A 003 B 317,0;A3;317;;Würzburg;Nürnberg;Frankfurt;Süd/ West;AS 74 Kitzingen/ Schwarzach;AS 75 Wiesentheid (B286);1;2775876;10843;68;49,78003077;10,29681569;2;33,34;81003,81004
ABDN;20200728;7;29;16;B316,7;NBA N-Wzbg. Umrüstung Mst.;A 003 B 317,0;A3;317;;Nürnberg;Würzburg;Frankfurt;Nord/ Ost;AS 75 Wiesentheid (B286);AS 74 Kitzingen/ Schwarzach;6;2775876;10843;68;49,78007772;10,29798079;2;1,2;81005,81006
ABDN;20200728;7;29;16;B316,7;NBA N-Wzbg. Umrüstung Mst.;A 003 B 317,0;A3;317;;Nürnberg;Würzburg;Frankfurt;Nord/ Ost;AS 75 Wiesentheid (B286);AS 74 Kitzingen/ Schwarzach;1;2775876;10843;68;49,77983163;10,29819632;2;1,2;81001,81002
ABDN;20200728;7;29;16;B323,2;NBA N-Wzbg. Umrüstung Mst.;A 003 B 323,2;A3;323,18;;Würzburg;Nürnberg;Frankfurt;Süd/ West;AS 75 Wiesentheid (B286);AS 76 Geiselwind;1;2775836;10843;28;49,77457643;10,38552055;2;33,34;81081,81082
ABDN;20200728;7;29;16;B323,2;NBA N-Wzbg. Umrüstung Mst.;A 003 B 323,2;A3;323,18;;Nürnberg;Würzburg;Frankfurt;Nord/ Ost;AS 76 Geiselwind;AS 75 Wiesentheid (B286);6;2775836;10843;28;49,77485478;10,38541821;2;1,2;81083,81084
ABDN;20200728;7;29;16;B323,2;NBA N-Wzbg. Umrüstung Mst.;A 003 B 323,2;A3;323,18;;Nürnberg;Würzburg;Frankfurt;Nord/ Ost;AS 76 Geiselwind;AS 75 Wiesentheid (B286);1;2775836;10843;28;49,77481205;10,38543111;2;1,2;81079,81080
ABDN;20200728;7;29;16;B327,5;DZS 8+1;A 003 B 327,5;A3;327,51;;Nürnberg;Würzburg;Frankfurt;Nord/ Ost;AS 76 Geiselwind;AS 75 Wiesentheid (B286);6;2775880;10843;72;49,78369015;10,44142496;2;1,2;81089,81090
ABDN;20200728;7;29;16;B327,5;DZS 8+1;A 003 B 327,5;A3;327,51;;Nürnberg;Würzburg;Frankfurt;Nord/ Ost;AS 76 Geiselwind;AS 75 Wiesentheid (B286);1;2775880;10843;72;49,78357082;10,44134183;2;1,2;81085,81086
ABDN;20200728;7;29;16;B327,5;DZS 8+1;A 003 B 327,5;A3;327,51;;Würzburg;Nürnberg;Frankfurt;Süd/ West;AS 75 Wiesentheid (B286);AS 76 Geiselwind;1;2775880;10843;72;49,78335715;10,44116047;2;33,34;81087,81088
ABDN;20200728;7;29;16;B330,7;NBA N-Wzbg. Umrüstung Mst.;A 003 B 330,7;A3;330,66;;Oberscheinfeld;Nürnberg;Frankfurt;Süd/ West;AS 76 Geiselwind;;1;2775911;10843;103;49,76966257;10,47840665;1;161;81098
ABDN;20200728;7;29;16;B330,7;NBA N-Wzbg. Umrüstung Mst.;A 003 B 330,7;A3;330,66;;Nürnberg;Würzburg;Frankfurt;Nord/ Ost;AS 76 Geiselwind;;1;2775911;10843;103;49,7699268;10,47843708;2;1,2;81091,81092
ABDN;20200728;7;29;16;B330,7;NBA N-Wzbg. Umrüstung Mst.;A 003 B 330,7;A3;330,66;;Nürnberg;Würzburg;Frankfurt;Nord/ Ost;AS 76 Geiselwind;;6;2775911;10843;103;49,76997844;10,47851097;2;1,2;81099,81165
ABDN;20200728;7;29;16;B330,7;NBA N-Wzbg. Umrüstung Mst.;A 003 B 330,7;A3;330,66;;Nürnberg;Geiselwind;Frankfurt;Nord/ Ost;AS 76 Geiselwind;;1;2775911;10843;103;49,76999726;10,47887166;1;65;81095
ABDN;20200728;7;29;16;B330,7;NBA N-Wzbg. Umrüstung Mst.;A 003 B 330,7;A3;330,66;;Würzburg;Nürnberg;Frankfurt;Süd/ West;AS 76 Geiselwind;;1;2775911;10843;103;49,76973304;10,47779626;2;33,34;81093,81094
ABDN;20200728;7;29;16;B330,7;NBA N-Wzbg. Umrüstung Mst.;A 003 B 330,7;A3;330,66;;Würzburg;Oberscheinfeld;Frankfurt;Süd/ West;AS 76 Geiselwind;;1;2775911;10843;103;49,76951167;10,47745925;1;97;81097
ABDN;20200728;7;29;16;B330,7;NBA N-Wzbg. Umrüstung Mst.;A 003 B 330,7;A3;330,66;;Geiselwind;Würzburg;Frankfurt;Nord/ Ost;AS 76 Geiselwind;;1;2775911;10843;103;49,76996472;10,47807955;1;129;81096
ABDN;20200728;7;29;16;B334,6;NBA N-Wzbg. Umrüstung Mst.;A 003 B 334,7;A3;334,66;;Würzburg;Nürnberg;Frankfurt;Süd/ West;AS 76 Geiselwind;AS 77 Schlüsselfeld;1;2775087;10840;47;49,76323586;10,53298702;2;33,34;81168,81169
ABDN;20200728;7;29;16;B334,6;NBA N-Wzbg. Umrüstung Mst.;A 003 B 334,7;A3;334,66;;Nürnberg;Würzburg;Frankfurt;Nord/ Ost;AS 77 Schlüsselfeld;AS 76 Geiselwind;6;2775087;10840;47;49,76354545;10,53299976;2;1,2;81170,81171
ABDN;20200728;7;29;16;B334,6;NBA N-Wzbg. Umrüstung Mst.;A 003 B 334,7;A3;334,66;;Nürnberg;Würzburg;Frankfurt;Nord/ Ost;AS 77 Schlüsselfeld;AS 76 Geiselwind;1;2775087;10840;47;49,76347677;10,53299417;2;1,2;81166,81167
ABDN;20200728;7;29;16;B338,5;NBA N-Wzbg. Umrüstung Mst.;A 003 B 338,5;A3;338,51;;Nürnberg;Würzburg;Frankfurt;Nord/ Ost;AS 77 Schlüsselfeld;AS 76 Geiselwind;1;2775125;10840;85;49,75996995;10,58549605;2;1,2;81172,81173
ABDN;20200728;7;29;16;B338,5;NBA N-Wzbg. Umrüstung Mst.;A 003 B 338,5;A3;338,51;;Nürnberg;Würzburg;Frankfurt;Nord/ Ost;AS 77 Schlüsselfeld;AS 76 Geiselwind;6;2775125;10840;85;49,76008755;10,58546477;2;1,2;80832,80833
ABDN;20200728;7;29;16;B338,5;NBA N-Wzbg. Umrüstung Mst.;A 003 B 338,5;A3;338,51;;Würzburg;Nürnberg;Frankfurt;Süd/ West;AS 76 Geiselwind;AS 77 Schlüsselfeld;1;2775125;10840;85;49,75973342;10,58554736;2;33,34;80831,81174
ABDN;20200728;7;29;16;B342,3;NBA N-Wzbg. Umrüstung Mst.;A 003 B 342,3;A3;342,26;;Schlüsselfeld;Würzburg;Frankfurt;Nord/ Ost;AS 77 Schlüsselfeld;;1;2775163;10840;123;49,74524692;10,62968894;1;129;80839
ABDN;20200728;7;29;16;B342,3;NBA N-Wzbg. Umrüstung Mst.;A 003 B 342,3;A3;342,26;;Burghaslach;Nürnberg;Frankfurt;Süd/ West;AS 77 Schlüsselfeld;;1;2775163;10840;123;49,74398404;10,63138417;1;161;80841
ABDN;20200728;7;29;16;B342,3;NBA N-Wzbg. Umrüstung Mst.;A 003 B 342,3;A3;342,26;;Würzburg;Burghaslach;Frankfurt;Süd/ West;AS 77 Schlüsselfeld;;1;2775163;10840;123;49,74416434;10,63083389;1;97;80840
ABDN;20200728;7;29;16;B342,3;NBA N-Wzbg. Umrüstung Mst.;A 003 B 342,3;A3;342,26;;Würzburg;Nürnberg;Frankfurt;Süd/ West;AS 77 Schlüsselfeld;;1;2775163;10840;123;49,74436321;10,6309558;2;33,34;80836,80837
ABDN;20200728;7;29;16;B342,3;NBA N-Wzbg. Umrüstung Mst.;A 003 B 342,3;A3;342,26;;Nürnberg;Schlüsselfeld;Frankfurt;Nord/ Ost;AS 77 Schlüsselfeld;;1;2775163;10840;123;49,74516745;10,63045949;1;65;80838
ABDN;20200728;7;29;16;B342,3;NBA N-Wzbg. Umrüstung Mst.;A 003 B 342,3;A3;342,26;;Nürnberg;Würzburg;Frankfurt;Nord/ Ost;AS 77 Schlüsselfeld;;6;2775163;10840;123;49,74467496;10,63121235;2;1,2;80842,80843
ABDN;20200728;7;29;16;B342,3;NBA N-Wzbg. Umrüstung Mst.;A 003 B 342,3;A3;342,26;;Nürnberg;Würzburg;Frankfurt;Nord/ Ost;AS 77 Schlüsselfeld;;1;2775163;10840;123;49,74492303;10,63011873;2;1,2;80834,80835
ABDN;20200728;7;29;16;B346,9;NBA N-Wzbg. Umrüstung Mst.;A 003 B 347,0;A3;346,98;;Würzburg;Nürnberg;Frankfurt;Süd/ West;AS 77 Schlüsselfeld;AS 78 Höchstadt-Nord;1;2774829;10839;45;49,73117329;10,6893892;2;33,34;80846,80847
ABDN;20200728;7;29;16;B346,9;NBA N-Wzbg. Umrüstung Mst.;A 003 B 347,0;A3;346,98;;Nürnberg;Würzburg;Frankfurt;Nord/ Ost;AS 78 Höchstadt-Nord;AS 77 Schlüsselfeld;6;2774829;10839;45;49,73146124;10,68934149;2;1,2;80848,80913
ABDN;20200728;7;29;16;B346,9;NBA N-Wzbg. Umrüstung Mst.;A 003 B 347,0;A3;346,98;;Nürnberg;Würzburg;Frankfurt;Nord/ Ost;AS 78 Höchstadt-Nord;AS 77 Schlüsselfeld;1;2774829;10839;45;49,7314129;10,68936794;2;1,2;80844,80845
ABDN;20200728;7;29;16;B350,8;NBA N-Wzbg. Umrüstung Mst.;A 003 B 350,8;A3;350,83;;Nürnberg;Würzburg;Frankfurt;Nord/ Ost;AS 78 Höchstadt-Nord;AS 77 Schlüsselfeld;1;2774868;10839;84;49,73381681;10,74288733;2;1,2;80914,80915
ABDN;20200728;7;29;16;B350,8;NBA N-Wzbg. Umrüstung Mst.;A 003 B 350,8;A3;350,83;;Nürnberg;Würzburg;Frankfurt;Nord/ Ost;AS 78 Höchstadt-Nord;AS 77 Schlüsselfeld;6;2774868;10839;84;49,73397436;10,74286996;2;1,2;81863,81864
ABDN;20200728;7;29;16;B350,8;NBA N-Wzbg. Umrüstung Mst.;A 003 B 350,8;A3;350,83;;Würzburg;Nürnberg;Frankfurt;Süd/ West;AS 77 Schlüsselfeld;AS 78 Höchstadt-Nord;1;2774868;10839;84;49,73359174;10,74303157;2;33,34;80916,81799
ABDN;20200728;7;29;16;B354,5;NBA N-Wzbg. Umrüstung Mst.;A 003 B 354,5;A3;354,45;;Nürnberg;Würzburg;Frankfurt;Nord/ Ost;AS 78 Höchstadt-Nord;;1;2774274;10837;2;49,73819545;10,79222111;2;1,2;81865,81866
ABDN;20200728;7;29;16;B354,5;NBA N-Wzbg. Umrüstung Mst.;A 003 B 354,5;A3;354,45;;Nürnberg;Würzburg;Frankfurt;Nord/ Ost;AS 78 Höchstadt-Nord;;6;2774274;10837;2;49,73824329;10,79229002;2;1,2;81873,81874
ABDN;20200728;7;29;16;B354,5;NBA N-Wzbg. Umrüstung Mst.;A 003 B 354,5;A3;354,45;;Nürnberg;Mühlhausen;Frankfurt;Nord/ Ost;AS 78 Höchstadt-Nord;;1;2774274;10837;2;49,73848652;10,79248039;1;65;81869
ABDN;20200728;7;29;16;B354,5;NBA N-Wzbg. Umrüstung Mst.;A 003 B 354,5;A3;354,45;;Würzburg;Nürnberg;Frankfurt;Süd/ West;AS 78 Höchstadt-Nord;;1;2774274;10837;2;49,73794948;10,79226362;2;33,34;81867,81868
ABDN;20200728;7;29;16;B354,5;NBA N-Wzbg. Umrüstung Mst.;A 003 B 354,5;A3;354,45;;Würzburg;Höchstadt/ Aisch;Frankfurt;Süd/ West;AS 78 Höchstadt-Nord;;1;2774274;10837;2;49,73776117;10,79164166;1;97;81871
ABDN;20200728;7;29;16;B354,5;NBA N-Wzbg. Umrüstung Mst.;A 003 B 354,5;A3;354,45;;Mühlhausen;Würzburg;Frankfurt;Nord/ Ost;AS 78 Höchstadt-Nord;;1;2774274;10837;2;49,73825732;10,79151241;1;129;81870
ABDN;20200728;7;29;16;B354,5;NBA N-Wzbg. Umrüstung Mst.;A 003 B 354,5;A3;354,45;;Höchstadt/ Aisch;Nürnberg;Frankfurt;Süd/ West;AS 78 Höchstadt-Nord;;1;2774274;10837;2;49,73771798;10,79246013;1;161;81872
ABDN;20200728;7;29;16;B356,5;DZS 8+1;A 003 B 356,5;A3;356,495;;Nürnberg;Würzburg;Frankfurt;Nord/ Ost;AS 79 Pommersfelden (B505);AS 78 Höchstadt-Nord;1;2774294;10837;22;49,73034895;10,81748972;2;1,2;81875,81876
ABDN;20200728;7;29;16;B356,5;DZS 8+1;A 003 B 356,5;A3;356,495;;Nürnberg;Würzburg;Frankfurt;Nord/ Ost;AS 79 Pommersfelden (B505);AS 78 Höchstadt-Nord;6;2774294;10837;22;49,73038169;10,81754313;1;1;81879
ABDN;20200728;7;29;16;B356,5;DZS 8+1;A 003 B 356,5;A3;356,495;;Würzburg;Nürnberg;Frankfurt;Süd/ West;AS 78 Höchstadt-Nord;AS 79 Pommersfelden (B505);1;2774294;10837;22;49,73018235;10,81721815;2;33,34;81877,81878
ABDN;20200728;7;29;16;B356,9;NBA N-Wzbg. Umrüstung Mst.;A 003 B 356,9;A3;356,9;;Bamberg;Nürnberg;Frankfurt;Süd/ West;AS 79 Pommersfelden (B505);;1;2774299;10837;27;49,72472182;10,82439843;1;161;81305
ABDN;20200728;7;29;16;B356,9;NBA N-Wzbg. Umrüstung Mst.;A 003 B 356,9;A3;356,9;;Bamberg;Würzburg;Frankfurt;Nord/ Ost;AS 79 Pommersfelden (B505);;1;2774299;10837;27;49,72799323;10,82089557;1;129;81303
ABDN;20200728;7;29;16;B356,9;NBA N-Wzbg. Umrüstung Mst.;A 003 B 356,9;A3;356,9;;Nürnberg;Bamberg ;Frankfurt;Nord/ Ost;AS 79 Pommersfelden (B505);;1;2774299;10837;27;49,72625255;10,82315307;1;65;81302
ABDN;20200728;7;29;16;B356,9;NBA N-Wzbg. Umrüstung Mst.;A 003 B 356,9;A3;356,9;;Nürnberg;Würzburg;Frankfurt;Nord/ Ost;AS 79 Pommersfelden (B505);;1;2774299;10837;27;49,72772513;10,82100278;2;1,2;81883,81947
ABDN;20200728;7;29;16;B356,9;NBA N-Wzbg. Umrüstung Mst.;A 003 B 356,9;A3;356,9;;Nürnberg;Würzburg;Frankfurt;Nord/ Ost;AS 79 Pommersfelden (B505);;6;2774299;10837;27;49,72775483;10,82106899;2;1,2;81306,81307
ABDN;20200728;7;29;16;B356,9;NBA N-Wzbg. Umrüstung Mst.;A 003 B 356,9;A3;356,9;;Würzburg;Bamberg;Frankfurt;Süd/ West;AS 79 Pommersfelden (B505);;1;2774299;10837;27;49,72548871;10,82291357;1;97;81304
ABDN;20200728;7;29;16;B356,9;NBA N-Wzbg. Umrüstung Mst.;A 003 B 356,9;A3;356,9;;Würzburg;Nürnberg;Frankfurt;Süd/ West;AS 79 Pommersfelden (B505);;1;2774299;10837;27;49,72525402;10,82370213;2;33,34;81300,81301
ABDN;20200728;7;29;16;B357,6;DZS 8+1;A 003 B 357,6;A3;357,582;;Würzburg;Nürnberg;Frankfurt;Süd/ West;AS 79 Pommersfelden (B505);AS 80 Höchstadt-Ost (B470);1;2774022;10836;6;49,72277767;10,8273187;2;33,34;81310,81369
ABDN;20200728;7;29;16;B357,6;DZS 8+1;A 003 B 357,6;A3;357,582;;Nürnberg;Würzburg;Frankfurt;Nord/ Ost;AS 80 Höchstadt-Ost (B470);AS 79 Pommersfelden (B505);6;2774022;10836;6;49,72301291;10,8276256;1;1;81370
ABDN;20200728;7;29;16;B357,6;DZS 8+1;A 003 B 357,6;A3;357,582;;Nürnberg;Würzburg;Frankfurt;Nord/ Ost;AS 80 Höchstadt-Ost (B470);AS 79 Pommersfelden (B505);1;2774022;10836;6;49,7229487;10,82758193;2;1,2;81308,81309
ABDN;20200728;7;29;16;B360,8;NBA N-Wzbg. Umrüstung Mst.;A 003 B 360,8;A3;360,78;;Nürnberg;Würzburg;Frankfurt;Nord/ Ost;AS 80 Höchstadt-Ost (B470);;1;2774054;10836;38;49,70069763;10,85482273;2;1,2;81371,81372
ABDN;20200728;7;29;16;B360,8;NBA N-Wzbg. Umrüstung Mst.;A 003 B 360,8;A3;360,78;;Nürnberg;Würzburg;Frankfurt;Nord/ Ost;AS 80 Höchstadt-Ost (B470);;6;2774054;10836;38;49,70071849;10,85490091;2;1,2;81379,81453
ABDN;20200728;7;29;16;B360,8;NBA N-Wzbg. Umrüstung Mst.;A 003 B 360,8;A3;360,78;;Nürnberg;Forchheim;Frankfurt;Nord/ Ost;AS 80 Höchstadt-Ost (B470);;1;2774054;10836;38;49,70057341;10,85524826;1;65;81375
ABDN;20200728;7;29;16;B360,8;NBA N-Wzbg. Umrüstung Mst.;A 003 B 360,8;A3;360,78;;Würzburg;Nürnberg;Frankfurt;Süd/ West;AS 80 Höchstadt-Ost (B470);;1;2774054;10836;38;49,70061146;10,85446937;2;33,34;81373,81374
ABDN;20200728;7;29;16;B360,8;NBA N-Wzbg. Umrüstung Mst.;A 003 B 360,8;A3;360,78;;Würzburg;Höchstadt/ Aisch;Frankfurt;Süd/ West;AS 80 Höchstadt-Ost (B470);;1;2774054;10836;38;49,70056427;10,85410468;1;97;81377
ABDN;20200728;7;29;16;B360,8;NBA N-Wzbg. Umrüstung Mst.;A 003 B 360,8;A3;360,78;;Forchheim;Würzburg;Frankfurt;Nord/ Ost;AS 80 Höchstadt-Ost (B470);;1;2774054;10836;38;49,70100566;10,85466233;1;129;81376
ABDN;20200728;7;29;16;B360,8;NBA N-Wzbg. Umrüstung Mst.;A 003 B 360,8;A3;360,78;;Höchstadt/ Aisch;Nürnberg;Frankfurt;Süd/ West;AS 80 Höchstadt-Ost (B470);;1;2774054;10836;38;49,70026123;10,8546185;1;161;81378
ABDN;20200728;7;29;16;B364,2;NBA N-Wzbg. Umrüstung Mst.;A 003 B 364,2;A3;364,2;;Nürnberg;Würzburg;Frankfurt;Nord/ Ost;AS 81 Erlangen-West;AS 80 Höchstadt-Ost (B470);1;2773792;10835;32;49,67310664;10,87414051;2;1,2;81548,81549
ABDN;20200728;7;29;16;B364,2;NBA N-Wzbg. Umrüstung Mst.;A 003 B 364,2;A3;364,2;;Würzburg;Nürnberg;Frankfurt;Süd/ West;AS 80 Höchstadt-Ost (B470);AS 81 Erlangen-West;1;2773792;10835;32;49,67286888;10,87394621;2;33,34;81550,81551
ABDN;20200728;7;29;16;B364,2;NBA N-Wzbg. Umrüstung Mst.;A 003 B 364,2;A3;364,2;;Nürnberg;Würzburg;Frankfurt;Nord/ Ost;AS 81 Erlangen-West;AS 80 Höchstadt-Ost (B470);6;2773792;10835;32;49,6731217;10,87423291;2;1,2;81552,81553
ABDN;20200728;7;29;16;B367,5;NBA N-Wzbg. Umrüstung Mst.;A 003 B 367,5;A3;367,45;;Würzburg;Nürnberg;Frankfurt;Süd/ West;AS 80 Höchstadt-Ost (B470);AS 81 Erlangen-West;1;2773825;10835;65;49,64954689;10,90199333;2;33,34;81615,81616
ABDN;20200728;7;29;16;B367,5;NBA N-Wzbg. Umrüstung Mst.;A 003 B 367,5;A3;367,45;;Nürnberg;Würzburg;Frankfurt;Nord/ Ost;AS 81 Erlangen-West;AS 80 Höchstadt-Ost (B470);6;2773825;10835;65;49,64966395;10,90242481;2;1,2;81617,81618
ABDN;20200728;7;29;16;B367,5;NBA N-Wzbg. Umrüstung Mst.;A 003 B 367,5;A3;367,45;;Nürnberg;Würzburg;Frankfurt;Nord/ Ost;AS 81 Erlangen-West;AS 80 Höchstadt-Ost (B470);1;2773825;10835;65;49,64963839;10,90235097;2;1,2;81614,81632
ABDN;20200728;7;37;6;B381,5;NBA N-SW;A 003 B 381,5;A3;381,46;;Nürnberg;Würzburg;Würzburg;Nord/ Ost;83 Kreuz Fürth/ Erlangen (A73 (-));;4;2772745;10831;9;49,55954882;10,99527833;2;131,193;79561,79562
ABDN;20200728;7;37;6;B381,5;NBA N-SW;A 003 B 381,5;A3;381,46;;Nürnberg;Würzburg;Würzburg;Nord/ Ost;83 Kreuz Fürth/ Erlangen (A73 (-));;6;2772745;10831;9;49,5595131;10,99532437;3;1,2,193;79563,79564,83866
ABDN;20200728;7;37;6;B382,6;NBA N-SW;A 003 B 382,6;A3;382,58;;Nürnberg;Würzburg;Würzburg;Nord/ Ost;AS 84 Erlangen-Tennenlohe (B4);83 Kreuz Fürth/ Erlangen (A73 (-));6;2772756;10831;20;49,55415075;11,0080909;3;1,2,193;79558,79559,79560
ABDN;20200728;7;37;6;B382,6;NBA N-SW;A 003 B 382,6;A3;382,58;;Nürnberg;Würzburg;Würzburg;Nord/ Ost;AS 84 Erlangen-Tennenlohe (B4);83 Kreuz Fürth/ Erlangen (A73 (-));4;2772756;10831;20;49,55430113;11,00781879;13;131,132,133,134,135,136,175,176,177,178,179,180,193;79490,79491,79492,79493,79494,79495,79496,79497,79498,79554,79555,79556,79557
ABDN;20200728;7;37;6;B383,4;NBA N-SW;A 003 B 383,4;A3;383,43;;Nürnberg;Würzburg;Würzburg;Nord/ Ost;AS 84 Erlangen-Tennenlohe (B4);83 Kreuz Fürth/ Erlangen (A73 (-));4;2772765;10831;29;49,54747416;11,01446536;13;131,132,133,134,135,136,175,176,177,178,179,180,193;79702,79703,79757,79758,79759,79760,79761,79762,79763,79764,79765,79766,79767
ABDN;20200728;7;37;6;B383,4;NBA N-SW;A 003 B 383,4;A3;383,43;;Nürnberg;Würzburg;Würzburg;Nord/ Ost;AS 84 Erlangen-Tennenlohe (B4);83 Kreuz Fürth/ Erlangen (A73 (-));6;2772765;10831;29;49,54720947;11,01470772;3;1,2,193;79768,79769,79770
ABDN;20200728;7;37;6;B384,0;NBA N-SW;A 003 B 384,0;A3;384;;Nürnberg;Würzburg;Würzburg;Nord/ Ost;AS 84 Erlangen-Tennenlohe (B4);83 Kreuz Fürth/ Erlangen (A73 (-));4;2772770;10831;34;49,54357672;11,01882184;6;131,135,137,139,141,143;78888,78889,79973,79974,79975,79976
ABDN;20200728;7;37;6;B384,0;NBA N-SW;A 003 B 384,0;A3;384;;Nürnberg;Würzburg;Würzburg;Nord/ Ost;AS 84 Erlangen-Tennenlohe (B4);83 Kreuz Fürth/ Erlangen (A73 (-));4;2772770;10831;34;49,54328203;11,01931316;1;193;78890
ABDN;20200728;7;37;6;B384,0;NBA N-SW;A 003 B 384,0;A3;384;;Nürnberg;Würzburg;Würzburg;Nord/ Ost;AS 84 Erlangen-Tennenlohe (B4);83 Kreuz Fürth/ Erlangen (A73 (-));6;2772770;10831;34;49,54328203;11,01931316;3;1,2,193;79699,79700,79701
ABDN;20200728;7;28;18;B652,0;DZS 8+1;A 007 B 652,0;A7;651,955;;Würzburg;Fulda;Fulda;Nord/ Ost;AS 100 Gramschatzer Wald;101 AS Würzburg/ Estenfeld (B19);6;3145986;12289;2;49,90850812;9,99929242;2;1,2;81749,81750
ABDN;20200728;7;28;18;B652,0;DZS 8+1;A 007 B 652,0;A7;651,955;;Würzburg;Fulda;Fulda;Nord/ Ost;AS 100 Gramschatzer Wald;101 AS Würzburg/ Estenfeld (B19);1;3145986;12289;2;49,90844683;9,99911959;2;1,2;81745,81746
ABDN;20200728;7;28;18;B652,0;DZS 8+1;A 007 B 652,0;A7;651,955;;Fulda;Würzburg;Fulda;Süd/ West;AS 100 Gramschatzer Wald;101 AS Würzburg/ Estenfeld (B19);1;3145986;12289;2;49,90838911;9,99874825;2;33,34;81747,81748
ABDN;20200728;7;28;18;B668,0;DZS 8+1;A 007 B 668,0;A7;668,018;;Würzburg;Fulda;Fulda;Nord/ Ost;102 Kreuz Biebelried (A7(73));101 AS Würzburg/ Estenfeld (B19);6;3145813;12288;85;49,78854999;10,07519691;1;1;81583
ABDN;20200728;7;28;18;B668,0;DZS 8+1;A 007 B 668,0;A7;668,018;;Würzburg;Fulda;Fulda;Nord/ Ost;102 Kreuz Biebelried (A7(73));101 AS Würzburg/ Estenfeld (B19);1;3145813;12288;85;49,78854217;10,07514161;2;1,2;81579,81580
ABDN;20200728;7;28;18;B668,0;DZS 8+1;A 007 B 668,0;A7;668,018;;Fulda;Würzburg;Fulda;Süd/ West;101 AS Würzburg/ Estenfeld (B19);102 Kreuz Biebelried (A7(73));1;3145813;12288;85;49,78829748;10,07506732;2;33,34;81581,81582
ABDN;20200728;7;28;18;B669,2;NBA N-Wzbg. Umrüstung Mst.;A 007 B 669,2;A7;669,15;;Ulm;Fulda;Fulda;Nord/ Ost;102 Kreuz Biebelried (A7(73));;1;3145826;12288;98;49,78321399;10,08837924;2;145,146;80829,80830
ABDN;20200728;7;28;18;B669,2;NBA N-Wzbg. Umrüstung Mst.;A 007 B 669,2;A7;669,15;;Ulm;Fulda;Fulda;Nord/ Ost;102 Kreuz Biebelried (A7(73));;1;3145826;12288;98;49,78340585;10,08744384;2;1,2;80760,80761
ABDN;20200728;7;28;18;B669,2;NBA N-Wzbg. Umrüstung Mst.;A 007 B 669,2;A7;669,15;;Ulm;Fulda;Fulda;Nord/ Ost;102 Kreuz Biebelried (A7(73));;6;3145826;12288;98;49,78318801;10,08831629;2;1,2;80920,80921
ABDN;20200728;7;28;18;B669,2;NBA N-Wzbg. Umrüstung Mst.;A 007 B 669,2;A7;669,15;;Fulda;Ulm;Fulda;Süd/ West;102 Kreuz Biebelried (A7(73));;1;3145826;12288;98;49,78376599;10,08647608;2;33,34;80762,80827
ABDN;20200728;7;28;18;B669,2;NBA N-Wzbg. Umrüstung Mst.;A 007 B 669,2;A7;669,15;;Fulda;Nürnberg;Fulda;Süd/ West;102 Kreuz Biebelried (A7(73));;1;3145826;12288;98;49,78337856;10,08640063;2;105,106;80918,80919
ABDN;20200728;7;28;18;B669,2;NBA N-Wzbg. Umrüstung Mst.;A 007 B 669,2;A7;669,15;;Fulda;Frankfurt;Fulda;Süd/ West;102 Kreuz Biebelried (A7(73));;1;3145826;12288;98;49,78323204;10,08616671;1;97;80917
ABDN;20200728;7;28;18;B669,2;NBA N-Wzbg. Umrüstung Mst.;A 007 B 669,2;A7;669,15;;Nürnberg;Fulda;Fulda;Nord/ Ost;102 Kreuz Biebelried (A7(73));;1;3145826;12288;98;49,78332501;10,08857733;1;129;80828
ABDN;20200728;7;30;14;B669,9;NBA N-Wzbg. Umrüstung Mst.;A 007 B 669,9;A7;669,96;;Frankfurt;Ulm;Fulda;Süd/ West;102 Kreuz Biebelried (A7(73));;1;3145475;12287;3;49,77654893;10,09367979;1;161;81347
ABDN;20200728;7;30;14;B669,9;NBA N-Wzbg. Umrüstung Mst.;A 007 B 669,9;A7;669,96;;Ulm;Fulda;Fulda;Nord/ Ost;102 Kreuz Biebelried (A7(73));;1;3145475;12287;3;49,77615493;10,09454971;3;1,2,81;81285,81286,81290
ABDN;20200728;7;30;14;B669,9;NBA N-Wzbg. Umrüstung Mst.;A 007 B 669,9;A7;669,96;;Ulm;Fulda;Fulda;Nord/ Ost;102 Kreuz Biebelried (A7(73));;6;3145475;12287;3;49,77694379;10,09418907;2;1,2;81348,81349
ABDN;20200728;7;30;14;B669,9;NBA N-Wzbg. Umrüstung Mst.;A 007 B 669,9;A7;669,96;;Ulm;Nürnberg;Fulda;Nord/ Ost;102 Kreuz Biebelried (A7(73));;1;3145475;12287;3;49,77614225;10,09489292;1;65;81289
ABDN;20200728;7;30;14;B669,9;NBA N-Wzbg. Umrüstung Mst.;A 007 B 669,9;A7;669,96;;Fulda;Ulm;Fulda;Süd/ West;102 Kreuz Biebelried (A7(73));;1;3145475;12287;3;49,77658388;10,09374587;2;33,34;81287,81288
ABDN;20200728;7;28;18;B670,7;DZS 8+1;A 007 B 670,7;A7;670,695;;Ulm;Fulda;Fulda;Nord/ Ost;103 AS Kitzingen (B8);102 Kreuz Biebelried (A7(73));1;3145482;12287;10;49,77104207;10,09886461;2;1,2;81584,81585
ABDN;20200728;7;28;18;B670,7;DZS 8+1;A 007 B 670,7;A7;670,695;;Fulda;Ulm;Fulda;Süd/ West;102 Kreuz Biebelried (A7(73));103 AS Kitzingen (B8);1;3145482;12287;10;49,7709218;10,09855492;2;33,34;81586,81587
ABDN;20200728;7;28;18;B670,7;DZS 8+1;A 007 B 670,7;A7;670,695;;Ulm;Fulda;Fulda;Nord/ Ost;103 AS Kitzingen (B8);102 Kreuz Biebelried (A7(73));6;3145482;12287;10;49,77105505;10,09891083;1;1;81588
ABDN;20200728;7;30;14;B693,2;NBA N-Wzbg. Umrüstung Mst.;A 007 B 693,2;A7;693,35;;Ansbach;Würzburg;Fulda;Nord/ Ost;AS 105 Gollhofen (B13);;1;3145043;12285;83;49,58802673;10,17328975;1;129;81440
ABDN;20200728;7;30;14;B693,2;NBA N-Wzbg. Umrüstung Mst.;A 007 B 693,2;A7;693,35;;Würzburg;Ulm;Fulda;Süd/ West;AS 105 Gollhofen (B13);;1;3145043;12285;83;49,58617879;10,17173633;1;161;81442
ABDN;20200728;7;30;14;B693,2;NBA N-Wzbg. Umrüstung Mst.;A 007 B 693,2;A7;693,35;;Würzburg;Ulm;Fulda;Süd/ West;AS 105 Gollhofen (B13);;1;3145043;12285;83;49,58647505;10,17212411;2;33,34;81437,81438
ABDN;20200728;7;30;14;B693,2;NBA N-Wzbg. Umrüstung Mst.;A 007 B 693,2;A7;693,35;;Würzburg;Würzburg;Fulda;Süd/ West;AS 105 Gollhofen (B13);;1;3145043;12285;83;49,58681646;10,17208928;1;97;81441
ABDN;20200728;7;30;14;B693,2;NBA N-Wzbg. Umrüstung Mst.;A 007 B 693,2;A7;693,35;;Ulm;Würzburg;Fulda;Nord/ Ost;AS 105 Gollhofen (B13);;6;3145043;12285;83;49,58775464;10,17291399;2;1,2;81443,81444
ABDN;20200728;7;30;14;B693,2;NBA N-Wzbg. Umrüstung Mst.;A 007 B 693,2;A7;693,35;;Ulm;Würzburg;Fulda;Nord/ Ost;AS 105 Gollhofen (B13);;1;3145043;12285;83;49,58776593;10,17283513;2;1,2;81435,81436
ABDN;20200728;7;30;14;B693,2;NBA N-Wzbg. Umrüstung Mst.;A 007 B 693,2;A7;693,35;;Ulm;Ansbach;Fulda;Nord/ Ost;AS 105 Gollhofen (B13);;1;3145043;12285;83;49,58750205;10,17291131;1;65;81439
ABDN;20200728;7;31;15;B713,6;DZS 8+1;A 006 B 713,6;A6;713,622;;Nürnberg;Heilbronn;Heilbronn;Süd/ West;AS 47 Schnelldorf;48 Kreuz Feuchtwngen/ Crailsheim (A7 (110));1;3046437;11900;37;49,20494305;10,21978705;2;33,34;81765,81766
ABDN;20200728;7;31;15;B713,6;DZS 8+1;A 006 B 713,6;A6;713,622;;Nürnberg;Heilbronn;Heilbronn;Süd/ West;AS 47 Schnelldorf;48 Kreuz Feuchtwngen/ Crailsheim (A7 (110));6;3046437;11900;37;49,20498356;10,21981969;2;1,2;81767,81768
ABDN;20200728;7;31;15;B713,6;DZS 8+1;A 006 B 713,6;A6;713,622;;Heilbronn;Nürnberg;Heilbronn;Nord/ Ost;AS 47 Schnelldorf;48 Kreuz Feuchtwngen/ Crailsheim (A7 (110));1;3046437;11900;37;49,20471297;10,21965832;2;1,2;81763,81764
ABDN;20200728;7;31;15;B715,1;NBA N-Wzbg. Umrüstung Mst.;A 006 B 715,1;A6;715,122;;Ulm;Nürnberg;Heilbronn;Nord/ Ost;48 Kreuz Feuchtwngen/ Crailsheim (A7 (110));;1;3046660;11901;4;49,20380481;10,23969596;1;129;81775
ABDN;20200728;7;31;15;B715,1;NBA N-Wzbg. Umrüstung Mst.;A 006 B 715,1;A6;715,122;;Nürnberg;Würzburg;Heilbronn;Süd/ West;48 Kreuz Feuchtwngen/ Crailsheim (A7 (110));;1;3046660;11901;4;49,20459587;10,24037766;1;97;81773
ABDN;20200728;7;31;15;B715,1;NBA N-Wzbg. Umrüstung Mst.;A 006 B 715,1;A6;715,122;;Nürnberg;Heilbronn;Heilbronn;Süd/ West;48 Kreuz Feuchtwngen/ Crailsheim (A7 (110));;1;3046660;11901;4;49,20404575;10,23911134;2;33,34;81771,81772
ABDN;20200728;7;31;15;B715,1;NBA N-Wzbg. Umrüstung Mst.;A 006 B 715,1;A6;715,122;;Nürnberg;Heilbronn;Heilbronn;Süd/ West;48 Kreuz Feuchtwngen/ Crailsheim (A7 (110));;1;3046660;11901;4;49,20453788;10,240408;1;113;81774
ABDN;20200728;7;31;15;B715,1;NBA N-Wzbg. Umrüstung Mst.;A 006 B 715,1;A6;715,122;;Nürnberg;Heilbronn;Heilbronn;Süd/ West;48 Kreuz Feuchtwngen/ Crailsheim (A7 (110));;6;3046660;11901;4;49,20423822;10,23897276;2;1,2;81777,81842
ABDN;20200728;7;31;15;B715,1;NBA N-Wzbg. Umrüstung Mst.;A 006 B 715,1;A6;715,122;;Heilbronn;Nürnberg;Heilbronn;Nord/ Ost;48 Kreuz Feuchtwngen/ Crailsheim (A7 (110));;1;3046660;11901;4;49,20384141;10,2396652;1;145;81776
ABDN;20200728;7;31;15;B715,1;NBA N-Wzbg. Umrüstung Mst.;A 006 B 715,1;A6;715,122;;Heilbronn;Nürnberg;Heilbronn;Nord/ Ost;48 Kreuz Feuchtwngen/ Crailsheim (A7 (110));;1;3046660;11901;4;49,20391912;10,23961509;2;1,2;81769,81770
ABDN;20200728;7;31;15;B715,9;DZS 8+1;A 006 B 715,9;A6;715,96;;Heilbronn;Nürnberg;Heilbronn;Nord/ Ost;48 Kreuz Feuchtwngen/ Crailsheim (A7 (110));AS 49 Feuchtwangen/ Nord (B25);1;3046669;11901;13;49,2085863;10,24865802;2;1,2;81843,81844
ABDN;20200728;7;31;15;B715,9;DZS 8+1;A 006 B 715,9;A6;715,96;;Nürnberg;Heilbronn;Heilbronn;Süd/ West;48 Kreuz Feuchtwngen/ Crailsheim (A7 (110));AS 49 Feuchtwangen/ Nord (B25);6;3046669;11901;13;49,20854195;10,24798779;2;1,2;81823,81824
ABDN;20200728;7;31;15;B715,9;DZS 8+1;A 006 B 715,9;A6;715,96;;Nürnberg;Heilbronn;Heilbronn;Süd/ West;48 Kreuz Feuchtwngen/ Crailsheim (A7 (110));AS 49 Feuchtwangen/ Nord (B25);1;3046669;11901;13;49,20850886;10,24806655;2;33,34;81757,81822
ABDN;20200728;7;31;15;B719,1;NBA N-Wzbg. Umrüstung Mst.;A 006 B 719,1;A6;719,093;;Insingen;Heilbronn;Heilbronn;Süd/ West;AS 49 Feuchtwangen/ Nord (B25);;1;3046700;11901;44;49,22731631;10,27914357;1;161;81832
ABDN;20200728;7;31;15;B719,1;NBA N-Wzbg. Umrüstung Mst.;A 006 B 719,1;A6;719,093;;Nürnberg;Insingen;Heilbronn;Süd/ West;AS 49 Feuchtwangen/ Nord (B25);;1;3046700;11901;44;49,22715253;10,2798426;1;97;81830
ABDN;20200728;7;31;15;B719,1;NBA N-Wzbg. Umrüstung Mst.;A 006 B 719,1;A6;719,093;;Nürnberg;Heilbronn;Heilbronn;Süd/ West;AS 49 Feuchtwangen/ Nord (B25);;1;3046700;11901;44;49,22690421;10,27943316;2;33,34;81827,81828
ABDN;20200728;7;31;15;B719,1;NBA N-Wzbg. Umrüstung Mst.;A 006 B 719,1;A6;719,093;;Nürnberg;Heilbronn;Heilbronn;Süd/ West;AS 49 Feuchtwangen/ Nord (B25);;6;3046700;11901;44;49,22695426;10,2794148;2;1,2;81833,81834
ABDN;20200728;7;31;15;B719,1;NBA N-Wzbg. Umrüstung Mst.;A 006 B 719,1;A6;719,093;;Heilbronn;Nürnberg;Heilbronn;Nord/ Ost;AS 49 Feuchtwangen/ Nord (B25);;1;3046700;11901;44;49,22666238;10,27954933;2;1,2;81825,81826
ABDN;20200728;7;31;15;B719,1;NBA N-Wzbg. Umrüstung Mst.;A 006 B 719,1;A6;719,093;;Heilbronn;Feuchtwangen;Heilbronn;Nord/ Ost;AS 49 Feuchtwangen/ Nord (B25);;1;3046700;11901;44;49,22644034;10,27916276;1;65;81829
ABDN;20200728;7;31;15;B719,1;NBA N-Wzbg. Umrüstung Mst.;A 006 B 719,1;A6;719,093;;Feuchtwangen;Nürnberg;Heilbronn;Nord/ Ost;AS 49 Feuchtwangen/ Nord (B25);;1;3046700;11901;44;49,22664757;10,28052127;1;129;81831
ABDN;20200728;7;31;15;B726,0;NBA N-Wzbg. Umrüstung Mst.;A 006 B 726,0;A6;726;;Nürnberg;Heilbronn;Heilbronn;Süd/ West;AS 49 Feuchtwangen/ Nord (B25);AS 50 Aurach (B14);1;3046979;11902;67;49,24300291;10,36999898;3;33,34,35;81837,81838,81839
ABDN;20200728;7;31;15;B726,0;NBA N-Wzbg. Umrüstung Mst.;A 006 B 726,0;A6;726;;Heilbronn;Nürnberg;Heilbronn;Nord/ Ost;AS 49 Feuchtwangen/ Nord (B25);AS 50 Aurach (B14);1;3046979;11902;67;49,24271012;10,37004509;2;1,2;81835,81836
ABDN;20200728;7;31;15;B726,0;NBA N-Wzbg. Umrüstung Mst.;A 006 B 726,0;A6;726;;Nürnberg;Heilbronn;Heilbronn;Süd/ West;AS 49 Feuchtwangen/ Nord (B25);AS 50 Aurach (B14);6;3046979;11902;67;49,24312295;10,36998783;2;1,2;81840,81841
ABDN;20200728;7;31;15;B731,2;NBA N-Wzbg. Umrüstung Mst.;A 006 B 731,2;A6;731,15;;Aurach;Nürnberg;Heilbronn;Nord/ Ost;AS 50 Aurach (B14);;1;3047031;11902;119;49,2532196;10,4411215;1;129;81116
ABDN;20200728;7;31;15;B731,2;NBA N-Wzbg. Umrüstung Mst.;A 006 B 731,2;A6;731,15;;Nürnberg;Heilbronn;Heilbronn;Süd/ West;AS 50 Aurach (B14);;1;3047031;11902;119;49,25494158;10,4365045;2;33,34;81112,81113
ABDN;20200728;7;31;15;B731,2;NBA N-Wzbg. Umrüstung Mst.;A 006 B 731,2;A6;731,15;;Nürnberg;Heilbronn;Heilbronn;Süd/ West;AS 50 Aurach (B14);;6;3047031;11902;119;49,25499746;10,43646995;2;1,2;81118,81119
ABDN;20200728;7;31;15;B731,2;NBA N-Wzbg. Umrüstung Mst.;A 006 B 731,2;A6;731,15;;Nürnberg;Leutershausen;Heilbronn;Süd/ West;AS 50 Aurach (B14);;1;3047031;11902;119;49,25489106;10,43734014;1;97;81115
ABDN;20200728;7;31;15;B731,2;NBA N-Wzbg. Umrüstung Mst.;A 006 B 731,2;A6;731,15;;Heilbronn;Aurach;Heilbronn;Nord/ Ost;AS 50 Aurach (B14);;1;3047031;11902;119;49,25361723;10,44063743;1;65;81114
ABDN;20200728;7;31;15;B731,2;NBA N-Wzbg. Umrüstung Mst.;A 006 B 731,2;A6;731,15;;Heilbronn;Nürnberg;Heilbronn;Nord/ Ost;AS 50 Aurach (B14);;1;3047031;11902;119;49,25370635;10,44136325;2;1,2;81905,81920
ABDN;20200728;7;31;15;B731,2;NBA N-Wzbg. Umrüstung Mst.;A 006 B 731,2;A6;731,15;;Leutershausen;Heilbronn;Heilbronn;Süd/ West;AS 50 Aurach (B14);;1;3047031;11902;119;49,25539307;10,43662912;1;161;81117
ABDN;20200728;7;31;15;B737,0;DZS 8+1;A 006 B 737,0;A6;737,017;;Nürnberg;Heilbronn;Heilbronn;Süd/ West;AS 51 Herrieden;AS 52 Ansbach (B13);1;3047686;11905;6;49,26293694;10,51035272;2;33,34;81760,81761
ABDN;20200728;7;31;15;B737,0;DZS 8+1;A 006 B 737,0;A6;737,017;;Heilbronn;Nürnberg;Heilbronn;Nord/ Ost;AS 51 Herrieden;AS 52 Ansbach (B13);1;3047686;11905;6;49,26270474;10,51047026;2;1,2;81758,81759
ABDN;20200728;7;31;15;B737,0;DZS 8+1;A 006 B 737,0;A6;737,017;;Nürnberg;Heilbronn;Heilbronn;Süd/ West;AS 51 Herrieden;AS 52 Ansbach (B13);6;3047686;11905;6;49,2630663;10,51027683;1;1;81762
ABDN;20200728;7;31;15;B753,4;NBA N-Wzbg. Umrüstung Mst.;A 006 A 753,4;A6;753,36;;Ansbach;Heilbronn;Nürnberg;Süd/ West;AS 53 Lichtenau;;1;3048040;11906;104;49,27885528;10,71767704;1;161;81917
ABDN;20200728;7;31;15;B753,4;NBA N-Wzbg. Umrüstung Mst.;A 006 A 753,4;A6;753,36;;Nürnberg;Ansbach;Nürnberg;Süd/ West;AS 53 Lichtenau;;1;3048040;11906;104;49,27904225;10,71859476;1;97;81915
ABDN;20200728;7;31;15;B753,4;NBA N-Wzbg. Umrüstung Mst.;A 006 A 753,4;A6;753,36;;Nürnberg;Heilbronn;Nürnberg;Süd/ West;AS 53 Lichtenau;;1;3048040;11906;104;49,27880947;10,71869567;2;33,34;81912,81913
ABDN;20200728;7;31;15;B753,4;NBA N-Wzbg. Umrüstung Mst.;A 006 A 753,4;A6;753,36;;Nürnberg;Heilbronn;Nürnberg;Süd/ West;AS 53 Lichtenau;;6;3048040;11906;104;49,27884592;10,71863265;2;1,2;81918,81919
ABDN;20200728;7;31;15;B753,4;NBA N-Wzbg. Umrüstung Mst.;A 006 A 753,4;A6;753,36;;Heilbronn;Nürnberg;Nürnberg;Nord/ Ost;AS 53 Lichtenau;;1;3048040;11906;104;49,27864202;10,71897413;2;1,2;81910,81911
ABDN;20200728;7;31;15;B753,4;NBA N-Wzbg. Umrüstung Mst.;A 006 A 753,4;A6;753,36;;Heilbronn;Windsbach;Nürnberg;Nord/ Ost;AS 53 Lichtenau;;1;3048040;11906;104;49,27842004;10,71893849;1;65;81914
ABDN;20200728;7;31;15;B753,4;NBA N-Wzbg. Umrüstung Mst.;A 006 A 753,4;A6;753,36;;Windsbach;Nürnberg;Nürnberg;Nord/ Ost;AS 53 Lichtenau;;1;3048040;11906;104;49,27897993;10,71962078;1;129;81916
ABDN;20200728;7;31;15;B759,7;NBA N-Wzbg. Umrüstung Mst.;A 006 B 759,7;A6;759,7;;Nürnberg;Heilbronn;Heilbronn;Süd/ West;AS 54 Neuendettelsau ;;1;3048254;11907;62;49,30510012;10,79017266;2;33,34;81923,81924
ABDN;20200728;7;31;15;B759,7;NBA N-Wzbg. Umrüstung Mst.;A 006 B 759,7;A6;759,7;;Nürnberg;Heilbronn;Heilbronn;Süd/ West;AS 54 Neuendettelsau ;;6;3048254;11907;62;49,30515752;10,79018675;2;1,2;81993,81994
ABDN;20200728;7;31;15;B759,7;NBA N-Wzbg. Umrüstung Mst.;A 006 B 759,7;A6;759,7;;Nürnberg;Heilsbronn;Heilbronn;Süd/ West;AS 54 Neuendettelsau ;;1;3048254;11907;62;49,30524397;10,79084461;1;97;81990
ABDN;20200728;7;31;15;B759,7;NBA N-Wzbg. Umrüstung Mst.;A 006 B 759,7;A6;759,7;;Heilbronn;Nürnberg;Heilbronn;Nord/ Ost;AS 54 Neuendettelsau ;;1;3048254;11907;62;49,30485388;10,79014418;2;1,2;81921,81922
ABDN;20200728;7;31;15;B759,7;NBA N-Wzbg. Umrüstung Mst.;A 006 B 759,7;A6;759,7;;Heilbronn;Neuendettelsau;Heilbronn;Nord/ Ost;AS 54 Neuendettelsau ;;1;3048254;11907;62;49,30462978;10,79001438;1;65;81925
ABDN;20200728;7;31;15;B759,7;NBA N-Wzbg. Umrüstung Mst.;A 006 B 759,7;A6;759,7;;Heilsbronn;Heilbronn;Heilbronn;Süd/ West;AS 54 Neuendettelsau ;;1;3048254;11907;62;49,30545147;10,79006356;1;161;81992
ABDN;20200728;7;31;15;B759,7;NBA N-Wzbg. Umrüstung Mst.;A 006 B 759,7;A6;759,7;;Neuendettelsau;Nürnberg;Heilbronn;Nord/ Ost;AS 54 Neuendettelsau ;;1;3048254;11907;62;49,30475995;10,79110169;1;129;81991
ABDN;20200728;7;31;15;B767,3;NBA N-Wzbg. Umrüstung Mst.;A 006 B 767,3;A6;767,3;;Nürnberg;Heilbronn;Heilbronn;Süd/ West;AS 55 Schwabach-West (B466);AS 54 Neuendettelsau ;6;3048522;11908;74;49,31460823;10,89167502;2;1,2;81999,82000
ABDN;20200728;7;31;15;B767,3;NBA N-Wzbg. Umrüstung Mst.;A 006 B 767,3;A6;767,3;;Nürnberg;Heilbronn;Heilbronn;Süd/ West;AS 55 Schwabach-West (B466);AS 54 Neuendettelsau ;1;3048522;11908;74;49,31454341;10,8917185;2;33,34;81997,81998
ABDN;20200728;7;31;15;B767,3;NBA N-Wzbg. Umrüstung Mst.;A 006 B 767,3;A6;767,3;;Heilbronn;Nürnberg;Heilbronn;Nord/ Ost;AS 54 Neuendettelsau ;AS 55 Schwabach-West (B466);1;3048522;11908;74;49,31431574;10,89154358;2;1,2;81995,81996
ABDN;20200728;7;37;38;1;SBA A3 Erlangen;A003 B 392,5;A3;392,507;;;;Würzburg;Nord/ Ost;;;3;2772554;10830;74;;;4;49,65,70,72;79737,79738,79739,79740
ABDN;20200728;7;37;38;1;SBA A3 Erlangen;A003 B 392,5;A3;392,507;;Nürnberg;Würzburg;Würzburg;Nord/ Ost;AS 85 Nürnberg-Nord (B2);AS 84 Erlangen-Tennenlohe (B4);3;2772554;10830;74;49,50587504;11,12040859;1;90;79512
ABDN;20200728;7;37;38;13;SBA A3 Erlangen;A003 B 381,0;A3;381,065;;;;Würzburg;Nord/ Ost;;;3;2773027;10832;35;;;3;49,65,70;80428,80429,80430
ABDN;20200728;7;37;38;13;SBA A3 Erlangen;A003 B 381,0;A3;381,065;;Bamberg;Würzburg;Würzburg;Nord/ Ost;83 Kreuz Fürth/ Erlangen (A73 (-));;3;2773027;10832;35;49,56054051;10,98932751;1;90;80426
ABDN;20200728;7;37;38;13;SBA A3 Erlangen;A003 B 381,0;A3;381,065;;Nürnberg;Würzburg;Würzburg;Nord/ Ost;83 Kreuz Fürth/ Erlangen (A73 (-));;3;2773027;10832;35;49,56024211;10,98932818;1;72;80558
ABDN;20200728;7;37;38;14;SBA A3 Erlangen;A003 B 380,0;A3;380,02;;Nürnberg;Würzburg;Würzburg;Nord/ Ost;83 Kreuz Fürth/ Erlangen (A73 (-));AS 82 Erlangen-Frauenaurach;3;2773016;10832;24;49,56026629;10,9813708;1;91;80704
ABDN;20200728;7;37;38;14;SBA A3 Erlangen;A003 B 380,0;A3;380,02;;Nürnberg;Würzburg;Würzburg;Nord/ Ost;83 Kreuz Fürth/ Erlangen (A73 (-));AS 82 Erlangen-Frauenaurach;3;2773016;10832;24;49,5602805;10,97893549;1;90;80593
ABDN;20200728;7;37;38;14;SBA A3 Erlangen;A003 B 380,0;A3;380,02;;Nürnberg;Würzburg;Würzburg;Nord/ Ost;83 Kreuz Fürth/ Erlangen (A73 (-));AS 82 Erlangen-Frauenaurach;3;2773016;10832;24;49,56028609;10,9754744;1;92;80705
ABDN;20200728;7;37;38;15;SBA A3 Erlangen;A003 B 379,0;A3;379,036;;Nürnberg;Würzburg;Würzburg;Nord/ Ost;83 Kreuz Fürth/ Erlangen (A73 (-));AS 82 Erlangen-Frauenaurach;3;2773006;10832;14;49,56108448;10,96165426;1;90;80079
ABDN;20200728;7;37;38;17;SBA A3 Erlangen;A003 B 376,9;A3;376,916;;;;Würzburg;Nord/ Ost;;;3;2773257;10833;9;;;4;49,65,70,90;80501,80502,80503,80504
ABDN;20200728;7;37;38;17;SBA A3 Erlangen;A003 B 376,9;A3;376,916;;Nürnberg;Würzburg;Würzburg;Nord/ Ost;AS 82 Erlangen-Frauenaurach;AS 81 Erlangen-West;3;2773257;10833;9;49,57085869;10,93736107;1;72;80505
ABDN;20200728;7;37;38;21;SBA A3 Erlangen;A003 B 373,3;A3;373,302;;;;Würzburg;Nord/ Ost;;;3;2773535;10834;31;;;4;49,65,70,90;80676,80677,80678,80679
ABDN;20200728;7;37;38;21;SBA A3 Erlangen;A003 B 373,3;A3;373,302;;Nürnberg;Würzburg;Würzburg;Nord/ Ost;AS 82 Erlangen-Frauenaurach;AS 81 Erlangen-West;3;2773535;10834;31;49,60154724;10,92801045;1;72;80680
ABDN;20200728;7;37;38;5;SBA A3 Erlangen;A003 B 388,6;A3;388,643;;;;Würzburg;Nord/ Ost;;;3;2772516;10830;36;;;4;49,65,70,90;78885,78886,78887,79093
ABDN;20200728;7;37;38;5;SBA A3 Erlangen;A003 B 388,6;A3;388,643;;Nürnberg;Würzburg;Würzburg;Nord/ Ost;AS 85 Nürnberg-Nord (B2);AS 84 Erlangen-Tennenlohe (B4);3;2772516;10830;36;49,52289473;11,07376269;1;72;79094
ABDN;20200728;7;37;38;8;SBA A3 Erlangen;A003 B 385,0;A3;385,072;;;;Würzburg;Nord/ Ost;;;3;2772480;10830;0;;;4;49,65,70,90;79668,79669,79670,79671
ABDN;20200728;7;37;38;8;SBA A3 Erlangen;A003 B 385,0;A3;385,072;;Nürnberg;Würzburg;Würzburg;Nord/ Ost;AS 84 Erlangen-Tennenlohe (B4);;3;2772480;10830;0;49,53843333;11,03113311;1;72;79672
ABDS;20181217;6;;;;;DET_München-Giesing_(S)_Sbg_H3;A995;0,429;;;;;Süd/West;;;1;10906163;42602;51;48,09098088;11,59043161;1;35;29805
ABDS;20181217;6;;;;;DET_München-Perlach_(S)_Mch_H1;A8-Ost;0,55;;;;;Süd/West;;;1;816043;3187;171;48,10260008;11,61359998;1;33;30178
ABDS;20181217;6;;;;;DET_München-Perlach_(S)_Mch_H2;A8-Ost;0,55;;;;;Süd/West;;;1;816043;3187;171;48,10260008;11,61359998;1;34;30179
ABDS;20181217;6;;;;;DET_München-Perlach_(S)_Mch_H3;A8-Ost;0,55;;;;;Süd/West;;;1;816043;3187;171;48,10260008;11,61359998;1;35;30180
ABDS;20181217;6;;;;;DET_München-Perlach_(S)_Sbg_H1;A8-Ost;0,55;;;;;Nord/Ost;;;1;816043;3187;171;48,10260004;11,61340006;1;1;30174
ABDS;20181217;6;;;;;DET_München-Perlach_(S)_Sbg_H2;A8-Ost;0,55;;;;;Nord/Ost;;;1;816043;3187;171;48,10260004;11,61340006;1;2;30175
ABDS;20181217;6;;;;;DET_München-Perlach_(S)_Sbg_H3;A8-Ost;0,55;;;;;Nord/Ost;;;1;816043;3187;171;48,10260004;11,61340006;1;3;30176
ABDS;20181217;6;;;;;DET_München-Perlach_(S)_Sbg_H4;A8-Ost;0,55;;;;;Nord/Ost;;;1;816043;3187;171;48,10260004;11,61340006;1;4;30177
ABDS;20181217;6;;;;;MQ_96_171210_Mch_Radar_Zufahrt;A96;171,21;;;;;Süd/West;;;1;9609958;37538;230;;;1;97;31347
ABDS;20181217;6;;;;;DET_Dreieck Süd/West_(O)_LIn_H1;A96;161,818;;;;;Süd/West;;;1;9609400;37536;184;48,11818405;11,39106366;1;33;31319
ABDS;20181217;6;;;;;DET_Dreieck Süd/West_(O)_LIn_H2;A96;161,818;;;;;Süd/West;;;1;9609400;37536;184;48,11818405;11,39106366;1;34;31320
ABDS;20181217;6;;;;;DET_Dreieck Süd/West_(O)_LIn_H3;A96;161,818;;;;;Süd/West;;;1;9609400;37536;184;48,11818405;11,39106366;1;35;31321
ABDS;20181217;6;;;;;DET_Dreieck Süd/West_(O)_Mch_H1;A96;161,818;;;;;Nord/Ost;;;1;9609400;37536;184;48,11803838;11,39112065;1;1;31316
ABDS;20181217;6;;;;;DET_Dreieck Süd/West_(O)_Mch_H2;A96;161,818;;;;;Nord/Ost;;;1;9609400;37536;184;48,11803838;11,39112065;1;2;31317
ABDS;20181217;6;;;;;DET_Dreieck Süd/West_(O)_Mch_H3;A96;161,818;;;;;Nord/Ost;;;1;9609400;37536;184;48,11803838;11,39112065;1;3;31318
ABDS;20181217;6;;;;;DET_Landsberg a Lech_(O)_Lin_H1;A96;121,55;;;;;Süd/West;;;1;9618818;37573;130;48,06590008;10,86930007;1;33;31371
ABDS;20181217;6;;;;;DET_Landsberg a Lech_(O)_Lin_H2;A96;121,55;;;;;Süd/West;;;1;9618818;37573;130;48,06590008;10,86930007;1;34;31372
ABDS;20181217;6;;;;;DET_Landsberg a Lech_(O)_Mch_H1;A96;121,55;;;;;Nord/Ost;;;1;9618818;37573;130;48,06570007;10,86930002;1;1;31369
ABDS;20181217;6;;;;;DET_Landsberg a Lech_(O)_Mch_H2;A96;121,55;;;;;Nord/Ost;;;1;9618818;37573;130;48,06570007;10,86930002;1;2;31370
ABDS;20181217;6;;;;;DET_München-Kreuzhof_(W)_Gap_H1;A95;1,72;;;;;Süd/West;;;1;9516102;37172;70;48,10080008;11,49808;1;33;31261
ABDS;20181217;6;;;;;DET_München-Kreuzhof_(W)_Gap_H2;A95;1,72;;;;;Süd/West;;;1;9516102;37172;70;48,10080008;11,49808;1;34;31262
ABDS;20181217;6;;;;;DET_München-Kreuzhof_(W)_Gap_H3;A95;1,72;;;;;Süd/West;;;1;9516102;37172;70;48,10080008;11,49808;1;35;31263
ABDS;20181217;6;;;;;DET_München-Kreuzhof_(W)_Mch_H2;A95;1,72;;;;;Nord/Ost;;;1;9516102;37172;70;48,10062008;11,49837995;1;2;31259
ABDS;20181217;6;;;;;DET_München-Kreuzhof_(W)_Mch_H3;A95;1,72;;;;;Nord/Ost;;;1;9516102;37172;70;48,10062008;11,49837995;1;3;31260
ABDS;20181217;6;;;;;DET_Oberpfaffenhofen_(W)_Lin_H1;A96;152,786;;;;;Süd/West;;;1;9619000;37574;56;48,0935;11,28160006;1;33;31375
ABDS;20181217;6;;;;;DET_Oberpfaffenhofen_(W)_Lin_H2;A96;152,786;;;;;Süd/West;;;1;9619000;37574;56;48,0935;11,28160006;1;34;31376
ABDS;20181217;6;;;;;DET_Oberpfaffenhofen_(W)_Mch_H1;A96;152,786;;;;;Nord/Ost;;;1;9619000;37574;56;48,09360008;11,27990004;1;1;31373
ABDS;20181217;6;;;;;DET_Oberpfaffenhofen_(W)_Mch_H2;A96;152,786;;;;;Nord/Ost;;;1;9619000;37574;56;48,09360008;11,27990004;1;2;31374
ABDS;20181217;6;;;;;DEt_München-Kreuzhof_(W)_Mch_H1;A95;1,72;;;;;Nord/Ost;;;1;9516102;37172;70;48,10062008;11,49837995;1;1;31258
ABDS;20181217;6;;;;;DET_Landau an der Isar_(W)_Deg_H1;A92;104,724;;;;;Nord/Ost;;;1;9219119;36012;47;48,68854719;12,64876828;1;1;30685
ABDS;20181217;6;;;;;DET_Landau an der Isar_(W)_Deg_H2;A92;104,724;;;;;Nord/Ost;;;1;9219119;36012;47;48,68854719;12,64876828;1;2;30686
ABDS;20181217;6;;;;;DET_Landau an der Isar_(W)_Mch_H1;A92;104,724;;;;;Süd/West;;;1;9219119;36012;47;48,6887351;12,64866286;1;33;30687
ABDS;20181217;6;;;;;DET_Landau an der Isar_(W)_Mch_H2;A92;104,724;;;;;Süd/West;;;1;9219119;36012;47;48,6887351;12,64866286;1;34;30688
ABDS;20181217;6;;;;;MQ_96_170635_Mch_Radar_HFS_Abfahrt;A96;170,635;;;;;Nord/Ost;;;1;9609944;37538;216;48,12542818;11,4996987;1;65;31339
ABDS;20181217;6;;;;;MQ_96_170635_Mch_Radar_1_UFS_Abfahrt;A96;170,635;;;;;Nord/Ost;;;1;9609944;37538;216;48,12542818;11,4996987;1;66;31340
ABDS;20181217;6;;;;;MQ_196380_Nord_ES_V_Z_Stauschleife_ZUFFS1;A93-Nord;196,38;;;;;Nord/Ost;;;1;9306588;36353;220;49,0243759;12,07017569;1;145;30534
ABDS;20181217;6;;;;;MQ_196380_Nord_ES_V_Z_Stauschleife_ZUFFS2;A93-Nord;196,38;;;;;Nord/Ost;;;1;9306588;36353;220;49,0243759;12,07017569;1;146;30535
ABDS;20181217;6;;;;;MQ_196195_Nord_ES_V_Z_Gelbanforderung_ZUFFS1;A93-Nord;196,195;;;;;Nord/Ost;;;1;9306588;36353;220;49,0257281;12,07087165;1;148;30537
ABDS;20181217;6;;;;;MQ_196195_Nord_ES_V_Z_Grünanforderung_ZUFFS1;A93-Nord;196,195;;;;;Nord/Ost;;;1;9306588;36353;220;49,02500846;12,07046682;1;147;30536
ABDS;20181217;6;;;;;DET_Pfaffenhofen_(S)_Nbg_H3;A9;492,355;;;;;Nord/Ost;;;1;908163;3547;131;48,49690003;11,59470004;1;3;30494
ABDS;20181217;6;;;;;MQ_96_168866_Mch_SR_Abfahrt;A96;168,866;;;;;Nord/Ost;;;1;9609904;37538;176;;;1;65;31328
ABDS;20181217;6;;;;;MQ_96_169273_Mch_Radar_1UFS;A96;169,273;;;;;Nord/Ost;;;1;9609913;37538;185;48,12351242;11,48203876;1;2;31330
ABDS;20181217;6;;;;;MQ_96_169273_Mch_Radar_2UFS;A96;169,273;;;;;Nord/Ost;;;1;9609913;37538;185;48,12351242;11,48203876;1;3;31331
ABDS;20181217;6;;;;;MQ_96_169925_Mch_Radar_1UFS;A96;169,925;;;;;Nord/Ost;;;1;9609928;37538;200;48,12376967;11,49054713;1;2;31334
ABDS;20181217;6;;;;;MQ_96_169925_Mch_Radar_2UFS;A96;169,925;;;;;Nord/Ost;;;1;9609928;37538;200;48,12376967;11,49054713;1;3;31335
ABDS;20181217;6;;;;;MQ_96_170635_Mch_Radar_1UFS;A96;170,635;;;;;Nord/Ost;;;1;9609944;37538;216;48,12542818;11,4996987;1;2;31337
ABDS;20181217;6;;;;;MQ_96_170635_Mch_Radar_2UFS;A96;170,635;;;;;Nord/Ost;;;1;9609944;37538;216;48,12542818;11,4996987;1;3;31338
ABDS;20181217;6;;;;;MQ_96_171060_Mch_Radar_1UFS;A96;171,06;;;;;Nord/Ost;;;1;9609955;37538;227;;;1;2;31342
ABDS;20181217;6;;;;;MQ_96_171060_Mch_Radar_2UFS;A96;171,06;;;;;Nord/Ost;;;1;9609955;37538;227;;;1;3;31343
ABDS;20181217;6;;;;;MQ_96_171210_Mch_Radar_1UFS;A96;171,21;;;;;Nord/Ost;;;1;9609958;37538;230;;;1;2;31345
ABDS;20181217;6;;;;;MQ_96_171210_Mch_Radar_2UFS;A96;171,21;;;;;Nord/Ost;;;1;9609958;37538;230;;;1;3;31346
ABDS;20181217;6;;;;;DET_AK-Deggendorf_(W)_Pas_H1;A3;561,93;;;;;Süd/West;;;1;318468;1244;4;48,82880004;12,91490003;1;33;30591
ABDS;20181217;6;;;;;DET_AK-Deggendorf_(W)_Pas_H2;A3;561,93;;;;;Süd/West;;;1;318468;1244;4;48,82880004;12,91490003;1;34;30592
ABDS;20181217;6;;;;;DET_AK-Deggendorf_(W)_Rbg_H1;A3;561,93;;;;;Nord/Ost;;;1;318468;1244;4;48,82880009;12,91519995;1;1;30589
ABDS;20181217;6;;;;;DET_AK-Deggendorf_(W)_Rbg_H2;A3;561,93;;;;;Nord/Ost;;;1;318468;1244;4;48,82880009;12,91519995;1;2;30590
ABDS;20181217;6;;;;;DET_Augsburg-West_(O)_Mch_E1;A8-West;52,588;;;;;Nord/Ost;;;1;807770;3155;90;48,41430007;10,87739999;1;129;30070
ABDS;20181217;6;;;;;DET_Augsburg-West_(O)_Mch_E2;A8-West;52,588;;;;;Nord/Ost;;;1;807770;3155;90;48,41430007;10,87739999;1;130;30071
ABDS;20181217;6;;;;;DET_Augsburg-West_(O)_Mch_H1;A8-West;52,588;;;;;Nord/Ost;;;1;807770;3155;90;48,41420005;10,88520002;1;1;30064
ABDS;20181217;6;;;;;DET_Augsburg-West_(O)_Mch_H2;A8-West;52,588;;;;;Nord/Ost;;;1;807770;3155;90;48,41420005;10,88520002;1;2;30065
ABDS;20181217;6;;;;;DET_Augsburg-West_(O)_Mch_H3;A8-West;52,588;;;;;Nord/Ost;;;1;807770;3155;90;48,41420005;10,88520002;1;3;30066
ABDS;20181217;6;;;;;DET_Augsburg-West_(O)_Stg_H1;A8-West;52,588;;;;;Süd/West;;;1;807770;3155;90;48,41440006;10,88519997;1;33;30067
ABDS;20181217;6;;;;;DET_Augsburg-West_(O)_Stg_H2;A8-West;52,588;;;;;Süd/West;;;1;807770;3155;90;48,41440006;10,88519997;1;34;30068
ABDS;20181217;6;;;;;DET_Augsburg-West_(O)_Stg_H3;A8-West;52,588;;;;;Süd/West;;;1;807770;3155;90;48,41440006;10,88519997;1;35;30069
ABDS;20181217;6;;;;;DET_Augsburg-West_(W)_Mch_H1;A8-West;54,587;;;;;Nord/Ost;;;1;818459;3197;27;48,41610003;10,85030006;1;1;30134
ABDS;20181217;6;;;;;DET_Augsburg-West_(W)_Mch_H2;A8-West;54,587;;;;;Nord/Ost;;;1;818459;3197;27;48,41610003;10,85030006;1;2;30135
ABDS;20181217;6;;;;;DET_Augsburg-West_(W)_Mch_H3;A8-West;54,587;;;;;Nord/Ost;;;1;818459;3197;27;48,41610003;10,85030006;1;3;30136
ABDS;20181217;6;;;;;DET_Augsburg-West_(W)_Stg_H1;A8-West;54,587;;;;;Süd/West;;;1;818459;3197;27;48,41620004;10,85039994;1;33;30137
ABDS;20181217;6;;;;;DET_Augsburg-West_(W)_Stg_H2;A8-West;54,587;;;;;Süd/West;;;1;818459;3197;27;48,41620004;10,85039994;1;34;30138
ABDS;20181217;6;;;;;DET_Augsburg-West_(W)_Stg_H3;A8-West;54,587;;;;;Süd/West;;;1;818459;3197;27;48,41620004;10,85039994;1;35;30139
ABDS;20181217;6;;;;;DET_Kiefersfelden_(S)_Kff_H1;A93-Süd;25,011;;;;;Süd/West;;;1;9319978;36406;42;47,60636052;12,19566032;1;33;30977
ABDS;20181217;6;;;;;DET_Kiefersfelden_(S)_Kff_H2;A93-Süd;25,011;;;;;Süd/West;;;1;9319978;36406;42;47,60636052;12,19566032;1;34;30978
ABDS;20181217;6;;;;;DET_Murnau/Kochel_(S)_Gap_H1;A95;58,447;;;;;Süd/West;;;1;9519398;37185;38;47,66217003;11,24493994;1;33;31292
ABDS;20181217;6;;;;;DET_Murnau/Kochel_(S)_Gap_H2;A95;58,447;;;;;Süd/West;;;1;9519398;37185;38;47,66217003;11,24493994;1;34;31293
ABDS;20181217;6;;;;;DET_Murnau/Kochel_(S)_Mch_H1;A95;58,447;;;;;Nord/Ost;;;1;9519398;37185;38;47,66193003;11,24507001;1;1;31290
ABDS;20181217;6;;;;;DET_Murnau/Kochel_(S)_Mch_H2;A95;58,447;;;;;Nord/Ost;;;1;9519398;37185;38;47,66193003;11,24507001;1;2;31291
ABDS;20181217;6;;;;;DET_Zusmarshausen_(W)_Mch_H1;A8-West;75;;;;;Nord/Ost;;;1;818631;3197;199;48,40030001;10,54969998;1;1;30128
ABDS;20181217;6;;;;;DET_Zusmarshausen_(W)_Mch_H2;A8-West;75;;;;;Nord/Ost;;;1;818631;3197;199;48,40030001;10,54969998;1;2;30129
ABDS;20181217;6;;;;;DET_Zusmarshausen_(W)_Mch_H3;A8-West;75;;;;;Nord/Ost;;;1;818631;3197;199;48,40030001;10,54969998;1;3;30130
ABDS;20181217;6;;;;;DET_Zusmarshausen_(W)_Stg_H1;A8-West;75;;;;;Süd/West;;;1;818631;3197;199;48,40050003;10,55000007;1;33;30131
ABDS;20181217;6;;;;;DET_Zusmarshausen_(W)_Stg_H2;A8-West;75;;;;;Süd/West;;;1;818631;3197;199;48,40050003;10,55000007;1;34;30132
ABDS;20181217;6;;;;;DET_Zusmarshausen_(W)_Stg_H3;A8-West;75;;;;;Süd/West;;;1;818631;3197;199;48,40050003;10,55000007;1;35;30133
ABDS;20181217;6;;;;;DET_R-Pfaffenstein_(N)_Hof_H1;A93-Nord;194,37;;;;;Nord/Ost;;;1;9316682;36393;74;49,03709698;12,08879051;1;1;30914
ABDS;20181217;6;;;;;DET_R-Pfaffenstein_(N)_Hof_H2;A93-Nord;194,37;;;;;Nord/Ost;;;1;9316682;36393;74;49,03709698;12,08879051;1;2;30915
ABDS;20181217;6;;;;;DET_R-Pfaffenstein_(S)_Mch_H1;A93-Nord;194,37;;;;;Süd/West;;;1;9316682;36393;74;49,03731291;12,08856686;1;33;30916
ABDS;20181217;6;;;;;DET_R-Pfaffenstein_(S)_Mch_H2;A93-Nord;194,37;;;;;Süd/West;;;1;9316682;36393;74;49,03731291;12,08856686;1;34;30917
ABDS;20181217;6;;;;;DET_Regensburg-Ost_(O)_Pas_H1;A3;499,9;;;;;Süd/West;;;1;307036;1199;92;49,00050006;12,17770001;1;33;30587
ABDS;20181217;6;;;;;DET_Regensburg-Ost_(O)_Pas_H2;A3;499,9;;;;;Süd/West;;;1;307036;1199;92;49,00050006;12,17770001;1;34;30588
ABDS;20181217;6;;;;;DET_Regensburg-Ost_(O)_Rbg_H1;A3;499,9;;;;;Nord/Ost;;;1;307036;1199;92;49,00070008;12,17749996;1;1;30585
ABDS;20181217;6;;;;;DET_Regensburg-Ost_(O)_Rbg_H2;A3;499,9;;;;;Nord/Ost;;;1;307036;1199;92;49,00070008;12,17749996;1;2;30586
ABDS;20181217;6;;;;;DET_Regensburg-Ost_(W)_Pas_H1;A3;497,93;;;;;Süd/West;;;1;306991;1199;47;48,99680002;12,14260001;1;33;30583
ABDS;20181217;6;;;;;DET_Regensburg-Ost_(W)_Pas_H2;A3;497,93;;;;;Süd/West;;;1;306991;1199;47;48,99680002;12,14260001;1;34;30584
ABDS;20181217;6;;;;;DET_Regensburg-Ost_(W)_Rbg_H1;A3;497,93;;;;;Nord/Ost;;;1;306991;1199;47;48,997;12,14260003;1;1;30581
ABDS;20181217;6;;;;;DET_Regensburg-Ost_(W)_Rbg_H2;A3;497,93;;;;;Nord/Ost;;;1;306991;1199;47;48,997;12,14260003;1;2;30582
ABDS;20181217;6;;;;;DET_Ingolstadt-Nord_(S)_Mch_H1;A9;458,629;;;;;Süd/West;;;1;916522;3580;42;48,76200002;11,45869996;1;33;30369
ABDS;20181217;6;;;;;DET_Ingolstadt-Nord_(S)_Mch_H2;A9;458,629;;;;;Süd/West;;;1;916522;3580;42;48,76200002;11,45869996;1;34;30370
ABDS;20181217;6;;;;;DET_Ingolstadt-Nord_(S)_Mch_H3;A9;458,629;;;;;Süd/West;;;1;916522;3580;42;48,76200002;11,45869996;1;35;30371
ABDS;20181217;6;;;;;DET_Ingolstadt-Nord_(S)_Nbg_H1;A9;458,629;;;;;Nord/Ost;;;1;916522;3580;42;48,76200008;11,45900002;1;1;30366
ABDS;20181217;6;;;;;DET_Ingolstadt-Nord_(S)_Nbg_H2;A9;458,629;;;;;Nord/Ost;;;1;916522;3580;42;48,76200008;11,45900002;1;2;30367
ABDS;20181217;6;;;;;DET_Ingolstadt-Nord_(S)_Nbg_H3;A9;458,629;;;;;Nord/Ost;;;1;916522;3580;42;48,76200008;11,45900002;1;3;30368
ABDS;20181217;6;;;;;DET_München-Giesing_(S)_Mch_H1;A995;0,429;;;;;Nord/Ost;;;1;10906163;42602;51;48,09103059;11,59068107;1;1;29801
ABDS;20181217;6;;;;;DET_München-Giesing_(S)_Mch_H2;A995;0,429;;;;;Nord/Ost;;;1;10906163;42602;51;48,09103059;11,59068107;1;2;29802
ABDS;20181217;6;;;;;DET_München-Giesing_(S)_Sbg_H1;A995;0,429;;;;;Süd/West;;;1;10906163;42602;51;48,09098088;11,59043161;1;33;29803
ABDS;20181217;6;;;;;DET_München-Giesing_(S)_Sbg_H2;A995;0,429;;;;;Süd/West;;;1;10906163;42602;51;48,09098088;11,59043161;1;34;29804
ABDS;20181217;6;;;;;DET_Adelzhausen_Ost_Stg_H2;A8-West;29,538;;;;;Süd/West;;;1;807006;3152;94;48,34220006;11,15179996;1;34;29980
ABDS;20181217;6;;;;;DET_Adelzhausen_Ost_Stg_H3;A8-West;29,538;;;;;Süd/West;;;1;807006;3152;94;48,34220006;11,15179996;1;35;29981
ABDS;20181217;6;;;;;DET_Aicha vorm Wald_Pas_H1;A3;591,35;;;;;Süd/West;;;1;319146;1246;170;48,67090001;13,25649999;1;33;30595
ABDS;20181217;6;;;;;DET_Aicha vorm Wald_Pas_H2;A3;591,35;;;;;Süd/West;;;1;319146;1246;170;48,67090001;13,25649999;1;34;30596
ABDS;20181217;6;;;;;DET_Aicha vorm Wald_Rgb_H1;A3;591,35;;;;;Nord/Ost;;;1;319146;1246;170;48,67090009;13,25660006;1;1;30593
ABDS;20181217;6;;;;;DET_Aicha vorm Wald_Rgb_H2;A3;591,35;;;;;Nord/Ost;;;1;319146;1246;170;48,67090009;13,25660006;1;2;30594
ABDS;20181217;6;;;;;DET_Gletschergarten_Kff_H1;A93-Süd;12,26;;;;;Süd/West;;;1;9319505;36404;81;47,71088889;12,15105001;1;33;30931
ABDS;20181217;6;;;;;DET_Gletschergarten_Kff_H2;A93-Süd;12,26;;;;;Süd/West;;;1;9319505;36404;81;47,71088889;12,15105001;1;34;30932
ABDS;20181217;6;;;;;DET_Gletschergarten_Rhm_H1;A93-Süd;12,397;;;;;Nord/Ost;;;1;9319505;36404;81;47,70953401;12,15287374;1;1;30929
ABDS;20181217;6;;;;;DET_Gletschergarten_Rhm_H2;A93-Süd;12,397;;;;;Nord/Ost;;;1;9319505;36404;81;47,70953401;12,15287374;1;2;30930
ABDS;20181217;6;;;;;DET_Langenbruck_(S)_Nbg_H1;A9;475,239;;;;;Nord/Ost;;;1;907330;3544;66;48,63440004;11,52300005;1;1;30297
ABDS;20181217;6;;;;;DET_Langenbruck_(S)_Nbg_H2;A9;475,239;;;;;Nord/Ost;;;1;907330;3544;66;48,63440004;11,52300005;1;2;30298
ABDS;20181217;6;;;;;DET_Langenbruck_(S)_Nbg_H3;A9;475,239;;;;;Nord/Ost;;;1;907330;3544;66;48,63440004;11,52300005;1;3;30299
ABDS;20181217;6;;;;;DET_Odelzhausen_(O)_Mch_H1;A8-West;21,65;;;;;Nord/Ost;;;1;816728;3190;88;48,29530002;11,23039995;1;1;30181
ABDS;20181217;6;;;;;DET_Odelzhausen_(O)_Mch_H2;A8-West;21,65;;;;;Nord/Ost;;;1;816728;3190;88;48,29530002;11,23039995;1;2;30182
ABDS;20181217;6;;;;;DET_Odelzhausen_(O)_Mch_H3;A8-West;21,65;;;;;Nord/Ost;;;1;816728;3190;88;48,29530002;11,23039995;1;3;30183
ABDS;20181217;6;;;;;DET_Odelzhausen_(O)_Stg_H1;A8-West;21,65;;;;;Süd/West;;;1;816728;3190;88;48,29540006;11,23050006;1;33;30184
ABDS;20181217;6;;;;;DET_Odelzhausen_(O)_Stg_H2;A8-West;21,65;;;;;Süd/West;;;1;816728;3190;88;48,29540006;11,23050006;1;34;30185
ABDS;20181217;6;;;;;DET_Odelzhausen_(O)_Stg_H3;A8-West;21,65;;;;;Süd/West;;;1;816728;3190;88;48,29540006;11,23050006;1;35;30186
ABDS;20181217;6;;;;;DET_R-Kumpfmühl_(S)_Hof_H1;A93-Nord;199,55;;;;;Nord/Ost;;;1;9306920;36355;40;48,99850004;12,06359997;1;1;30918
ABDS;20181217;6;;;;;DET_R-Kumpfmühl_(S)_Hof_H2;A93-Nord;199,55;;;;;Nord/Ost;;;1;9306920;36355;40;48,99850004;12,06359997;1;2;30919
ABDS;20181217;6;;;;;DET_R-Kumpfmühl_(S)_Hof_H3;A93-Nord;199,55;;;;;Nord/Ost;;;1;9306920;36355;40;48,99850004;12,06359997;1;3;30920
ABDS;20181217;6;;;;;DET_R-Kumpfmühl_(S)_Mch_H1;A93-Nord;199,55;;;;;Süd/West;;;1;9306920;36355;40;48,99880003;12,06340001;1;33;30921
ABDS;20181217;6;;;;;DET_R-Kumpfmühl_(S)_Mch_H2;A93-Nord;199,55;;;;;Süd/West;;;1;9306920;36355;40;48,99880003;12,06340001;1;34;30922
ABDS;20181217;6;;;;;MQ_96_169273_Mch_Radar_HFS;A96;169,273;;;;;Nord/Ost;;;1;9609913;37538;185;48,12351242;11,48203876;1;1;31329
ABDS;20181217;6;;;;;MQ_96_169925_Mch_Radar_HFS;A96;169,925;;;;;Nord/Ost;;;1;9609928;37538;200;48,12376967;11,49054713;1;1;31333
ABDS;20181217;6;;;;;MQ_96_170635_Mch_Radar_HFS;A96;170,635;;;;;Nord/Ost;;;1;9609944;37538;216;48,12542818;11,4996987;1;1;31336
ABDS;20181217;6;;;;;MQ_96_171060_Mch_Radar_HFS;A96;171,06;;;;;Nord/Ost;;;1;9609955;37538;227;;;1;1;31341
ABDS;20181217;6;;;;;MQ_96_171210_Mch_Radar_HFS;A96;171,21;;;;;Nord/Ost;;;1;9609958;37538;230;;;1;1;31344
ABDS;20181217;6;;;;;MQ_96_171887_Mch_SR_N_1UFS;A96;171,887;;;;;Nord/Ost;;;1;9609974;37538;246;;;1;2;31349
ABDS;20181217;6;;;;;MQ_96_171887_Mch_SR_S_1UFS;A96;171,887;;;;;Nord/Ost;;;1;9609974;37538;246;;;1;82;31351
ABDS;20181217;6;;;;;DET_AD Starnberg_(N)_Gap_A1;A95;13,054;;;;;Süd/West;;;1;9516741;37174;197;48,02031002;11,41872995;1;97;31268
ABDS;20181217;6;;;;;DET_AD Starnberg_(N)_Gap_A2;A95;13,054;;;;;Süd/West;;;1;9516741;37174;197;48,02031002;11,41872995;1;98;31269
ABDS;20181217;6;;;;;DET_AD Starnberg_(N)_Gap_H1;A95;13,054;;;;;Süd/West;;;1;9516741;37174;197;48,0194;11,41839995;1;33;31266
ABDS;20181217;6;;;;;DET_AD Starnberg_(N)_Gap_H2;A95;13,054;;;;;Süd/West;;;1;9516741;37174;197;48,0194;11,41839995;1;34;31267
ABDS;20181217;6;;;;;DET_AD Starnberg_(N)_Mch_E1;A95;13,054;;;;;Nord/Ost;;;1;9516741;37174;197;48,02244;11,42075007;1;129;31270
ABDS;20181217;6;;;;;DET_AD Starnberg_(N)_Mch_E2;A95;13,054;;;;;Nord/Ost;;;1;9516741;37174;197;48,02244;11,42075007;1;130;31271
ABDS;20181217;6;;;;;DET_AD Starnberg_(N)_Mch_H1;A95;13,054;;;;;Nord/Ost;;;1;9516741;37174;197;48,02248003;11,42068004;1;1;31264
ABDS;20181217;6;;;;;DET_AD Starnberg_(N)_Mch_H2;A95;13,054;;;;;Nord/Ost;;;1;9516741;37174;197;48,02248003;11,42068004;1;2;31265
ABDS;20181217;6;;;;;DET_AK Memmingen_(S)_Fld_H1;A7;891,1;;;;;Nord/Ost;;;1;703722;2748;234;47,98880004;10,15060003;1;1;29715
ABDS;20181217;6;;;;;DET_AK Memmingen_(S)_Fld_H2;A7;891,1;;;;;Nord/Ost;;;1;703722;2748;234;47,98880004;10,15060003;1;2;29716
ABDS;20181217;6;;;;;DET_AK Memmingen_(S)_Füs_H1;A7;891,1;;;;;Süd/West;;;1;703722;2748;234;47,99150007;10,15049994;1;33;29717
ABDS;20181217;6;;;;;DET_AK Memmingen_(S)_Füs_H2;A7;891,1;;;;;Süd/West;;;1;703722;2748;234;47,99150007;10,15049994;1;34;29718
ABDS;20181217;6;;;;;DET_AK Memmingen_(S)_Füs_H3;A7;891,1;;;;;Süd/West;;;1;703722;2748;234;47,99150007;10,15049994;1;35;29719
ABDS;20181217;6;;;;;DET_Allershausen_(N)_Nbg_H1;A9;497,988;;;;;Nord/Ost;;;1;908437;3548;149;48,44270007;11,58939998;1;1;30509
ABDS;20181217;6;;;;;DET_Allershausen_(N)_Nbg_H2;A9;497,988;;;;;Nord/Ost;;;1;908437;3548;149;48,44270007;11,58939998;1;2;30510
ABDS;20181217;6;;;;;DET_Allershausen_(N)_Nbg_H3;A9;497,988;;;;;Nord/Ost;;;1;908437;3548;149;48,44270007;11,58939998;1;3;30511
ABDS;20181217;6;;;;;DET_Hittistetten_(S)_Fld_H1;A7;852,8;;;;;Nord/Ost;;;1;702499;2744;35;48,31530004;10,09270001;1;1;29720
ABDS;20181217;6;;;;;DET_Hittistetten_(S)_Fld_H2;A7;852,8;;;;;Nord/Ost;;;1;702499;2744;35;48,31530004;10,09270001;1;2;29721
ABDS;20181217;6;;;;;DET_Hittistetten_(S)_Füs_H1;A7;852,8;;;;;Süd/West;;;1;702499;2744;35;48,31550008;10,09230004;1;33;29722
ABDS;20181217;6;;;;;DET_Hittistetten_(S)_Füs_H2;A7;852,8;;;;;Süd/West;;;1;702499;2744;35;48,31550008;10,09230004;1;34;29723
ABDS;20181217;6;;;;;DET_Kiefersfelden_(S)_Ro_H1;A93-Süd;25,011;;;;;Nord/Ost;;;1;9319978;36406;42;47,60623093;12,19577827;1;1;30933
ABDS;20181217;6;;;;;DET_Kiefersfelden_(S)_Ro_H2;A93-Süd;25,011;;;;;Nord/Ost;;;1;9319978;36406;42;47,60623093;12,19577827;1;2;30934
ABDS;20181217;6;;;;;DET_München-Laim_(W)_Lin_H1;A96;169,95;;;;;Süd/West;;;1;9619941;37577;229;48,12390001;11,48960006;1;33;31440
ABDS;20181217;6;;;;;DET_München-Laim_(W)_Lin_H2;A96;169,95;;;;;Süd/West;;;1;9619941;37577;229;48,12390001;11,48960006;1;34;31441
ABDS;20181217;6;;;;;DET_München-Laim_(W)_Lin_H3;A96;169,95;;;;;Süd/West;;;1;9619941;37577;229;48,12390001;11,48960006;1;35;31442
ABDS;20181217;6;;;;;DET_München-Laim_(W)_Mch_H1;A96;169,95;;;;;Nord/Ost;;;1;9619941;37577;229;48,12380008;11,48979998;1;1;31437
ABDS;20181217;6;;;;;DET_München-Laim_(W)_Mch_H2;A96;169,95;;;;;Nord/Ost;;;1;9619941;37577;229;48,12380008;11,48979998;1;2;31438
ABDS;20181217;6;;;;;DET_München-Laim_(W)_Mch_H3;A96;169,95;;;;;Nord/Ost;;;1;9619941;37577;229;48,12380008;11,48979998;1;3;31439
ABDS;20181217;6;;;;;DET_Pfaffenhofen_(N)_Nbg_H1;A9;490,235;;;;;Nord/Ost;;;1;908060;3547;28;48,50840006;11,58629995;1;1;30269
ABDS;20181217;6;;;;;DET_Pfaffenhofen_(N)_Nbg_H2;A9;490,235;;;;;Nord/Ost;;;1;908060;3547;28;48,50840006;11,58629995;1;2;30270
ABDS;20181217;6;;;;;DET_Pfaffenhofen_(N)_Nbg_H3;A9;490,235;;;;;Nord/Ost;;;1;908060;3547;28;48,50840006;11,58629995;1;3;30481
ABDS;20181217;6;;;;;DET_Pfaffenhofen_(S)_Nbg_H1;A9;492,355;;;;;Nord/Ost;;;1;908163;3547;131;48,49690003;11,59470004;1;1;30492
ABDS;20181217;6;;;;;DET_Pfaffenhofen_(S)_Nbg_H2;A9;492,355;;;;;Nord/Ost;;;1;908163;3547;131;48,49690003;11,59470004;1;2;30493
ABDS;20181217;6;;;;;DET_Sulzemoos_(O)_Mch_H3;A8-West;17,531;;;;;Nord/Ost;;;1;806591;3150;191;48,27430008;11,28300004;1;3;29834
ABDS;20181217;6;;;;;DET_Sulzemoos_(O)_Stg_H1;A8-West;17,531;;;;;Süd/West;;;1;806591;3150;191;48,27450009;11,28300007;1;33;29835
ABDS;20181217;6;;;;;DET_Sulzemoos_(O)_Stg_H2;A8-West;17,531;;;;;Süd/West;;;1;806591;3150;191;48,27450009;11,28300007;1;34;29836
ABDS;20181217;6;;;;;DET_Sulzemoos_(O)_Stg_H3;A8-West;17,531;;;;;Süd/West;;;1;806591;3150;191;48,27450009;11,28300007;1;35;29837
ABDS;20181217;6;;;;;DET_Zusmarshausen_Mch_H1;A8-West;73,49;;;;;Nord/Ost;;;1;818618;3197;186;48,40960002;10,60290005;1;1;30122
ABDS;20181217;6;;;;;DET_Zusmarshausen_Mch_H2;A8-West;73,49;;;;;Nord/Ost;;;1;818618;3197;186;48,40960002;10,60290005;1;2;30123
ABDS;20181217;6;;;;;DET_Zusmarshausen_Mch_H3;A8-West;73,49;;;;;Nord/Ost;;;1;818618;3197;186;48,40960002;10,60290005;1;3;30124
ABDS;20181217;6;;;;;DET_Zusmarshausen_Stg_H1;A8-West;73,49;;;;;Süd/West;;;1;818618;3197;186;48,40980007;10,60280002;1;33;30125
ABDS;20181217;6;;;;;DET_Zusmarshausen_Stg_H2;A8-West;73,49;;;;;Süd/West;;;1;818618;3197;186;48,40980007;10,60280002;1;34;30126
ABDS;20181217;6;;;;;DET_Zusmarshausen_Stg_H3;A8-West;73,49;;;;;Süd/West;;;1;818618;3197;186;48,40980007;10,60280002;1;35;30127
ABDS;20181217;6;;;;;DET__B471_380_000_Obs_E1;B471;380;;;;;Nord/Ost;;;1;10471031;40902;119;48,23968604;11,38163087;1;129;31253
ABDS;20181217;6;;;;;DEt_Starnberg_(W)_Mch_H1;A952;2,018;;;;;Nord/Ost;;;1;10517683;41084;179;48,00390008;11,38860006;1;1;29797
ABDS;20181217;6;;;;;MQ_96_168866_Mch_SR_1UFS;A96;168,866;;;;;Nord/Ost;;;1;9609904;37538;176;;;1;2;31326
ABDS;20181217;6;;;;;MQ_96_168866_Mch_SR_2UFS;A96;168,866;;;;;Nord/Ost;;;1;9609904;37538;176;;;1;3;31327
ABDS;20181217;6;;;;;DETA7_960_425_Fue/B310_A1;A7;960,425;;;;;Süd/West;;;1;719890;2812;18;47,57590002;10,66100003;1;97;29787
ABDS;20181217;6;;;;;DETA7_960_425_Fue/B310_E1;A7;960,425;;;;;Süd/West;;;1;719890;2812;18;47,57590002;10,66100003;1;161;29788
ABDS;20181217;6;;;;;DETA7_960_486_Ulm/B310_A1;A7;960,486;;;;;Nord/Ost;;;1;709892;2773;4;47,57510001;10,66230002;1;65;29748
ABDS;20181217;6;;;;;DETA7_960_486_Ulm/B310_E1;A7;960,486;;;;;Nord/Ost;;;1;709892;2773;4;47,57510001;10,66230002;1;129;29749
ABDS;20181217;6;;;;;DET_Edenbergen_(O)_Mch_H1;A8-West;56,74;;;;;Nord/Ost;;;1;818477;3197;45;48,41970005;10,80420002;1;1;30140
ABDS;20181217;6;;;;;DET_Edenbergen_(O)_Mch_H2;A8-West;56,74;;;;;Nord/Ost;;;1;818477;3197;45;48,41970005;10,80420002;1;2;30141
ABDS;20181217;6;;;;;DET_Edenbergen_(O)_Mch_H3;A8-West;56,74;;;;;Nord/Ost;;;1;818477;3197;45;48,41970005;10,80420002;1;3;30142
ABDS;20181217;6;;;;;DET_Edenbergen_(O)_Stg_H1;A8-West;56,74;;;;;Süd/West;;;1;818477;3197;45;48,41980004;10,80510004;1;33;30143
ABDS;20181217;6;;;;;DET_Edenbergen_(O)_Stg_H2;A8-West;56,74;;;;;Süd/West;;;1;818477;3197;45;48,41980004;10,80510004;1;34;30144
ABDS;20181217;6;;;;;DET_Edenbergen_(O)_Stg_H3;A8-West;56,74;;;;;Süd/West;;;1;818477;3197;45;48,41980004;10,80510004;1;35;30145
ABDS;20181217;6;;;;;DET_Gräfelfing_(W)_Lin_H2;A96;165,902;;;;;Süd/West;;;1;9609847;37538;119;48,12780008;11,43930005;1;34;31356
ABDS;20181217;6;;;;;DET_Gräfelfing_(W)_Lin_H3;A96;165,902;;;;;Süd/West;;;1;9609847;37538;119;48,12780008;11,43930005;1;35;31357
ABDS;20181217;6;;;;;DET_Gräfelfing_(W)_Lin_h1;A96;165,902;;;;;Süd/West;;;1;9609847;37538;119;48,12780008;11,43930005;1;33;31355
ABDS;20181217;6;;;;;DET_Gräfelfing_(W)_Mch_H1;A96;165,902;;;;;Nord/Ost;;;1;9609847;37538;119;48,12770002;11,43940001;1;1;31352
ABDS;20181217;6;;;;;DET_Gräfelfing_(W)_Mch_H2;A96;165,902;;;;;Nord/Ost;;;1;9609847;37538;119;48,12770002;11,43940001;1;2;31353
ABDS;20181217;6;;;;;DET_Gräfelfing_(W)_Mch_H3;A96;165,902;;;;;Nord/Ost;;;1;9609847;37538;119;48,12770002;11,43940001;1;3;31354
ABDS;20181217;6;;;;;DET_Nesselwang_(W)_Fld_H1;A7;943,2;;;;;Nord/Ost;;;1;705389;2755;109;47,64060006;10,51500004;1;1;29724
ABDS;20181217;6;;;;;DET_Nesselwang_(W)_Fld_H2;A7;943,2;;;;;Nord/Ost;;;1;705389;2755;109;47,64060006;10,51500004;1;2;29725
ABDS;20181217;6;;;;;DET_Nesselwang_(W)_Füs_H1;A7;943,2;;;;;Süd/West;;;1;705389;2755;109;47,6405;10,5149;1;33;29726
ABDS;20181217;6;;;;;DET_Nesselwang_(W)_Füs_H2;A7;943,2;;;;;Süd/West;;;1;705389;2755;109;47,6405;10,5149;1;34;29727
ABDS;20181217;6;;;;;DET_Nittendorf_(W)_Pas_H1;A3;479,71;;;;;Süd/West;;;1;306570;1197;138;49,03460001;11,93749994;1;33;30565
ABDS;20181217;6;;;;;DET_Nittendorf_(W)_Pas_H2;A3;479,71;;;;;Süd/West;;;1;306570;1197;138;49,03460001;11,93749994;1;34;30566
ABDS;20181217;6;;;;;DET_Nittendorf_(W)_Rbg_H1;A3;479,71;;;;;Nord/Ost;;;1;306570;1197;138;49,03470001;11,93770003;1;1;30563
ABDS;20181217;6;;;;;DET_Nittendorf_(W)_Rbg_H2;A3;479,71;;;;;Nord/Ost;;;1;306570;1197;138;49,03470001;11,93770003;1;2;30564
ABDS;20181217;6;;;;;DET_R-Königswiesen_Hof_H1;A93-Nord;198,3;;;;;Nord/Ost;;;1;9306865;36354;241;49,00640009;12,0609;1;1;30857
ABDS;20181217;6;;;;;DET_R-Königswiesen_Hof_H2;A93-Nord;198,3;;;;;Nord/Ost;;;1;9306865;36354;241;49,00640009;12,0609;1;2;30858
ABDS;20181217;6;;;;;DET_R-Königswiesen_Mch_H1;A93-Nord;198,3;;;;;Süd/West;;;1;9306865;36354;241;49,00660009;12,0607;1;33;30859
ABDS;20181217;6;;;;;DET_R-Königswiesen_Mch_H2;A93-Nord;198,3;;;;;Süd/West;;;1;9306865;36354;241;49,00660009;12,0607;1;34;30860
ABDS;20181217;6;;;;;DET_Siegenburg_(S)_Hof_H1;A93-Nord;236,5;;;;;Nord/Ost;;;1;9318627;36400;227;48,74220002;11,85790003;1;1;30925
ABDS;20181217;6;;;;;DET_Siegenburg_(S)_Hof_H2;A93-Nord;236,5;;;;;Nord/Ost;;;1;9318627;36400;227;48,74220002;11,85790003;1;2;30926
ABDS;20181217;6;;;;;DET_Siegenburg_(S)_Mch_H1;A93-Nord;236,5;;;;;Süd/West;;;1;9318627;36400;227;48,74270006;11,85809999;1;33;30927
ABDS;20181217;6;;;;;DET_Siegenburg_(S)_Mch_H2;A93-Nord;236,5;;;;;Süd/West;;;1;9318627;36400;227;48,74270006;11,85809999;1;34;30928
ABDS;20181217;6;;;;;MQ_96_171887_Mch_SR_N_HFS;A96;171,887;;;;;Nord/Ost;;;1;9609974;37538;246;;;1;1;31348
ABDS;20181217;6;;;;;MQ_96_171887_Mch_SR_S_HFS;A96;171,887;;;;;Nord/Ost;;;1;9609974;37538;246;;;1;81;31350
ABDS;20181217;6;;;;;DET_AD_Holledau_(N)_Nbg_H1;A9;481,07;;;;;Nord/Ost;;;1;907614;3545;94;48,58320001;11,58299994;1;1;30354
ABDS;20181217;6;;;;;DET_AD_Holledau_(N)_Nbg_H2;A9;481,07;;;;;Nord/Ost;;;1;907614;3545;94;48,58320001;11,58299994;1;2;30355
ABDS;20181217;6;;;;;DET_AD_Holledau_(N)_Nbg_H3;A9;481,07;;;;;Nord/Ost;;;1;907614;3545;94;48,58320001;11,58299994;1;3;30356
ABDS;20181217;6;;;;;DET_AD_Holledau_(S)_Nbg_H1;A9;484,277;;;;;Nord/Ost;;;1;907770;3545;250;48,56570006;11,59150001;1;1;30307
ABDS;20181217;6;;;;;DET_AD_Holledau_(S)_Nbg_H2;A9;484,277;;;;;Nord/Ost;;;1;907770;3545;250;48,56570006;11,59150001;1;2;30308
ABDS;20181217;6;;;;;DET_AD_Holledau_(S)_Nbg_H3;A9;484,277;;;;;Nord/Ost;;;1;907770;3545;250;48,56570006;11,59150001;1;3;30309
ABDS;20181217;6;;;;;DET_Adelzhausen_(W)_Mch_H1;A8-West;34;;;;;Nord/Ost;;;1;807144;3152;232;48,37270007;11,09850002;1;1;29966
ABDS;20181217;6;;;;;DET_Adelzhausen_(W)_Mch_H2;A8-West;34;;;;;Nord/Ost;;;1;807144;3152;232;48,37270007;11,09850002;1;2;29967
ABDS;20181217;6;;;;;DET_Adelzhausen_(W)_Mch_H3;A8-West;34;;;;;Nord/Ost;;;1;807144;3152;232;48,37270007;11,09850002;1;3;29968
ABDS;20181217;6;;;;;DET_Adelzhausen_(W)_Stg_H1;A8-West;34;;;;;Süd/West;;;1;807144;3152;232;48,37260005;11,09889997;1;33;29969
ABDS;20181217;6;;;;;DET_Adelzhausen_(W)_Stg_H2;A8-West;34;;;;;Süd/West;;;1;807144;3152;232;48,37260005;11,09889997;1;34;29970
ABDS;20181217;6;;;;;DET_Adelzhausen_(W)_Stg_H3;A8-West;34;;;;;Süd/West;;;1;807144;3152;232;48,37260005;11,09889997;1;35;29971
ABDS;20181217;6;;;;;DET_Adelzhausen_Ost_Mch_H1;A8-West;29,538;;;;;Nord/Ost;;;1;807006;3152;94;48,34200005;11,15180004;1;1;29976
ABDS;20181217;6;;;;;DET_Adelzhausen_Ost_Mch_H2;A8-West;29,538;;;;;Nord/Ost;;;1;807006;3152;94;48,34200005;11,15180004;1;2;29977
ABDS;20181217;6;;;;;DET_Adelzhausen_Ost_Mch_H3;A8-West;29,538;;;;;Nord/Ost;;;1;807006;3152;94;48,34200005;11,15180004;1;3;29978
ABDS;20181217;6;;;;;DET_Adelzhausen_Ost_Stg_H1;A8-West;29,538;;;;;Süd/West;;;1;807006;3152;94;48,34220006;11,15179996;1;33;29979
ABDS;20181217;6;;;;;DET_Leipheim_(O)_Stg_H2;A8-West;102,8;;;;;Süd/West;;;1;809458;3161;242;48,43052183;10,22530162;1;34;30108
ABDS;20181217;6;;;;;DET_Leipheim_(O)_Stg_H3;A8-West;102,8;;;;;Süd/West;;;1;809458;3161;242;48,43052183;10,22530162;1;35;30109
ABDS;20181217;6;;;;;DET_Leipheim_(W)_Mch_H1;A8-West;110,5;;;;;Nord/Ost;;;1;809717;3162;245;48,46264889;10,13889;1;1;29684
ABDS;20181217;6;;;;;DET_Leipheim_(W)_Mch_H2;A8-West;110,5;;;;;Nord/Ost;;;1;809717;3162;245;48,46264889;10,13889;1;2;29685
ABDS;20181217;6;;;;;DET_Leipheim_(W)_Mch_H3;A8-West;110,5;;;;;Nord/Ost;;;1;809717;3162;245;48,46264889;10,13889;1;3;29686
ABDS;20181217;6;;;;;DET_Leipheim_(W)_Stg_H1;A8-West;110,5;;;;;Süd/West;;;1;809717;3162;245;48,46276975;10,13897368;1;33;29687
ABDS;20181217;6;;;;;DET_Leipheim_(W)_Stg_H2;A8-West;110,5;;;;;Süd/West;;;1;809717;3162;245;48,46276975;10,13897368;1;34;29688
ABDS;20181217;6;;;;;DET_Leipheim_(W)_Stg_H3;A8-West;110,5;;;;;Süd/West;;;1;809717;3162;245;48,46276975;10,13897368;1;35;29689
ABDS;20181217;6;;;;;DET_Manching_(N)_Mch_H1;A9;463,029;;;;;Süd/West;;;1;916736;3581;0;48,72350005;11,47770004;1;33;30375
ABDS;20181217;6;;;;;DET_Manching_(N)_Mch_H2;A9;463,029;;;;;Süd/West;;;1;916736;3581;0;48,72350005;11,47770004;1;34;30376
ABDS;20181217;6;;;;;DET_Manching_(N)_Mch_H3;A9;463,029;;;;;Süd/West;;;1;916736;3581;0;48,72350005;11,47770004;1;35;30377
ABDS;20181217;6;;;;;DET_Manching_(N)_Nbg_H1;A9;463,029;;;;;Nord/Ost;;;1;916736;3581;0;48,72310008;11,47819998;1;1;30372
ABDS;20181217;6;;;;;DET_Manching_(N)_Nbg_H2;A9;463,029;;;;;Nord/Ost;;;1;916736;3581;0;48,72310008;11,47819998;1;2;30373
ABDS;20181217;6;;;;;DET_Manching_(N)_Nbg_H3;A9;463,029;;;;;Nord/Ost;;;1;916736;3581;0;48,72310008;11,47819998;1;3;30374
ABDS;20181217;6;;;;;DET_Rosenhof_(W)_Pas_H1;A3;503,93;;;;;Süd/West;;;1;307129;1199;185;48,99320006;12,22129998;1;33;30579
ABDS;20181217;6;;;;;DET_Rosenhof_(W)_Pas_H2;A3;503,93;;;;;Süd/West;;;1;307129;1199;185;48,99320006;12,22129998;1;34;30580
ABDS;20181217;6;;;;;DET_Rosenhof_(W)_Rbg_H1;A3;503,93;;;;;Nord/Ost;;;1;307129;1199;185;48,99340003;12,22070003;1;1;30577
ABDS;20181217;6;;;;;DET_Rosenhof_(W)_Rbg_H2;A3;503,93;;;;;Nord/Ost;;;1;307129;1199;185;48,99340003;12,22070003;1;2;30578
ABDS;20181217;6;;;;;DEt_Frasdorf_(O)_Mch_H2;A8-Ost;72,15;;;;;Süd/West;;;1;808313;3157;121;47,80354074;12,30135981;1;34;30075
ABDS;20181217;6;;;;;MQ_96_168866_Mch_SR_HFS;A96;168,866;;;;;Nord/Ost;;;1;9609904;37538;176;;;1;1;31325
ABDS;20181217;6;;;;;MQ_96_169273_Mch_SR_HFS;A96;169,273;;;;;Nord/Ost;;;1;9609913;37538;185;48,12351242;11,48203876;1;129;31332
ABDS;20181217;6;;;;;DET_AD Allgäu_(S)_Fld_H1;A7;931,094;;;;;Nord/Ost;;;1;715002;2792;250;47,68150001;10,37149996;1;1;29763
ABDS;20181217;6;;;;;DET_AD Allgäu_(S)_Fld_H2;A7;931,094;;;;;Nord/Ost;;;1;715002;2792;250;47,68150001;10,37149996;1;2;29764
ABDS;20181217;6;;;;;DET_AD Allgäu_(S)_Füs_H1;A7;931,094;;;;;Süd/West;;;1;715002;2792;250;47,68150005;10,37130004;1;33;29765
ABDS;20181217;6;;;;;DET_AD Allgäu_(S)_Füs_H2;A7;931,094;;;;;Süd/West;;;1;715002;2792;250;47,68150005;10,37130004;1;34;29766
ABDS;20181217;6;;;;;DET_AD Inntal_(S)_Kff_H1;A93-Süd;1,8;;;;;Süd/West;;;1;9316299;36391;203;47,79458227;12,08991241;1;33;31116
ABDS;20181217;6;;;;;DET_AD Inntal_(S)_Kff_H2;A93-Süd;1,8;;;;;Süd/West;;;1;9316299;36391;203;47,79458227;12,08991241;1;34;31117
ABDS;20181217;6;;;;;DET_AD Inntal_(W)_Mch_H1;A8-Ost;54,4;;;;;Süd/West;;;1;807754;3155;74;47,81374251;12,07123849;1;33;30061
ABDS;20181217;6;;;;;DET_AD Inntal_(W)_Mch_H2;A8-Ost;54,4;;;;;Süd/West;;;1;807754;3155;74;47,81374251;12,07123849;1;34;30062
ABDS;20181217;6;;;;;DET_AD Inntal_(W)_Mch_H3;A8-Ost;54,4;;;;;Süd/West;;;1;807754;3155;74;47,81374251;12,07123849;1;35;30063
ABDS;20181217;6;;;;;DET_AD Inntal_(W)_Sbg_H1;A8-Ost;54,4;;;;;Nord/Ost;;;1;807754;3155;74;47,81355667;12,07150164;1;1;30058
ABDS;20181217;6;;;;;DET_AD Inntal_(W)_Sbg_H2;A8-Ost;54,4;;;;;Nord/Ost;;;1;807754;3155;74;47,81355667;12,07150164;1;2;30059
ABDS;20181217;6;;;;;DET_AD Inntal_(W)_Sbg_H3;A8-Ost;54,4;;;;;Nord/Ost;;;1;807754;3155;74;47,81355667;12,07150164;1;3;30060
ABDS;20181217;6;;;;;DET_AK_Regensburg_Pas_H1;A3;492,71;;;;;Süd/West;;;1;306870;1198;182;48,99070007;12,06739998;1;33;30570
ABDS;20181217;6;;;;;DET_AK_Regensburg_Pas_H2;A3;492,71;;;;;Süd/West;;;1;306870;1198;182;48,99070007;12,06739998;1;34;30571
ABDS;20181217;6;;;;;DET_AK_Regensburg_Pas_H3;A3;492,71;;;;;Süd/West;;;1;306870;1198;182;48,99070007;12,06739998;1;35;30572
ABDS;20181217;6;;;;;DET_AK_Regensburg_Rgb_H1;A3;492,71;;;;;Nord/Ost;;;1;306870;1198;182;48,99090002;12,07399995;1;1;30567
ABDS;20181217;6;;;;;DET_AK_Regensburg_Rgb_H2;A3;492,71;;;;;Nord/Ost;;;1;306870;1198;182;48,99090002;12,07399995;1;2;30568
ABDS;20181217;6;;;;;DET_AK_Regensburg_Rgb_H3;A3;492,71;;;;;Nord/Ost;;;1;306870;1198;182;48,99090002;12,07399995;1;3;30569
ABDS;20181217;6;;;;;DET_Germering_(W)_Lin_H1;A96;156,697;;;;;Süd/West;;;1;9619220;37575;20;48,09770001;11,32719994;1;33;31415
ABDS;20181217;6;;;;;DET_Germering_(W)_Lin_H2;A96;156,697;;;;;Süd/West;;;1;9619220;37575;20;48,09770001;11,32719994;1;34;31416
ABDS;20181217;6;;;;;DET_Germering_(W)_Mch_H1;A96;156,697;;;;;Nord/Ost;;;1;9619220;37575;20;48,09800003;11,32859997;1;1;31413
ABDS;20181217;6;;;;;DET_Germering_(W)_Mch_H2;A96;156,697;;;;;Nord/Ost;;;1;9619220;37575;20;48,09800003;11,32859997;1;2;31414
ABDS;20181217;6;;;;;DET_Oy-Mittelberg_Fld_A1;A7;939,4;;;;;Nord/Ost;;;1;715267;2794;3;47,65330005;10,46800005;1;65;29759
ABDS;20181217;6;;;;;DET_Oy-Mittelberg_Fld_E1;A7;939,4;;;;;Nord/Ost;;;1;715267;2794;3;47,65340004;10,46689997;1;129;29761
ABDS;20181217;6;;;;;DET_Oy-Mittelberg_Fld_H1;A7;939,4;;;;;Nord/Ost;;;1;715267;2794;3;47,65320009;10,46760003;1;1;29755
ABDS;20181217;6;;;;;DET_Oy-Mittelberg_Fld_H2;A7;939,4;;;;;Nord/Ost;;;1;715267;2794;3;47,65320009;10,46760003;1;2;29756
ABDS;20181217;6;;;;;DET_Oy-Mittelberg_Füs_A1;A7;939,4;;;;;Süd/West;;;1;715267;2794;3;47,65350007;10,46190006;1;97;29760
ABDS;20181217;6;;;;;DET_Oy-Mittelberg_Füs_E1;A7;939,4;;;;;Süd/West;;;1;715267;2794;3;47,65350007;10,46279994;1;161;29762
ABDS;20181217;6;;;;;DET_Oy-Mittelberg_Füs_H1;A7;939,4;;;;;Süd/West;;;1;715267;2794;3;47,65380007;10,46240003;1;33;29757
ABDS;20181217;6;;;;;DET_Oy-Mittelberg_Füs_H2;A7;939,4;;;;;Süd/West;;;1;715267;2794;3;47,65380007;10,46240003;1;34;29758
ABDS;20181217;6;;;;;DET_Rosenheim_(O)_Mch_H1;A8-Ost;59,45;;;;;Süd/West;;;1;807913;3155;233;47,80605889;12,13811;1;33;30056
ABDS;20181217;6;;;;;DET_Rosenheim_(O)_Mch_H2;A8-Ost;59,45;;;;;Süd/West;;;1;807913;3155;233;47,80605889;12,13811;1;34;30057
ABDS;20181217;6;;;;;DET_Rosenheim_(O)_Sbg_H1;A8-Ost;59,45;;;;;Nord/Ost;;;1;807913;3155;233;47,80590889;12,13804001;1;1;30054
ABDS;20181217;6;;;;;DET_Rosenheim_(O)_Sbg_H2;A8-Ost;59,45;;;;;Nord/Ost;;;1;807913;3155;233;47,80590889;12,13804001;1;2;30055
ABDS;20181217;6;;;;;DET_Seeshaupt_(N)_Gap_H1;A95;32,4;;;;;Süd/West;;;1;9507887;37140;47;47,85493006;11,38675995;1;33;31256
ABDS;20181217;6;;;;;DET_Seeshaupt_(N)_Gap_H2;A95;32,4;;;;;Süd/West;;;1;9507887;37140;47;47,85493006;11,38675995;1;34;31257
ABDS;20181217;6;;;;;DET_Seeshaupt_(N)_Mch_H1;A95;32,4;;;;;Nord/Ost;;;1;9507887;37140;47;47,85479002;11,38708004;1;1;31254
ABDS;20181217;6;;;;;DET_Seeshaupt_(N)_Mch_H2;A95;32,4;;;;;Nord/Ost;;;1;9507887;37140;47;47,85479002;11,38708004;1;2;31255
ABDS;20181217;6;;;;;DET_Starnberg_(W)_Mch_H2;A952;2,018;;;;;Nord/Ost;;;1;10517683;41084;179;48,00390008;11,38860006;1;2;29798
ABDS;20181217;6;;;;;DET_Starnberg_(W)_Sta_H1;A952;2,018;;;;;Süd/West;;;1;10517683;41084;179;48,004;11,38859995;1;33;29799
ABDS;20181217;6;;;;;DET_Starnberg_(W)_Sta_H2;A952;2,018;;;;;Süd/West;;;1;10517683;41084;179;48,004;11,38859995;1;34;29800
ABDS;20181217;6;;;;;DET_Sulzemoos_(O)_Mch_H1;A8-West;17,531;;;;;Nord/Ost;;;1;806591;3150;191;48,27430008;11,28300004;1;1;29832
ABDS;20181217;6;;;;;DET_Sulzemoos_(O)_Mch_H2;A8-West;17,531;;;;;Nord/Ost;;;1;806591;3150;191;48,27430008;11,28300004;1;2;29833
ABDS;20181217;6;;;;;DET_9_AKNeuf_2278_UM_E2;A92;2,278;;;;;Süd/West;;;1;9130960;35667;208;48,31400001;11,62150003;1;170;30611
ABDS;20181217;6;;;;;DET_AD Inntal_(S)_Ro_H1;A93-Süd;1,8;;;;;Nord/Ost;;;1;9316299;36391;203;47,7945656;12,09015691;1;1;31114
ABDS;20181217;6;;;;;DET_AD Inntal_(S)_Ro_H2;A93-Süd;1,8;;;;;Nord/Ost;;;1;9316299;36391;203;47,7945656;12,09015691;1;2;31115
ABDS;20181217;6;;;;;DET_Augsburg-Ost_Mch_H1;A8-West;48,3;;;;;Nord/Ost;;;1;807628;3154;204;48,40550005;10,94590005;1;1;30042
ABDS;20181217;6;;;;;DET_Augsburg-Ost_Mch_H2;A8-West;48,3;;;;;Nord/Ost;;;1;807628;3154;204;48,40550005;10,94590005;1;2;30043
ABDS;20181217;6;;;;;DET_Augsburg-Ost_Mch_H3;A8-West;48,3;;;;;Nord/Ost;;;1;807628;3154;204;48,40550005;10,94590005;1;3;30044
ABDS;20181217;6;;;;;DET_Augsburg-Ost_Stg_H1;A8-West;48,3;;;;;Süd/West;;;1;807628;3154;204;48,40560005;10,94590001;1;33;30045
ABDS;20181217;6;;;;;DET_Augsburg-Ost_Stg_H2;A8-West;48,3;;;;;Süd/West;;;1;807628;3154;204;48,40560005;10,94590001;1;34;30046
ABDS;20181217;6;;;;;DET_Augsburg-Ost_Stg_H3;A8-West;48,3;;;;;Süd/West;;;1;807628;3154;204;48,40560005;10,94590001;1;35;30047
ABDS;20181217;6;;;;;DET_B17_720_1220_AUG_H1;B17;18,232;;;;;Nord/Ost;;;1;1716657;6705;177;;;1;1;30338
ABDS;20181217;6;;;;;DET_B17_720_1220_AUG_H2;B17;0;;;;;Nord/Ost;;;1;1716657;6705;177;;;1;2;30339
ABDS;20181217;6;;;;;DET_B17_740_0470_AUG_H1;B17;16,058;;;;;Nord/Ost;;;1;1716579;6705;99;48,28799897;10,87438084;1;1;30342
ABDS;20181217;6;;;;;DET_B17_740_0470_AUG_H2;B17;0;;;;;Nord/Ost;;;1;1716579;6705;99;48,28799897;10,87438084;1;2;30343
ABDS;20181217;6;;;;;DET_B17_740_2270_AUG_H1;B17;14,251;;;;;Nord/Ost;;;1;1716514;6705;34;48,3036739;10,88126467;1;1;30340
ABDS;20181217;6;;;;;DET_B17_740_2270_AUG_H2;B17;0;;;;;Nord/Ost;;;1;1716514;6705;34;48,3036739;10,88126467;1;2;30341
ABDS;20181217;6;;;;;DET_B17_760_0480_AUG_H1;B17;13,017;;;;;Nord/Ost;;;1;1716469;6704;245;48,31437213;10,88576886;1;1;30336
ABDS;20181217;6;;;;;DET_B17_760_0480_AUG_H2;B17;0;;;;;Nord/Ost;;;1;1716469;6704;245;48,31437213;10,88576886;1;2;30337
ABDS;20181217;6;;;;;DET_B17_780_0390_LBG_H1;B17;11,33;;;;;Süd/West;;;1;1716404;6704;180;;;1;113;30335
ABDS;20181217;6;;;;;DET_B17_780_0390_LBG_H2;B17;0;;;;;Süd/West;;;1;1716404;6704;180;;;1;33;30332
ABDS;20181217;6;;;;;DET_B17_780_0390_LBG_H3;B17;0;;;;;Süd/West;;;1;1716404;6704;180;;;1;34;30333
ABDS;20181217;6;;;;;DET_B17_780_0520_AUG_H1;B17;11,2;;;;;Nord/Ost;;;1;1716404;6704;180;48,33047741;10,88695489;1;81;30334
ABDS;20181217;6;;;;;DET_B17_780_0520_AUG_H2;B17;0;;;;;Nord/Ost;;;1;1716404;6704;180;48,33047741;10,88695489;1;1;30330
ABDS;20181217;6;;;;;DET_B17_780_0520_AUG_H3;B17;0;;;;;Nord/Ost;;;1;1716404;6704;180;48,33047741;10,88695489;1;2;30331
ABDS;20181217;6;;;;;DET_B17_780_0820_LBG_H1;B17;10,9;;;;;Süd/West;;;1;1706392;6665;152;48,33312089;10,88717806;1;113;30562
ABDS;20181217;6;;;;;DET_B17_780_0820_LBG_H2;B17;0;;;;;Süd/West;;;1;1706392;6665;152;48,33312089;10,88717806;1;33;30352
ABDS;20181217;6;;;;;DET_B17_780_0820_LBG_H3;B17;0;;;;;Süd/West;;;1;1706392;6665;152;48,33312089;10,88717806;1;34;30353
ABDS;20181217;6;;;;;DET_B17_780_0960_AUG_H1;B17;10,37;;;;;Nord/Ost;;;1;1706392;6665;152;;;1;81;30561
ABDS;20181217;6;;;;;DET_B17_780_0960_AUG_H2;B17;0;;;;;Nord/Ost;;;1;1706392;6665;152;;;1;1;30350
ABDS;20181217;6;;;;;DET_B17_780_0960_AUG_H3;B17;0;;;;;Nord/Ost;;;1;1706392;6665;152;;;1;2;30351
ABDS;20181217;6;;;;;DET_B17_800_0350_AUG_H1;B17;10;;;;;Nord/Ost;;;1;1706359;6665;119;48,34083288;10,88938581;1;81;30348
ABDS;20181217;6;;;;;DET_B17_800_0350_AUG_H2;B17;10;;;;;Nord/Ost;;;1;1706359;6665;119;48,34083288;10,88938581;1;1;30344
ABDS;20181217;6;;;;;DET_B17_800_0350_AUG_H3;B17;10;;;;;Nord/Ost;;;1;1706359;6665;119;48,34083288;10,88938581;1;2;30345
ABDS;20181217;6;;;;;DET_B17_800_0350_LBG_H1;B17;10;;;;;Süd/West;;;1;1706359;6665;119;48,34078341;10,88905895;1;113;30349
ABDS;20181217;6;;;;;DET_B17_800_0350_LBG_H2;B17;10;;;;;Süd/West;;;1;1706359;6665;119;48,34078341;10,88905895;1;33;30346
ABDS;20181217;6;;;;;DET_B17_800_0350_LBG_H3;B17;10;;;;;Süd/West;;;1;1706359;6665;119;48,34078341;10,88905895;1;34;30347
ABDS;20181217;6;;;;;DET_B471_360_000_Ffb_H1;B471;360;;;;;Süd/West;;;1;10471027;40902;115;48,24075001;11,37312482;1;33;31248
ABDS;20181217;6;;;;;DET_B471_360_000_Obs_H1;B471;360;;;;;Nord/Ost;;;1;10471027;40902;115;48,23974522;11,373411;1;1;31247
ABDS;20181217;6;;;;;DET_B471_380_000_Ffb_A1;B471;380;;;;;Süd/West;;;1;10471031;40902;119;48,24099409;11,37490404;1;97;31252
ABDS;20181217;6;;;;;DET_B471_380_000_Ffb_H1;B471;380;;;;;Süd/West;;;1;10471031;40902;119;48,24051759;11,38316986;1;33;31251
ABDS;20181217;6;;;;;DET_B471_380_000_Obs_H1;B471;380;;;;;Nord/Ost;;;1;10471031;40902;119;48,23929378;11,38012389;1;1;31249
ABDS;20181217;6;;;;;DET_B471_380_000_Obs_H2;B471;380;;;;;Nord/Ost;;;1;10471031;40902;119;48,23929378;11,38012389;1;2;31250
ABDS;20181217;6;;;;;DET_B471_420_000_Ffb_H1;B471;420;;;;;Süd/West;;;1;10471035;40902;123;48,22990627;11,4286881;1;33;31242
ABDS;20181217;6;;;;;DET_B471_420_000_Obs_H1;B471;420;;;;;Nord/Ost;;;1;10471035;40902;123;48,22935889;11,42811001;1;1;31241
ABDS;20181217;6;;;;;DET_B471_420_125_Ffb_H1;B471;420,125;;;;;Süd/West;;;1;10471038;40902;126;48,24762985;11,47832531;1;33;31246
ABDS;20181217;6;;;;;DET_B471_420_125_Obs_H1;B471;420,125;;;;;Nord/Ost;;;1;10471038;40902;126;48,24690889;11,47631001;1;1;31245
ABDS;20181217;6;;;;;DET_B471_420_130_Ffb_H1;B471;420,13;;;;;Süd/West;;;1;10471036;40902;124;48,25224476;11,51953641;1;33;31244
ABDS;20181217;6;;;;;DET_B471_420_130_Obs_H1;B471;420,13;;;;;Nord/Ost;;;1;10471036;40902;124;48,2527329;11,51945999;1;1;31243
ABDS;20181217;6;;;;;DET_Derching_(O)_Mch_H1;A8-West;45,3;;;;;Nord/Ost;;;1;807541;3154;117;48,40150007;10,97519995;1;1;30048
ABDS;20181217;6;;;;;DET_Derching_(O)_Mch_H2;A8-West;45,3;;;;;Nord/Ost;;;1;807541;3154;117;48,40150007;10,97519995;1;2;30049
ABDS;20181217;6;;;;;DET_Derching_(O)_Mch_H3;A8-West;45,3;;;;;Nord/Ost;;;1;807541;3154;117;48,40150007;10,97519995;1;3;30050
ABDS;20181217;6;;;;;DET_Derching_(O)_Stg_H1;A8-West;45,3;;;;;Süd/West;;;1;807541;3154;117;48,4017;10,97689995;1;33;30051
ABDS;20181217;6;;;;;DET_Derching_(O)_Stg_H2;A8-West;45,3;;;;;Süd/West;;;1;807541;3154;117;48,4017;10,97689995;1;34;30052
ABDS;20181217;6;;;;;DET_Derching_(O)_Stg_H3;A8-West;45,3;;;;;Süd/West;;;1;807541;3154;117;48,4017;10,97689995;1;35;30053
ABDS;20181217;6;;;;;DET_Frasdorf_(O)_Mch_H1;A8-Ost;72,15;;;;;Süd/West;;;1;808313;3157;121;47,80354074;12,30135981;1;33;30074
ABDS;20181217;6;;;;;DET_Frasdorf_(O)_Sbg_H1;A8-Ost;72,15;;;;;Nord/Ost;;;1;808313;3157;121;47,80340889;12,30131001;1;1;30072
ABDS;20181217;6;;;;;DET_Frasdorf_(O)_Sbg_H2;A8-Ost;72,15;;;;;Nord/Ost;;;1;808313;3157;121;47,80340889;12,30131001;1;2;30073
ABDS;20181217;6;;;;;DET_Gilching_(W)_Lin_H1;A96;153,875;;;;;Süd/West;;;1;9619050;37574;106;48,09310005;11,28930003;1;33;31379
ABDS;20181217;6;;;;;DET_Gilching_(W)_Lin_H2;A96;153,875;;;;;Süd/West;;;1;9619050;37574;106;48,09310005;11,28930003;1;34;31380
ABDS;20181217;6;;;;;DET_Gilching_(W)_Mch_H1;A96;153,875;;;;;Nord/Ost;;;1;9619050;37574;106;48,09300002;11,28949996;1;1;31377
ABDS;20181217;6;;;;;DET_Gilching_(W)_Mch_H2;A96;153,875;;;;;Nord/Ost;;;1;9619050;37574;106;48,09300002;11,28949996;1;2;31378
ABDS;20181217;6;;;;;DET_Leipheim_(O)_Mch_H1;A8-West;102,8;;;;;Nord/Ost;;;1;809458;3161;242;48,43037382;10,22523317;1;1;30104
ABDS;20181217;6;;;;;DET_Leipheim_(O)_Mch_H2;A8-West;102,8;;;;;Nord/Ost;;;1;809458;3161;242;48,43037382;10,22523317;1;2;30105
ABDS;20181217;6;;;;;DET_Leipheim_(O)_Mch_H3;A8-West;102,8;;;;;Nord/Ost;;;1;809458;3161;242;48,43037382;10,22523317;1;3;30106
ABDS;20181217;6;;;;;DET_Leipheim_(O)_Stg_H1;A8-West;102,8;;;;;Süd/West;;;1;809458;3161;242;48,43052183;10,22530162;1;33;30107
ABDS;20181217;6;;;;;DET_92_EOst_0225_XZ_P1;A92;0,225;;;;;Süd/West;;;1;9216417;36001;161;48,32186685;11,63015283;1;177;30703
ABDS;20181217;6;;;;;DET_92_EOst_0595_FY_P2;A92;0,595;;;;;Süd/West;;;1;9216417;36001;161;48,32183494;11,63026849;1;178;30704
ABDS;20181217;6;;;;;DET_93_200420_Hof_G_L1;A93-Nord;200,42;;;;;Nord/Ost;;;1;9306738;36354;114;48,99100008;12,06259996;1;65;30893
ABDS;20181217;6;;;;;DET_93_200420_Hof_G_L2;A93-Nord;200,42;;;;;Nord/Ost;;;1;9306738;36354;114;48,99100008;12,06259996;1;66;30894
ABDS;20181217;6;;;;;DET_93_AS40_0052_HM_E1;A93-Nord;0,052;;;;;Süd/West;;;1;9316597;36392;245;;;1;161;31141
ABDS;20181217;6;;;;;DET_93_AS40_0052_HM_E2;A93-Nord;0,052;;;;;Süd/West;;;1;9316597;36392;245;;;1;162;31142
ABDS;20181217;6;;;;;DET_93_AS41_0059_SZ_E1;A93-Nord;0,059;;;;;Nord/Ost;;;1;9306630;36354;6;;;1;129;30883
ABDS;20181217;6;;;;;DET_93_AS41_0069_SZ_H1;A93-Nord;0,069;;;;;Nord/Ost;;;1;9306636;36354;12;;;1;129;30553
ABDS;20181217;6;;;;;DET_93_AS41_0289_SZ_H1;A93-Nord;0,289;;;;;Nord/Ost;;;1;9306636;36354;12;;;1;130;30554
ABDS;20181217;6;;;;;DET_93_AS41_0327_SZ_H1;A93-Nord;0,327;;;;;Nord/Ost;;;1;9306636;36354;12;;;1;131;30555
ABDS;20181217;6;;;;;DET_93_AS41_0331_SZ_H1;A93-Nord;0,331;;;;;Nord/Ost;;;1;9306636;36354;12;;;1;132;30556
ABDS;20181217;6;;;;;DET_93_AS42_0064_EM_H1;A93-Nord;0,064;;;;;Süd/West;;;1;9316661;36393;53;;;1;161;30910
ABDS;20181217;6;;;;;DET_93_AS42_0144_EM_H1;A93-Nord;0,144;;;;;Süd/West;;;1;9316661;36393;53;;;1;162;30911
ABDS;20181217;6;;;;;DET_93_AS42_0184_EM_H1;A93-Nord;0,184;;;;;Süd/West;;;1;9316661;36393;53;;;1;163;30912
ABDS;20181217;6;;;;;DET_93_AS42_0188_EM_H1;A93-Nord;0,188;;;;;Süd/West;;;1;9316661;36393;53;;;1;164;30913
ABDS;20181217;6;;;;;DET_93_AS43_0135_SZ_H1;A93-Nord;0,135;;;;;Nord/Ost;;;1;9306685;36354;61;;;1;129;30870
ABDS;20181217;6;;;;;DET_93_AS43_0317_SZ_H1;A93-Nord;0,317;;;;;Nord/Ost;;;1;9306685;36354;61;;;1;130;30871
ABDS;20181217;6;;;;;DET_93_AS43_0345_SZ_H1;A93-Nord;0,345;;;;;Nord/Ost;;;1;9306685;36354;61;;;1;131;30872
ABDS;20181217;6;;;;;DET_93_AS43_0349_SZ_H1;A93-Nord;0,349;;;;;Nord/Ost;;;1;9306685;36354;61;;;1;132;30873
ABDS;20181217;6;;;;;DET_94_Ampf_0005_EM_E1;A94a;108,551;;;;;Süd/West;;;1;9418495;36790;255;48,24743638;12,41295175;1;161;31031
ABDS;20181217;6;;;;;DET_Altdorf_(O)_Deg_H1;A92;62,801;;;;;Nord/Ost;;;1;9207870;35968;62;48,56984304;12,11391738;1;1;30843
ABDS;20181217;6;;;;;DET_Altdorf_(O)_Deg_H2;A92;62,801;;;;;Nord/Ost;;;1;9207870;35968;62;48,56984304;12,11391738;1;2;30844
ABDS;20181217;6;;;;;DET_Altdorf_(O)_Mch_H1;A92;62,801;;;;;Süd/West;;;1;9207870;35968;62;48,57007131;12,11388361;1;33;30845
ABDS;20181217;6;;;;;DET_Altdorf_(O)_Mch_H2;A92;62,801;;;;;Süd/West;;;1;9207870;35968;62;48,57007131;12,11388361;1;34;30846
ABDS;20181217;6;;;;;DET_Lenting_(S)_Mch_H1;A9;453,973;;;;;Süd/West;;;1;916296;3579;72;48,80530002;11,46570003;1;33;30363
ABDS;20181217;6;;;;;DET_Lenting_(S)_Mch_H2;A9;453,973;;;;;Süd/West;;;1;916296;3579;72;48,80530002;11,46570003;1;34;30364
ABDS;20181217;6;;;;;DET_Lenting_(S)_Mch_h3;A9;453,973;;;;;Süd/West;;;1;916296;3579;72;48,80530002;11,46570003;1;35;30365
ABDS;20181217;6;;;;;DET_Lenting_(S)_Nbg_H1;A9;453,973;;;;;Nord/Ost;;;1;916296;3579;72;48,80520005;11,46589998;1;1;30360
ABDS;20181217;6;;;;;DET_Lenting_(S)_Nbg_H2;A9;453,973;;;;;Nord/Ost;;;1;916296;3579;72;48,80520005;11,46589998;1;2;30361
ABDS;20181217;6;;;;;DET_Lenting_(S)_Nbg_H3;A9;453,973;;;;;Nord/Ost;;;1;916296;3579;72;48,80520005;11,46589998;1;3;30362
ABDS;20181217;6;;;;;DET_Pocking_(O)_Pas_H1;A3;626,6;;;;;Süd/West;;;1;319961;1249;217;48,44520007;13,37530003;1;33;30599
ABDS;20181217;6;;;;;DET_Pocking_(O)_Pas_H2;A3;626,6;;;;;Süd/West;;;1;319961;1249;217;48,44520007;13,37530003;1;34;30600
ABDS;20181217;6;;;;;DET_Pocking_(O)_Rbg_H1;A3;626,6;;;;;Nord/Ost;;;1;319961;1249;217;48,44490003;13,37540006;1;1;30597
ABDS;20181217;6;;;;;DET_Pocking_(O)_Rbg_H2;A3;626,6;;;;;Nord/Ost;;;1;319961;1249;217;48,44490003;13,37540006;1;2;30598
ABDS;20181217;6;;;;;DET_Sinzing_(O)_Pas_H1;A3;488,75;;;;;Süd/West;;;1;306779;1198;91;48,9955996;12,0303941;1;33;30575
ABDS;20181217;6;;;;;DET_Sinzing_(O)_Pas_H2;A3;488,75;;;;;Süd/West;;;1;306779;1198;91;48,9955996;12,0303941;1;34;30576
ABDS;20181217;6;;;;;DET_Sinzing_(O)_Rbg_H1;A3;488,75;;;;;Nord/Ost;;;1;306779;1198;91;48,9957075;12,0303387;1;1;30573
ABDS;20181217;6;;;;;DET_Sinzing_(O)_Rbg_H2;A3;488,75;;;;;Nord/Ost;;;1;306779;1198;91;48,9957075;12,0303387;1;2;30574
ABDS;20181217;6;;;;;DET_Stetten_(W)_Lin_H1;A96;81,4;;;;;Süd/West;;;1;9607887;37530;207;48,03720003;10,37259999;1;33;31445
ABDS;20181217;6;;;;;DET_Stetten_(W)_Lin_H2;A96;81,4;;;;;Süd/West;;;1;9607887;37530;207;48,03720003;10,37259999;1;34;31446
ABDS;20181217;6;;;;;DET_Stetten_(W)_Mch_H1;A96;81,4;;;;;Nord/Ost;;;1;9607887;37530;207;48,03740004;10,37530007;1;1;31443
ABDS;20181217;6;;;;;DET_Stetten_(W)_Mch_H2;A96;81,4;;;;;Nord/Ost;;;1;9607887;37530;207;48,03740004;10,37530007;1;2;31444
ABDS;20181217;6;;;;;MQ_A96_81,822_DS103_H1;A96;81,822;;;;;Nord/Ost;;;1;9607897;37530;217;48,03730006;10,38710001;1;1;31451
ABDS;20181217;6;;;;;MQ_A96_81,822_DS104_H2;A96;81,822;;;;;Nord/Ost;;;1;9607897;37530;217;48,03730006;10,38710001;1;2;31452
ABDS;20181217;6;;;;;DET_99_ASAsh_0140_KI_A1;A99;30,22;;;;;Süd/West;;;1;9908237;38704;13;;;1;161;31767
ABDS;20181217;6;;;;;DET_99_ASAsh_0235_BE_A1;A99;29,84;;;;;Süd/West;;;1;9908207;38703;239;;;1;97;31482
ABDS;20181217;6;;;;;DET_99_ASAsh_0250_PS_A1;A99;30,23;;;;;Nord/Ost;;;1;9918241;38743;33;;;1;65;31868
ABDS;20181217;6;;;;;DET_99_ASAsh_0280_XW_A1;A99;29,85;;;;;Nord/Ost;;;1;9918211;38743;3;;;1;65;31874
ABDS;20181217;6;;;;;DET_99_ASAsh_0390_RQ_E1;A99;30,23;;;;;Nord/Ost;;;1;9918241;38743;33;;;1;129;31869
ABDS;20181217;6;;;;;DET_99_ASAsh_0410_DC_E1;A99;29,84;;;;;Süd/West;;;1;9908207;38703;239;;;1;161;31483
ABDS;20181217;6;;;;;DET_99_ASAsh_0480_HL_E1;A99;30,22;;;;;Süd/West;;;1;9908237;38704;13;;;1;97;31766
ABDS;20181217;6;;;;;DET_99_ASAsh_0600_VY_E1;A99;29,85;;;;;Nord/Ost;;;1;9918211;38743;3;;;1;129;31875
ABDS;20181217;6;;;;;DET_9_ADHoll_0330_OM_E1;A9;482,031;;;;;Süd/West;;;1;917659;3584;155;48,58110004;11,58740002;1;161;30398
ABDS;20181217;6;;;;;DET_9_ADHoll_0380_AO_A1;A9;481,931;;;;;Süd/West;;;1;917659;3584;155;48,58110004;11,58740002;1;97;30396
ABDS;20181217;6;;;;;DET_9_ADHoll_0380_AO_A2;A9;481,931;;;;;Süd/West;;;1;917659;3584;155;48,58110004;11,58740002;1;98;30397
ABDS;20181217;6;;;;;DET_9_ADHoll_0535_NS_A1;A9;482,58;;;;;Nord/Ost;;;1;907685;3545;165;48,57965363;11,59391766;1;65;30300
ABDS;20181217;6;;;;;DET_9_ADHoll_0535_NS_A2;A9;482,58;;;;;Nord/Ost;;;1;907685;3545;165;48,57965363;11,59391766;1;66;30301
ABDS;20181217;6;;;;;DET_9_ADHoll_0830_TZ_E1;A9;481,925;;;;;Nord/Ost;;;1;907685;3545;165;48,58175889;11,58844;1;129;30302
ABDS;20181217;6;;;;;DET_9_AKNeuf_0840_AF_A1;A9;512,44;;;;;Süd/West;;;1;919139;3590;99;48,31850001;11,6193;1;97;30327
ABDS;20181217;6;;;;;DET_9_AKNeuf_0840_AF_A2;A9;512,44;;;;;Süd/West;;;1;919139;3590;99;48,31850001;11,6193;1;98;30328
ABDS;20181217;6;;;;;DET_9_AKNeuf_0840_AI_P1;A9;512,44;;;;;Süd/West;;;1;919139;3590;99;48,31850001;11,6193;1;113;30329
ABDS;20181217;6;;;;;DET_9_AKNeuf_1760_UM_E1;A92;1,76;;;;;Süd/West;;;1;9130942;35667;190;48,31780004;11,62150001;1;169;30601
ABDS;20181217;6;;;;;DET_9_AKNeuf_1760_UM_E2;A92;1,76;;;;;Süd/West;;;1;9130942;35667;190;48,31780004;11,62150001;1;170;30602
ABDS;20181217;6;;;;;DET_9_AKNeuf_2278_UM_E1;A92;2,278;;;;;Süd/West;;;1;9130960;35667;208;48,31400001;11,62150003;1;169;30610
ABDS;20181217;6;;;;;DET_99_AS7_410_GT_A1;A99;5,43;;;;;Nord/Ost;;;1;9916402;38735;242;48,17164943;11,42159323;1;87;31683
ABDS;20181217;6;;;;;DET_99_AS7_710_GT_P1;A99;5,7;;;;;Nord/Ost;;;1;9916422;38736;6;48,1740406;11,42482746;1;81;31598
ABDS;20181217;6;;;;;MQ_96_168238_Mch_HFS;A96;168,238;;;;;Nord/Ost;;;1;9609889;37538;161;48,12364936;11,46784185;1;1;31322
ABDS;20181217;6;;;;;DET96_81,520_DS101_H1;A96;81,52;;;;;Nord/Ost;;;1;9607888;37530;208;48,03750004;10,38149997;1;1;31447
ABDS;20181217;6;;;;;DET96_81,520_DS102_H2;A96;81,52;;;;;Nord/Ost;;;1;9607888;37530;208;48,03750004;10,38149997;1;2;31448
ABDS;20181217;6;;;;;DET_99_AK8_1630_GT_P1;A99;6,582;;;;;Nord/Ost;;;1;9916482;38736;66;48,17980975;11,43155385;1;81;31592
ABDS;20181217;6;;;;;DET_99_AS10_300_NP_A1;A99;13,02;;;;;Nord/Ost;;;1;9916958;38738;30;48,20950002;11,48750002;1;65;31801
ABDS;20181217;6;;;;;DET_99_AS10_300_NP_A2;A99;13,02;;;;;Nord/Ost;;;1;9916958;38738;30;48,20950002;11,48750002;1;66;31802
ABDS;20181217;6;;;;;DET_99_AS10_300_RS_E1;A99;12,995;;;;;Nord/Ost;;;1;9916958;38738;30;48,20950002;11,48750002;1;129;31803
ABDS;20181217;6;;;;;DET_99_AS10_300_TZ_E1;A99;12,77;;;;;Nord/Ost;;;1;9916958;38738;30;48,20950002;11,48750002;1;137;31804
ABDS;20181217;6;;;;;DET_99a_100050_Mch_H1;A8-West;6,85;;;;;Nord/Ost;;;1;806231;3149;87;48,20910007;11,38950003;1;65;29830
ABDS;20181217;6;;;;;DET_99a_100050_Mch_H2;A8-West;6,85;;;;;Nord/Ost;;;1;806231;3149;87;48,20910007;11,38950003;1;66;29831
ABDS;20181217;6;;;;;DET_99a_100750_Stg_H1;A99a;100,75;;;;;Nord/Ost;;;1;9909616;38709;112;48,20660001;11,39690002;1;1;31636
ABDS;20181217;6;;;;;DET_99a_100750_Stg_H2;A99a;100,75;;;;;Nord/Ost;;;1;9909616;38709;112;48,20660001;11,39690002;1;2;31637
ABDS;20181217;6;;;;;DET_99a_101445_Mch_H1;A99a;101,445;;;;;Süd/West;;;1;9909639;38709;135;48,20560002;11,41139996;1;33;31640
ABDS;20181217;6;;;;;DET_99a_101445_Mch_H2;A99a;101,445;;;;;Süd/West;;;1;9909639;38709;135;48,20560002;11,41139996;1;34;31641
ABDS;20181217;6;;;;;DET_99a_101445_Stg_H1;A99a;101,445;;;;;Nord/Ost;;;1;9909639;38709;135;48,20560002;11,41139996;1;1;31638
ABDS;20181217;6;;;;;DET_99a_101445_Stg_H2;A99a;101,445;;;;;Nord/Ost;;;1;9909639;38709;135;48,20560002;11,41139996;1;2;31639
ABDS;20181217;6;;;;;DET_99a_102700_Stg_H1;A99a;102,7;;;;;Nord/Ost;;;1;9909681;38709;177;48,20470005;11,42689997;1;1;31632
ABDS;20181217;6;;;;;DET_99a_102700_Stg_H2;A99a;102,7;;;;;Nord/Ost;;;1;9909681;38709;177;48,20470005;11,42689997;1;2;31633
ABDS;20181217;6;;;;;DET_99a_103325_Mch_H1;A99a;103,325;;;;;Süd/West;;;1;9915755;38733;107;;;1;33;31644
ABDS;20181217;6;;;;;DET_99a_103325_Mch_H2;A99a;103,325;;;;;Süd/West;;;1;9915755;38733;107;;;1;34;31645
ABDS;20181217;6;;;;;DET_99a_103808_Mch_H1;A99a;103,808;;;;;Süd/West;;;1;9919717;38748;229;48,20450002;11,42800002;1;33;31726
ABDS;20181217;6;;;;;DET_99a_103808_Mch_H2;A99a;103,808;;;;;Süd/West;;;1;9919717;38748;229;48,20450002;11,42800002;1;34;31727
ABDS;20181217;6;;;;;DET_99a_104045_Mch_H1;A99a;104,045;;;;;Süd/West;;;1;9915922;38734;18;;;1;33;31663
ABDS;20181217;6;;;;;DET_99a_104045_Mch_H2;A99a;104,045;;;;;Süd/West;;;1;9915922;38734;18;;;1;34;31664
ABDS;20181217;6;;;;;DET_99a_104300_Stg_H1;A99a;104,3;;;;;Nord/Ost;;;1;9916711;38737;39;48,20441207;11,44349295;1;1;31783
ABDS;20181217;6;;;;;DET_99a_104300_Stg_H2;A99a;104,3;;;;;Nord/Ost;;;1;9916711;38737;39;48,20441207;11,44349295;1;2;31784
ABDS;20181217;6;;;;;DET_99a_104471_Mch_H1;A99a;104,471;;;;;Süd/West;;;1;9919740;38748;252;48,20399432;11,44619231;1;33;31728
ABDS;20181217;6;;;;;DET_99a_104471_Mch_H2;A99a;104,471;;;;;Süd/West;;;1;9919740;38748;252;48,20399432;11,44619231;1;34;31729
ABDS;20181217;6;;;;;DET_9_Allh_0170_EM_E1;A9;499,92;;;;;Süd/West;;;1;918529;3588;1;48,42790001;11,58839994;1;161;30458
ABDS;20181217;6;;;;;DET_9_Allh_0180_SZ_E1;A9;499,87;;;;;Nord/Ost;;;1;908530;3548;242;48,42800004;11,59009994;1;129;30500
ABDS;20181217;6;;;;;DET_9_Allh_0320_AE_A1;A9;499,86;;;;;Süd/West;;;1;918529;3588;1;48,42790001;11,58839994;1;97;30456
ABDS;20181217;6;;;;;DET_9_Allh_0320_AE_A2;A9;499,86;;;;;Süd/West;;;1;918529;3588;1;48,42790001;11,58839994;1;98;30457
ABDS;20181217;6;;;;;DET_9_Allh_0420_NS_A1;A9;499,87;;;;;Nord/Ost;;;1;908530;3548;242;48,42800004;11,59009994;1;65;30499
ABDS;20181217;6;;;;;DET_9_Pfaf_0050_EM_E1;A9;490,85;;;;;Süd/West;;;1;918088;3586;72;48,50610004;11,58759996;1;161;30423
ABDS;20181217;6;;;;;DET_9_Pfaf_0225_SZ_E1;A9;490,89;;;;;Nord/Ost;;;1;908091;3547;59;48,50640002;11,58869995;1;129;30487
ABDS;20181217;6;;;;;DET_9_Pfaf_0290_AE_A1;A9;490,85;;;;;Süd/West;;;1;918088;3586;72;48,50610004;11,58759996;1;97;30422
ABDS;20181217;6;;;;;DET_9_Pfaf_0330_NS_A1;A9;490,89;;;;;Nord/Ost;;;1;908091;3547;59;48,50640002;11,58869995;1;65;30486
ABDS;20181217;6;;;;;DET_B471_23250_Dah_H1;A99;23,25;;;;;Nord/Ost;;;1;9918229;38743;21;;;1;1;31866
ABDS;20181217;6;;;;;DET_B471_23250_Mch_H1;A99;23,25;;;;;Süd/West;;;1;9918229;38743;21;;;1;33;31867
ABDS;20181217;6;;;;;DET_Burgau_(W)_Mch_H1;A8-West;90,881;;;;;Nord/Ost;;;1;818764;3198;76;48,42660007;10,38230001;1;1;30150
ABDS;20181217;6;;;;;DET_Burgau_(W)_Mch_H2;A8-West;90,881;;;;;Nord/Ost;;;1;818764;3198;76;48,42660007;10,38230001;1;2;30151
ABDS;20181217;6;;;;;DET_Burgau_(W)_Mch_H3;A8-West;90,881;;;;;Nord/Ost;;;1;818764;3198;76;48,42660007;10,38230001;1;3;30152
ABDS;20181217;6;;;;;DET_Burgau_(W)_Stg_H1;A8-West;90,881;;;;;Süd/West;;;1;818764;3198;76;48,42670004;10,38239994;1;33;30153
ABDS;20181217;6;;;;;DET_Burgau_(W)_Stg_H2;A8-West;90,881;;;;;Süd/West;;;1;818764;3198;76;48,42670004;10,38239994;1;34;30154
ABDS;20181217;6;;;;;DET_Burgau_(W)_Stg_H3;A8-West;90,881;;;;;Süd/West;;;1;818764;3198;76;48,42670004;10,38239994;1;35;30155
ABDS;20181217;6;;;;;DET_Felden_(O)_Mch_H1;A8-Ost;79,9;;;;;Süd/West;;;1;808562;3158;114;47,83245888;12,38916001;1;33;30078
ABDS;20181217;6;;;;;DET_Felden_(O)_Mch_H2;A8-Ost;79,9;;;;;Süd/West;;;1;808562;3158;114;47,83245888;12,38916001;1;34;30079
ABDS;20181217;6;;;;;DET_Felden_(O)_Sbg_H1;A8-Ost;79,9;;;;;Nord/Ost;;;1;808562;3158;114;47,83234888;12,38932001;1;1;30076
ABDS;20181217;6;;;;;DET_Felden_(O)_Sbg_H2;A8-Ost;79,9;;;;;Nord/Ost;;;1;808562;3158;114;47,83234888;12,38932001;1;2;30077
ABDS;20181217;6;;;;;DET_Lindau_(S)_Lin_H1;A96;0,1;;;;;Süd/West;;;1;9616002;37562;130;47,54810003;9,735;1;33;31360
ABDS;20181217;6;;;;;DET_Lindau_(S)_Lin_H2;A96;0,1;;;;;Süd/West;;;1;9616002;37562;130;47,54810003;9,735;1;34;31361
ABDS;20181217;6;;;;;DET_Lindau_(S)_Lin_H3;A96;0,1;;;;;Süd/West;;;1;9616002;37562;130;47,54810003;9,735;1;35;31362
ABDS;20181217;6;;;;;DET_Lindau_(S)_Mch_H1;A96;0,1;;;;;Nord/Ost;;;1;9616002;37562;130;47,54780003;9,73549998;1;1;31358
ABDS;20181217;6;;;;;DET_Lindau_(S)_Mch_H2;A96;0,1;;;;;Nord/Ost;;;1;9616002;37562;130;47,54780003;9,73549998;1;2;31359
ABDS;20181217;6;;;;;DET_Schierling_Rgb_H1;B15-Neu;19,1;;;;;Nord/Ost;;;1;11015020;43027;108;48,82160004;12,13310004;1;1;29810
ABDS;20181217;6;;;;;DET_Schierling_Rgb_H2;B15-Neu;19,1;;;;;Nord/Ost;;;1;11015020;43027;108;48,82160004;12,13310004;1;2;29811
ABDS;20181217;6;;;;;DET_Schierling_Roh_H1;B15-Neu;19,1;;;;;Süd/West;;;1;11015020;43027;108;48,82160003;12,13280004;1;33;29812
ABDS;20181217;6;;;;;DET_Schierling_Roh_H2;B15-Neu;19,1;;;;;Süd/West;;;1;11015020;43027;108;48,82160003;12,13280004;1;34;29813
ABDS;20181217;6;;;;;MQ_96_168238_Mch_1UFS;A96;168,238;;;;;Nord/Ost;;;1;9609889;37538;161;48,12364936;11,46784185;1;2;31323
ABDS;20181217;6;;;;;MQ_96_168238_Mch_2UFS;A96;168,238;;;;;Nord/Ost;;;1;9609889;37538;161;48,12364936;11,46784185;1;3;31324
ABDS;20181217;6;;;;;DET_2580_Ottenhofen_H1;St2580;20,5;;;;;Nord/Ost;;;1;12580020;49140;180;48,22850004;11,86489997;1;1;29814
ABDS;20181217;6;;;;;DET_2580_Ottenhofen_H1;St2580;20,5;;;;;Süd/West;;;1;12580020;49140;180;48,229;11,86500001;1;33;29815
ABDS;20181217;6;;;;;DET_96_139252_Mch_H1;A96;139,252;;;;;Nord/Ost;;;1;9619219;37575;19;48,07548376;11,10609737;1;1;31411
ABDS;20181217;6;;;;;DET_96_139252_Mch_H2;A96;139,252;;;;;Nord/Ost;;;1;9619219;37575;19;48,07548376;11,10609737;1;2;31412
ABDS;20181217;6;;;;;DET_96_139409_Lin_H1;A96;139,409;;;;;Süd/West;;;1;9619223;37575;23;48,07595697;11,10806181;1;33;31417
ABDS;20181217;6;;;;;DET_96_139409_Lin_H2;A96;139,409;;;;;Süd/West;;;1;9619223;37575;23;48,07595697;11,10806181;1;34;31418
ABDS;20181217;6;;;;;DET_96_139930_Lin_H1;A96;139,93;;;;;Süd/West;;;1;9619236;37575;36;;;1;33;31423
ABDS;20181217;6;;;;;DET_96_139930_Lin_H2;A96;139,93;;;;;Süd/West;;;1;9619236;37575;36;;;1;34;31424
ABDS;20181217;6;;;;;DET_96_139930_Mch_H1;A96;139,93;;;;;Nord/Ost;;;1;9619235;37575;35;;;1;1;31421
ABDS;20181217;6;;;;;DET_96_139930_Mch_H2;A96;139,93;;;;;Nord/Ost;;;1;9619235;37575;35;;;1;2;31422
ABDS;20181217;6;;;;;DET_96_140344_Mch_H1;A96;140,344;;;;;Nord/Ost;;;1;9619246;37575;46;48,07797789;11,12018695;1;1;31419
ABDS;20181217;6;;;;;DET_96_140344_Mch_H2;A96;140,344;;;;;Nord/Ost;;;1;9619246;37575;46;48,07797789;11,12018695;1;2;31420
ABDS;20181217;6;;;;;DET_96_140495_Lin_H1;A96;140,495;;;;;Süd/West;;;1;9619249;37575;49;48,07836759;11,12217732;1;33;31427
ABDS;20181217;6;;;;;DET_96_140495_Lin_H2;A96;140,495;;;;;Süd/West;;;1;9619249;37575;49;48,07836759;11,12217732;1;34;31428
ABDS;20181217;6;;;;;DET_96_140645_Lin_H1;A96;140,645;;;;;Süd/West;;;1;9619253;37575;53;48,07850121;11,12417797;1;33;31431
ABDS;20181217;6;;;;;DET_96_140645_Lin_H2;A96;140,645;;;;;Süd/West;;;1;9619253;37575;53;48,07850121;11,12417797;1;34;31432
ABDS;20181217;6;;;;;DET_96_140649_Mch_H1;A96;140,649;;;;;Nord/Ost;;;1;9619253;37575;53;;;1;1;31429
ABDS;20181217;6;;;;;DET_96_140649_Mch_H2;A96;140,649;;;;;Nord/Ost;;;1;9619253;37575;53;;;1;2;31430
ABDS;20181217;6;;;;;DET_96_140926_Lin_H1;A96;140,926;;;;;Süd/West;;;1;9619258;37575;58;48,07872196;11,1277941;1;33;31425
ABDS;20181217;6;;;;;DET_96_140926_Lin_H2;A96;140,926;;;;;Süd/West;;;1;9619258;37575;58;48,07872196;11,1277941;1;34;31426
ABDS;20181217;6;;;;;DET_96_143281_Mch_H1;A96;143,281;;;;;Nord/Ost;;;1;9619312;37575;112;48,08470235;11,15727361;1;1;31435
ABDS;20181217;6;;;;;DET_96_143281_Mch_H2;A96;143,281;;;;;Nord/Ost;;;1;9619312;37575;112;48,08470235;11,15727361;1;2;31436
ABDS;20181217;6;;;;;DET_96_143948_Mch_H1;A96;143,948;;;;;Nord/Ost;;;1;9619327;37575;127;48,08277104;11,16577918;1;1;31433
ABDS;20181217;6;;;;;DET_96_143948_Mch_H2;A96;143,948;;;;;Nord/Ost;;;1;9619327;37575;127;48,08277104;11,16577918;1;2;31434
ABDS;20181217;6;;;;;DET_96_145394_Mch_H1;A96;145,394;;;;;Nord/Ost;;;1;9619361;37575;161;48,08445313;11,18504672;1;1;31389
ABDS;20181217;6;;;;;DET_96_145394_Mch_H2;A96;145,394;;;;;Nord/Ost;;;1;9619361;37575;161;48,08445313;11,18504672;1;2;31390
ABDS;20181217;6;;;;;DET_96_145860_Lin_H1;A96;145,86;;;;;Süd/West;;;1;9619372;37575;172;48,0846496;11,19110462;1;33;31385
ABDS;20181217;6;;;;;DET_96_145860_Lin_H2;A96;145,86;;;;;Süd/West;;;1;9619372;37575;172;48,0846496;11,19110462;1;34;31386
ABDS;20181217;6;;;;;DET_96_145861_Mch_H1;A96;145,861;;;;;Nord/Ost;;;1;9619372;37575;172;48,08448104;11,19110162;1;1;31383
ABDS;20181217;6;;;;;DET_96_145861_Mch_H2;A96;145,861;;;;;Nord/Ost;;;1;9619372;37575;172;48,08448104;11,19110162;1;2;31384
ABDS;20181217;6;;;;;DET_96_146011_Mch_H1;A96;146,011;;;;;Nord/Ost;;;1;9619375;37575;175;48,08445485;11,19317377;1;1;31387
ABDS;20181217;6;;;;;DET_96_146011_Mch_H2;A96;146,011;;;;;Nord/Ost;;;1;9619375;37575;175;48,08445485;11,19317377;1;2;31388
ABDS;20181217;6;;;;;DET_96_146145_Lin_H1;A96;146,145;;;;;Süd/West;;;1;9619378;37575;178;48,08464306;11,1949403;1;33;31395
ABDS;20181217;6;;;;;DET_96_146145_Lin_H2;A96;146,145;;;;;Süd/West;;;1;9619378;37575;178;48,08464306;11,1949403;1;34;31396
ABDS;20181217;6;;;;;DET_96_146600_Lin_H1;A96;146,6;;;;;Süd/West;;;1;9619387;37575;187;;;1;33;31393
ABDS;20181217;6;;;;;DET_96_146600_Lin_H2;A96;146,6;;;;;Süd/West;;;1;9619387;37575;187;;;1;34;31394
ABDS;20181217;6;;;;;DET_96_146600_Mch_H1;A96;146,6;;;;;Nord/Ost;;;1;9619386;37575;186;;;1;1;31391
ABDS;20181217;6;;;;;DET_96_146600_Mch_H2;A96;146,6;;;;;Nord/Ost;;;1;9619386;37575;186;;;1;2;31392
ABDS;20181217;6;;;;;DET_96_147043_Mch_H1;A96;147,043;;;;;Nord/Ost;;;1;9619401;37575;201;48,08534892;11,20688005;1;1;31399
ABDS;20181217;6;;;;;DET_96_147043_Mch_H2;A96;147,043;;;;;Nord/Ost;;;1;9619401;37575;201;48,08534892;11,20688005;1;2;31400
ABDS;20181217;6;;;;;DET_96_147221_Lin_H1;A96;147,221;;;;;Süd/West;;;1;9619405;37575;205;48,08589953;11,20912996;1;33;31397
ABDS;20181217;6;;;;;DET_96_147221_Lin_H2;A96;147,221;;;;;Süd/West;;;1;9619405;37575;205;48,08589953;11,20912996;1;34;31398
ABDS;20181217;6;;;;;DET_96_147369_Lin_H1;A96;147,369;;;;;Süd/West;;;1;9619408;37575;208;48,08621509;11,21111666;1;33;31403
ABDS;20181217;6;;;;;DET_96_147369_Lin_H2;A96;147,369;;;;;Süd/West;;;1;9619408;37575;208;48,08621509;11,21111666;1;34;31404
ABDS;20181217;6;;;;;DET_96_147374_Mch_H1;A96;147,374;;;;;Nord/Ost;;;1;9619408;37575;208;;;1;1;31401
ABDS;20181217;6;;;;;DET_96_147374_Mch_H2;A96;147,374;;;;;Nord/Ost;;;1;9619408;37575;208;;;1;2;31402
ABDS;20181217;6;;;;;DET_96_147664_Lin_H1;A96;147,664;;;;;Süd/West;;;1;9619414;37575;214;48,08661119;11,21458915;1;33;31405
ABDS;20181217;6;;;;;DET_96_147664_Lin_H2;A96;147,664;;;;;Süd/West;;;1;9619414;37575;214;48,08661119;11,21458915;1;34;31406
ABDS;20181217;6;;;;;DET_99_AK8_100_HL_A1;A99;6,582;;;;;Nord/Ost;;;1;9916482;38736;66;48,17962406;11,43149864;1;82;31593
ABDS;20181217;6;;;;;DET_99_AK8_170_RQ_A1;A99;6,826;;;;;Nord/Ost;;;1;9916507;38736;91;48,18176888;11,43369;1;65;31594
ABDS;20181217;6;;;;;DET_99_AK8_200_XW_E1;A99;6,88;;;;;Süd/West;;;1;9916507;38736;91;48,18246125;11,43302538;1;161;31596
ABDS;20181217;6;;;;;DET_99_AK8_450_PS_E1;A99;6,9;;;;;Nord/Ost;;;1;9916507;38736;91;48,18260005;11,43429996;1;129;31595
ABDS;20181217;6;;;;;DET_99_AK8_700_UF_P1;A99;6,57;;;;;Süd/West;;;1;9906489;38697;57;48,1800582;11,43125879;1;177;31759
ABDS;20181217;6;;;;;DET_99_AS5_200_EM_E1;A99;1,055;;;;;Nord/Ost;;;1;9916078;38734;174;48,14000006;11,3969;1;129;31648
ABDS;20181217;6;;;;;DET_99_AS5_200_SZ_E1;A99;0,816;;;;;Süd/West;;;1;9906060;38695;140;48,13747668;11,39713003;1;161;31503
ABDS;20181217;6;;;;;DET_99_AS5_310_AE_A1;A99;1,055;;;;;Nord/Ost;;;1;9916078;38734;174;48,13970008;11,39720006;1;65;31646
ABDS;20181217;6;;;;;DET_99_AS5_310_AE_A2;A99;1,055;;;;;Nord/Ost;;;1;9916078;38734;174;48,13970008;11,39720006;1;66;31647
ABDS;20181217;6;;;;;DET_99_AS6_170_SZ_E1;A99;1,63;;;;;Süd/West;;;1;9906122;38695;202;48,14490006;11,39339997;1;161;31499
ABDS;20181217;6;;;;;DET_99_AS6_220_AE_A1;A99;1,579;;;;;Nord/Ost;;;1;9916119;38734;215;48,14440004;11,39470006;1;65;31658
ABDS;20181217;6;;;;;DET_99_AS6_220_AE_A2;A99;1,579;;;;;Nord/Ost;;;1;9916119;38734;215;48,14440004;11,39470006;1;66;31659
ABDS;20181217;6;;;;;DET_99_AS6_330_FM_E1;A99;2,155;;;;;Nord/Ost;;;1;9916159;38734;255;48,14899989;11,39455491;1;1;31660
ABDS;20181217;6;;;;;DET_99_AS6_350_NS_A1;A99;0,24;;;;;Süd/West;;;1;9906122;38695;202;48,14490006;11,39339997;1;97;31498
ABDS;20181217;6;;;;;DET_99_AS7_070_SZ_E1;A99;5,67;;;;;Süd/West;;;1;9906420;38696;244;48,17340003;11,42329996;1;177;31733
ABDS;20181217;6;;;;;DET_99_AS7_160_NS_A1;A99;5,905;;;;;Nord/Ost;;;1;9906430;38696;254;48,17590008;11,42649995;1;65;31732
ABDS;20181217;6;;;;;DET_99_AS7_220_AE_A1;A99;5,6;;;;;Nord/Ost;;;1;9916422;38736;6;48,17310005;11,42390002;1;65;31597
ABDS;20181217;6;;;;;DET_99_AS7_250_EM_E1;A99;5,972;;;;;Nord/Ost;;;1;9916422;38736;6;48,17540002;11,42700007;1;129;31599
ABDS;20181217;6;;;;;DET_93_197815_Hof_H2;A93-Nord;197,815;;;;;Nord/Ost;;;1;9306645;36354;21;49,01275812;12,06293905;1;2;30865
ABDS;20181217;6;;;;;DET_93_197815_Hof_H3;A93-Nord;197,815;;;;;Nord/Ost;;;1;9306645;36354;21;49,01275812;12,06293905;1;3;30866
ABDS;20181217;6;;;;;DET_93_198150_Hof_H1;A93-Nord;198,15;;;;;Nord/Ost;;;1;9306657;36354;33;49,00988726;12,06109976;1;1;30867
ABDS;20181217;6;;;;;DET_93_198150_Hof_H2;A93-Nord;198,15;;;;;Nord/Ost;;;1;9306657;36354;33;49,00988726;12,06109976;1;2;30868
ABDS;20181217;6;;;;;DET_93_198150_Hof_H3;A93-Nord;198,15;;;;;Nord/Ost;;;1;9306657;36354;33;49,00988726;12,06109976;1;129;30869
ABDS;20181217;6;;;;;DET_93_198740_Mch_H1;A93-Nord;198,74;;;;;Süd/West;;;1;9306678;36354;54;49,00474526;12,061292;1;33;30876
ABDS;20181217;6;;;;;DET_93_198740_Mch_H2;A93-Nord;198,74;;;;;Süd/West;;;1;9306678;36354;54;49,00474526;12,061292;1;34;30877
ABDS;20181217;6;;;;;DET_93_198740_Mch_H3;A93-Nord;198,74;;;;;Süd/West;;;1;9306678;36354;54;49,00474526;12,061292;1;35;30878
ABDS;20181217;6;;;;;DET_93_198750_Hof_H1;A93-Nord;198,75;;;;;Nord/Ost;;;1;9306678;36354;54;49,00476812;12,06159408;1;1;30874
ABDS;20181217;6;;;;;DET_93_198750_Hof_H2;A93-Nord;198,75;;;;;Nord/Ost;;;1;9306678;36354;54;49,00476812;12,06159408;1;2;30875
ABDS;20181217;6;;;;;DET_93_198750_Hof_H3;A93-Nord;198,75;;;;;Nord/Ost;;;1;9306678;36354;54;49,00476812;12,06159408;1;129;30879
ABDS;20181217;6;;;;;DET_93_199480_Hof_H1;A93-Nord;199,48;;;;;Nord/Ost;;;1;9306704;36354;80;48,99825706;12,06378374;1;1;30880
ABDS;20181217;6;;;;;DET_93_199480_Hof_H2;A93-Nord;199,48;;;;;Nord/Ost;;;1;9306704;36354;80;48,99825706;12,06378374;1;2;30881
ABDS;20181217;6;;;;;DET_93_199480_Hof_H3;A93-Nord;199,48;;;;;Nord/Ost;;;1;9306704;36354;80;48,99825706;12,06378374;1;3;30882
ABDS;20181217;6;;;;;DET_93_200170_Hof_H1;A93-Nord;200,17;;;;;Nord/Ost;;;1;9306729;36354;105;48,99207965;12,06147102;1;1;30884
ABDS;20181217;6;;;;;DET_93_200170_Hof_H2;A93-Nord;200,17;;;;;Nord/Ost;;;1;9306729;36354;105;48,99209156;12,06138986;1;2;30885
ABDS;20181217;6;;;;;DET_93_200170_Hof_H3;A93-Nord;200,17;;;;;Nord/Ost;;;1;9306729;36354;105;48,99209156;12,06138986;1;3;30886
ABDS;20181217;6;;;;;DET_93_200170_Hof_H4;A93-Nord;200,17;;;;;Nord/Ost;;;1;9306729;36354;105;48,99207965;12,06147102;1;129;30887
ABDS;20181217;6;;;;;DET_93_200420_Hof_H1;A93-Nord;200,42;;;;;Nord/Ost;;;1;9306738;36354;114;48,99110008;12,06110005;1;1;30891
ABDS;20181217;6;;;;;DET_93_200420_Hof_H2;A93-Nord;200,42;;;;;Nord/Ost;;;1;9306738;36354;114;48,99110008;12,06110005;1;2;30892
ABDS;20181217;6;;;;;DET_93_201570_Hof_H1;A93-Nord;201,57;;;;;Nord/Ost;;;1;9306779;36354;155;48,97988015;12,06329776;1;1;31111
ABDS;20181217;6;;;;;DET_93_201570_Hof_H2;A93-Nord;201,57;;;;;Nord/Ost;;;1;9306779;36354;155;48,97988015;12,06329776;1;2;31112
ABDS;20181217;6;;;;;DET_93_201570_Hof_H3;A93-Nord;201,57;;;;;Nord/Ost;;;1;9306779;36354;155;48,97988015;12,06329776;1;3;31113
ABDS;20181217;6;;;;;DET_93_202935_Hof_H1;A93-Nord;202,935;;;;;Nord/Ost;;;1;9306828;36354;204;48,97500005;12,06620007;1;1;30557
ABDS;20181217;6;;;;;DET_93_202935_Hof_H2;A93-Nord;202,935;;;;;Nord/Ost;;;1;9306828;36354;204;48,97500005;12,06620007;1;2;30558
ABDS;20181217;6;;;;;DET_93_204330_Hof_H1;A93-Nord;204,33;;;;;Nord/Ost;;;1;9306877;36354;253;48,96485272;12,08968408;1;1;30559
ABDS;20181217;6;;;;;DET_93_204330_Hof_H2;A93-Nord;204,33;;;;;Nord/Ost;;;1;9306877;36354;253;48,96485272;12,08968408;1;2;30560
ABDS;20181217;6;;;;;DET_93_206060_Hof_H1;A93-Nord;206,06;;;;;Nord/Ost;;;1;9306939;36355;59;48,9496674;12,09202971;1;1;30923
ABDS;20181217;6;;;;;DET_93_206060_Hof_H2;A93-Nord;206,06;;;;;Nord/Ost;;;1;9306939;36355;59;48,9496674;12,09202971;1;2;30924
ABDS;20181217;6;;;;;DET_94_108329_Mch_H1;A94a;108,329;;;;;Süd/West;;;1;9418490;36790;250;48,24639787;12,41439721;1;33;31029
ABDS;20181217;6;;;;;DET_94_108329_Mch_H2;A94a;108,329;;;;;Süd/West;;;1;9418490;36790;250;48,24639787;12,41439721;1;34;31030
ABDS;20181217;6;;;;;DET_94_108794_Mch_H1;A94a;108,794;;;;;Süd/West;;;1;9418500;36791;4;48,24713372;12,40836997;1;33;31040
ABDS;20181217;6;;;;;DET_94_108794_Mch_H2;A94a;108,794;;;;;Süd/West;;;1;9418500;36791;4;48,24713372;12,40836997;1;34;31041
ABDS;20181217;6;;;;;DET_94_108860_Pas_A1;A94a;108,86;;;;;Nord/Ost;;;1;9418500;36791;4;48,24654736;12,41080743;1;65;31042
ABDS;20181217;6;;;;;DET_94_108860_Pas_H1;A94a;108,86;;;;;Nord/Ost;;;1;9418500;36791;4;48,24654736;12,41080743;1;1;31038
ABDS;20181217;6;;;;;DET_94_108860_Pas_H2;A94a;108,86;;;;;Nord/Ost;;;1;9418500;36791;4;48,24654736;12,41080743;1;2;31039
ABDS;20181217;6;;;;;DET_94_108895_Mch_H1;A94a;108,895;;;;;Süd/West;;;1;9418503;36791;7;48,24748877;12,40713329;1;33;31043
ABDS;20181217;6;;;;;DET_94_108895_Mch_H2;A94a;108,895;;;;;Süd/West;;;1;9418503;36791;7;48,24748877;12,40713329;1;34;31044
ABDS;20181217;6;;;;;DET_94_108999_Mch_H1;A94a;108,999;;;;;Süd/West;;;1;9418505;36791;9;48,24785638;12,40583165;1;33;31045
ABDS;20181217;6;;;;;DET_94_108999_Mch_H2;A94a;108,999;;;;;Süd/West;;;1;9418505;36791;9;48,24785638;12,40583165;1;34;31046
ABDS;20181217;6;;;;;DET_94_109189_Pas_H1;A94a;109,189;;;;;Nord/Ost;;;1;9418510;36791;14;48,24851396;12,40331145;1;1;31032
ABDS;20181217;6;;;;;DET_94_109189_Pas_H2;A94a;109,189;;;;;Nord/Ost;;;1;9418510;36791;14;48,24851396;12,40331145;1;2;31033
ABDS;20181217;6;;;;;DET_94_109641_Mch_H1;A94a;109,641;;;;;Süd/West;;;1;9408512;36752;0;48,24996164;12,39773836;1;33;30940
ABDS;20181217;6;;;;;DET_94_109641_Mch_H2;A94a;109,641;;;;;Süd/West;;;1;9408512;36752;0;48,24996164;12,39773836;1;34;30941
ABDS;20181217;6;;;;;DET_94_109645_Pas_H1;A94a;109,645;;;;;Nord/Ost;;;1;9408528;36752;16;48,24987941;12,39752026;1;1;30946
ABDS;20181217;6;;;;;DET_94_109645_Pas_H2;A94a;109,645;;;;;Nord/Ost;;;1;9408528;36752;16;48,24987941;12,39752026;1;2;30947
ABDS;20181217;6;;;;;DET_94_110094_Mch_H1;A94a;110,094;;;;;Süd/West;;;1;9408531;36752;19;48,25066073;12,39157647;1;33;30948
ABDS;20181217;6;;;;;DET_94_110094_Mch_H2;A94a;110,094;;;;;Süd/West;;;1;9408531;36752;19;48,25066073;12,39157647;1;34;30949
ABDS;20181217;6;;;;;DET_94_110189_Pas_H1;A94a;110,189;;;;;Nord/Ost;;;1;9408534;36752;22;48,25058974;12,3903065;1;1;30950
ABDS;20181217;6;;;;;DET_94_110189_Pas_H2;A94a;110,189;;;;;Nord/Ost;;;1;9408534;36752;22;48,25058974;12,3903065;1;2;30951
ABDS;20181217;6;;;;;DET_94_110284_Pas_H1;A94a;110,284;;;;;Nord/Ost;;;1;9408535;36752;23;48,25062304;12,38903737;1;1;30952
ABDS;20181217;6;;;;;DET_94_110284_Pas_H2;A94a;110,284;;;;;Nord/Ost;;;1;9408535;36752;23;48,25062304;12,38903737;1;2;30953
ABDS;20181217;6;;;;;DET_94_110384_Pas_H1;A94a;110,384;;;;;Nord/Ost;;;1;9408538;36752;26;48,25060945;12,38767868;1;1;30942
ABDS;20181217;6;;;;;DET_94_110384_Pas_H2;A94a;110,384;;;;;Nord/Ost;;;1;9408538;36752;26;48,25060945;12,38767868;1;2;30943
ABDS;20181217;6;;;;;DET_94_110389_Mch_H1;A94a;110,389;;;;;Süd/West;;;1;9408538;36752;26;48,25071938;12,38768883;1;33;30944
ABDS;20181217;6;;;;;DET_94_110389_Mch_H2;A94a;110,389;;;;;Süd/West;;;1;9408538;36752;26;48,25071938;12,38768883;1;34;30945
ABDS;20181217;6;;;;;DET_94_111069_Pas_H1;A94a;111,069;;;;;Nord/Ost;;;1;9408554;36752;42;48,24965792;12,3787155;1;1;30954
ABDS;20181217;6;;;;;DET_94_111069_Pas_H2;A94a;111,069;;;;;Nord/Ost;;;1;9408554;36752;42;48,24965792;12,3787155;1;2;30955
ABDS;20181217;6;;;;;DET_96_138835_Mch_H1;A96;138,835;;;;;Nord/Ost;;;1;9619210;37575;10;48,07524936;11,10058153;1;1;31381
ABDS;20181217;6;;;;;DET_96_138835_Mch_H2;A96;138,835;;;;;Nord/Ost;;;1;9619210;37575;10;48,07524936;11,10058153;1;2;31382
ABDS;20181217;6;;;;;DET_96_139131_Lin_H1;A96;139,131;;;;;Süd/West;;;1;9619216;37575;16;48,07538659;11,1045324;1;33;31409
ABDS;20181217;6;;;;;DET_96_139131_Lin_H2;A96;139,131;;;;;Süd/West;;;1;9619216;37575;16;48,07538659;11,1045324;1;34;31410
ABDS;20181217;6;;;;;DET_96_139135_Mch_H1;A96;139,135;;;;;Nord/Ost;;;1;9619216;37575;16;48,07538659;11,1045324;1;1;31407
ABDS;20181217;6;;;;;DET_96_139135_Mch_H2;A96;139,135;;;;;Nord/Ost;;;1;9619216;37575;16;48,07538659;11,1045324;1;2;31408
ABDS;20181217;6;;;;;DET_93_194420_Mch_H1;A93-Nord;194,42;;;;;Süd/West;;;1;9316524;36392;172;;;1;33;31122
ABDS;20181217;6;;;;;DET_93_194420_Mch_H2;A93-Nord;194,42;;;;;Süd/West;;;1;9316524;36392;172;;;1;34;31123
ABDS;20181217;6;;;;;DET_93_194583_Mch_H1;A93-Nord;194,583;;;;;Süd/West;;;1;9316524;36392;172;49,03512356;12,08556438;1;35;31124
ABDS;20181217;6;;;;;DET_93_194583_Mch_H2;A93-Nord;194,583;;;;;Süd/West;;;1;9316524;36392;172;49,03512356;12,08556438;1;36;31125
ABDS;20181217;6;;;;;DET_93_194880_Hof_H1;A93-Nord;194,88;;;;;Nord/Ost;;;1;9316525;36392;173;49,03395605;12,08494928;1;3;31128
ABDS;20181217;6;;;;;DET_93_194880_Hof_H2;A93-Nord;194,88;;;;;Nord/Ost;;;1;9316525;36392;173;49,03395605;12,08494928;1;4;31129
ABDS;20181217;6;;;;;DET_93_195017_Mch_H1;A93-Nord;195,017;;;;;Süd/West;;;1;9306558;36353;190;49,03262929;12,08322473;1;33;30852
ABDS;20181217;6;;;;;DET_93_195017_Mch_H2;A93-Nord;195,017;;;;;Süd/West;;;1;9306558;36353;190;49,03262929;12,08322473;1;34;30853
ABDS;20181217;6;;;;;DET_93_195161_Hof_H1;A93-Nord;195,161;;;;;Nord/Ost;;;1;9306557;36353;189;49,03197136;12,08297118;1;1;30847
ABDS;20181217;6;;;;;DET_93_195161_Hof_H2;A93-Nord;195,161;;;;;Nord/Ost;;;1;9306557;36353;189;49,03197136;12,08297118;1;2;30848
ABDS;20181217;6;;;;;DET_93_195330_Mch_H1;A93-Nord;195,33;;;;;Süd/West;;;1;9306558;36353;190;49,03006441;12,07996105;1;35;30854
ABDS;20181217;6;;;;;DET_93_195330_Mch_H2;A93-Nord;195,33;;;;;Süd/West;;;1;9306558;36353;190;49,03006441;12,07996105;1;36;30855
ABDS;20181217;6;;;;;DET_93_195330_Mch_H3;A93-Nord;195,33;;;;;Süd/West;;;1;9306558;36353;190;49,0302334;12,0799162;1;97;30856
ABDS;20181217;6;;;;;DET_93_195339_Hof_H1;A93-Nord;195,339;;;;;Nord/Ost;;;1;9306557;36353;189;49,029848;12,0799246;1;3;30849
ABDS;20181217;6;;;;;DET_93_195339_Hof_H2;A93-Nord;195,339;;;;;Nord/Ost;;;1;9306557;36353;189;49,029848;12,0799246;1;4;30850
ABDS;20181217;6;;;;;DET_93_195339_Hof_H3;A93-Nord;195,339;;;;;Nord/Ost;;;1;9306557;36353;189;49,02979761;12,07997867;1;129;30851
ABDS;20181217;6;;;;;DET_93_195592_Hof_H1;A93-Nord;195,592;;;;;Nord/Ost;;;1;9306565;36353;197;49,02905519;12,07756572;1;1;30526
ABDS;20181217;6;;;;;DET_93_195592_Hof_H2;A93-Nord;195,592;;;;;Nord/Ost;;;1;9306565;36353;197;49,02905519;12,07756572;1;2;30527
ABDS;20181217;6;;;;;DET_93_195592_Hof_H3;A93-Nord;195,592;;;;;Nord/Ost;;;1;9306565;36353;197;49,02905519;12,07756572;1;65;30528
ABDS;20181217;6;;;;;DET_93_195865_Hof_H1;A93-Nord;195,865;;;;;Nord/Ost;;;1;9306575;36353;207;49,02801682;12,074404;1;1;30523
ABDS;20181217;6;;;;;DET_93_195865_Hof_H2;A93-Nord;195,865;;;;;Nord/Ost;;;1;9306575;36353;207;49,02801682;12,074404;1;2;30524
ABDS;20181217;6;;;;;DET_93_195865_Hof_H3;A93-Nord;195,865;;;;;Nord/Ost;;;1;9306575;36353;207;49,02801682;12,074404;1;3;30525
ABDS;20181217;6;;;;;DET_93_195948_Hof_E1;A93-Nord;195,948;;;;;Nord/Ost;;;1;9306588;36353;220;49,02620006;12,0712;1;129;30533
ABDS;20181217;6;;;;;DET_93_195948_Hof_H1;A93-Nord;195,948;;;;;Nord/Ost;;;1;9306588;36353;220;49,02748186;12,07301943;1;9;30531
ABDS;20181217;6;;;;;DET_93_195948_Hof_H2;A93-Nord;195,948;;;;;Nord/Ost;;;1;9306588;36353;220;49,02748186;12,07301943;1;10;30532
ABDS;20181217;6;;;;;DET_93_196045_Mch_H1;A93-Nord;196,045;;;;;Süd/West;;;1;9316581;36392;229;49,02707273;12,0719097;1;33;31134
ABDS;20181217;6;;;;;DET_93_196045_Mch_H2;A93-Nord;196,045;;;;;Süd/West;;;1;9316581;36392;229;49,02707273;12,0719097;1;34;31135
ABDS;20181217;6;;;;;DET_93_196045_Mch_H3;A93-Nord;196,045;;;;;Süd/West;;;1;9316581;36392;229;49,02707273;12,0719097;1;97;31136
ABDS;20181217;6;;;;;DET_93_196095_Hof_H1;A93-Nord;196,095;;;;;Nord/Ost;;;1;9306583;36353;215;49,02676161;12,07176499;1;1;30538
ABDS;20181217;6;;;;;DET_93_196095_Hof_H2;A93-Nord;196,095;;;;;Nord/Ost;;;1;9306583;36353;215;49,02676161;12,07176499;1;2;30539
ABDS;20181217;6;;;;;DET_93_196095_Hof_H3;A93-Nord;196,095;;;;;Nord/Ost;;;1;9306583;36353;215;;;1;129;30540
ABDS;20181217;6;;;;;DET_93_196230_Hof_H1;A93-Nord;196,23;;;;;Nord/Ost;;;1;9306588;36353;220;49,02587575;12,07072111;1;1;30529
ABDS;20181217;6;;;;;DET_93_196230_Hof_H2;A93-Nord;196,23;;;;;Nord/Ost;;;1;9306588;36353;220;49,02587575;12,07072111;1;2;30530
ABDS;20181217;6;;;;;DET_93_196250_Mch_H1;A93-Nord;196,25;;;;;Süd/West;;;1;9316588;36392;236;49,02568353;12,07023528;1;33;31132
ABDS;20181217;6;;;;;DET_93_196250_Mch_H2;A93-Nord;196,25;;;;;Süd/West;;;1;9316588;36392;236;49,02568353;12,07023528;1;34;31133
ABDS;20181217;6;;;;;DET_93_196360_Mch_H1;A93-Nord;196,36;;;;;Süd/West;;;1;9316592;36392;240;49,02480049;12,06969311;1;33;31137
ABDS;20181217;6;;;;;DET_93_196360_Mch_H2;A93-Nord;196,36;;;;;Süd/West;;;1;9316592;36392;240;49,02480049;12,06969311;1;34;31138
ABDS;20181217;6;;;;;DET_93_196490_Hof_H1;A93-Nord;196,49;;;;;Nord/Ost;;;1;9316597;36392;245;49,02364734;12,06957882;1;1;31139
ABDS;20181217;6;;;;;DET_93_196490_Hof_H2;A93-Nord;196,49;;;;;Nord/Ost;;;1;9316597;36392;245;49,02364734;12,06957882;1;2;31140
ABDS;20181217;6;;;;;DET_93_196780_Hof_H1;A93-Nord;196,78;;;;;Nord/Ost;;;1;9306608;36353;240;49,02112202;12,0689983;1;1;30544
ABDS;20181217;6;;;;;DET_93_196780_Hof_H2;A93-Nord;196,78;;;;;Nord/Ost;;;1;9306608;36353;240;49,02112202;12,0689983;1;2;30545
ABDS;20181217;6;;;;;DET_93_196780_Hof_H3;A93-Nord;196,78;;;;;Nord/Ost;;;1;9306608;36353;240;49,02111603;12,0690929;1;65;30549
ABDS;20181217;6;;;;;DET_93_196780_Mch_H1;A93-Nord;196,78;;;;;Süd/West;;;1;9306607;36353;239;49,02112506;12,06888113;1;33;30541
ABDS;20181217;6;;;;;DET_93_196780_Mch_H2;A93-Nord;196,78;;;;;Süd/West;;;1;9306607;36353;239;49,02112506;12,06888113;1;34;30542
ABDS;20181217;6;;;;;DET_93_196780_Mch_H3;A93-Nord;196,78;;;;;Süd/West;;;1;9306607;36353;239;49,02112219;12,06872786;1;161;30543
ABDS;20181217;6;;;;;DET_93_197085_Hof_H1;A93-Nord;197,085;;;;;Nord/Ost;;;1;9306608;36353;240;49,01873889;12,06791998;1;3;30546
ABDS;20181217;6;;;;;DET_93_197085_Hof_H2;A93-Nord;197,085;;;;;Nord/Ost;;;1;9306608;36353;240;49,01873889;12,06791998;1;4;30547
ABDS;20181217;6;;;;;DET_93_197085_Hof_H3;A93-Nord;197,085;;;;;Nord/Ost;;;1;9306608;36353;240;49,01873889;12,06791998;1;5;30548
ABDS;20181217;6;;;;;DET_93_197085_Mch_H1;A93-Nord;197,085;;;;;Süd/West;;;1;9306632;36354;8;49,0188225;12,06765199;1;33;30895
ABDS;20181217;6;;;;;DET_93_197085_Mch_H2;A93-Nord;197,085;;;;;Süd/West;;;1;9306632;36354;8;49,0188225;12,06765199;1;34;31106
ABDS;20181217;6;;;;;DET_93_197085_Mch_H3;A93-Nord;197,085;;;;;Süd/West;;;1;9306632;36354;8;49,0188225;12,06765199;1;35;31107
ABDS;20181217;6;;;;;DET_93_197440_Hof_H1;A93-Nord;197,44;;;;;Nord/Ost;;;1;9306631;36354;7;49,01523707;12,06512322;1;1;30888
ABDS;20181217;6;;;;;DET_93_197440_Hof_H2;A93-Nord;197,44;;;;;Nord/Ost;;;1;9306631;36354;7;49,01523707;12,06512322;1;2;30889
ABDS;20181217;6;;;;;DET_93_197440_Hof_H3;A93-Nord;197,44;;;;;Nord/Ost;;;1;9306631;36354;7;49,01519547;12,0652179;1;129;30890
ABDS;20181217;6;;;;;DET_93_197470_Mch_H1;A93-Nord;197,47;;;;;Süd/West;;;1;9306632;36354;8;;;1;36;31108
ABDS;20181217;6;;;;;DET_93_197470_Mch_H2;A93-Nord;197,47;;;;;Süd/West;;;1;9306632;36354;8;;;1;37;31109
ABDS;20181217;6;;;;;DET_93_197470_Mch_H3;A93-Nord;197,47;;;;;Süd/West;;;1;9306632;36354;8;;;1;97;31110
ABDS;20181217;6;;;;;DET_93_197672_Hof_H1;A93-Nord;197,672;;;;;Nord/Ost;;;1;9306641;36354;17;49,01382269;12,0638898;1;1;30861
ABDS;20181217;6;;;;;DET_93_197672_Hof_H2;A93-Nord;197,672;;;;;Nord/Ost;;;1;9306641;36354;17;49,01382269;12,0638898;1;2;30862
ABDS;20181217;6;;;;;DET_93_197672_Hof_H3;A93-Nord;197,672;;;;;Nord/Ost;;;1;9306641;36354;17;49,01382269;12,0638898;1;65;30863
ABDS;20181217;6;;;;;DET_93_197767_Mch_H1;A93-Nord;197,767;;;;;Süd/West;;;1;9316642;36393;34;49,01303713;12,06280407;1;33;30907
ABDS;20181217;6;;;;;DET_93_197767_Mch_H2;A93-Nord;197,767;;;;;Süd/West;;;1;9316642;36393;34;49,01303713;12,06280407;1;34;30908
ABDS;20181217;6;;;;;DET_93_197767_Mch_H3;A93-Nord;197,767;;;;;Süd/West;;;1;9316642;36393;34;;;1;161;30909
ABDS;20181217;6;;;;;DET_93_197815_Hof_H1;A93-Nord;197,815;;;;;Nord/Ost;;;1;9306645;36354;21;49,01275812;12,06293905;1;1;30864
ABDS;20181217;6;;;;;DETA7_957_493_Fue_H1;A7;957,493;;;;;Süd/West;;;1;709811;2772;179;47,59880006;10,65659996;1;33;29732
ABDS;20181217;6;;;;;DETA7_957_493_Fue_H2;A7;957,493;;;;;Süd/West;;;1;709811;2772;179;47,59880006;10,65659996;1;34;29733
ABDS;20181217;6;;;;;DETA7_957_910_Fue_H1;A7;957,91;;;;;Süd/West;;;1;709811;2772;179;47,59664656;10,656108;1;41;29734
ABDS;20181217;6;;;;;DETA7_957_910_Fue_H2;A7;957,91;;;;;Süd/West;;;1;709811;2772;179;47,59664656;10,656108;1;42;29735
ABDS;20181217;6;;;;;DETA7_958_035_Ulm_H1;A7;958,035;;;;;Nord/Ost;;;1;709822;2772;190;47,59666207;10,65637602;1;1;29728
ABDS;20181217;6;;;;;DETA7_958_035_Ulm_H2;A7;958,035;;;;;Nord/Ost;;;1;709822;2772;190;47,59666207;10,65637602;1;2;29729
ABDS;20181217;6;;;;;DETA7_958_403_Fue_H1;A7;958,403;;;;;Süd/West;;;1;709830;2772;198;47,59367599;10,65615353;1;33;29738
ABDS;20181217;6;;;;;DETA7_958_403_Fue_H2;A7;958,403;;;;;Süd/West;;;1;709830;2772;198;47,59367599;10,65615353;1;34;29739
ABDS;20181217;6;;;;;DETA7_958_403_Ulm_H1;A7;958,403;;;;;Nord/Ost;;;1;709829;2772;197;47,59355394;10,65630307;1;1;29736
ABDS;20181217;6;;;;;DETA7_958_403_Ulm_H2;A7;958,403;;;;;Nord/Ost;;;1;709829;2772;197;47,59355394;10,65630307;1;2;29737
ABDS;20181217;6;;;;;DETA7_959_720_Fue_H1;A7;959,72;;;;;Süd/West;;;1;709870;2772;238;47,58229844;10,66174463;1;33;29742
ABDS;20181217;6;;;;;DETA7_959_720_Fue_H2;A7;959,72;;;;;Süd/West;;;1;709870;2772;238;47,58229844;10,66174463;1;34;29743
ABDS;20181217;6;;;;;DETA7_959_720_Ulm_H1;A7;959,72;;;;;Nord/Ost;;;1;709869;2772;237;47,5821643;10,66191882;1;1;29740
ABDS;20181217;6;;;;;DETA7_959_720_Ulm_H2;A7;959,72;;;;;Nord/Ost;;;1;709869;2772;237;47,5821643;10,66191882;1;2;29741
ABDS;20181217;6;;;;;DETA7_960_920_Fue_H1;A7;960,92;;;;;Süd/West;;;1;719900;2812;28;47,57186183;10,66035909;1;33;29783
ABDS;20181217;6;;;;;DETA7_960_920_Fue_H2;A7;960,92;;;;;Süd/West;;;1;719900;2812;28;47,57186183;10,66035909;1;34;29784
ABDS;20181217;6;;;;;DETA7_960_920_Ulm_H1;A7;960,92;;;;;Nord/Ost;;;1;709906;2773;18;47,5718148;10,66059313;1;1;29746
ABDS;20181217;6;;;;;DETA7_960_920_Ulm_H2;A7;960,92;;;;;Nord/Ost;;;1;709906;2773;18;47,5718148;10,66059313;1;2;29747
ABDS;20181217;6;;;;;DETA7_961_045_Fue_H1;A7;961,045;;;;;Süd/West;;;1;719900;2812;28;47,57052888;10,65989;1;41;29785
ABDS;20181217;6;;;;;DETA7_961_045_Fue_H2;A7;961,045;;;;;Süd/West;;;1;719900;2812;28;47,57052888;10,65989;1;42;29786
ABDS;20181217;6;;;;;DETA7_961_335_Fue_H1;A7;961,335;;;;;Süd/West;;;1;719920;2812;48;47,56788307;10,65907216;1;33;29791
ABDS;20181217;6;;;;;DETA7_961_335_Ulm_H1;A7;961,335;;;;;Nord/Ost;;;1;719921;2812;49;47,5678717;10,65916126;1;9;29794
ABDS;20181217;6;;;;;DETA7_961_684_Fue_H1;A7;961,684;;;;;Süd/West;;;1;719920;2812;48;47,56665495;10,65868745;1;41;29792
ABDS;20181217;6;;;;;DETA7_961_684_Ulm_H1;A7;961,684;;;;;Nord/Ost;;;1;719921;2812;49;47,56665335;10,65872727;1;1;29793
ABDS;20181217;6;;;;;DETA7_962_044_Fue_H1;A7;962,044;;;;;Süd/West;;;1;719933;2812;61;47,56170269;10,65728596;1;33;29789
ABDS;20181217;6;;;;;DETA7_962_044_Ulm_H1;A7;962,044;;;;;Nord/Ost;;;1;719934;2812;62;47,56167971;10,65744559;1;1;29790
ABDS;20181217;6;;;;;DETA7_962_404_Fue_H1;A7;962,404;;;;;Süd/West;;;1;709960;2773;72;47,55915889;10,65666001;1;33;29753
ABDS;20181217;6;;;;;DETA7_962_404_Ulm_H1;A7;962,404;;;;;Nord/Ost;;;1;709959;2773;71;47,5591294;10,65677664;1;9;29752
ABDS;20181217;6;;;;;DETA7_962_719_Fue_H1;A7;962,719;;;;;Süd/West;;;1;709960;2773;72;47,55575874;10,65606757;1;41;29754
ABDS;20181217;6;;;;;DETA7_962_719_Ulm_H1;A7;962,719;;;;;Nord/Ost;;;1;709959;2773;71;47,55575261;10,65625123;1;1;29751
ABDS;20181217;6;;;;;DETA7_963_000_Fue_H1;A7;963;;;;;Süd/West;;;1;709962;2773;74;47,55450783;10,6562127;1;49;29750
ABDS;20181217;6;;;;;DET_8_AK81_170_DC_E1;A8-West;2,34;;;;;Nord/Ost;;;1;806079;3148;191;48,1818323;11,43054907;1;129;29822
ABDS;20181217;6;;;;;DET_8_AK81_400_BE_A1;A8-West;2,34;;;;;Nord/Ost;;;1;806079;3148;191;48,17973888;11,43432;1;65;29820
ABDS;20181217;6;;;;;DET_8_AS78_120_SZ_E1;A8-West;10,88;;;;;Süd/West;;;1;805201;3145;81;48,23410006;11,3477;1;161;29875
ABDS;20181217;6;;;;;DET_8_AS78_550_NS_A1;A8-West;10,88;;;;;Süd/West;;;1;805201;3145;81;48,23410006;11,3477;1;97;29874
ABDS;20181217;6;;;;;DET_8_AS80_300_AE_A1;A8-West;4,6;;;;;Nord/Ost;;;1;805085;3144;221;48,19650007;11,40999995;1;65;29847
ABDS;20181217;6;;;;;DET_8_AS80_300_EM_E1;A8-West;4,6;;;;;Nord/Ost;;;1;805085;3144;221;48,19650007;11,40999995;1;129;29849
ABDS;20181217;6;;;;;DET_8_AS80_300_NX_A1;A8-West;4,6;;;;;Süd/West;;;1;805085;3144;221;48,19650007;11,40999995;1;161;29850
ABDS;20181217;6;;;;;DET_8_AS80_300_XZ_E1;A8-West;4,6;;;;;Süd/West;;;1;805085;3144;221;48,19650007;11,40999995;1;97;29848
ABDS;20181217;6;;;;;DET_93_186650_Mch_H1;A93-Nord;186,65;;;;;Süd/West;;;1;9316246;36391;150;49,10120524;12,09385278;1;33;31120
ABDS;20181217;6;;;;;DET_93_186650_Mch_H2;A93-Nord;186,65;;;;;Süd/West;;;1;9316246;36391;150;49,10120524;12,09385278;1;34;31121
ABDS;20181217;6;;;;;DET_93_188090_Mch_H1;A93-Nord;188,09;;;;;Süd/West;;;1;9316297;36391;201;49,08886889;12,09705;1;33;31118
ABDS;20181217;6;;;;;DET_93_188090_Mch_H2;A93-Nord;188,09;;;;;Süd/West;;;1;9316297;36391;201;49,08886889;12,09705;1;34;31119
ABDS;20181217;6;;;;;DET_93_190130_Mch_H1;A93-Nord;190,13;;;;;Süd/West;;;1;9316370;36392;18;49,07182235;12,09550877;1;33;31143
ABDS;20181217;6;;;;;DET_93_190130_Mch_H2;A93-Nord;190,13;;;;;Süd/West;;;1;9316370;36392;18;49,07182235;12,09550877;1;34;31144
ABDS;20181217;6;;;;;DET_93_191950_Mch_H1;A93-Nord;191,95;;;;;Süd/West;;;1;9316435;36392;83;49,05609835;12,09269143;1;33;31145
ABDS;20181217;6;;;;;DET_93_191950_Mch_H2;A93-Nord;191,95;;;;;Süd/West;;;1;9316435;36392;83;49,05609835;12,09269143;1;34;30896
ABDS;20181217;6;;;;;DET_93_193085_Mch_H1;A93-Nord;193,085;;;;;Süd/West;;;1;9316475;36392;123;49,0462138;12,09482312;1;33;30897
ABDS;20181217;6;;;;;DET_93_193085_Mch_H2;A93-Nord;193,085;;;;;Süd/West;;;1;9316475;36392;123;49,0462138;12,09482312;1;34;30898
ABDS;20181217;6;;;;;DET_93_193470_Mch_H1;A93-Nord;193,47;;;;;Süd/West;;;1;9316489;36392;137;49,04296495;12,0960441;1;33;30899
ABDS;20181217;6;;;;;DET_93_193470_Mch_H2;A93-Nord;193,47;;;;;Süd/West;;;1;9316489;36392;137;49,04296495;12,0960441;1;34;30900
ABDS;20181217;6;;;;;DET_93_193918_Mch_H1;A93-Nord;193,918;;;;;Süd/West;;;1;9316505;36392;153;;;1;33;30904
ABDS;20181217;6;;;;;DET_93_193918_Mch_H2;A93-Nord;193,918;;;;;Süd/West;;;1;9316505;36392;153;49,03941272;12,09350761;1;34;30905
ABDS;20181217;6;;;;;DET_93_193918_Mch_H3;A93-Nord;193,918;;;;;Süd/West;;;1;9316505;36392;153;49,03941272;12,09350761;1;35;30906
ABDS;20181217;6;;;;;DET_93_194040_Mch_H1;A93-Nord;194,04;;;;;Süd/West;;;1;9316508;36392;156;49,03877338;12,09229803;1;33;30901
ABDS;20181217;6;;;;;DET_93_194040_Mch_H2;A93-Nord;194,04;;;;;Süd/West;;;1;9316508;36392;156;49,03877338;12,09229803;1;34;30902
ABDS;20181217;6;;;;;DET_93_194040_Mch_H3;A93-Nord;194,04;;;;;Süd/West;;;1;9316508;36392;156;49,03877338;12,09229803;1;35;30903
ABDS;20181217;6;;;;;DET_93_194060_Hof_H1;A93-Nord;194,06;;;;;Nord/Ost;;;1;9306525;36353;157;49,03859851;12,09227063;1;1;30550
ABDS;20181217;6;;;;;DET_93_194060_Hof_H2;A93-Nord;194,06;;;;;Nord/Ost;;;1;9306525;36353;157;49,03859851;12,09227063;1;2;30551
ABDS;20181217;6;;;;;DET_93_194060_Hof_H3;A93-Nord;194,06;;;;;Nord/Ost;;;1;9306525;36353;157;;;1;65;30552
ABDS;20181217;6;;;;;DET_93_194150_Mch_H1;A93-Nord;194,15;;;;;Süd/West;;;1;9316514;36392;162;49,03824889;12,09079001;1;33;31130
ABDS;20181217;6;;;;;DET_93_194150_Mch_H2;A93-Nord;194,15;;;;;Süd/West;;;1;9316514;36392;162;49,03824889;12,09079001;1;34;31131
ABDS;20181217;6;;;;;DET_93_194415_Hof_H1;A93-Nord;194,415;;;;;Nord/Ost;;;1;9316525;36392;173;;;1;1;31126
ABDS;20181217;6;;;;;DET_93_194415_Hof_H2;A93-Nord;194,415;;;;;Nord/Ost;;;1;9316525;36392;173;;;1;2;31127
ABDS;20181217;6;;;;;DET_9_505750_Mch_H4;A9;505,75;;;;;Süd/West;;;1;918812;3589;28;48,37590004;11,59610006;1;36;30314
ABDS;20181217;6;;;;;DET_9_506690_Mch_H1;A9;506,69;;;;;Süd/West;;;1;918860;3589;76;48,36747417;11,59522094;1;33;30315
ABDS;20181217;6;;;;;DET_9_506690_Mch_H2;A9;506,69;;;;;Süd/West;;;1;918860;3589;76;48,36747417;11,59522094;1;34;30316
ABDS;20181217;6;;;;;DET_9_506690_Mch_H3;A9;506,69;;;;;Süd/West;;;1;918860;3589;76;48,36747417;11,59522094;1;35;30317
ABDS;20181217;6;;;;;DET_9_506690_Mch_H4;A9;506,69;;;;;Süd/West;;;1;918860;3589;76;48,36747417;11,59522094;1;36;30318
ABDS;20181217;6;;;;;DET_9_506950_Nbg_H1;A9;506,95;;;;;Nord/Ost;;;1;908873;3550;73;48,36510894;11,59519324;1;1;30280
ABDS;20181217;6;;;;;DET_9_506950_Nbg_H2;A9;506,95;;;;;Nord/Ost;;;1;908873;3550;73;48,36510894;11,59519324;1;2;30281
ABDS;20181217;6;;;;;DET_9_506950_Nbg_H3;A9;506,95;;;;;Nord/Ost;;;1;908873;3550;73;48,36510894;11,59519324;1;3;30282
ABDS;20181217;6;;;;;DET_9_506950_Nbg_H4;A9;506,95;;;;;Nord/Ost;;;1;908873;3550;73;48,36510894;11,59519324;1;4;30283
ABDS;20181217;6;;;;;DET_9_507680_Mch_H1;A9;507,68;;;;;Süd/West;;;1;918907;3589;123;48,35860003;11,59650003;1;33;30319
ABDS;20181217;6;;;;;DET_9_507680_Mch_H2;A9;507,68;;;;;Süd/West;;;1;918907;3589;123;48,35860003;11,59650003;1;34;30320
ABDS;20181217;6;;;;;DET_9_507680_Mch_H3;A9;507,68;;;;;Süd/West;;;1;918907;3589;123;48,35860003;11,59650003;1;35;30321
ABDS;20181217;6;;;;;DET_9_507680_Mch_H4;A9;507,68;;;;;Süd/West;;;1;918907;3589;123;48,35860003;11,59650003;1;36;30322
ABDS;20181217;6;;;;;DET_9_508400_Nbg_H1;A9;508,4;;;;;Nord/Ost;;;1;908944;3550;144;48,35260007;11,6003;1;1;30284
ABDS;20181217;6;;;;;DET_9_508400_Nbg_H2;A9;508,4;;;;;Nord/Ost;;;1;908944;3550;144;48,35260007;11,6003;1;2;30285
ABDS;20181217;6;;;;;DET_9_508400_Nbg_H3;A9;508,4;;;;;Nord/Ost;;;1;908944;3550;144;48,35260007;11,6003;1;3;30286
ABDS;20181217;6;;;;;DET_9_508400_Nbg_H4;A9;508,4;;;;;Nord/Ost;;;1;908944;3550;144;48,35260007;11,6003;1;4;30287
ABDS;20181217;6;;;;;DET_9_508590_Mch_H1;A9;508,59;;;;;Süd/West;;;1;918950;3589;166;48,35100003;11,60100005;1;33;30471
ABDS;20181217;6;;;;;DET_9_508590_Mch_H2;A9;508,59;;;;;Süd/West;;;1;918950;3589;166;48,35100003;11,60100005;1;34;30472
ABDS;20181217;6;;;;;DET_9_508590_Mch_H3;A9;508,59;;;;;Süd/West;;;1;918950;3589;166;48,35100003;11,60100005;1;35;30473
ABDS;20181217;6;;;;;DET_9_508590_Mch_H4;A9;508,59;;;;;Süd/West;;;1;918950;3589;166;48,35100003;11,60100005;1;36;30474
ABDS;20181217;6;;;;;DET_9_509515_Nbg_H1;A9;509,515;;;;;Nord/Ost;;;1;908999;3550;199;48,34316272;11,60590671;1;1;30276
ABDS;20181217;6;;;;;DET_9_509515_Nbg_H2;A9;509,515;;;;;Nord/Ost;;;1;908999;3550;199;48,34316272;11,60590671;1;2;30277
ABDS;20181217;6;;;;;DET_9_509515_Nbg_H3;A9;509,515;;;;;Nord/Ost;;;1;908999;3550;199;48,34316272;11,60590671;1;3;30278
ABDS;20181217;6;;;;;DET_9_509515_Nbg_H4;A9;509,515;;;;;Nord/Ost;;;1;908999;3550;199;48,34316272;11,60590671;1;4;30279
ABDS;20181217;6;;;;;DET_9_510320_Mch_H1;A9;510,32;;;;;Süd/West;;;1;919035;3589;251;48,3364936;11,60951251;1;33;30475
ABDS;20181217;6;;;;;DET_9_510320_Mch_H2;A9;510,32;;;;;Süd/West;;;1;919035;3589;251;48,3364936;11,60951251;1;34;30476
ABDS;20181217;6;;;;;DET_9_510320_Mch_H3;A9;510,32;;;;;Süd/West;;;1;919035;3589;251;48,3364936;11,60951251;1;35;30477
ABDS;20181217;6;;;;;DET_9_510320_Mch_H4;A9;510,32;;;;;Süd/West;;;1;919035;3589;251;48,3364936;11,60951251;1;36;30478
ABDS;20181217;6;;;;;DET_9_511090_Nbg_H1;A9;511,09;;;;;Nord/Ost;;;1;909075;3551;19;48,33011338;11,61345062;1;1;30288
ABDS;20181217;6;;;;;DET_9_511090_Nbg_H2;A9;511,09;;;;;Nord/Ost;;;1;909075;3551;19;48,33011338;11,61345062;1;2;30289
ABDS;20181217;6;;;;;DET_9_511090_Nbg_H3;A9;511,09;;;;;Nord/Ost;;;1;909075;3551;19;48,33011338;11,61345062;1;3;30290
ABDS;20181217;6;;;;;DET_9_511090_Nbg_H4;A9;511,09;;;;;Nord/Ost;;;1;909075;3551;19;48,33011338;11,61345062;1;4;30291
ABDS;20181217;6;;;;;DET_9_511350_Mch_H1;A9;511,35;;;;;Süd/West;;;1;919086;3590;46;48,32781812;11,61442242;1;33;30323
ABDS;20181217;6;;;;;DET_9_511350_Mch_H2;A9;511,35;;;;;Süd/West;;;1;919086;3590;46;48,32781812;11,61442242;1;34;30324
ABDS;20181217;6;;;;;DET_9_511350_Mch_H3;A9;511,35;;;;;Süd/West;;;1;919086;3590;46;48,32781812;11,61442242;1;35;30325
ABDS;20181217;6;;;;;DET_9_511350_Mch_H4;A9;511,35;;;;;Süd/West;;;1;919086;3590;46;48,32781812;11,61442242;1;36;30326
ABDS;20181217;6;;;;;DET_9_511900_Nbg_H1;A9;511,9;;;;;Nord/Ost;;;1;909114;3551;58;48,32336527;11,61698909;1;1;30292
ABDS;20181217;6;;;;;DET_9_511900_Nbg_H2;A9;511,9;;;;;Nord/Ost;;;1;909114;3551;58;48,32336527;11,61698909;1;2;30293
ABDS;20181217;6;;;;;DET_9_511900_Nbg_H3;A9;511,9;;;;;Nord/Ost;;;1;909114;3551;58;48,32336527;11,61698909;1;3;30294
ABDS;20181217;6;;;;;DET_9_511900_Nbg_H4;A9;511,9;;;;;Nord/Ost;;;1;909114;3551;58;48,32336527;11,61698909;1;4;30295
ABDS;20181217;6;;;;;DET_9_511900_Nbg_H5;A9;511,9;;;;;Nord/Ost;;;1;909114;3551;58;48,32336527;11,61698909;1;5;30296
ABDS;20181217;6;;;;;DET_GVS_1000_Dah_H1;A99;1;;;;;Nord/Ost;;;1;9908375;38704;151;;;1;1;31528
ABDS;20181217;6;;;;;DET_GVS_1000_Mch_H1;A99;1;;;;;Süd/West;;;1;9908375;38704;151;;;1;33;31529
ABDS;20181217;6;;;;;DETA7_947_495_Fue_H1;A7;947,495;;;;;Süd/West;;;1;719491;2810;131;47,63479476;10,56641004;1;33;29771
ABDS;20181217;6;;;;;DETA7_947_495_Fue_H2;A7;947,495;;;;;Süd/West;;;1;719491;2810;131;47,63479476;10,56641004;1;34;29772
ABDS;20181217;6;;;;;DETA7_949_285_Fue_H1;A7;949,285;;;;;Süd/West;;;1;719546;2810;186;47,62850014;10,58733831;1;33;29767
ABDS;20181217;6;;;;;DETA7_949_285_Fue_H2;A7;949,285;;;;;Süd/West;;;1;719546;2810;186;47,62850014;10,58733831;1;34;29768
ABDS;20181217;6;;;;;DETA7_951_200_Fue_H1;A7;951,2;;;;;Süd/West;;;1;719605;2810;245;47,62689316;10,61169687;1;33;29769
ABDS;20181217;6;;;;;DETA7_951_200_Fue_H2;A7;951,2;;;;;Süd/West;;;1;719605;2810;245;47,62689316;10,61169687;1;34;29770
ABDS;20181217;6;;;;;DETA7_953_247_Fue_H1;A7;953,247;;;;;Süd/West;;;1;719668;2811;52;47,62607442;10,63830759;1;33;29773
ABDS;20181217;6;;;;;DETA7_953_247_Fue_H2;A7;953,247;;;;;Süd/West;;;1;719668;2811;52;47,62607442;10,63830759;1;34;29774
ABDS;20181217;6;;;;;DETA7_955_110_Fue_H1;A7;955,11;;;;;Süd/West;;;1;719725;2811;109;47,62194888;10,66019001;1;33;29775
ABDS;20181217;6;;;;;DETA7_955_110_Fue_H2;A7;955,11;;;;;Süd/West;;;1;719725;2811;109;47,62194888;10,66019001;1;34;29776
ABDS;20181217;6;;;;;DETA7_956_569_Fue_H1;A7;956,569;;;;;Süd/West;;;1;719770;2811;154;47,60965889;10,65637;1;33;29779
ABDS;20181217;6;;;;;DETA7_956_569_Fue_H2;A7;956,569;;;;;Süd/West;;;1;719770;2811;154;47,60965889;10,65637;1;34;29780
ABDS;20181217;6;;;;;DETA7_956_610_Ulm_H1;A7;956,61;;;;;Nord/Ost;;;1;719770;2811;154;47,60943454;10,65645024;1;1;29777
ABDS;20181217;6;;;;;DETA7_956_610_Ulm_H2;A7;956,61;;;;;Nord/Ost;;;1;719770;2811;154;47,60943454;10,65645024;1;2;29778
ABDS;20181217;6;;;;;DETA7_956_909_Fue_H1;A7;956,909;;;;;Süd/West;;;1;719775;2811;159;47,60672376;10,65542285;1;33;29781
ABDS;20181217;6;;;;;DETA7_956_909_Fue_H2;A7;956,909;;;;;Süd/West;;;1;719775;2811;159;47,60672376;10,65542285;1;34;29782
ABDS;20181217;6;;;;;DETA7_957_039_Ulm_H1;A7;957,039;;;;;Nord/Ost;;;1;709790;2772;158;47,60655656;10,65559187;1;1;29744
ABDS;20181217;6;;;;;DETA7_957_039_Ulm_H2;A7;957,039;;;;;Nord/Ost;;;1;709790;2772;158;47,60655656;10,65559187;1;2;29745
ABDS;20181217;6;;;;;DETA7_957_393_Ulm_H1;A7;957,393;;;;;Nord/Ost;;;1;709810;2772;178;47,60201885;10,65642195;1;1;29730
ABDS;20181217;6;;;;;DETA7_957_393_Ulm_H2;A7;957,393;;;;;Nord/Ost;;;1;709810;2772;178;47,60201885;10,65642195;1;2;29731
ABDS;20181217;6;;;;;DET_9_495030_Mch_H4;A9;495,03;;;;;Süd/West;;;1;918292;3587;20;48,47085988;11,58588998;1;36;30443
ABDS;20181217;6;;;;;DET_9_496600_Mch_H1;A9;496,6;;;;;Süd/West;;;1;918367;3587;95;48,45721551;11,59070978;1;33;30444
ABDS;20181217;6;;;;;DET_9_496600_Mch_H2;A9;496,6;;;;;Süd/West;;;1;918367;3587;95;48,45721551;11,59070978;1;34;30445
ABDS;20181217;6;;;;;DET_9_496600_Mch_H3;A9;496,6;;;;;Süd/West;;;1;918367;3587;95;48,45721551;11,59070978;1;35;30446
ABDS;20181217;6;;;;;DET_9_496600_Mch_H4;A9;496,6;;;;;Süd/West;;;1;918367;3587;95;48,45721551;11,59070978;1;36;30447
ABDS;20181217;6;;;;;DET_9_496895_Nbg_H1;A9;496,895;;;;;Nord/Ost;;;1;908384;3548;96;48,45450889;11,59089;1;1;30501
ABDS;20181217;6;;;;;DET_9_496895_Nbg_H2;A9;496,895;;;;;Nord/Ost;;;1;908384;3548;96;48,45450889;11,59089;1;2;30502
ABDS;20181217;6;;;;;DET_9_496895_Nbg_H3;A9;496,895;;;;;Nord/Ost;;;1;908384;3548;96;48,45450889;11,59089;1;3;30503
ABDS;20181217;6;;;;;DET_9_496895_Nbg_H4;A9;496,895;;;;;Nord/Ost;;;1;908384;3548;96;48,45450889;11,59089;1;4;30504
ABDS;20181217;6;;;;;DET_9_498030_Mch_H1;A9;498,03;;;;;Süd/West;;;1;918436;3587;164;48,44435132;11,58928394;1;33;30432
ABDS;20181217;6;;;;;DET_9_498030_Mch_H2;A9;498,03;;;;;Süd/West;;;1;918436;3587;164;48,44435132;11,58928394;1;34;30433
ABDS;20181217;6;;;;;DET_9_498030_Mch_H3;A9;498,03;;;;;Süd/West;;;1;918436;3587;164;48,44435132;11,58928394;1;35;30434
ABDS;20181217;6;;;;;DET_9_498030_Mch_H4;A9;498,03;;;;;Süd/West;;;1;918436;3587;164;48,44435132;11,58928394;1;36;30435
ABDS;20181217;6;;;;;DET_9_498180_Nbg_H1;A9;498,18;;;;;Nord/Ost;;;1;908447;3548;159;48,44289545;11,58941272;1;1;30505
ABDS;20181217;6;;;;;DET_9_498180_Nbg_H2;A9;498,18;;;;;Nord/Ost;;;1;908447;3548;159;48,44289545;11,58941272;1;2;30506
ABDS;20181217;6;;;;;DET_9_498180_Nbg_H3;A9;498,18;;;;;Nord/Ost;;;1;908447;3548;159;48,44289545;11,58941272;1;3;30507
ABDS;20181217;6;;;;;DET_9_498180_Nbg_H4;A9;498,18;;;;;Nord/Ost;;;1;908447;3548;159;48,44289545;11,58941272;1;4;30508
ABDS;20181217;6;;;;;DET_9_499015_Mch_H1;A9;499,015;;;;;Süd/West;;;1;918485;3587;213;48,43546433;11,58919584;1;33;30436
ABDS;20181217;6;;;;;DET_9_499015_Mch_H2;A9;499,015;;;;;Süd/West;;;1;918485;3587;213;48,43546433;11,58919584;1;34;30437
ABDS;20181217;6;;;;;DET_9_499015_Mch_H3;A9;499,015;;;;;Süd/West;;;1;918485;3587;213;48,43546433;11,58919584;1;35;30438
ABDS;20181217;6;;;;;DET_9_499015_Mch_H4;A9;499,015;;;;;Süd/West;;;1;918485;3587;213;48,43546433;11,58919584;1;36;30439
ABDS;20181217;6;;;;;DET_9_499330_Nbg_H1;A9;499,33;;;;;Nord/Ost;;;1;908502;3548;214;48,43270004;11,58950003;1;1;30495
ABDS;20181217;6;;;;;DET_9_499330_Nbg_H2;A9;499,33;;;;;Nord/Ost;;;1;908502;3548;214;48,43270004;11,58950003;1;2;30496
ABDS;20181217;6;;;;;DET_9_499330_Nbg_H3;A9;499,33;;;;;Nord/Ost;;;1;908502;3548;214;48,43270004;11,58950003;1;3;30497
ABDS;20181217;6;;;;;DET_9_499330_Nbg_H4;A9;499,33;;;;;Nord/Ost;;;1;908502;3548;214;48,43270004;11,58950003;1;4;30498
ABDS;20181217;6;;;;;DET_9_500390_Mch_H1;A9;500,39;;;;;Süd/West;;;1;918551;3588;23;48,42318367;11,58938684;1;33;30459
ABDS;20181217;6;;;;;DET_9_500390_Mch_H2;A9;500,39;;;;;Süd/West;;;1;918551;3588;23;48,42318367;11,58938684;1;34;30460
ABDS;20181217;6;;;;;DET_9_500390_Mch_H3;A9;500,39;;;;;Süd/West;;;1;918551;3588;23;48,42318367;11,58938684;1;35;30461
ABDS;20181217;6;;;;;DET_9_500390_Mch_H4;A9;500,39;;;;;Süd/West;;;1;918551;3588;23;48,42318367;11,58938684;1;36;30462
ABDS;20181217;6;;;;;DET_9_500994_Nbg_H1;A9;500,994;;;;;Nord/Ost;;;1;908583;3549;39;48,41765979;11,58968147;1;1;30520
ABDS;20181217;6;;;;;DET_9_500994_Nbg_H2;A9;500,994;;;;;Nord/Ost;;;1;908583;3549;39;48,41765979;11,58968147;1;2;30521
ABDS;20181217;6;;;;;DET_9_500994_Nbg_H3;A9;500,994;;;;;Nord/Ost;;;1;908583;3549;39;48,41765979;11,58968147;1;3;30522
ABDS;20181217;6;;;;;DET_9_500994_Nbg_H4;A9;500,994;;;;;Nord/Ost;;;1;908583;3549;39;48,41765979;11,58968147;1;4;30271
ABDS;20181217;6;;;;;DET_9_501250_Mch_H1;A9;501,25;;;;;Süd/West;;;1;918602;3588;74;48,41540005;11,58949996;1;33;30463
ABDS;20181217;6;;;;;DET_9_501250_Mch_H2;A9;501,25;;;;;Süd/West;;;1;918602;3588;74;48,41540005;11,58949996;1;34;30464
ABDS;20181217;6;;;;;DET_9_501250_Mch_H3;A9;501,25;;;;;Süd/West;;;1;918602;3588;74;48,41540005;11,58949996;1;35;30465
ABDS;20181217;6;;;;;DET_9_501250_Mch_H4;A9;501,25;;;;;Süd/West;;;1;918602;3588;74;48,41540005;11,58949996;1;36;30466
ABDS;20181217;6;;;;;DET_9_502250_Mch_H1;A9;502,25;;;;;Süd/West;;;1;918641;3588;113;48,40653587;11,58959929;1;33;30467
ABDS;20181217;6;;;;;DET_9_502250_Mch_H2;A9;502,25;;;;;Süd/West;;;1;918641;3588;113;48,40653587;11,58959929;1;34;30468
ABDS;20181217;6;;;;;DET_9_502250_Mch_H3;A9;502,25;;;;;Süd/West;;;1;918641;3588;113;48,40653587;11,58959929;1;35;30469
ABDS;20181217;6;;;;;DET_9_502250_Mch_H4;A9;502,25;;;;;Süd/West;;;1;918641;3588;113;48,40653587;11,58959929;1;36;30470
ABDS;20181217;6;;;;;DET_9_502505_Nbg_H1;A9;502,505;;;;;Nord/Ost;;;1;908657;3549;113;48,40406718;11,58991215;1;1;30272
ABDS;20181217;6;;;;;DET_9_502505_Nbg_H2;A9;502,505;;;;;Nord/Ost;;;1;908657;3549;113;48,40406718;11,58991215;1;2;30273
ABDS;20181217;6;;;;;DET_9_502505_Nbg_H3;A9;502,505;;;;;Nord/Ost;;;1;908657;3549;113;48,40406718;11,58991215;1;3;30274
ABDS;20181217;6;;;;;DET_9_502505_Nbg_H4;A9;502,505;;;;;Nord/Ost;;;1;908657;3549;113;48,40406718;11,58991215;1;4;30275
ABDS;20181217;6;;;;;DET_9_503485_Mch_H1;A9;503,485;;;;;Süd/West;;;1;918702;3588;174;48,39580004;11,59340003;1;33;30448
ABDS;20181217;6;;;;;DET_9_503485_Mch_H2;A9;503,485;;;;;Süd/West;;;1;918702;3588;174;48,39580004;11,59340003;1;34;30449
ABDS;20181217;6;;;;;DET_9_503485_Mch_H3;A9;503,485;;;;;Süd/West;;;1;918702;3588;174;48,39580004;11,59340003;1;35;30450
ABDS;20181217;6;;;;;DET_9_503485_Mch_H4;A9;503,485;;;;;Süd/West;;;1;918702;3588;174;48,39580004;11,59340003;1;36;30451
ABDS;20181217;6;;;;;DET_9_503930_Nbg_H1;A9;503,93;;;;;Nord/Ost;;;1;908726;3549;182;48,39209917;11,59607097;1;1;30512
ABDS;20181217;6;;;;;DET_9_503930_Nbg_H2;A9;503,93;;;;;Nord/Ost;;;1;908726;3549;182;48,39209917;11,59607097;1;2;30513
ABDS;20181217;6;;;;;DET_9_503930_Nbg_H3;A9;503,93;;;;;Nord/Ost;;;1;908726;3549;182;48,39209917;11,59607097;1;3;30514
ABDS;20181217;6;;;;;DET_9_503930_Nbg_H4;A9;503,93;;;;;Nord/Ost;;;1;908726;3549;182;48,39209917;11,59607097;1;4;30515
ABDS;20181217;6;;;;;DET_9_504520_Mch_H1;A9;504,52;;;;;Süd/West;;;1;918754;3588;226;48,38694462;11,59720483;1;33;30452
ABDS;20181217;6;;;;;DET_9_504520_Mch_H2;A9;504,52;;;;;Süd/West;;;1;918754;3588;226;48,38694462;11,59720483;1;34;30453
ABDS;20181217;6;;;;;DET_9_504520_Mch_H3;A9;504,52;;;;;Süd/West;;;1;918754;3588;226;48,38694462;11,59720483;1;35;30454
ABDS;20181217;6;;;;;DET_9_504520_Mch_H4;A9;504,52;;;;;Süd/West;;;1;918754;3588;226;48,38694462;11,59720483;1;36;30455
ABDS;20181217;6;;;;;DET_9_505300_Nbg_H1;A9;505,3;;;;;Nord/Ost;;;1;908793;3549;249;48,37985024;11,59680708;1;1;30516
ABDS;20181217;6;;;;;DET_9_505300_Nbg_H2;A9;505,3;;;;;Nord/Ost;;;1;908793;3549;249;48,37985024;11,59680708;1;2;30517
ABDS;20181217;6;;;;;DET_9_505300_Nbg_H3;A9;505,3;;;;;Nord/Ost;;;1;908793;3549;249;48,37985024;11,59680708;1;3;30518
ABDS;20181217;6;;;;;DET_9_505300_Nbg_H4;A9;505,3;;;;;Nord/Ost;;;1;908793;3549;249;48,37985024;11,59680708;1;4;30519
ABDS;20181217;6;;;;;DET_9_505750_Mch_H1;A9;505,75;;;;;Süd/West;;;1;918812;3589;28;48,37590004;11,59610006;1;33;30479
ABDS;20181217;6;;;;;DET_9_505750_Mch_H2;A9;505,75;;;;;Süd/West;;;1;918812;3589;28;48,37590004;11,59610006;1;34;30480
ABDS;20181217;6;;;;;DET_9_505750_Mch_H3;A9;505,75;;;;;Süd/West;;;1;918812;3589;28;48,37590004;11,59610006;1;35;30313
ABDS;20181217;6;;;;;DET_9_484325_Mch_H3;A9;484,325;;;;;Süd/West;;;1;917769;3585;9;48,56135889;11,58915001;1;35;30413
ABDS;20181217;6;;;;;DET_9_484470_Nbg_H1;A9;484,47;;;;;Nord/Ost;;;1;907779;3546;3;48,55986824;11,58883816;1;1;30253
ABDS;20181217;6;;;;;DET_9_484470_Nbg_H2;A9;484,47;;;;;Nord/Ost;;;1;907779;3546;3;48,55986824;11,58883816;1;2;30254
ABDS;20181217;6;;;;;DET_9_484470_Nbg_H3;A9;484,47;;;;;Nord/Ost;;;1;907779;3546;3;48,55986824;11,58883816;1;3;30255
ABDS;20181217;6;;;;;DET_9_484470_Nbg_H4;A9;484,47;;;;;Nord/Ost;;;1;907779;3546;3;48,55986824;11,58883816;1;4;30256
ABDS;20181217;6;;;;;DET_9_485750_Mch_H1;A9;485,75;;;;;Süd/West;;;1;917843;3585;83;48,54923639;11,59252185;1;33;30403
ABDS;20181217;6;;;;;DET_9_485750_Mch_H2;A9;485,75;;;;;Süd/West;;;1;917843;3585;83;48,54923639;11,59252185;1;34;30404
ABDS;20181217;6;;;;;DET_9_485750_Mch_H3;A9;485,75;;;;;Süd/West;;;1;917843;3585;83;48,54923639;11,59252185;1;35;30405
ABDS;20181217;6;;;;;DET_9_485750_Mch_H4;A9;485,75;;;;;Süd/West;;;1;917843;3585;83;48,54923639;11,59252185;1;36;30406
ABDS;20181217;6;;;;;DET_9_485900_Nbg_H1;A9;485,9;;;;;Nord/Ost;;;1;907849;3546;73;48,54759504;11,59359082;1;1;30257
ABDS;20181217;6;;;;;DET_9_485900_Nbg_H2;A9;485,9;;;;;Nord/Ost;;;1;907849;3546;73;48,54759504;11,59359082;1;2;30258
ABDS;20181217;6;;;;;DET_9_485900_Nbg_H3;A9;485,9;;;;;Nord/Ost;;;1;907849;3546;73;48,54759504;11,59359082;1;3;30259
ABDS;20181217;6;;;;;DET_9_485900_Nbg_H4;A9;485,9;;;;;Nord/Ost;;;1;907849;3546;73;48,54759504;11,59359082;1;4;30260
ABDS;20181217;6;;;;;DET_9_486950_Mch_H1;A9;486,95;;;;;Süd/West;;;1;917897;3585;137;48,53801;11,59496829;1;33;30407
ABDS;20181217;6;;;;;DET_9_486950_Mch_H2;A9;486,95;;;;;Süd/West;;;1;917897;3585;137;48,53801;11,59496829;1;34;30408
ABDS;20181217;6;;;;;DET_9_486950_Mch_H3;A9;486,95;;;;;Süd/West;;;1;917897;3585;137;48,53801;11,59496829;1;35;30409
ABDS;20181217;6;;;;;DET_9_486950_Mch_H4;A9;486,95;;;;;Süd/West;;;1;917897;3585;137;48,53801;11,59496829;1;36;30410
ABDS;20181217;6;;;;;DET_9_487755_Nbg_H1;A9;487,755;;;;;Nord/Ost;;;1;907939;3546;163;48,53120134;11,59252065;1;1;30245
ABDS;20181217;6;;;;;DET_9_487755_Nbg_H2;A9;487,755;;;;;Nord/Ost;;;1;907939;3546;163;48,53120134;11,59252065;1;2;30246
ABDS;20181217;6;;;;;DET_9_487755_Nbg_H3;A9;487,755;;;;;Nord/Ost;;;1;907939;3546;163;48,53120134;11,59252065;1;3;30247
ABDS;20181217;6;;;;;DET_9_487755_Nbg_H4;A9;487,755;;;;;Nord/Ost;;;1;907939;3546;163;48,53120134;11,59252065;1;4;30248
ABDS;20181217;6;;;;;DET_9_488800_Mch_H1;A9;488,8;;;;;Süd/West;;;1;917987;3585;227;48,52370212;11,58443314;1;33;30399
ABDS;20181217;6;;;;;DET_9_488800_Mch_H2;A9;488,8;;;;;Süd/West;;;1;917987;3585;227;48,52370212;11,58443314;1;34;30400
ABDS;20181217;6;;;;;DET_9_488800_Mch_H3;A9;488,8;;;;;Süd/West;;;1;917987;3585;227;48,52370212;11,58443314;1;35;30401
ABDS;20181217;6;;;;;DET_9_488800_Mch_H4;A9;488,8;;;;;Süd/West;;;1;917987;3585;227;48,52370212;11,58443314;1;36;30402
ABDS;20181217;6;;;;;DET_9_489247_Nbg_H1;A9;489,247;;;;;Nord/Ost;;;1;908012;3546;236;48,51979315;11,58304033;1;1;30249
ABDS;20181217;6;;;;;DET_9_489247_Nbg_H2;A9;489,247;;;;;Nord/Ost;;;1;908012;3546;236;48,51979315;11,58304033;1;2;30250
ABDS;20181217;6;;;;;DET_9_489247_Nbg_H3;A9;489,247;;;;;Nord/Ost;;;1;908012;3546;236;48,51979315;11,58304033;1;3;30251
ABDS;20181217;6;;;;;DET_9_489247_Nbg_H4;A9;489,247;;;;;Nord/Ost;;;1;908012;3546;236;48,51979315;11,58304033;1;4;30252
ABDS;20181217;6;;;;;DET_9_490310_Nbg_H1;A9;490,31;;;;;Nord/Ost;;;1;908064;3547;32;48,51075372;11,58450334;1;1;30482
ABDS;20181217;6;;;;;DET_9_490310_Nbg_H2;A9;490,31;;;;;Nord/Ost;;;1;908064;3547;32;48,51075372;11,58450334;1;2;30483
ABDS;20181217;6;;;;;DET_9_490310_Nbg_H3;A9;490,31;;;;;Nord/Ost;;;1;908064;3547;32;48,51075372;11,58450334;1;3;30484
ABDS;20181217;6;;;;;DET_9_490310_Nbg_H4;A9;490,31;;;;;Nord/Ost;;;1;908064;3547;32;48,51075372;11,58450334;1;4;30485
ABDS;20181217;6;;;;;DET_9_490336_Mch_H1;A9;490,336;;;;;Süd/West;;;1;918060;3586;44;48,5106891;11,58425522;1;33;30418
ABDS;20181217;6;;;;;DET_9_490336_Mch_H2;A9;490,336;;;;;Süd/West;;;1;918060;3586;44;48,5106891;11,58425522;1;34;30419
ABDS;20181217;6;;;;;DET_9_490336_Mch_H3;A9;490,336;;;;;Süd/West;;;1;918060;3586;44;48,5106891;11,58425522;1;35;30420
ABDS;20181217;6;;;;;DET_9_490336_Mch_H4;A9;490,336;;;;;Süd/West;;;1;918060;3586;44;48,5106891;11,58425522;1;36;30421
ABDS;20181217;6;;;;;DET_9_491350_Mch_H1;A9;491,35;;;;;Süd/West;;;1;918111;3586;95;48,50245097;11,5913372;1;33;30424
ABDS;20181217;6;;;;;DET_9_491350_Mch_H2;A9;491,35;;;;;Süd/West;;;1;918111;3586;95;48,50245097;11,5913372;1;34;30425
ABDS;20181217;6;;;;;DET_9_491350_Mch_H3;A9;491,35;;;;;Süd/West;;;1;918111;3586;95;48,50245097;11,5913372;1;35;30426
ABDS;20181217;6;;;;;DET_9_491350_Mch_H4;A9;491,35;;;;;Süd/West;;;1;918111;3586;95;48,50245097;11,5913372;1;36;30427
ABDS;20181217;6;;;;;DET_9_491895_Nbg_H1;A9;491,895;;;;;Nord/Ost;;;1;908141;3547;109;48,49760889;11,59457001;1;1;30488
ABDS;20181217;6;;;;;DET_9_491895_Nbg_H2;A9;491,895;;;;;Nord/Ost;;;1;908141;3547;109;48,49760889;11,59457001;1;2;30489
ABDS;20181217;6;;;;;DET_9_491895_Nbg_H3;A9;491,895;;;;;Nord/Ost;;;1;908141;3547;109;48,49760889;11,59457001;1;3;30490
ABDS;20181217;6;;;;;DET_9_491895_Nbg_H4;A9;491,895;;;;;Nord/Ost;;;1;908141;3547;109;48,49760889;11,59457001;1;4;30491
ABDS;20181217;6;;;;;DET_9_492226_Mch_H1;A9;492,226;;;;;Süd/West;;;1;918154;3586;138;48,49469969;11,59468072;1;33;30428
ABDS;20181217;6;;;;;DET_9_492226_Mch_H2;A9;492,226;;;;;Süd/West;;;1;918154;3586;138;48,49469969;11,59468072;1;34;30429
ABDS;20181217;6;;;;;DET_9_492226_Mch_H3;A9;492,226;;;;;Süd/West;;;1;918154;3586;138;48,49469969;11,59468072;1;35;30430
ABDS;20181217;6;;;;;DET_9_492226_Mch_H4;A9;492,226;;;;;Süd/West;;;1;918154;3586;138;48,49469969;11,59468072;1;36;30431
ABDS;20181217;6;;;;;DET_9_493593_Mch_H1;A9;493,593;;;;;Süd/West;;;1;918222;3586;206;48,48336122;11,58882399;1;33;30414
ABDS;20181217;6;;;;;DET_9_493593_Mch_H2;A9;493,593;;;;;Süd/West;;;1;918222;3586;206;48,48336122;11,58882399;1;34;30415
ABDS;20181217;6;;;;;DET_9_493593_Mch_H3;A9;493,593;;;;;Süd/West;;;1;918222;3586;206;48,48336122;11,58882399;1;35;30416
ABDS;20181217;6;;;;;DET_9_493593_Mch_H4;A9;493,593;;;;;Süd/West;;;1;918222;3586;206;48,48336122;11,58882399;1;36;30417
ABDS;20181217;6;;;;;DET_9_493840_Nbg_H1;A9;493,84;;;;;Nord/Ost;;;1;908235;3547;203;48,48132272;11,58773274;1;1;30261
ABDS;20181217;6;;;;;DET_9_493840_Nbg_H2;A9;493,84;;;;;Nord/Ost;;;1;908235;3547;203;48,48132272;11,58773274;1;2;30262
ABDS;20181217;6;;;;;DET_9_493840_Nbg_H3;A9;493,84;;;;;Nord/Ost;;;1;908235;3547;203;48,48132272;11,58773274;1;3;30263
ABDS;20181217;6;;;;;DET_9_493840_Nbg_H4;A9;493,84;;;;;Nord/Ost;;;1;908235;3547;203;48,48132272;11,58773274;1;4;30264
ABDS;20181217;6;;;;;DET_9_494840_Nbg_H1;A9;494,84;;;;;Nord/Ost;;;1;908284;3547;252;48,47248506;11,58558925;1;1;30265
ABDS;20181217;6;;;;;DET_9_494840_Nbg_H2;A9;494,84;;;;;Nord/Ost;;;1;908284;3547;252;48,47248506;11,58558925;1;2;30266
ABDS;20181217;6;;;;;DET_9_494840_Nbg_H3;A9;494,84;;;;;Nord/Ost;;;1;908284;3547;252;48,47248506;11,58558925;1;3;30267
ABDS;20181217;6;;;;;DET_9_494840_Nbg_H4;A9;494,84;;;;;Nord/Ost;;;1;908284;3547;252;48,47248506;11,58558925;1;4;30268
ABDS;20181217;6;;;;;DET_9_495030_Mch_H1;A9;495,03;;;;;Süd/West;;;1;918292;3587;20;48,47085988;11,58588998;1;33;30440
ABDS;20181217;6;;;;;DET_9_495030_Mch_H2;A9;495,03;;;;;Süd/West;;;1;918292;3587;20;48,47085988;11,58588998;1;34;30441
ABDS;20181217;6;;;;;DET_9_495030_Mch_H3;A9;495,03;;;;;Süd/West;;;1;918292;3587;20;48,47085988;11,58588998;1;35;30442
ABDS;20181217;6;;;;;DET_99_11515_Sbg_H2;A99;11,515;;;;;Süd/West;;;1;9906851;38698;163;48,2094;11,4664;1;34;31454
ABDS;20181217;6;;;;;DET_99_11515_Sbg_H3;A99;11,515;;;;;Süd/West;;;1;9906851;38698;163;48,2094;11,4664;1;35;31455
ABDS;20181217;6;;;;;DET_99_11627_Stg_H1;A99;11,627;;;;;Nord/Ost;;;1;9916860;38737;188;48,20979603;11,4682963;1;1;31602
ABDS;20181217;6;;;;;DET_99_11627_Stg_H2;A99;11,627;;;;;Nord/Ost;;;1;9916860;38737;188;48,20979603;11,4682963;1;2;31603
ABDS;20181217;6;;;;;DET_99_11627_Stg_H3;A99;11,627;;;;;Nord/Ost;;;1;9916860;38737;188;48,20979603;11,4682963;1;3;31773
ABDS;20181217;6;;;;;DET_99_11964_Stg_H1;A99;11,964;;;;;Nord/Ost;;;1;9916886;38737;214;;;1;1;31777
ABDS;20181217;6;;;;;DET_99_11964_Stg_H2;A99;11,964;;;;;Nord/Ost;;;1;9916886;38737;214;;;1;2;31778
ABDS;20181217;6;;;;;DET_99_11964_Stg_H3;A99;11,964;;;;;Nord/Ost;;;1;9916886;38737;214;;;1;3;31779
ABDS;20181217;6;;;;;DET_99_12270_Stg_H1;A99;12,27;;;;;Nord/Ost;;;1;9916909;38737;237;48,20940004;11,48169996;1;1;31780
ABDS;20181217;6;;;;;DET_99_12270_Stg_H2;A99;12,27;;;;;Nord/Ost;;;1;9916909;38737;237;48,20940004;11,48169996;1;2;31781
ABDS;20181217;6;;;;;DET_99_12270_Stg_H3;A99;12,27;;;;;Nord/Ost;;;1;9916909;38737;237;48,20940004;11,48169996;1;3;31782
ABDS;20181217;6;;;;;DET_99_12532_Stg_E1;A99;12,532;;;;;Nord/Ost;;;1;9916928;38738;0;;;1;129;31800
ABDS;20181217;6;;;;;DET_99_12532_Stg_H1;A99;12,532;;;;;Nord/Ost;;;1;9916928;38738;0;;;1;1;31797
ABDS;20181217;6;;;;;DET_99_12532_Stg_H2;A99;12,532;;;;;Nord/Ost;;;1;9916928;38738;0;;;1;2;31798
ABDS;20181217;6;;;;;DET_99_12532_Stg_H3;A99;12,532;;;;;Nord/Ost;;;1;9916928;38738;0;;;1;3;31799
ABDS;20181217;6;;;;;DET_99_14110_Stg_H1;A99;14,11;;;;;Nord/Ost;;;1;9917047;38738;119;48,21342316;11,50003235;1;1;31811
ABDS;20181217;6;;;;;DET_99_14110_Stg_H2;A99;14,11;;;;;Nord/Ost;;;1;9917047;38738;119;48,21342316;11,50003235;1;2;31812
ABDS;20181217;6;;;;;DET_99_14110_Stg_H3;A99;14,11;;;;;Nord/Ost;;;1;9917047;38738;119;48,21342316;11,50003235;1;3;31813
ABDS;20181217;6;;;;;DET_99_29220_Stg_H1;A99;29,22;;;;;Nord/Ost;;;1;9918173;38742;221;;;1;1;31850
ABDS;20181217;6;;;;;DET_99_29220_Stg_H2;A99;29,22;;;;;Nord/Ost;;;1;9918173;38742;221;;;1;2;31851
ABDS;20181217;6;;;;;DET_99_29220_Stg_H3;A99;29,22;;;;;Nord/Ost;;;1;9918173;38742;221;;;1;3;31852
ABDS;20181217;6;;;;;DET_99_29220_Stg_H4;A99;29,22;;;;;Nord/Ost;;;1;9918173;38742;221;;;1;4;31853
ABDS;20181217;6;;;;;DET_99_29595_Sbg_H1;A99;29,55;;;;;Süd/West;;;1;9908191;38703;223;;;1;33;31478
ABDS;20181217;6;;;;;DET_99_29595_Sbg_H2;A99;29,55;;;;;Süd/West;;;1;9908191;38703;223;;;1;34;31479
ABDS;20181217;6;;;;;DET_99_29595_Sbg_H3;A99;29,55;;;;;Süd/West;;;1;9908191;38703;223;;;1;35;31480
ABDS;20181217;6;;;;;DET_99_29595_Sbg_H4;A99;29,55;;;;;Süd/West;;;1;9908191;38703;223;;;1;36;31481
ABDS;20181217;6;;;;;DET_99_30450_Stg_H1;A99;30,45;;;;;Nord/Ost;;;1;9918257;38743;49;;;1;1;31876
ABDS;20181217;6;;;;;DET_99_30450_Stg_H2;A99;30,45;;;;;Nord/Ost;;;1;9918257;38743;49;;;1;2;31877
ABDS;20181217;6;;;;;DET_99_30450_Stg_H3;A99;30,45;;;;;Nord/Ost;;;1;9918257;38743;49;;;1;3;31878
ABDS;20181217;6;;;;;DET_99_30450_Stg_H4;A99;30,45;;;;;Nord/Ost;;;1;9918257;38743;49;;;1;4;31879
ABDS;20181217;6;;;;;DET_99_30830_Sbg_H1;A99;30,83;;;;;Süd/West;;;1;9908283;38704;59;;;1;33;31768
ABDS;20181217;6;;;;;DET_99_30830_Sbg_H2;A99;30,83;;;;;Süd/West;;;1;9908283;38704;59;;;1;34;31769
ABDS;20181217;6;;;;;DET_99_30830_Sbg_H3;A99;30,83;;;;;Süd/West;;;1;9908283;38704;59;;;1;35;31770
ABDS;20181217;6;;;;;DET_99_30830_Sbg_H4;A99;30,83;;;;;Süd/West;;;1;9908283;38704;59;;;1;36;31771
ABDS;20181217;6;;;;;DET_9_477875_Mch_H1;A9;477,875;;;;;Süd/West;;;1;917455;3583;207;48,60570002;11,54830007;1;33;30378
ABDS;20181217;6;;;;;DET_9_477875_Mch_H2;A9;477,875;;;;;Süd/West;;;1;917455;3583;207;48,60570002;11,54830007;1;34;30379
ABDS;20181217;6;;;;;DET_9_477875_Mch_H3;A9;477,875;;;;;Süd/West;;;1;917455;3583;207;48,60570002;11,54830007;1;35;30380
ABDS;20181217;6;;;;;DET_9_479450_Mch_H1;A9;479,45;;;;;Süd/West;;;1;917532;3584;28;48,59520009;11,56260004;1;33;30384
ABDS;20181217;6;;;;;DET_9_479450_Mch_H2;A9;479,45;;;;;Süd/West;;;1;917532;3584;28;48,59520009;11,56260004;1;34;30385
ABDS;20181217;6;;;;;DET_9_479450_Mch_H3;A9;479,45;;;;;Süd/West;;;1;917532;3584;28;48,59520009;11,56260004;1;35;30386
ABDS;20181217;6;;;;;DET_9_480000_Nbg_H1;A9;480;;;;;Nord/Ost;;;1;907562;3545;42;48,5914585;11,56738442;1;1;30310
ABDS;20181217;6;;;;;DET_9_480000_Nbg_H2;A9;480;;;;;Nord/Ost;;;1;907562;3545;42;48,5914585;11,56738442;1;2;30311
ABDS;20181217;6;;;;;DET_9_480000_Nbg_H3;A9;480;;;;;Nord/Ost;;;1;907562;3545;42;48,5914585;11,56738442;1;3;30312
ABDS;20181217;6;;;;;DET_9_481060_Mch_H1;A9;481,06;;;;;Süd/West;;;1;917610;3584;106;48,58474508;11,57755724;1;33;30387
ABDS;20181217;6;;;;;DET_9_481060_Mch_H2;A9;481,06;;;;;Süd/West;;;1;917610;3584;106;48,58474508;11,57755724;1;34;30388
ABDS;20181217;6;;;;;DET_9_481060_Mch_H3;A9;481,06;;;;;Süd/West;;;1;917610;3584;106;48,58474508;11,57755724;1;35;30389
ABDS;20181217;6;;;;;DET_9_481250_Nbg_H1;A9;481,25;;;;;Nord/Ost;;;1;907623;3545;103;48,58412201;11,57997907;1;1;30357
ABDS;20181217;6;;;;;DET_9_481250_Nbg_H2;A9;481,25;;;;;Nord/Ost;;;1;907623;3545;103;48,58412201;11,57997907;1;2;30358
ABDS;20181217;6;;;;;DET_9_481250_Nbg_H3;A9;481,25;;;;;Nord/Ost;;;1;907623;3545;103;48,58412201;11,57997907;1;3;30359
ABDS;20181217;6;;;;;DET_9_481931_Mch_H1;A9;481,88;;;;;Süd/West;;;1;917659;3584;155;48,58115134;11,58828875;1;33;30393
ABDS;20181217;6;;;;;DET_9_481931_Mch_H2;A9;481,88;;;;;Süd/West;;;1;917659;3584;155;48,58115134;11,58828875;1;34;30394
ABDS;20181217;6;;;;;DET_9_481931_Mch_H3;A9;481,88;;;;;Süd/West;;;1;917659;3584;155;48,58115134;11,58828875;1;35;30395
ABDS;20181217;6;;;;;DET_9_481931_Nbg_H1;A9;481,931;;;;;Nord/Ost;;;1;917659;3584;155;48,58128395;11,58841219;1;1;30390
ABDS;20181217;6;;;;;DET_9_481931_Nbg_H2;A9;481,931;;;;;Nord/Ost;;;1;917659;3584;155;48,58128395;11,58841219;1;2;30391
ABDS;20181217;6;;;;;DET_9_481931_Nbg_H3;A9;481,931;;;;;Nord/Ost;;;1;917659;3584;155;48,58128395;11,58841219;1;3;30392
ABDS;20181217;6;;;;;DET_9_483145_Mch_H1;A9;483,145;;;;;Süd/West;;;1;917712;3584;208;48,5717886;11,59241919;1;33;30381
ABDS;20181217;6;;;;;DET_9_483145_Mch_H2;A9;483,145;;;;;Süd/West;;;1;917712;3584;208;48,5717886;11,59241919;1;34;30382
ABDS;20181217;6;;;;;DET_9_483145_Mch_H3;A9;483,145;;;;;Süd/West;;;1;917712;3584;208;48,5717886;11,59241919;1;35;30383
ABDS;20181217;6;;;;;DET_9_483200_Nbg_H1;A9;483,2;;;;;Nord/Ost;;;1;907718;3545;198;48,57096327;11,59263566;1;1;30303
ABDS;20181217;6;;;;;DET_9_483200_Nbg_H2;A9;483,2;;;;;Nord/Ost;;;1;907718;3545;198;48,57096327;11,59263566;1;2;30304
ABDS;20181217;6;;;;;DET_9_483200_Nbg_H3;A9;483,2;;;;;Nord/Ost;;;1;907718;3545;198;48,57096327;11,59263566;1;3;30305
ABDS;20181217;6;;;;;DET_9_483200_Nbg_H4;A9;483,2;;;;;Nord/Ost;;;1;907718;3545;198;48,57096327;11,59263566;1;4;30306
ABDS;20181217;6;;;;;DET_9_484325_Mch_H1;A9;484,325;;;;;Süd/West;;;1;917769;3585;9;48,56135889;11,58915001;1;33;30411
ABDS;20181217;6;;;;;DET_9_484325_Mch_H2;A9;484,325;;;;;Süd/West;;;1;917769;3585;9;48,56135889;11,58915001;1;34;30412
ABDS;20181217;6;;;;;DET_99_5430_Sbg_H1;A99;5,43;;;;;Nord/Ost;;;1;9916402;38735;242;48,17199008;11,42192424;1;1;31681
ABDS;20181217;6;;;;;DET_99_5430_Sbg_H2;A99;5,43;;;;;Nord/Ost;;;1;9916402;38735;242;48,17199008;11,42192424;1;2;31682
ABDS;20181217;6;;;;;DET_99_5446_Lin_H1;A99;5,446;;;;;Süd/West;;;1;9906406;38696;230;48,17221636;11,42189193;1;33;31515
ABDS;20181217;6;;;;;DET_99_5446_Lin_H2;A99;5,446;;;;;Süd/West;;;1;9906406;38696;230;48,17221636;11,42189193;1;34;31516
ABDS;20181217;6;;;;;DET_99_5446_Lin_H3;A99;5,446;;;;;Süd/West;;;1;9906406;38696;230;48,17221636;11,42189193;1;35;31517
ABDS;20181217;6;;;;;DET_99_5795_Lin_H1;A99;5,795;;;;;Nord/Ost;;;1;9906430;38696;254;48,17450006;11,42499995;1;1;31518
ABDS;20181217;6;;;;;DET_99_5795_Lin_H2;A99;5,795;;;;;Nord/Ost;;;1;9906430;38696;254;48,17450006;11,42499995;1;2;31730
ABDS;20181217;6;;;;;DET_99_5795_Lin_H3;A99;5,795;;;;;Nord/Ost;;;1;9906430;38696;254;48,17450006;11,42499995;1;3;31731
ABDS;20181217;6;;;;;DET_99_6505_Sbg_H1;A99;6,505;;;;;Nord/Ost;;;1;9916482;38736;66;48,17944645;11,43103953;1;1;31590
ABDS;20181217;6;;;;;DET_99_6505_Sbg_H2;A99;6,505;;;;;Nord/Ost;;;1;9916482;38736;66;48,17944645;11,43103953;1;2;31591
ABDS;20181217;6;;;;;DET_99_6570_Lin_H1;A99;6,57;;;;;Süd/West;;;1;9906489;38697;57;48,18000629;11,43135579;1;33;31757
ABDS;20181217;6;;;;;DET_99_6570_Lin_H2;A99;6,57;;;;;Süd/West;;;1;9906489;38697;57;48,18000629;11,43135579;1;34;31758
ABDS;20181217;6;;;;;DET_99_7588_Sbg_H1;A99;7,588;;;;;Nord/Ost;;;1;9916560;38736;144;48,1883267;11,43724519;1;1;31600
ABDS;20181217;6;;;;;DET_99_7588_Sbg_H2;A99;7,588;;;;;Nord/Ost;;;1;9916560;38736;144;48,1883267;11,43724519;1;2;31601
ABDS;20181217;6;;;;;DET_99_7880_Lin_H1;A99;7,88;;;;;Süd/West;;;1;9906586;38697;154;48,19090922;11,43740081;1;33;31760
ABDS;20181217;6;;;;;DET_99_7880_Lin_H2;A99;7,88;;;;;Süd/West;;;1;9906586;38697;154;48,19090922;11,43740081;1;34;31761
ABDS;20181217;6;;;;;DET_99_8110_Sbg_H1;A99;8,11;;;;;Süd/West;;;1;9906599;38697;167;;;1;33;31751
ABDS;20181217;6;;;;;DET_99_8110_Sbg_H2;A99;8,11;;;;;Süd/West;;;1;9906599;38697;167;;;1;34;31752
ABDS;20181217;6;;;;;DET_99_8468_Sbg_H1;A99;8,468;;;;;Nord/Ost;;;1;9916625;38736;209;48,19613128;11,43701061;1;1;31588
ABDS;20181217;6;;;;;DET_99_8468_Sbg_H2;A99;8,468;;;;;Nord/Ost;;;1;9916625;38736;209;48,19613128;11,43701061;1;2;31589
ABDS;20181217;6;;;;;DET_99_8784_Lin_H1;A99;8,784;;;;;Süd/West;;;1;9906653;38697;221;48,19898667;11,43650605;1;33;31753
ABDS;20181217;6;;;;;DET_99_8784_Lin_H2;A99;8,784;;;;;Süd/West;;;1;9906653;38697;221;48,19898667;11,43650605;1;34;31754
ABDS;20181217;6;;;;;DET_99_9140_Sbg_H1;A99;9,14;;;;;Süd/West;;;1;9906676;38697;244;;;1;35;31755
ABDS;20181217;6;;;;;DET_99_9140_Sbg_H2;A99;9,14;;;;;Süd/West;;;1;9906676;38697;244;;;1;36;31756
ABDS;20181217;6;;;;;DET_99_9600_Lin_H1;A99;9,6;;;;;Süd/West;;;1;9916711;38737;39;48,20420642;11,44353423;1;33;31785
ABDS;20181217;6;;;;;DET_99_9600_Lin_H2;A99;9,6;;;;;Süd/West;;;1;9916711;38737;39;48,20420642;11,44353423;1;34;31786
ABDS;20181217;6;;;;;DET_99_9763_Sbg_H1;A99;9,763;;;;;Süd/West;;;1;9906724;38698;36;48,2042599;11,44629609;1;33;31456
ABDS;20181217;6;;;;;DET_99_9763_Sbg_H2;A99;9,763;;;;;Süd/West;;;1;9906724;38698;36;48,2042599;11,44629609;1;34;31457
ABDS;20181217;6;;;;;DET_A7_963_419_Fue;A7;963,419;;;;;Süd/West;;;1;719982;2812;110;47,53745141;10,67220017;1;33;29795
ABDS;20181217;6;;;;;DET_A7_964_319_Fue;A7;964,319;;;;;Süd/West;;;1;719990;2812;118;47,52948919;10,68737015;1;33;29796
ABDS;20181217;6;;;;;DET_M3_4500_Dah_H1;A99;4,5;;;;;Nord/Ost;;;1;9908229;38704;5;;;1;1;31772
ABDS;20181217;6;;;;;DET_M3_4500_Mch_H1;A99;4,5;;;;;Süd/West;;;1;9908229;38704;5;;;1;33;31519
ABDS;20181217;6;;;;;DET96_81,520_Lin_H1;A96;81,52;;;;;Süd/West;;;1;9607888;37530;208;48,03780008;10,38089997;1;33;31449
ABDS;20181217;6;;;;;DET96_81,520_Lin_H2;A96;81,52;;;;;Süd/West;;;1;9607888;37530;208;48,03780008;10,38089997;1;34;31450
ABDS;20181217;6;;;;;DET96_81_823_Lin_H1;A96;81,823;;;;;Süd/West;;;1;9617897;37569;233;48,03750001;10,38730003;1;33;31363
ABDS;20181217;6;;;;;DET96_81_823_Lin_H2;A96;81,823;;;;;Süd/West;;;1;9617897;37569;233;48,03750001;10,38730003;1;34;31364
ABDS;20181217;6;;;;;DET96_82_159_Lin_H1;A96;82,159;;;;;Süd/West;;;1;9617908;37569;244;48,03680002;10,39599997;1;33;31367
ABDS;20181217;6;;;;;DET96_82_159_Lin_H2;A96;82,159;;;;;Süd/West;;;1;9617908;37569;244;48,03680002;10,39599997;1;34;31368
ABDS;20181217;6;;;;;DET96_82_172_Mch_H1;A96;82,172;;;;;Nord/Ost;;;1;9617908;37569;244;48,03670006;10,39650006;1;1;31365
ABDS;20181217;6;;;;;DET96_82_172_Mch_H2;A96;82,172;;;;;Nord/Ost;;;1;9617908;37569;244;48,03670006;10,39650006;1;2;31366
ABDS;20181217;6;;;;;DET_99_10170_Lin_H1;A99;10,17;;;;;Nord/Ost;;;1;9916754;38737;82;48,20455617;11,45112682;1;3;31789
ABDS;20181217;6;;;;;DET_99_10170_Lin_H2;A99;10,17;;;;;Nord/Ost;;;1;9916754;38737;82;48,20455617;11,45112682;1;4;31790
ABDS;20181217;6;;;;;DET_99_10170_Stg_A1;A99;10,17;;;;;Nord/Ost;;;1;9916754;38737;82;48,2046083;11,45110825;1;1;31787
ABDS;20181217;6;;;;;DET_99_10170_Stg_A2;A99;10,17;;;;;Nord/Ost;;;1;9916754;38737;82;48,2046083;11,45110825;1;2;31788
ABDS;20181217;6;;;;;DET_99_10220_Sbg_H1;A99;10,22;;;;;Süd/West;;;1;9906757;38698;69;48,20439254;11,45176848;1;33;31458
ABDS;20181217;6;;;;;DET_99_10220_Sbg_H2;A99;10,22;;;;;Süd/West;;;1;9906757;38698;69;48,20439254;11,45176848;1;34;31459
ABDS;20181217;6;;;;;DET_99_10220_Sbg_H3;A99;10,22;;;;;Süd/West;;;1;9906757;38698;69;48,20439254;11,45176848;1;35;31460
ABDS;20181217;6;;;;;DET_99_10220_Sbg_H4;A99;10,22;;;;;Süd/West;;;1;9906757;38698;69;48,20439254;11,45176848;1;36;31461
ABDS;20181217;6;;;;;DET_99_10566_Sbg_H1;A99;10,566;;;;;Nord/Ost;;;1;9906798;38698;110;48,205;11,45639994;1;1;31462
ABDS;20181217;6;;;;;DET_99_10566_Sbg_H2;A99;10,566;;;;;Nord/Ost;;;1;9906798;38698;110;48,205;11,45639994;1;2;31463
ABDS;20181217;6;;;;;DET_99_10566_Sbg_H3;A99;10,566;;;;;Nord/Ost;;;1;9906798;38698;110;48,205;11,45639994;1;3;31464
ABDS;20181217;6;;;;;DET_99_10812_Sbg_H1;A99;10,812;;;;;Nord/Ost;;;1;9906798;38698;110;48,20594889;11,45918001;1;9;31465
ABDS;20181217;6;;;;;DET_99_10812_Sbg_H2;A99;10,812;;;;;Nord/Ost;;;1;9906798;38698;110;48,20594889;11,45918001;1;10;31466
ABDS;20181217;6;;;;;DET_99_10812_Sbg_H3;A99;10,812;;;;;Nord/Ost;;;1;9906798;38698;110;48,20594889;11,45918001;1;11;31467
ABDS;20181217;6;;;;;DET_99_10835_Stg_H1;A99;10,835;;;;;Süd/West;;;1;9916798;38737;126;48,20570005;11,45809998;1;41;31794
ABDS;20181217;6;;;;;DET_99_10835_Stg_H2;A99;10,835;;;;;Süd/West;;;1;9916798;38737;126;48,20570005;11,45809998;1;42;31795
ABDS;20181217;6;;;;;DET_99_10835_Stg_H3;A99;10,835;;;;;Süd/West;;;1;9916798;38737;126;48,20570005;11,45809998;1;43;31796
ABDS;20181217;6;;;;;DET_99_10991_Sbg_H1;A99;10,991;;;;;Nord/Ost;;;1;9906798;38698;110;48,20696622;11,46092562;1;17;31468
ABDS;20181217;6;;;;;DET_99_10991_Sbg_H2;A99;10,991;;;;;Nord/Ost;;;1;9906798;38698;110;48,20696622;11,46092562;1;18;31469
ABDS;20181217;6;;;;;DET_99_10991_Sbg_H3;A99;10,991;;;;;Nord/Ost;;;1;9906798;38698;110;48,20696622;11,46092562;1;19;31470
ABDS;20181217;6;;;;;DET_99_11124_Stg_H1;A99;11,124;;;;;Süd/West;;;1;9916798;38737;126;48,20818326;11,46264647;1;33;31791
ABDS;20181217;6;;;;;DET_99_11124_Stg_H2;A99;11,124;;;;;Süd/West;;;1;9916798;38737;126;48,20818326;11,46264647;1;34;31792
ABDS;20181217;6;;;;;DET_99_11124_Stg_H3;A99;11,124;;;;;Süd/West;;;1;9916798;38737;126;48,20818326;11,46264647;1;35;31793
ABDS;20181217;6;;;;;DET_99_11515_Sbg_H1;A99;11,515;;;;;Süd/West;;;1;9906851;38698;163;48,2094;11,4664;1;33;31453
ABDS;20181217;6;;;;;DET_99_1345_Sbg_H1;A99;1,345;;;;;Nord/Ost;;;1;9916100;38734;196;48,14230001;11,3952;1;1;31649
ABDS;20181217;6;;;;;DET_99_1345_Sbg_H2;A99;1,345;;;;;Nord/Ost;;;1;9916100;38734;196;48,14230001;11,3952;1;2;31650
ABDS;20181217;6;;;;;DET_99_1345_Sbg_H3;A99;1,345;;;;;Nord/Ost;;;1;9916100;38734;196;48,14230001;11,3952;1;3;31651
ABDS;20181217;6;;;;;DET_99_1625_Sbg_H1;A99;1,625;;;;;Nord/Ost;;;1;9916119;38734;215;48,14463317;11,39437528;1;1;31655
ABDS;20181217;6;;;;;DET_99_1625_Sbg_H2;A99;1,625;;;;;Nord/Ost;;;1;9916119;38734;215;48,14463317;11,39437528;1;2;31656
ABDS;20181217;6;;;;;DET_99_1625_Sbg_H3;A99;1,625;;;;;Nord/Ost;;;1;9916119;38734;215;48,14463317;11,39437528;1;3;31657
ABDS;20181217;6;;;;;DET_99_2018_Lin_H1;A99;2,018;;;;;Süd/West;;;1;9906152;38695;232;48,14814571;11,39400535;1;33;31500
ABDS;20181217;6;;;;;DET_99_2018_Lin_H2;A99;2,018;;;;;Süd/West;;;1;9906152;38695;232;48,14814571;11,39400535;1;34;31501
ABDS;20181217;6;;;;;DET_99_2018_Lin_H3;A99;2,018;;;;;Süd/West;;;1;9906152;38695;232;48,14814571;11,39400535;1;35;31502
ABDS;20181217;6;;;;;DET_99_2155_Sbg_H1;A99;2,155;;;;;Nord/Ost;;;1;9916159;38734;255;48,14936211;11,39455677;1;2;31661
ABDS;20181217;6;;;;;DET_99_2155_Sbg_H2;A99;2,155;;;;;Nord/Ost;;;1;9916159;38734;255;48,14936211;11,39455677;1;3;31662
ABDS;20181217;6;;;;;DET_99_2408_Sbg_H1;A99;2,408;;;;;Nord/Ost;;;1;9916176;38735;16;48,15149625;11,39568154;1;1;31684
ABDS;20181217;6;;;;;DET_99_2408_Sbg_H2;A99;2,408;;;;;Nord/Ost;;;1;9916176;38735;16;48,15149625;11,39568154;1;2;31685
ABDS;20181217;6;;;;;DET_99_2408_Sbg_H3;A99;2,408;;;;;Nord/Ost;;;1;9916176;38735;16;48,15149625;11,39568154;1;3;31686
ABDS;20181217;6;;;;;DET_99_2927_Sbg_H1;A99;2,927;;;;;Nord/Ost;;;1;9916215;38735;55;48,15535239;11,39934605;1;1;31687
ABDS;20181217;6;;;;;DET_99_2927_Sbg_H2;A99;2,927;;;;;Nord/Ost;;;1;9916215;38735;55;48,15535239;11,39934605;1;2;31688
ABDS;20181217;6;;;;;DET_99_2927_Sbg_H3;A99;2,927;;;;;Nord/Ost;;;1;9916215;38735;55;48,15535239;11,39934605;1;3;31689
ABDS;20181217;6;;;;;DET_99_2949_Lin_H1;A99;2,949;;;;;Süd/West;;;1;9906221;38696;45;48,15563956;11,39924656;1;33;31734
ABDS;20181217;6;;;;;DET_99_2949_Lin_H2;A99;2,949;;;;;Süd/West;;;1;9906221;38696;45;48,15563956;11,39924656;1;34;31735
ABDS;20181217;6;;;;;DET_99_2949_Lin_H3;A99;2,949;;;;;Süd/West;;;1;9906221;38696;45;48,15563956;11,39924656;1;35;31736
ABDS;20181217;6;;;;;DET_99_3252_Sbg_H1;A99;3,252;;;;;Nord/Ost;;;1;9916272;38735;112;48,15740004;11,40149994;1;1;31690
ABDS;20181217;6;;;;;DET_99_3252_Sbg_H2;A99;3,252;;;;;Nord/Ost;;;1;9916272;38735;112;48,15740004;11,40149994;1;2;31691
ABDS;20181217;6;;;;;DET_99_3252_Sbg_H3;A99;3,252;;;;;Nord/Ost;;;1;9916272;38735;112;48,15740004;11,40149994;1;3;31692
ABDS;20181217;6;;;;;DET_99_3289_Lin_H1;A99;3,289;;;;;Süd/West;;;1;9906272;38696;96;48,15820246;11,40218536;1;39;31743
ABDS;20181217;6;;;;;DET_99_3289_Lin_H3;A99;3,289;;;;;Süd/West;;;1;9906272;38696;96;48,15820246;11,40218536;1;41;31744
ABDS;20181217;6;;;;;DET_99_3434_Sbg_H1;A99;3,434;;;;;Nord/Ost;;;1;9916272;38735;112;48,15880005;11,40320004;1;4;31693
ABDS;20181217;6;;;;;DET_99_3434_Sbg_H2;A99;3,434;;;;;Nord/Ost;;;1;9916272;38735;112;48,15880005;11,40320004;1;5;31694
ABDS;20181217;6;;;;;DET_99_3434_Sbg_H3;A99;3,434;;;;;Nord/Ost;;;1;9916272;38735;112;48,15880005;11,40320004;1;6;31695
ABDS;20181217;6;;;;;DET_99_3455_Lin_H1;A99;3,455;;;;;Süd/West;;;1;9906272;38696;96;48,15930002;11,40350005;1;36;31740
ABDS;20181217;6;;;;;DET_99_3455_Lin_H2;A99;3,455;;;;;Süd/West;;;1;9906272;38696;96;48,15930002;11,40350005;1;37;31741
ABDS;20181217;6;;;;;DET_99_3455_Lin_H3;A99;3,455;;;;;Süd/West;;;1;9906272;38696;96;48,15930002;11,40350005;1;38;31742
ABDS;20181217;6;;;;;DET_99_3681_Sbg_H1;A99;3,681;;;;;Nord/Ost;;;1;9916272;38735;112;48,16060007;11,40529994;1;7;31696
ABDS;20181217;6;;;;;DET_99_3681_Sbg_H3;A99;3,681;;;;;Nord/Ost;;;1;9916272;38735;112;48,16060007;11,40529994;1;9;31697
ABDS;20181217;6;;;;;DET_99_3728_Lin_H1;A99;3,728;;;;;Süd/West;;;1;9906272;38696;96;48,16140005;11,40600006;1;33;31737
ABDS;20181217;6;;;;;DET_99_3728_Lin_H2;A99;3,728;;;;;Süd/West;;;1;9906272;38696;96;48,16140005;11,40600006;1;34;31738
ABDS;20181217;6;;;;;DET_99_3728_Lin_H3;A99;3,728;;;;;Süd/West;;;1;9906272;38696;96;48,16140005;11,40600006;1;35;31739
ABDS;20181217;6;;;;;DET_99_3986_Sbg_H1;A99;3,986;;;;;Nord/Ost;;;1;9916304;38735;144;48,16280007;11,40810006;1;1;31698
ABDS;20181217;6;;;;;DET_99_3986_Sbg_H2;A99;3,986;;;;;Nord/Ost;;;1;9916304;38735;144;48,16280007;11,40810006;1;2;31699
ABDS;20181217;6;;;;;DET_99_3986_Sbg_H3;A99;3,986;;;;;Nord/Ost;;;1;9916304;38735;144;48,16280007;11,40810006;1;3;31700
ABDS;20181217;6;;;;;DET_99_4022_Lin_H1;A99;4,022;;;;;Süd/West;;;1;9906304;38696;128;48,16310004;11,4083;1;36;31748
ABDS;20181217;6;;;;;DET_99_4022_Lin_H2;A99;4,022;;;;;Süd/West;;;1;9906304;38696;128;48,16310004;11,4083;1;37;31749
ABDS;20181217;6;;;;;DET_99_4022_Lin_H3;A99;4,022;;;;;Süd/West;;;1;9906304;38696;128;48,16310004;11,4083;1;38;31750
ABDS;20181217;6;;;;;DET_99_4277_Sbg_H1;A99;4,277;;;;;Nord/Ost;;;1;9916304;38735;144;48,16470002;11,41080006;1;4;31701
ABDS;20181217;6;;;;;DET_99_4277_Sbg_H2;A99;4,277;;;;;Nord/Ost;;;1;9916304;38735;144;48,16470002;11,41080006;1;5;31702
ABDS;20181217;6;;;;;DET_99_4277_Sbg_H3;A99;4,277;;;;;Nord/Ost;;;1;9916304;38735;144;48,16470002;11,41080006;1;6;31703
ABDS;20181217;6;;;;;DET_99_4331_Lin_H1;A99;4,331;;;;;Süd/West;;;1;9906304;38696;128;48,16510009;11,41130001;1;33;31745
ABDS;20181217;6;;;;;DET_99_4331_Lin_H2;A99;4,331;;;;;Süd/West;;;1;9906304;38696;128;48,16510009;11,41130001;1;34;31746
ABDS;20181217;6;;;;;DET_99_4331_Lin_H3;A99;4,331;;;;;Süd/West;;;1;9906304;38696;128;48,16510009;11,41130001;1;35;31747
ABDS;20181217;6;;;;;DET_99_4587_Sbg_H1;A99;4,587;;;;;Nord/Ost;;;1;9916385;38735;225;48,16600004;11,41289998;1;1;31673
ABDS;20181217;6;;;;;DET_99_4587_Sbg_H2;A99;4,587;;;;;Nord/Ost;;;1;9916385;38735;225;48,16600004;11,41289998;1;2;31674
ABDS;20181217;6;;;;;DET_99_4587_Sbg_H3;A99;4,587;;;;;Nord/Ost;;;1;9916385;38735;225;48,16600004;11,41289998;1;3;31675
ABDS;20181217;6;;;;;DET_99_4646_Lin_H1;A99;4,646;;;;;Süd/West;;;1;9906385;38696;209;48,16760002;11,41509999;1;39;31513
ABDS;20181217;6;;;;;DET_99_4646_Lin_H3;A99;4,646;;;;;Süd/West;;;1;9906385;38696;209;48,16760002;11,41509999;1;41;31514
ABDS;20181217;6;;;;;DET_99_4895_Sbg_H1;A99;4,895;;;;;Nord/Ost;;;1;9916385;38735;225;48,16830006;11,41650004;1;4;31676
ABDS;20181217;6;;;;;DET_99_4895_Sbg_H2;A99;4,895;;;;;Nord/Ost;;;1;9916385;38735;225;48,16830006;11,41650004;1;5;31677
ABDS;20181217;6;;;;;DET_99_4895_Sbg_H3;A99;4,895;;;;;Nord/Ost;;;1;9916385;38735;225;48,16830006;11,41650004;1;6;31678
ABDS;20181217;6;;;;;DET_99_4932_Lin_H1;A99;4,932;;;;;Süd/West;;;1;9906385;38696;209;48,16880005;11,41689999;1;36;31510
ABDS;20181217;6;;;;;DET_99_4932_Lin_H2;A99;4,932;;;;;Süd/West;;;1;9906385;38696;209;48,16880005;11,41689999;1;37;31511
ABDS;20181217;6;;;;;DET_99_4932_Lin_H3;A99;4,932;;;;;Süd/West;;;1;9906385;38696;209;48,16880005;11,41689999;1;38;31512
ABDS;20181217;6;;;;;DET_99_5168_Sbg_H1;A99;5,168;;;;;Nord/Ost;;;1;9916385;38735;225;48,16980005;11,41870004;1;7;31679
ABDS;20181217;6;;;;;DET_99_5168_Sbg_H3;A99;5,168;;;;;Nord/Ost;;;1;9916385;38735;225;48,16980005;11,41870004;1;9;31680
ABDS;20181217;6;;;;;DET_99_5182_Lin_H1;A99;5,182;;;;;Süd/West;;;1;9906385;38696;209;48,17000002;11,41879996;1;33;31507
ABDS;20181217;6;;;;;DET_99_5182_Lin_H2;A99;5,182;;;;;Süd/West;;;1;9906385;38696;209;48,17000002;11,41879996;1;34;31508
ABDS;20181217;6;;;;;DET_99_5182_Lin_H3;A99;5,182;;;;;Süd/West;;;1;9906385;38696;209;48,17000002;11,41879996;1;35;31509
ABDS;20181217;6;;;;;DET_8_1000_Stg_H1;A8-West;1;;;;;Süd/West;;;1;805018;3144;154;48,17620005;11,44030005;1;33;29857
ABDS;20181217;6;;;;;DET_8_1000_Stg_H2;A8-West;1;;;;;Süd/West;;;1;805018;3144;154;48,17620005;11,44030005;1;34;29858
ABDS;20181217;6;;;;;DET_8_2380_Mch_H1;A8-West;2,38;;;;;Nord/Ost;;;1;806079;3148;191;;;1;1;29816
ABDS;20181217;6;;;;;DET_8_2380_Mch_H2;A8-West;2,38;;;;;Nord/Ost;;;1;806079;3148;191;;;1;2;29817
ABDS;20181217;6;;;;;DET_8_2380_Stg_H1;A8-West;2,38;;;;;Süd/West;;;1;806079;3148;191;48,18134864;11,43218779;1;33;29818
ABDS;20181217;6;;;;;DET_8_2380_Stg_H2;A8-West;2,38;;;;;Süd/West;;;1;806079;3148;191;48,18134864;11,43218779;1;34;29819
ABDS;20181217;6;;;;;DET_8_3020_Mch_H1;A8-West;3,02;;;;;Nord/Ost;;;1;805056;3144;192;48,18608008;11,42493001;1;1;29838
ABDS;20181217;6;;;;;DET_8_3020_Mch_H2;A8-West;3,02;;;;;Nord/Ost;;;1;805056;3144;192;48,18608008;11,42493001;1;2;29839
ABDS;20181217;6;;;;;DET_8_3020_Stg_H1;A8-West;3,02;;;;;Süd/West;;;1;805056;3144;192;48,18630008;11,42517004;1;33;29840
ABDS;20181217;6;;;;;DET_8_3020_Stg_H2;A8-West;3,02;;;;;Süd/West;;;1;805056;3144;192;48,18630008;11,42517004;1;34;29841
ABDS;20181217;6;;;;;DET_8_4600_Mch_A1;A8-West;4,6;;;;;Nord/Ost;;;1;805085;3144;221;48,19650007;11,40999995;1;1;29842
ABDS;20181217;6;;;;;DET_8_4600_Mch_H1;A8-West;4,6;;;;;Nord/Ost;;;1;805085;3144;221;48,19650007;11,40999995;1;2;29843
ABDS;20181217;6;;;;;DET_8_4600_Mch_H2;A8-West;4,6;;;;;Nord/Ost;;;1;805085;3144;221;48,19650007;11,40999995;1;3;29844
ABDS;20181217;6;;;;;DET_8_4600_Stg_H1;A8-West;4,6;;;;;Süd/West;;;1;805085;3144;221;48,19650007;11,40999995;1;33;29845
ABDS;20181217;6;;;;;DET_8_4600_Stg_H2;A8-West;4,6;;;;;Süd/West;;;1;805085;3144;221;48,19650007;11,40999995;1;34;29846
ABDS;20181217;6;;;;;DET_8_5050_Stg_H1;A8-West;5,05;;;;;Süd/West;;;1;805093;3144;229;48,20190003;11,40139998;1;33;29851
ABDS;20181217;6;;;;;DET_8_5050_Stg_H2;A8-West;5,05;;;;;Süd/West;;;1;805093;3144;229;48,20190003;11,40139998;1;34;29852
ABDS;20181217;6;;;;;DET_8_5863_Stg_H1;A8-West;5,863;;;;;Süd/West;;;1;805108;3144;244;48,20450008;11,39739997;1;33;29853
ABDS;20181217;6;;;;;DET_8_5863_Stg_H2;A8-West;5,863;;;;;Süd/West;;;1;805108;3144;244;48,20450008;11,39739997;1;34;29854
ABDS;20181217;6;;;;;DET_8_6850_Mch_H1;A8-West;6,85;;;;;Nord/Ost;;;1;806231;3149;87;48,2091;11,3895;1;1;29828
ABDS;20181217;6;;;;;DET_8_6850_Mch_H2;A8-West;6,85;;;;;Nord/Ost;;;1;806231;3149;87;48,2091;11,3895;1;2;29829
ABDS;20181217;6;;;;;DET_8_7070_Stg_H1;A8-West;7,07;;;;;Süd/West;;;1;805130;3145;10;48,21050004;11,38749998;1;33;29859
ABDS;20181217;6;;;;;DET_8_7070_Stg_H2;A8-West;7,07;;;;;Süd/West;;;1;805130;3145;10;48,21050004;11,38749998;1;34;29860
ABDS;20181217;6;;;;;DET_8_7070_Stg_H3;A8-West;7,07;;;;;Süd/West;;;1;805130;3145;10;48,21050004;11,38749998;1;35;29861
ABDS;20181217;6;;;;;DET_8_8670_Mch_H1;A8-West;8,67;;;;;Nord/Ost;;;1;805160;3145;40;48,21990008;11,37150002;1;1;29862
ABDS;20181217;6;;;;;DET_8_8670_Mch_H2;A8-West;8,67;;;;;Nord/Ost;;;1;805160;3145;40;48,21990008;11,37150002;1;2;29863
ABDS;20181217;6;;;;;DET_8_8670_Mch_H3;A8-West;8,67;;;;;Nord/Ost;;;1;805160;3145;40;48,21990008;11,37150002;1;3;29864
ABDS;20181217;6;;;;;DET_8_8670_Stg_H1;A8-West;8,67;;;;;Süd/West;;;1;805160;3145;40;48,21990008;11,37150002;1;33;29865
ABDS;20181217;6;;;;;DET_8_8670_Stg_H2;A8-West;8,67;;;;;Süd/West;;;1;805160;3145;40;48,21990008;11,37150002;1;34;29866
ABDS;20181217;6;;;;;DET_8_8670_Stg_H3;A8-West;8,67;;;;;Süd/West;;;1;805160;3145;40;48,21990008;11,37150002;1;35;29867
ABDS;20181217;6;;;;;DET_8_9963_Stg_H1;A8-West;9,963;;;;;Süd/West;;;1;805184;3145;64;48,22770005;11,3583;1;33;29868
ABDS;20181217;6;;;;;DET_8_9963_Stg_H2;A8-West;9,963;;;;;Süd/West;;;1;805184;3145;64;48,22770005;11,3583;1;34;29869
ABDS;20181217;6;;;;;DET_8_9963_Stg_H3;A8-West;9,963;;;;;Süd/West;;;1;805184;3145;64;48,22770005;11,3583;1;35;29870
ABDS;20181217;6;;;;;DET_99_270_Lin_H1;A99;0,27;;;;;Süd/West;;;1;9916050;38734;146;48,13304318;11,39988993;1;33;31670
ABDS;20181217;6;;;;;DET_99_270_Lin_H2;A99;0,27;;;;;Süd/West;;;1;9916050;38734;146;48,13304318;11,39988993;1;34;31671
ABDS;20181217;6;;;;;DET_99_270_Lin_H3;A99;0,27;;;;;Süd/West;;;1;9916050;38734;146;48,13304318;11,39988993;1;35;31672
ABDS;20181217;6;;;;;DET_99_730_Sbg_H1;A99;0,73;;;;;Nord/Ost;;;1;9916050;38734;146;48,13709661;11,39796685;1;1;31667
ABDS;20181217;6;;;;;DET_99_730_Sbg_H2;A99;0,73;;;;;Nord/Ost;;;1;9916050;38734;146;48,13709661;11,39796685;1;2;31668
ABDS;20181217;6;;;;;DET_99_730_Sbg_H3;A99;0,73;;;;;Nord/Ost;;;1;9916050;38734;146;48,13709661;11,39796685;1;3;31669
ABDS;20181217;6;;;;;DET_99_924_Lin_H1;A99;0,924;;;;;Süd/West;;;1;9906069;38695;149;48,13860888;11,39685001;1;97;31506
ABDS;20181217;6;;;;;DET_99_924_Lin_H2;A99;0,924;;;;;Süd/West;;;1;9906069;38695;149;48,13860888;11,39685001;1;33;31504
ABDS;20181217;6;;;;;DET_99_924_Lin_H3;A99;0,924;;;;;Süd/West;;;1;9906069;38695;149;48,13860888;11,39685001;1;34;31505
ABDS;20181217;6;;;;;DET9-99-A10-Sbg_A1;A9;23,37;;;;;Süd/West;;;1;9907729;38702;17;48,22851479;11,63186721;1;105;31173
ABDS;20181217;6;;;;;DET9-99-A10-Sbg_A2;A9;23,37;;;;;Süd/West;;;1;9907729;38702;17;48,22851479;11,63186721;1;106;31174
ABDS;20181217;6;;;;;DET9-99-A20-Sbg_E1;A99;25,25;;;;;Süd/West;;;1;9907868;38702;156;48,21526482;11,63881779;1;169;31179
ABDS;20181217;6;;;;;DET9-99-A20-Sbg_E2;A99;25,25;;;;;Süd/West;;;1;9907868;38702;156;48,21526482;11,63881779;1;170;31180
ABDS;20181217;6;;;;;DET99-9-B10-Stg_A1;A99;24,705;;;;;Nord/Ost;;;1;9917842;38741;146;48,21899802;11,63441074;1;65;31848
ABDS;20181217;6;;;;;DET99-9-B10-Stg_A2;A99;24,705;;;;;Nord/Ost;;;1;9917842;38741;146;48,21899802;11,63441074;1;66;31849
ABDS;20181217;6;;;;;DETWWQ11-Pas-ASTAU;A94;4,26;;;;;Nord/Ost;;;1;9406097;36742;145;48,13760006;11,68229998;1;67;31099
ABDS;20181217;6;;;;;DET_8_10880_Stg_H1;A8-West;10,88;;;;;Süd/West;;;1;805201;3145;81;48,23410006;11,3477;1;33;29871
ABDS;20181217;6;;;;;DET_8_10880_Stg_H2;A8-West;10,88;;;;;Süd/West;;;1;805201;3145;81;48,23410006;11,3477;1;34;29872
ABDS;20181217;6;;;;;DET_8_10880_Stg_H3;A8-West;10,88;;;;;Süd/West;;;1;805201;3145;81;48,23410006;11,3477;1;35;29873
ABDS;20181217;6;;;;;DET_8_11270_Stg_H1;A8-West;11,27;;;;;Süd/West;;;1;805208;3145;88;48,23770005;11,34079994;1;33;29876
ABDS;20181217;6;;;;;DET_8_11270_Stg_H2;A8-West;11,27;;;;;Süd/West;;;1;805208;3145;88;48,23770005;11,34079994;1;34;29877
ABDS;20181217;6;;;;;DET_8_11270_Stg_H3;A8-West;11,27;;;;;Süd/West;;;1;805208;3145;88;48,23770005;11,34079994;1;35;29878
ABDS;20181217;6;;;;;DET_8_11700_Mch_H1;A8-West;11,7;;;;;Nord/Ost;;;1;805216;3145;96;48,24000005;11,33589994;1;1;29879
ABDS;20181217;6;;;;;DET_8_11700_Mch_H2;A8-West;11,7;;;;;Nord/Ost;;;1;805216;3145;96;48,24000005;11,33589994;1;2;29671
ABDS;20181217;6;;;;;DET_8_11700_Mch_H3;A8-West;11,7;;;;;Nord/Ost;;;1;805216;3145;96;48,24000005;11,33589994;1;3;29672
ABDS;20181217;6;;;;;DET_8_11700_Stg_H1;A8-West;11,7;;;;;Süd/West;;;1;805216;3145;96;48,24000005;11,33589994;1;33;29673
ABDS;20181217;6;;;;;DET_8_11700_Stg_H2;A8-West;11,7;;;;;Süd/West;;;1;805216;3145;96;48,24000005;11,33589994;1;34;29674
ABDS;20181217;6;;;;;DET_8_11700_Stg_H3;A8-West;11,7;;;;;Süd/West;;;1;805216;3145;96;48,24000005;11,33589994;1;35;29675
ABDS;20181217;6;;;;;DET_99_1345_Lin_H1;A99;1,345;;;;;Süd/West;;;1;9916100;38734;196;48,14220003;11,39500002;1;33;31652
ABDS;20181217;6;;;;;DET_99_1345_Lin_H2;A99;1,345;;;;;Süd/West;;;1;9916100;38734;196;48,14220003;11,39500002;1;34;31653
ABDS;20181217;6;;;;;DET_99_1345_Lin_H3;A99;1,345;;;;;Süd/West;;;1;9916100;38734;196;48,14220003;11,39500002;1;35;31654
ABDS;20181217;6;;;;;DETWWQ02B-Mch-A2;A94;6,394;;;;;Süd/West;;;1;9416144;36781;208;48,14230002;11,71110002;1;98;30991
ABDS;20181217;6;;;;;DETWWQ02B-Mch-E1;A94;6,293;;;;;Süd/West;;;1;9416144;36781;208;48,14222807;11,7099184;1;161;30992
ABDS;20181217;6;;;;;DETWWQ114-Pas-H1;A94;6,5;;;;;Nord/Ost;;;1;9406144;36742;192;48,14186549;11,71240556;1;1;31060
ABDS;20181217;6;;;;;DETWWQ114-Pas-H2;A94;6,5;;;;;Nord/Ost;;;1;9406144;36742;192;48,14186549;11,71240556;1;2;31061
ABDS;20181217;6;;;;;DETWWQ201-Mch-H1;A94;7,015;;;;;Süd/West;;;1;9416160;36781;224;48,14205514;11,7198421;1;33;30995
ABDS;20181217;6;;;;;DETWWQ202-Mch-A1;A94;6,64;;;;;Süd/West;;;1;9416152;36781;216;48,14200685;11,71470858;1;97;30993
ABDS;20181217;6;;;;;DETWWQ202-Mch-A2;A94;6,64;;;;;Süd/West;;;1;9416152;36781;216;48,14200685;11,71470858;1;98;30994
ABDS;20181217;6;;;;;DET_9-160_Nbg_A1;A9;1,25;;;;;Nord/Ost;;;1;9031527;35279;103;48,22340005;11,62690004;1;81;31233
ABDS;20181217;6;;;;;DET_9-160_Nbg_A2;A9;1,25;;;;;Nord/Ost;;;1;9031527;35279;103;48,22340005;11,62690004;1;82;31234
ABDS;20181217;6;;;;;DET_VE101_Mch_H2;B2-Süd München;91,92;;;;;Nord/Ost;;;1;9519670;37186;54;47,51528142;11,10914404;1;10;31309
ABDS;20181217;6;;;;;DET_VE102_Mch_H1;B2-Süd München;91,92;;;;;Nord/Ost;;;1;9519670;37186;54;47,51528142;11,10914404;1;9;31308
ABDS;20181217;6;;;;;DET_VE103_Mch_H2;B2-Süd München;91,718;;;;;Nord/Ost;;;1;9519670;37186;54;47,51607125;11,11198002;1;2;31307
ABDS;20181217;6;;;;;DET_VE104_Mch_H1;B2-Süd München;91,718;;;;;Nord/Ost;;;1;9519670;37186;54;47,51607125;11,11198002;1;1;31306
ABDS;20181217;6;;;;;DET_VE105_Mch_H2;B2-Süd München;90,527;;;;;Nord/Ost;;;1;9519616;37186;0;47,52422889;11,12302001;1;2;31295
ABDS;20181217;6;;;;;DET_VE106_Mch_H1;B2-Süd München;90,527;;;;;Nord/Ost;;;1;9519616;37186;0;47,52422889;11,12302001;1;1;31294
ABDS;20181217;6;;;;;DET_VE107_Mch_H2;B2-Süd München;90,054;;;;;Nord/Ost;;;1;9519570;37185;210;47,53832819;11,1180564;1;18;31277
ABDS;20181217;6;;;;;DET_VE108_Mch_H1;B2-Süd München;90,054;;;;;Nord/Ost;;;1;9519570;37185;210;47,53832819;11,1180564;1;17;31276
ABDS;20181217;6;;;;;DET_VE109_Mch_H2;B2-Süd München;89;;;;;Nord/Ost;;;1;9519570;37185;210;47,53222469;11,12111453;1;10;31275
ABDS;20181217;6;;;;;DET_VE110_Mch_H1;B2-Süd München;89;;;;;Nord/Ost;;;1;9519570;37185;210;47,53222469;11,12111453;1;9;31274
ABDS;20181217;6;;;;;DET_VE111_Mch_E1;B2-Süd München;91,92;;;;;Nord/Ost;;;1;9519670;37186;54;47,51507753;11,10919548;1;129;31315
ABDS;20181217;6;;;;;DET_VE111_Mch_H2;B2-Süd München;88,75;;;;;Nord/Ost;;;1;9519570;37185;210;47,53577496;11,11860831;1;2;31273
ABDS;20181217;6;;;;;DET_VE112_Mch_H1;B2-Süd München;88,75;;;;;Nord/Ost;;;1;9519570;37185;210;47,53577496;11,11860831;1;1;31272
ABDS;20181217;6;;;;;DET_VE121_Mch_H2;B2-Süd München;90,127;;;;;Nord/Ost;;;1;9519591;37185;231;47,52592889;11,12349;1;10;31285
ABDS;20181217;6;;;;;DET_VE122_Mch_H1;B2-Süd München;90,127;;;;;Nord/Ost;;;1;9519591;37185;231;47,52592889;11,12349;1;9;31284
ABDS;20181217;6;;;;;DET_VE123_Mch_H2;B2-Süd München;89,407;;;;;Nord/Ost;;;1;9519591;37185;231;47,53027337;11,12230665;1;2;31283
ABDS;20181217;6;;;;;DET_VE124_Mch_H1;B2-Süd München;89,407;;;;;Nord/Ost;;;1;9519591;37185;231;47,53027337;11,12230665;1;1;31282
ABDS;20181217;6;;;;;DET_VE161_Mch_H2;B2-Süd München;91,338;;;;;Nord/Ost;;;1;9519640;37186;24;47,51798462;11,11719129;1;10;31301
ABDS;20181217;6;;;;;DET_VE162_Mch_H1;B2-Süd München;91,338;;;;;Nord/Ost;;;1;9519640;37186;24;47,51798462;11,11719129;1;9;31300
ABDS;20181217;6;;;;;DET_VE163_Mch_H2;B2-Süd München;90,927;;;;;Nord/Ost;;;1;9519640;37186;24;47,51977889;11,11972001;1;2;31299
ABDS;20181217;6;;;;;DET_VE164_Mch_H1;B2-Süd München;90,927;;;;;Nord/Ost;;;1;9519640;37186;24;47,51977889;11,11972001;1;1;31298
ABDS;20181217;6;;;;;DET_VE201_Gap_H2;B2-Süd Garmisch;89;;;;;Süd/West;;;1;9519570;37185;210;47,5358435;11,11877274;1;34;31279
ABDS;20181217;6;;;;;DET_VE202_Gap_H1;B2-Süd Garmisch;89;;;;;Süd/West;;;1;9519570;37185;210;47,5358435;11,11877274;1;33;31278
ABDS;20181217;6;;;;;DET_VE203_Gap_H2;B2-Süd Garmisch;89,36;;;;;Süd/West;;;1;9519570;37185;210;47,53234304;11,12165229;1;42;31281
ABDS;20181217;6;;;;;DET_VE204_Gap_H1;B2-Süd Garmisch;89,36;;;;;Süd/West;;;1;9519570;37185;210;47,53234304;11,12165229;1;41;31280
ABDS;20181217;6;;;;;DET_VE205_Gap_H2;B2-Süd Garmisch;90,411;;;;;Süd/West;;;1;9519616;37186;0;47,52439888;11,12252;1;34;31297
ABDS;20181217;6;;;;;DET_VE206_Gap_H1;B2-Süd Garmisch;90,411;;;;;Süd/West;;;1;9519616;37186;0;47,52439888;11,12252;1;33;31296
ABDS;20181217;6;;;;;DET_VE207_Gap_H2;B2-Süd Garmisch;91,92;;;;;Süd/West;;;1;9519670;37186;54;47,51998889;11,1193;1;34;31311
ABDS;20181217;6;;;;;DET_VE208_Gap_H1;B2-Süd Garmisch;91,92;;;;;Süd/West;;;1;9519670;37186;54;47,51998889;11,1193;1;33;31310
ABDS;20181217;6;;;;;DET_VE209_Gap_H1;B2-Süd Garmisch;91,591;;;;;Süd/West;;;1;9519670;37186;54;47,51592382;11,11038325;1;41;31312
ABDS;20181217;6;;;;;DET_VE210_Gap_H2;B2-Süd Garmisch;91,591;;;;;Süd/West;;;1;9519670;37186;54;47,51592382;11,11038325;1;42;31313
ABDS;20181217;6;;;;;DET_VE211_Gap_A1;B2-Süd Garmisch;91,591;;;;;Süd/West;;;1;9519670;37186;54;47,51601057;11,11035725;1;97;31314
ABDS;20181217;6;;;;;DET_VE221_Gap_H2;B2-Süd Garmisch;89,682;;;;;Süd/West;;;1;9519591;37185;231;47,53577496;11,11860831;1;34;31289
ABDS;20181217;6;;;;;DET_VE222_Gap_H1;B2-Süd Garmisch;89,682;;;;;Süd/West;;;1;9519591;37185;231;47,53577496;11,11860831;1;33;31288
ABDS;20181217;6;;;;;DET_VE223_Gap_H2;B2-Süd München;89,36;;;;;Nord/Ost;;;1;9519591;37185;231;47,53059888;11,12270001;1;18;31287
ABDS;20181217;6;;;;;DET_VE224_Gap_H1;B2-Süd München;89,36;;;;;Nord/Ost;;;1;9519591;37185;231;47,53059888;11,12270001;1;17;31286
ABDS;20181217;6;;;;;DET_VE261_Gap_H2;B2-Süd Garmisch;90,791;;;;;Süd/West;;;1;9519640;37186;24;47,52217369;11,12130274;1;34;31303
ABDS;20181217;6;;;;;DET_VE262_Gap_H1;B2-Süd Garmisch;90,791;;;;;Süd/West;;;1;9519640;37186;24;47,52217369;11,12130274;1;33;31302
ABDS;20181217;6;;;;;DET_VE263_Gap_H2;B2-Süd Garmisch;91,2;;;;;Süd/West;;;1;9519640;37186;24;47,51834722;11,11682711;1;42;31305
ABDS;20181217;6;;;;;DET_VE264_Gap_H1;B2-Süd Garmisch;91,2;;;;;Süd/West;;;1;9519640;37186;24;47,51834722;11,11682711;1;41;31304
ABDS;20181217;6;;;;;DET2082-10-Sbg_H1;St2082;13,655;;;;;Süd/West;;;1;9908572;38705;92;48,11660007;11,74310003;1;233;31554
ABDS;20181217;6;;;;;DET2082-10-Sbg_H2;St2082;13,655;;;;;Süd/West;;;1;9908572;38705;92;48,11660007;11,74310003;1;234;31555
ABDS;20181217;6;;;;;DET2082-10-Stg_H1;St2082;13,655;;;;;Nord/Ost;;;1;9908572;38705;92;48,11650006;11,74309999;1;225;31552
ABDS;20181217;6;;;;;DET2082-10-Stg_H2;St2082;13,655;;;;;Nord/Ost;;;1;9908572;38705;92;48,11650006;11,74309999;1;226;31553
ABDS;20181217;6;;;;;DET2082-20-Sbg_H1;St2082;13,371;;;;;Süd/West;;;1;9908572;38705;92;48,11920007;11,7429;1;41;31549
ABDS;20181217;6;;;;;DET2082-20-Stg_H1;St2082;13,371;;;;;Nord/Ost;;;1;9908572;38705;92;48,11920007;11,7429;1;9;31544
ABDS;20181217;6;;;;;DET2082-40-Sbg_H1;St2082;10,052;;;;;Süd/West;;;1;11008667;43002;155;48,14910003;11,70719996;1;233;29809
ABDS;20181217;6;;;;;DET2082-40-Stg_H1;St2082;10,052;;;;;Nord/Ost;;;1;11008667;43002;155;48,14870002;11,70709996;1;225;29808
ABDS;20181217;6;;;;;DET9-600-2-Mch_H1;A9;512,35;;;;;Süd/West;;;1;9130930;35667;178;48,31940004;11,61900004;1;33;30603
ABDS;20181217;6;;;;;DET9-600-2-Mch_H2;A9;512,35;;;;;Süd/West;;;1;9130930;35667;178;48,31940004;11,61900004;1;34;30604
ABDS;20181217;6;;;;;DET9-600-2-Mch_H3;A9;512,35;;;;;Süd/West;;;1;9130930;35667;178;48,31940004;11,61900004;1;35;30605
ABDS;20181217;6;;;;;DET99-810a-Stg_E1;A99;23,06;;;;;Nord/Ost;;;1;9917710;38741;14;48,2266766;11,61488301;1;129;31839
ABDS;20181217;6;;;;;DET99-810a-Stg_E2;A99;23,06;;;;;Nord/Ost;;;1;9917710;38741;14;48,2266766;11,61488301;1;130;31840
ABDS;20181217;6;;;;;DET_8_1000_Mch_H1;A8-West;1;;;;;Nord/Ost;;;1;805018;3144;154;48,17620005;11,44030005;1;1;29855
ABDS;20181217;6;;;;;DET_8_1000_Mch_H2;A8-West;1;;;;;Nord/Ost;;;1;805018;3144;154;48,17620005;11,44030005;1;2;29856
ABDS;20181217;6;;;;;DET99-740-Stg_H4;A99;31,966;;;;;Nord/Ost;;;1;9918368;38743;160;48,18636574;11,71645791;1;4;31865
ABDS;20181217;6;;;;;DET99-750-Stg_H1;A99;30,3;;;;;Nord/Ost;;;1;9918242;38743;34;48,19260003;11,69619995;1;1;31870
ABDS;20181217;6;;;;;DET99-750-Stg_H2;A99;30,3;;;;;Nord/Ost;;;1;9918242;38743;34;48,19260003;11,69619995;1;2;31871
ABDS;20181217;6;;;;;DET99-750-Stg_H3;A99;30,3;;;;;Nord/Ost;;;1;9918242;38743;34;48,19260003;11,69619995;1;3;31872
ABDS;20181217;6;;;;;DET99-750-Stg_H4;A99;30,3;;;;;Nord/Ost;;;1;9918242;38743;34;48,19260003;11,69619995;1;4;31873
ABDS;20181217;6;;;;;DET99-760-Stg_H1;A99;28,27;;;;;Nord/Ost;;;1;9918096;38742;144;48,19891552;11,67097352;1;1;31858
ABDS;20181217;6;;;;;DET99-760-Stg_H2;A99;28,27;;;;;Nord/Ost;;;1;9918096;38742;144;48,19891552;11,67097352;1;2;31859
ABDS;20181217;6;;;;;DET99-760-Stg_H3;A99;28,27;;;;;Nord/Ost;;;1;9918096;38742;144;48,19891552;11,67097352;1;3;31860
ABDS;20181217;6;;;;;DET99-760-Stg_H4;A99;28,27;;;;;Nord/Ost;;;1;9918096;38742;144;48,19891552;11,67097352;1;4;31861
ABDS;20181217;6;;;;;DET99-772-Stg_H1;A99;26,55;;;;;Nord/Ost;;;1;9917967;38742;15;48,20742428;11,65148271;1;1;31854
ABDS;20181217;6;;;;;DET99-772-Stg_H2;A99;26,55;;;;;Nord/Ost;;;1;9917967;38742;15;48,20742428;11,65148271;1;2;31855
ABDS;20181217;6;;;;;DET99-772-Stg_H3;A99;26,55;;;;;Nord/Ost;;;1;9917967;38742;15;48,20742428;11,65148271;1;3;31856
ABDS;20181217;6;;;;;DET99-772-Stg_H4;A99;26,55;;;;;Nord/Ost;;;1;9917967;38742;15;48,20742428;11,65148271;1;4;31857
ABDS;20181217;6;;;;;DET99-780-Stg_H1;A99;25,39;;;;;Nord/Ost;;;1;9917883;38741;187;48,21465207;11,64072571;1;1;31835
ABDS;20181217;6;;;;;DET99-780-Stg_H2;A99;25,39;;;;;Nord/Ost;;;1;9917883;38741;187;48,21465207;11,64072571;1;2;31836
ABDS;20181217;6;;;;;DET99-780-Stg_H3;A99;25,39;;;;;Nord/Ost;;;1;9917883;38741;187;48,21465207;11,64072571;1;3;31837
ABDS;20181217;6;;;;;DET99-780-Stg_H4;A99;25,39;;;;;Nord/Ost;;;1;9917883;38741;187;48,21465207;11,64072571;1;4;31838
ABDS;20181217;6;;;;;DET99-786-Stg_H1;A99;24,67;;;;;Nord/Ost;;;1;9917842;38741;146;48,21817264;11,63513396;1;1;31846
ABDS;20181217;6;;;;;DET99-786-Stg_H2;A99;24,67;;;;;Nord/Ost;;;1;9917842;38741;146;48,21817264;11,63513396;1;2;31847
ABDS;20181217;6;;;;;DET99-800-Stg_H1;A99;24,045;;;;;Nord/Ost;;;1;9917783;38741;87;48,22225627;11,62698659;1;1;31844
ABDS;20181217;6;;;;;DET99-800-Stg_H2;A99;24,045;;;;;Nord/Ost;;;1;9917783;38741;87;48,22225627;11,62698659;1;2;31845
ABDS;20181217;6;;;;;DET99-810-Stg_H1;A99;23,135;;;;;Nord/Ost;;;1;9917716;38741;20;48,22610416;11,61589009;1;1;31841
ABDS;20181217;6;;;;;DET99-810-Stg_H2;A99;23,135;;;;;Nord/Ost;;;1;9917716;38741;20;48,22610416;11,61589009;1;2;31842
ABDS;20181217;6;;;;;DET99-810-Stg_H3;A99;23,135;;;;;Nord/Ost;;;1;9917716;38741;20;48,22610416;11,61589009;1;3;31843
ABDS;20181217;6;;;;;DET99-811-Stg_H1;A99;22,02;;;;;Nord/Ost;;;1;9917633;38740;193;48,22860003;11,60140002;1;1;31823
ABDS;20181217;6;;;;;DET99-811-Stg_H2;A99;22,02;;;;;Nord/Ost;;;1;9917633;38740;193;48,22860003;11,60140002;1;2;31824
ABDS;20181217;6;;;;;DET99-811-Stg_H3;A99;22,02;;;;;Nord/Ost;;;1;9917633;38740;193;48,22860003;11,60140002;1;3;31825
ABDS;20181217;6;;;;;DET99-811-Stg_H4;A99;22,02;;;;;Nord/Ost;;;1;9917633;38740;193;48,22860003;11,60140002;1;4;31826
ABDS;20181217;6;;;;;DET99-811-Stg_H5;A99;22,02;;;;;Nord/Ost;;;1;9917633;38740;193;48,22860003;11,60140002;1;5;31827
ABDS;20181217;6;;;;;DET99-818-Stg_A1;A99;21,02;;;;;Nord/Ost;;;1;9917557;38740;117;48,22900001;11,58839998;1;65;31832
ABDS;20181217;6;;;;;DET99-818-Stg_A2;A99;21,02;;;;;Nord/Ost;;;1;9917557;38740;117;48,22900001;11,58839998;1;66;31833
ABDS;20181217;6;;;;;DET99-818-Stg_E1;A99;21,02;;;;;Nord/Ost;;;1;9917557;38740;117;48,22890002;11,58750004;1;129;31834
ABDS;20181217;6;;;;;DET99-820-Stg_H1;A99;20,631;;;;;Nord/Ost;;;1;9917530;38740;90;48,22840006;11,58269997;1;1;31828
ABDS;20181217;6;;;;;DET99-820-Stg_H2;A99;20,631;;;;;Nord/Ost;;;1;9917530;38740;90;48,22840006;11,58269997;1;2;31829
ABDS;20181217;6;;;;;DET99-820-Stg_H3;A99;20,631;;;;;Nord/Ost;;;1;9917530;38740;90;48,22840006;11,58269997;1;3;31830
ABDS;20181217;6;;;;;DET99-820-Stg_H4;A99;20,631;;;;;Nord/Ost;;;1;9917530;38740;90;48,22840006;11,58269997;1;4;31831
ABDS;20181217;6;;;;;DET99-830-Stg_H1;A99;19,26;;;;;Nord/Ost;;;1;9917420;38739;236;48,22695753;11,56299805;1;1;31814
ABDS;20181217;6;;;;;DET99-830-Stg_H2;A99;19,26;;;;;Nord/Ost;;;1;9917420;38739;236;48,22695753;11,56299805;1;2;31815
ABDS;20181217;6;;;;;DET99-830-Stg_H3;A99;19,26;;;;;Nord/Ost;;;1;9917420;38739;236;48,22695753;11,56299805;1;3;31816
ABDS;20181217;6;;;;;DET99-840-Stg_H1;A99;17,925;;;;;Nord/Ost;;;1;9917330;38739;146;48,22654828;11,54646856;1;1;31820
ABDS;20181217;6;;;;;DET99-840-Stg_H2;A99;17,925;;;;;Nord/Ost;;;1;9917330;38739;146;48,22654828;11,54646856;1;2;31821
ABDS;20181217;6;;;;;DET99-840-Stg_H3;A99;17,925;;;;;Nord/Ost;;;1;9917330;38739;146;48,22654828;11,54646856;1;3;31822
ABDS;20181217;6;;;;;DET99-845-Stg_H1;A99;0,523;;;;;Nord/Ost;;;1;9916036;38734;132;48,22690889;11,54701;1;1;31665
ABDS;20181217;6;;;;;DET99-845-Stg_H2;A99;0,523;;;;;Nord/Ost;;;1;9916036;38734;132;48,22690889;11,54701;1;2;31666
ABDS;20181217;6;;;;;DET99-860-Stg_H1;A99;16;;;;;Nord/Ost;;;1;9917185;38739;1;48,22272993;11,52122394;1;1;31817
ABDS;20181217;6;;;;;DET99-860-Stg_H2;A99;16;;;;;Nord/Ost;;;1;9917185;38739;1;48,22272993;11,52122394;1;2;31818
ABDS;20181217;6;;;;;DET99-860-Stg_H3;A99;16;;;;;Nord/Ost;;;1;9917185;38739;1;48,22272993;11,52122394;1;3;31819
ABDS;20181217;6;;;;;DETAQ115A-Pas-H1;A94;6,19;;;;;Nord/Ost;;;1;9406140;36742;188;48,14201521;11,70854371;1;1;31050
ABDS;20181217;6;;;;;DETAQ115A-Pas-H2;A94;6,19;;;;;Nord/Ost;;;1;9406140;36742;188;48,14201521;11,70854371;1;2;31051
ABDS;20181217;6;;;;;DETAQ115C-Pas-H1;A94;6,91;;;;;Nord/Ost;;;1;9406156;36742;204;48,14183927;11,7181652;1;1;31057
ABDS;20181217;6;;;;;DETAQ115C-Pas-H2;A94;6,91;;;;;Nord/Ost;;;1;9406156;36742;204;48,14183927;11,7181652;1;2;31058
ABDS;20181217;6;;;;;DETAQ115C-Pas-H3;A94;6,91;;;;;Nord/Ost;;;1;9406156;36742;204;48,14183927;11,7181652;1;3;31059
ABDS;20181217;6;;;;;DETAQ117a-Pas-A1;A94;8,55;;;;;Nord/Ost;;;1;9406200;36742;248;48,14270005;11,74049995;1;65;31069
ABDS;20181217;6;;;;;DETAQ202B-Mch-A1;A94;10,07;;;;;Süd/West;;;1;9416229;36782;37;48,14290002;11,76080006;1;97;31019
ABDS;20181217;6;;;;;DETAQ202B-Mch-H1;A94;10,07;;;;;Süd/West;;;1;9416229;36782;37;48,14270006;11,761;1;33;31018
ABDS;20181217;6;;;;;DETAQ204A-Mch-H1;A94;9,68;;;;;Süd/West;;;1;9418749;36791;253;48,1429258;11,7557294;1;33;31034
ABDS;20181217;6;;;;;DETAQ204B-Mch-A1;A94;9,68;;;;;Süd/West;;;1;9418749;36791;253;48,14330005;11,76019997;1;97;31035
ABDS;20181217;6;;;;;DETB30a_Mch_APT1;A8-Ost;9,25;;;;;Süd/West;;;1;817073;3191;177;48,02870005;11,66269996;1;33;30187
ABDS;20181217;6;;;;;DETB30a_Mch_APT2;A8-Ost;9,25;;;;;Süd/West;;;1;817073;3191;177;48,02870005;11,66269996;1;34;30188
ABDS;20181217;6;;;;;DETMQ112A-Pas-H1;A94;9,4;;;;;Nord/Ost;;;1;9406214;36743;6;48,14280002;11,75199997;1;1;30936
ABDS;20181217;6;;;;;DETMQ112A-Pas-H2;A94;9,4;;;;;Nord/Ost;;;1;9406214;36743;6;48,14280002;11,75199997;1;2;30937
ABDS;20181217;6;;;;;DETMQ112B-Pas-H1;A94;9,49;;;;;Nord/Ost;;;1;9406214;36743;6;48,14274274;11,75199256;1;65;30938
ABDS;20181217;6;;;;;DETMQ112B-Pas-H2;A94;9,49;;;;;Nord/Ost;;;1;9406214;36743;6;48,14274274;11,75199256;1;66;30939
ABDS;20181217;6;;;;;DETWWQ02B-Mch-A1;A94;6,394;;;;;Süd/West;;;1;9416144;36781;208;48,14230002;11,71110002;1;97;30990
ABDS;20181217;6;;;;;DET99-532-Stg_H2;A99;49,14;;;;;Nord/Ost;;;1;9919642;38748;154;48,05581759;11,69556372;1;2;31568
ABDS;20181217;6;;;;;DET99-532-Stg_H3;A99;49,14;;;;;Nord/Ost;;;1;9919642;38748;154;48,05581759;11,69556372;1;3;31569
ABDS;20181217;6;;;;;DET99-535-Stg_A1;A99;48,15;;;;;Nord/Ost;;;1;9919567;38748;79;48,06100006;11,70569997;1;65;31565
ABDS;20181217;6;;;;;DET99-535-Stg_E1;A99;48,15;;;;;Nord/Ost;;;1;9919567;38748;79;48,06150007;11,70649995;1;129;31566
ABDS;20181217;6;;;;;DET99-540-Stg_H1;A99;47,805;;;;;Nord/Ost;;;1;9919543;38748;55;48,06319653;11,70985736;1;1;31562
ABDS;20181217;6;;;;;DET99-540-Stg_H2;A99;47,805;;;;;Nord/Ost;;;1;9919543;38748;55;48,06319653;11,70985736;1;2;31563
ABDS;20181217;6;;;;;DET99-540-Stg_H3;A99;47,805;;;;;Nord/Ost;;;1;9919543;38748;55;48,06319653;11,70985736;1;3;31564
ABDS;20181217;6;;;;;DET99-550-Stg_H1;A99;45,976;;;;;Nord/Ost;;;1;9919408;38747;176;48,07394129;11,7282095;1;1;31720
ABDS;20181217;6;;;;;DET99-550-Stg_H2;A99;45,976;;;;;Nord/Ost;;;1;9919408;38747;176;48,07394129;11,7282095;1;2;31721
ABDS;20181217;6;;;;;DET99-550-Stg_H3;A99;45,976;;;;;Nord/Ost;;;1;9919408;38747;176;48,07394129;11,7282095;1;3;31722
ABDS;20181217;6;;;;;DET99-560-Stg_H1;A99;44,847;;;;;Nord/Ost;;;1;9919321;38747;89;48,08204848;11,73777124;1;1;31723
ABDS;20181217;6;;;;;DET99-560-Stg_H2;A99;44,847;;;;;Nord/Ost;;;1;9919321;38747;89;48,08204848;11,73777124;1;2;31724
ABDS;20181217;6;;;;;DET99-560-Stg_H3;A99;44,847;;;;;Nord/Ost;;;1;9919321;38747;89;48,08204848;11,73777124;1;3;31725
ABDS;20181217;6;;;;;DET99-580-Stg_H1;A99;43,25;;;;;Nord/Ost;;;1;9919206;38746;230;48,09454146;11,74803953;1;1;31704
ABDS;20181217;6;;;;;DET99-580-Stg_H2;A99;43,25;;;;;Nord/Ost;;;1;9919206;38746;230;48,09454146;11,74803953;1;2;31705
ABDS;20181217;6;;;;;DET99-580-Stg_H3;A99;43,25;;;;;Nord/Ost;;;1;9919206;38746;230;48,09454146;11,74803953;1;3;31706
ABDS;20181217;6;;;;;DET99-590-Stg_H1;A99;41,57;;;;;Nord/Ost;;;1;9919081;38746;105;48,10870002;11,75530002;1;1;31711
ABDS;20181217;6;;;;;DET99-590-Stg_H2;A99;41,57;;;;;Nord/Ost;;;1;9919081;38746;105;48,10870002;11,75530002;1;2;31712
ABDS;20181217;6;;;;;DET99-590-Stg_H3;A99;41,57;;;;;Nord/Ost;;;1;9919081;38746;105;48,10870002;11,75530002;1;3;31713
ABDS;20181217;6;;;;;DET99-590-Stg_H4;A99;41,57;;;;;Nord/Ost;;;1;9919081;38746;105;48,10870002;11,75530002;1;4;31714
ABDS;20181217;6;;;;;DET99-595-Stg_A1;A99;42;;;;;Nord/Ost;;;1;9919111;38746;135;48,10430001;11,75400001;1;65;31715
ABDS;20181217;6;;;;;DET99-595-Stg_E1;A99;42;;;;;Nord/Ost;;;1;9919111;38746;135;48,10520008;11,75429999;1;129;31716
ABDS;20181217;6;;;;;DET99-620-Stg_H1;A99;40,62;;;;;Nord/Ost;;;1;9919011;38746;35;48,11700001;11,75780005;1;1;31707
ABDS;20181217;6;;;;;DET99-620-Stg_H2;A99;40,62;;;;;Nord/Ost;;;1;9919011;38746;35;48,11700001;11,75780005;1;2;31708
ABDS;20181217;6;;;;;DET99-620-Stg_H3;A99;40,62;;;;;Nord/Ost;;;1;9919011;38746;35;48,11700001;11,75780005;1;3;31709
ABDS;20181217;6;;;;;DET99-620-Stg_H4;A99;40,62;;;;;Nord/Ost;;;1;9919011;38746;35;48,11700001;11,75780005;1;4;31710
ABDS;20181217;6;;;;;DET99-640-Stg_H1;A99;39,32;;;;;Nord/Ost;;;1;9918915;38745;195;48,12896888;11,75935;1;1;31896
ABDS;20181217;6;;;;;DET99-640-Stg_H2;A99;39,32;;;;;Nord/Ost;;;1;9918915;38745;195;48,12896888;11,75935;1;2;31897
ABDS;20181217;6;;;;;DET99-640-Stg_H3;A99;39,32;;;;;Nord/Ost;;;1;9918915;38745;195;48,12896888;11,75935;1;3;31898
ABDS;20181217;6;;;;;DET99-640-Stg_H4;A99;39,32;;;;;Nord/Ost;;;1;9918915;38745;195;48,12896888;11,75935;1;4;31899
ABDS;20181217;6;;;;;DET99-670-Stg_A1;A99;38,47;;;;;Nord/Ost;;;1;9918852;38745;132;48,13685211;11,75917742;1;65;31917
ABDS;20181217;6;;;;;DET99-670-Stg_A2;A99;38,47;;;;;Nord/Ost;;;1;9918852;38745;132;48,13685211;11,75917742;1;66;31918
ABDS;20181217;6;;;;;DET99-670-Stg_H1;A99;38,47;;;;;Nord/Ost;;;1;9918852;38745;132;48,13684245;11,75906485;1;1;31914
ABDS;20181217;6;;;;;DET99-670-Stg_H2;A99;38,47;;;;;Nord/Ost;;;1;9918852;38745;132;48,13684245;11,75906485;1;2;31915
ABDS;20181217;6;;;;;DET99-670-Stg_H3;A99;38,47;;;;;Nord/Ost;;;1;9918852;38745;132;48,13684245;11,75906485;1;3;31916
ABDS;20181217;6;;;;;DET99-685-Stg_H1;A99;38,05;;;;;Nord/Ost;;;1;9918819;38745;99;48,14028589;11,75878129;1;1;31908
ABDS;20181217;6;;;;;DET99-685-Stg_H2;A99;38,05;;;;;Nord/Ost;;;1;9918819;38745;99;48,14028589;11,75878129;1;2;31909
ABDS;20181217;6;;;;;DET99-690-Stg_H1;A99;38,05;;;;;Nord/Ost;;;1;9918820;38745;100;48,14013004;11,75860252;1;1;31910
ABDS;20181217;6;;;;;DET99-690-Stg_H2;A99;38,05;;;;;Nord/Ost;;;1;9918820;38745;100;48,14013004;11,75860252;1;2;31911
ABDS;20181217;6;;;;;DET99-690-Stg_H3;A99;38,05;;;;;Nord/Ost;;;1;9918820;38745;100;48,14013004;11,75860252;1;3;31912
ABDS;20181217;6;;;;;DET99-690-Stg_H4;A99;38,05;;;;;Nord/Ost;;;1;9918820;38745;100;48,14013004;11,75860252;1;4;31913
ABDS;20181217;6;;;;;DET99-710-Stg_H1;A99;36,75;;;;;Nord/Ost;;;1;9918724;38745;4;48,15131005;11,75411806;1;1;31904
ABDS;20181217;6;;;;;DET99-710-Stg_H2;A99;36,75;;;;;Nord/Ost;;;1;9918724;38745;4;48,15131005;11,75411806;1;2;31905
ABDS;20181217;6;;;;;DET99-710-Stg_H3;A99;36,75;;;;;Nord/Ost;;;1;9918724;38745;4;48,15131005;11,75411806;1;3;31906
ABDS;20181217;6;;;;;DET99-710-Stg_H4;A99;36,75;;;;;Nord/Ost;;;1;9918724;38745;4;48,15131005;11,75411806;1;4;31907
ABDS;20181217;6;;;;;DET99-714-Stg_H1;A99;35,936;;;;;Nord/Ost;;;1;9918664;38744;200;48,15784924;11,74923336;1;1;31880
ABDS;20181217;6;;;;;DET99-714-Stg_H2;A99;35,936;;;;;Nord/Ost;;;1;9918664;38744;200;48,15784924;11,74923336;1;2;31881
ABDS;20181217;6;;;;;DET99-714-Stg_H3;A99;35,936;;;;;Nord/Ost;;;1;9918664;38744;200;48,15784924;11,74923336;1;3;31882
ABDS;20181217;6;;;;;DET99-714-Stg_H4;A99;35,936;;;;;Nord/Ost;;;1;9918664;38744;200;48,15784924;11,74923336;1;4;31883
ABDS;20181217;6;;;;;DET99-720-Stg_A1;A99;34,7;;;;;Nord/Ost;;;1;9918570;38744;106;48,16970007;11,73900002;1;65;31890
ABDS;20181217;6;;;;;DET99-720-Stg_E1;A99;34,7;;;;;Nord/Ost;;;1;9918570;38744;106;48,17060001;11,73819995;1;129;31891
ABDS;20181217;6;;;;;DET99-720-Stg_H1;A99;34,55;;;;;Nord/Ost;;;1;9918561;38744;97;48,16860001;11,73959995;1;1;31892
ABDS;20181217;6;;;;;DET99-720-Stg_H2;A99;34,55;;;;;Nord/Ost;;;1;9918561;38744;97;48,16860001;11,73959995;1;2;31893
ABDS;20181217;6;;;;;DET99-720-Stg_H3;A99;34,55;;;;;Nord/Ost;;;1;9918561;38744;97;48,16860001;11,73959995;1;3;31894
ABDS;20181217;6;;;;;DET99-720-Stg_H4;A99;34,55;;;;;Nord/Ost;;;1;9918561;38744;97;48,16860001;11,73959995;1;4;31895
ABDS;20181217;6;;;;;DET99-721-Stg_A1;A99;34,38;;;;;Nord/Ost;;;1;9918547;38744;83;48,1677282;11,74155493;1;65;31888
ABDS;20181217;6;;;;;DET99-721-Stg_E1;A99;34,38;;;;;Nord/Ost;;;1;9918547;38744;83;48,16792587;11,74115107;1;129;31889
ABDS;20181217;6;;;;;DET99-730-Stg_H1;A99;33,43;;;;;Nord/Ost;;;1;9918480;38744;16;48,17698787;11,73086093;1;1;31884
ABDS;20181217;6;;;;;DET99-730-Stg_H2;A99;33,43;;;;;Nord/Ost;;;1;9918480;38744;16;48,17698787;11,73086093;1;2;31885
ABDS;20181217;6;;;;;DET99-730-Stg_H3;A99;33,43;;;;;Nord/Ost;;;1;9918480;38744;16;48,17698787;11,73086093;1;3;31886
ABDS;20181217;6;;;;;DET99-730-Stg_H4;A99;33,43;;;;;Nord/Ost;;;1;9918480;38744;16;48,17698787;11,73086093;1;4;31887
ABDS;20181217;6;;;;;DET99-740-Stg_H1;A99;31,966;;;;;Nord/Ost;;;1;9918368;38743;160;48,18636574;11,71645791;1;1;31862
ABDS;20181217;6;;;;;DET99-740-Stg_H2;A99;31,966;;;;;Nord/Ost;;;1;9918368;38743;160;48,18636574;11,71645791;1;2;31863
ABDS;20181217;6;;;;;DET99-740-Stg_H3;A99;31,966;;;;;Nord/Ost;;;1;9918368;38743;160;48,18636574;11,71645791;1;3;31864
ABDS;20181217;6;;;;;DET99-150-Sbg_H2;A99;32,463;;;;;Süd/West;;;1;9908405;38704;181;48,18305074;11,72215487;1;34;31763
ABDS;20181217;6;;;;;DET99-150-Sbg_H3;A99;32,463;;;;;Süd/West;;;1;9908405;38704;181;48,18305074;11,72215487;1;35;31764
ABDS;20181217;6;;;;;DET99-150-Sbg_H4;A99;32,463;;;;;Süd/West;;;1;9908405;38704;181;48,18305074;11,72215487;1;36;31765
ABDS;20181217;6;;;;;DET99-170-Sbg_H1;A99;33,605;;;;;Süd/West;;;1;9908488;38705;8;48,17549834;11,73207901;1;33;31556
ABDS;20181217;6;;;;;DET99-170-Sbg_H2;A99;33,605;;;;;Süd/West;;;1;9908488;38705;8;48,17549834;11,73207901;1;34;31557
ABDS;20181217;6;;;;;DET99-170-Sbg_H3;A99;33,605;;;;;Süd/West;;;1;9908488;38705;8;48,17549834;11,73207901;1;35;31558
ABDS;20181217;6;;;;;DET99-170-Sbg_H4;A99;33,605;;;;;Süd/West;;;1;9908488;38705;8;48,17549834;11,73207901;1;36;31559
ABDS;20181217;6;;;;;DET99-187-Sbg_A1;A99;34,29;;;;;Süd/West;;;1;9908530;38705;50;48,17040008;11,73630003;1;97;31542
ABDS;20181217;6;;;;;DET99-190-Sbg_A1;A99;34,64;;;;;Süd/West;;;1;9908572;38705;92;48,16795431;11,73908712;1;97;31550
ABDS;20181217;6;;;;;DET99-190-Sbg_H1;A99;34,75;;;;;Süd/West;;;1;9908572;38705;92;48,16684249;11,74085967;1;33;31545
ABDS;20181217;6;;;;;DET99-190-Sbg_H2;A99;34,75;;;;;Süd/West;;;1;9908572;38705;92;48,16684249;11,74085967;1;34;31546
ABDS;20181217;6;;;;;DET99-190-Sbg_H3;A99;34,75;;;;;Süd/West;;;1;9908572;38705;92;48,16684249;11,74085967;1;35;31547
ABDS;20181217;6;;;;;DET99-190-Sbg_H4;A99;34,75;;;;;Süd/West;;;1;9908572;38705;92;48,16684249;11,74085967;1;36;31548
ABDS;20181217;6;;;;;DET99-210-Sbg_H1;A99;36;;;;;Süd/West;;;1;9908667;38705;187;48,15716889;11,74942001;1;33;31534
ABDS;20181217;6;;;;;DET99-210-Sbg_H2;A99;36;;;;;Süd/West;;;1;9908667;38705;187;48,15716889;11,74942001;1;34;31535
ABDS;20181217;6;;;;;DET99-210-Sbg_H3;A99;36;;;;;Süd/West;;;1;9908667;38705;187;48,15716889;11,74942001;1;35;31536
ABDS;20181217;6;;;;;DET99-210-Sbg_H4;A99;36;;;;;Süd/West;;;1;9908667;38705;187;48,15716889;11,74942001;1;36;31537
ABDS;20181217;6;;;;;DET99-210-Stg_H1;A99;36;;;;;Nord/Ost;;;1;9908667;38705;187;48,15727932;11,74970158;1;1;31530
ABDS;20181217;6;;;;;DET99-210-Stg_H2;A99;36;;;;;Nord/Ost;;;1;9908667;38705;187;48,15727932;11,74970158;1;2;31531
ABDS;20181217;6;;;;;DET99-210-Stg_H3;A99;36;;;;;Nord/Ost;;;1;9908667;38705;187;48,15727932;11,74970158;1;3;31532
ABDS;20181217;6;;;;;DET99-210-Stg_H4;A99;36;;;;;Nord/Ost;;;1;9908667;38705;187;48,15727932;11,74970158;1;4;31533
ABDS;20181217;6;;;;;DET99-220-Sbg_H1;A99;36,505;;;;;Süd/West;;;1;9908704;38705;224;48,1531812;11,75247399;1;33;31538
ABDS;20181217;6;;;;;DET99-220-Sbg_H2;A99;36,505;;;;;Süd/West;;;1;9908704;38705;224;48,1531812;11,75247399;1;34;31539
ABDS;20181217;6;;;;;DET99-220-Sbg_H3;A99;36,505;;;;;Süd/West;;;1;9908704;38705;224;48,1531812;11,75247399;1;35;31540
ABDS;20181217;6;;;;;DET99-220-Sbg_H4;A99;36,505;;;;;Süd/West;;;1;9908704;38705;224;48,1531812;11,75247399;1;36;31541
ABDS;20181217;6;;;;;DET99-232-Sbg_A1;A99;37,45;;;;;Süd/West;;;1;9908770;38706;34;48,14568856;11,75641398;1;97;31606
ABDS;20181217;6;;;;;DET99-232-Sbg_A2;A99;37,45;;;;;Süd/West;;;1;9908770;38706;34;48,14568856;11,75641398;1;98;31607
ABDS;20181217;6;;;;;DET99-235-Sbg_H1;A99;37,388;;;;;Süd/West;;;1;9908769;38706;33;48,14591992;11,75654325;1;33;31560
ABDS;20181217;6;;;;;DET99-235-Sbg_H2;A99;37,388;;;;;Süd/West;;;1;9908769;38706;33;48,14591992;11,75654325;1;34;31561
ABDS;20181217;6;;;;;DET99-235-Sbg_H3;A99;37,388;;;;;Süd/West;;;1;9908769;38706;33;48,14591992;11,75654325;1;35;31604
ABDS;20181217;6;;;;;DET99-235-Sbg_H4;A99;37,388;;;;;Süd/West;;;1;9908769;38706;33;48,14591992;11,75654325;1;36;31605
ABDS;20181217;6;;;;;DET99-248-Sbg_E1;A99;37,9;;;;;Süd/West;;;1;9908807;38706;71;48,14149456;11,7568953;1;161;31609
ABDS;20181217;6;;;;;DET99-250-Sbg_H1;A99;38,73;;;;;Süd/West;;;1;9908867;38706;131;48,13408127;11,75892289;1;33;31610
ABDS;20181217;6;;;;;DET99-250-Sbg_H2;A99;38,73;;;;;Süd/West;;;1;9908867;38706;131;48,13408127;11,75892289;1;34;31611
ABDS;20181217;6;;;;;DET99-250-Sbg_H3;A99;38,73;;;;;Süd/West;;;1;9908867;38706;131;48,13408127;11,75892289;1;35;31612
ABDS;20181217;6;;;;;DET99-250-Sbg_H4;A99;38,73;;;;;Süd/West;;;1;9908867;38706;131;48,13408127;11,75892289;1;36;31613
ABDS;20181217;6;;;;;DET99-260-Sbg_H1;A99;40,5;;;;;Süd/West;;;1;9908998;38707;6;48,11824889;11,75771001;1;33;31619
ABDS;20181217;6;;;;;DET99-260-Sbg_H2;A99;40,5;;;;;Süd/West;;;1;9908998;38707;6;48,11824889;11,75771001;1;34;31620
ABDS;20181217;6;;;;;DET99-260-Sbg_H3;A99;40,5;;;;;Süd/West;;;1;9908998;38707;6;48,11824889;11,75771001;1;35;31621
ABDS;20181217;6;;;;;DET99-260-Sbg_H4;A99;40,5;;;;;Süd/West;;;1;9908998;38707;6;48,11824889;11,75771001;1;36;31622
ABDS;20181217;6;;;;;DET99-268-Sbg_A1;A99;41,47;;;;;Süd/West;;;1;9909071;38707;79;48,10990006;11,75489994;1;97;31617
ABDS;20181217;6;;;;;DET99-268-Sbg_E1;A99;41,47;;;;;Süd/West;;;1;9909071;38707;79;48,10910006;11,75480006;1;161;31618
ABDS;20181217;6;;;;;DET99-270-Sbg_H1;A99;42,07;;;;;Süd/West;;;1;9909114;38707;122;48,10431889;11,7531;1;33;31623
ABDS;20181217;6;;;;;DET99-270-Sbg_H2;A99;42,07;;;;;Süd/West;;;1;9909114;38707;122;48,10431889;11,7531;1;34;31624
ABDS;20181217;6;;;;;DET99-270-Sbg_H3;A99;42,07;;;;;Süd/West;;;1;9909114;38707;122;48,10431889;11,7531;1;35;31625
ABDS;20181217;6;;;;;DET99-280-Sbg_H1;A99;43,5;;;;;Süd/West;;;1;9909220;38707;228;48,09254889;11,74630001;1;33;31614
ABDS;20181217;6;;;;;DET99-280-Sbg_H2;A99;43,5;;;;;Süd/West;;;1;9909220;38707;228;48,09254889;11,74630001;1;34;31615
ABDS;20181217;6;;;;;DET99-280-Sbg_H3;A99;43,5;;;;;Süd/West;;;1;9909220;38707;228;48,09254889;11,74630001;1;35;31616
ABDS;20181217;6;;;;;DET99-290-Sbg_H1;A99;45,133;;;;;Süd/West;;;1;9909344;38708;96;48,07946521;11,73465424;1;33;31629
ABDS;20181217;6;;;;;DET99-290-Sbg_H2;A99;45,133;;;;;Süd/West;;;1;9909344;38708;96;48,07946521;11,73465424;1;34;31630
ABDS;20181217;6;;;;;DET99-290-Sbg_H3;A99;45,133;;;;;Süd/West;;;1;9909344;38708;96;48,07946521;11,73465424;1;35;31631
ABDS;20181217;6;;;;;DET99-300-Sbg_H1;A99;46,8;;;;;Süd/West;;;1;9909464;38708;216;48,06891687;11,7202912;1;33;31626
ABDS;20181217;6;;;;;DET99-300-Sbg_H2;A99;46,8;;;;;Süd/West;;;1;9909464;38708;216;48,06891687;11,7202912;1;34;31627
ABDS;20181217;6;;;;;DET99-300-Sbg_H3;A99;46,8;;;;;Süd/West;;;1;9909464;38708;216;48,06891687;11,7202912;1;35;31628
ABDS;20181217;6;;;;;DET99-305-Sbg_A1;A99;47,37;;;;;Süd/West;;;1;9909509;38709;5;48,06600006;11,71469996;1;97;31634
ABDS;20181217;6;;;;;DET99-305-Sbg_E1;A99;47,37;;;;;Süd/West;;;1;9909509;38709;5;48,06550006;11,71370004;1;161;31635
ABDS;20181217;6;;;;;DET99-315-Sbg_A1;A99;50,985;;;;;Süd/West;;;1;9909777;38710;17;48,04250008;11,68199996;1;97;31642
ABDS;20181217;6;;;;;DET99-315-Sbg_E1;A99;50,985;;;;;Süd/West;;;1;9909777;38710;17;48,04150005;11,68149997;1;161;31643
ABDS;20181217;6;;;;;DET99-525-Stg_A1;A99;51,07;;;;;Nord/Ost;;;1;9919783;38749;39;48,0407;11,68170002;1;65;31576
ABDS;20181217;6;;;;;DET99-525-Stg_E1;A99;51,07;;;;;Nord/Ost;;;1;9919783;38749;39;48,04150003;11,68250003;1;129;31577
ABDS;20181217;6;;;;;DET99-530-Stg_H1;A99;50,62;;;;;Nord/Ost;;;1;9919752;38749;8;48,04475709;11,68476295;1;1;31578
ABDS;20181217;6;;;;;DET99-530-Stg_H2;A99;50,62;;;;;Nord/Ost;;;1;9919752;38749;8;48,04475709;11,68476295;1;2;31579
ABDS;20181217;6;;;;;DET99-530-Stg_H3;A99;50,62;;;;;Nord/Ost;;;1;9919752;38749;8;48,04475709;11,68476295;1;3;31580
ABDS;20181217;6;;;;;DET99-532-Stg_H1;A99;49,14;;;;;Nord/Ost;;;1;9919642;38748;154;48,05581759;11,69556372;1;1;31567
ABDS;20181217;6;;;;;DET92-710-Mch_A2;A92;0,576;;;;;Süd/West;;;1;9216519;36002;7;48,22628419;11,53935935;1;98;30742
ABDS;20181217;6;;;;;DET99-010-Sbg_H1;A99;13,45;;;;;Süd/West;;;1;9906994;38699;50;48,2099724;11,49287326;1;33;31150
ABDS;20181217;6;;;;;DET99-010-Sbg_H2;A99;13,45;;;;;Süd/West;;;1;9906994;38699;50;48,2099724;11,49287326;1;34;31151
ABDS;20181217;6;;;;;DET99-010-Sbg_H3;A99;13,45;;;;;Süd/West;;;1;9906994;38699;50;48,2099724;11,49287326;1;35;31152
ABDS;20181217;6;;;;;DET99-020-Sbg_H1;A99;15,37;;;;;Süd/West;;;1;9907139;38699;195;48,22001376;11,51376643;1;33;31471
ABDS;20181217;6;;;;;DET99-020-Sbg_H2;A99;15,37;;;;;Süd/West;;;1;9907139;38699;195;48,22001376;11,51376643;1;34;31472
ABDS;20181217;6;;;;;DET99-020-Sbg_H3;A99;15,37;;;;;Süd/West;;;1;9907139;38699;195;48,22001376;11,51376643;1;35;31473
ABDS;20181217;6;;;;;DET99-030-Sbg_H1;A99;17,04;;;;;Süd/West;;;1;9907260;38700;60;48,22530002;11,53470005;1;33;31156
ABDS;20181217;6;;;;;DET99-030-Sbg_H2;A99;17,04;;;;;Süd/West;;;1;9907260;38700;60;48,22530002;11,53470005;1;34;31157
ABDS;20181217;6;;;;;DET99-030-Sbg_H3;A99;17,04;;;;;Süd/West;;;1;9907260;38700;60;48,22530002;11,53470005;1;35;31158
ABDS;20181217;6;;;;;DET99-045-Sbg_H1;A99;18,195;;;;;Süd/West;;;1;9907347;38700;147;48,22653889;11,55004001;1;33;31159
ABDS;20181217;6;;;;;DET99-045-Sbg_H2;A99;18,195;;;;;Süd/West;;;1;9907347;38700;147;48,22653889;11,55004001;1;34;31160
ABDS;20181217;6;;;;;DET99-045-Sbg_H3;A99;18,195;;;;;Süd/West;;;1;9907347;38700;147;48,22653889;11,55004001;1;35;31161
ABDS;20181217;6;;;;;DET99-050-Sbg_H1;A99;19,5;;;;;Süd/West;;;1;9907442;38700;242;48,22699125;11,56758001;1;33;31153
ABDS;20181217;6;;;;;DET99-050-Sbg_H2;A99;19,5;;;;;Süd/West;;;1;9907442;38700;242;48,22699125;11,56758001;1;34;31154
ABDS;20181217;6;;;;;DET99-050-Sbg_H3;A99;19,5;;;;;Süd/West;;;1;9907442;38700;242;48,22699125;11,56758001;1;35;31155
ABDS;20181217;6;;;;;DET99-059-Sbg_A1;A99;20,78;;;;;Süd/West;;;1;9907539;38701;83;48,22810007;11,58419994;1;97;31167
ABDS;20181217;6;;;;;DET99-059-Sbg_E1;A99;20,78;;;;;Süd/West;;;1;9907539;38701;83;48,22820009;11,58509999;1;161;31168
ABDS;20181217;6;;;;;DET99-060-Sbg_H1;A99;21,155;;;;;Süd/West;;;1;9907564;38701;108;48,22868838;11,5897278;1;33;31169
ABDS;20181217;6;;;;;DET99-060-Sbg_H2;A99;21,155;;;;;Süd/West;;;1;9907564;38701;108;48,22868838;11,5897278;1;34;31170
ABDS;20181217;6;;;;;DET99-060-Sbg_H3;A99;21,155;;;;;Süd/West;;;1;9907564;38701;108;48,22868838;11,5897278;1;35;31171
ABDS;20181217;6;;;;;DET99-060-Sbg_H4;A99;21,155;;;;;Süd/West;;;1;9907564;38701;108;48,22868838;11,5897278;1;36;31172
ABDS;20181217;6;;;;;DET99-070-Sbg_H1;A99;22,401;;;;;Süd/West;;;1;9907659;38701;203;48,22775032;11,60690895;1;33;31162
ABDS;20181217;6;;;;;DET99-070-Sbg_H2;A99;22,401;;;;;Süd/West;;;1;9907659;38701;203;48,22775032;11,60690895;1;34;31163
ABDS;20181217;6;;;;;DET99-070-Sbg_H3;A99;22,401;;;;;Süd/West;;;1;9907659;38701;203;48,22775032;11,60690895;1;35;31164
ABDS;20181217;6;;;;;DET99-070-Sbg_H4;A99;22,401;;;;;Süd/West;;;1;9907659;38701;203;48,22775032;11,60690895;1;36;31165
ABDS;20181217;6;;;;;DET99-070-Sbg_H5;A99;22,401;;;;;Süd/West;;;1;9907659;38701;203;48,22775032;11,60690895;1;37;31166
ABDS;20181217;6;;;;;DET99-076-Sbg_H1;A99;23,215;;;;;Süd/West;;;1;9907714;38702;2;48,22550791;11,61664962;1;97;31175
ABDS;20181217;6;;;;;DET99-076-Sbg_H2;A99;23,215;;;;;Süd/West;;;1;9907714;38702;2;48,22550791;11,61664962;1;98;31176
ABDS;20181217;6;;;;;DET99-080-Sbg_H1;A99;24,05;;;;;Süd/West;;;1;9907779;38702;67;48,2221139;11,62667797;1;33;31177
ABDS;20181217;6;;;;;DET99-080-Sbg_H2;A99;24,05;;;;;Süd/West;;;1;9907779;38702;67;48,2221139;11,62667797;1;34;31178
ABDS;20181217;6;;;;;DET99-090-Sbg_E1;A99;25,16;;;;;Süd/West;;;1;9907861;38702;149;;;1;169;31185
ABDS;20181217;6;;;;;DET99-090-Sbg_E2;A99;25,16;;;;;Süd/West;;;1;9907861;38702;149;;;1;170;31186
ABDS;20181217;6;;;;;DET99-090-Sbg_H1;A99;25,16;;;;;Süd/West;;;1;9907861;38702;149;48,2159882;11,63822413;1;33;31183
ABDS;20181217;6;;;;;DET99-090-Sbg_H2;A99;25,16;;;;;Süd/West;;;1;9907861;38702;149;48,2159882;11,63822413;1;34;31184
ABDS;20181217;6;;;;;DET99-090-Stg_H1;A99;25,16;;;;;Nord/Ost;;;1;9907861;38702;149;;;1;1;31181
ABDS;20181217;6;;;;;DET99-090-Stg_H2;A99;25,16;;;;;Nord/Ost;;;1;9907861;38702;149;;;1;2;31182
ABDS;20181217;6;;;;;DET99-110-Sbg_H1;A99;26,62;;;;;Süd/West;;;1;9907972;38703;4;48,20643197;11,65253705;1;33;31487
ABDS;20181217;6;;;;;DET99-110-Sbg_H2;A99;26,62;;;;;Süd/West;;;1;9907972;38703;4;48,20643197;11,65253705;1;34;31488
ABDS;20181217;6;;;;;DET99-110-Sbg_H3;A99;26,62;;;;;Süd/West;;;1;9907972;38703;4;48,20643197;11,65253705;1;35;31489
ABDS;20181217;6;;;;;DET99-110-Sbg_H4;A99;26,62;;;;;Süd/West;;;1;9907972;38703;4;48,20643197;11,65253705;1;36;31490
ABDS;20181217;6;;;;;DET99-110-Stg_H1;A99;26,62;;;;;Nord/Ost;;;1;9907972;38703;4;;;1;1;31484
ABDS;20181217;6;;;;;DET99-110-Stg_H2;A99;26,62;;;;;Nord/Ost;;;1;9907972;38703;4;;;1;2;31485
ABDS;20181217;6;;;;;DET99-110-Stg_H3;A99;26,62;;;;;Nord/Ost;;;1;9907972;38703;4;;;1;3;31486
ABDS;20181217;6;;;;;DET99-120-Sbg_H1;A99;27,9;;;;;Süd/West;;;1;9908064;38703;96;48,20019479;11,66653404;1;33;31494
ABDS;20181217;6;;;;;DET99-120-Sbg_H2;A99;27,9;;;;;Süd/West;;;1;9908064;38703;96;48,20019479;11,66653404;1;34;31495
ABDS;20181217;6;;;;;DET99-120-Sbg_H3;A99;27,9;;;;;Süd/West;;;1;9908064;38703;96;48,20019479;11,66653404;1;35;31496
ABDS;20181217;6;;;;;DET99-120-Sbg_H4;A99;27,9;;;;;Süd/West;;;1;9908064;38703;96;48,20019479;11,66653404;1;36;31497
ABDS;20181217;6;;;;;DET99-120-Stg_H1;A99;27,9;;;;;Nord/Ost;;;1;9908064;38703;96;;;1;1;31491
ABDS;20181217;6;;;;;DET99-120-Stg_H2;A99;27,9;;;;;Nord/Ost;;;1;9908064;38703;96;;;1;2;31492
ABDS;20181217;6;;;;;DET99-120-Stg_H3;A99;27,9;;;;;Nord/Ost;;;1;9908064;38703;96;;;1;3;31493
ABDS;20181217;6;;;;;DET99-130-Sbg_H1;A99;29,55;;;;;Süd/West;;;1;9908187;38703;219;48,19430004;11,68700003;1;33;31187
ABDS;20181217;6;;;;;DET99-130-Sbg_H2;A99;29,55;;;;;Süd/West;;;1;9908187;38703;219;48,19430004;11,68700003;1;34;31188
ABDS;20181217;6;;;;;DET99-130-Sbg_H3;A99;29,55;;;;;Süd/West;;;1;9908187;38703;219;48,19430004;11,68700003;1;35;31476
ABDS;20181217;6;;;;;DET99-130-Sbg_H4;A99;29,55;;;;;Süd/West;;;1;9908187;38703;219;48,19430004;11,68700003;1;36;31477
ABDS;20181217;6;;;;;DET99-138-Sbg_A1;A99;31,28;;;;;Süd/West;;;1;9908317;38704;93;48,18960007;11,70690002;1;97;31521
ABDS;20181217;6;;;;;DET99-138-Sbg_E1;A99;31,28;;;;;Süd/West;;;1;9908317;38704;93;48,18910006;11,70790001;1;161;31523
ABDS;20181217;6;;;;;DET99-138-Stg_A1;A99;31,28;;;;;Nord/Ost;;;1;9908317;38704;93;48,19050005;11,70550001;1;65;31520
ABDS;20181217;6;;;;;DET99-138-Stg_E1;A99;31,28;;;;;Nord/Ost;;;1;9908317;38704;93;48,19120005;11,70310002;1;129;31522
ABDS;20181217;6;;;;;DET99-140-Sbg_H1;A99;31,8;;;;;Süd/West;;;1;9908353;38704;129;48,18691328;11,71463302;1;33;31524
ABDS;20181217;6;;;;;DET99-140-Sbg_H2;A99;31,8;;;;;Süd/West;;;1;9908353;38704;129;48,18691328;11,71463302;1;34;31525
ABDS;20181217;6;;;;;DET99-140-Sbg_H3;A99;31,8;;;;;Süd/West;;;1;9908353;38704;129;48,18691328;11,71463302;1;35;31526
ABDS;20181217;6;;;;;DET99-140-Sbg_H4;A99;31,8;;;;;Süd/West;;;1;9908353;38704;129;48,18691328;11,71463302;1;36;31527
ABDS;20181217;6;;;;;DET99-150-Sbg_H1;A99;32,463;;;;;Süd/West;;;1;9908405;38704;181;48,18305074;11,72215487;1;33;31762
ABDS;20181217;6;;;;;DET92-440-Mch_H1;A92;29,2;;;;;Süd/West;;;1;9216870;36003;102;48,39037139;11,79497737;1;33;30764
ABDS;20181217;6;;;;;DET92-440-Mch_H2;A92;29,2;;;;;Süd/West;;;1;9216870;36003;102;48,39037139;11,79497737;1;34;30765
ABDS;20181217;6;;;;;DET92-450-Mch_A1;A92;27,7;;;;;Süd/West;;;1;9216825;36003;57;48,387587;11,77667116;1;97;30762
ABDS;20181217;6;;;;;DET92-450-Mch_E1;A92;27,7;;;;;Süd/West;;;1;9216825;36003;57;48,38755853;11,77640935;1;161;30763
ABDS;20181217;6;;;;;DET92-460-Mch_H1;A92;27,36;;;;;Süd/West;;;1;9216814;36003;46;48,38532744;11,77098773;1;33;30760
ABDS;20181217;6;;;;;DET92-460-Mch_H2;A92;27,36;;;;;Süd/West;;;1;9216814;36003;46;48,38532744;11,77098773;1;34;30761
ABDS;20181217;6;;;;;DET92-470-Mch_H1;A92;25,58;;;;;Süd/West;;;1;9216762;36002;250;48,3765863;11,75200094;1;33;30731
ABDS;20181217;6;;;;;DET92-470-Mch_H2;A92;25,58;;;;;Süd/West;;;1;9216762;36002;250;48,3765863;11,75200094;1;34;30732
ABDS;20181217;6;;;;;DET92-480-Mch_A1;A92;24,9;;;;;Süd/West;;;1;9216741;36002;229;48,37353776;11,74698919;1;97;30729
ABDS;20181217;6;;;;;DET92-480-Mch_A2;A92;24,9;;;;;Süd/West;;;1;9216741;36002;229;48,37353776;11,74698919;1;98;30730
ABDS;20181217;6;;;;;DET92-490-Mch_E1;A92;24,65;;;;;Süd/West;;;1;9216735;36002;223;48,37065509;11,74342519;1;161;30728
ABDS;20181217;6;;;;;DET92-500-Mch_H1;A92;23,81;;;;;Süd/West;;;1;9216710;36002;198;48,36391308;11,73674498;1;33;30726
ABDS;20181217;6;;;;;DET92-500-Mch_H2;A92;23,81;;;;;Süd/West;;;1;9216710;36002;198;48,36391308;11,73674498;1;34;30727
ABDS;20181217;6;;;;;DET92-510-Mch_H1;A92;22,537;;;;;Süd/West;;;1;9216671;36002;159;48,35345239;11,7296665;1;33;30748
ABDS;20181217;6;;;;;DET92-510-Mch_H2;A92;22,537;;;;;Süd/West;;;1;9216671;36002;159;48,35345239;11,7296665;1;34;30749
ABDS;20181217;6;;;;;DET92-520-Mch_E1;A92;0,763;;;;;Süd/West;;;1;9216657;36002;145;48,3487786;11,72404054;1;33;30750
ABDS;20181217;6;;;;;DET92-520-Mch_E2;A92;0,763;;;;;Süd/West;;;1;9216657;36002;145;48,3487786;11,72404054;1;34;30751
ABDS;20181217;6;;;;;DET92-530-Mch_H1;A92;21,3;;;;;Süd/West;;;1;9216635;36002;123;48,34568374;11,71824234;1;33;30743
ABDS;20181217;6;;;;;DET92-530-Mch_H2;A92;21,3;;;;;Süd/West;;;1;9216635;36002;123;48,34568374;11,71824234;1;34;30744
ABDS;20181217;6;;;;;DET92-530-Mch_H3;A92;21,3;;;;;Süd/West;;;1;9216635;36002;123;48,34568374;11,71824234;1;35;30745
ABDS;20181217;6;;;;;DET92-540-Mch_H1;A92;20,3;;;;;Süd/West;;;1;9216602;36002;90;48,33873906;11,70973415;1;33;30738
ABDS;20181217;6;;;;;DET92-540-Mch_H2;A92;20,3;;;;;Süd/West;;;1;9216602;36002;90;48,33873906;11,70973415;1;34;30739
ABDS;20181217;6;;;;;DET92-540-Mch_H3;A92;20,3;;;;;Süd/West;;;1;9216602;36002;90;48,33873906;11,70973415;1;35;30740
ABDS;20181217;6;;;;;DET92-545-Mch_A1;A92;19,21;;;;;Süd/West;;;1;9216572;36002;60;48,33459236;11,69852317;1;97;30736
ABDS;20181217;6;;;;;DET92-545-Mch_E1;A92;19,21;;;;;Süd/West;;;1;9216572;36002;60;48,33461654;11,69827742;1;161;30737
ABDS;20181217;6;;;;;DET92-550-Mch_H1;A92;18,65;;;;;Süd/West;;;1;9216555;36002;43;48,33306583;11,68986223;1;33;30733
ABDS;20181217;6;;;;;DET92-550-Mch_H2;A92;18,65;;;;;Süd/West;;;1;9216555;36002;43;48,33306583;11,68986223;1;34;30734
ABDS;20181217;6;;;;;DET92-550-Mch_H3;A92;18,65;;;;;Süd/West;;;1;9216555;36002;43;48,33306583;11,68986223;1;35;30735
ABDS;20181217;6;;;;;DET92-570-Mch_H1;A92;17,1;;;;;Süd/West;;;1;9216509;36001;253;48,33233407;11,66903809;1;33;30713
ABDS;20181217;6;;;;;DET92-570-Mch_H2;A92;17,1;;;;;Süd/West;;;1;9216509;36001;253;48,33233407;11,66903809;1;34;30714
ABDS;20181217;6;;;;;DET92-570-Mch_H3;A92;17,1;;;;;Süd/West;;;1;9216509;36001;253;48,33233407;11,66903809;1;35;30715
ABDS;20181217;6;;;;;DET92-580-Mch_H1;A92;15,687;;;;;Süd/West;;;1;9216467;36001;211;48,32884589;11,65018221;1;33;30710
ABDS;20181217;6;;;;;DET92-580-Mch_H2;A92;15,687;;;;;Süd/West;;;1;9216467;36001;211;48,32884589;11,65018221;1;34;30711
ABDS;20181217;6;;;;;DET92-580-Mch_H3;A92;15,687;;;;;Süd/West;;;1;9216467;36001;211;48,32884589;11,65018221;1;35;30712
ABDS;20181217;6;;;;;DET92-590-Mch_A1;A92;14,125;;;;;Süd/West;;;1;9216421;36001;165;48,32204069;11,63062947;1;97;30707
ABDS;20181217;6;;;;;DET92-590-Mch_H1;A92;14,125;;;;;Süd/West;;;1;9216421;36001;165;48,3221469;11,63223416;1;33;30705
ABDS;20181217;6;;;;;DET92-590-Mch_H2;A92;14,125;;;;;Süd/West;;;1;9216421;36001;165;48,3221469;11,63223416;1;34;30706
ABDS;20181217;6;;;;;DET92-590-Mch_P1;A92;14,125;;;;;Süd/West;;;1;9216421;36001;165;48,32215014;11,63223508;1;113;30708
ABDS;20181217;6;;;;;DET92-590-Mch_P2;A92;14,125;;;;;Süd/West;;;1;9216421;36001;165;48,32215014;11,63223508;1;114;30709
ABDS;20181217;6;;;;;DET92-610-Mch_H1;A92;12,58;;;;;Süd/West;;;1;9216375;36001;119;48,31398458;11,61564613;1;33;30720
ABDS;20181217;6;;;;;DET92-610-Mch_H2;A92;12,58;;;;;Süd/West;;;1;9216375;36001;119;48,31398458;11,61564613;1;34;30721
ABDS;20181217;6;;;;;DET92-610-Mch_P1;A92;12,58;;;;;Süd/West;;;1;9216375;36001;119;48,31409977;11,61545327;1;113;30722
ABDS;20181217;6;;;;;DET92-610-Mch_P2;A92;12,58;;;;;Süd/West;;;1;9216375;36001;119;48,31409977;11,61545327;1;114;30723
ABDS;20181217;6;;;;;DET92-620-Mch_H1;A92;10,845;;;;;Süd/West;;;1;9216323;36001;67;48,30486532;11,59671443;1;33;30718
ABDS;20181217;6;;;;;DET92-620-Mch_H2;A92;10,845;;;;;Süd/West;;;1;9216323;36001;67;48,30486532;11,59671443;1;34;30719
ABDS;20181217;6;;;;;DET92-625-Mch_A1;A92;9,37;;;;;Süd/West;;;1;9216279;36001;23;48,29732065;11,57983849;1;97;30716
ABDS;20181217;6;;;;;DET92-625-Mch_E1;A92;9,37;;;;;Süd/West;;;1;9216279;36001;23;48,29718035;11,57968963;1;161;30717
ABDS;20181217;6;;;;;DET92-630-Mch_H1;A92;8,9;;;;;Süd/West;;;1;9216265;36001;9;48,29453654;11,5752017;1;33;30724
ABDS;20181217;6;;;;;DET92-630-Mch_H2;A92;8,9;;;;;Süd/West;;;1;9216265;36001;9;48,29453654;11,5752017;1;34;30725
ABDS;20181217;6;;;;;DET92-640-Mch_H1;A92;6,67;;;;;Süd/West;;;1;9216199;36000;199;48,2813945;11,55252536;1;33;30691
ABDS;20181217;6;;;;;DET92-640-Mch_H2;A92;6,67;;;;;Süd/West;;;1;9216199;36000;199;48,2813945;11,55252536;1;34;30692
ABDS;20181217;6;;;;;DET92-650-Mch_H1;A92;4,45;;;;;Süd/West;;;1;9216133;36000;133;48,26436355;11,53698174;1;33;30701
ABDS;20181217;6;;;;;DET92-650-Mch_H2;A92;4,45;;;;;Süd/West;;;1;9216133;36000;133;48,26436355;11,53698174;1;34;30702
ABDS;20181217;6;;;;;DET92-652-Mch_H1;A92;3,35;;;;;Süd/West;;;1;9216099;36000;99;48,25486856;11,5328027;1;33;30699
ABDS;20181217;6;;;;;DET92-652-Mch_H2;A92;3,35;;;;;Süd/West;;;1;9216099;36000;99;48,25486856;11,5328027;1;34;30700
ABDS;20181217;6;;;;;DET92-655-Mch_A1;A92;2,975;;;;;Süd/West;;;1;9216088;36000;88;48,25155541;11,53177173;1;97;30697
ABDS;20181217;6;;;;;DET92-655-Mch_E1;A92;2,975;;;;;Süd/West;;;1;9216088;36000;88;48,25138762;11,53173273;1;161;30698
ABDS;20181217;6;;;;;DET92-670-Mch_H1;A92;2,5;;;;;Süd/West;;;1;9216075;36000;75;48,24717945;11,53275887;1;33;30695
ABDS;20181217;6;;;;;DET92-670-Mch_H2;A92;2,5;;;;;Süd/West;;;1;9216075;36000;75;48,24717945;11,53275887;1;34;30696
ABDS;20181217;6;;;;;DET92-690-Mch_H1;A92;1,25;;;;;Süd/West;;;1;9216038;36000;38;48,23636589;11,53857583;1;33;30693
ABDS;20181217;6;;;;;DET92-690-Mch_H2;A92;1,25;;;;;Süd/West;;;1;9216038;36000;38;48,23636589;11,53857583;1;34;30694
ABDS;20181217;6;;;;;DET92-700-Mch_A1;A92;0,587;;;;;Süd/West;;;1;9216012;36000;12;48,22872615;11,54177883;1;97;30689
ABDS;20181217;6;;;;;DET92-700-Mch_A2;A92;0,587;;;;;Süd/West;;;1;9216012;36000;12;48,22872615;11,54177883;1;98;30690
ABDS;20181217;6;;;;;DET92-710-Mch_A1;A92;0,576;;;;;Süd/West;;;1;9216519;36002;7;48,22628419;11,53935935;1;97;30741
ABDS;20181217;6;;;;;DET92-080-Deg_H2;A92;9,8;;;;;Nord/Ost;;;1;9206290;35962;18;48,29899691;11,58527999;1;2;30773
ABDS;20181217;6;;;;;DET92-090-Deg_H1;A92;11,1;;;;;Nord/Ost;;;1;9206329;35962;57;48,30582787;11,59952678;1;1;30774
ABDS;20181217;6;;;;;DET92-090-Deg_H2;A92;11,1;;;;;Nord/Ost;;;1;9206329;35962;57;48,30582787;11,59952678;1;2;30775
ABDS;20181217;6;;;;;DET92-090-Deg_H3;A92;11,1;;;;;Nord/Ost;;;1;9206329;35962;57;48,30582787;11,59952678;1;3;30776
ABDS;20181217;6;;;;;DET92-100-Deg_H1;A92;11,913;;;;;Nord/Ost;;;1;9206355;35962;83;48,31014519;11,6083667;1;1;30779
ABDS;20181217;6;;;;;DET92-100-Deg_H2;A92;11,913;;;;;Nord/Ost;;;1;9206355;35962;83;48,31014519;11,6083667;1;2;30780
ABDS;20181217;6;;;;;DET92-100-Deg_H3;A92;11,913;;;;;Nord/Ost;;;1;9206355;35962;83;48,31014519;11,6083667;1;3;30781
ABDS;20181217;6;;;;;DET92-117-Deg_P1;A92;1,24;;;;;Nord/Ost;;;1;9206395;35962;123;48,31724757;11,62437668;1;81;30784
ABDS;20181217;6;;;;;DET92-117-Deg_P2;A92;1,24;;;;;Nord/Ost;;;1;9206395;35962;123;48,31724757;11,62437668;1;82;30785
ABDS;20181217;6;;;;;DET92-120-Deg_P1;A92;13,29;;;;;Nord/Ost;;;1;9206396;35962;124;48,31754499;11,62399616;1;81;30786
ABDS;20181217;6;;;;;DET92-120-Deg_P2;A92;13,29;;;;;Nord/Ost;;;1;9206396;35962;124;48,31754499;11,62399616;1;82;30787
ABDS;20181217;6;;;;;DET92-130-Deg_A1;A92;13,39;;;;;Nord/Ost;;;1;9206417;35962;145;48,32086735;11,63104757;1;65;30790
ABDS;20181217;6;;;;;DET92-130-Deg_H1;A92;14;;;;;Nord/Ost;;;1;9206417;35962;145;48,32116395;11,63116113;1;1;30788
ABDS;20181217;6;;;;;DET92-130-Deg_H2;A92;14;;;;;Nord/Ost;;;1;9206417;35962;145;48,32116395;11,63116113;1;2;30789
ABDS;20181217;6;;;;;DET92-130-Deg_P1;A92;14;;;;;Nord/Ost;;;1;9206417;35962;145;48,32105642;11,6312842;1;145;30791
ABDS;20181217;6;;;;;DET92-130-Deg_P2;A92;14;;;;;Nord/Ost;;;1;9206417;35962;145;48,32105642;11,6312842;1;146;30792
ABDS;20181217;6;;;;;DET92-140-Deg_E1;A92;14,11;;;;;Nord/Ost;;;1;9206419;35962;147;48,32116265;11,6326417;1;129;30793
ABDS;20181217;6;;;;;DET92-150-Deg_H1;A92;15,2;;;;;Nord/Ost;;;1;9206451;35962;179;48,32677861;11,64467246;1;1;30766
ABDS;20181217;6;;;;;DET92-150-Deg_H2;A92;15,2;;;;;Nord/Ost;;;1;9206451;35962;179;48,32677861;11,64467246;1;2;30767
ABDS;20181217;6;;;;;DET92-150-Deg_H3;A92;15,2;;;;;Nord/Ost;;;1;9206451;35962;179;48,32677861;11,64467246;1;3;30768
ABDS;20181217;6;;;;;DET92-160-Deg_H1;A92;16,9;;;;;Nord/Ost;;;1;9206502;35962;230;48,33170578;11,66631387;1;1;30769
ABDS;20181217;6;;;;;DET92-160-Deg_H2;A92;16,9;;;;;Nord/Ost;;;1;9206502;35962;230;48,33170578;11,66631387;1;2;30770
ABDS;20181217;6;;;;;DET92-160-Deg_H3;A92;16,9;;;;;Nord/Ost;;;1;9206502;35962;230;48,33170578;11,66631387;1;3;30771
ABDS;20181217;6;;;;;DET92-170-Deg_H1;A92;18,68;;;;;Nord/Ost;;;1;9206556;35963;28;48,33276639;11,69023818;1;1;30800
ABDS;20181217;6;;;;;DET92-170-Deg_H2;A92;18,68;;;;;Nord/Ost;;;1;9206556;35963;28;48,33276639;11,69023818;1;2;30801
ABDS;20181217;6;;;;;DET92-170-Deg_H3;A92;18,68;;;;;Nord/Ost;;;1;9206556;35963;28;48,33276639;11,69023818;1;3;30802
ABDS;20181217;6;;;;;DET92-175-Deg_A1;A92;19,45;;;;;Nord/Ost;;;1;9206580;35963;52;48,33372699;11,69867244;1;65;30803
ABDS;20181217;6;;;;;DET92-175-Deg_E1;A92;19,45;;;;;Nord/Ost;;;1;9206580;35963;52;48,33437021;11,70141664;1;129;30804
ABDS;20181217;6;;;;;DET92-180-Deg_H1;A92;20,125;;;;;Nord/Ost;;;1;9206601;35963;73;48,33736614;11,7083286;1;1;30805
ABDS;20181217;6;;;;;DET92-180-Deg_H2;A92;20,125;;;;;Nord/Ost;;;1;9206601;35963;73;48,33736614;11,7083286;1;2;30806
ABDS;20181217;6;;;;;DET92-180-Deg_H3;A92;20,125;;;;;Nord/Ost;;;1;9206601;35963;73;48,33736614;11,7083286;1;3;30807
ABDS;20181217;6;;;;;DET92-210-Deg_H1;A92;20,958;;;;;Nord/Ost;;;1;9206625;35963;97;48,34346154;11,71585373;1;1;30808
ABDS;20181217;6;;;;;DET92-210-Deg_H2;A92;20,958;;;;;Nord/Ost;;;1;9206625;35963;97;48,34346154;11,71585373;1;2;30809
ABDS;20181217;6;;;;;DET92-210-Deg_H3;A92;20,958;;;;;Nord/Ost;;;1;9206625;35963;97;48,34346154;11,71585373;1;3;30810
ABDS;20181217;6;;;;;DET92-230-Deg_H1;A92;22,118;;;;;Nord/Ost;;;1;9206658;35963;130;48,35007303;11,72686266;1;1;30813
ABDS;20181217;6;;;;;DET92-230-Deg_H2;A92;22,118;;;;;Nord/Ost;;;1;9206658;35963;130;48,35007303;11,72686266;1;2;30814
ABDS;20181217;6;;;;;DET92-240-Deg_A1;A92;0,914;;;;;Süd/West;;;1;9206655;35963;127;48,34952687;11,72644032;1;33;30811
ABDS;20181217;6;;;;;DET92-240-Deg_A2;A92;0,914;;;;;Süd/West;;;1;9206655;35963;127;48,34952687;11,72644032;1;34;30812
ABDS;20181217;6;;;;;DET92-250-Mch_E1;A92;0,481;;;;;Nord/Ost;;;1;9216670;36002;158;48,35139559;11,73112547;1;1;30746
ABDS;20181217;6;;;;;DET92-250-Mch_E2;A92;0,481;;;;;Nord/Ost;;;1;9216670;36002;158;48,35139559;11,73112547;1;2;30747
ABDS;20181217;6;;;;;DET92-260-Deg_H1;A92;23,775;;;;;Nord/Ost;;;1;9206707;35963;179;48,36364032;11,73693801;1;1;30794
ABDS;20181217;6;;;;;DET92-260-Deg_H2;A92;23,775;;;;;Nord/Ost;;;1;9206707;35963;179;48,36364032;11,73693801;1;2;30795
ABDS;20181217;6;;;;;DET92-280-Deg_A1;A92;25;;;;;Nord/Ost;;;1;9206744;35963;216;48,37129667;11,74599174;1;65;30796
ABDS;20181217;6;;;;;DET92-280-Deg_E1;A92;25;;;;;Nord/Ost;;;1;9206744;35963;216;48,37134769;11,74621298;1;129;30797
ABDS;20181217;6;;;;;DET92-290-Deg_H1;A92;25,3;;;;;Nord/Ost;;;1;9206752;35963;224;48,37441171;11,74909546;1;1;30798
ABDS;20181217;6;;;;;DET92-290-Deg_H2;A92;25,3;;;;;Nord/Ost;;;1;9206752;35963;224;48,37441171;11,74909546;1;2;30799
ABDS;20181217;6;;;;;DET92-300-Deg_H1;A92;27,05;;;;;Nord/Ost;;;1;9206804;35964;20;48,38388168;11,7675912;1;1;30819
ABDS;20181217;6;;;;;DET92-300-Deg_H2;A92;27,05;;;;;Nord/Ost;;;1;9206804;35964;20;48,38388168;11,7675912;1;2;30820
ABDS;20181217;6;;;;;DET92-310-Deg_A1;A92;28,05;;;;;Nord/Ost;;;1;9206835;35964;51;48,38736565;11,78153906;1;65;30823
ABDS;20181217;6;;;;;DET92-310-Deg_E1;A92;28,05;;;;;Nord/Ost;;;1;9206835;35964;51;48,38736961;11,78177991;1;129;30824
ABDS;20181217;6;;;;;DET92-310-Deg_H1;A92;28,05;;;;;Nord/Ost;;;1;9206835;35964;51;48,38798344;11,78157004;1;1;30821
ABDS;20181217;6;;;;;DET92-310-Deg_H2;A92;28,05;;;;;Nord/Ost;;;1;9206835;35964;51;48,38798344;11,78157004;1;2;30822
ABDS;20181217;6;;;;;DET92-320-Deg_A1;A92;34;;;;;Nord/Ost;;;1;9207014;35964;230;48,39662815;11,85909636;1;65;30817
ABDS;20181217;6;;;;;DET92-320-Deg_E1;A92;34;;;;;Nord/Ost;;;1;9207014;35964;230;48,39663725;11,8593386;1;129;30818
ABDS;20181217;6;;;;;DET92-320-Deg_H1;A92;34;;;;;Nord/Ost;;;1;9207014;35964;230;48,39705906;11,85885129;1;1;30815
ABDS;20181217;6;;;;;DET92-320-Deg_H2;A92;34;;;;;Nord/Ost;;;1;9207014;35964;230;48,39705906;11,85885129;1;2;30816
ABDS;20181217;6;;;;;DET92-420-Mch_A1;A92;33,75;;;;;Süd/West;;;1;9217005;36003;237;48,39709005;11,85540101;1;97;30758
ABDS;20181217;6;;;;;DET92-420-Mch_E1;A92;33,75;;;;;Süd/West;;;1;9217005;36003;237;48,39705135;11,85516196;1;161;30759
ABDS;20181217;6;;;;;DET92-420-Mch_H1;A92;33,75;;;;;Süd/West;;;1;9217005;36003;237;48,39655917;11,85552863;1;33;30756
ABDS;20181217;6;;;;;DET92-420-Mch_H2;A92;33,75;;;;;Süd/West;;;1;9217005;36003;237;48,39655917;11,85552863;1;34;30757
ABDS;20181217;6;;;;;DET92-430-Deg_H1;A92;31,8;;;;;Nord/Ost;;;1;9216947;36003;179;48,39241936;11,82996876;1;1;30752
ABDS;20181217;6;;;;;DET92-430-Deg_H2;A92;31,8;;;;;Nord/Ost;;;1;9216947;36003;179;48,39241936;11,82996876;1;2;30753
ABDS;20181217;6;;;;;DET92-430-Mch_H1;A92;31,8;;;;;Süd/West;;;1;9216947;36003;179;48,39264807;11,82992074;1;33;30754
ABDS;20181217;6;;;;;DET92-430-Mch_H2;A92;31,8;;;;;Süd/West;;;1;9216947;36003;179;48,39264807;11,82992074;1;34;30755
ABDS;20181217;6;;;;;DETAQ206-Mch-E1;A94;9,08;;;;;Süd/West;;;1;9416211;36782;19;48,14330007;11,74700002;1;161;31013
ABDS;20181217;6;;;;;DETAQ207-Mch-H1;A94;9,07;;;;;Süd/West;;;1;9416211;36782;19;48,14330007;11,74839994;1;33;31008
ABDS;20181217;6;;;;;DETAQ207-Mch-H2;A94;9,07;;;;;Süd/West;;;1;9416211;36782;19;48,14330007;11,74839994;1;34;31009
ABDS;20181217;6;;;;;DETAQ207-Mch-H3;A94;9,07;;;;;Süd/West;;;1;9416211;36782;19;48,14330007;11,74839994;1;35;31010
ABDS;20181217;6;;;;;DETAQ207-Mch-H4;A94;9,07;;;;;Süd/West;;;1;9416211;36782;19;48,14330007;11,74839994;1;36;31011
ABDS;20181217;6;;;;;DETAQ208-Mch-H1;A94;8,21;;;;;Süd/West;;;1;9416187;36781;251;48,14295892;11,73473755;1;33;30999
ABDS;20181217;6;;;;;DETAQ208-Mch-H2;A94;8,21;;;;;Süd/West;;;1;9416187;36781;251;48,14295892;11,73473755;1;34;31000
ABDS;20181217;6;;;;;DETAQ208-Mch-H3;A94;8,21;;;;;Süd/West;;;1;9416187;36781;251;48,14295892;11,73473755;1;35;31001
ABDS;20181217;6;;;;;DETAQ209-Mch-H1;A94;7,417;;;;;Süd/West;;;1;9416169;36781;233;48,14227881;11,72477561;1;33;30996
ABDS;20181217;6;;;;;DETAQ209-Mch-H2;A94;7,417;;;;;Süd/West;;;1;9416169;36781;233;48,14227881;11,72477561;1;34;30997
ABDS;20181217;6;;;;;DETAQ209-Mch-H3;A94;7,417;;;;;Süd/West;;;1;9416169;36781;233;48,14227881;11,72477561;1;35;30998
ABDS;20181217;6;;;;;DETB30_Mch_ANF1;A8-Ost;10,04;;;;;Süd/West;;;1;817080;3191;184;48,021924;11,66133493;1;105;30191
ABDS;20181217;6;;;;;DETB30_Mch_ANF2;A8-Ost;10,04;;;;;Süd/West;;;1;817080;3191;184;48,021924;11,66133493;1;106;30192
ABDS;20181217;6;;;;;DETB30_Mch_APT1;A8-Ost;10,04;;;;;Süd/West;;;1;817080;3191;184;48,02202336;11,66175227;1;97;30189
ABDS;20181217;6;;;;;DETB30_Mch_APT2;A8-Ost;10,04;;;;;Süd/West;;;1;817080;3191;184;48,02202336;11,66175227;1;98;30190
ABDS;20181217;6;;;;;DETFSA09-Pas-A1;A94;4,513;;;;;Nord/Ost;;;1;9406103;36742;151;48,13940951;11,68761191;1;65;31100
ABDS;20181217;6;;;;;DETMQ113-Pas-A1;A94;9,725;;;;;Nord/Ost;;;1;9406221;36743;13;48,14237888;11,75526;1;65;31101
ABDS;20181217;6;;;;;DETMQ113-Pas-E1;A94;9,75;;;;;Nord/Ost;;;1;9406221;36743;13;48,14233889;11,75587;1;129;31102
ABDS;20181217;6;;;;;DETMQ114-Pas-A1;A94;10,1;;;;;Nord/Ost;;;1;9406230;36743;22;48,14231889;11,76005001;1;65;31103
ABDS;20181217;6;;;;;DETMQ114-Pas-E1;A94;10,125;;;;;Nord/Ost;;;1;9406230;36743;22;48,14219255;11,76074827;1;129;31104
ABDS;20181217;6;;;;;DETWWQ04-Mch-H1;A94;5,18;;;;;Süd/West;;;1;9416118;36781;182;48,14172277;11,69485415;1;33;30984
ABDS;20181217;6;;;;;DETWWQ04-Mch-H2;A94;5,18;;;;;Süd/West;;;1;9416118;36781;182;48,14172277;11,69485415;1;34;30985
ABDS;20181217;6;;;;;DETWWQ04-Mch-H3;A94;5,18;;;;;Süd/West;;;1;9416118;36781;182;48,14172277;11,69485415;1;35;30986
ABDS;20181217;6;;;;;DETWWQ06-Mch-A1;A94;3,547;;;;;Süd/West;;;1;9416085;36781;149;48,13750007;11,67410005;1;97;31007
ABDS;20181217;6;;;;;DETWWQ08-Pas-H1;A94;3,05;;;;;Nord/Ost;;;1;9406069;36742;117;48,13828857;11,66797732;1;1;31087
ABDS;20181217;6;;;;;DETWWQ08-Pas-H2;A94;3,05;;;;;Nord/Ost;;;1;9406069;36742;117;48,13828857;11,66797732;1;2;31088
ABDS;20181217;6;;;;;DETWWQ08-Pas-H3;A94;3,05;;;;;Nord/Ost;;;1;9406069;36742;117;48,13828857;11,66797732;1;3;31089
ABDS;20181217;6;;;;;DETWWQ10-Mch-H1;A94;3,95;;;;;Süd/West;;;1;9406090;36742;138;48,13743557;11,68018693;1;33;31093
ABDS;20181217;6;;;;;DETWWQ10-Mch-H2;A94;3,95;;;;;Süd/West;;;1;9406090;36742;138;48,13743557;11,68018693;1;34;31094
ABDS;20181217;6;;;;;DETWWQ10-Mch-H3;A94;3,95;;;;;Süd/West;;;1;9406090;36742;138;48,13743557;11,68018693;1;35;31095
ABDS;20181217;6;;;;;DETWWQ10-Pas-H1;A94;3,95;;;;;Nord/Ost;;;1;9406090;36742;138;48,13732617;11,68020538;1;1;31090
ABDS;20181217;6;;;;;DETWWQ10-Pas-H2;A94;3,95;;;;;Nord/Ost;;;1;9406090;36742;138;48,13732617;11,68020538;1;2;31091
ABDS;20181217;6;;;;;DETWWQ10-Pas-H3;A94;3,95;;;;;Nord/Ost;;;1;9406090;36742;138;48,13732617;11,68020538;1;3;31092
ABDS;20181217;6;;;;;DETWWQ11-Pas-A1;A94;4,26;;;;;Nord/Ost;;;1;9406097;36742;145;48,13790007;11,68380002;1;65;31097
ABDS;20181217;6;;;;;DETWWQ11-Pas-A2;A94;4,26;;;;;Nord/Ost;;;1;9406097;36742;145;48,13790007;11,68380002;1;66;31098
ABDS;20181217;6;;;;;DETWWQ13-Pas-H1;A94;5,854;;;;;Nord/Ost;;;1;9406133;36742;181;48,14213784;11,7043798;1;1;31054
ABDS;20181217;6;;;;;DETWWQ13-Pas-H2;A94;5,854;;;;;Nord/Ost;;;1;9406133;36742;181;48,14213784;11,7043798;1;2;31055
ABDS;20181217;6;;;;;DETWWQ13-Pas-H3;A94;5,854;;;;;Nord/Ost;;;1;9406133;36742;181;48,14213784;11,7043798;1;3;31056
ABDS;20181217;6;;;;;DETZFR01-Pas-E1;A94;4,725;;;;;Nord/Ost;;;1;9406108;36742;156;48,14029891;11,69005602;1;129;31096
ABDS;20181217;6;;;;;DETZFR03-Pas-A1;A94;6,172;;;;;Nord/Ost;;;1;9406141;36742;189;48,14190007;11,7076;1;65;31052
ABDS;20181217;6;;;;;DETZFR03-Pas-E1;A94;6,189;;;;;Nord/Ost;;;1;9406141;36742;189;48,14174888;11,70861001;1;129;31053
ABDS;20181217;6;;;;;DET92-010-Deg_E1;A92;0;;;;;Nord/Ost;;;1;9206036;35961;20;48,2249259;11,54092778;1;129;30833
ABDS;20181217;6;;;;;DET92-010-Deg_E2;A92;0;;;;;Nord/Ost;;;1;9206036;35961;20;48,2249259;11,54092778;1;130;30834
ABDS;20181217;6;;;;;DET92-020-Deg_E1;A92;0,5;;;;;Nord/Ost;;;1;9206014;35960;254;48,23006364;11,54304778;1;1;30825
ABDS;20181217;6;;;;;DET92-020-Deg_E2;A92;0,5;;;;;Nord/Ost;;;1;9206014;35960;254;48,23006364;11,54304778;1;2;30826
ABDS;20181217;6;;;;;DET92-030-Deg_E1;A92;1,006;;;;;Nord/Ost;;;1;9206014;35960;254;48,23016653;11,54309492;1;129;30827
ABDS;20181217;6;;;;;DET92-030-Deg_E2;A92;1,006;;;;;Nord/Ost;;;1;9206014;35960;254;48,23016653;11,54309492;1;130;30828
ABDS;20181217;6;;;;;DET92-040-Deg_H1;A92;1,5;;;;;Nord/Ost;;;1;9206043;35961;27;48,23874353;11,53734514;1;1;30831
ABDS;20181217;6;;;;;DET92-040-Deg_H2;A92;1,5;;;;;Nord/Ost;;;1;9206043;35961;27;48,23874353;11,53734514;1;2;30832
ABDS;20181217;6;;;;;DET92-042-Deg_H1;A92;2,85;;;;;Nord/Ost;;;1;9206085;35961;69;48,25041246;11,53290101;1;1;30837
ABDS;20181217;6;;;;;DET92-042-Deg_H2;A92;2,85;;;;;Nord/Ost;;;1;9206085;35961;69;48,25041246;11,53290101;1;2;30838
ABDS;20181217;6;;;;;DET92-045-Deg_A1;A92;3,2;;;;;Nord/Ost;;;1;9206095;35961;79;48,25320683;11,53365368;1;65;30835
ABDS;20181217;6;;;;;DET92-045-Deg_E1;A92;3,2;;;;;Nord/Ost;;;1;9206095;35961;79;48,2533788;11,53370423;1;129;30836
ABDS;20181217;6;;;;;DET92-050-Deg_H1;A92;3,53;;;;;Nord/Ost;;;1;9206104;35961;88;48,25640652;11,53374165;1;1;30839
ABDS;20181217;6;;;;;DET92-050-Deg_H2;A92;3,53;;;;;Nord/Ost;;;1;9206104;35961;88;48,25640652;11,53374165;1;2;30840
ABDS;20181217;6;;;;;DET92-060-Deg_H1;A92;5,625;;;;;Nord/Ost;;;1;9206167;35961;151;48,2735928;11,54455591;1;1;30841
ABDS;20181217;6;;;;;DET92-060-Deg_H2;A92;5,625;;;;;Nord/Ost;;;1;9206167;35961;151;48,2735928;11,54455591;1;2;30842
ABDS;20181217;6;;;;;DET92-070-Deg_H1;A92;7,8;;;;;Nord/Ost;;;1;9206230;35961;214;48,28829638;11,56363234;1;1;30829
ABDS;20181217;6;;;;;DET92-070-Deg_H2;A92;7,8;;;;;Nord/Ost;;;1;9206230;35961;214;48,28829638;11,56363234;1;2;30830
ABDS;20181217;6;;;;;DET92-075-Deg_A1;A92;9,345;;;;;Nord/Ost;;;1;9206278;35962;6;48,29605017;11,58042547;1;65;30782
ABDS;20181217;6;;;;;DET92-075-Deg_E1;A92;9,345;;;;;Nord/Ost;;;1;9206278;35962;6;48,29614994;11,58068114;1;129;30783
ABDS;20181217;6;;;;;DET92-076-Deg_E1;A92;9,295;;;;;Nord/Ost;;;1;9206277;35962;5;48,29438957;11,57941062;1;1;30777
ABDS;20181217;6;;;;;DET92-076-Deg_E2;A92;9,295;;;;;Nord/Ost;;;1;9206277;35962;5;48,29438957;11,57941062;1;2;30778
ABDS;20181217;6;;;;;DET92-080-Deg_H1;A92;9,8;;;;;Nord/Ost;;;1;9206290;35962;18;48,29899691;11,58527999;1;1;30772
ABDS;20181217;6;;;;;DET9-782-Mch_H2;A9;522,8;;;;;Süd/West;;;1;9131439;35669;175;48,22964269;11,63345739;1;34;30639
ABDS;20181217;6;;;;;DET9-782-Mch_H3;A9;522,8;;;;;Süd/West;;;1;9131439;35669;175;48,22964269;11,63345739;1;35;30640
ABDS;20181217;6;;;;;DET9-783-Mch_E1;A9;523,66;;;;;Süd/West;;;1;9131486;35669;222;48,22243889;11,6296;1;161;30641
ABDS;20181217;6;;;;;DET9-786-Mch_H1;A9;524,06;;;;;Süd/West;;;1;9131500;35669;236;48,21932051;11,62786782;1;177;30646
ABDS;20181217;6;;;;;DET9-786-Mch_H2;A9;524,06;;;;;Süd/West;;;1;9131500;35669;236;48,21932051;11,62786782;1;178;30647
ABDS;20181217;6;;;;;DET9-786-Nbg_E1;A9;524;;;;;Nord/Ost;;;1;9131500;35669;236;48,21940004;11,62910001;1;129;30645
ABDS;20181217;6;;;;;DET9-788-Mch_H1;A9;524,025;;;;;Süd/West;;;1;9131500;35669;236;48,21917889;11,62821001;1;33;30642
ABDS;20181217;6;;;;;DET9-788-Mch_H2;A9;524,025;;;;;Süd/West;;;1;9131500;35669;236;48,21917889;11,62821001;1;34;30643
ABDS;20181217;6;;;;;DET9-788-Mch_H3;A9;524,025;;;;;Süd/West;;;1;9131500;35669;236;48,21917889;11,62821001;1;35;30644
ABDS;20181217;6;;;;;DET9-790-Mch_H1;A9;524,98;;;;;Süd/West;;;1;9131545;35670;25;48,21141889;11,62432;1;33;30669
ABDS;20181217;6;;;;;DET9-790-Mch_H2;A9;524,98;;;;;Süd/West;;;1;9131545;35670;25;48,21141889;11,62432;1;34;30670
ABDS;20181217;6;;;;;DET9-790-Mch_H3;A9;524,98;;;;;Süd/West;;;1;9131545;35670;25;48,21141889;11,62432;1;35;30671
ABDS;20181217;6;;;;;DET9-790-Mch_H4;A9;524,98;;;;;Süd/West;;;1;9131545;35670;25;48,21141889;11,62432;1;36;30672
ABDS;20181217;6;;;;;DET9-790-Mch_H5;A9;524,98;;;;;Süd/West;;;1;9131545;35670;25;48,21141889;11,62432;1;37;30673
ABDS;20181217;6;;;;;DET9-795-Mch_A1;A9;525,63;;;;;Süd/West;;;1;9131577;35670;57;48,20658889;11,62140001;1;97;30674
ABDS;20181217;6;;;;;DET9-795-Mch_A2;A9;525,63;;;;;Süd/West;;;1;9131577;35670;57;48,20658889;11,62140001;1;98;30675
ABDS;20181217;6;;;;;DET9-795-Mch_E1;A9;525,63;;;;;Süd/West;;;1;9131577;35670;57;48,20540005;11,62089995;1;161;30676
ABDS;20181217;6;;;;;DET9-810-Mch_A1;A9;526,47;;;;;Süd/West;;;1;9131618;35670;98;48,19940001;11,61779996;1;161;30681
ABDS;20181217;6;;;;;DET9-810-Mch_H1;A9;526,47;;;;;Süd/West;;;1;9131618;35670;98;48,19840005;11,61779999;1;33;30677
ABDS;20181217;6;;;;;DET9-810-Mch_H2;A9;526,47;;;;;Süd/West;;;1;9131618;35670;98;48,19840005;11,61779999;1;34;30678
ABDS;20181217;6;;;;;DET9-810-Mch_H3;A9;526,47;;;;;Süd/West;;;1;9131618;35670;98;48,19840005;11,61779999;1;35;30679
ABDS;20181217;6;;;;;DET9-824-Mch_E1;A9;526,61;;;;;Süd/West;;;1;9131618;35670;98;48,19750001;11,61710006;1;97;30680
ABDS;20181217;6;;;;;DET9-830-Mch_H1;A9;527,04;;;;;Süd/West;;;1;9131645;35670;125;48,19341949;11,61540706;1;33;30682
ABDS;20181217;6;;;;;DET9-830-Mch_H2;A9;527,04;;;;;Süd/West;;;1;9131645;35670;125;48,19341949;11,61540706;1;34;30683
ABDS;20181217;6;;;;;DET9-830-Mch_H3;A9;527,04;;;;;Süd/West;;;1;9131645;35670;125;48,19341949;11,61540706;1;35;30684
ABDS;20181217;6;;;;;DET9-855-Mch_H1;A9;528,15;;;;;Süd/West;;;1;9131701;35670;181;48,18560938;11,60885412;1;33;30664
ABDS;20181217;6;;;;;DET9-855-Mch_H2;A9;528,15;;;;;Süd/West;;;1;9131701;35670;181;48,18560938;11,60885412;1;34;30665
ABDS;20181217;6;;;;;DET9-855-Nbg_H1;A9;528,15;;;;;Nord/Ost;;;1;9131701;35670;181;48,18545254;11,60891224;1;1;30662
ABDS;20181217;6;;;;;DET9-855-Nbg_H2;A9;528,15;;;;;Nord/Ost;;;1;9131701;35670;181;48,18545254;11,60891224;1;2;30663
ABDS;20181217;6;;;;;DET9-870-Mch_H1;A9;529,475;;;;;Süd/West;;;1;9131763;35670;243;48,17827594;11,59511991;1;33;30666
ABDS;20181217;6;;;;;DET9-870-Mch_H2;A9;529,475;;;;;Süd/West;;;1;9131763;35670;243;48,17827594;11,59511991;1;34;30667
ABDS;20181217;6;;;;;DET9-870-Mch_H3;A9;529,475;;;;;Süd/West;;;1;9131763;35670;243;48,17827594;11,59511991;1;35;30668
ABDS;20181217;6;;;;;DET99-187-Sbg_E;A99;34,29;;;;;Süd/West;;;1;9908530;38705;50;48,17010003;11,73679995;1;161;31543
ABDS;20181217;6;;;;;DET99-190-Sbg_E;A99;34,64;;;;;Süd/West;;;1;9908572;38705;92;48,16730003;11,73960007;1;161;31551
ABDS;20181217;6;;;;;DET99500_Stg_H1;A99;53,87;;;;;Nord/Ost;;;1;9919993;38749;249;48,02623645;11,64926101;1;1;31574
ABDS;20181217;6;;;;;DET99500_Stg_H2;A99;53,87;;;;;Nord/Ost;;;1;9919993;38749;249;48,02623645;11,64926101;1;2;31575
ABDS;20181217;6;;;;;DET99510_Stg_H1;A99;52,97;;;;;Nord/Ost;;;1;9919926;38749;182;48,02943087;11,66338997;1;1;31570
ABDS;20181217;6;;;;;DET99510_Stg_H2;A99;52,97;;;;;Nord/Ost;;;1;9919926;38749;182;48,02943087;11,66338997;1;2;31571
ABDS;20181217;6;;;;;DET99520_Stg_H1;A99;52,33;;;;;Nord/Ost;;;1;9919879;38749;135;48,03280008;11,67070002;1;1;31584
ABDS;20181217;6;;;;;DET99520_Stg_H2;A99;52,33;;;;;Nord/Ost;;;1;9919879;38749;135;48,03280008;11,67070002;1;2;31585
ABDS;20181217;6;;;;;DET99520_Stg_H3;A99;52,33;;;;;Nord/Ost;;;1;9919879;38749;135;48,03280008;11,67070002;1;3;31586
ABDS;20181217;6;;;;;DET99520_Stg_H4;A99;52,33;;;;;Nord/Ost;;;1;9919879;38749;135;48,03280008;11,67070002;1;4;31587
ABDS;20181217;6;;;;;DET99D10_Stg_H1;A99;52,97;;;;;Nord/Ost;;;1;9919926;38749;182;48,02933824;11,66367623;1;129;31572
ABDS;20181217;6;;;;;DET99D10_Stg_H2;A99;52,97;;;;;Nord/Ost;;;1;9919926;38749;182;48,02933824;11,66367623;1;130;31573
ABDS;20181217;6;;;;;DETAQ116-Pas-H1;A94;7,858;;;;;Nord/Ost;;;1;9406179;36742;227;48,14265126;11,73135804;1;1;31062
ABDS;20181217;6;;;;;DETAQ116-Pas-H2;A94;7,858;;;;;Nord/Ost;;;1;9406179;36742;227;48,14265126;11,73135804;1;2;31063
ABDS;20181217;6;;;;;DETAQ116-Pas-H3;A94;7,858;;;;;Nord/Ost;;;1;9406179;36742;227;48,14265126;11,73135804;1;3;31064
ABDS;20181217;6;;;;;DETAQ117-Pas-H1;A94;8,843;;;;;Nord/Ost;;;1;9406200;36742;248;48,14299187;11,74404876;1;1;31065
ABDS;20181217;6;;;;;DETAQ117-Pas-H2;A94;8,843;;;;;Nord/Ost;;;1;9406200;36742;248;48,14299187;11,74404876;1;2;31066
ABDS;20181217;6;;;;;DETAQ117-Pas-H3;A94;8,843;;;;;Nord/Ost;;;1;9406200;36742;248;48,14299187;11,74404876;1;3;31067
ABDS;20181217;6;;;;;DETAQ117-Pas-H4;A94;8,843;;;;;Nord/Ost;;;1;9406200;36742;248;48,14299187;11,74404876;1;4;31068
ABDS;20181217;6;;;;;DETAQ118-Pas-H1;A94;10,668;;;;;Nord/Ost;;;1;9406242;36743;34;48,14259251;11,76901248;1;2;31105
ABDS;20181217;6;;;;;DETAQ118-Pas-H2;A94;10,668;;;;;Nord/Ost;;;1;9406242;36743;34;48,14259251;11,76901248;1;3;30935
ABDS;20181217;6;;;;;DETAQ195-Mch-A1;A94;10,305;;;;;Nord/Ost;;;1;9416238;36782;46;48,14271541;11,76390651;1;65;31016
ABDS;20181217;6;;;;;DETAQ195-Mch-H1;A94;10,305;;;;;Nord/Ost;;;1;9416238;36782;46;48,14258453;11,76390356;1;1;31014
ABDS;20181217;6;;;;;DETAQ195-Mch-H2;A94;10,305;;;;;Nord/Ost;;;1;9416238;36782;46;48,14258453;11,76390356;1;2;31015
ABDS;20181217;6;;;;;DETAQ195-Mch-P1;A94;10,305;;;;;Nord/Ost;;;1;9416238;36782;46;48,14266068;11,76390321;1;81;31017
ABDS;20181217;6;;;;;DETAQ202-Mch-A1;A94;11,095;;;;;Nord/Ost;;;1;9416255;36782;63;48,14377303;11,77395984;1;65;31023
ABDS;20181217;6;;;;;DETAQ202-Mch-H1;A94;11,095;;;;;Süd/West;;;1;9416255;36782;63;48,14373028;11,77400269;1;33;31021
ABDS;20181217;6;;;;;DETAQ202-Mch-H2;A94;11,095;;;;;Süd/West;;;1;9416255;36782;63;48,14373028;11,77400269;1;34;31022
ABDS;20181217;6;;;;;DETAQ203-Mch-E1;A94;10;;;;;Süd/West;;;1;9416229;36782;37;48,14293888;11,75958001;1;161;31020
ABDS;20181217;6;;;;;DETAQ205-Mch-E1;A94;9,61;;;;;Süd/West;;;1;9418749;36791;253;48,14332926;11,75472685;1;161;31036
ABDS;20181217;6;;;;;DETAQ205-Mch-E2;A94;9,61;;;;;Süd/West;;;1;9418749;36791;253;48,14332926;11,75472685;1;162;31037
ABDS;20181217;6;;;;;DETAQ206-Mch-A1;A94;9,12;;;;;Süd/West;;;1;9416211;36782;19;48,14330007;11,74839994;1;97;31012
ABDS;20181217;6;;;;;DET9-310-Nbg_H2;A9;515,325;;;;;Nord/Ost;;;1;9031076;35277;164;48,29488669;11,63397295;1;2;30957
ABDS;20181217;6;;;;;DET9-310-Nbg_H3;A9;515,325;;;;;Nord/Ost;;;1;9031076;35277;164;48,29488669;11,63397295;1;3;30958
ABDS;20181217;6;;;;;DET9-310-Nbg_H4;A9;515,325;;;;;Nord/Ost;;;1;9031076;35277;164;48,29488669;11,63397295;1;4;30959
ABDS;20181217;6;;;;;DET9-330-Nbg_A1;A9;514,83;;;;;Nord/Ost;;;1;9031054;35277;142;48,29943866;11,63257841;1;65;31189
ABDS;20181217;6;;;;;DET9-330-Nbg_A2;A9;514,83;;;;;Nord/Ost;;;1;9031054;35277;142;48,29943866;11,63257841;1;66;31190
ABDS;20181217;6;;;;;DET9-330-Nbg_E1;A9;514,83;;;;;Nord/Ost;;;1;9031054;35277;142;48,29946929;11,63242272;1;129;31191
ABDS;20181217;6;;;;;DET9-350-Nbg_H1;A9;514;;;;;Nord/Ost;;;1;9031012;35277;100;48,30571378;11,62763817;1;1;30973
ABDS;20181217;6;;;;;DET9-350-Nbg_H2;A9;514;;;;;Nord/Ost;;;1;9031012;35277;100;48,30571378;11,62763817;1;2;30974
ABDS;20181217;6;;;;;DET9-350-Nbg_H3;A9;514;;;;;Nord/Ost;;;1;9031012;35277;100;48,30571378;11,62763817;1;3;30975
ABDS;20181217;6;;;;;DET9-350-Nbg_H4;A9;514;;;;;Nord/Ost;;;1;9031012;35277;100;48,30571378;11,62763817;1;4;30976
ABDS;20181217;6;;;;;DET9-360-Nbg_H1;A9;513,23;;;;;Nord/Ost;;;1;9030975;35277;63;48,31165714;11,62389401;1;1;30968
ABDS;20181217;6;;;;;DET9-360-Nbg_H2;A9;513,23;;;;;Nord/Ost;;;1;9030975;35277;63;48,31165714;11,62389401;1;2;30969
ABDS;20181217;6;;;;;DET9-360-Nbg_H3;A9;513,23;;;;;Nord/Ost;;;1;9030975;35277;63;48,31165714;11,62389401;1;3;30970
ABDS;20181217;6;;;;;DET9-361-Nbg_H1;A9;513,31;;;;;Nord/Ost;;;1;9030976;35277;64;48,31165714;11,62389401;1;81;30971
ABDS;20181217;6;;;;;DET9-361-Nbg_H2;A9;513,31;;;;;Nord/Ost;;;1;9030976;35277;64;48,31165714;11,62389401;1;82;30972
ABDS;20181217;6;;;;;DET9-362-Nbg_A1;A9;512,6;;;;;Nord/Ost;;;1;9030944;35277;32;48,31770008;11,62050002;1;65;30966
ABDS;20181217;6;;;;;DET9-362-Nbg_E1;A9;512,6;;;;;Nord/Ost;;;1;9030944;35277;32;48,31880002;11,62049996;1;129;30967
ABDS;20181217;6;;;;;DET9-364-Nbg_E1;A9;512,9;;;;;Nord/Ost;;;1;9030959;35277;47;48,31550005;11,62209999;1;129;30964
ABDS;20181217;6;;;;;DET9-364-Nbg_E2;A9;512,9;;;;;Nord/Ost;;;1;9030959;35277;47;48,31550005;11,62209999;1;130;30965
ABDS;20181217;6;;;;;DET9-602-Mch_A1;A9;512,6;;;;;Süd/West;;;1;9130944;35667;192;48,31830006;11,61910004;1;97;30608
ABDS;20181217;6;;;;;DET9-602-Mch_A2;A9;512,6;;;;;Süd/West;;;1;9130944;35667;192;48,31830006;11,61910004;1;98;30609
ABDS;20181217;6;;;;;DET9-604-Mch_A1;A9;512,9;;;;;Süd/West;;;1;9130959;35667;207;48,31500007;11,62110003;1;97;30606
ABDS;20181217;6;;;;;DET9-604-Mch_E1;A9;512,9;;;;;Süd/West;;;1;9130959;35667;207;48,31400001;11,62059995;1;161;30607
ABDS;20181217;6;;;;;DET9-610-Mch_H1;A9;513,265;;;;;Süd/West;;;1;9130976;35667;224;48,31177889;11,62351001;1;33;30612
ABDS;20181217;6;;;;;DET9-610-Mch_H2;A9;513,265;;;;;Süd/West;;;1;9130976;35667;224;48,31177889;11,62351001;1;34;30613
ABDS;20181217;6;;;;;DET9-610-Mch_H3;A9;513,265;;;;;Süd/West;;;1;9130976;35667;224;48,31177889;11,62351001;1;35;30614
ABDS;20181217;6;;;;;DET9-610-Mch_P1;A9;513,265;;;;;Süd/West;;;1;9130976;35667;224;48,31170207;11,62324628;1;113;30615
ABDS;20181217;6;;;;;DET9-610-Mch_P2;A9;513,265;;;;;Süd/West;;;1;9130976;35667;224;48,31170207;11,62324628;1;114;30616
ABDS;20181217;6;;;;;DET9-630-Mch_H1;A9;514,2;;;;;Süd/West;;;1;9131020;35668;12;48,30328508;11,62857946;1;33;30621
ABDS;20181217;6;;;;;DET9-630-Mch_H2;A9;514,2;;;;;Süd/West;;;1;9131020;35668;12;48,30328508;11,62857946;1;34;30622
ABDS;20181217;6;;;;;DET9-630-Mch_H3;A9;514,2;;;;;Süd/West;;;1;9131020;35668;12;48,30328508;11,62857946;1;35;30623
ABDS;20181217;6;;;;;DET9-630-Mch_H4;A9;514,2;;;;;Süd/West;;;1;9131020;35668;12;48,30328508;11,62857946;1;36;30624
ABDS;20181217;6;;;;;DET9-640-Mch_A1;A9;514,8;;;;;Süd/West;;;1;9131050;35668;42;48,29865171;11,63045083;1;97;30627
ABDS;20181217;6;;;;;DET9-640-Mch_A2;A9;514,8;;;;;Süd/West;;;1;9131050;35668;42;48,29865171;11,63045083;1;98;30628
ABDS;20181217;6;;;;;DET9-640-Mch_E1;A9;514,8;;;;;Süd/West;;;1;9131050;35668;42;48,29852127;11,63053573;1;161;30629
ABDS;20181217;6;;;;;DET9-650-Mch_H1;A9;515,22;;;;;Süd/West;;;1;9131070;35668;62;48,29543195;11,63318237;1;33;30630
ABDS;20181217;6;;;;;DET9-650-Mch_H2;A9;515,22;;;;;Süd/West;;;1;9131070;35668;62;48,29543195;11,63318237;1;34;30631
ABDS;20181217;6;;;;;DET9-650-Mch_H3;A9;515,22;;;;;Süd/West;;;1;9131070;35668;62;48,29543195;11,63318237;1;35;30632
ABDS;20181217;6;;;;;DET9-650-Mch_H4;A9;515,22;;;;;Süd/West;;;1;9131070;35668;62;48,29543195;11,63318237;1;36;30633
ABDS;20181217;6;;;;;DET9-670-Mch_H1;A9;516,32;;;;;Süd/West;;;1;9131124;35668;116;48,2860941;11,6381332;1;33;30634
ABDS;20181217;6;;;;;DET9-670-Mch_H2;A9;516,32;;;;;Süd/West;;;1;9131124;35668;116;48,2860941;11,6381332;1;34;30635
ABDS;20181217;6;;;;;DET9-670-Mch_H3;A9;516,32;;;;;Süd/West;;;1;9131124;35668;116;48,2860941;11,6381332;1;35;30636
ABDS;20181217;6;;;;;DET9-670-Mch_H4;A9;516,32;;;;;Süd/West;;;1;9131124;35668;116;48,2860941;11,6381332;1;36;30637
ABDS;20181217;6;;;;;DET9-690-Mch_H1;A9;517,493;;;;;Süd/West;;;1;9131182;35668;174;48,27563959;11,64236576;1;33;30617
ABDS;20181217;6;;;;;DET9-690-Mch_H2;A9;517,493;;;;;Süd/West;;;1;9131182;35668;174;48,27563959;11,64236576;1;34;30618
ABDS;20181217;6;;;;;DET9-690-Mch_H3;A9;517,493;;;;;Süd/West;;;1;9131182;35668;174;48,27563959;11,64236576;1;35;30619
ABDS;20181217;6;;;;;DET9-690-Mch_H4;A9;517,493;;;;;Süd/West;;;1;9131182;35668;174;48,27563959;11,64236576;1;36;30620
ABDS;20181217;6;;;;;DET9-720-Mch_A1;A9;518,66;;;;;Süd/West;;;1;9131239;35668;231;48,26536148;11,64463755;1;97;30625
ABDS;20181217;6;;;;;DET9-720-Mch_E1;A9;518,66;;;;;Süd/West;;;1;9131239;35668;231;48,26525799;11,64472218;1;161;30626
ABDS;20181217;6;;;;;DET9-730-Mch_H1;A9;519,35;;;;;Süd/West;;;1;9131271;35669;7;48,25959504;11,64710177;1;33;30658
ABDS;20181217;6;;;;;DET9-730-Mch_H2;A9;519,35;;;;;Süd/West;;;1;9131271;35669;7;48,25959504;11,64710177;1;34;30659
ABDS;20181217;6;;;;;DET9-730-Mch_H3;A9;519,35;;;;;Süd/West;;;1;9131271;35669;7;48,25959504;11,64710177;1;35;30660
ABDS;20181217;6;;;;;DET9-730-Mch_H4;A9;519,35;;;;;Süd/West;;;1;9131271;35669;7;48,25959504;11,64710177;1;36;30661
ABDS;20181217;6;;;;;DET9-750-Mch_H1;A9;520,3;;;;;Süd/West;;;1;9131318;35669;54;48,25138206;11,64429366;1;33;30648
ABDS;20181217;6;;;;;DET9-750-Mch_H2;A9;520,3;;;;;Süd/West;;;1;9131318;35669;54;48,25138206;11,64429366;1;34;30649
ABDS;20181217;6;;;;;DET9-750-Mch_H3;A9;520,3;;;;;Süd/West;;;1;9131318;35669;54;48,25138206;11,64429366;1;35;30650
ABDS;20181217;6;;;;;DET9-750-Mch_H4;A9;520,3;;;;;Süd/West;;;1;9131318;35669;54;48,25138206;11,64429366;1;36;30651
ABDS;20181217;6;;;;;DET9-770-Mch_A1;A9;520,85;;;;;Süd/West;;;1;9131343;35669;79;48,24720003;11,64189999;1;97;30652
ABDS;20181217;6;;;;;DET9-770-Mch_E1;A9;520,85;;;;;Süd/West;;;1;9131343;35669;79;48,24650001;11,64170007;1;161;30653
ABDS;20181217;6;;;;;DET9-780-Mch_H1;A9;521,2;;;;;Süd/West;;;1;9131361;35669;97;48,24378695;11,64049538;1;33;30654
ABDS;20181217;6;;;;;DET9-780-Mch_H2;A9;521,2;;;;;Süd/West;;;1;9131361;35669;97;48,24378695;11,64049538;1;34;30655
ABDS;20181217;6;;;;;DET9-780-Mch_H3;A9;521,2;;;;;Süd/West;;;1;9131361;35669;97;48,24378695;11,64049538;1;35;30656
ABDS;20181217;6;;;;;DET9-780-Mch_H4;A9;521,2;;;;;Süd/West;;;1;9131361;35669;97;48,24378695;11,64049538;1;36;30657
ABDS;20181217;6;;;;;DET9-782-Mch_H1;A9;522,8;;;;;Süd/West;;;1;9131439;35669;175;48,22964269;11,63345739;1;33;30638
ABDS;20181217;6;;;;;DETQ282_Sbg_E1;A8-Ost;122,4;;;;;Nord/Ost;;;1;809885;3163;157;47,76595463;12,90620669;1;129;29935
ABDS;20181217;6;;;;;DETQ283_Sbg_H1;A8-Ost;122,835;;;;;Nord/Ost;;;1;809898;3163;170;47,76614889;12,91209;1;1;29702
ABDS;20181217;6;;;;;DETQ283_Sbg_H2;A8-Ost;122,835;;;;;Nord/Ost;;;1;809898;3163;170;47,76614889;12,91209;1;2;29703
ABDS;20181217;6;;;;;DETQ285_Mch_H1;A8-Ost;123,25;;;;;Süd/West;;;1;819913;3202;201;47,76677504;12,91755335;1;33;30241
ABDS;20181217;6;;;;;DETQ285_Mch_H2;A8-Ost;123,25;;;;;Süd/West;;;1;819913;3202;201;47,76677504;12,91755335;1;34;30242
ABDS;20181217;6;;;;;DETQ287_Sbg_H1;A8-Ost;123,731;;;;;Nord/Ost;;;1;809928;3163;200;47,76724236;12,92444831;1;1;29704
ABDS;20181217;6;;;;;DETQ287_Sbg_H2;A8-Ost;123,731;;;;;Nord/Ost;;;1;809928;3163;200;47,76724236;12,92444831;1;2;29705
ABDS;20181217;6;;;;;DET8-130-Mch_A1;A8-Ost;11,21;;;;;Süd/West;;;1;806353;3149;209;48,01284228;11,66618509;1;97;29825
ABDS;20181217;6;;;;;DET8-130-Mch_A2;A8-Ost;11,21;;;;;Süd/West;;;1;806353;3149;209;48,01284228;11,66618509;1;98;29826
ABDS;20181217;6;;;;;DET8-130-Mch_A3;A8-Ost;11,21;;;;;Süd/West;;;1;806353;3149;209;48,01284228;11,66618509;1;99;29827
ABDS;20181217;6;;;;;DET8-130-Mch_H1;A8-Ost;11,21;;;;;Süd/West;;;1;806353;3149;209;48,0127985;11,66607893;1;33;29823
ABDS;20181217;6;;;;;DET8-130-Mch_H2;A8-Ost;11,21;;;;;Süd/West;;;1;806353;3149;209;48,0127985;11,66607893;1;34;29824
ABDS;20181217;6;;;;;DET9-070-Nbg_E1;A9;527,76;;;;;Nord/Ost;;;1;9031682;35280;2;48,18790002;11,61250001;1;129;31240
ABDS;20181217;6;;;;;DET9-100-Nbg_A1;A9;526,75;;;;;Nord/Ost;;;1;9031635;35279;211;48,19640002;11,61719998;1;65;31223
ABDS;20181217;6;;;;;DET9-100-Nbg_E1;A9;526,75;;;;;Nord/Ost;;;1;9031635;35279;211;48,19700009;11,61769995;1;129;31224
ABDS;20181217;6;;;;;DET9-100-Nbg_H1;A9;526,75;;;;;Nord/Ost;;;1;9031635;35279;211;48,19680004;11,61719996;1;1;31220
ABDS;20181217;6;;;;;DET9-100-Nbg_H2;A9;526,75;;;;;Nord/Ost;;;1;9031635;35279;211;48,19680004;11,61719996;1;2;31221
ABDS;20181217;6;;;;;DET9-100-Nbg_H3;A9;526,75;;;;;Nord/Ost;;;1;9031635;35279;211;48,19680004;11,61719996;1;3;31222
ABDS;20181217;6;;;;;DET9-110-Nbg_H1;A9;526,02;;;;;Nord/Ost;;;1;9031599;35279;175;48,20251978;11,62006244;1;1;31213
ABDS;20181217;6;;;;;DET9-110-Nbg_H2;A9;526,02;;;;;Nord/Ost;;;1;9031599;35279;175;48,20251978;11,62006244;1;2;31214
ABDS;20181217;6;;;;;DET9-110-Nbg_H3;A9;526,02;;;;;Nord/Ost;;;1;9031599;35279;175;48,20251978;11,62006244;1;3;31215
ABDS;20181217;6;;;;;DET9-110-Nbg_H4;A9;526,02;;;;;Nord/Ost;;;1;9031599;35279;175;48,20251978;11,62006244;1;4;31216
ABDS;20181217;6;;;;;DET9-120-Nbg_A1;A9;525,82;;;;;Nord/Ost;;;1;9031589;35279;165;48,20367923;11,62098291;1;65;31217
ABDS;20181217;6;;;;;DET9-120-Nbg_E1;A9;525,82;;;;;Nord/Ost;;;1;9031589;35279;165;48,20418888;11,62151;1;129;31218
ABDS;20181217;6;;;;;DET9-120-Nbg_E2;A9;525,82;;;;;Nord/Ost;;;1;9031589;35279;165;48,20418888;11,62151;1;130;31219
ABDS;20181217;6;;;;;DET9-135-Nbg_H1;A9;525,02;;;;;Nord/Ost;;;1;9031550;35279;126;48,21088317;11,62427982;1;1;31235
ABDS;20181217;6;;;;;DET9-135-Nbg_H2;A9;525,02;;;;;Nord/Ost;;;1;9031550;35279;126;48,21088317;11,62427982;1;2;31236
ABDS;20181217;6;;;;;DET9-135-Nbg_H3;A9;525,02;;;;;Nord/Ost;;;1;9031550;35279;126;48,21088317;11,62427982;1;3;31237
ABDS;20181217;6;;;;;DET9-135-Nbg_P1;A9;525,02;;;;;Nord/Ost;;;1;9031550;35279;126;48,21460006;11,62640005;1;81;31238
ABDS;20181217;6;;;;;DET9-135-Nbg_P2;A9;525,02;;;;;Nord/Ost;;;1;9031550;35279;126;48,21460006;11,62640005;1;82;31239
ABDS;20181217;6;;;;;DET9-155-Nbg_H1;A9;524,35;;;;;Nord/Ost;;;1;9031517;35279;93;48,21660556;11,62713976;1;1;31230
ABDS;20181217;6;;;;;DET9-155-Nbg_H2;A9;524,35;;;;;Nord/Ost;;;1;9031517;35279;93;48,21660556;11,62713976;1;2;31231
ABDS;20181217;6;;;;;DET9-155-Nbg_H3;A9;524,35;;;;;Nord/Ost;;;1;9031517;35279;93;48,21660556;11,62713976;1;3;31232
ABDS;20181217;6;;;;;DET9-166-Nbg_H1;A9;523,375;;;;;Nord/Ost;;;1;9031470;35279;46;48,22495794;11,63134706;1;1;31225
ABDS;20181217;6;;;;;DET9-166-Nbg_H2;A9;523,375;;;;;Nord/Ost;;;1;9031470;35279;46;48,22495794;11,63134706;1;2;31226
ABDS;20181217;6;;;;;DET9-166-Nbg_H3;A9;523,375;;;;;Nord/Ost;;;1;9031470;35279;46;48,22495794;11,63134706;1;3;31227
ABDS;20181217;6;;;;;DET9-168-Nbg_E1;A9;523,375;;;;;Nord/Ost;;;1;9031470;35279;46;48,22490013;11,63187095;1;81;31228
ABDS;20181217;6;;;;;DET9-168-Nbg_E2;A9;523,375;;;;;Nord/Ost;;;1;9031470;35279;46;48,22490013;11,63187095;1;82;31229
ABDS;20181217;6;;;;;DET9-170-Nbg_H1;A9;522,42;;;;;Nord/Ost;;;1;9031423;35278;255;48,23315328;11,63559519;1;1;31199
ABDS;20181217;6;;;;;DET9-170-Nbg_H2;A9;522,42;;;;;Nord/Ost;;;1;9031423;35278;255;48,23315328;11,63559519;1;2;31200
ABDS;20181217;6;;;;;DET9-170-Nbg_H3;A9;522,42;;;;;Nord/Ost;;;1;9031423;35278;255;48,23315328;11,63559519;1;3;31201
ABDS;20181217;6;;;;;DET9-170-Nbg_H4;A9;522,42;;;;;Nord/Ost;;;1;9031423;35278;255;48,23315328;11,63559519;1;4;31202
ABDS;20181217;6;;;;;DET9-180-Nbg_A1;A9;521,45;;;;;Nord/Ost;;;1;9031376;35278;208;48,24101139;11,6404896;1;65;31196
ABDS;20181217;6;;;;;DET9-180-Nbg_A2;A9;521,45;;;;;Nord/Ost;;;1;9031376;35278;208;48,24101139;11,6404896;1;66;31197
ABDS;20181217;6;;;;;DET9-180-Nbg_E1;A9;521,45;;;;;Nord/Ost;;;1;9031376;35278;208;48,24108813;11,64050768;1;129;31198
ABDS;20181217;6;;;;;DET9-210-Nbg_H1;A9;520,75;;;;;Nord/Ost;;;1;9031342;35278;174;48,24737664;11,6426961;1;1;31192
ABDS;20181217;6;;;;;DET9-210-Nbg_H2;A9;520,75;;;;;Nord/Ost;;;1;9031342;35278;174;48,24737664;11,6426961;1;2;31193
ABDS;20181217;6;;;;;DET9-210-Nbg_H3;A9;520,75;;;;;Nord/Ost;;;1;9031342;35278;174;48,24737664;11,6426961;1;3;31194
ABDS;20181217;6;;;;;DET9-210-Nbg_H4;A9;520,75;;;;;Nord/Ost;;;1;9031342;35278;174;48,24737664;11,6426961;1;4;31195
ABDS;20181217;6;;;;;DET9-240-Nbg_H1;A9;519,615;;;;;Nord/Ost;;;1;9031287;35278;119;48,25722542;11,64718578;1;1;31209
ABDS;20181217;6;;;;;DET9-240-Nbg_H2;A9;519,615;;;;;Nord/Ost;;;1;9031287;35278;119;48,25722542;11,64718578;1;2;31210
ABDS;20181217;6;;;;;DET9-240-Nbg_H3;A9;519,615;;;;;Nord/Ost;;;1;9031287;35278;119;48,25722542;11,64718578;1;3;31211
ABDS;20181217;6;;;;;DET9-240-Nbg_H4;A9;519,615;;;;;Nord/Ost;;;1;9031287;35278;119;48,25722542;11,64718578;1;4;31212
ABDS;20181217;6;;;;;DET9-250-Nbg_A1;A9;519;;;;;Nord/Ost;;;1;9031257;35278;89;48,263183;11,64806156;1;65;31207
ABDS;20181217;6;;;;;DET9-250-Nbg_E1;A9;519;;;;;Nord/Ost;;;1;9031257;35278;89;48,26331539;11,64793325;1;129;31208
ABDS;20181217;6;;;;;DET9-260-Nbg_H1;A9;518,315;;;;;Nord/Ost;;;1;9031224;35278;56;48,26865389;11,64517729;1;1;31203
ABDS;20181217;6;;;;;DET9-260-Nbg_H2;A9;518,315;;;;;Nord/Ost;;;1;9031224;35278;56;48,26865389;11,64517729;1;2;31204
ABDS;20181217;6;;;;;DET9-260-Nbg_H3;A9;518,315;;;;;Nord/Ost;;;1;9031224;35278;56;48,26865389;11,64517729;1;3;31205
ABDS;20181217;6;;;;;DET9-260-Nbg_H4;A9;518,315;;;;;Nord/Ost;;;1;9031224;35278;56;48,26865389;11,64517729;1;4;31206
ABDS;20181217;6;;;;;DET9-280-Nbg_H1;A9;516,8;;;;;Nord/Ost;;;1;9031150;35277;238;48,2820599;11,64057396;1;1;30960
ABDS;20181217;6;;;;;DET9-280-Nbg_H2;A9;516,8;;;;;Nord/Ost;;;1;9031150;35277;238;48,2820599;11,64057396;1;2;30961
ABDS;20181217;6;;;;;DET9-280-Nbg_H3;A9;516,8;;;;;Nord/Ost;;;1;9031150;35277;238;48,2820599;11,64057396;1;3;30962
ABDS;20181217;6;;;;;DET9-280-Nbg_H4;A9;516,8;;;;;Nord/Ost;;;1;9031150;35277;238;48,2820599;11,64057396;1;4;30963
ABDS;20181217;6;;;;;DET9-310-Nbg_H1;A9;515,325;;;;;Nord/Ost;;;1;9031076;35277;164;48,29488669;11,63397295;1;1;30956
ABDS;20181217;6;;;;;DETQ237_Sbg_H1;A8-Ost;102,5;;;;;Nord/Ost;;;1;809253;3161;37;47,82601137;12,68437028;1;1;30110
ABDS;20181217;6;;;;;DETQ237_Sbg_H2;A8-Ost;102,5;;;;;Nord/Ost;;;1;809253;3161;37;47,82601137;12,68437028;1;2;30111
ABDS;20181217;6;;;;;DETQ239_Mch_H1;A8-Ost;104,025;;;;;Süd/West;;;1;809301;3161;85;47,82915101;12,7040244;1;33;30116
ABDS;20181217;6;;;;;DETQ239_Mch_H2;A8-Ost;104,025;;;;;Süd/West;;;1;809301;3161;85;47,82915101;12,7040244;1;34;30117
ABDS;20181217;6;;;;;DETQ239_Sbg_H1;A8-Ost;104,025;;;;;Nord/Ost;;;1;809301;3161;85;47,8290202;12,70404689;1;1;30114
ABDS;20181217;6;;;;;DETQ239_Sbg_H2;A8-Ost;104,025;;;;;Nord/Ost;;;1;809301;3161;85;47,8290202;12,70404689;1;2;30115
ABDS;20181217;6;;;;;DETQ245_Mch_H1;A8-Ost;106,27;;;;;Süd/West;;;1;809373;3161;157;47,83084888;12,73356001;1;33;30120
ABDS;20181217;6;;;;;DETQ245_Mch_H2;A8-Ost;106,27;;;;;Süd/West;;;1;809373;3161;157;47,83084888;12,73356001;1;34;30121
ABDS;20181217;6;;;;;DETQ245_Sbg_H1;A8-Ost;106,27;;;;;Nord/Ost;;;1;809373;3161;157;47,83073411;12,73355162;1;1;30118
ABDS;20181217;6;;;;;DETQ245_Sbg_H2;A8-Ost;106,27;;;;;Nord/Ost;;;1;809373;3161;157;47,83073411;12,73355162;1;2;30119
ABDS;20181217;6;;;;;DETQ247_Mch_A1;A8-Ost;106,715;;;;;Süd/West;;;1;809388;3161;172;47,83130006;12,73989995;1;97;30097
ABDS;20181217;6;;;;;DETQ247_Mch_E1;A8-Ost;106,715;;;;;Süd/West;;;1;809388;3161;172;47,83140005;12,7389;1;161;30099
ABDS;20181217;6;;;;;DETQ247_Sbg_A1;A8-Ost;106,715;;;;;Nord/Ost;;;1;809388;3161;172;47,83100007;12,73899997;1;65;30096
ABDS;20181217;6;;;;;DETQ247_Sbg_E1;A8-Ost;106,715;;;;;Nord/Ost;;;1;809388;3161;172;47,83100001;12,74;1;129;30098
ABDS;20181217;6;;;;;DETQ249_Mch_H1;A8-Ost;107,615;;;;;Süd/West;;;1;809415;3161;199;47,82796889;12,75002;1;33;30102
ABDS;20181217;6;;;;;DETQ249_Mch_H2;A8-Ost;107,615;;;;;Süd/West;;;1;809415;3161;199;47,82796889;12,75002;1;34;30103
ABDS;20181217;6;;;;;DETQ249_Sbg_H1;A8-Ost;107,615;;;;;Nord/Ost;;;1;809415;3161;199;47,82788806;12,74994934;1;1;30100
ABDS;20181217;6;;;;;DETQ249_Sbg_H2;A8-Ost;107,615;;;;;Nord/Ost;;;1;809415;3161;199;47,82788806;12,74994934;1;2;30101
ABDS;20181217;6;;;;;DETQ253_Mch_H1;A8-Ost;109,57;;;;;Süd/West;;;1;809477;3162;5;47,82682881;12,77567658;1;33;29696
ABDS;20181217;6;;;;;DETQ253_Mch_H2;A8-Ost;109,57;;;;;Süd/West;;;1;809477;3162;5;47,82682881;12,77567658;1;34;29697
ABDS;20181217;6;;;;;DETQ253_Sbg_H1;A8-Ost;109,57;;;;;Nord/Ost;;;1;809477;3162;5;47,82671448;12,77567487;1;1;29694
ABDS;20181217;6;;;;;DETQ253_Sbg_H2;A8-Ost;109,57;;;;;Nord/Ost;;;1;809477;3162;5;47,82671448;12,77567487;1;2;29695
ABDS;20181217;6;;;;;DETQ255_Mch_H1;A8-Ost;110,825;;;;;Süd/West;;;1;809517;3162;45;47,82839259;12,79183928;1;33;29692
ABDS;20181217;6;;;;;DETQ255_Mch_H2;A8-Ost;110,825;;;;;Süd/West;;;1;809517;3162;45;47,82839259;12,79183928;1;34;29693
ABDS;20181217;6;;;;;DETQ255_Sbg_H1;A8-Ost;110,788;;;;;Nord/Ost;;;1;809517;3162;45;47,82831068;12,79187442;1;1;29690
ABDS;20181217;6;;;;;DETQ255_Sbg_H2;A8-Ost;110,788;;;;;Nord/Ost;;;1;809517;3162;45;47,82831068;12,79187442;1;2;29691
ABDS;20181217;6;;;;;DETQ257_Mch_H1;A8-Ost;112,83;;;;;Süd/West;;;1;809581;3162;109;47,82673485;12,81800374;1;33;29700
ABDS;20181217;6;;;;;DETQ257_Mch_H2;A8-Ost;112,83;;;;;Süd/West;;;1;809581;3162;109;47,82673485;12,81800374;1;34;29701
ABDS;20181217;6;;;;;DETQ257_Sbg_H1;A8-Ost;112,83;;;;;Nord/Ost;;;1;809581;3162;109;47,82664888;12,81793001;1;1;29698
ABDS;20181217;6;;;;;DETQ257_Sbg_H2;A8-Ost;112,83;;;;;Nord/Ost;;;1;809581;3162;109;47,82664888;12,81793001;1;2;29699
ABDS;20181217;6;;;;;DETQ259_Mch_H1;A8-Ost;114,5;;;;;Süd/West;;;1;809634;3162;162;47,81527757;12,83206443;1;33;29678
ABDS;20181217;6;;;;;DETQ259_Mch_H2;A8-Ost;114,5;;;;;Süd/West;;;1;809634;3162;162;47,81527757;12,83206443;1;34;29679
ABDS;20181217;6;;;;;DETQ259_Sbg_H1;A8-Ost;114,5;;;;;Nord/Ost;;;1;809634;3162;162;47,81526203;12,83195505;1;1;29676
ABDS;20181217;6;;;;;DETQ259_Sbg_H2;A8-Ost;114,5;;;;;Nord/Ost;;;1;809634;3162;162;47,81526203;12,83195505;1;2;29677
ABDS;20181217;6;;;;;DETQ261_Mch_H1;A8-Ost;115,797;;;;;Süd/West;;;1;809674;3162;202;47,80692889;12,84317001;1;33;29682
ABDS;20181217;6;;;;;DETQ261_Mch_H2;A8-Ost;115,797;;;;;Süd/West;;;1;809674;3162;202;47,80692889;12,84317001;1;34;29683
ABDS;20181217;6;;;;;DETQ261_Sbg_H1;A8-Ost;115,723;;;;;Nord/Ost;;;1;809674;3162;202;47,80683018;12,84306441;1;1;29680
ABDS;20181217;6;;;;;DETQ261_Sbg_H2;A8-Ost;115,723;;;;;Nord/Ost;;;1;809674;3162;202;47,80683018;12,84306441;1;2;29681
ABDS;20181217;6;;;;;DETQ263_Mch_A1;A8-Ost;116,92;;;;;Süd/West;;;1;819712;3202;0;47,8000149;12,85491641;1;97;30243
ABDS;20181217;6;;;;;DETQ263_Mch_E1;A8-Ost;116,92;;;;;Süd/West;;;1;819712;3202;0;47,80013923;12,85467299;1;161;30244
ABDS;20181217;6;;;;;DETQ265_Mch_H1;A8-Ost;117,51;;;;;Süd/West;;;1;809730;3163;2;47,79641211;12,86080242;1;33;29708
ABDS;20181217;6;;;;;DETQ265_Mch_H2;A8-Ost;117,51;;;;;Süd/West;;;1;809730;3163;2;47,79641211;12,86080242;1;34;29709
ABDS;20181217;6;;;;;DETQ265_Sbg_H1;A8-Ost;117,51;;;;;Nord/Ost;;;1;809730;3163;2;47,79625447;12,8605877;1;1;29706
ABDS;20181217;6;;;;;DETQ265_Sbg_H2;A8-Ost;117,51;;;;;Nord/Ost;;;1;809730;3163;2;47,79625447;12,8605877;1;2;29707
ABDS;20181217;6;;;;;DETQ269_Mch_H1;A8-Ost;119,117;;;;;Süd/West;;;1;809779;3163;51;47,7850015;12,8728621;1;33;29712
ABDS;20181217;6;;;;;DETQ269_Mch_H2;A8-Ost;119,117;;;;;Süd/West;;;1;809779;3163;51;47,7850015;12,8728621;1;34;29713
ABDS;20181217;6;;;;;DETQ269_Sbg_H1;A8-Ost;119,043;;;;;Nord/Ost;;;1;809779;3163;51;47,78495889;12,87271001;1;1;29710
ABDS;20181217;6;;;;;DETQ269_Sbg_H2;A8-Ost;119,043;;;;;Nord/Ost;;;1;809779;3163;51;47,78495889;12,87271001;1;2;29711
ABDS;20181217;6;;;;;DETQ271_Sbg_H1;A8-Ost;120;;;;;Nord/Ost;;;1;809809;3163;81;47,77881021;12,88095898;1;1;29714
ABDS;20181217;6;;;;;DETQ271_Sbg_H2;A8-Ost;120;;;;;Nord/Ost;;;1;809809;3163;81;47,77881021;12,88095898;1;2;29925
ABDS;20181217;6;;;;;DETQ275_Mch_H1;A8-Ost;121,25;;;;;Süd/West;;;1;809848;3163;120;47,77107888;12,89305001;1;33;29928
ABDS;20181217;6;;;;;DETQ275_Mch_H2;A8-Ost;121,25;;;;;Süd/West;;;1;809848;3163;120;47,77107888;12,89305001;1;34;29929
ABDS;20181217;6;;;;;DETQ275_Sbg_H1;A8-Ost;121,25;;;;;Nord/Ost;;;1;809848;3163;120;47,77103889;12,89288001;1;1;29926
ABDS;20181217;6;;;;;DETQ275_Sbg_H2;A8-Ost;121,25;;;;;Nord/Ost;;;1;809848;3163;120;47,77103889;12,89288001;1;2;29927
ABDS;20181217;6;;;;;DETQ277_Sbg_A1;A8-Ost;121,9;;;;;Nord/Ost;;;1;809867;3163;139;47,76751211;12,90029188;1;65;29932
ABDS;20181217;6;;;;;DETQ277_Sbg_A2;A8-Ost;121,9;;;;;Nord/Ost;;;1;809867;3163;139;47,76751211;12,90029188;1;66;29933
ABDS;20181217;6;;;;;DETQ277_Sbg_A3;A8-Ost;121,9;;;;;Nord/Ost;;;1;809867;3163;139;47,76751211;12,90029188;1;67;29934
ABDS;20181217;6;;;;;DETQ277_Sbg_H1;A8-Ost;121,9;;;;;Nord/Ost;;;1;809867;3163;139;47,7675151;12,90095215;1;1;29930
ABDS;20181217;6;;;;;DETQ277_Sbg_H2;A8-Ost;121,9;;;;;Nord/Ost;;;1;809867;3163;139;47,7675151;12,90095215;1;2;29931
ABDS;20181217;6;;;;;DETQ279_Mch_A1;A8-Ost;122,15;;;;;Süd/West;;;1;819877;3202;165;47,76720003;12,90370001;1;97;30239
ABDS;20181217;6;;;;;DETQ279_Mch_E1;A8-Ost;122,15;;;;;Süd/West;;;1;819877;3202;165;47,76770003;12,90300002;1;161;30240
ABDS;20181217;6;;;;;DETQ279_Mch_H1;A8-Ost;122,15;;;;;Süd/West;;;1;819877;3202;165;47,76714378;12,90299296;1;33;30237
ABDS;20181217;6;;;;;DETQ279_Mch_H2;A8-Ost;122,15;;;;;Süd/West;;;1;819877;3202;165;47,76714378;12,90299296;1;34;30238
ABDS;20181217;6;;;;;DETQ281_Sbg_E1;A8-Ost;122,2;;;;;Nord/Ost;;;1;809881;3163;153;47,76670003;12,90359996;1;129;29936
ABDS;20181217;6;;;;;DETB28a_Mch_A1;A8-Ost;13,5;;;;;Süd/West;;;1;817105;3191;209;47,99566448;11,67809784;1;97;30205
ABDS;20181217;6;;;;;DETB28a_Mch_H1;A8-Ost;13,5;;;;;Süd/West;;;1;817105;3191;209;47,99559763;11,67788236;1;33;30201
ABDS;20181217;6;;;;;DETB28a_Mch_H2;A8-Ost;13,5;;;;;Süd/West;;;1;817105;3191;209;47,99559763;11,67788236;1;34;30202
ABDS;20181217;6;;;;;DETB28a_Mch_H3;A8-Ost;13,5;;;;;Süd/West;;;1;817105;3191;209;47,99559763;11,67788236;1;35;30203
ABDS;20181217;6;;;;;DETB28a_Mch_H4;A8-Ost;13,5;;;;;Süd/West;;;1;817105;3191;209;47,99559763;11,67788236;1;36;30204
ABDS;20181217;6;;;;;DETB30b_Stg_H1;A99;52,42;;;;;Nord/Ost;;;1;9919883;38749;139;48,03049929;11,66598537;1;1;31581
ABDS;20181217;6;;;;;DETB30b_Stg_H2;A99;52,42;;;;;Nord/Ost;;;1;9919883;38749;139;48,03049929;11,66598537;1;2;31582
ABDS;20181217;6;;;;;DETB30b_Stg_H3;A99;52,42;;;;;Nord/Ost;;;1;9919883;38749;139;48,03049929;11,66598537;1;3;31583
ABDS;20181217;6;;;;;DETMQ01-Mch-H1;A94;0,26;;;;;Süd/West;;;1;9406006;36742;54;48,138639;11,63089471;1;34;31072
ABDS;20181217;6;;;;;DETMQ01-Mch-H2;A94;0,26;;;;;Süd/West;;;1;9406006;36742;54;48,138639;11,63089471;1;35;31073
ABDS;20181217;6;;;;;DETMQ01-Pas-H1;A94;0,26;;;;;Nord/Ost;;;1;9406006;36742;54;48,13850007;11,63089999;1;2;31070
ABDS;20181217;6;;;;;DETMQ01-Pas-H2;A94;0,26;;;;;Nord/Ost;;;1;9406006;36742;54;48,13850007;11,63089999;1;3;31071
ABDS;20181217;6;;;;;DETMQ02-Mch-H1;A94;1;;;;;Süd/West;;;1;9406023;36742;71;48,13900656;11,64081922;1;34;31076
ABDS;20181217;6;;;;;DETMQ02-Mch-H2;A94;1;;;;;Süd/West;;;1;9406023;36742;71;48,13900656;11,64081922;1;35;31077
ABDS;20181217;6;;;;;DETMQ02-Pas-H1;A94;1;;;;;Nord/Ost;;;1;9406023;36742;71;48,13888051;11,64083788;1;2;31074
ABDS;20181217;6;;;;;DETMQ02-Pas-H2;A94;1;;;;;Nord/Ost;;;1;9406023;36742;71;48,13888051;11,64083788;1;3;31075
ABDS;20181217;6;;;;;DETMob4_Mch_E1;A8-West;2,34;;;;;Süd/West;;;1;806079;3148;191;48,18160294;11,43144364;1;97;29821
ABDS;20181217;6;;;;;DETMob6_Sbg_H1;A99;40;;;;;Süd/West;;;1;9918963;38745;243;48,12270003;11,75840007;1;33;31900
ABDS;20181217;6;;;;;DETMob6_Sbg_H2;A99;40;;;;;Süd/West;;;1;9918963;38745;243;48,12270003;11,75840007;1;34;31901
ABDS;20181217;6;;;;;DETMob6_Sbg_H3;A99;40;;;;;Süd/West;;;1;9918963;38745;243;48,12270003;11,75840007;1;35;31902
ABDS;20181217;6;;;;;DETMob6_Sbg_N1;A99;40;;;;;Süd/West;;;1;9918963;38745;243;48,12270003;11,75840007;1;113;31903
ABDS;20181217;6;;;;;DETMob7_Sbg_H1;A99;42,28;;;;;Süd/West;;;1;9919132;38746;156;48,10274838;11,752329;1;33;31717
ABDS;20181217;6;;;;;DETMob7_Sbg_H2;A99;42,28;;;;;Süd/West;;;1;9919132;38746;156;48,10274838;11,752329;1;34;31718
ABDS;20181217;6;;;;;DETMob7_Sbg_H3;A99;42,28;;;;;Süd/West;;;1;9919132;38746;156;48,10274838;11,752329;1;35;31719
ABDS;20181217;6;;;;;DETQ201_Mch_A1;A8-Ost;87,435;;;;;Süd/West;;;1;818776;3198;88;47,83830006;12,48860003;1;97;30161
ABDS;20181217;6;;;;;DETQ201_Mch_E1;A8-Ost;87,435;;;;;Süd/West;;;1;818776;3198;88;47,83860006;12,48810003;1;161;30163
ABDS;20181217;6;;;;;DETQ201_Mch_H1;A8-Ost;87,435;;;;;Süd/West;;;1;818776;3198;88;47,83823312;12,48830858;1;33;30158
ABDS;20181217;6;;;;;DETQ201_Mch_H2;A8-Ost;87,435;;;;;Süd/West;;;1;818776;3198;88;47,83823312;12,48830858;1;34;30159
ABDS;20181217;6;;;;;DETQ201_Sbg_A1;A8-Ost;87,435;;;;;Nord/Ost;;;1;818776;3198;88;47,83800004;12,48829999;1;65;30160
ABDS;20181217;6;;;;;DETQ201_Sbg_E1;A8-Ost;87,435;;;;;Nord/Ost;;;1;818776;3198;88;47,8378;12,48899996;1;129;30162
ABDS;20181217;6;;;;;DETQ201_Sbg_H1;A8-Ost;87,435;;;;;Nord/Ost;;;1;818776;3198;88;47,83806252;12,48857384;1;1;30156
ABDS;20181217;6;;;;;DETQ201_Sbg_H2;A8-Ost;87,435;;;;;Nord/Ost;;;1;818776;3198;88;47,83806252;12,48857384;1;2;30157
ABDS;20181217;6;;;;;DETQ203_Mch_H1;A8-Ost;89,66;;;;;Süd/West;;;1;818837;3198;149;47,83145594;12,51597413;1;33;30164
ABDS;20181217;6;;;;;DETQ203_Mch_H2;A8-Ost;89,66;;;;;Süd/West;;;1;818837;3198;149;47,83145594;12,51597413;1;34;30165
ABDS;20181217;6;;;;;DETQ205_Mch_A1;A8-Ost;90,16;;;;;Süd/West;;;1;818862;3198;174;47,83080005;12,52290003;1;97;30146
ABDS;20181217;6;;;;;DETQ205_Mch_E1;A8-Ost;90,16;;;;;Süd/West;;;1;818862;3198;174;47,83060006;12,52230005;1;161;30147
ABDS;20181217;6;;;;;DETQ207_Mch_H1;A8-Ost;91,65;;;;;Süd/West;;;1;818910;3198;222;47,82819137;12,54205469;1;33;30148
ABDS;20181217;6;;;;;DETQ207_Mch_H2;A8-Ost;91,65;;;;;Süd/West;;;1;818910;3198;222;47,82819137;12,54205469;1;34;30149
ABDS;20181217;6;;;;;DETQ209_Mch_H1;A8-Ost;93,384;;;;;Süd/West;;;1;818965;3199;21;47,8264334;12,56449049;1;33;30170
ABDS;20181217;6;;;;;DETQ209_Mch_H2;A8-Ost;93,384;;;;;Süd/West;;;1;818965;3199;21;47,8264334;12,56449049;1;34;30171
ABDS;20181217;6;;;;;DETQ213_Sbg_H1;A8-Ost;94,745;;;;;Nord/Ost;;;1;809007;3160;47;47,8282833;12,58283745;1;1;30094
ABDS;20181217;6;;;;;DETQ213_Sbg_H2;A8-Ost;94,745;;;;;Nord/Ost;;;1;809007;3160;47;47,8282833;12,58283745;1;2;30095
ABDS;20181217;6;;;;;DETQ215_Mch_H1;A8-Ost;94,8;;;;;Süd/West;;;1;819010;3199;66;47,8284896;12,58362201;1;33;30172
ABDS;20181217;6;;;;;DETQ215_Mch_H2;A8-Ost;94,8;;;;;Süd/West;;;1;819010;3199;66;47,8284896;12,58362201;1;34;30173
ABDS;20181217;6;;;;;DETQ225_Mch_H1;A8-Ost;98,15;;;;;Süd/West;;;1;819117;3199;173;47,82904738;12,62911339;1;33;30166
ABDS;20181217;6;;;;;DETQ225_Mch_H2;A8-Ost;98,15;;;;;Süd/West;;;1;819117;3199;173;47,82904738;12,62911339;1;34;30167
ABDS;20181217;6;;;;;DETQ227_Mch_A1;A8-Ost;98,545;;;;;Süd/West;;;1;809128;3160;168;47,82950006;12,63330005;1;97;30081
ABDS;20181217;6;;;;;DETQ227_Mch_E1;A8-Ost;98,545;;;;;Süd/West;;;1;809128;3160;168;47,82950002;12,63290003;1;161;30083
ABDS;20181217;6;;;;;DETQ227_Sbg_A1;A8-Ost;98,545;;;;;Nord/Ost;;;1;809128;3160;168;47,82900006;12,63280005;1;65;30080
ABDS;20181217;6;;;;;DETQ227_Sbg_E1;A8-Ost;98,545;;;;;Nord/Ost;;;1;809128;3160;168;47,82910003;12,63319995;1;129;30082
ABDS;20181217;6;;;;;DETQ229_Sbg_H1;A8-Ost;98,95;;;;;Nord/Ost;;;1;809140;3160;180;47,82887303;12,63849541;1;1;30084
ABDS;20181217;6;;;;;DETQ229_Sbg_H2;A8-Ost;98,95;;;;;Nord/Ost;;;1;809140;3160;180;47,82887303;12,63849541;1;2;30085
ABDS;20181217;6;;;;;DETQ231_Mch_H1;A8-Ost;99,35;;;;;Süd/West;;;1;819154;3199;210;47,82827492;12,64358788;1;33;30168
ABDS;20181217;6;;;;;DETQ231_Mch_H2;A8-Ost;99,35;;;;;Süd/West;;;1;819154;3199;210;47,82827492;12,64358788;1;34;30169
ABDS;20181217;6;;;;;DETQ233_Mch_A1;A8-Ost;99,66;;;;;Süd/West;;;1;809165;3160;205;47,82700006;12,64819999;1;97;30087
ABDS;20181217;6;;;;;DETQ233_Mch_E1;A8-Ost;99,66;;;;;Süd/West;;;1;809165;3160;205;47,82740002;12,64750005;1;161;30089
ABDS;20181217;6;;;;;DETQ233_Sbg_A1;A8-Ost;99,69;;;;;Nord/Ost;;;1;809165;3160;205;47,82700002;12,64729995;1;65;30086
ABDS;20181217;6;;;;;DETQ233_Sbg_E1;A8-Ost;99,69;;;;;Nord/Ost;;;1;809165;3160;205;47,82670008;12,64800006;1;129;30088
ABDS;20181217;6;;;;;DETQ235_Mch_H1;A8-Ost;100,9;;;;;Süd/West;;;1;809202;3160;242;47,82541926;12,66352623;1;33;30092
ABDS;20181217;6;;;;;DETQ235_Mch_H2;A8-Ost;100,9;;;;;Süd/West;;;1;809202;3160;242;47,82541926;12,66352623;1;34;30093
ABDS;20181217;6;;;;;DETQ235_Sbg_H1;A8-Ost;100,9;;;;;Nord/Ost;;;1;809202;3160;242;47,82531355;12,66344606;1;1;30090
ABDS;20181217;6;;;;;DETQ235_Sbg_H2;A8-Ost;100,9;;;;;Nord/Ost;;;1;809202;3160;242;47,82531355;12,66344606;1;2;30091
ABDS;20181217;6;;;;;DETQ237_Mch_H1;A8-Ost;102,5;;;;;Süd/West;;;1;809253;3161;37;47,82611812;12,68427466;1;33;30112
ABDS;20181217;6;;;;;DETQ237_Mch_H2;A8-Ost;102,5;;;;;Süd/West;;;1;809253;3161;37;47,82611812;12,68427466;1;34;30113
ABDS;20181217;6;;;;;DETQ79_Sbg_H1;A8-Ost;42,798;;;;;Nord/Ost;;;1;807339;3153;171;47,82430677;11,92267105;1;1;29982
ABDS;20181217;6;;;;;DETQ79_Sbg_H2;A8-Ost;42,798;;;;;Nord/Ost;;;1;807339;3153;171;47,82430677;11,92267105;1;2;29983
ABDS;20181217;6;;;;;DETQ79_Sbg_H3;A8-Ost;42,798;;;;;Nord/Ost;;;1;807339;3153;171;47,82430677;11,92267105;1;3;29984
ABDS;20181217;6;;;;;DETQ81_Sbg_H1;A8-Ost;43,584;;;;;Nord/Ost;;;1;807346;3153;178;47,82204337;11,93233026;1;1;29991
ABDS;20181217;6;;;;;DETQ81_Sbg_H2;A8-Ost;43,584;;;;;Nord/Ost;;;1;807346;3153;178;47,82204337;11,93233026;1;2;29992
ABDS;20181217;6;;;;;DETQ81_Sbg_H3;A8-Ost;43,584;;;;;Nord/Ost;;;1;807346;3153;178;47,82204337;11,93233026;1;3;29993
ABDS;20181217;6;;;;;DETQ83_Sbg_H1;A8-Ost;44,3;;;;;Nord/Ost;;;1;807351;3153;183;47,82524562;11,94033439;1;1;29994
ABDS;20181217;6;;;;;DETQ83_Sbg_H2;A8-Ost;44,3;;;;;Nord/Ost;;;1;807351;3153;183;47,82524562;11,94033439;1;2;29995
ABDS;20181217;6;;;;;DETQ83_Sbg_H3;A8-Ost;44,3;;;;;Nord/Ost;;;1;807351;3153;183;47,82524562;11,94033439;1;3;29996
ABDS;20181217;6;;;;;DETQ85_Sbg_H1;A8-Ost;45,256;;;;;Nord/Ost;;;1;807359;3153;191;47,82670007;11,95230007;1;1;29988
ABDS;20181217;6;;;;;DETQ85_Sbg_H2;A8-Ost;45,256;;;;;Nord/Ost;;;1;807359;3153;191;47,82670007;11,95230007;1;2;29989
ABDS;20181217;6;;;;;DETQ85_Sbg_H3;A8-Ost;45,256;;;;;Nord/Ost;;;1;807359;3153;191;47,82670007;11,95230007;1;3;29990
ABDS;20181217;6;;;;;DETQ87_Sbg_H1;A8-Ost;46,174;;;;;Nord/Ost;;;1;807366;3153;198;47,82389776;11,96383314;1;1;29997
ABDS;20181217;6;;;;;DETQ87_Sbg_H2;A8-Ost;46,174;;;;;Nord/Ost;;;1;807366;3153;198;47,82389776;11,96383314;1;2;29998
ABDS;20181217;6;;;;;DETQ87_Sbg_H3;A8-Ost;46,174;;;;;Nord/Ost;;;1;807366;3153;198;47,82389776;11,96383314;1;3;29999
ABDS;20181217;6;;;;;DETQ91_Sbg_H1;A8-Ost;48,374;;;;;Nord/Ost;;;1;807384;3153;216;47,82171613;11,99261216;1;1;30000
ABDS;20181217;6;;;;;DETQ91_Sbg_H2;A8-Ost;48,374;;;;;Nord/Ost;;;1;807384;3153;216;47,82171613;11,99261216;1;2;30001
ABDS;20181217;6;;;;;DETQ91_Sbg_H3;A8-Ost;48,374;;;;;Nord/Ost;;;1;807384;3153;216;47,82171613;11,99261216;1;3;30002
ABDS;20181217;6;;;;;DETQ93_Mch_A1;A8-Ost;49,953;;;;;Süd/West;;;1;817397;3192;245;47,82080001;12,01319997;1;97;29890
ABDS;20181217;6;;;;;DETQ93_Mch_A2;A8-Ost;49,953;;;;;Süd/West;;;1;817397;3192;245;47,82080001;12,01319997;1;98;29891
ABDS;20181217;6;;;;;DETQ93_Mch_E1;A8-Ost;49,953;;;;;Süd/West;;;1;817397;3192;245;47,82090001;12,01249997;1;161;29893
ABDS;20181217;6;;;;;DETQ93_Mch_H1;A8-Ost;49,953;;;;;Süd/West;;;1;817397;3192;245;47,82060008;12,01320005;1;33;29886
ABDS;20181217;6;;;;;DETQ93_Mch_H2;A8-Ost;49,953;;;;;Süd/West;;;1;817397;3192;245;47,82060008;12,01320005;1;34;29887
ABDS;20181217;6;;;;;DETQ93_Mch_H3;A8-Ost;49,953;;;;;Süd/West;;;1;817397;3192;245;47,82060008;12,01320005;1;35;29888
ABDS;20181217;6;;;;;DETQ93_Sbg_A1;A8-Ost;49,953;;;;;Nord/Ost;;;1;817397;3192;245;47,82020008;12,01279999;1;65;29889
ABDS;20181217;6;;;;;DETQ93_Sbg_E1;A8-Ost;49,953;;;;;Nord/Ost;;;1;817397;3192;245;47,82020008;12,0135;1;129;29892
ABDS;20181217;6;;;;;DETQ93_Sbg_H1;A8-Ost;49,953;;;;;Nord/Ost;;;1;817397;3192;245;47,82040007;12,01309997;1;1;29883
ABDS;20181217;6;;;;;DETQ93_Sbg_H2;A8-Ost;49,953;;;;;Nord/Ost;;;1;817397;3192;245;47,82040007;12,01309997;1;2;29884
ABDS;20181217;6;;;;;DETQ93_Sbg_H3;A8-Ost;49,953;;;;;Nord/Ost;;;1;817397;3192;245;47,82040007;12,01309997;1;3;29885
ABDS;20181217;6;;;;;TEU002_Kch_H2;St2082;12,1;;;;;Nord/Ost;;;1;9990002;39023;114;48,15675889;11,71995001;1;1;31920
ABDS;20181217;6;;;;;DETAQ01-Mch-A1;A94;11,925;;;;;Nord/Ost;;;1;9416276;36782;84;48,14836576;11,78404856;1;65;31028
ABDS;20181217;6;;;;;DETAQ01-Mch-H1;A94;11,925;;;;;Süd/West;;;1;9416276;36782;84;48,14829449;11,78411287;1;33;31026
ABDS;20181217;6;;;;;DETAQ01-Mch-H2;A94;11,925;;;;;Süd/West;;;1;9416276;36782;84;48,14829449;11,78411287;1;34;31027
ABDS;20181217;6;;;;;DETAQ01-Pas-H1;A94;11,925;;;;;Nord/Ost;;;1;9416276;36782;84;48,14823051;11,78425536;1;1;31024
ABDS;20181217;6;;;;;DETAQ01-Pas-H2;A94;11,925;;;;;Nord/Ost;;;1;9416276;36782;84;48,14823051;11,78425536;1;2;31025
ABDS;20181217;6;;;;;DETAQ06-Mch-H1;A94;5,645;;;;;Süd/West;;;1;9416128;36781;192;48,1422624;11,70100869;1;33;30987
ABDS;20181217;6;;;;;DETAQ06-Mch-H2;A94;5,645;;;;;Süd/West;;;1;9416128;36781;192;48,1422624;11,70100869;1;34;30988
ABDS;20181217;6;;;;;DETAQ06-Mch-H3;A94;5,645;;;;;Süd/West;;;1;9416128;36781;192;48,1422624;11,70100869;1;35;30989
ABDS;20181217;6;;;;;DETAQ07-Mch-A1;A94;4,795;;;;;Süd/West;;;1;9416109;36781;173;48,14100003;11,69050002;1;97;30979
ABDS;20181217;6;;;;;DETAQ07-Mch-E1;A94;4,766;;;;;Süd/West;;;1;9416109;36781;173;48,1405;11,68930003;1;161;30980
ABDS;20181217;6;;;;;DETAQ08-Mch-H1;A94;4,275;;;;;Süd/West;;;1;9416097;36781;161;48,13828888;11,68392;1;33;30981
ABDS;20181217;6;;;;;DETAQ08-Mch-H2;A94;4,275;;;;;Süd/West;;;1;9416097;36781;161;48,13828888;11,68392;1;34;30982
ABDS;20181217;6;;;;;DETAQ08-Mch-H3;A94;4,275;;;;;Süd/West;;;1;9416097;36781;161;48,13828888;11,68392;1;35;30983
ABDS;20181217;6;;;;;DETAQ09-Mch-H1;A94;3,165;;;;;Süd/West;;;1;9416072;36781;136;48,13820706;11,66942117;1;33;31004
ABDS;20181217;6;;;;;DETAQ09-Mch-H2;A94;3,165;;;;;Süd/West;;;1;9416072;36781;136;48,13820706;11,66942117;1;34;31005
ABDS;20181217;6;;;;;DETAQ09-Mch-H3;A94;3,165;;;;;Süd/West;;;1;9416072;36781;136;48,13820706;11,66942117;1;35;31006
ABDS;20181217;6;;;;;DETAQ10-Mch-H1;A94;2,04;;;;;Süd/West;;;1;9416046;36781;110;48,13942345;11,65418698;1;34;31002
ABDS;20181217;6;;;;;DETAQ10-Mch-H2;A94;2,04;;;;;Süd/West;;;1;9416046;36781;110;48,13942345;11,65418698;1;35;31003
ABDS;20181217;6;;;;;DETAQ11-Pas-H1;A94;1,68;;;;;Nord/Ost;;;1;9406038;36742;86;48,13920828;11,64991167;1;2;31078
ABDS;20181217;6;;;;;DETAQ11-Pas-H2;A94;1,68;;;;;Nord/Ost;;;1;9406038;36742;86;48,13920828;11,64991167;1;3;31079
ABDS;20181217;6;;;;;DETAQ12-Pas-H1;A94;2,51;;;;;Nord/Ost;;;1;9406057;36742;105;48,13909687;11,66119263;1;1;31080
ABDS;20181217;6;;;;;DETAQ12-Pas-H2;A94;2,51;;;;;Nord/Ost;;;1;9406057;36742;105;48,13909687;11,66119263;1;2;31081
ABDS;20181217;6;;;;;DETAQ12-Pas-H3;A94;2,51;;;;;Nord/Ost;;;1;9406057;36742;105;48,13909687;11,66119263;1;3;31082
ABDS;20181217;6;;;;;DETAQ13-Pas-A1;A94;3,267;;;;;Nord/Ost;;;1;9406077;36742;125;48,13718699;11,67134026;1;65;31086
ABDS;20181217;6;;;;;DETAQ13-Pas-E1;A94;3,38;;;;;Nord/Ost;;;1;9406077;36742;125;48,13727889;11,67177;1;1;31083
ABDS;20181217;6;;;;;DETAQ13-Pas-H1;A94;3,38;;;;;Nord/Ost;;;1;9406077;36742;125;48,13746889;11,67277001;1;2;31084
ABDS;20181217;6;;;;;DETAQ13-Pas-H2;A94;3,38;;;;;Nord/Ost;;;1;9406077;36742;125;48,13746889;11,67277001;1;3;31085
ABDS;20181217;6;;;;;DETAQ14-Pas-H1;A94;5,075;;;;;Nord/Ost;;;1;9406115;36742;163;48,14150211;11,69419774;1;1;31047
ABDS;20181217;6;;;;;DETAQ14-Pas-H2;A94;5,075;;;;;Nord/Ost;;;1;9406115;36742;163;48,14150211;11,69419774;1;2;31048
ABDS;20181217;6;;;;;DETAQ14-Pas-H3;A94;5,075;;;;;Nord/Ost;;;1;9406115;36742;163;48,14150211;11,69419774;1;3;31049
ABDS;20181217;6;;;;;DETB22b_Mch_A1;A8-Ost;25,13;;;;;Süd/West;;;1;817199;3192;47;47,89300006;11,72639998;1;97;29899
ABDS;20181217;6;;;;;DETB22b_Mch_E1;A8-Ost;25,13;;;;;Süd/West;;;1;817199;3192;47;47,89613605;11,72526517;1;161;29901
ABDS;20181217;6;;;;;DETB22b_Sbg_A1;A8-Ost;25,13;;;;;Nord/Ost;;;1;817199;3192;47;47,89380007;11,72550006;1;65;29898
ABDS;20181217;6;;;;;DETB22b_Sbg_E1;A8-Ost;25,13;;;;;Nord/Ost;;;1;817199;3192;47;47,89300006;11,72639998;1;129;29900
ABDS;20181217;6;;;;;DETQ27_Sbg_H2;A8-Ost;10,773;;;;;Nord/Ost;;;1;807085;3152;173;48,0119;11,66649994;1;2;29938
ABDS;20181217;6;;;;;DETQ27_Sbg_H3;A8-Ost;10,773;;;;;Nord/Ost;;;1;807085;3152;173;48,0119;11,66649994;1;3;29939
ABDS;20181217;6;;;;;DETQ29_Sbg_H1;A8-Ost;11,72;;;;;Nord/Ost;;;1;807093;3152;181;48,00724608;11,6696239;1;1;29950
ABDS;20181217;6;;;;;DETQ29_Sbg_H2;A8-Ost;11,72;;;;;Nord/Ost;;;1;807093;3152;181;48,00724608;11,6696239;1;2;29951
ABDS;20181217;6;;;;;DETQ29_Sbg_H3;A8-Ost;11,72;;;;;Nord/Ost;;;1;807093;3152;181;48,00724608;11,6696239;1;3;29952
ABDS;20181217;6;;;;;DETQ29_Sbg_H4;A8-Ost;11,72;;;;;Nord/Ost;;;1;807093;3152;181;48,00724608;11,6696239;1;4;29953
ABDS;20181217;6;;;;;DETQ31_Sbg_H1;A8-Ost;13,467;;;;;Nord/Ost;;;1;807107;3152;195;47,99304689;11,67927991;1;1;29954
ABDS;20181217;6;;;;;DETQ31_Sbg_H2;A8-Ost;13,467;;;;;Nord/Ost;;;1;807107;3152;195;47,99304689;11,67927991;1;2;29955
ABDS;20181217;6;;;;;DETQ31_Sbg_H3;A8-Ost;13,467;;;;;Nord/Ost;;;1;807107;3152;195;47,99304689;11,67927991;1;3;29956
ABDS;20181217;6;;;;;DETQ31_Sbg_H4;A8-Ost;13,467;;;;;Nord/Ost;;;1;807107;3152;195;47,99304689;11,67927991;1;4;29957
ABDS;20181217;6;;;;;DETQ33_Sbg_H1;A8-Ost;15,62;;;;;Nord/Ost;;;1;807124;3152;212;47,97405888;11,68539001;1;1;29958
ABDS;20181217;6;;;;;DETQ33_Sbg_H2;A8-Ost;15,62;;;;;Nord/Ost;;;1;807124;3152;212;47,97405888;11,68539001;1;2;29959
ABDS;20181217;6;;;;;DETQ33_Sbg_H3;A8-Ost;15,62;;;;;Nord/Ost;;;1;807124;3152;212;47,97405888;11,68539001;1;3;29960
ABDS;20181217;6;;;;;DETQ33_Sbg_H4;A8-Ost;15,62;;;;;Nord/Ost;;;1;807124;3152;212;47,97405888;11,68539001;1;4;29961
ABDS;20181217;6;;;;;DETQ35_Sbg_H1;A8-Ost;18,115;;;;;Nord/Ost;;;1;807143;3152;231;47,95280214;11,69385411;1;1;29962
ABDS;20181217;6;;;;;DETQ35_Sbg_H2;A8-Ost;18,115;;;;;Nord/Ost;;;1;807143;3152;231;47,95280214;11,69385411;1;2;29963
ABDS;20181217;6;;;;;DETQ35_Sbg_H3;A8-Ost;18,115;;;;;Nord/Ost;;;1;807143;3152;231;47,95280214;11,69385411;1;3;29964
ABDS;20181217;6;;;;;DETQ35_Sbg_H4;A8-Ost;18,115;;;;;Nord/Ost;;;1;807143;3152;231;47,95280214;11,69385411;1;4;29965
ABDS;20181217;6;;;;;DETQ37_Sbg_H1;A8-Ost;20,165;;;;;Nord/Ost;;;1;807160;3152;248;47,93589422;11,70481958;1;1;29972
ABDS;20181217;6;;;;;DETQ37_Sbg_H2;A8-Ost;20,165;;;;;Nord/Ost;;;1;807160;3152;248;47,93589422;11,70481958;1;2;29973
ABDS;20181217;6;;;;;DETQ37_Sbg_H3;A8-Ost;20,165;;;;;Nord/Ost;;;1;807160;3152;248;47,93589422;11,70481958;1;3;29974
ABDS;20181217;6;;;;;DETQ37_Sbg_H4;A8-Ost;20,165;;;;;Nord/Ost;;;1;807160;3152;248;47,93589422;11,70481958;1;4;29975
ABDS;20181217;6;;;;;DETQ39_Sbg_H1;A8-Ost;21,933;;;;;Nord/Ost;;;1;807174;3153;6;47,9206065;11,71257211;1;1;30020
ABDS;20181217;6;;;;;DETQ39_Sbg_H2;A8-Ost;21,933;;;;;Nord/Ost;;;1;807174;3153;6;47,9206065;11,71257211;1;2;30021
ABDS;20181217;6;;;;;DETQ39_Sbg_H3;A8-Ost;21,933;;;;;Nord/Ost;;;1;807174;3153;6;47,9206065;11,71257211;1;3;30022
ABDS;20181217;6;;;;;DETQ39_Sbg_H4;A8-Ost;21,933;;;;;Nord/Ost;;;1;807174;3153;6;47,9206065;11,71257211;1;4;30023
ABDS;20181217;6;;;;;DETQ45_Sbg_H1;A8-Ost;23,935;;;;;Nord/Ost;;;1;807190;3153;22;47,90363146;11,71933767;1;1;30003
ABDS;20181217;6;;;;;DETQ45_Sbg_H2;A8-Ost;23,935;;;;;Nord/Ost;;;1;807190;3153;22;47,90363146;11,71933767;1;2;30004
ABDS;20181217;6;;;;;DETQ45_Sbg_H3;A8-Ost;23,935;;;;;Nord/Ost;;;1;807190;3153;22;47,90363146;11,71933767;1;3;30005
ABDS;20181217;6;;;;;DETQ45_Sbg_H4;A8-Ost;23,935;;;;;Nord/Ost;;;1;807190;3153;22;47,90363146;11,71933767;1;4;30006
ABDS;20181217;6;;;;;DETQ45_Sbg_H5;A8-Ost;23,935;;;;;Nord/Ost;;;1;807190;3153;22;47,90363146;11,71933767;1;5;30007
ABDS;20181217;6;;;;;DETQ48_Sbg_H1;A8-Ost;25,78;;;;;Nord/Ost;;;1;807204;3153;36;47,89035311;11,7331422;1;1;30008
ABDS;20181217;6;;;;;DETQ48_Sbg_H2;A8-Ost;25,78;;;;;Nord/Ost;;;1;807204;3153;36;47,89035311;11,7331422;1;2;30009
ABDS;20181217;6;;;;;DETQ48_Sbg_H3;A8-Ost;25,78;;;;;Nord/Ost;;;1;807204;3153;36;47,89035311;11,7331422;1;3;30010
ABDS;20181217;6;;;;;DETQ51_Sbg_H1;A8-Ost;28,071;;;;;Nord/Ost;;;1;807223;3153;55;47,87963383;11,75966217;1;1;30011
ABDS;20181217;6;;;;;DETQ51_Sbg_H2;A8-Ost;28,071;;;;;Nord/Ost;;;1;807223;3153;55;47,87963383;11,75966217;1;2;30012
ABDS;20181217;6;;;;;DETQ51_Sbg_H3;A8-Ost;28,071;;;;;Nord/Ost;;;1;807223;3153;55;47,87963383;11,75966217;1;3;30013
ABDS;20181217;6;;;;;DETQ53_Sbg_H1;A8-Ost;29,802;;;;;Nord/Ost;;;1;807237;3153;69;47,87177495;11,77899186;1;1;30014
ABDS;20181217;6;;;;;DETQ53_Sbg_H2;A8-Ost;29,802;;;;;Nord/Ost;;;1;807237;3153;69;47,87177495;11,77899186;1;2;30015
ABDS;20181217;6;;;;;DETQ53_Sbg_H3;A8-Ost;29,802;;;;;Nord/Ost;;;1;807237;3153;69;47,87177495;11,77899186;1;3;30016
ABDS;20181217;6;;;;;DETQ57_Sbg_H1;A8-Ost;31,52;;;;;Nord/Ost;;;1;807250;3153;82;47,86479447;11,79991272;1;1;30017
ABDS;20181217;6;;;;;DETQ57_Sbg_H2;A8-Ost;31,52;;;;;Nord/Ost;;;1;807250;3153;82;47,86479447;11,79991272;1;2;30018
ABDS;20181217;6;;;;;DETQ57_Sbg_H3;A8-Ost;31,52;;;;;Nord/Ost;;;1;807250;3153;82;47,86479447;11,79991272;1;3;30019
ABDS;20181217;6;;;;;DETQ61_Sbg_H1;A8-Ost;33,392;;;;;Nord/Ost;;;1;807265;3153;97;47,86498385;11,82499756;1;1;30024
ABDS;20181217;6;;;;;DETQ61_Sbg_H2;A8-Ost;33,392;;;;;Nord/Ost;;;1;807265;3153;97;47,86498385;11,82499756;1;2;30025
ABDS;20181217;6;;;;;DETQ61_Sbg_H3;A8-Ost;33,392;;;;;Nord/Ost;;;1;807265;3153;97;47,86498385;11,82499756;1;3;30026
ABDS;20181217;6;;;;;DETQ63_Sbg_H1;A8-Ost;35,671;;;;;Nord/Ost;;;1;807283;3153;115;47,85835109;11,85320449;1;1;30030
ABDS;20181217;6;;;;;DETQ63_Sbg_H2;A8-Ost;35,671;;;;;Nord/Ost;;;1;807283;3153;115;47,85835109;11,85320449;1;2;30031
ABDS;20181217;6;;;;;DETQ63_Sbg_H3;A8-Ost;35,671;;;;;Nord/Ost;;;1;807283;3153;115;47,85835109;11,85320449;1;3;30032
ABDS;20181217;6;;;;;DETQ65_Sbg_H1;A8-Ost;36,77;;;;;Nord/Ost;;;1;807292;3153;124;47,85141934;11,86355964;1;1;30027
ABDS;20181217;6;;;;;DETQ65_Sbg_H2;A8-Ost;36,77;;;;;Nord/Ost;;;1;807292;3153;124;47,85141934;11,86355964;1;2;30028
ABDS;20181217;6;;;;;DETQ65_Sbg_H3;A8-Ost;36,77;;;;;Nord/Ost;;;1;807292;3153;124;47,85141934;11,86355964;1;3;30029
ABDS;20181217;6;;;;;DETQ67_Sbg_H1;A8-Ost;38,211;;;;;Nord/Ost;;;1;807303;3153;135;47,83980901;11,87156979;1;1;30036
ABDS;20181217;6;;;;;DETQ67_Sbg_H2;A8-Ost;38,211;;;;;Nord/Ost;;;1;807303;3153;135;47,83980901;11,87156979;1;2;30037
ABDS;20181217;6;;;;;DETQ67_Sbg_H3;A8-Ost;38,211;;;;;Nord/Ost;;;1;807303;3153;135;47,83980901;11,87156979;1;3;30038
ABDS;20181217;6;;;;;DETQ69_Sbg_H1;A8-Ost;39,05;;;;;Nord/Ost;;;1;807310;3153;142;47,83498133;11,87926047;1;1;30033
ABDS;20181217;6;;;;;DETQ69_Sbg_H2;A8-Ost;39,05;;;;;Nord/Ost;;;1;807310;3153;142;47,83498133;11,87926047;1;2;30034
ABDS;20181217;6;;;;;DETQ69_Sbg_H3;A8-Ost;39,05;;;;;Nord/Ost;;;1;807310;3153;142;47,83498133;11,87926047;1;3;30035
ABDS;20181217;6;;;;;DETQ73_Sbg_H1;A8-Ost;39,868;;;;;Nord/Ost;;;1;807316;3153;148;47,83003889;11,88833;1;1;30039
ABDS;20181217;6;;;;;DETQ73_Sbg_H2;A8-Ost;39,868;;;;;Nord/Ost;;;1;807316;3153;148;47,83003889;11,88833;1;2;30040
ABDS;20181217;6;;;;;DETQ73_Sbg_H3;A8-Ost;39,868;;;;;Nord/Ost;;;1;807316;3153;148;47,83003889;11,88833;1;3;30041
ABDS;20181217;6;;;;;DETQ77_Sbg_H1;A8-Ost;41,714;;;;;Nord/Ost;;;1;807331;3153;163;47,83005865;11,91101982;1;1;29985
ABDS;20181217;6;;;;;DETQ77_Sbg_H2;A8-Ost;41,714;;;;;Nord/Ost;;;1;807331;3153;163;47,83005865;11,91101982;1;2;29986
ABDS;20181217;6;;;;;DETQ77_Sbg_H3;A8-Ost;41,714;;;;;Nord/Ost;;;1;807331;3153;163;47,83005865;11,91101982;1;3;29987
ABDS;20181217;6;;;;;DETB16_Mch_H3;A8-Ost;37,4;;;;;Süd/West;;;1;817297;3192;145;47,84654208;11,86706631;1;35;30236
ABDS;20181217;6;;;;;DETB17_Mch_H1;A8-Ost;35,25;;;;;Süd/West;;;1;817280;3192;128;47,86060009;11,84839998;1;33;30228
ABDS;20181217;6;;;;;DETB17_Mch_H2;A8-Ost;35,25;;;;;Süd/West;;;1;817280;3192;128;47,86060009;11,84839998;1;34;30229
ABDS;20181217;6;;;;;DETB17_Mch_H3;A8-Ost;35,25;;;;;Süd/West;;;1;817280;3192;128;47,86060009;11,84839998;1;35;30230
ABDS;20181217;6;;;;;DETB18_Mch_H1;A8-Ost;33,4;;;;;Süd/West;;;1;817265;3192;113;47,86524281;11,8243467;1;33;29918
ABDS;20181217;6;;;;;DETB18_Mch_H2;A8-Ost;33,4;;;;;Süd/West;;;1;817265;3192;113;47,86524281;11,8243467;1;34;29919
ABDS;20181217;6;;;;;DETB18_Mch_H3;A8-Ost;33,4;;;;;Süd/West;;;1;817265;3192;113;47,86524281;11,8243467;1;35;29920
ABDS;20181217;6;;;;;DETB19_Mch_H1;A8-Ost;30,82;;;;;Süd/West;;;1;817245;3192;93;47,86731544;11,79053924;1;33;29915
ABDS;20181217;6;;;;;DETB19_Mch_H2;A8-Ost;30,82;;;;;Süd/West;;;1;817245;3192;93;47,86731544;11,79053924;1;34;29916
ABDS;20181217;6;;;;;DETB19_Mch_H3;A8-Ost;30,82;;;;;Süd/West;;;1;817245;3192;93;47,86731544;11,79053924;1;35;29917
ABDS;20181217;6;;;;;DETB20_Mch_H1;A8-Ost;28,68;;;;;Süd/West;;;1;817228;3192;76;47,87718399;11,76622387;1;33;29909
ABDS;20181217;6;;;;;DETB20_Mch_H2;A8-Ost;28,68;;;;;Süd/West;;;1;817228;3192;76;47,87718399;11,76622387;1;34;29910
ABDS;20181217;6;;;;;DETB20_Mch_H3;A8-Ost;28,68;;;;;Süd/West;;;1;817228;3192;76;47,87718399;11,76622387;1;35;29911
ABDS;20181217;6;;;;;DETB21_Mch_H1;A8-Ost;27,3;;;;;Süd/West;;;1;817217;3192;65;47,88358888;11,75042;1;33;29912
ABDS;20181217;6;;;;;DETB21_Mch_H2;A8-Ost;27,3;;;;;Süd/West;;;1;817217;3192;65;47,88358888;11,75042;1;34;29913
ABDS;20181217;6;;;;;DETB21_Mch_H3;A8-Ost;27,3;;;;;Süd/West;;;1;817217;3192;65;47,88358888;11,75042;1;35;29914
ABDS;20181217;6;;;;;DETB22_Mch_H1;A8-Ost;25,69;;;;;Süd/West;;;1;817204;3192;52;47,89102889;11,73188001;1;33;29906
ABDS;20181217;6;;;;;DETB22_Mch_H2;A8-Ost;25,69;;;;;Süd/West;;;1;817204;3192;52;47,89102889;11,73188001;1;34;29907
ABDS;20181217;6;;;;;DETB22_Mch_H3;A8-Ost;25,69;;;;;Süd/West;;;1;817204;3192;52;47,89102889;11,73188001;1;35;29908
ABDS;20181217;6;;;;;DETB23_Mch_H1;A8-Ost;23,887;;;;;Süd/West;;;1;817191;3192;39;47,90303843;11,71980723;1;33;29902
ABDS;20181217;6;;;;;DETB23_Mch_H2;A8-Ost;23,887;;;;;Süd/West;;;1;817191;3192;39;47,90303843;11,71980723;1;34;29903
ABDS;20181217;6;;;;;DETB23_Mch_H3;A8-Ost;23,887;;;;;Süd/West;;;1;817191;3192;39;47,90303843;11,71980723;1;35;29904
ABDS;20181217;6;;;;;DETB23_Mch_H4;A8-Ost;23,887;;;;;Süd/West;;;1;817191;3192;39;47,90303843;11,71980723;1;36;29905
ABDS;20181217;6;;;;;DETB24_Mch_H1;A8-Ost;21,91;;;;;Süd/West;;;1;817174;3192;22;47,9211324;11,71259385;1;33;29894
ABDS;20181217;6;;;;;DETB24_Mch_H2;A8-Ost;21,91;;;;;Süd/West;;;1;817174;3192;22;47,9211324;11,71259385;1;34;29895
ABDS;20181217;6;;;;;DETB24_Mch_H3;A8-Ost;21,91;;;;;Süd/West;;;1;817174;3192;22;47,9211324;11,71259385;1;35;29896
ABDS;20181217;6;;;;;DETB24_Mch_H4;A8-Ost;21,91;;;;;Süd/West;;;1;817174;3192;22;47,9211324;11,71259385;1;36;29897
ABDS;20181217;6;;;;;DETB25_Mch_H1;A8-Ost;20,09;;;;;Süd/West;;;1;817160;3192;8;47,93653889;11,70465001;1;33;29921
ABDS;20181217;6;;;;;DETB25_Mch_H2;A8-Ost;20,09;;;;;Süd/West;;;1;817160;3192;8;47,93653889;11,70465001;1;34;29922
ABDS;20181217;6;;;;;DETB25_Mch_H3;A8-Ost;20,09;;;;;Süd/West;;;1;817160;3192;8;47,93653889;11,70465001;1;35;29923
ABDS;20181217;6;;;;;DETB25_Mch_H4;A8-Ost;20,09;;;;;Süd/West;;;1;817160;3192;8;47,93653889;11,70465001;1;36;29924
ABDS;20181217;6;;;;;DETB26_Mch_H1;A8-Ost;18,775;;;;;Süd/West;;;1;817149;3191;253;47,94741705;11,69761132;1;33;30212
ABDS;20181217;6;;;;;DETB26_Mch_H2;A8-Ost;18,775;;;;;Süd/West;;;1;817149;3191;253;47,94741705;11,69761132;1;34;30213
ABDS;20181217;6;;;;;DETB26_Mch_H3;A8-Ost;18,775;;;;;Süd/West;;;1;817149;3191;253;47,94741705;11,69761132;1;35;30214
ABDS;20181217;6;;;;;DETB26_Mch_H4;A8-Ost;18,775;;;;;Süd/West;;;1;817149;3191;253;47,94741705;11,69761132;1;36;30215
ABDS;20181217;6;;;;;DETB27_Mch_H1;A8-Ost;16,6;;;;;Süd/West;;;1;817132;3191;236;47,96578952;11,68800394;1;33;30206
ABDS;20181217;6;;;;;DETB27_Mch_H2;A8-Ost;16,6;;;;;Süd/West;;;1;817132;3191;236;47,96578952;11,68800394;1;34;30207
ABDS;20181217;6;;;;;DETB27_Mch_H3;A8-Ost;16,6;;;;;Süd/West;;;1;817132;3191;236;47,96578952;11,68800394;1;35;30208
ABDS;20181217;6;;;;;DETB27_Mch_H4;A8-Ost;16,6;;;;;Süd/West;;;1;817132;3191;236;47,96578952;11,68800394;1;36;30209
ABDS;20181217;6;;;;;DETB27d_Mch_A;A8-Ost;15,079;;;;;Süd/West;;;1;817120;3191;224;47,97890001;11,68459997;1;97;30210
ABDS;20181217;6;;;;;DETB27d_Mch_E;A8-Ost;15,079;;;;;Süd/West;;;1;817120;3191;224;47,97940005;11,68460001;1;161;30211
ABDS;20181217;6;;;;;DETB28_Mch_H1;A8-Ost;14,6;;;;;Süd/West;;;1;817116;3191;220;47,98345975;11,68302715;1;33;30197
ABDS;20181217;6;;;;;DETB28_Mch_H2;A8-Ost;14,6;;;;;Süd/West;;;1;817116;3191;220;47,98345975;11,68302715;1;34;30198
ABDS;20181217;6;;;;;DETB28_Mch_H3;A8-Ost;14,6;;;;;Süd/West;;;1;817116;3191;220;47,98345975;11,68302715;1;35;30199
ABDS;20181217;6;;;;;DETB28_Mch_H4;A8-Ost;14,6;;;;;Süd/West;;;1;817116;3191;220;47,98345975;11,68302715;1;36;30200
ABDS;20181217;6;;;;;DETB29_Mch_H1;A8-Ost;12,5;;;;;Süd/West;;;1;817099;3191;203;48,00137492;11,67396442;1;33;30193
ABDS;20181217;6;;;;;DETB29_Mch_H2;A8-Ost;12,5;;;;;Süd/West;;;1;817099;3191;203;48,00137492;11,67396442;1;34;30194
ABDS;20181217;6;;;;;DETB29_Mch_H3;A8-Ost;12,5;;;;;Süd/West;;;1;817099;3191;203;48,00137492;11,67396442;1;35;30195
ABDS;20181217;6;;;;;DETB29_Mch_H4;A8-Ost;12,5;;;;;Süd/West;;;1;817099;3191;203;48,00137492;11,67396442;1;36;30196
ABDS;20181217;6;;;;;DETQ11_Sbg_A1;A99;52,734;;;;;Süd/West;;;1;9916980;38738;52;48,03097785;11,66582204;1;105;31809
ABDS;20181217;6;;;;;DETQ11_Sbg_A2;A99;52,734;;;;;Süd/West;;;1;9916980;38738;52;48,03097785;11,66582204;1;106;31810
ABDS;20181217;6;;;;;DETQ13_Sbg_E1;A8-Ost;54,74;;;;;Nord/Ost;;;1;807085;3152;173;48,01504472;11,66396016;1;137;29940
ABDS;20181217;6;;;;;DETQ13_Sbg_E2;A8-Ost;54,74;;;;;Nord/Ost;;;1;807085;3152;173;48,01504472;11,66396016;1;138;29941
ABDS;20181217;6;;;;;DETQ21_Sbg_H1;A8-Ost;9,1;;;;;Nord/Ost;;;1;807072;3152;160;48,02912889;11,65645001;1;1;29942
ABDS;20181217;6;;;;;DETQ21_Sbg_H2;A8-Ost;9,1;;;;;Nord/Ost;;;1;807072;3152;160;48,02912889;11,65645001;1;2;29943
ABDS;20181217;6;;;;;DETQ23_Sbg_E1;A8-Ost;10,19;;;;;Nord/Ost;;;1;10916926;42644;62;48,02697963;11,64699868;1;65;29806
ABDS;20181217;6;;;;;DETQ23_Sbg_E2;A8-Ost;10,19;;;;;Nord/Ost;;;1;10916926;42644;62;48,02697963;11,64699868;1;66;29807
ABDS;20181217;6;;;;;DETQ25_Mch_H1;A8-Ost;9,97;;;;;Süd/West;;;1;807079;3152;167;48,02230361;11,66011334;1;33;29946
ABDS;20181217;6;;;;;DETQ25_Mch_H2;A8-Ost;9,97;;;;;Süd/West;;;1;807079;3152;167;48,02230361;11,66011334;1;34;29947
ABDS;20181217;6;;;;;DETQ25_Sbg_E1;A8-Ost;9,97;;;;;Nord/Ost;;;1;807079;3152;167;48,02211956;11,65950848;1;129;29948
ABDS;20181217;6;;;;;DETQ25_Sbg_E2;A8-Ost;9,97;;;;;Nord/Ost;;;1;807079;3152;167;48,02211956;11,65950848;1;130;29949
ABDS;20181217;6;;;;;DETQ25_Sbg_H1;A8-Ost;9,97;;;;;Nord/Ost;;;1;807079;3152;167;48,02226088;11,65988374;1;1;29944
ABDS;20181217;6;;;;;DETQ25_Sbg_H2;A8-Ost;9,97;;;;;Nord/Ost;;;1;807079;3152;167;48,02226088;11,65988374;1;2;29945
ABDS;20181217;6;;;;;DETQ27_Sbg_H1;A8-Ost;10,773;;;;;Nord/Ost;;;1;807085;3152;173;48,0119;11,66649994;1;1;29937
ABDN;20200728;7;;28;;SBA A70 TSB;A 070 A 042,9;A70;42,925;;;;;Nord/ Ost;;;135;3179320;12419;56;;;2;65,66;83487,83489
ABDN;20200728;7;;28;;SBA A70 TSB;A 070 B 042,6;A70;42,55;;;;;Süd/ West;;;135;3179320;12419;56;;;1;129;83495
ABDN;20200728;7;;28;;SBA A70 TSB;A 070 B 042,9;A70;42,925;;;;;Süd/ West;;;135;3179320;12419;56;;;2;97,98;83433,83488
ABDN;20200728;7;;28;;SBA A70 TSB;A 070 B 043,3;A70;43,3;;;;;Nord/ Ost;;;135;3179320;12419;56;;;1;161;83496
ABDN;20200728;7;;28;;SBA A70 TSB;A 070 A 042,6-043,3;A70;42,55;43,3;;;;;;;135;3179320;12419;56;;;1;195;83490
ABDN;20200728;7;;28;;SBA A70 TSB;A 070 A 042,6-043,3;A70;42,55;43,3;;;;Nord/ Ost;;;135;3179320;12419;56;;;2;1,194;83492,83494
ABDN;20200728;7;;28;;SBA A70 TSB;A 070 B 043,3-042,6;A70;43,3;42,55;;;;Süd/ West;;;135;3179320;12419;56;;;2;33,193;83491,83493
ABDN;20200728;7;27;32;;Tunnel Einhausung Hösbach;A 003 A 217,7;A3;217,725;;;;;Nord/ Ost;;;135;2780497;10861;81;;;1;129;79072
ABDN;20200728;7;27;32;;Tunnel Einhausung Hösbach;A 003 A 217,8;A3;217,8;;;;;Nord/ Ost;;;135;2780497;10861;81;;;2;66,70;79076,83554
ABDN;20200728;7;27;32;;Tunnel Einhausung Hösbach;A 003 A 217,8;A3;217,8;;;;;Süd/ West;;;135;2780497;10861;81;;;2;97,101;79075,83553
ABDN;20200728;7;27;32;;Tunnel Einhausung Hösbach;A 003 A 218,1;A3;218,06;;;;;Süd/ West;;;135;2780497;10861;81;;;1;161;79073
ABDN;20200728;7;27;32;;Tunnel Einhausung Hösbach;A 003 A 219,1;A3;219,1;;;;;Nord/ Ost;;;135;2780497;10861;81;;;2;65,69;79074,79078
ABDN;20200728;7;27;32;;Tunnel Einhausung Hösbach;A 003 A 219,4;A3;219,4;;;;;Süd/ West;;;135;2780497;10861;81;;;2;98,102;79077,83555
ABDN;20200728;7;27;32;;Tunnel Einhausung Hösbach;A 003 A 217,2-218,6;A3;217,17;218,552;;;;Süd/ West;;;135;2780497;10861;81;;;1;33;79017
ABDN;20200728;7;27;32;;Tunnel Einhausung Hösbach;A 003 A 217,2-219,7;A3;217,17;219,7;;;;;;;135;2780497;10861;81;;;1;195;79012
ABDN;20200728;7;27;32;;Tunnel Einhausung Hösbach;A 003 A 217,2-219,7;A3;217,17;219,7;;;;Süd/ West;;;135;2780497;10861;81;;;1;193;79013
ABDN;20200728;7;27;32;;Tunnel Einhausung Hösbach;A 003 A 218,6-217,2;A3;218,552;217,17;;;;Nord/ Ost;;;135;2780497;10861;81;;;1;2;79016
ABDN;20200728;7;27;32;;Tunnel Einhausung Hösbach;A 003 A 219,0-219,7;A3;218,982;219,7;;;;Süd/ West;;;135;2780497;10861;81;;;1;34;79018
ABDN;20200728;7;27;32;;Tunnel Einhausung Hösbach;A 003 A 219,4-217,2;A3;219,361;217,17;;;;Nord/ Ost;;;135;2780497;10861;81;;;1;194;79014
ABDN;20200728;7;27;32;;Tunnel Einhausung Hösbach;A 003 A 219,4-219,0;A3;219,361;218,982;;;;Nord/ Ost;;;135;2780497;10861;81;;;1;1;79015
ABDN;20200728;7;42;42;;Einhausung Laineck;A 009 A 303,490-303,850;A9;303,49;303,85;;;;;;;135;3268098;12766;2;;;1;195;83587
ABDS;20181217;6;;;;;TEU003_H2;B304-Ost;14,18;;;;;Nord/Ost;;;1;9990003;39023;115;48,10470003;11,74320001;1;1;31921
ABDS;20181217;6;;;;;TEU004_H2;B304-Ost;13,1;;;;;Nord/Ost;;;1;9990004;39023;116;48,10620001;11,73609997;1;1;31922
ABDS;20181217;6;;;;;TEU006_H2;St2584;0,25;;;;;Nord/Ost;;;1;9990006;39023;118;48,35080348;11,74110075;1;1;31923
ABDS;20181217;6;;;;;TEU006_H3;St2584;0,25;;;;;Nord/Ost;;;1;9990006;39023;118;48,35080348;11,74110075;1;2;31924
ABDS;20181217;6;;;;;TEU007_H2;St2584;1,3;;;;;Nord/Ost;;;1;9990007;39023;119;48,35146903;11,74894464;1;1;31925
ABDS;20181217;6;;;;;TEU007_H3;St2584;1,3;;;;;Nord/Ost;;;1;9990007;39023;119;48,35146903;11,74894464;1;2;31926
ABDS;20181217;6;;;;;TEU008_H2;St2584;2,2;;;;;Nord/Ost;;;1;9990008;39023;120;48,35269544;11,7666053;1;1;31927
ABDS;20181217;6;;;;;TEU008_H3;St2584;2,2;;;;;Nord/Ost;;;1;9990008;39023;120;48,35269544;11,7666053;1;2;31928
ABDS;20181217;6;;;;;TEU010_H2;St2584;9;;;;;Nord/Ost;;;1;9990010;39023;122;48,3604564;11,8497565;1;1;31919
ABDS;20181217;6;;;;;DETMob5_33;A99;12,77;;;;;Süd/West;;;1;9906945;38699;1;48,20910001;11,48380004;1;33;31474
ABDS;20181217;6;;;;;DETMob5_34;A99;12,77;;;;;Süd/West;;;1;9906945;38699;1;48,20910001;11,48380004;1;34;31475
ABDS;20181217;6;;;;;DETMob5_35;A99;12,77;;;;;Süd/West;;;1;9906945;38699;1;48,20910001;11,48380004;1;35;31146
ABDS;20181217;6;;;;;DETMob5_97;A99;12,77;;;;;Süd/West;;;1;9906945;38699;1;48,20900002;11,48270004;1;97;31147
ABDS;20181217;6;;;;;DETMob5_161;A99;12,77;;;;;Süd/West;;;1;9906945;38699;1;48,20880001;11,48679995;1;161;31148
ABDS;20181217;6;;;;;DETMob5_169;A99;12,77;;;;;Süd/West;;;1;9906945;38699;1;48,20890009;11,48420004;1;169;31149
ABDS;20181217;6;;;;;DET99-248_A1;A99;37,9;;;;;Süd/West;;;1;9908807;38706;71;;;1;113;31608
ABDS;20181217;6;;;;;DETQ7_Sbg_H1;A99;48,664;;;;;Süd/West;;;1;9916891;38737;219;48,05875991;11,70012247;1;33;31774
ABDS;20181217;6;;;;;DETQ7_Sbg_H2;A99;48,664;;;;;Süd/West;;;1;9916891;38737;219;48,05875991;11,70012247;1;34;31775
ABDS;20181217;6;;;;;DETQ7_Sbg_H3;A99;48,664;;;;;Süd/West;;;1;9916891;38737;219;48,05875991;11,70012247;1;35;31776
ABDS;20181217;6;;;;;DETQ9_Sbg_A1;A99;51,171;;;;;Süd/West;;;1;9916946;38738;18;48,0403782;11,68055956;1;33;31805
ABDS;20181217;6;;;;;DETQ9_Sbg_A2;A99;51,171;;;;;Süd/West;;;1;9916946;38738;18;48,0403782;11,68055956;1;34;31806
ABDS;20181217;6;;;;;DETQ9_Sbg_H1;A99;51,171;;;;;Süd/West;;;1;9916946;38738;18;48,04033633;11,68062951;1;35;31807
ABDS;20181217;6;;;;;DETQ9_Sbg_H2;A99;51,171;;;;;Süd/West;;;1;9916946;38738;18;48,04033633;11,68062951;1;36;31808
ABDS;20181217;6;;;;;DETB10_Mch_H1;A8-Ost;47,15;;;;;Süd/West;;;1;817374;3192;222;47,82182535;11,97592887;1;33;29880
ABDS;20181217;6;;;;;DETB10_Mch_H2;A8-Ost;47,15;;;;;Süd/West;;;1;817374;3192;222;47,82182535;11,97592887;1;34;29881
ABDS;20181217;6;;;;;DETB10_Mch_H3;A8-Ost;47,15;;;;;Süd/West;;;1;817374;3192;222;47,82182535;11,97592887;1;35;29882
ABDS;20181217;6;;;;;DETB11_Mch_H1;A8-Ost;45,2;;;;;Süd/West;;;1;817359;3192;207;47,82700021;11,95115954;1;33;30222
ABDS;20181217;6;;;;;DETB11_Mch_H2;A8-Ost;45,2;;;;;Süd/West;;;1;817359;3192;207;47,82700021;11,95115954;1;34;30223
ABDS;20181217;6;;;;;DETB11_Mch_H3;A8-Ost;45,2;;;;;Süd/West;;;1;817359;3192;207;47,82700021;11,95115954;1;35;30224
ABDS;20181217;6;;;;;DETB12_Mch_H1;A8-Ost;44,037;;;;;Süd/West;;;1;817350;3192;198;47,82375872;11,93760956;1;33;30225
ABDS;20181217;6;;;;;DETB12_Mch_H2;A8-Ost;44,037;;;;;Süd/West;;;1;817350;3192;198;47,82375872;11,93760956;1;34;30226
ABDS;20181217;6;;;;;DETB12_Mch_H3;A8-Ost;44,037;;;;;Süd/West;;;1;817350;3192;198;47,82375872;11,93760956;1;35;30227
ABDS;20181217;6;;;;;DETB13_Mch_H1;A8-Ost;42,2;;;;;Süd/West;;;1;817335;3192;183;47,82778505;11,91651391;1;33;30219
ABDS;20181217;6;;;;;DETB13_Mch_H2;A8-Ost;42,2;;;;;Süd/West;;;1;817335;3192;183;47,82778505;11,91651391;1;34;30220
ABDS;20181217;6;;;;;DETB13_Mch_H3;A8-Ost;42,2;;;;;Süd/West;;;1;817335;3192;183;47,82778505;11,91651391;1;35;30221
ABDS;20181217;6;;;;;DETB14_Mch_H1;A8-Ost;40,93;;;;;Süd/West;;;1;817325;3192;173;47,82920846;11,90067162;1;33;30216
ABDS;20181217;6;;;;;DETB14_Mch_H2;A8-Ost;40,93;;;;;Süd/West;;;1;817325;3192;173;47,82920846;11,90067162;1;34;30217
ABDS;20181217;6;;;;;DETB14_Mch_H3;A8-Ost;40,93;;;;;Süd/West;;;1;817325;3192;173;47,82920846;11,90067162;1;35;30218
ABDS;20181217;6;;;;;DETB15_Mch_H1;A8-Ost;39;;;;;Süd/West;;;1;817310;3192;158;47,83521644;11,87917413;1;33;30231
ABDS;20181217;6;;;;;DETB15_Mch_H2;A8-Ost;39;;;;;Süd/West;;;1;817310;3192;158;47,83521644;11,87917413;1;34;30232
ABDS;20181217;6;;;;;DETB15_Mch_H3;A8-Ost;39;;;;;Süd/West;;;1;817310;3192;158;47,83521644;11,87917413;1;35;30233
ABDS;20181217;6;;;;;DETB16_Mch_H1;A8-Ost;37,4;;;;;Süd/West;;;1;817297;3192;145;47,84654208;11,86706631;1;33;30234
ABDS;20181217;6;;;;;DETB16_Mch_H2;A8-Ost;37,4;;;;;Süd/West;;;1;817297;3192;145;47,84654208;11,86706631;1;34;30235
