Zeile;id;Querschnitt_ID;Querschnitt;Bezeichner;DE_Kanal;Knotennummer;Breite_WGS;Laenge_WGS;Nummer;Betriebs_km;DZ_Nummer;Betriebsstatus;SST_ID;Streckenstation;FG;Unterzentrale;Fahrtrichtung
1;62724;Querschnitt5862;MQ_TEU001_Mch;TEU001_H1;0;9990001;48.16700001;11.45359995;5862;0.0;;Betriebsstatus1;Streckenstation1601;TEU 001;1;Concert Zentrale;A8-West Richtung M.-Zentrum
2;60906;Querschnitt5863;MQTEU002_Krh;TEU002_Kch_H2;1;9990002;48.15675889;11.71995001;5863;12.1;;Betriebsstatus1;Streckenstation1602;TEU 002;1;Concert Zentrale;St2082 Richtung Kirchheim
4;56110;Querschnitt5864;MQTEU003_Mch;TEU003_H1;0;9990003;48.10470003;11.74320001;5864;14.18;;Betriebsstatus1;Streckenstation1603;TEU 003;1;Concert Zentrale;B304-Ost Richtung West
6;51422;Querschnitt5865;MQTEU004_Mch;TEU004_H1;0;9990004;48.10620001;11.73609997;5865;13.1;;Betriebsstatus1;Streckenstation1604;TEU 004;1;Concert Zentrale;B304-Ost Richtung West
8;63108;Querschnitt5866;MQTEU005_Fhm;TEU005_H1;0;9990005;48.36030889;11.74000001;5866;5.5;;Betriebsstatus1;Streckenstation1605;TEU 005;1;Concert Zentrale;FS44 Richtung Süd
9;60466;Querschnitt5867;MQTEU006_Edg;TEU006_H2;1;9990006;48.35080348;11.74110075;5867;0.25;;Betriebsstatus1;Streckenstation1606;TEU 006;1;Concert Zentrale;St2584 Richtung Erding
12;53202;Querschnitt5868;MQTEU007_Edg;TEU007_H3;2;9990007;48.35146903;11.74894464;5868;1.3;;Betriebsstatus1;Streckenstation1607;TEU 007;1;Concert Zentrale;St2584 Richtung Erding
15;51975;Querschnitt5869;MQTEU008_Edg;TEU008_H3;2;9990008;48.35269544;11.7666053;5869;2.2;;Betriebsstatus1;Streckenstation1608;TEU 008;1;Concert Zentrale;St2584 Richtung Erding
18;52838;Querschnitt5870;MQTEU009_Hbm;TEU009_H1;0;9990009;48.36113217;11.80839078;5870;5.6;;Betriebsstatus1;Streckenstation1609;TEU 009;1;Concert Zentrale;St2584 Richtung BAB A92
19;60634;Querschnitt5871;MQTEU010_Hbm;TEU010_H2;1;9990010;48.3604564;11.8497565;5871;9.0;;Betriebsstatus1;Streckenstation1610;TEU 010;1;Concert Zentrale;St2584 Richtung BAB A92
21;59142;Querschnitt5872;MQTEU011_Edg;TEU011_H1;0;9990011;48.36300246;11.85289435;5872;2.7;;Betriebsstatus1;Streckenstation1611;TEU 011;1;Concert Zentrale;St2580 Richtung BAB A94
22;59448;Querschnitt5458;GMA_Adelshausen_Mch;WUD_LT_Adelshausen_Mch;12;806284;48.36675828;11.11349628;5458;33.835;;Betriebsstatus1;Streckenstation1489;Adelshausen;3;GMA - UZ Augsburg;A8-West Richtung M.-Zentrum
32;60239;Querschnitt5454;GMA_Einsbach_Mch;WUD_TT3_Einsbach_Mch;24;818151;48.27647413;11.27871722;5454;17.95;;Betriebsstatus1;Streckenstation1486;Einsbach;3;GMA - UZ Augsburg;A8-West Richtung M.-Zentrum
41;55996;Querschnitt5457;GMA_Leipheim_Mch;WUD_GT_Leipheim_Mch;16;818885;48.44661372;10.20656462;5457;105.106;;Betriebsstatus1;Streckenstation1488;Leipheim;3;GMA - UZ Augsburg;A8-West Richtung M.-Zentrum
44;51856;Querschnitt5456;GMA_Leipheim_Stg;WUD_TPT_Leipheim_Stg;14;818885;48.44670915;10.20673294;5456;105.106;;Betriebsstatus1;Streckenstation1488;Leipheim;3;GMA - UZ Augsburg;A8-West Richtung Stuttgart
52;59361;Querschnitt5455;GMA_Streitheim_Mch;WUD_LT_Streitheim_Mch;12;818560;48.4198402;10.68194422;5455;67.45;;Betriebsstatus1;Streckenstation1487;Streitheim;3;GMA - UZ Augsburg;A8-West Richtung M.-Zentrum
63;64080;Querschnitt6982;GMA_Buchloe_Mch;WUD_GT_Buchloe_Mch;15;9608519;48.02651;10.72749;;108.65;;Betriebsstatus1;Streckenstation2047;Buchloe;3;GMA - UZ Memmingen;A96 Richtung M.-Zentrum
73;55211;Querschnitt5445;GMA_Hittistetten_Fld;WUD_LT_Hittistetten_Fld;12;706539;48.3249659;10.08911678;5445;851.7;;Betriebsstatus1;Streckenstation1479;Hittistetten;3;GMA - UZ Memmingen;A7 Richtung Fulda
83;59394;Querschnitt6108;GMA_Illerkanal-Bruecke_Fue;WUD_RLF_Illertalkanal_Fue;13;717459;48.07189962;10.1385712;6108;881.55;;Betriebsstatus1;Streckenstation1647;Illerkanal-Bruecke;3;GMA - UZ Memmingen;A7 Richtung Füssen
93;61126;Querschnitt5446;GMA_Illertalbruecke_Fue;WUD_FBT_Illertalbruecke_Fue;19;717233;48.13357408;10.11023641;5446;874.2;;Betriebsstatus1;Streckenstation1480;Illertalbruecke;3;GMA - UZ Memmingen;A7 Richtung Füssen
103;60055;Querschnitt5450;GMA_Kirchdorfer Berg_Mch;WUD_WGM_Kirchdorfer Berg_Mch;26;9607520;48.03796996;10.55238676;5450;95.0;;Betriebsstatus1;Streckenstation1483;Kirchdorfer Berg;3;GMA - UZ Memmingen;A96 Richtung M.-Zentrum
116;59500;Querschnitt5449;GMA_Kohlberg Tunnel_Lin;WUD_GT_Kohlberg Tunnel_Lin;15;9607304;48.03749751;10.38772325;5449;81.5;;Betriebsstatus1;Streckenstation1482;Kohlberg Tunnel;3;GMA - UZ Memmingen;A96 Richtung Lindau
133;52749;Querschnitt5451;GMA_Leibi_Fld;GMA_LT_Leibi_Fld;12;706069;48.4398307;10.11110379;5451;838.5;;Betriebsstatus1;Streckenstation1484;Leibi;3;GMA - UZ Memmingen;A7 Richtung Fulda
146;64078;Querschnitt6981;GMA_Memmingen-Sued_Fue;WUD_NS_Memmingen-Sued_Fue;6;703725;47.9902;10.15069;;891.05;;Betriebsstatus1;Streckenstation2046;Memmingen-Sued;3;GMA - UZ Memmingen;A7 Richtung Füssen
157;59515;Querschnitt5448;GMA_Memmingen Ost_Lin;WUD_TT1_Memmingen Ost_Lin;21;9617058;47.99891429;10.18538651;5448;66.1;;Betriebsstatus1;Streckenstation1481;Memmingen Ost;3;GMA - UZ Memmingen;A96 Richtung Lindau
167;60228;Querschnitt5452;GMA_Memmingen West_Lin;WUD_FBZ_Memmingen West_Lin;11;9616892;47.95851712;10.1082884;5452;58.1;;Betriebsstatus1;Streckenstation1485;Memmingen West;3;GMA - UZ Memmingen;A96 Richtung Lindau
181;52895;Querschnitt5453;GMA_Memmingen West_Mch;WUD_ZRG_Memmingen West_Mch;18;9616892;47.95843837;10.10855383;5453;58.1;;Betriebsstatus1;Streckenstation1485;Memmingen West;3;GMA - UZ Memmingen;A96 Richtung M.-Zentrum
187;55047;Querschnitt5528;GMA_Feldmoching_Lin;WUD_TPT_Feldmoching_Lin;14;9917174;48.22231653;11.51965243;5528;15.848;;Betriebsstatus1;Streckenstation1514;Feldmoching;3;GMA - UZ München Nord;A99 Richtung Lindau
199;64055;Querschnitt6989;GMA_Flughafen Spange;WUD_TT1_Flughafen Spange;21;723459;48.35077;11.72698;;22.245;;Betriebsstatus1;Streckenstation2054;Flughafen Spange;3;GMA - UZ München Nord;A92a_(Flughafenzubringer) Richtung M.-Zentrum
209;51086;Querschnitt5531;GMA_Köschinger Forst_Nbg;WUD_FBZ_Köschinger Forst_Nbg;11;906095;48.83562533;11.47084853;5531;450.59;;Betriebsstatus1;Streckenstation1517;Köschinger Forst;3;GMA - UZ München Nord;A9 Richtung Nürnberg
222;59322;Querschnitt5530;GMA_Landshut West_Mch;WUD_TPT_Landshut West_Mch;14;9217685;48.53143196;12.07120777;5530;56.6;;Betriebsstatus1;Streckenstation1516;Landshut West;3;GMA - UZ München Nord;A92 Richtung M.-Zentrum
233;54964;Querschnitt5535;GMA_Langenpreising_Mch;WUD_RLF_Langenpreising_Mch;13;9216471;48.43793612;11.95273108;5535;42.5;;Betriebsstatus1;Streckenstation1521;Langenpreising;3;GMA - UZ München Nord;A92 Richtung M.-Zentrum
244;55608;Querschnitt5533;GMA_Moosburg_Mch;WUD_TT1_Moosburg_Mch;21;9217491;48.49689331;12.00529891;5533;50.05;;Betriebsstatus1;Streckenstation1519;Moosburg;3;GMA - UZ München Nord;A92 Richtung M.-Zentrum
254;64057;Querschnitt6993;GMA_Ohu;WUD_WFD_Ohu;82;9208153;48.60126;12.23175;;72.29;;Betriebsstatus1;Streckenstation2058;Ohu;3;GMA - UZ München Nord;A92 Richtung Deggendorf
257;64084;Querschnitt6994;GMA_Ohu;WUD_TT1_Ohu;121;9208153;48.60126;12.23175;;72.29;;Betriebsstatus1;Streckenstation2058;Ohu;3;GMA - UZ München Nord;A92 Richtung Deggendorf
268;59669;Querschnitt5529;GMA_Pfettrach Bruecke_Mch;WUD_TT1_Pfettrach Bruecke_Mch;21;9217809;48.56453877;12.0877542;5529;60.74;;Betriebsstatus1;Streckenstation1515;Pfettrach Bruecke;3;GMA - UZ München Nord;A92 Richtung M.-Zentrum
278;50853;Querschnitt5532;GMA_Sandrach Bruecke_Mch;WUD_NS_Sandrach Bruecke_Mch;6;916385;48.72800264;11.47423578;5532;462.99;;Betriebsstatus1;Streckenstation1518;Sandrach Bruecke;3;GMA - UZ München Nord;A9 Richtung M.-Zentrum
288;59344;Querschnitt5534;GMA_Wolnzach_Hof;WUD_NS_Wolnzach_Hof;6;9307375;48.60930351;11.66694448;5534;258.81;;Betriebsstatus1;Streckenstation1520;Wolnzach;3;GMA - UZ München Nord;A93-Nord Richtung Hof
299;55187;Querschnitt5540;GMA_Bayerischer Wald_Rgb;WUD_TT3_Bayerischer Wald_Rgb;24;306987;48.93203706;12.7059803;5540;540.86;;Betriebsstatus1;Streckenstation1526;Bayerischer Wald;3;GMA - UZ Pankofen;A3 Richtung Nürnberg
310;59803;Querschnitt5537;GMA_Deggenaubruecke_Pas;WUD_TT1_Deggenaubruecke_Pas;21;318541;48.80922685;12.96955139;5537;565.13;;Betriebsstatus1;Streckenstation1523;Deggenaubruecke;3;GMA - UZ Pankofen;A3 Richtung Passau
320;59981;Querschnitt5538;GMA_Dingolfing_Mch;WUD_LT_Dingolfing_Mch;12;9218005;48.6606021;12.51285172;5538;94.21;;Betriebsstatus1;Streckenstation1524;Dingolfing;3;GMA - UZ Pankofen;A92 Richtung M.-Zentrum
332;60384;Querschnitt5536;GMA_Galgenberg_Rbg;WUD_TPT_Galgenberg_Rbg;14;309259;48.63949793;13.29398539;5536;596.25;;Betriebsstatus1;Streckenstation1522;Galgenberg;3;GMA - UZ Pankofen;A3 Richtung Nürnberg
346;60314;Querschnitt5541;GMA_Passau Sued_Pas;WUD_RLF_Passau Sued_Pas;13;317802;48.53779892;13.39964289;5541;611.79;;Betriebsstatus1;Streckenstation1527;Passau Sued;3;GMA - UZ Pankofen;A3 Richtung Passau
357;60533;Querschnitt5539;GMA_Pilsting_Mch;WUD_LT_Pilsting_Mch;12;9217163;48.68880215;12.64891784;5539;104.74;;Betriebsstatus1;Streckenstation1525;Pilsting;3;GMA - UZ Pankofen;A92 Richtung M.-Zentrum
368;51719;Querschnitt5545;GMA_Schalding Donaubruecke_Pas;WUD_FBZ_Schalding Donaubruecke_Pas;11;317714;48.59725058;13.37024926;5545;604.23;;Betriebsstatus1;Streckenstation1531;Schalding Donaubruecke;3;GMA - UZ Pankofen;A3 Richtung Passau
381;59789;Querschnitt5546;GMA_Schalding Donaubruecke_Rbg;WUD_TT1_Schalding Donaubruecke_Rbg;121;317714;48.59722495;13.37041748;5546;604.23;;Betriebsstatus1;Streckenstation1531;Schalding Donaubruecke;3;GMA - UZ Pankofen;A3 Richtung Nürnberg
385;60288;Querschnitt5543;GMA_Schöllnachtal_Rgb;WUD_WFD_Schöllnachtal_Rgb;82;307466;48.71685628;13.15883273;5543;582.6;;Betriebsstatus1;Streckenstation1529;Schöllnachtal;3;GMA - UZ Pankofen;A3 Richtung Nürnberg
396;55034;Querschnitt5542;GMA_Schwarzach_Rgb;WUD_NI_Schwarzach_Rgb;17;307069;48.90277053;12.79028832;5542;548.0;;Betriebsstatus1;Streckenstation1528;Schwarzach;3;GMA - UZ Pankofen;A3 Richtung Nürnberg
412;60256;Querschnitt5544;GMA_Suben Innbruecke_Rgb;WUD_FBT_Suben Innbruecke_Rgb;19;307992;48.4111627;13.42567246;5544;628.3;;Betriebsstatus1;Streckenstation1530;Suben Innbruecke;3;GMA - UZ Pankofen;A3 Richtung Nürnberg
423;64051;Querschnitt6990;GMA_AS-Neufahrn_Roh;WUD_RLF_AS-Neufahrn_Roh;13;11015044;48.7155;12.1688;;33.5;;Betriebsstatus1;Streckenstation2055;GMA AS-Neufahrn;3;GMA - UZ Pentling;B15-Neu Richtung Rosenheim
433;64095;Querschnitt6991;GMA_Goldbachbruecke_Roh;WUD_FBZ_Goldbachbruecke_Roh;11;11015049;48.67068;12.19082;;38.85;;Betriebsstatus1;Streckenstation2056;GMA Goldbachbruecke;3;GMA - UZ Pentling;B15-Neu Richtung Rosenheim
443;54980;Querschnitt6103;GMA_Grafenschlag_Roh;WUD_FBZ_Grafenschlag_Roh;11;11015027;48.76087889;12.13450001;6103;26.8;;Betriebsstatus1;Streckenstation1644;GMA Grafenschlag;3;GMA - UZ Pentling;B15-Neu Richtung Rosenheim
453;52988;Querschnitt5425;GMA_Hausen_Mch;WUD_RLF_Hausen_Mch;13;9317549;48.83286301;11.97429672;5425;223.15;;Betriebsstatus1;Streckenstation1468;GMA Hausen;3;GMA - UZ Pentling;A93-Nord Richtung M.-Zentrum
466;59902;Querschnitt5426;GMA_Laaber_Pas;WUD_TT3_Laaber_Pas;24;316434;49.08231996;11.90164164;5426;473.8;;Betriebsstatus1;Streckenstation1467;GMA Laaber;3;GMA - UZ Pentling;A3 Richtung Passau
480;59360;Querschnitt6104;GMA_Laaberbruecke_Roh;WUD_RLF_Laaberbruecke_Roh;13;11015032;48.73180889;12.15995;6104;33.5;;Betriebsstatus1;Streckenstation1645;GMA Laaberbruecke;3;GMA - UZ Pentling;B15-Neu Richtung Rosenheim
490;59598;Querschnitt5423;GMA_Parsberg_Pas;WUD_TT1_Parsberg_Nbg;21;306062;49.17189178;11.80081143;5423;460.405;;Betriebsstatus1;Streckenstation1464;GMA Parsberg;3;GMA - UZ Pentling;A3 Richtung Nürnberg
501;52773;Querschnitt5427;GMA_Pentling_Mch;WUD_RLF_Pentling_Mch;13;9317084;48.96898889;12.07372001;5427;203.05;;Betriebsstatus1;Streckenstation1466;GMA Pentling;3;GMA - UZ Pentling;A93-Nord Richtung M.-Zentrum
513;60059;Querschnitt5428;GMA_Regendorf_Hof;WUD_FBZ_Regendorf_Hof;11;9306140;49.0889641;12.09720884;5428;188.05;;Betriebsstatus1;Streckenstation1465;GMA Regendorf;3;GMA - UZ Pentling;A93-Nord Richtung Hof
524;60521;Querschnitt4567;GMA_Rosenhof_Rbg;WUD_TPT_Rosenhof_Nbg;14;307130;48.99358054;12.21988408;4567;503.5;;Betriebsstatus1;Streckenstation1215;GMA Rosenhof;3;GMA - UZ Pentling;A3 Richtung Nürnberg
533;60113;Querschnitt6101;GMA_Saalhaupt_Mch;WUD_TT3_Saalhaupt_Mch;27;11015011;48.89022859;12.07509543;6101;212.908;;Betriebsstatus1;Streckenstation1641;GMA Saalhaupt;3;GMA - UZ Pentling;A93-Nord Richtung M.-Zentrum
540;52991;Querschnitt6100;GMA_Saalhaupt_Roh;WUD_FBZ_Saalhaupt_Roh;11;11015011;48.88992706;12.07505526;6100;10.92;;Betriebsstatus1;Streckenstation1641;GMA Saalhaupt;3;GMA - UZ Pentling;B15-Neu Richtung Rosenheim
550;59382;Querschnitt6102;GMA_Schierling_Roh;WUD_TPT_Schierling_Roh;14;11015019;48.82182185;12.13270378;6102;19.1;;Betriebsstatus1;Streckenstation1643;GMA Schierling;3;GMA - UZ Pentling;B15-Neu Richtung Rosenheim
560;59542;Querschnitt5429;GMA_Siegenburg_Hof;WUD_TT3_Siegenburg_Hof;24;9306995;48.73814264;11.85497901;5429;237.04;;Betriebsstatus1;Streckenstation1471;GMA Siegenburg;3;GMA - UZ Pentling;A93-Nord Richtung Hof
571;51247;Querschnitt5430;GMA_Sinzing_Pas;WUD_NS_Sinzing_Pas;6;316787;48.99872786;12.03974182;5430;489.1;;Betriebsstatus1;Streckenstation1470;GMA Sinzing;3;GMA - UZ Pentling;A3 Richtung Passau
583;64046;Querschnitt6992;GMA_Unterfraundorf_Nbg;WUD_NI_Unterfraundorf_Nbg;67;306267;49.14;11.8619;;466.59;;Betriebsstatus1;Streckenstation2057;GMA Unterfraundorf_Nbg;3;GMA - UZ Pentling;A3 Richtung Nürnberg
593;59896;Querschnitt5431;GMA_Wörth Donaubruecke_Rgb;WUD_LT_Wörth Donaubruecke_Nbg;12;306664;48.99824577;12.34535577;5431;512.75;;Betriebsstatus1;Streckenstation1469;GMA Wörth Donaubruecke;3;GMA - UZ Pentling;A3 Richtung Nürnberg
603;50813;Querschnitt5524;GMA_Bernauer Berg_Sbg;WUD_WGM_Bernauer Berg_Sbg;82;807601;47.81073019;12.34697806;5524;75.75;;Betriebsstatus1;Streckenstation1510;Bernauer Berg;3;GMA - UZ Rosenheim;A8-Ost Richtung Salzburg
615;60798;Querschnitt5523;GMA_Inntal Dreieck_Mch;WUD_FBZ_Inntal Dreieck_Mch;11;817445;47.81050812;12.09325815;5523;56.045;;Betriebsstatus1;Streckenstation1509;Inntal Dreieck;3;GMA - UZ Rosenheim;A8-Ost Richtung M.-Zentrum
626;52834;Querschnitt5522;GMA_Kiefersfelden_Kff;WUD_RLF_Kiefersfelden_Kff;13;9319988;47.60574335;12.19464458;5522;25.128;;Betriebsstatus1;Streckenstation1508;Kiefersfelden (Innbruecke);3;GMA - UZ Rosenheim;A93-Süd Richtung Kiefersfelden
638;50807;Querschnitt5520;GMA_Oberaudorf_Kff;WUD_TT1_Oberaudorf_Kff;21;9319750;47.66133434;12.18323333;5520;18.5;;Betriebsstatus1;Streckenstation1506;Oberaudorf;3;GMA - UZ Rosenheim;A93-Süd Richtung Kiefersfelden
651;64045;Querschnitt6988;GMA_Priental_Bruecke_Sbg;WUD_RLF_Priental_Bruecke_Sbg;13;807570;47.80368;12.29807;;70.0;;Betriebsstatus1;Streckenstation2053;Priental_Bruecke;3;GMA - UZ Rosenheim;A8-Ost Richtung Salzburg
665;55192;Querschnitt5521;GMA_Rosenheim_Sbg;WUD_FBZ_Rosenheim_Sbg;11;807465;47.80701797;12.12632721;5521;58.587;;Betriebsstatus1;Streckenstation1507;Rosenheim (Innbruecke);3;GMA - UZ Rosenheim;A8-Ost Richtung Salzburg
677;64108;Querschnitt6984;GMA_AD_Sued-West_Mch;WUD_NI_AD_Sued-West_Mch;67;9609744;48.11723;11.38651;;161.47;;Betriebsstatus1;Streckenstation2049;AD_Sued-West;3;GMA - UZ Starnberg;A96 Richtung M.-Zentrum
688;51677;Querschnitt5518;GMA_Eching_Lin;WUD_FBT_Eching_Lin;19;9618192;48.07499457;11.0960437;5518;138.5;;Betriebsstatus1;Streckenstation1505;Eching;3;GMA - UZ Starnberg;A96 Richtung Lindau
701;51192;Querschnitt5519;GMA_Eching_Mch;WUD_TT1_Eching_Mch;121;9618192;48.07488783;11.0961094;5519;138.5;;Betriebsstatus1;Streckenstation1505;Eching;3;GMA - UZ Starnberg;A96 Richtung M.-Zentrum
706;64056;Querschnitt6986;GMA_Eschenlohe_Mch;WUD_TPT_Eschenlohe_Mch;14;9508684;47.60266;11.1759;;67.1;;Betriebsstatus1;Streckenstation2051;Eschenlohe;3;GMA - UZ Starnberg;A95 Richtung M.-Zentrum
717;64067;Querschnitt6983;GMA_Fuerstenried_Mch;WUD_TPT_Fuerstenried_Mch;14;9506184;48.0772;11.4874;;4.6;;Betriebsstatus1;Streckenstation2048;Fuerstenried;3;GMA - UZ Starnberg;A95 Richtung M.-Zentrum
728;60543;Querschnitt5514;GMA_Großweil_Gap;WUD_FBZ_Großweil_Gap;11;9518340;47.66110076;11.24199738;5514;58.5;;Betriebsstatus1;Streckenstation1502;Großweil;3;GMA - UZ Starnberg;A95 Richtung Garmisch
738;55173;Querschnitt5515;GMA_Landsberg_Mch;WUD_TPT_Landsberg_Mch;14;9617941;48.06398346;10.87586602;5515;121.3;;Betriebsstatus1;Streckenstation1503;Landsberg (Bruecke);3;GMA - UZ Starnberg;A96 Richtung M.-Zentrum
747;51714;Querschnitt5511;GMA_Oberpfaffenhofen_Mch;WUD_TT1_Oberpfaffenhofen_Mch;21;9619554;48.09284372;11.28853654;5511;153.25;;Betriebsstatus1;Streckenstation1499;Oberpfaffenhofen;3;GMA - UZ Starnberg;A96 Richtung M.-Zentrum
758;64265;Querschnitt5517;GMA_Schöffelding_Lin;WUD_WFD_Schöffelding_Lin;182;9608072;48.06028008;10.98070634;5517;129.5;;Betriebsstatus1;Streckenstation1504;Schöffelding;3;GMA - UZ Starnberg;A96 Richtung Lindau
762;54996;Querschnitt5516;GMA_Schöffelding_Mch;WUD_NS_Schöffelding_Mch;6;9608072;48.06015604;10.98076538;5516;129.5;;Betriebsstatus1;Streckenstation1504;Schöffelding;3;GMA - UZ Starnberg;A96 Richtung M.-Zentrum
773;52973;Querschnitt5512;GMA_Starnberg_Mch;WUD_NS_Starnberg_Mch;6;9527632;48.00409299;11.39170552;5512;1.97;;Betriebsstatus1;Streckenstation1500;Starnberg;3;GMA - UZ Starnberg;A952 Richtung M.-Zentrum
785;64053;Querschnitt6987;GMA_Tunnel_Farchant;WUD_TT3_Tunnel_Farchant_Gap;24;9519610;47.53507;11.11902;;90.25;;Betriebsstatus1;Streckenstation2052;Tunnel_Farchant;3;GMA - UZ Starnberg;B2-Süd Garmisch
796;64069;Querschnitt6985;GMA_Windach_Lin;WUD_NS_Windach_Lin;6;9619105;48.07341;11.0362;;133.92;;Betriebsstatus1;Streckenstation2050;Windach;3;GMA - UZ Starnberg;A96 Richtung Lindau
807;55056;Querschnitt5513;GMA_Wolfratshausen_Mch;WUD_FBZ_Wolfratshausen_Mch;11;9507300;47.85451005;11.38675995;5513;32.5;;Betriebsstatus1;Streckenstation1501;Wolfratshausen;3;GMA - UZ Starnberg;A95 Richtung M.-Zentrum
819;60117;Querschnitt5439;GMA_Allgaeuer Tor_Fue;WUD_RLF_Allgaeuer Tor_Fue;13;718314;47.85889405;10.27777753;5439;909.3;;Betriebsstatus1;Streckenstation1472;Allgaeuer Tor;3;GMA - UZ Sulzberg;A7 Richtung Füssen
830;55033;Querschnitt5440;GMA_Durachbruecke_Fue;WUD_NS_Durachbruecke_Fue;6;718940;47.69200429;10.36634672;5440;929.6;;Betriebsstatus1;Streckenstation1473;Durachbruecke;3;GMA - UZ Sulzberg;A7 Richtung Füssen
840;55027;Querschnitt5443;GMA_Hellengerst_Wal;WUD_NS_Hellengerst_Wal;6;9809984;47.66699151;10.2006357;5443;13.0;;Betriebsstatus1;Streckenstation1477;Hellengerst;3;GMA - UZ Sulzberg;A980 Richtung Waltenhofen
854;64049;Querschnitt6980;GMA_Leubas_Fue;WUD_NI_Leubas_Fue;67;708645;47.7708;10.32556;;927.6;;Betriebsstatus1;Streckenstation2045;Leubas;3;GMA - UZ Sulzberg;A7 Richtung Füssen
865;59608;Querschnitt5442;GMA_Rohrbachtobelbruecke_Wal;WUD_NS_Rohrbachtobelbruecke_Wal;6;9808770;47.66816368;10.25541429;5442;8.9;;Betriebsstatus1;Streckenstation1476;Rohrbachtobelbruecke;3;GMA - UZ Sulzberg;A980 Richtung Waltenhofen
875;59614;Querschnitt5444;GMA_Rottachtalbruecke_Fue;WUD_NS_Rottachtalbruecke_Fue;6;719149;47.65773846;10.42661317;5444;936.4;;Betriebsstatus1;Streckenstation1478;Rottachtalbruecke;3;GMA - UZ Sulzberg;A7 Richtung Füssen
885;54946;Querschnitt5441;GMA_Sulzbergbruecke_Wal;WUD_LT_Sulzbergbruecke_Wal;12;9807121;47.68198769;10.32045866;5441;3.6;;Betriebsstatus1;Streckenstation1474;Sulzbergbruecke;3;GMA - UZ Sulzberg;A980 Richtung Waltenhofen
895;57252;Querschnitt4541;BMS_Adelzhausen_Ost;Geraet16472;1;807006;48.34009462;11.15575688;4541;29.538;76329133;Betriebsstatus1;Streckenstation1204;Adelzhausen (O);6;LVE - UZ Augsburg;A8-West Richtung M.-Zentrum
897;61376;Querschnitt4540;MQDZ_Adelzhausen_Ost_Mch;DET_Adelzhausen_Ost_Mch_H2;2;807006;48.34200005;11.15180004;4540;29.538;76329133;Betriebsstatus1;Streckenstation1204;Adelzhausen (O);1;LVE - UZ Augsburg;A8-West Richtung M.-Zentrum
900;56247;Querschnitt4539;MQDZ_Adelzhausen_Ost_Stg;DET_Adelzhausen_Ost_Stg_H1;33;807006;48.34220006;11.15179996;4539;29.538;76329133;Betriebsstatus1;Streckenstation1204;Adelzhausen (O);1;LVE - UZ Augsburg;A8-West Richtung Stuttgart
903;56024;Querschnitt4322;BMS_Adelzhausen_(W)_Mch;Geraet15813;1;807144;48.36685828;11.1127203;4322;34.0;76329132;Betriebsstatus1;Streckenstation1118;Adelzhausen (W);6;LVE - UZ Augsburg;A8-West Richtung M.-Zentrum
906;55543;Querschnitt4320;MQDZ_Adelzhausen_(W)_Mch;DET_Adelzhausen_(W)_Mch_H3;3;807144;48.37270007;11.09850002;4320;34.0;76329132;Betriebsstatus1;Streckenstation1118;Adelzhausen (W);1;LVE - UZ Augsburg;A8-West Richtung M.-Zentrum
909;52801;Querschnitt4321;MQDZ_Adelzhausen_(W)_Stg;DET_Adelzhausen_(W)_Stg_H1;33;807144;48.37260005;11.09889997;4321;34.0;76329132;Betriebsstatus1;Streckenstation1118;Adelzhausen (W);1;LVE - UZ Augsburg;A8-West Richtung Stuttgart
912;59832;Querschnitt4547;BMS_Augsburg-Ost_Mch;Geraet16484;1;807628;48.40685404;10.93786564;4547;48.3;75319009;Betriebsstatus1;Streckenstation1207;Augsburg-Ost (O);6;LVE - UZ Augsburg;A8-West Richtung M.-Zentrum
914;54581;Querschnitt4545;MQDZ_Augsburg-Ost_Mch;DET_Augsburg-Ost_Mch_H2;2;807628;48.40550005;10.94590005;4545;48.3;75319009;Betriebsstatus1;Streckenstation1207;Augsburg-Ost (O);1;LVE - UZ Augsburg;A8-West Richtung M.-Zentrum
917;60607;Querschnitt4546;MQDZ_Augsburg-Ost_Stg;DET_Augsburg-Ost_Stg_H3;35;807628;48.40560005;10.94590001;4546;48.3;75319009;Betriebsstatus1;Streckenstation1207;Augsburg-Ost (O);1;LVE - UZ Augsburg;A8-West Richtung Stuttgart
920;51450;Querschnitt4551;BMS_Augsburg-West_(O)_Mch;Geraet16491;2;807770;48.41433055;10.88124211;4551;52.588;75319010;Betriebsstatus1;Streckenstation1208;Augsburg-West (O);6;LVE - UZ Augsburg;A8-West Richtung M.-Zentrum
922;61589;Querschnitt4549;MQDZ_Augsburg-West_(O)_Mch;DET_Augsburg-West_(O)_Mch_H3;3;807770;48.41420005;10.88520002;4549;52.588;75319010;Betriebsstatus1;Streckenstation1208;Augsburg-West (O);1;LVE - UZ Augsburg;A8-West Richtung M.-Zentrum
925;55150;Querschnitt5962;MQDZ_Augsburg-West_(O)_Mch_E;DET_Augsburg-West_(O)_Mch_E2;130;807770;48.41430007;10.87739999;5962;52.588;75319010;Betriebsstatus1;Streckenstation1208;Augsburg-West (O);1;LVE - UZ Augsburg;A8-West Richtung M.-Zentrum
927;55369;Querschnitt4550;MQDZ_Augsburg-West_(O)_Stg;DET_Augsburg-West_(O)_Stg_H3;35;807770;48.41440006;10.88519997;4550;52.588;75319010;Betriebsstatus1;Streckenstation1208;Augsburg-West (O);1;LVE - UZ Augsburg;A8-West Richtung Stuttgart
930;63401;Querschnitt4324_1;BMS_Augsburg-West_(W)_Mch;BMS_Augsburg_(W)_Mch_Tür;1;818459;48.41499525;10.85059729;6965;54.595;75319131;Betriebsstatus1;Streckenstation1119;Augsburg-West (W);6;LVE - UZ Augsburg;A8-West Richtung M.-Zentrum
932;61569;Querschnitt4323;MQDZ_Augsburg-West_(W)_Mch;DET_Augsburg-West_(W)_Mch_H1;1;818459;48.41610003;10.85030006;4323;54.587;75319131;Betriebsstatus1;Streckenstation1119;Augsburg-West (W);1;LVE - UZ Augsburg;A8-West Richtung M.-Zentrum
935;60424;Querschnitt4324;MQDZ_Augsburg-West_(W)_Stg;DET_Augsburg-West_(W)_Stg_H2;34;818459;48.41620004;10.85039994;4324;54.587;75319131;Betriebsstatus1;Streckenstation1119;Augsburg-West (W);1;LVE - UZ Augsburg;A8-West Richtung Stuttgart
938;52906;Querschnitt4328;BMS_Burgau_(W)_Mch;Geraet15829;3;818764;48.42700667;10.38167363;4328;90.879;75289012;Betriebsstatus1;Streckenstation1120;Burgau (W);6;LVE - UZ Augsburg;A8-West Richtung Stuttgart
941;61991;Querschnitt4326;MQDZ_Burgau_(W)_Mch;DET_Burgau_(W)_Mch_H2;2;818764;48.42660007;10.38230001;4326;90.881;75289012;Betriebsstatus1;Streckenstation1120;Burgau (W);1;LVE - UZ Augsburg;A8-West Richtung M.-Zentrum
944;60661;Querschnitt4327;MQDZ_Burgau_(W)_Stg;DET_Burgau_(W)_Stg_H2;34;818764;48.42670004;10.38239994;4327;90.881;75289012;Betriebsstatus1;Streckenstation1120;Burgau (W);1;LVE - UZ Augsburg;A8-West Richtung Stuttgart
947;59484;Querschnitt4544;BMS_Derching_(O)_Mch;Geraet16479;2;807541;48.40161911;10.97749217;4544;45.3;75319008;Betriebsstatus1;Streckenstation1206;Derching (O);6;LVE - UZ Augsburg;A8-West Richtung M.-Zentrum
949;52187;Querschnitt4542;MQDZ_Derching_(O)_Mch;DET_Derching_(O)_Mch_H1;1;807541;48.40150007;10.97519995;4542;45.3;75319008;Betriebsstatus1;Streckenstation1206;Derching (O);1;LVE - UZ Augsburg;A8-West Richtung M.-Zentrum
952;61757;Querschnitt4543;MQDZ_Derching_(O)_Stg;DET_Derching_(O)_Stg_H1;33;807541;48.4017;10.97689995;4543;45.3;75319008;Betriebsstatus1;Streckenstation1206;Derching (O);1;LVE - UZ Augsburg;A8-West Richtung Stuttgart
955;62247;Querschnitt4554;BMS_Edenbergen_(O)_Mch;Geraet16496;1;818477;48.4181281;10.82551072;4554;56.74;75289012;Betriebsstatus1;Streckenstation1209;Edenbergen (O);6;LVE - UZ Augsburg;A8-West Richtung M.-Zentrum
957;55013;Querschnitt4552;MQDZ_Edenbergen_(O)_Mch;DET_Edenbergen_(O)_Mch_H1;1;818477;48.41970005;10.80420002;4552;56.74;75289012;Betriebsstatus1;Streckenstation1209;Edenbergen (O);1;LVE - UZ Augsburg;A8-West Richtung M.-Zentrum
960;56538;Querschnitt4553;MQDZ_Edenbergen_(O)_Stg;DET_Edenbergen_(O)_Stg_H2;34;818477;48.41980004;10.80510004;4553;56.74;75289012;Betriebsstatus1;Streckenstation1209;Edenbergen (O);1;LVE - UZ Augsburg;A8-West Richtung Stuttgart
963;60143;Querschnitt4560;BMS_Leipheim_(O)_Mch;Geraet16508;1;809458;48.43046777;10.2248177;4560;102.8;75279012;Betriebsstatus1;Streckenstation1211;Leipheim (O);6;LVE - UZ Augsburg;A8-West Richtung M.-Zentrum
965;51259;Querschnitt4558;MQDZ_Leipheim_(O)_Mch;DET_Leipheim_(O)_Mch_H1;1;809458;48.43037382;10.22523317;4558;102.8;75279012;Betriebsstatus1;Streckenstation1211;Leipheim (O);1;LVE - UZ Augsburg;A8-West Richtung M.-Zentrum
968;63141;Querschnitt4559;MQDZ_Leipheim_(O)_Stg;DET_Leipheim_(O)_Stg_H3;35;809458;48.43052183;10.22530162;4559;102.8;75279012;Betriebsstatus1;Streckenstation1211;Leipheim (O);1;LVE - UZ Augsburg;A8-West Richtung Stuttgart
971;52913;Querschnitt4331;BMS_Leipheim_(W)_Mch;Geraet15834;1;809717;48.46259625;10.1383417;4331;110.5;75279130;Betriebsstatus1;Streckenstation1121;Leipheim (W);6;LVE - UZ Augsburg;A8-West Richtung M.-Zentrum
974;50566;Querschnitt4329;MQDZ_Leipheim_(W)_Mch;DET_Leipheim_(W)_Mch_H2;2;809717;48.46264889;10.13889;4329;110.5;75279130;Betriebsstatus1;Streckenstation1121;Leipheim (W);1;LVE - UZ Augsburg;A8-West Richtung M.-Zentrum
977;60786;Querschnitt4330;MQDZ_Leipheim_(W)_Stg;DET_Leipheim_(W)_Stg_H1;33;809717;48.46276975;10.13897368;4330;110.5;75279130;Betriebsstatus1;Streckenstation1121;Leipheim (W);1;LVE - UZ Augsburg;A8-West Richtung Stuttgart
980;59833;Querschnitt4319;BMS_Odelzhausen_(O)_Stg;Geraet15807;2;816728;48.29359183;11.23568744;4319;21.65;76339001;Betriebsstatus1;Streckenstation1117;Odelzhausen (O);6;LVE - UZ Augsburg;A8-West Richtung Stuttgart
983;62374;Querschnitt4315;MQDZ_Odelzhausen_(O)_Mch;DET_Odelzhausen_(O)_Mch_H3;3;816728;48.29530002;11.23039995;4315;21.65;76339001;Betriebsstatus1;Streckenstation1117;Odelzhausen (O);1;LVE - UZ Augsburg;A8-West Richtung M.-Zentrum
986;50575;Querschnitt4318;MQDZ_Odelzhausen_(O)_Stg;DET_Odelzhausen_(O)_Stg_H2;34;816728;48.29540006;11.23050006;4318;21.65;76339001;Betriebsstatus1;Streckenstation1117;Odelzhausen (O);1;LVE - UZ Augsburg;A8-West Richtung Stuttgart
989;60177;Querschnitt4314;BMS_Sulzemoos_(O)_Mch;Geraet15796;1;806591;48.27475394;11.28223131;4314;17.531;77339003;Betriebsstatus1;Streckenstation1116;Sulzemoos (O);6;LVE - UZ Augsburg;A8-West Richtung M.-Zentrum
992;55040;Querschnitt4313;MQDZ_Sulzemoos_(O)_Mch;DET_Sulzemoos_(O)_Mch_H1;1;806591;48.27430008;11.28300004;4313;17.531;77339003;Betriebsstatus1;Streckenstation1116;Sulzemoos (O);1;LVE - UZ Augsburg;A8-West Richtung M.-Zentrum
995;56091;Querschnitt4317;MQDZ_Sulzemoos_(O)_Stg;DET_Sulzemoos_(O)_Stg_H3;35;806591;48.27450009;11.28300007;4317;17.531;77339003;Betriebsstatus1;Streckenstation1116;Sulzemoos (O);1;LVE - UZ Augsburg;A8-West Richtung Stuttgart
998;50558;Querschnitt5965;BMS_Zusmarshausen_Mch;BMS_Zusmarshausen_Mch_Netz;3;818618;48.40962943;10.60327126;5965;73.499;7530910;Betriebsstatus1;Streckenstation1623;Zusmarshausen;6;LVE - UZ Augsburg;A8-West Richtung M.-Zentrum
1000;62692;Querschnitt5963;MQDZ_Zusmarshausen_Mch;DET_Zusmarshausen_Mch_H2;2;818618;48.40960002;10.60290005;5963;73.49;75309010;Betriebsstatus1;Streckenstation1623;Zusmarshausen;1;LVE - UZ Augsburg;A8-West Richtung M.-Zentrum
1003;51803;Querschnitt5964;MQDZ_Zusmarshausen_Stg;DET_Zusmarshausen_Stg_H1;33;818618;48.40980007;10.60280002;5964;73.49;75309010;Betriebsstatus1;Streckenstation1623;Zusmarshausen;1;LVE - UZ Augsburg;A8-West Richtung Stuttgart
1006;61296;Querschnitt4557;BMS_Zusmarshausen_(W)_Mch;BMS_Zusmarshausen_(W)_Mch_Tür;1;818631;48.4086195;10.58318588;4557;75.0;75289010;Betriebsstatus1;Streckenstation1210;Zusmarshausen (W);6;LVE - UZ Augsburg;A8-West Richtung M.-Zentrum
1008;50665;Querschnitt4555;MQDZ_Zusmarshausen_(W)_Mch;DET_Zusmarshausen_(W)_Mch_H2;2;818631;48.40030001;10.54969998;4555;75.0;75289010;Betriebsstatus1;Streckenstation1210;Zusmarshausen (W);1;LVE - UZ Augsburg;A8-West Richtung M.-Zentrum
1011;59925;Querschnitt4556;MQDZ_Zusmarshausen_(W)_Stg;DET_Zusmarshausen_(W)_Stg_H1;33;818631;48.40050003;10.55000007;4556;75.0;75289010;Betriebsstatus1;Streckenstation1210;Zusmarshausen (W);1;LVE - UZ Augsburg;A8-West Richtung Stuttgart
1014;50836;Querschnitt4628;BMS_AD_Holledau_(N)_Nbg;Geraet16665;1;907614;48.58471213;11.57817701;4628;481.07;;Betriebsstatus1;Streckenstation1230;AD Hollendau (N-Echelbach);6;LVE - UZ Freimann;A9 Richtung Nürnberg
1017;63088;Querschnitt4627;MQDZ_AD_Holledau_(N)_Nbg;DET_AD_Holledau_(N)_Nbg_H1;1;907614;48.58320001;11.58299994;4627;481.07;;Betriebsstatus1;Streckenstation1230;AD Hollendau (N-Echelbach);1;LVE - UZ Freimann;A9 Richtung Nürnberg
1020;59350;Querschnitt4630;BMS_AD_Holledau_(S)_Nbg;Geraet16672;2;907770;48.56132673;11.58942631;4630;484.277;;Betriebsstatus1;Streckenstation1231;AD Hollendau (S-Geisenhausen);6;LVE - UZ Freimann;A9 Richtung Nürnberg
1023;55263;Querschnitt4629;MQDZ_AD_Holledau_(S)_Nbg;DET_AD_Holledau_(S)_Nbg_H1;1;907770;48.56570006;11.59150001;4629;484.277;;Betriebsstatus1;Streckenstation1231;AD Hollendau (S-Geisenhausen);1;LVE - UZ Freimann;A9 Richtung Nürnberg
1026;50670;Querschnitt4614;BMS_Feldmoching_(W)_Lin;Geraet16624;1;9907194;48.22321351;11.52307804;4614;16.122;;Betriebsstatus0;Streckenstation1225;AD München-Feldmoching (W);6;LVE - UZ Freimann;A99 Richtung Lindau
1029;54944;Querschnitt4613;MQDZ_Feldmoching_(W)_Lin;DET_Feldmoching_(W)_Lin_H1;33;9907194;48.22311466;11.52243444;4613;16.122;;Betriebsstatus0;Streckenstation1225;AD München-Feldmoching (W);1;LVE - UZ Freimann;A99 Richtung Lindau
1032;55073;Querschnitt4612;MQDZ_Feldmoching_(W)_Sbg;DET_Feldmoching_(W)_Sbg_H2;2;9907194;48.22276085;11.52267372;4612;16.122;;Betriebsstatus0;Streckenstation1225;AD München-Feldmoching (W);1;LVE - UZ Freimann;A99 Richtung Salzburg
1035;59563;Querschnitt5977;BMA_Aicha vorm Wald_Rgb;BMS_Aicha vorm Wald_Rgb_Netz;2;319146;48.67298868;13.25174514;5977;591.35;;Betriebsstatus1;Streckenstation1624;Aicha vorm Wald;6;LVE - UZ Freimann;A3 Richtung Nürnberg
1038;54958;Querschnitt5974;MQ_Aicha vorm Wald_Pas;DET_Aicha vorm Wald_Pas_H2;34;319146;48.67090001;13.25649999;5974;591.35;73459094;Betriebsstatus1;Streckenstation1624;Aicha vorm Wald;1;LVE - UZ Freimann;A3 Richtung Passau
1040;59318;Querschnitt5972;MQ_Aicha vorm Wald_Rgb;DET_Aicha vorm Wald_Rgb_H1;1;319146;48.67090009;13.25660006;5972;591.35;73459094;Betriebsstatus1;Streckenstation1624;Aicha vorm Wald;1;LVE - UZ Freimann;A3 Richtung Nürnberg
1042;52947;Querschnitt5976;WIM_Aicha vorm Wald_Pas;WIM_Aicha vorm Wald_Pas_H1;1;319146;48.67311381;13.25098786;5976;591.35;;Betriebsstatus1;Streckenstation1624;Aicha vorm Wald;2;LVE - UZ Freimann;A3 Richtung Passau
1043;51376;Querschnitt5975;WIM_Aicha vorm Wald_Rgb;WIM_Aicha vorm Wald_Rgb_H1;33;319146;48.67298868;13.25174514;5975;591.35;;Betriebsstatus1;Streckenstation1624;Aicha vorm Wald;2;LVE - UZ Freimann;A3 Richtung Nürnberg
1044;60155;Querschnitt4640;BMS_AK_Neufahrn_(Fürholzen)_Nbg;Geraet16704;3;919042;48.33598153;11.60979572;4640;510.409;;Betriebsstatus0;Streckenstation1236;AK Neufahm (N-Fürholzen);6;LVE - UZ Freimann;A9 Richtung M.-Zentrum
1047;60322;Querschnitt4639;MQDZ_AK_Neufahrn_(Fürholzen)_Nbg;DET_AK_Neufahrn_(Fürholzen)_Nbg_H2;2;919042;48.33630005;11.60989998;4639;510.409;;Betriebsstatus0;Streckenstation1236;AK Neufahm (N-Fürholzen);1;LVE - UZ Freimann;A9 Richtung Nürnberg
1050;53064;Querschnitt4638;BMS_AK_Neufahrn_(N)_Nbg;Geraet16695;1;908908;48.35871596;11.59673553;4638;507.662;;Betriebsstatus0;Streckenstation1235;AK Neufahm (N);6;LVE - UZ Freimann;A9 Richtung Nürnberg
1053;59389;Querschnitt4637;MQDZ_AK_Neufahrn_(N)_Nbg;DET_AK_Neufahrn_(N)_Nbg_H1;1;908908;48.34200006;11.60660001;4637;507.662;;Betriebsstatus0;Streckenstation1235;AK Neufahm (N);1;LVE - UZ Freimann;A9 Richtung Nürnberg
1056;60534;Querschnitt4636;BMS_Allershausen_(N)_Nbg;Geraet16691;3;908437;48.44445663;11.58957021;4636;497.988;;Betriebsstatus1;Streckenstation1234;Allershausen (N-Aiterbach);6;LVE - UZ Freimann;A9 Richtung Nürnberg
1059;50523;Querschnitt4635;MQDZ_Allershausen_(N)_Nbg;DET_Allershausen_(N)_Nbg_H3;3;908437;48.44270007;11.58939998;4635;497.988;;Betriebsstatus1;Streckenstation1234;Allershausen (N-Aiterbach);1;LVE - UZ Freimann;A9 Richtung Nürnberg
1062;59469;Querschnitt4644;BMS_Altdorf_(O)_Deg;Geraet16711;2;9207870;48.56975753;12.11399781;4644;62.801;;Betriebsstatus1;Streckenstation1237;Altdorf (O);6;LVE - UZ Freimann;A92 Richtung Deggendorf
1065;57742;Querschnitt4642;MQDZ_Altdorf_(O)_Deg;DET_Altdorf_(O)_Deg_H1;1;9207870;48.56984304;12.11391738;4642;62.801;74389014;Betriebsstatus1;Streckenstation1237;Altdorf (O);1;LVE - UZ Freimann;A92 Richtung Deggendorf
1067;62619;Querschnitt4643;MQDZ_Altdorf_(O)_Mch;DET_Altdorf_(O)_Mch_H2;34;9207870;48.57007131;12.11388361;4643;62.801;74389014;Betriebsstatus1;Streckenstation1237;Altdorf (O);1;LVE - UZ Freimann;A92 Richtung M.-Zentrum
1069;59751;Querschnitt5982;BMS_Gletschergarten_Kff;BMS_Gletschergarten_Kff_Tür;1;9319505;47.71135103;12.15030316;5982;12.26;;Betriebsstatus1;Streckenstation1625;Gletschergarten;6;LVE - UZ Freimann;A93-Süd Richtung Kiefersfelden
1072;52830;Querschnitt5973;MQ_Gletschergarten_Kff;DET_Gletschergarten_Kff_H2;34;9319505;47.71088889;12.15105001;5973;12.26;82389192;Betriebsstatus1;Streckenstation1625;Gletschergarten;1;LVE - UZ Freimann;A93-Süd Richtung Kiefersfelden
1074;56306;Querschnitt5979;MQ_Gletschergarten_Ro;DET_Gletschergarten_Rhm_H2;2;9319505;47.70953401;12.15287374;5979;12.397;82389192;Betriebsstatus1;Streckenstation1625;Gletschergarten;1;LVE - UZ Freimann;A93-Süd Richtung Rosenheim
1076;56380;Querschnitt5980;WIM_Gletschergarten_Kff;WIM_Gletschergarten_Kff_H1;33;9319505;47.71141652;12.15053182;5980;12.26;;Betriebsstatus1;Streckenstation1625;Gletschergarten;2;LVE - UZ Freimann;A93-Süd Richtung Kiefersfelden
1077;59729;Querschnitt5981;WIM_Gletschergarten_Rhm;WIM_Gletschergarten_Rhm_H1;1;9319505;47.70954078;12.15257043;5981;12.397;;Betriebsstatus1;Streckenstation1625;Gletschergarten;2;LVE - UZ Freimann;A93-Süd Richtung Rosenheim
1078;61017;Querschnitt4621;BMS_Ingolstadt-Nord_(S)_Mch;Geraet16645;3;916522;48.76496723;11.45944428;4621;458.629;;Betriebsstatus1;Streckenstation1227;Ingolstadt-Nord (S);6;LVE - UZ Freimann;A9 Richtung M.-Zentrum
1081;55059;Querschnitt4620;MQDZ_Ingolstadt-Nord_(S)_Mch;DET_Ingolstadt-Nord_(S)_Mch_H3;35;916522;48.76200002;11.45869996;4620;458.629;72349052;Betriebsstatus1;Streckenstation1227;Ingolstadt-Nord (S);1;LVE - UZ Freimann;A9 Richtung M.-Zentrum
1084;59602;Querschnitt4619;MQDZ_Ingolstadt-Nord_(S)_Nbg;DET_Ingolstadt-Nord_(S)_Nbg_H2;2;916522;48.76200008;11.45900002;4619;458.629;72349052;Betriebsstatus1;Streckenstation1227;Ingolstadt-Nord (S);1;LVE - UZ Freimann;A9 Richtung Nürnberg
1087;55527;Querschnitt4647;BMS_Landau an der Isar_(W)_Mch;Geraet16719;3;9219119;48.68871268;12.64871608;4647;104.724;;Betriebsstatus1;Streckenstation1238;Landau an der Isar (W);6;LVE - UZ Freimann;A92 Richtung M.-Zentrum
1090;56643;Querschnitt4645;MQDZ_Landau an der Isar_(W)_Deg;DET_Landau an der Isar_(W)_Deg_H1;1;9219119;48.68854719;12.64876828;4645;104.724;73419019;Betriebsstatus1;Streckenstation1238;Landau an der Isar (W);1;LVE - UZ Freimann;A92 Richtung Deggendorf
1092;52791;Querschnitt4646;MQDZ_Landau an der Isar_(W)_Mch;DET_Landau an der Isar_(W)_Mch_H1;33;9219119;48.6887351;12.64866286;4646;104.724;73419019;Betriebsstatus1;Streckenstation1238;Landau an der Isar (W);1;LVE - UZ Freimann;A92 Richtung M.-Zentrum
1094;55684;Querschnitt4626;BMS_Langenbruck_(S)_Nbg;Geraet16659;1;907330;48.6236095;11.52598246;4626;475.239;;Betriebsstatus1;Streckenstation1229;Langenbruck (S);6;LVE - UZ Freimann;A9 Richtung Nürnberg
1097;59885;Querschnitt4625;MQDZ_Langenbruck_(S)_Nbg;DET_Langenbruck_(S)_Nbg_H2;2;907330;48.63440004;11.52300005;4625;475.239;73359956;Betriebsstatus1;Streckenstation1229;Langenbruck (S);1;LVE - UZ Freimann;A9 Richtung Nürnberg
1100;55277;Querschnitt4617;BMS_Lenting_(S)_Mch;Geraet16635;3;916296;48.80635232;11.46568451;4617;453.973;;Betriebsstatus1;Streckenstation1226;Lenting (S);6;LVE - UZ Freimann;A9 Richtung M.-Zentrum
1103;59887;Querschnitt4616;MQDZ_Lenting_(S)_Mch;DET_Lenting_(S)_Mch_H2;34;916296;48.80530002;11.46570003;4616;453.973;72349090;Betriebsstatus1;Streckenstation1226;Lenting (S);1;LVE - UZ Freimann;A9 Richtung M.-Zentrum
1106;54963;Querschnitt4615;MQDZ_Lenting_(S)_Nbg;DET_Lenting_(S)_Nbg_H2;2;916296;48.80520005;11.46589998;4615;453.973;72349090;Betriebsstatus1;Streckenstation1226;Lenting (S);1;LVE - UZ Freimann;A9 Richtung Nürnberg
1109;59904;Querschnitt4624;BMS_Manching_(N)_Mch;Geraet16655;3;916736;48.72792397;11.47428996;4624;463.029;;Betriebsstatus1;Streckenstation1228;Manching (N);6;LVE - UZ Freimann;A9 Richtung M.-Zentrum
1112;61018;Querschnitt4623;MQDZ_Manching_(N)_Mch;DET_Manching_(N)_Mch_H3;35;916736;48.72350005;11.47770004;4623;463.029;72349054;Betriebsstatus1;Streckenstation1228;Manching (N);1;LVE - UZ Freimann;A9 Richtung M.-Zentrum
1115;63021;Querschnitt4622;MQDZ_Manching_(N)_Nbg;DET_Manching_(N)_Nbg_H1;1;916736;48.72310008;11.47819998;4622;463.029;72349054;Betriebsstatus1;Streckenstation1228;Manching (N);1;LVE - UZ Freimann;A9 Richtung Nürnberg
1118;62756;Querschnitt4608;BMS_München-Giesing_(S)_Sbg;Geraet16606;2;10906163;48.09106186;11.59097578;4608;0.429;;Betriebsstatus1;Streckenstation1214;München-Giesing (S);6;LVE - UZ Freimann;A995 Richtung Salzburg
1121;55051;Querschnitt4576;MQDZ_München-Giesing_(S)_Mch;DET_München-Giesing_(S)_Mch_H1;1;10906163;48.09103059;11.59068107;4576;0.429;79359221;Betriebsstatus1;Streckenstation1214;München-Giesing (S);1;LVE - UZ Freimann;A995 Richtung M.-Zentrum
1123;60201;Querschnitt4606;MQDZ_München-Giesing_(S)_Sbg;DET_München-Giesing_(S)_Sbg_H2;34;10906163;48.09098088;11.59043161;4606;0.429;79359221;Betriebsstatus1;Streckenstation1214;München-Giesing (S);1;LVE - UZ Freimann;A995 Richtung Salzburg
1126;53295;Querschnitt4611;BMS_München-Perlach_(S)_Sbg;Geraet16615;1;816043;48.09993;11.61348905;4611;0.55;;Betriebsstatus1;Streckenstation1224;München-Perlach (S);6;LVE - UZ Freimann;A8-Ost Richtung Salzburg
1129;52752;Querschnitt4610;MQDZ_München-Perlach_(S)_Mch;DET_München-Perlach_(S)_Mch_H1;33;816043;48.10260008;11.61359998;4610;0.55;79359082;Betriebsstatus1;Streckenstation1224;München-Perlach (S);1;LVE - UZ Freimann;A8-Ost Richtung M.-Zentrum
1132;60131;Querschnitt4609;MQDZ_München-Perlach_(S)_Sbg;DET_München-Perlach_(S)_Sbg_H4;4;816043;48.10260004;11.61340006;4609;0.55;79359082;Betriebsstatus1;Streckenstation1224;München-Perlach (S);1;LVE - UZ Freimann;A8-Ost Richtung Salzburg
1136;52379;Querschnitt5995;MQ_2580_Ottenhofen_A92;DET_2580_Ottenhofen_H1;1;12580020;48.22850004;11.86489997;5995;20.5;77379391;Betriebsstatus1;Streckenstation1626;Ottenhofen;1;LVE - UZ Freimann;St2580 Richtung BAB A92
1137;51920;Querschnitt5996;MQ_2580_Ottenhofen_A94;DET_2580_Ottenhofen_H1;33;12580020;48.229;11.86500001;5996;20.5;77379391;Betriebsstatus1;Streckenstation1626;Ottenhofen;1;LVE - UZ Freimann;St2580 Richtung BAB A94
1138;59696;Querschnitt4632;BMS_Pfaffenhofen_(N)_Nbg;Geraet16679;3;908060;48.51088642;11.5844331;4632;490.235;;Betriebsstatus1;Streckenstation1232;Pfaffenhofen (N);6;LVE - UZ Freimann;A9 Richtung Nürnberg
1141;56364;Querschnitt4631;MQDZ_Pfaffenhofen_(N)_Nbg;DET_Pfaffenhofen_(N)_Nbg_H3;3;908060;48.50840006;11.58629995;4631;490.235;;Betriebsstatus1;Streckenstation1232;Pfaffenhofen (N);1;LVE - UZ Freimann;A9 Richtung Nürnberg
1144;60198;Querschnitt4634;BMS_Pfaffenhofen_(S)_Nbg;Geraet16684;2;908163;48.4934955;11.59487123;4634;492.355;;Betriebsstatus1;Streckenstation1233;Pfaffenhofen (S);6;LVE - UZ Freimann;A9 Richtung Nürnberg
1147;53015;Querschnitt4633;MQDZ_Pfaffenhofen_(S)_Nbg;DET_Pfaffenhofen_(S)_Nbg_H1;1;908163;48.49690003;11.59470004;4633;492.355;;Betriebsstatus1;Streckenstation1233;Pfaffenhofen (S);1;LVE - UZ Freimann;A9 Richtung Nürnberg
1150;55048;Querschnitt4341;BMS_AD Allgäu_(S)_Füs;Geraet15858;3;715002;47.67939499;10.37303076;4341;931.094;83289097;Betriebsstatus1;Streckenstation1124;AD Allgäu (S);6;LVE - UZ Memmingen;A7 Richtung Füssen
1153;59600;Querschnitt4339;MQDZ_AD Allgäu_(S)_Fld;DET_AD Allgäu_(S)_Fld_H1;1;715002;47.68150001;10.37149996;4339;931.094;83289097;Betriebsstatus1;Streckenstation1124;AD Allgäu (S);1;LVE - UZ Memmingen;A7 Richtung Fulda
1155;57233;Querschnitt4340;MQDZ_AD Allgäu_(S)_Füs;DET_AD Allgäu_(S)_Füs_H2;34;715002;47.68150005;10.37130004;4340;931.094;83289097;Betriebsstatus1;Streckenstation1124;AD Allgäu (S);1;LVE - UZ Memmingen;A7 Richtung Füssen
1157;51868;Querschnitt4335;BMS_Hittistetten_(S)_Fld;Geraet15841;1;702499;48.31542847;10.09257522;4335;852.8;76269230;Betriebsstatus1;Streckenstation1122;AD Hittistetten (S);6;LVE - UZ Memmingen;A7 Richtung Fulda
1160;56242;Querschnitt4334;MQDZ_Hittistetten_(S)_F?s;DET_Hittistetten_(S)_Füs_H1;33;702499;48.31550008;10.09230004;4334;852.8;76269230;Betriebsstatus1;Streckenstation1122;AD Hittistetten (S);1;LVE - UZ Memmingen;A7 Richtung Füssen
1162;51786;Querschnitt4333;MQDZ_Hittistetten_(S)_Fld;DET_Hittistetten_(S)_Fld_H1;1;702499;48.31530004;10.09270001;4333;852.8;76269230;Betriebsstatus1;Streckenstation1122;AD Hittistetten (S);1;LVE - UZ Memmingen;A7 Richtung Fulda
1164;60046;Querschnitt4338;BMS_AK Memmingen_(S)_Fld;Geraet15849;1;703722;47.98950295;10.15054598;4338;891.1;80269231;Betriebsstatus1;Streckenstation1123;AK Memmingen (S);6;LVE - UZ Memmingen;A7 Richtung Fulda
1167;61799;Querschnitt4336;MQDZ_AK Memmingen_(S)_Fld;DET_AK Memmingen_(S)_Fld_H1;1;703722;47.98880004;10.15060003;4336;891.1;80269231;Betriebsstatus1;Streckenstation1123;AK Memmingen (S);1;LVE - UZ Memmingen;A7 Richtung Fulda
1169;55634;Querschnitt4337;MQDZ_AK Memmingen_(S)_Füs;DET_AK Memmingen_(S)_Füs_H2;34;703722;47.99150007;10.15049994;4337;891.1;80269231;Betriebsstatus1;Streckenstation1123;AK Memmingen (S);1;LVE - UZ Memmingen;A7 Richtung Füssen
1172;50970;Querschnitt4773;BMS_Oy-Mittelberg_Füs;Geraet17286;2;715267;47.6534402;10.46531576;4773;939.4;83289995;Betriebsstatus0;Streckenstation1293;DZ Oy-Mittelberg;6;LVE - UZ Memmingen;A7 Richtung Füssen
1175;60600;Querschnitt4777;MQDZ_Oy-Mittelberg_Fld;DET_Oy-Mittelberg_Fld_H2;2;715267;47.65320009;10.46760003;4777;939.4;83289995;Betriebsstatus0;Streckenstation1293;DZ Oy-Mittelberg;1;LVE - UZ Memmingen;A7 Richtung Fulda
1177;56971;Querschnitt5281;MQDZ_Oy-Mittelberg_Fld_A;DET_Oy-Mittelberg_Fld_A1;65;715267;47.65330005;10.46800005;5281;939.4;83289995;Betriebsstatus0;Streckenstation1293;DZ Oy-Mittelberg;1;LVE - UZ Memmingen;A7 Richtung Fulda
1178;54197;Querschnitt5280;MQDZ_Oy-Mittelberg_Fld_E;DET_Oy-Mittelberg_Fld_E1;129;715267;47.65340004;10.46689997;5280;939.4;83289995;Betriebsstatus0;Streckenstation1293;DZ Oy-Mittelberg;1;LVE - UZ Memmingen;A7 Richtung Fulda
1179;53407;Querschnitt4774;MQDZ_Oy-Mittelberg_Füs;DET_Oy-Mittelberg_Füs_H2;34;715267;47.65380007;10.46240003;4774;939.4;83289995;Betriebsstatus0;Streckenstation1293;DZ Oy-Mittelberg;1;LVE - UZ Memmingen;A7 Richtung Füssen
1181;60651;Querschnitt5283;MQDZ_Oy-Mittelberg_Füs_A;DET_Oy-Mittelberg_Füs_A1;97;715267;47.65350007;10.46190006;5283;939.4;83289995;Betriebsstatus0;Streckenstation1293;DZ Oy-Mittelberg;1;LVE - UZ Memmingen;A7 Richtung Füssen
1182;62783;Querschnitt5282;MQDZ_Oy-Mittelberg_Füs_E;DET_Oy-Mittelberg_Füs_E1;161;715267;47.65350007;10.46279994;5282;939.4;83289995;Betriebsstatus0;Streckenstation1293;DZ Oy-Mittelberg;1;LVE - UZ Memmingen;A7 Richtung Füssen
1183;53105;Querschnitt4350;BMS_Lindau_(S)_Lin;Geraet15880;3;9616002;47.54826589;9.73491766;4350;0.1;84249050;Betriebsstatus1;Streckenstation1128;Lindau (S);6;LVE - UZ Memmingen;A96 Richtung Lindau
1186;59860;Querschnitt4349;MQDZ_Lindau_(S)_Lin;DET_Lindau_(S)_Lin_H2;34;9616002;47.54810003;9.735;4349;0.1;84249050;Betriebsstatus1;Streckenstation1128;Lindau (S);1;LVE - UZ Memmingen;A96 Richtung Lindau
1189;61467;Querschnitt4348;MQDZ_Lindau_(S)_Mch;DET_Lindau_(S)_Mch_H2;2;9616002;47.54780003;9.73549998;4348;0.1;84249050;Betriebsstatus1;Streckenstation1128;Lindau (S);1;LVE - UZ Memmingen;A96 Richtung M.-Zentrum
1191;56086;Querschnitt4344;BMS_Nesselwang_(W)_Fld;Geraet15863;1;705389;47.64049556;10.51231443;4344;943.2;83289001;Betriebsstatus1;Streckenstation1126;Nesselwang (W);6;LVE - UZ Memmingen;A7 Richtung Fulda
1194;55498;Querschnitt4343;MQDZ_Nesselwang_(W)_F?s;DET_Nesselwang_(W)_Füs_H1;33;705389;47.6405;10.5149;4343;943.2;83289001;Betriebsstatus1;Streckenstation1126;Nesselwang (W);1;LVE - UZ Memmingen;A7 Richtung Füssen
1196;53343;Querschnitt4342;MQDZ_Nesselwang_(W)_Fld;DET_Nesselwang_(W)_Fld_H1;1;705389;47.64060006;10.51500004;4342;943.2;83289001;Betriebsstatus1;Streckenstation1126;Nesselwang (W);1;LVE - UZ Memmingen;A7 Richtung Fulda
1198;51656;Querschnitt4347;BMS_Stetten_(W)_Mch;Geraet15872;3;9607887;48.03744942;10.37600633;4347;81.4;79289050;Betriebsstatus1;Streckenstation1127;Stetten (W);6;LVE - UZ Memmingen;A96 Richtung M.-Zentrum
1201;63261;Querschnitt4346;MQDZ_Stetten_(W)_Lin;DET_Stetten_(W)_Lin_H2;34;9607887;48.03720003;10.37259999;4346;81.4;79289050;Betriebsstatus1;Streckenstation1127;Stetten (W);1;LVE - UZ Memmingen;A96 Richtung Lindau
1203;59875;Querschnitt4345;MQDZ_Stetten_(W)_Mch;DET_Stetten_(W)_Mch_H2;2;9607887;48.03740004;10.37530007;4345;81.4;79289050;Betriebsstatus1;Streckenstation1127;Stetten (W);1;LVE - UZ Memmingen;A96 Richtung M.-Zentrum
1205;55540;Querschnitt4415;BMS_AK-Deggendorf_(W)_Pas;Geraet16039;3;318468;48.82195454;12.92952603;4415;561.93;;Betriebsstatus1;Streckenstation1149;AK Deggendorf (W);6;LVE - UZ Pentling;A3 Richtung Passau
1208;61362;Querschnitt4414;MQDZ_AK-Deggendorf_(W)_Pas;DET_AK-Deggendorf_(W)_Pas_H1;33;318468;48.82880004;12.91490003;4414;561.93;71439093;Betriebsstatus1;Streckenstation1149;AK Deggendorf (W);1;LVE - UZ Pentling;A3 Richtung Passau
1210;53120;Querschnitt4413;MQDZ_AK-Deggendorf_(W)_Rbg;DET_AK-Deggendorf_(W)_Rbg_H2;2;318468;48.82880009;12.91519995;4413;561.93;71439093;Betriebsstatus1;Streckenstation1149;AK Deggendorf (W);1;LVE - UZ Pentling;A3 Richtung Nürnberg
1212;51948;Querschnitt4403;BMS_AK_Regensburg_Rgb;Geraet16011;3;306870;48.99116463;12.07556256;4403;492.71;;Betriebsstatus1;Streckenstation1145;AK Regensburg;6;LVE - UZ Pentling;A3 Richtung Nürnberg
1215;56080;Querschnitt4402;MQDZ_AK_Regensburg_Pas;DET_AK_Regensburg_Pas_H1;33;306870;48.99070007;12.06739998;4402;492.71;70389080;Betriebsstatus1;Streckenstation1145;AK Regensburg;1;LVE - UZ Pentling;A3 Richtung Passau
1218;51196;Querschnitt4401;MQDZ_AK_Regensburg_Rgb;DET_AK_Regensburg_Rgb_H2;2;306870;48.99090002;12.07399995;4401;492.71;70389080;Betriebsstatus1;Streckenstation1145;AK Regensburg;1;LVE - UZ Pentling;A3 Richtung Nürnberg
1221;51701;Querschnitt4397;BMS_Nittendorf_(W)_Rbg;Geraet15996;2;306570;49.03557485;11.9360511;4397;479.71;;Betriebsstatus1;Streckenstation1143;Nittendorf (W);6;LVE - UZ Pentling;A3 Richtung Nürnberg
1224;57113;Querschnitt4396;MQDZ_Nittendorf_(W)_Pas;DET_Nittendorf_(W)_Pas_H1;33;306570;49.03460001;11.93749994;4396;479.71;69379081;Betriebsstatus1;Streckenstation1143;Nittendorf (W);1;LVE - UZ Pentling;A3 Richtung Passau
1226;59864;Querschnitt4395;MQDZ_Nittendorf_(W)_Rbg;DET_Nittendorf_(W)_Rbg_H1;1;306570;49.03470001;11.93770003;4395;479.71;69379081;Betriebsstatus1;Streckenstation1143;Nittendorf (W);1;LVE - UZ Pentling;A3 Richtung Nürnberg
1228;61643;Querschnitt4418;BMS_Pocking_(O)_Pas;Geraet16045;2;319961;48.41783599;13.40468142;4418;626.6;;Betriebsstatus1;Streckenstation1150;Pocking (O);6;LVE - UZ Pentling;A3 Richtung Passau
1231;61979;Querschnitt4417;MQDZ_Pocking_(O)_Pas;DET_Pocking_(O)_Pas_H1;33;319961;48.44520007;13.37530003;4417;626.6;75469086;Betriebsstatus1;Streckenstation1150;Pocking (O);1;LVE - UZ Pentling;A3 Richtung Passau
1233;50539;Querschnitt4416;MQDZ_Pocking_(O)_Rbg;DET_Pocking_(O)_Rbg_H2;2;319961;48.44490003;13.37540006;4416;626.6;75469086;Betriebsstatus1;Streckenstation1150;Pocking (O);1;LVE - UZ Pentling;A3 Richtung Nürnberg
1235;51888;Querschnitt4424;BMS_R-Königswiesen_Hof;Geraet16059;2;9306865;49.00830322;12.0607718;4424;198.3;;Betriebsstatus1;Streckenstation1152;Regensburg-Königswiesen;6;LVE - UZ Pentling;A93-Nord Richtung Hof
1238;60345;Querschnitt4422;MQDZ_R-Königswiesen_Hof;DET_R-Königswiesen_Hof_H1;1;9306865;49.00640009;12.0609;4422;198.3;69389044;Betriebsstatus1;Streckenstation1152;Regensburg-Königswiesen;1;LVE - UZ Pentling;A93-Nord Richtung Hof
1240;60252;Querschnitt4423;MQDZ_R-Königswiesen_Mch;DET_R-Königswiesen_Mch_H2;34;9306865;49.00660009;12.0607;4423;198.3;69389044;Betriebsstatus1;Streckenstation1152;Regensburg-Königswiesen;1;LVE - UZ Pentling;A93-Nord Richtung M.-Zentrum
1242;54943;Querschnitt4427;BMS_R-Kumpfmühl_(S)_Hof;Geraet16067;2;9306920;48.99738541;12.06355986;4427;199.55;;Betriebsstatus1;Streckenstation1153;Regensburg-Kumpfmühl (S);6;LVE - UZ Pentling;A93-Nord Richtung Hof
1245;60628;Querschnitt4425;MQDZ_R-Kumpfmühl_(S)_Hof;DET_R-Kumpfmühl_(S)_Hof_H1;1;9306920;48.99850004;12.06359997;4425;199.55;70389042;Betriebsstatus1;Streckenstation1153;Regensburg-Kumpfmühl (S);1;LVE - UZ Pentling;A93-Nord Richtung Hof
1248;50806;Querschnitt4426;MQDZ_R-Kumpfmühl_(S)_Mch;DET_R-Kumpfmühl_(S)_Mch_H1;33;9306920;48.99880003;12.06340001;4426;199.55;70389042;Betriebsstatus1;Streckenstation1153;Regensburg-Kumpfmühl (S);1;LVE - UZ Pentling;A93-Nord Richtung M.-Zentrum
1250;60289;Querschnitt4409;BMS_Regensburg-Ost_(O)_Rbg;Geraet16023;1;307036;49.00069988;12.17213198;4409;499.9;;Betriebsstatus1;Streckenstation1147;Regensburg-Ost (O);6;LVE - UZ Pentling;A3 Richtung Nürnberg
1253;55755;Querschnitt4408;MQDZ_Regensburg-Ost_(O)_Pas;DET_Regensburg-Ost_(O)_Pas_H2;34;307036;49.00050006;12.17770001;4408;499.9;70399076;Betriebsstatus1;Streckenstation1147;Regensburg-Ost (O);1;LVE - UZ Pentling;A3 Richtung Passau
1255;62643;Querschnitt4407;MQDZ_Regensburg-Ost_(O)_Rbg;DET_Regensburg-Ost_(O)_Rbg_H1;1;307036;49.00070008;12.17749996;4407;499.9;70399076;Betriebsstatus1;Streckenstation1147;Regensburg-Ost (O);1;LVE - UZ Pentling;A3 Richtung Nürnberg
1257;60182;Querschnitt4406;BMS_Regensburg-Ost_(W)_Rbg;Geraet16018;3;306991;48.99740039;12.14570467;4406;497.93;;Betriebsstatus1;Streckenstation1146;Regensburg-Ost (W);6;LVE - UZ Pentling;A3 Richtung Nürnberg
1260;57408;Querschnitt4405;MQDZ_Regensburg-Ost_(W)_Pas;DET_Regensburg-Ost_(W)_Pas_H2;34;306991;48.99680002;12.14260001;4405;497.93;70389001;Betriebsstatus1;Streckenstation1146;Regensburg-Ost (W);1;LVE - UZ Pentling;A3 Richtung Passau
1262;61435;Querschnitt4404;MQDZ_Regensburg-Ost_(W)_Rbg;DET_Regensburg-Ost_(W)_Rbg_H2;2;306991;48.997;12.14260003;4404;497.93;70389001;Betriebsstatus1;Streckenstation1146;Regensburg-Ost (W);1;LVE - UZ Pentling;A3 Richtung Nürnberg
1264;55022;Querschnitt4421;BMS_R-Pfaffenstein_(S)_Mch;Geraet16053;3;9316682;49.03734709;12.0886396;4421;194.37;;Betriebsstatus1;Streckenstation1151;Regensburg-Pfaffenstein (N);6;LVE - UZ Pentling;A93-Nord Richtung M.-Zentrum
1267;58463;Querschnitt4419;MQDZ_R-Pfaffenstein_(N)_Hof;DET_R-Pfaffenstein_(N)_Hof_H2;2;9316682;49.03709698;12.08879051;4419;194.37;69389047;Betriebsstatus1;Streckenstation1151;Regensburg-Pfaffenstein (N);1;LVE - UZ Pentling;A93-Nord Richtung Hof
1269;53473;Querschnitt4420;MQDZ_R-Pfaffenstein_(S)_Mch;DET_R-Pfaffenstein_(S)_Mch_H2;34;9316682;49.03731291;12.08856686;4420;194.37;69389047;Betriebsstatus1;Streckenstation1151;Regensburg-Pfaffenstein (N);1;LVE - UZ Pentling;A93-Nord Richtung M.-Zentrum
1271;63099;Querschnitt4412;BMS_Rosenhof_(W)_Rbg;Geraet16032;3;307129;48.99259506;12.22584619;4412;503.93;;Betriebsstatus1;Streckenstation1148;Rosenhof (W);6;LVE - UZ Pentling;A3 Richtung Nürnberg
1274;51938;Querschnitt4411;MQDZ_Rosenhof_(W)_Pas;DET_Rosenhof_(W)_Pas_H1;33;307129;48.99320006;12.22129998;4411;503.93;70399077;Betriebsstatus1;Streckenstation1148;Rosenhof (W);1;LVE - UZ Pentling;A3 Richtung Passau
1276;61534;Querschnitt4410;MQDZ_Rosenhof_(W)_Rbg;DET_Rosenhof_(W)_Rbg_H1;1;307129;48.99340003;12.22070003;4410;503.93;70399077;Betriebsstatus1;Streckenstation1148;Rosenhof (W);1;LVE - UZ Pentling;A3 Richtung Nürnberg
1278;63294;Querschnitt6107;BMS_Schierling_Roh;BMS_Schierling_Roh_Tür;1;11015020;48.82143037;12.13273083;6107;19.1;;Betriebsstatus1;Streckenstation1646;Schierling;6;LVE - UZ Pentling;B15-Neu Richtung Rosenheim
1279;52102;Querschnitt6105;MQ_Schierling_Rbg;DET_Schierling_Rgb_H2;2;11015020;48.82160004;12.13310004;6105;19.1;71389254;Betriebsstatus1;Streckenstation1646;Schierling;1;LVE - UZ Pentling;B15-Neu Richtung Regensburg
1281;59534;Querschnitt6106;MQ_Schierling_Roh;DET_Schierling_Roh_H1;33;11015020;48.82160003;12.13280004;6106;19.1;71389254;Betriebsstatus1;Streckenstation1646;Schierling;1;LVE - UZ Pentling;B15-Neu Richtung Rosenheim
1283;56101;Querschnitt4430;BMS_Siegenburg_(S)_Mch;Geraet16074;2;9318627;48.74292729;11.85830697;4430;236.5;;Betriebsstatus1;Streckenstation1154;Siegenburg (S);6;LVE - UZ Pentling;A93-Nord Richtung M.-Zentrum
1286;50850;Querschnitt4428;MQDZ_Siegenburg_(S)_Hof;DET_Siegenburg_(S)_Hof_H1;1;9318627;48.74220002;11.85790003;4428;236.5;72379036;Betriebsstatus1;Streckenstation1154;Siegenburg (S);1;LVE - UZ Pentling;A93-Nord Richtung Hof
1288;61865;Querschnitt4429;MQDZ_Siegenburg_(S)_Mch;DET_Siegenburg_(S)_Mch_H2;34;9318627;48.74270006;11.85809999;4429;236.5;72379036;Betriebsstatus1;Streckenstation1154;Siegenburg (S);1;LVE - UZ Pentling;A93-Nord Richtung M.-Zentrum
1290;59704;Querschnitt4400;BMS_Sinzing_(O)_Rbg;Geraet16003;2;306779;48.99625667;12.03199127;4400;488.75;;Betriebsstatus1;Streckenstation1144;Sinzing (O);6;LVE - UZ Pentling;A3 Richtung Nürnberg
1293;56614;Querschnitt4399;MQDZ_Sinzing_(O)_Pas;DET_Sinzing_(O)_Pas_H2;34;306779;48.9955996;12.0303941;4399;488.75;70389074;Betriebsstatus1;Streckenstation1144;Sinzing (O);1;LVE - UZ Pentling;A3 Richtung Passau
1295;53019;Querschnitt4398;MQDZ_Sinzing_(O)_Rbg;DET_Sinzing_(O)_Rbg_H1;1;306779;48.9957075;12.0303387;4398;488.75;70389074;Betriebsstatus1;Streckenstation1144;Sinzing (O);1;LVE - UZ Pentling;A3 Richtung Nürnberg
1297;52992;Querschnitt4391;BMS_AD Inntal_(S)_Kff;Geraet15983;3;9316299;47.79410755;12.08976311;4391;1.8;;Betriebsstatus1;Streckenstation1141;AD Inntal (S);6;LVE - UZ Rosenheim;A93-Süd Richtung Kiefersfelden
1300;53147;Querschnitt4390;MQDZ_AD Inntal_(S)_Kff;DET_AD Inntal_(S)_Kff_H2;34;9316299;47.79458227;12.08991241;4390;1.8;81389190;Betriebsstatus1;Streckenstation1141;AD Inntal (S);1;LVE - UZ Rosenheim;A93-Süd Richtung Kiefersfelden
1302;51825;Querschnitt4389;MQDZ_AD Inntal_(S)_Ro;DET_AD Inntal_(S)_Ro_H1;1;9316299;47.7945656;12.09015691;4389;1.8;81389190;Betriebsstatus1;Streckenstation1141;AD Inntal (S);1;LVE - UZ Rosenheim;A93-Süd Richtung Rosenheim
1304;55844;Querschnitt4378;BMS_AD Inntal_(W)_Sbg;Geraet15953;1;807754;47.81356827;12.0711934;4378;54.4;;Betriebsstatus1;Streckenstation1137;AD Inntal (W);6;LVE - UZ Rosenheim;A8-Ost Richtung Salzburg
1307;57454;Querschnitt4377;MQDZ_AD Inntal_(W)_Mch;DET_AD Inntal_(W)_Mch_H1;33;807754;47.81374251;12.07123849;4377;54.4;81389180;Betriebsstatus1;Streckenstation1137;AD Inntal (W);1;LVE - UZ Rosenheim;A8-Ost Richtung M.-Zentrum
1310;59685;Querschnitt4376;MQDZ_AD Inntal_(W)_Sbg;DET_AD Inntal_(W)_Sbg_H2;2;807754;47.81355667;12.07150164;4376;54.4;81389180;Betriebsstatus1;Streckenstation1137;AD Inntal (W);1;LVE - UZ Rosenheim;A8-Ost Richtung Salzburg
1313;55046;Querschnitt4381;BMS_Felden_(O)_Sbg;Geraet15961;2;808562;47.83223014;12.38942966;4381;79.9;;Betriebsstatus1;Streckenstation1138;Felden (O);6;LVE - UZ Rosenheim;A8-Ost Richtung Salzburg
1316;51309;Querschnitt4380;MQDZ_Felden_(O)_Mch;DET_Felden_(O)_Mch_H1;33;808562;47.83245888;12.38916001;4380;79.9;81409028;Betriebsstatus1;Streckenstation1138;Felden (O);1;LVE - UZ Rosenheim;A8-Ost Richtung M.-Zentrum
1318;59918;Querschnitt4379;MQDZ_Felden_(O)_Sbg;DET_Felden_(O)_Sbg_H1;1;808562;47.83234888;12.38932001;4379;79.9;81409028;Betriebsstatus1;Streckenstation1138;Felden (O);1;LVE - UZ Rosenheim;A8-Ost Richtung Salzburg
1320;61492;Querschnitt4384;BMS_Frasdorf_(O)_Sbg;Geraet15968;2;808313;47.80333635;12.30103571;4384;72.15;;Betriebsstatus1;Streckenstation1139;Frasdorf (O);6;LVE - UZ Rosenheim;A8-Ost Richtung Salzburg
1323;57501;Querschnitt4383;MQDZ_Frasdorf_(O)_Mch;DET_Frasdorf_(O)_Mch_H1;33;808313;47.80354074;12.30135981;4383;72.15;81409026;Betriebsstatus1;Streckenstation1139;Frasdorf (O);1;LVE - UZ Rosenheim;A8-Ost Richtung M.-Zentrum
1325;59663;Querschnitt4382;MQDZ_Frasdorf_(O)_Sbg;DET_Frasdorf_(O)_Sbg_H1;1;808313;47.80340889;12.30131001;4382;72.15;81409026;Betriebsstatus1;Streckenstation1139;Frasdorf (O);1;LVE - UZ Rosenheim;A8-Ost Richtung Salzburg
1327;60479;Querschnitt4394;BMS_Kiefersfelden_(S)_Kff;Geraet15990;3;9319978;47.60641197;12.19559674;4394;25.011;;Betriebsstatus1;Streckenstation1142;Kiefersfelden (S);6;LVE - UZ Rosenheim;A93-Süd Richtung Kiefersfelden
1330;59638;Querschnitt4393;MQDT_Kiefersfelden_(S)_Kff;DET_Kiefersfelden_(S)_Kff_H1;33;9319978;47.60636052;12.19566032;4393;25.011;83399191;Betriebsstatus1;Streckenstation1142;Kiefersfelden (S);1;LVE - UZ Rosenheim;A93-Süd Richtung Kiefersfelden
1332;55532;Querschnitt4392;MQDZ_Kiefersfelden_(S)_Ro;DET_Kiefersfelden_(S)_Ro_H2;2;9319978;47.60623093;12.19577827;4392;25.011;83399191;Betriebsstatus1;Streckenstation1142;Kiefersfelden (S);1;LVE - UZ Rosenheim;A93-Süd Richtung Rosenheim
1334;60453;Querschnitt4387;BMS_Rosenheim_(O)_Sbg;Geraet15974;1;807913;47.80595264;12.13761383;4387;59.45;;Betriebsstatus1;Streckenstation1140;Rosenheim (O);6;LVE - UZ Rosenheim;A8-Ost Richtung Salzburg
1337;59955;Querschnitt4386;MQDZ_Rosenheim_(O)_Mch;DET_Rosenheim_(O)_Mch_H1;33;807913;47.80605889;12.13811;4386;59.45;81389023;Betriebsstatus1;Streckenstation1140;Rosenheim (O);1;LVE - UZ Rosenheim;A8-Ost Richtung M.-Zentrum
1339;55039;Querschnitt4385;MQDZ_Rosenheim_(O)_Sbg;DET_Rosenheim_(O)_Sbg_H2;2;807913;47.80590889;12.13804001;4385;59.45;81389023;Betriebsstatus1;Streckenstation1140;Rosenheim (O);1;LVE - UZ Rosenheim;A8-Ost Richtung Salzburg
1341;62636;Querschnitt4372;BMS_AD Starnberg_(N)_Gap;Geraet15939;3;9516741;48.02026467;11.41872483;4372;13.054;79349151;Betriebsstatus1;Streckenstation1135;AD Starnberg (N);6;LVE - UZ Starnberg;A95 Richtung Garmisch
1344;50863;Querschnitt4371;MQDZ_AD Starnberg_(N)_Gap;DET_AD Starnberg_(N)_Gap_H2;34;9516741;48.0194;11.41839995;4371;13.054;79349151;Betriebsstatus1;Streckenstation1135;AD Starnberg (N);1;LVE - UZ Starnberg;A95 Richtung Garmisch
1346;52108;Querschnitt5279;MQDZ_AD Starnberg_(N)_Gap_A;DET_AD Starnberg_(N)_Gap_A1;97;9516741;48.02031002;11.41872995;5279;13.054;79349151;Betriebsstatus1;Streckenstation1135;AD Starnberg (N);1;LVE - UZ Starnberg;A95 Richtung Garmisch
1348;54551;Querschnitt4370;MQDZ_AD Starnberg_(N)_Mch;DET_AD Starnberg_(N)_Mch_H1;1;9516741;48.02248003;11.42068004;4370;13.054;79349151;Betriebsstatus1;Streckenstation1135;AD Starnberg (N);1;LVE - UZ Starnberg;A95 Richtung M.-Zentrum
1350;56501;Querschnitt5278;MQDZ_AD Starnberg_(N)_Mch_E;DET_AD Starnberg_(N)_Mch_E2;130;9516741;48.02244;11.42075007;5278;13.054;79349151;Betriebsstatus1;Streckenstation1135;AD Starnberg (N);1;LVE - UZ Starnberg;A95 Richtung M.-Zentrum
1352;55223;Querschnitt4375;BMS_Starnberg_(W)_Sta;Geraet15945;2;10517683;48.00520772;11.39572235;4375;2.018;79349150;Betriebsstatus1;Streckenstation1136;AD Starnberg (W);6;LVE - UZ Starnberg;A952 Richtung Starnberg
1355;60751;Querschnitt4373;MQDZ_Starnberg_(W)_Mch;DET_Starnberg_(W)_Mch_H2;2;10517683;48.00390008;11.38860006;4373;2.018;79349150;Betriebsstatus1;Streckenstation1136;AD Starnberg (W);1;LVE - UZ Starnberg;A952 Richtung M.-Zentrum
1357;60720;Querschnitt4374;MQDZ_Starnberg_(W)_Sta;DET_Starnberg_(W)_Sta_H1;33;10517683;48.004;11.38859995;4374;2.018;79349150;Betriebsstatus1;Streckenstation1136;AD Starnberg (W);1;LVE - UZ Starnberg;A952 Richtung Starnberg
1359;63263;Querschnitt5331;BMS_Dreieck Süd/West_(O)_LIn;Geraet19067;1;9609400;48.11795218;11.39114931;5331;161.818;;Betriebsstatus1;Streckenstation1433;Dreieck Süd/West (O);6;LVE - UZ Starnberg;A96 Richtung Lindau
1361;60792;Querschnitt5332;MQ_Dreieck Süd/West_(O)_LIn;DET_Dreieck Süd/West_(O)_LIn_H1;33;9609400;48.11818405;11.39106366;5332;161.818;;Betriebsstatus1;Streckenstation1433;Dreieck Süd/West (O);1;LVE - UZ Starnberg;A96 Richtung Lindau
1364;52358;Querschnitt5330;MQ_Dreieck Süd/West_(O)_Mch;DET_Dreieck Süd/West_(O)_Mch_H1;1;9609400;48.11803838;11.39112065;5330;161.818;;Betriebsstatus1;Streckenstation1433;Dreieck Süd/West (O);1;LVE - UZ Starnberg;A96 Richtung M.-Zentrum
1367;55105;Querschnitt5326;BMS_Germering_(W)_Lin;BMS_Germering_(W)_Lin_Temp;2;9619220;48.09928631;11.33178752;5326;156.702;;Betriebsstatus1;Streckenstation1431;Germering (W);6;LVE - UZ Starnberg;A96 Richtung Lindau
1369;59337;Querschnitt5325;MQ_Germering_(W)_Lin;DET_Germering_(W)_Lin_H1;33;9619220;48.09770001;11.32719994;5325;156.697;;Betriebsstatus1;Streckenstation1431;Germering (W);1;LVE - UZ Starnberg;A96 Richtung Lindau
1371;59439;Querschnitt5324;MQ_Germering_(W)_Mch;DET_Germering_(W)_Mch_H2;2;9619220;48.09800003;11.32859997;5324;156.697;;Betriebsstatus1;Streckenstation1431;Germering (W);1;LVE - UZ Starnberg;A96 Richtung M.-Zentrum
1373;56532;Querschnitt5329;BMS_Gilching_(W)_Lin;Geraet19058;1;9619050;48.09364648;11.29546625;5329;153.875;;Betriebsstatus1;Streckenstation1432;Gilching (W);6;LVE - UZ Starnberg;A96 Richtung Lindau
1375;59894;Querschnitt5328;MQ_Gilching_(W)_Lin;DET_Gilching_(W)_Lin_H2;34;9619050;48.09310005;11.28930003;5328;153.875;;Betriebsstatus1;Streckenstation1432;Gilching (W);1;LVE - UZ Starnberg;A96 Richtung Lindau
1377;56440;Querschnitt5327;MQ_Gilching_(W)_Mch;DET_Gilching_(W)_Mch_H2;2;9619050;48.09300002;11.28949996;5327;153.875;;Betriebsstatus1;Streckenstation1432;Gilching (W);1;LVE - UZ Starnberg;A96 Richtung M.-Zentrum
1379;61874;Querschnitt4356;BMS_Gräfelfing_(W)_Mch;Geraet15894;1;9609847;48.12724588;11.43750883;4356;165.902;78349222;Betriebsstatus1;Streckenstation1130;Gräfelfing (W);6;LVE - UZ Starnberg;A96 Richtung M.-Zentrum
1382;59331;Querschnitt4355;MQDZ_Gräfelfing_(W)_Lin;DET_Gräfelfing_(W)_Lin_h1;33;9609847;48.12780008;11.43930005;4355;165.902;78349222;Betriebsstatus1;Streckenstation1130;Gräfelfing (W);1;LVE - UZ Starnberg;A96 Richtung Lindau
1385;54983;Querschnitt4354;MQDZ_Gräfelfing_(W)_Mch;DET_Gräfelfing_(W)_Mch_H1;1;9609847;48.12770002;11.43940001;4354;165.902;78349222;Betriebsstatus1;Streckenstation1130;Gräfelfing (W);1;LVE - UZ Starnberg;A96 Richtung M.-Zentrum
1388;53897;Querschnitt4353;BMS_Landsberg a Lech_(O)_Lin;Geraet15885;1;9618818;48.06248;10.87918377;4353;121.55;79319137;Betriebsstatus1;Streckenstation1129;Landsberg a. Lech-Nord (O);6;LVE - UZ Starnberg;A96 Richtung Lindau
1391;59572;Querschnitt4352;MQDZ_Landsberg a Lech_(O)_Lin;DET_Landsberg a Lech_(O)_Lin_H1;33;9618818;48.06590008;10.86930007;4352;121.55;79319137;Betriebsstatus1;Streckenstation1129;Landsberg a. Lech-Nord (O);1;LVE - UZ Starnberg;A96 Richtung Lindau
1393;55481;Querschnitt4351;MQDZ_Landsberg a Lech_(O)_Mch;DET_Landsberg a Lech_(O)_Mch_H2;2;9618818;48.06570007;10.86930002;4351;121.55;79319137;Betriebsstatus1;Streckenstation1129;Landsberg a. Lech-Nord (O);1;LVE - UZ Starnberg;A96 Richtung M.-Zentrum
1395;55400;Querschnitt4363;BMS_München-Kreuzhof_(W)_Gap;Geraet15914;3;9516102;48.10092007;11.49829004;4363;1.72;79349043;Betriebsstatus1;Streckenstation1132;München-Kreuzhof (W);6;LVE - UZ Starnberg;A95 Richtung Garmisch
1398;55743;Querschnitt4362;MQDZ_München-Kreuzhof_(W)_Gap;DET_München-Kreuzhof_(W)_Gap_H2;34;9516102;48.10080008;11.49808;4362;1.72;79349043;Betriebsstatus1;Streckenstation1132;München-Kreuzhof (W);1;LVE - UZ Starnberg;A95 Richtung Garmisch
1401;55644;Querschnitt4361;MQDZ_München-Kreuzhof_(W)_Mch;DEt_München-Kreuzhof_(W)_Mch_H1;1;9516102;48.10062008;11.49837995;4361;1.72;79349043;Betriebsstatus1;Streckenstation1132;München-Kreuzhof (W);1;LVE - UZ Starnberg;A95 Richtung M.-Zentrum
1404;60715;Querschnitt4360;BMS_München-Laim_(W)_Lin;Geraet15904;2;9619941;48.12408694;11.49111233;4360;169.95;78349106;Betriebsstatus1;Streckenstation1131;München-Laim (W);6;LVE - UZ Starnberg;A96 Richtung Lindau
1407;52894;Querschnitt4359;MQDZ_München-Laim_(W)_Lin;DET_München-Laim_(W)_Lin_H2;34;9619941;48.12390001;11.48960006;4359;169.95;78349106;Betriebsstatus1;Streckenstation1131;München-Laim (W);1;LVE - UZ Starnberg;A96 Richtung Lindau
1410;55242;Querschnitt4357;MQDZ_München-Laim_(W)_Mch;DET_München-Laim_(W)_Mch_H2;2;9619941;48.12380008;11.48979998;4357;169.95;78349106;Betriebsstatus1;Streckenstation1131;München-Laim (W);1;LVE - UZ Starnberg;A96 Richtung M.-Zentrum
1413;60548;Querschnitt4366;BMS_Murnau/Kochel_(S)_Gap;Geraet15920;2;9519398;47.66213001;11.24478994;4366;58.447;83339051;Betriebsstatus1;Streckenstation1133;Murnau/Kochel (S);6;LVE - UZ Starnberg;A95 Richtung Garmisch
1416;59684;Querschnitt4365;MQDZ_Murnau/Kochel_(S)_Gap;DET_Murnau/Kochel_(S)_Gap_H2;34;9519398;47.66217003;11.24493994;4365;58.447;83339051;Betriebsstatus1;Streckenstation1133;Murnau/Kochel (S);1;LVE - UZ Starnberg;A95 Richtung Garmisch
1418;56718;Querschnitt4364;MQDZ_Murnau/Kochel_(S)_Mch;DET_Murnau/Kochel_(S)_Mch_H1;1;9519398;47.66193003;11.24507001;4364;58.447;83339051;Betriebsstatus1;Streckenstation1133;Murnau/Kochel (S);1;LVE - UZ Starnberg;A95 Richtung M.-Zentrum
1420;51187;Querschnitt5323;BMS_Oberpfaffenhofen_(W)_Lin;Geraet19046;1;9619000;48.09361954;11.28094112;5323;152.786;;Betriebsstatus1;Streckenstation1430;Oberpfaffenhofen (W);6;LVE - UZ Starnberg;A96 Richtung Lindau
1422;59850;Querschnitt5322;MQ_Oberpfaffenhofen_(W)_Lin;DET_Oberpfaffenhofen_(W)_Lin_H1;33;9619000;48.0935;11.28160006;5322;152.786;;Betriebsstatus1;Streckenstation1430;Oberpfaffenhofen (W);1;LVE - UZ Starnberg;A96 Richtung Lindau
1424;56665;Querschnitt5321;MQ_Oberpfaffenhofen_(W)_Mch;DET_Oberpfaffenhofen_(W)_Mch_H1;1;9619000;48.09360008;11.27990004;5321;152.786;;Betriebsstatus1;Streckenstation1430;Oberpfaffenhofen (W);1;LVE - UZ Starnberg;A96 Richtung M.-Zentrum
1426;51869;Querschnitt4369;BMS_Seeshaupt_(N)_Mch;Geraet15927;2;9507887;47.85475002;11.38710002;4369;32.4;81349161;Betriebsstatus1;Streckenstation1134;Seeshaupt (N);6;LVE - UZ Starnberg;A95 Richtung M.-Zentrum
1429;60654;Querschnitt4368;MQDZ_Seeshaupt_(N)_Gap;DET_Seeshaupt_(N)_Gap_H1;33;9507887;47.85493006;11.38675995;4368;32.4;81349161;Betriebsstatus1;Streckenstation1134;Seeshaupt (N);1;LVE - UZ Starnberg;A95 Richtung Garmisch
1431;62902;Querschnitt4367;MQDZ_Seeshaupt_(N)_Mch;DET_Seeshaupt_(N)_Mch_H1;1;9507887;47.85479002;11.38708004;4367;32.4;81349161;Betriebsstatus1;Streckenstation1134;Seeshaupt (N);1;LVE - UZ Starnberg;A95 Richtung M.-Zentrum
1433;63375;Querschnitt16504;MQ_2_88750_Mch;DET_VE108_Mch_H1;17;9519570;47.53832819;11.1180564;6947;90.054;;Betriebsstatus1;160;SST_2_89250_Gap;1;Tunnel Farchant;B2-Süd München
1435;63339;Querschnitt16004;MQ_2_89000_Gap;DET_VE202_Gap_H1;33;9519570;47.5358435;11.11877274;6942;89.0;;Betriebsstatus1;160;SST_2_89250_Gap;1;Tunnel Farchant;B2-Süd Garmisch
1437;63347;Querschnitt16001;MQ_2_89000_Mch;DET_VE111_Mch_H2;2;9519570;47.53577496;11.11860831;6939;88.75;;Betriebsstatus1;160;SST_2_89250_Gap;1;Tunnel Farchant;B2-Süd München
1439;63348;Querschnitt16005;MQ_2_89360_Gap;DET_VE204_Gap_H1;41;9519570;47.53234304;11.12165229;6943;89.36;;Betriebsstatus1;160;SST_2_89250_Gap;1;Tunnel Farchant;B2-Süd Garmisch
1441;63345;Querschnitt16002;MQ_2_89360_Mch;DET_VE109_Mch_H2;10;9519570;47.53222469;11.12111453;6940;89.0;;Betriebsstatus1;160;SST_2_89250_Gap;1;Tunnel Farchant;B2-Süd München
1443;63340;Querschnitt16003;MQ_2_89407_Gap;DET_VE224_Gap_H1;17;9519591;47.53059888;11.12270001;6941;89.36;;Betriebsstatus1;165;SST_2_89770_Gap;1;Tunnel Farchant;B2-Süd München
1445;63367;Querschnitt16501;MQ_2_89682_Gap;DET_VE123_Mch_H2;2;9519591;47.53027337;11.12230665;6944;89.407;;Betriebsstatus1;165;SST_2_89770_Gap;1;Tunnel Farchant;B2-Süd München
1447;63362;Querschnitt16503;MQ_2_90054_Gap;DET_VE222_Gap_H1;33;9519591;47.53577496;11.11860831;6946;89.682;;Betriebsstatus1;165;SST_2_89770_Gap;1;Tunnel Farchant;B2-Süd Garmisch
1449;63371;Querschnitt16502;MQ_2_90127_Mch;DET_VE121_Mch_H2;10;9519591;47.52592889;11.12349;6945;90.127;;Betriebsstatus1;165;SST_2_89770_Gap;1;Tunnel Farchant;B2-Süd München
1451;63385;Querschnitt16602;MQ_2_90411_Gap;DET_VE205_Gap_H2;34;9519616;47.52439888;11.12252;6949;90.411;;Betriebsstatus1;166;SST_2_90400_Gap;1;Tunnel Farchant;B2-Süd Garmisch
1453;63378;Querschnitt16601;MQ_2_90527_Mch;DET_VE105_Mch_H2;2;9519616;47.52422889;11.12302001;6948;90.527;;Betriebsstatus1;166;SST_2_90400_Gap;1;Tunnel Farchant;B2-Süd München
1455;63637;Querschnitt16703;MQ_2_90791_Gap;DET_VE262_Gap_H1;33;9519640;47.52217369;11.12130274;6952;90.791;;Betriebsstatus1;167;SST_2_91000_Gap;1;Tunnel Farchant;B2-Süd Garmisch
1457;63634;Querschnitt16701;MQ_2_90927_Mch;DET_VE163_Mch_H2;2;9519640;47.51977889;11.11972001;6950;90.927;;Betriebsstatus1;167;SST_2_91000_Gap;1;Tunnel Farchant;B2-Süd München
1459;63639;Querschnitt16704;MQ_2_91200_Gap;DET_VE264_Gap_H1;41;9519640;47.51834722;11.11682711;6953;91.2;;Betriebsstatus1;167;SST_2_91000_Gap;1;Tunnel Farchant;B2-Süd Garmisch
1461;63636;Querschnitt16702;MQ_2_91338_Mch;DET_VE161_Mch_H2;10;9519640;47.51798462;11.11719129;6951;91.338;;Betriebsstatus1;167;SST_2_91000_Gap;1;Tunnel Farchant;B2-Süd München
1463;63646;Querschnitt16804;MQ_2_90920_Gap;DET_VE208_Gap_H1;33;9519670;47.51998889;11.1193;6957;91.92;;Betriebsstatus1;168;SST_2_91750_Gap;1;Tunnel Farchant;B2-Süd Garmisch
1465;63648;Querschnitt16805;MQ_2_91591_Gap;DET_VE209_Gap_H1;41;9519670;47.51592382;11.11038325;6958;91.591;;Betriebsstatus1;168;SST_2_91750_Gap;1;Tunnel Farchant;B2-Süd Garmisch
1467;63650;Querschnitt16806;MQ_2_91591_Gap_A;DET_VE211_Gap_A1;97;9519670;47.51601057;11.11035725;6959;91.591;;Betriebsstatus1;168;SST_2_91750_Gap;1;Tunnel Farchant;B2-Süd Garmisch
1468;63641;Querschnitt16801;MQ_2_91718_Mch;DET_VE104_Mch_H1;1;9519670;47.51607125;11.11198002;6954;91.718;;Betriebsstatus1;168;SST_2_91750_Gap;1;Tunnel Farchant;B2-Süd München
1470;63643;Querschnitt16802;MQ_2_91920_Mch;DET_VE102_Mch_H1;9;9519670;47.51528142;11.10914404;6955;91.92;;Betriebsstatus1;168;SST_2_91750_Gap;1;Tunnel Farchant;B2-Süd München
1472;63645;Querschnitt16803;MQ_2_91920_Mch_E;DET_VE111_Mch_E1;129;9519670;47.51507753;11.10919548;6956;91.92;;Betriebsstatus1;168;SST_2_91750_Gap;1;Tunnel Farchant;B2-Süd München
1473;51822;Querschnitt5752;AQ96_81,115_Mch;WVZ96_81,115_Mch102.2;74;9607881;48.03711838;10.37231545;5752;81.115;;Betriebsstatus1;Streckenstation1584;A96_81,115_Mch;4;Tunnel Kohlberg;A96 Richtung M.-Zentrum
1479;53415;Querschnitt5754;BMS96_81,115_Mch;BMS_A96_81,115_Tür;1;9607881;48.03711838;10.37231545;5754;81.115;;Betriebsstatus1;Streckenstation1584;A96_81,115_Mch;6;Tunnel Kohlberg;A96 Richtung M.-Zentrum
1482;60587;Querschnitt5753;GMA96_81,115_Mch;GMA_A96_81,115_HK_WVZ102;2;9607881;48.03711838;10.37231545;5753;81.115;;Betriebsstatus1;Streckenstation1584;A96_81,115_Mch;3;Tunnel Kohlberg;A96 Richtung M.-Zentrum
1484;60263;Querschnitt5759;AQ96_81,215_Mch;WZG_A96_81,215_WVZ103.1;1;9607883;48.03727183;10.37362484;5759;81.215;;Betriebsstatus1;Streckenstation1590;A96_81,215_Mch;4;Tunnel Kohlberg;A96 Richtung M.-Zentrum
1486;60277;Querschnitt5761;BMS96_81,215_Mch;BMS_A96_81,215_Tür;1;9607883;48.03727183;10.37362484;5761;81.215;;Betriebsstatus1;Streckenstation1590;A96_81,215_Mch;6;Tunnel Kohlberg;A96 Richtung M.-Zentrum
1489;62994;Querschnitt5760;GMA96_81,215_Mch;GMA_A96_81,215_HK_WVZ103;1;9607883;48.03727183;10.37362484;5760;81.215;;Betriebsstatus1;Streckenstation1590;A96_81,215_Mch;3;Tunnel Kohlberg;A96 Richtung M.-Zentrum
1491;52950;Querschnitt5762;AQ96_81,315_Mch;WZG_A96_81,315_WVZ105.3;73;9607886;48.03738032;10.37493566;5762;81.315;;Betriebsstatus1;Streckenstation1591;A96_81,315_Mch;4;Tunnel Kohlberg;A96 Richtung M.-Zentrum
1499;53368;Querschnitt5764;BMS96_81,315_Mch;BMS_A96_81,315_Überspannung;5;9607886;48.03738032;10.37493566;5764;81.315;;Betriebsstatus1;Streckenstation1591;A96_81,315_Mch;6;Tunnel Kohlberg;A96 Richtung M.-Zentrum
1502;60524;Querschnitt5763;GMA96_81,315_Mch;WUD_A96_81,315_HK_WVZ105;1;9607886;48.03738032;10.37493566;5763;81.315;;Betriebsstatus1;Streckenstation1591;A96_81,315_Mch;3;Tunnel Kohlberg;A96 Richtung M.-Zentrum
1504;55660;Querschnitt5775;AQ96_81,450_Mch;SR96_81,450_SCH102;12;9607888;48.03748794;10.37682316;5775;81.45;;Betriebsstatus1;Streckenstation1593;A96_81,415_Mch;4;Tunnel Kohlberg;A96 Richtung M.-Zentrum
1506;63023;Querschnitt5774;AQ96_81,529_Mch;LSA96_81,529_VLSA104;14;9607888;48.03751709;10.37761346;5774;81.529;;Betriebsstatus1;Streckenstation1593;A96_81,415_Mch;4;Tunnel Kohlberg;A96 Richtung M.-Zentrum
1509;59335;Querschnitt5769;AQ96_81_409_Mch;AQ96_81_409_Mch_VLSA101;9;9607888;48.03744942;10.37600633;5769;81.409;;Betriebsstatus1;Streckenstation1593;A96_81,415_Mch;4;Tunnel Kohlberg;A96 Richtung M.-Zentrum
1512;59550;Querschnitt5771;BMS96_81,415_Mch;BMS96_81,415_SCH101;11;9607888;48.0374622;10.37627414;5771;81.415;;Betriebsstatus1;Streckenstation1593;A96_81,415_Mch;6;Tunnel Kohlberg;A96 Richtung M.-Zentrum
1517;55526;Querschnitt5773;MQ96_81,520_Lin;DET96_81,520_Lin_H2;34;9607888;48.03780008;10.38089997;5773;81.52;79289050;Betriebsstatus1;Streckenstation1593;A96_81,415_Mch;1;Tunnel Kohlberg;A96 Richtung Lindau
1519;61557;Querschnitt5772;MQ96_81,520_Mch;DET96_81,520_DS102_H2;2;9607888;48.03750004;10.38149997;5772;81.52;79289050;Betriebsstatus1;Streckenstation1593;A96_81,415_Mch;1;Tunnel Kohlberg;A96 Richtung M.-Zentrum
1521;62091;Querschnitt5765;AQ_A96_81,822_Mch;AQ_A96_81,822_WVZ108.1;2;9607897;48.03753668;10.37836384;5765;81.822;;Betriebsstatus1;Streckenstation1592;A96_81,822_Mch;4;Tunnel Kohlberg;A96 Richtung M.-Zentrum
1523;56825;Querschnitt5768;MQ_A96_81,822_Mch;MQ_A96_81,822_DS103_H1;1;9607897;48.03730006;10.38710001;5768;81.822;;Betriebsstatus1;Streckenstation1592;A96_81,822_Mch;1;Tunnel Kohlberg;A96 Richtung M.-Zentrum
1525;61790;Querschnitt5792;AQ96_81,823_Lin;WZG96_81,823_Lin_WVZ208.1;34;9617897;48.0375319;10.38632985;5792;81.823;;Betriebsstatus1;Streckenstation1598;A96_81,823_Lin;4;Tunnel Kohlberg;A96 Richtung Lindau
1527;59737;Querschnitt5795;MQ96_81,823_Lin;DET96_81_823_Lin_H1;33;9617897;48.03750001;10.38730003;5795;81.823;;Betriebsstatus1;Streckenstation1598;A96_81,823_Lin;1;Tunnel Kohlberg;A96 Richtung Lindau
1529;52962;Querschnitt5789;AQ96_82,150_Lin;LSA96_82,150_Lin_VLSA203;45;9617908;48.03748662;10.38694815;5789;82.15;;Betriebsstatus1;Streckenstation1597;A96_82,278_Lin;4;Tunnel Kohlberg;A96 Richtung Lindau
1532;61697;Querschnitt5788;AQ96_82,247_Lin;SR96_82,247_Lin_SCH202;44;9617908;48.03742057;10.38800964;5788;82.247;;Betriebsstatus1;Streckenstation1597;A96_82,278_Lin;4;Tunnel Kohlberg;A96 Richtung Lindau
1534;59706;Querschnitt5785;AQ96_82,278_Lin;LSA96_82,278_Lin_VLSA201;41;9617908;48.03738333;10.38856063;5785;82.278;;Betriebsstatus1;Streckenstation1597;A96_82,278_Lin;4;Tunnel Kohlberg;A96 Richtung Lindau
1537;55065;Querschnitt5787;BMS96_82,278_Lin;SCH202;12;9617908;48.03738333;10.38856063;5787;82.278;;Betriebsstatus1;Streckenstation1597;A96_82,278_Lin;6;Tunnel Kohlberg;A96 Richtung Lindau
1542;51194;Querschnitt5791;MQ96_82,159_Lin;DET96_82_159_Lin_H1;33;9617908;48.03680002;10.39599997;5791;82.159;;Betriebsstatus1;Streckenstation1597;A96_82,278_Lin;1;Tunnel Kohlberg;A96 Richtung Lindau
1544;53541;Querschnitt5790;MQ96_82,172_Mch;DET96_82_172_Mch_H1;1;9617908;48.03670006;10.39650006;5790;82.172;;Betriebsstatus1;Streckenstation1597;A96_82,278_Lin;1;Tunnel Kohlberg;A96 Richtung M.-Zentrum
1546;59526;Querschnitt5782;AQ96_82,378_Lin;WZG96_82,378_Lin_WVZ205.1;33;9617910;48.03728488;10.38987793;5782;82.378;;Betriebsstatus1;Streckenstation1596;A96_82,378_Lin;4;Tunnel Kohlberg;A96 Richtung Lindau
1554;55667;Querschnitt5784;BMS96_82,378_Lin;Tür;1;9617910;48.03728488;10.38987793;5784;82.378;;Betriebsstatus1;Streckenstation1596;A96_82,378_Lin;6;Tunnel Kohlberg;A96 Richtung Lindau
1557;53621;Querschnitt5783;GMA96_82,378_Lin;WUD96_82,378_Lin_HK WVZ205;1;9617910;48.03728488;10.38987793;5783;82.378;;Betriebsstatus1;Streckenstation1596;A96_82,378_Lin;3;Tunnel Kohlberg;A96 Richtung Lindau
1559;59805;Querschnitt5779;AQ96_82,478_Lin;WZG96_82,478_Lin_WVZ203.1;33;9617913;48.03718659;10.39120863;5779;82.478;;Betriebsstatus1;Streckenstation1595;A96_82,491_Lin;4;Tunnel Kohlberg;A96 Richtung Lindau
1561;60824;Querschnitt5781;BMS96_82,478_Lin;Tür;1;9617913;48.03717218;10.39146387;5781;82.491;;Betriebsstatus1;Streckenstation1595;A96_82,491_Lin;6;Tunnel Kohlberg;A96 Richtung Lindau
1564;59928;Querschnitt5780;GMA96_82,478_Lin;WUD96_82,478_Lin_HK WVZ203;1;9617913;48.03718659;10.39120863;5780;82.478;;Betriebsstatus1;Streckenstation1595;A96_82,491_Lin;3;Tunnel Kohlberg;A96 Richtung Lindau
1566;61203;Querschnitt5776;AQ96_82,639_Lin;WZG96_82,639_Lin_WVZ202.2;106;9617917;48.03703624;10.39331874;5776;82.639;;Betriebsstatus1;Streckenstation1594;A96_82,669_Lin;4;Tunnel Kohlberg;A96 Richtung Lindau
1572;59568;Querschnitt5778;BMS96_82,669_Lin;Strom;4;9617917;48.03702201;10.39358739;5778;82.669;;Betriebsstatus1;Streckenstation1594;A96_82,669_Lin;6;Tunnel Kohlberg;A96 Richtung Lindau
1575;56778;Querschnitt5777;GMA96_82,639_Lin;WUD96_82,639_Lin_HK WVZ202;2;9617917;48.03703624;10.39331874;5777;82.639;;Betriebsstatus1;Streckenstation1594;A96_82,669_Lin;3;Tunnel Kohlberg;A96 Richtung Lindau
1577;67568;Querschnitt7603;AQ_9_AKMNo_0720_PS;WZG_9_AKMNo_0720_PS_A1;167;909694;48.21861;11.6327;;0.72;;Betriebsstatus1;Streckenstation2186;SST_9_AKMNo_0730_PS;4;UZ Aschheim;
1580;67603;Querschnitt7604;BMS_9_AKMNo_0730_PS;BMS_9_AKMNo_0730_PS_Tuer;1;909694;48.2186;11.6325;;0.73;;Betriebsstatus1;Streckenstation2186;SST_9_AKMNo_0730_PS;6;UZ Aschheim;
1584;67789;Querschnitt7605;GMA_9_AKMNo_0720_PS_HK;WUD_9_AKMNo_0720_PS_HK;1;909694;48.2186;11.6325;;0.72;;Betriebsstatus1;Streckenstation2186;SST_9_AKMNo_0730_PS;3;UZ Aschheim;
1585;67524;Querschnitt7611;BMS_99_24435_Stg;BMS_99_24435_Stg_Tuer;1;9907809;48.22041;11.63118;;24.435;;Betriebsstatus1;Streckenstation2188;SST_99_24435_Stg;6;UZ Aschheim;
1589;67815;Querschnitt7613;GMA_99_24425_Stg_HK;WUD_99_24425_Stg_HK;1;9907809;48.22047;11.63109;;24.425;;Betriebsstatus1;Streckenstation2188;SST_99_24435_Stg;3;UZ Aschheim;
1590;67594;Querschnitt7610;WWQ_99_24425_Stg;WZG_99_24425_Stg_PW3;132;9907809;48.22047;11.63109;;24.425;;Betriebsstatus1;Streckenstation2188;SST_99_24435_Stg;4;UZ Aschheim;
1598;67860;Querschnitt7612;WZG_99_24425_Stg_Bel;WZG_99_24425_Stg_BelUEW4;13;9907809;48.22047;11.63109;;24.435;;Betriebsstatus1;Streckenstation2188;SST_99_24435_Stg;6;UZ Aschheim;
1602;67724;Querschnitt7615;BMS_99_24780_Stg;BMS_99_24780_Stg_Tuer;1;9907835;48.21831;11.63508;;24.78;;Betriebsstatus1;Streckenstation2189;SST_99_24780_Stg;6;UZ Aschheim;
1606;67705;Querschnitt7617;GMA_99_24765_Stg_HK;WUD_99_24765_Stg_HK;1;9907835;48.21853;11.63467;;24.765;;Betriebsstatus1;Streckenstation2189;SST_99_24780_Stg;3;UZ Aschheim;
1607;67884;Querschnitt7614;WWQ_99_24765_Stg;WZG_99_24765_Stg_BL1;25;9907835;48.21853;11.63467;;24.765;;Betriebsstatus1;Streckenstation2189;SST_99_24780_Stg;4;UZ Aschheim;
1615;67652;Querschnitt7616;WZG_99_24765_Stg_Bel;WZG_99_24765_Stg_BelUEW2;11;9907835;48.21853;11.63467;;24.78;;Betriebsstatus1;Streckenstation2189;SST_99_24780_Stg;6;UZ Aschheim;
1619;67752;Querschnitt7619;BMS_99_25150_Stg;BMS_99_25150_Stg_Tuer;1;9907862;48.21625;11.63863;;25.15;;Betriebsstatus1;Streckenstation2190;SST_99_25150_Stg;6;UZ Aschheim;
1623;67537;Querschnitt7621;GMA_99_25130_Stg_HK;WUD_99_25130_Stg_HK;1;9907862;48.21638;11.63841;;25.13;;Betriebsstatus1;Streckenstation2190;SST_99_25150_Stg;3;UZ Aschheim;
1624;67876;Querschnitt7618;WWQ_99_25130_Stg;WZG_99_25130_Stg_WTA1;1;9907862;48.21638;11.63841;;25.13;;Betriebsstatus1;Streckenstation2190;SST_99_25150_Stg;4;UZ Aschheim;
1636;67843;Querschnitt7620;WZG_99_25130_Stg_Bel;WZG_99_25130_Stg_BelUEW4;13;9907862;48.21638;11.63841;;25.15;;Betriebsstatus1;Streckenstation2190;SST_99_25150_Stg;6;UZ Aschheim;
1642;67927;Querschnitt7624;AQ_99_25377_AT_Sbg;WZG_99_25377_AT_Sbg_B1;99;9917879;48.21444;11.64021;;25.377;;Betriebsstatus1;Streckenstation2191;SST_99_25370_Sbg;4;UZ Aschheim;
1647;67535;Querschnitt7625;AQ_99_25377_Sbg;WZG_99_25377_Sbg_C1;105;9917879;48.21453;11.64037;;25.377;;Betriebsstatus1;Streckenstation2191;SST_99_25370_Sbg;4;UZ Aschheim;
1654;67577;Querschnitt7626;BMS_99_25370_Sbg;BMS_99_25370_Sbg_Temp;2;9917879;48.21447;11.64009;;25.37;;Betriebsstatus1;Streckenstation2191;SST_99_25370_Sbg;6;UZ Aschheim;
1658;67861;Querschnitt7627;GMA_99_25377_AT_Sbg_HK;WUD_99_25377_AT_Sbg_HK;2;9917879;48.21444;11.64021;;25.377;;Betriebsstatus1;Streckenstation2191;SST_99_25370_Sbg;3;UZ Aschheim;
1659;67765;Querschnitt7628;GMA_99_25377_Sbg_HK;WUD_99_25377_Sbg_HK;1;9917879;48.21453;11.64037;;25.377;;Betriebsstatus1;Streckenstation2191;SST_99_25370_Sbg;3;UZ Aschheim;
1660;67712;Querschnitt7623;MQ_99_25377_AT_Sbg;DET_99_25377_AT_Sbg_E2;162;9917879;48.21444;11.64021;;25.377;;Betriebsstatus1;Streckenstation2191;SST_99_25370_Sbg;1;UZ Aschheim;
1662;68000;Querschnitt7622;MQ_99_25377_Sbg;DET_99_25377_Sbg_H2;34;9917879;48.21453;11.64037;;25.377;;Betriebsstatus1;Streckenstation2191;SST_99_25370_Sbg;1;UZ Aschheim;
1665;67882;Querschnitt7629;WS_99_25365_Sbg;WUD_99_25365_Sbg_SW;43;9917879;48.21447;11.64009;;25.377;;Betriebsstatus1;Streckenstation2191;SST_99_25370_Sbg;3;UZ Aschheim;
1668;67694;Querschnitt7632;AQ_99_25381_Stg;WZG_99_25381_Stg_C1;129;9907880;48.21479;11.64083;;25.381;;Betriebsstatus1;Streckenstation2192;SST_99_25388_Stg;4;UZ Aschheim;
1681;67725;Querschnitt7633;BMS_99_25388_Stg;BMS_99_25388_Stg_Netz;4;9907880;48.21475;11.64087;;25.388;;Betriebsstatus1;Streckenstation2192;SST_99_25388_Stg;6;UZ Aschheim;
1685;67833;Querschnitt7634;GMA_99_25381_Stg_HK;WUD_99_25381_Stg_HK;1;9907880;48.21479;11.64083;;25.381;;Betriebsstatus1;Streckenstation2192;SST_99_25388_Stg;3;UZ Aschheim;
1686;67556;Querschnitt7631;MQ_99_25381_Stg;DET_99_25381_Stg_H1;1;9907880;48.21469;11.64066;;25.381;;Betriebsstatus1;Streckenstation2192;SST_99_25388_Stg;1;UZ Aschheim;
1689;67644;Querschnitt7630;MQ_99_25381_UZ_Stg;DET_99_25381_UZ_Stg_A1;65;9907880;48.21479;11.64083;;25.381;;Betriebsstatus1;Streckenstation2192;SST_99_25388_Stg;1;UZ Aschheim;
1691;67620;Querschnitt7636;BMS_99_25600_Stg;BMS_99_25600_Stg_Temp;2;9907896;48.21323;11.64323;;25.6;;Betriebsstatus1;Streckenstation2193;SST_99_25600_Stg;6;UZ Aschheim;
1695;67731;Querschnitt7635;WWQ_99_25600_Stg;WZG_99_25600_Stg_PW6;130;9907896;48.21337;11.64288;;25.6;;Betriebsstatus1;Streckenstation2193;SST_99_25600_Stg;4;UZ Aschheim;
1707;67713;Querschnitt7637;WZG_99_25600_Stg_Bel;WZG_99_25600_Stg_BelUEW1;10;9907896;48.21337;11.64288;;25.6;;Betriebsstatus1;Streckenstation2193;SST_99_25600_Stg;3;UZ Aschheim;
1714;67627;Querschnitt7639;AQ_99_26020_Sbg;WZG_99_26020_Sbg_A4;36;9917925;48.21029;11.64624;;26.02;;Betriebsstatus1;Streckenstation2194;SST_99_25995_Sbg;4;UZ Aschheim;
1729;67955;Querschnitt7641;BMS_99_25995_Sbg;BMS_99_25995_Sbg_Temp;2;9917925;48.21046;11.646;;25.995;;Betriebsstatus1;Streckenstation2194;SST_99_25995_Sbg;6;UZ Aschheim;
1733;67886;Querschnitt7642;GMA_99_26020_Sbg_HK;WUD_99_26020_Sbg_HK;1;9917925;48.21029;11.64624;;26.02;;Betriebsstatus1;Streckenstation2194;SST_99_25995_Sbg;3;UZ Aschheim;
1734;67857;Querschnitt7638;MQ_99_26020_Sbg;DET_99_26020_Sbg_H1;33;9917925;48.21029;11.64624;;26.02;;Betriebsstatus1;Streckenstation2194;SST_99_25995_Sbg;1;UZ Aschheim;
1739;67921;Querschnitt7640;PW_99_25750_Sbg;WZG_99_25750_Sbg_PW1;162;9917925;48.21203;11.6437;;25.75;;Betriebsstatus1;Streckenstation2194;SST_99_25995_Sbg;4;UZ Aschheim;
1740;67910;Querschnitt7644;BMS_99_26050_Stg;BMS_99_26050_Stg_Tuer;1;9907929;48.21046;11.64704;;26.05;;Betriebsstatus1;Streckenstation2195;SST_99_26050_Stg;6;UZ Aschheim;
1744;67675;Querschnitt7646;GMA_99_26040_Stg_HK;WUD_99_26040_Stg_HK;1;9907929;48.21051;11.64697;;26.04;;Betriebsstatus1;Streckenstation2195;SST_99_26050_Stg;3;UZ Aschheim;
1745;67531;Querschnitt7647;WS_99_26040_Stg;WUD_99_26040_Stg_WFD;4;9907929;48.21036;11.64675;;26.04;;Betriebsstatus1;Streckenstation2195;SST_99_26050_Stg;3;UZ Aschheim;
1754;67727;Querschnitt7648;WS_99_26055_Stg;WUD_99_26055_Stg_RLF;8;9907929;48.21043;11.64706;;26.055;;Betriebsstatus1;Streckenstation2195;SST_99_26050_Stg;3;UZ Aschheim;
1760;67607;Querschnitt7649;WS_99_26180_Sbg;WUD_99_26180_Sbg_FBT;37;9907929;48.20937;11.64799;;26.18;;Betriebsstatus1;Streckenstation2195;SST_99_26050_Stg;3;UZ Aschheim;
1765;67916;Querschnitt7650;WS_99_26180_Stg;WUD_99_26180_Stg_FBZ;13;9907929;48.20945;11.6481;;26.18;;Betriebsstatus1;Streckenstation2195;SST_99_26050_Stg;3;UZ Aschheim;
1770;67945;Querschnitt7643;WWQ_99_26040_Stg;WZG_99_26040_Stg_PW3;135;9907929;48.21051;11.64697;;26.04;;Betriebsstatus1;Streckenstation2195;SST_99_26050_Stg;4;UZ Aschheim;
1782;67933;Querschnitt7645;WZG_99_26040_Stg_Bel;WZG_99_26040_Stg_BelUEW6;15;9907929;48.21051;11.64697;;26.05;;Betriebsstatus1;Streckenstation2195;SST_99_26050_Stg;6;UZ Aschheim;
1788;67641;Querschnitt7652;BMS_99_26565_Stg;BMS_99_26565_Stg_Heiz;5;9907967;48.20715;11.65213;;26.565;;Betriebsstatus1;Streckenstation2196;SST_99_26565_Stg;6;UZ Aschheim;
1792;67906;Querschnitt7654;GMA_99_26545_Stg_HK;WUD_99_26545_Stg_HK;1;9907967;48.20734;11.6518;;26.545;;Betriebsstatus1;Streckenstation2196;SST_99_26565_Stg;3;UZ Aschheim;
1793;67534;Querschnitt7651;WWQ_99_26545_Stg;WZG_99_26545_Stg_PW1;136;9907967;48.20734;11.6518;;26.545;;Betriebsstatus1;Streckenstation2196;SST_99_26565_Stg;4;UZ Aschheim;
1807;67905;Querschnitt7653;WZG_99_26545_Stg_Bel;WZG_99_26545_Stg_BelUEW4;13;9907967;48.20734;11.6518;;26.565;;Betriebsstatus1;Streckenstation2196;SST_99_26565_Stg;6;UZ Aschheim;
1813;67651;Querschnitt7656;AQ_99_26825_Stg;WZG_99_26825_Stg_B3;67;9907989;48.20571;11.65463;;26.825;;Betriebsstatus1;Streckenstation2197;SST_99_26855_Stg;4;UZ Aschheim;
1828;67580;Querschnitt7657;BMS_99_26855_Stg;BMS_99_26855_Stg_Netz;4;9907989;48.20556;11.655;;26.855;;Betriebsstatus1;Streckenstation2197;SST_99_26855_Stg;6;UZ Aschheim;
1832;67896;Querschnitt7658;GMA_99_26825_Stg_HK;WUD_99_26825_Stg_HK;1;9907989;48.20571;11.65463;;26.825;;Betriebsstatus1;Streckenstation2197;SST_99_26855_Stg;3;UZ Aschheim;
1833;67992;Querschnitt7655;MQ_99_26825_Stg;DET_99_26825_Stg_H2;2;9907989;48.20568;11.6546;;26.825;;Betriebsstatus1;Streckenstation2197;SST_99_26855_Stg;1;UZ Aschheim;
1838;67619;Querschnitt7660;BMS_99_27370_Stg;BMS_99_27370_Stg_Netz;4;9908027;48.20292;11.66062;;27.37;;Betriebsstatus1;Streckenstation2198;SST_99_27370_Stg;6;UZ Aschheim;
1842;67667;Querschnitt7662;GMA_99_27350_Stg_HK;WUD_99_27350_Stg_HK;1;9908027;48.203;11.66038;;27.35;;Betriebsstatus1;Streckenstation2198;SST_99_27370_Stg;3;UZ Aschheim;
1843;67880;Querschnitt7659;WWQ_99_27350_Stg;WZG_99_27350_Stg_WTA2;2;9908027;48.203;11.66038;;27.35;;Betriebsstatus1;Streckenstation2198;SST_99_27370_Stg;4;UZ Aschheim;
1857;67630;Querschnitt7661;WZG_99_27350_Stg_Bel;WZG_99_27350_Stg_BelUEW5;14;9908027;48.203;11.66038;;27.37;;Betriebsstatus1;Streckenstation2198;SST_99_27370_Stg;6;UZ Aschheim;
1863;68023;Querschnitt7663;AQ_99_27500_Sbg;WZG_99_27500_Sbg_D1;33;9918035;48.20195;11.66184;;27.5;;Betriebsstatus1;Streckenstation2199;SST_99_27500_Sbg;4;UZ Aschheim;
1864;67924;Querschnitt7664;BMS_99_27500_Sbg;BMS_99_27500_Sbg_Netz;4;9918035;48.20188;11.66185;;27.5;;Betriebsstatus1;Streckenstation2199;SST_99_27500_Sbg;6;UZ Aschheim;
1868;68007;Querschnitt7665;GMA_99_27500_Sbg_HK;WUD_99_27500_Sbg_HK;33;9918035;48.20188;11.66185;;27.5;;Betriebsstatus1;Streckenstation2199;SST_99_27500_Sbg;3;UZ Aschheim;
1869;67972;Querschnitt7667;AQ_99_27814_Sbg;WZG_99_27814_Sbg_WVLT;161;9918059;48.20051;11.66543;;27.814;;Betriebsstatus1;Streckenstation2200;SST_99_27800_Sbg;4;UZ Aschheim;
1884;67661;Querschnitt7668;BMS_99_27800_Sbg;BMS_99_27800_Sbg_Heiz;5;9918059;48.20055;11.66526;;27.8;;Betriebsstatus1;Streckenstation2200;SST_99_27800_Sbg;6;UZ Aschheim;
1888;67581;Querschnitt7669;GMA_99_27814_Sbg_HK;WUD_99_27814_Sbg_HK;1;9918059;48.20051;11.66543;;27.814;;Betriebsstatus1;Streckenstation2200;SST_99_27800_Sbg;3;UZ Aschheim;
1889;67514;Querschnitt7666;MQ_99_27800_Sbg;DZ_99_27800_Sbg_H2;34;9918059;48.2006;11.6653;;27.8;;Betriebsstatus1;Streckenstation2200;SST_99_27800_Sbg;1;UZ Aschheim;
1894;67856;Querschnitt7671;AQ_99_27885_Stg;WZG_99_27885_Stg_B3;67;9908067;48.20055;11.66655;;27.885;;Betriebsstatus1;Streckenstation2201;SST_99_27915_Stg;4;UZ Aschheim;
1909;67668;Querschnitt7672;BMS_99_27915_Stg;BMS_99_27915_Stg_Netz;4;9908067;48.20049;11.66679;;27.915;;Betriebsstatus1;Streckenstation2201;SST_99_27915_Stg;6;UZ Aschheim;
1913;67510;Querschnitt7673;GMA_99_27885_Stg_HK;WUD_99_27885_Stg_HK;1;9908067;48.20055;11.66655;;27.885;;Betriebsstatus1;Streckenstation2201;SST_99_27915_Stg;3;UZ Aschheim;
1914;68027;Querschnitt7670;MQ_99_27900_Stg;DZ_99_27900_Stg_H2;2;9908067;48.20049;11.66662;;27.9;;Betriebsstatus1;Streckenstation2201;SST_99_27915_Stg;1;UZ Aschheim;
1919;67610;Querschnitt7677;WS_99_27900_Stg;WUD_99_27900_Stg_NS;17;9908067;48.20054;11.66664;;27.9;;Betriebsstatus1;Streckenstation2201;SST_99_27915_Stg;3;UZ Aschheim;
1922;64402;Querschnitt7064;BMS99_99_28820_Sbg;BMS99_99_28820_Sbg_Temp;2;9908135;48.19646;11.67757;;28.82;;Betriebsstatus1;Streckenstation2066;SST_99_28820_Sbg;6;UZ Aschheim;A99 Richtung Salzburg
1927;64424;Querschnitt7065;WWQ_99_28850_Sbg;WZG_99_28850_Sbg-Sbg_W2;34;9908135;48.19641;11.67795;;28.85;;Betriebsstatus1;Streckenstation2066;SST_99_28820_Sbg;4;UZ Aschheim;A99 Richtung Salzburg
1931;64417;Querschnitt7030;AQ_99_29220_Stg;WZG_99_29220_Stg_C1;73;9918173;48.19555;11.6829;;29.22;;Betriebsstatus1;Streckenstation2068;SST_99_29245_Stg;4;UZ Aschheim;A99 Richtung Lindau
1943;64410;Querschnitt7029;BMS_99_29245_Stg;BMS_99_29245_Stg_Netz;4;9918173;48.1955;11.68322;;29.245;;Betriebsstatus1;Streckenstation2068;SST_99_29245_Stg;6;UZ Aschheim;A99 Richtung Lindau
1948;64628;Querschnitt3780;GMA_HK_99_29220_Stg;WUD_HK_99_29220_Stg;1;9918173;48.22086737;11.36994928;3780;29.215;;Betriebsstatus1;Streckenstation2068;SST_99_29245_Stg;3;UZ Aschheim;A99 Richtung Lindau
1949;64500;Querschnitt7073;MQ_99_29220_Stg;DET_99_29220_Stg_H1;1;9918173;48.1955;11.68288;;29.22;;Betriebsstatus1;Streckenstation2068;SST_99_29245_Stg;1;UZ Aschheim;A99 Richtung Lindau
1953;64588;Querschnitt7027;NMG_99_29220_Stg;WUD_SW_99_29220_Stg;2;9918173;48.19552;11.68317;;29.22;;Betriebsstatus1;Streckenstation2068;SST_99_29245_Stg;3;UZ Aschheim;A99 Richtung Lindau
1954;64426;Querschnitt7062;BMS_99_29247_Sbg_;BMS_99_29247_Sbg_Heiz;5;9908166;48.19502;11.68289;;29.247;;Betriebsstatus1;Streckenstation2076;SST_99_29247_Sbg;6;UZ Aschheim;A99 Richtung Salzburg
1959;64674;Querschnitt7061;GMA_HK_99_29277_Sbg;WUD_HK_99_29277_Sbg;33;9908166;48.19497;11.6833;;29.227;;Betriebsstatus1;Streckenstation2076;SST_99_29247_Sbg;3;UZ Aschheim;A99 Richtung Salzburg
1960;64507;Querschnitt7063;WWQ_99_29277_Sbg;WZG_99_29277_Sbg_W2;34;9908166;48.19497;11.6833;;29.227;;Betriebsstatus1;Streckenstation2076;SST_99_29247_Sbg;4;UZ Aschheim;A99 Richtung Salzburg
1963;64401;Querschnitt7059;AQ_99_29595_Sbg;WZG_99_29595_Sbg_A2;34;9908191;48.19407;11.68744;;29.595;;Betriebsstatus1;Streckenstation2075;SST_99_29575_Sbg;4;UZ Aschheim;A99 Richtung Salzburg
1975;64396;Querschnitt7058;BMS_99_29575_Sbg_;BMS_99_29575_Sbg_Heiz;5;9908191;48.1941;11.68706;;29.575;;Betriebsstatus1;Streckenstation2075;SST_99_29575_Sbg;6;UZ Aschheim;A99 Richtung Salzburg
1980;64438;Querschnitt7057;GMA_HK_99_29595_Sbg;WUD_HK_99_29595_Sbg;33;9908191;48.19407;11.68744;;29.55;;Betriebsstatus1;Streckenstation2075;SST_99_29575_Sbg;3;UZ Aschheim;A99 Richtung Salzburg
1981;64421;Querschnitt7060;MQ_99_29595_Sbg;DET_99_29595_Sbg_H1;33;9908191;48.1941;11.68745;;29.55;;Betriebsstatus1;Streckenstation2075;SST_99_29575_Sbg;1;UZ Aschheim;A99 Richtung Salzburg
1985;64624;Querschnitt7066;WS_99_29595_Sbg;WUD_NI_99_29595_Sbg;34;9908191;48.19407;11.68744;;29.54;;Betriebsstatus1;Streckenstation2075;SST_99_29575_Sbg;3;UZ Aschheim;A99 Richtung Salzburg
1987;64408;Querschnitt7039;AQ_99_30450_Stg;WZG_99_30450_Stg_C1;73;9918257;48.19219;11.69863;;30.45;;Betriebsstatus1;Streckenstation2070;SST_99_30475_Stg;4;UZ Aschheim;A99 Richtung Lindau
1999;64462;Querschnitt7038;BMS_99_30475_Stg;BMS_99_30475_Stg_Temp;2;9918257;48.19214;11.69901;;30.475;;Betriebsstatus1;Streckenstation2070;SST_99_30475_Stg;6;UZ Aschheim;A99 Richtung Lindau
2004;64430;Querschnitt7037;GMA_HK_99_30450_Stg;WUD_HK_99_30450_Stg;1;9918257;48.19219;11.69863;;30.45;;Betriebsstatus1;Streckenstation2070;SST_99_30475_Stg;3;UZ Aschheim;A99 Richtung Lindau
2005;64406;Querschnitt7040;MQ_99_30450_Stg;DET_99_30450_Stg_H1;1;9918257;48.19215;11.69861;;30.45;;Betriebsstatus1;Streckenstation2070;SST_99_30475_Stg;1;UZ Aschheim;A99 Richtung Lindau
2009;64534;Querschnitt7041;BMS_99_30730_Stg_;BMS_99_30730_Stg_Heiz;5;9918310;48.19145;11.70217;;30.73;;Betriebsstatus1;Steckenstation2079;SST_99_30730_Stg;6;UZ Aschheim;A99 Richtung Lindau
2014;64452;Querschnitt7042;WWQ_99_30715_Stg;WZG_99_30715_Stg_W1;1;9918310;48.1915;11.70182;;30.715;;Betriebsstatus1;Steckenstation2079;SST_99_30730_Stg;4;UZ Aschheim;A99 Richtung Lindau
2018;64415;Querschnitt7047;AQ_99_30830_Sbg;WZG_99_30830_Sbg_A2;34;9908283;48.1907;11.7032;;30.83;;Betriebsstatus1;Streckenstation2072;SST_99_30820_Sbg;4;UZ Aschheim;A99 Richtung Salzburg
2030;64397;Querschnitt7046;BMS_99_30820_Sbg;BMS_99_30820_Sbg_Licht;3;9908283;48.19068;11.70306;;30.82;;Betriebsstatus1;Streckenstation2072;SST_99_30820_Sbg;6;UZ Aschheim;A99 Richtung Salzburg
2035;64448;Querschnitt7045;GMA_HK_99_30830_Sbg;WUD_HK_99_30830_Sbg;1;9908283;48.1907;11.7032;;30.83;;Betriebsstatus1;Streckenstation2072;SST_99_30820_Sbg;3;UZ Aschheim;A99 Richtung Salzburg
2036;64395;Querschnitt7048;MQ_99_30830_Sbg;DET_99_30830_Sbg_H3;35;9908283;48.19073;11.70322;;30.83;;Betriebsstatus1;Streckenstation2072;SST_99_30820_Sbg;1;UZ Aschheim;A99 Richtung Salzburg
2040;64398;Querschnitt7043;BMS_99_31180_Stg_;BMS_99_31180_Stg_Heiz;5;9918276;48.18991;11.70782;;31.18;;Betriebsstatus1;Streckenstation2071;SST_99_31180_Stg;6;UZ Aschheim;A99 Richtung Lindau
2045;64479;Querschnitt7044;WWQ_99_31150_Stg;WZG_99_31150_Stg_W1;1;9918276;48.18993;11.70746;;31.15;;Betriebsstatus1;Streckenstation2071;SST_99_31180_Stg;4;UZ Aschheim;A99 Richtung Lindau
2049;67563;Querschnitt7679;AQ_99_31800_Sbg;WZG_99_31800_Sbg_C3;107;9918352;48.18677;11.71473;;31.8;;Betriebsstatus1;Streckenstation2202;SST_99_31760_Sbg;4;UZ Aschheim;
2064;67511;Querschnitt7681;BMS_99_31760_Sbg;BMS_99_31760_Sbg_Temp;2;9918352;48.18694;11.71424;;31.76;;Betriebsstatus1;Streckenstation2202;SST_99_31760_Sbg;6;UZ Aschheim;
2068;67872;Querschnitt7682;GMA_99_31800_Sbg_HK;WUD_99_31800_Sbg_HK;1;9918352;48.18677;11.71473;;31.8;;Betriebsstatus1;Streckenstation2202;SST_99_31760_Sbg;3;UZ Aschheim;
2069;68018;Querschnitt7678;MQ_99_31800_Sbg;DET_99_31800_Sbg_H2;34;9918352;48.18679;11.71478;;31.8;;Betriebsstatus1;Streckenstation2202;SST_99_31760_Sbg;1;UZ Aschheim;
2074;68017;Querschnitt7680;PW_99_32000_Sbg;WZG_99_32000_Sbg_PW1;164;9918352;48.18577;11.71739;;31.6;;Betriebsstatus1;Streckenstation2202;SST_99_31760_Sbg;4;UZ Aschheim;
2077;68008;Querschnitt7684;AQ_99_32050_Stg;WZG_99_32050_Stg_A5;5;9908376;48.18582;11.71783;;32.05;;Betriebsstatus1;Streckenstation2203;SST_99_32080_Stg;4;UZ Aschheim;
2092;67658;Querschnitt7686;BMS_99_32080_Stg;BMS_99_32080_Stg_Heiz;5;9908376;48.18568;11.71817;;32.08;;Betriebsstatus1;Streckenstation2203;SST_99_32080_Stg;6;UZ Aschheim;
2096;67715;Querschnitt7687;GMA_99_32050_Stg_HK;WUD_99_32050_Stg_HK;1;9908376;48.18582;11.71783;;32.05;;Betriebsstatus1;Streckenstation2203;SST_99_32080_Stg;3;UZ Aschheim;
2097;67894;Querschnitt7683;MQ_99_32050_Stg;DET_99_32050_Stg_H3;3;9908376;48.18578;11.7178;;32.05;;Betriebsstatus1;Streckenstation2203;SST_99_32080_Stg;1;UZ Aschheim;
2102;67539;Querschnitt7685;PW_99_32515_Stg;WZG_99_32135_Stg_PW1;163;9908376;48.18519;11.71856;;32.135;;Betriebsstatus1;Streckenstation2203;SST_99_32080_Stg;4;UZ Aschheim;
2104;67737;Querschnitt7688;WS_99_32050_Stg;WUD_99_32050_Stg_RLF;8;9908376;48.18568;11.71768;;32.05;;Betriebsstatus1;Streckenstation2203;SST_99_32080_Stg;3;UZ Aschheim;
2115;64423;Querschnitt7034;BMS_99_ASAsh_0520_NZ;BMS_99_ASAsh_0520_NZ_Licht;3;9918241;48.19296;11.69618;;30.27;;Betriebsstatus1;Streckenstation2080;SST_99_ASAsh_0520_NZ;6;UZ Aschheim;A99 Richtung Lindau
2120;64523;Querschnitt7067;MQ_99_ASAsh_0250_PS;DET_99_ASAsh_0250_PS_A1;65;9918241;48.19313;11.69618;;30.23;;Betriebsstatus1;Streckenstation2080;SST_99_ASAsh_0520_NZ;1;UZ Aschheim;A99 Richtung Lindau
2121;64666;Querschnitt7036;MQ_99_ASAsh_0390_RQ;DET_99_ASAsh_0390_RQ_E1;129;9918241;48.19324;11.69557;;30.23;;Betriebsstatus1;Streckenstation2080;SST_99_ASAsh_0520_NZ;1;UZ Aschheim;
2122;64484;Querschnitt7035;WWQ_99_ASAsh_0535_NZ;WZG_99_ASAsh_0535_NZ_W1;129;9918241;48.1929;11.69609;;30.25;;Betriebsstatus1;Streckenstation2080;SST_99_ASAsh_0520_NZ;4;UZ Aschheim;A99 Richtung Lindau
2125;64468;Querschnitt7053;GMA_HK_99_ASAsh_0530_AM;WUD_HK_99_ASAsh_0530_AM;33;9908207;48.1929;11.69609;;29.8;;Betriebsstatus1;Streckenstation2074;SST_99_ASAsh_0530_AM;3;UZ Aschheim;
2126;64610;Querschnitt7055;MQ_99_ASAsh_0235_BE;DET_99_ASAsh_0235_BE_A1;97;9908207;48.19306;11.6901;;29.84;;Betriebsstatus1;Streckenstation2074;SST_99_ASAsh_0530_AM;1;UZ Aschheim;
2127;64567;Querschnitt7056;MQ_99_ASAsh_0410_DC;DET_99_ASAsh_0410_DC_E1;161;9908207;48.19299;11.69053;;29.84;;Betriebsstatus1;Streckenstation2074;SST_99_ASAsh_0530_AM;1;UZ Aschheim;
2128;64411;Querschnitt7054;WWQ_99_ASAsh_0530_AM;WZG_99_ASAsh_0530_AM_WTA1;34;9908207;48.1933;11.69007;;29.81;;Betriebsstatus1;Streckenstation2074;SST_99_ASAsh_0530_AM;6;UZ Aschheim;
2135;64409;Querschnitt7050;BMS_99_ASAsh_0920_AM_;BMS_99_ASAsh_0920_AM_Netz;4;9908237;48.19227;11.69501;;30.2;;Betriebsstatus1;Streckenstation2073;SST_99_ASAsh_0920_AM;6;UZ Aschheim;
2140;64540;Querschnitt7049;GMA_HK_99_ASAsh_0920_AM;WUD_HK_99_ASAsh_0920_AM;33;9908237;48.19227;11.69501;;30.2;;Betriebsstatus1;Streckenstation2073;SST_99_ASAsh_0920_AM;3;UZ Aschheim;
2141;64552;Querschnitt7074;MQ_99_ASAsh_0140_KI;DET_99_ASAsh_0140_KI_A1;161;9908237;48.19208;11.69502;;30.22;;Betriebsstatus1;Streckenstation2073;SST_99_ASAsh_0920_AM;1;UZ Aschheim;A99 Richtung Salzburg
2142;64447;Querschnitt7052;MQ_99_ASAsh_0480_HL;DET_99_ASAsh_0480_HL_E1;97;9908237;48.19202;11.69536;;30.22;;Betriebsstatus1;Streckenstation2073;SST_99_ASAsh_0920_AM;1;UZ Aschheim;
2143;64520;Querschnitt7051;WWQ_99_ASAsh_0920_AM;WZG_99_ASAsh_0920_AM_WTA1;34;9908237;48.19231;11.69507;;30.2;;Betriebsstatus1;Streckenstation2073;SST_99_ASAsh_0920_AM;4;UZ Aschheim;
2144;64414;Querschnitt7031;BMS_99_ASAsh_0920_NZ;BMS_99_ASAsh_0920_NZ_Licht;3;9918211;48.19396;11.69111;;29.87;;Betriebsstatus1;Streckenstation2069;SST_99_ASAsh_0920_NZ;6;UZ Aschheim;A99 Richtung Lindau
2149;64488;Querschnitt7068;MQ_99_ASAsh_0280_XW;DET_99_ASAsh_0280_XW_A1;65;9918211;48.19405;11.69113;;29.85;;Betriebsstatus1;Streckenstation2069;SST_99_ASAsh_0920_NZ;1;UZ Aschheim;A99 Richtung Lindau
2150;64435;Querschnitt7033;MQ_99_ASAsh_0600_VY;DET_99_ASAsh_0600_VY_E1;129;9918211;48.19434;11.69085;;29.85;;Betriebsstatus1;Streckenstation2069;SST_99_ASAsh_0920_NZ;1;UZ Aschheim;
2151;64407;Querschnitt7032;WWQ_99_ASAsh_0930_NZ;WZG_99_ASAsh_0930_NZ_W2;130;9918211;48.19391;11.69105;;29.86;;Betriebsstatus1;Streckenstation2069;SST_99_ASAsh_0920_NZ;4;UZ Aschheim;A99 Richtung Lindau
2153;64578;Querschnitt7070;BMS_B471_23250_Mch;BMS_B471_23250_Mch_Tuer;1;9918229;48.2022;11.70219;;23.25;;Betriebsstatus1;Streckenstation2078;SST_B471_23250_Mch;6;UZ Aschheim;
2156;64497;Querschnitt7069;MQ_B471_23250_Mch;DET_B471_23250_Mch_H1;33;9918229;48.20223;11.70228;;23.25;;Betriebsstatus1;Streckenstation2078;SST_B471_23250_Mch;1;UZ Aschheim;
2158;64626;Querschnitt7025;BMS_GVS_1000_Mch;BMS_GVS_1000_Mch_Netz;4;9908375;;;;1.0;;Betriebsstatus1;Streckenstation2067;SST_GVS_1000_Mch;6;UZ Aschheim;
2161;64559;Querschnitt7026;MQ_GVS_1000_Mch;DET_GVS_1000_Dah_H1;1;9908375;;;;1.0;;Betriebsstatus1;Streckenstation2067;SST_GVS_1000_Mch;1;UZ Aschheim;
2163;64560;Querschnitt7072;BMS_M3_4500_Mch;BMS_M3_4500_Mch_Tuer;1;9908229;;;;4.5;;Betriebsstatus1;Streckenstation2077;SST_M3_4500_Mch;6;UZ Aschheim;
2166;64400;Querschnitt7071;MQ_M3_4500_Mch;DET_M3_4500_Mch_H1;33;9908229;;;;4.5;;Betriebsstatus1;Streckenstation2077;SST_M3_4500_Mch;1;UZ Aschheim;
2168;51976;Querschnitt4232;BMS2082-40;BMS2082-40_Tuer;1;11008667;48.14997889;11.70744001;4232;10.052;;Betriebsstatus1;Streckenstation697;SST2082-40;6;UZ Aschheim;St2082 Richtung Kirchheim
2173;55083;Querschnitt3083;MQ2082-40-Sbg_H;DET2082-40-Sbg_H1;233;11008667;48.14910003;11.70719996;3083;10.052;;Betriebsstatus1;Streckenstation697;SST2082-40;1;UZ Aschheim;St2082 Richtung Kirchheim
2174;61844;Querschnitt3084;MQ2082-40-Stg_H;DET2082-40-Stg_H1;225;11008667;48.14870002;11.70709996;3084;10.052;;Betriebsstatus1;Streckenstation697;SST2082-40;1;UZ Aschheim;St2082 Richtung Messe
2175;59525;Querschnitt3619;AQ9-99-A10-Sbg;WZG9-99-A10-Sbg_A2;34;9907729;48.22853898;11.6317381;3619;23.37;;Betriebsstatus1;Streckenstation716;SST9-99-A10;4;UZ Aschheim;A99 Richtung Salzburg
2179;56082;Querschnitt4190;BMS9-99-A10;BMS9-99-A10_Netz;4;9907729;48.22883911;11.6319447;4190;23.34;;Betriebsstatus1;Streckenstation716;SST9-99-A10;6;UZ Aschheim;A99 Richtung Salzburg
2184;53763;Querschnitt3790;GMA_HK_9-99-A10-Sbg;WUD_HK_9-99-A10-Sbg;33;9907729;48.22859651;11.63176839;3790;23.37;;Betriebsstatus1;Streckenstation716;SST9-99-A10;3;UZ Aschheim;A99 Richtung Salzburg
2185;61624;Querschnitt3344;MQ9-99-A10-Sbg_A;DET9-99-A10-Sbg_A2;106;9907729;48.22851479;11.63186721;3344;23.37;;Betriebsstatus1;Streckenstation716;SST9-99-A10;1;UZ Aschheim;A9 Richtung M.-Zentrum
2187;61340;Querschnitt3620;AQ9-99-A20-Sbg;WZG9-99-A20-Sbg_A1;33;9907868;48.21526482;11.63881779;3620;25.25;;Betriebsstatus1;Streckenstation719;SST9-99-A20;4;UZ Aschheim;A99 Richtung Salzburg
2191;59986;Querschnitt4191;BMS9-99-A20;BMS9-99-A20_Tuer;1;9907868;48.21533055;11.63886944;4191;25.22;;Betriebsstatus1;Streckenstation719;SST9-99-A20;6;UZ Aschheim;A99 Richtung Salzburg
2196;53469;Querschnitt3791;GMA_HK_9-99-A20-Sbg;WUD_HK_9-99-A20-Sbg;33;9907868;48.21524011;11.63877812;3791;25.25;;Betriebsstatus1;Streckenstation719;SST9-99-A20;3;UZ Aschheim;A99 Richtung Salzburg
2197;60563;Querschnitt3345;MQ9-99-A20-Sbg_E;DET9-99-A20-Sbg_E1;169;9907868;48.21526482;11.63881779;3345;25.25;;Betriebsstatus1;Streckenstation719;SST9-99-A20;1;UZ Aschheim;A99 Richtung Salzburg
2199;57819;Querschnitt3903;NMG9-99-A20-Sbg;WUD_SW_9-99-A20-Sbg;36;9907868;48.21530643;11.63901981;3903;25.24;;Betriebsstatus1;Streckenstation719;SST9-99-A20;3;UZ Aschheim;A99 Richtung Salzburg
2200;61803;Querschnitt3842;WS_GMA9-99-A20-Sbg;WUD_NI_9-99-A20-Sbg;34;9907868;48.21526322;11.63896187;3842;25.24;;Betriebsstatus1;Streckenstation719;SST9-99-A20;3;UZ Aschheim;A99 Richtung Salzburg
2202;56237;Querschnitt4482;AQ99-003-Sbg;WZG99-003-Sbg_W3;3;9916887;48.20971426;11.4732785;4482;11.976;;Betriebsstatus1;Streckenstation1185;SST99-003;4;UZ Aschheim;A99 Richtung Salzburg
2207;60223;Querschnitt4481;BMS99-003;BMS99-003_Temp;2;9916887;48.20962525;11.47286965;4481;11.946;;Betriebsstatus1;Streckenstation1185;SST99-003;6;UZ Aschheim;A99 Richtung Salzburg
2210;52736;Querschnitt4484;AQ99-004-Sbg;WZG99-004-Sbg_W3;3;9916921;48.20941629;11.47984395;4484;12.476;;Betriebsstatus1;Streckenstation1186;SST99-004;4;UZ Aschheim;A99 Richtung Salzburg
2215;62194;Querschnitt4483;BMS99-004;BMS99-004_Netz;3;9916921;48.20943531;11.47946194;4483;12.446;;Betriebsstatus1;Streckenstation1186;SST99-004;6;UZ Aschheim;A99 Richtung Salzburg
2218;59347;Querschnitt3490;AQ99-010-Sbg;WZG99-010-Sbg_B2;98;9906994;48.20994548;11.49288593;3490;13.45;;Betriebsstatus1;Streckenstation703;SST99-010;4;UZ Aschheim;A99 Richtung Salzburg
2225;55170;Querschnitt4076;BMS99-010;BMS99-010_Tuer;1;9906994;48.20977593;11.49254924;4076;13.42;;Betriebsstatus1;Streckenstation703;SST99-010;6;UZ Aschheim;A99 Richtung Salzburg
2228;55865;Querschnitt3716;GMA_HK_99-010-Sbg;WUD_HK_99-010-Sbg;33;9906994;48.20986069;11.49294887;3716;13.45;;Betriebsstatus1;Streckenstation703;SST99-010;3;UZ Aschheim;A99 Richtung Salzburg
2229;59613;Querschnitt3262;MQ99-010-Sbg_H;DET99-010-Sbg_H1;33;9906994;48.2099724;11.49287326;3262;13.45;;Betriebsstatus1;Streckenstation703;SST99-010;1;UZ Aschheim;A99 Richtung Salzburg
2232;58378;Querschnitt3877;NMG99-010-Sbg;WUD_SW_99-010-Sbg;73;9906994;48.20975677;11.49243767;3877;13.41;;Betriebsstatus1;Streckenstation703;SST99-010;3;UZ Aschheim;A99 Richtung Salzburg
2233;55894;Querschnitt3491;AQ99-020-Sbg;WZG99-020-Sbg_A3;35;9907139;48.22005097;11.51373193;3491;15.37;;Betriebsstatus1;Streckenstation704;SST99-020;4;UZ Aschheim;A99 Richtung Salzburg
2240;61478;Querschnitt4077;BMS99-020;BMS99-020_Temp;2;9907139;48.2198002;11.51331204;4077;15.37;;Betriebsstatus1;Streckenstation704;SST99-020;6;UZ Aschheim;A99 Richtung Salzburg
2243;50907;Querschnitt3717;GMA_HK_99-020-Sbg;WUD_HK_99-020-Sbg;33;9907139;48.21997861;11.5137947;3717;15.37;;Betriebsstatus1;Streckenstation704;SST99-020;3;UZ Aschheim;A99 Richtung Salzburg
2244;51828;Querschnitt3263;MQ99-020-Sbg_H;DET99-020-Sbg_H1;33;9907139;48.22001376;11.51376643;3263;15.37;77359100;Betriebsstatus1;Streckenstation704;SST99-020;1;UZ Aschheim;A99 Richtung Salzburg
2247;55624;Querschnitt4431;AQ99-025-Sbg;WZG99-025-Sbg_W1;34;9907220;48.2238405;11.52737107;4431;16.5;;Betriebsstatus1;Streckenstation1164;SST99-025;4;UZ Aschheim;A99 Richtung Salzburg
2250;60586;Querschnitt4432;BMS99-025;BMS99-025_Netz;3;9907220;48.22404692;11.52761448;4432;16.57;;Betriebsstatus1;Streckenstation1164;SST99-025;6;UZ Aschheim;A99 Richtung Salzburg
2253;53289;Querschnitt4433;AQ99-028-Sbg;WZG99-028-Sbg_BL1;33;9907237;48.22436746;11.52989072;4433;16.696;;Betriebsstatus1;Streckenstation1165;SST99-028;4;UZ Aschheim;A99 Richtung Salzburg
2257;62264;Querschnitt4434;BMS99-028;BMS99-028_Tuer;1;9907237;48.22456889;11.53020001;4434;16.706;;Betriebsstatus1;Streckenstation1165;SST99-028;6;UZ Aschheim;A99 Richtung Salzburg
2260;59560;Querschnitt3492;AQ99-030-Sbg;WZG99-030-Sbg_C1;105;9907260;48.22523785;11.5342706;3492;17.04;;Betriebsstatus1;Streckenstation705;SST99-030;4;UZ Aschheim;A99 Richtung Salzburg
2267;54968;Querschnitt4078;BMS99-030;BMS99-030_Tuer;1;9907260;48.22515485;11.53375991;4078;17.005;;Betriebsstatus1;Streckenstation705;SST99-030;6;UZ Aschheim;A99 Richtung Salzburg
2270;59686;Querschnitt3718;GMA_HK_99-030-Sbg;WUD_HK_99-030-Sbg;33;9907260;48.22523785;11.5342706;3718;17.04;;Betriebsstatus1;Streckenstation705;SST99-030;3;UZ Aschheim;A99 Richtung Salzburg
2271;55391;Querschnitt3264;MQ99-030-Sbg_H;DET99-030-Sbg_H1;33;9907260;48.22530002;11.53470005;3264;17.04;;Betriebsstatus1;Streckenstation705;SST99-030;1;UZ Aschheim;A99 Richtung Salzburg
2274;62730;Querschnitt3878;NMG99-030-Sbg;WUD_SW_99-030-Sbg;73;9907260;48.22523785;11.5342706;3878;17.04;;Betriebsstatus1;Streckenstation705;SST99-030;3;UZ Aschheim;A99 Richtung Salzburg
2275;60194;Querschnitt3818;WS_GMA99-030-Sbg;WUD_NI_99-030-Sbg;67;9907260;48.22515485;11.53375991;3818;17.0;;Betriebsstatus1;Streckenstation705;SST99-030;3;UZ Aschheim;A99 Richtung Salzburg
2285;55475;Querschnitt3819;WS_GMA99-030-Stg;WUD_GT_99-030-Stg;103;9907260;48.22546338;11.53444352;3819;17.0;;Betriebsstatus1;Streckenstation705;SST99-030;3;UZ Aschheim;A99 Richtung Lindau
2290;57620;Querschnitt3493;AQ99-040-Sbg_DLZ;WZG99-040-Sbg_DLZ1;33;9907272;48.22553887;11.53683262;3493;17.2;;Betriebsstatus1;Streckenstation706;SST99-040;4;UZ Aschheim;A99 Richtung Salzburg
2291;63060;Querschnitt4079;BMS99-040;BMS99-040_Netz;3;9907272;48.22542095;11.53640517;4079;17.17;;Betriebsstatus1;Streckenstation706;SST99-040;6;UZ Aschheim;A99 Richtung Salzburg
2294;50782;Querschnitt3719;GMA_HK_99-040-Sbg;WUD_HK_99-040-Sbg;33;9907272;48.22553887;11.53683262;3719;17.2;;Betriebsstatus1;Streckenstation706;SST99-040;3;UZ Aschheim;A99 Richtung Salzburg
2295;60037;Querschnitt3494;AQ99-045-Sbg;WZG99-045-Sbg_C1;105;9907347;48.22648792;11.55012092;3494;18.195;;Betriebsstatus1;Streckenstation707;SST99-045;4;UZ Aschheim;A99 Richtung Salzburg
2302;61105;Querschnitt4080;BMS99-045;BMS99-045_Netz;3;9907347;48.22645782;11.54985413;4080;18.18;;Betriebsstatus1;Streckenstation707;SST99-045;6;UZ Aschheim;A99 Richtung Salzburg
2305;59137;Querschnitt3720;GMA_HK_99-045-Sbg;WUD_HK_99-045-Sbg;33;9907347;48.22648792;11.55012092;3720;18.195;;Betriebsstatus1;Streckenstation707;SST99-045;3;UZ Aschheim;A99 Richtung Salzburg
2306;53496;Querschnitt3265;MQ99-045-Sbg_H;DET99-045-Sbg_H3;35;9907347;48.22653889;11.55004001;3265;18.195;;Betriebsstatus1;Streckenstation707;SST99-045;1;UZ Aschheim;A99 Richtung Salzburg
2309;61729;Querschnitt3495;AQ99-050-Sbg;WZG99-050-Sbg_A3;35;9907442;48.22694609;11.56758346;3495;19.5;;Betriebsstatus1;Streckenstation708;SST99-050;4;UZ Aschheim;A99 Richtung Salzburg
2316;62319;Querschnitt4081;BMS99-050;BMS99-050_Netz;3;9907442;48.22685615;11.56714782;4081;19.47;;Betriebsstatus1;Streckenstation708;SST99-050;6;UZ Aschheim;A99 Richtung Salzburg
2319;57208;Querschnitt3721;GMA_HK_99-050-Sbg;WUD_HK_99-050-Sbg;33;9907442;48.22691939;11.56758368;3721;19.5;;Betriebsstatus1;Streckenstation708;SST99-050;3;UZ Aschheim;A99 Richtung Salzburg
2320;62624;Querschnitt3266;MQ99-050-Sbg_H;DET99-050-Sbg_H1;33;9907442;48.22699125;11.56758001;3266;19.5;77359210;Betriebsstatus1;Streckenstation708;SST99-050;1;UZ Aschheim;A99 Richtung Salzburg
2323;55657;Querschnitt3496;AQ99-055-Sbg;WZG99-055-Sbg_A1;162;9907474;48.22719501;11.57320854;3496;19.92;;Betriebsstatus1;Streckenstation709;SST99-055;4;UZ Aschheim;A99 Richtung Salzburg
2326;55414;Querschnitt4082;BMS99-055;BMS99-055_Temp;2;9907474;48.22713697;11.5730615;4082;19.905;;Betriebsstatus1;Streckenstation709;SST99-055;6;UZ Aschheim;A99 Richtung Salzburg
2329;58244;Querschnitt3722;GMA_HK_99-055-Sbg;WUD_HK_99-055-Sbg;33;9907474;48.22717043;11.57322411;3722;19.92;;Betriebsstatus1;Streckenstation709;SST99-055;3;UZ Aschheim;A99 Richtung Salzburg
2330;55195;Querschnitt3879;NMG99-055-Sbg;WUD_SW_99-055-Sbg;73;9907474;48.22724137;11.57352777;3879;19.885;;Betriebsstatus1;Streckenstation709;SST99-055;3;UZ Aschheim;A99 Richtung Salzburg
2331;60163;Querschnitt3497;AQ99-056-Sbg;WZG99-056-Sbg_BL1;33;9907480;48.22739434;11.5743563;3497;20.006;;Betriebsstatus1;Streckenstation710;SST99-056;4;UZ Aschheim;A99 Richtung Salzburg
2336;61995;Querschnitt4083;BMS99-056;BMS99-056_Netz;3;9907480;48.22729438;11.57397912;4083;19.986;;Betriebsstatus1;Streckenstation710;SST99-056;6;UZ Aschheim;A99 Richtung Salzburg
2339;51480;Querschnitt3723;GMA_HK_99-056-Sbg;WUD_HK_99-056-Sbg;33;9907480;48.22734099;11.57436596;3723;20.006;;Betriebsstatus1;Streckenstation710;SST99-056;3;UZ Aschheim;A99 Richtung Salzburg
2340;56456;Querschnitt3498;AQ99-058-Sbg;WZG99-058-Sbg_W1;34;9907516;48.22802473;11.58106631;3498;20.505;;Betriebsstatus1;Streckenstation711;SST99-058;4;UZ Aschheim;A99 Richtung Salzburg
2343;59906;Querschnitt4084;BMS99-058;BMS99-058_Tuer;1;9907516;48.22789911;11.58040349;4084;20.47;;Betriebsstatus1;Streckenstation711;SST99-058;6;UZ Aschheim;A99 Richtung Salzburg
2346;58975;Querschnitt5101;GMA_HK_99-058-Sbg;WUD_HK_99-058-Sbg;33;9907516;48.22793857;11.58109159;5101;20.505;;Betriebsstatus1;Streckenstation711;SST99-058;3;UZ Aschheim;A99 Richtung Salzburg
2347;59754;Querschnitt4085;BMS99-059;BMS99-059_Temp;2;9907539;48.22827475;11.58432816;4085;20.78;;Betriebsstatus1;Streckenstation712;SST99-059;6;UZ Aschheim;A99 Richtung Salzburg
2350;61996;Querschnitt3267;MQ99-059-Sbg_A;DET99-059-Sbg_A1;97;9907539;48.22810007;11.58419994;3267;20.78;;Betriebsstatus1;Streckenstation712;SST99-059;1;UZ Aschheim;A99 Richtung Salzburg
2351;51371;Querschnitt3268;MQ99-059-Sbg_E;DET99-059-Sbg_E1;161;9907539;48.22820009;11.58509999;3268;20.78;;Betriebsstatus1;Streckenstation712;SST99-059;1;UZ Aschheim;A99 Richtung Salzburg
2352;61903;Querschnitt3499;AQ99-060-Sbg;WZG99-060-Sbg_C1;105;9907564;48.22864722;11.58970354;3499;21.155;;Betriebsstatus1;Streckenstation713;SST99-060;4;UZ Aschheim;A99 Richtung Salzburg
2362;60776;Querschnitt4086;BMS99-060;BMS99-060_Netz;3;9907564;48.2285104;11.58934197;4086;21.115;;Betriebsstatus1;Streckenstation713;SST99-060;6;UZ Aschheim;A99 Richtung Salzburg
2365;52652;Querschnitt3725;GMA_HK_99-060-Sbg;WUD_HK_99-060-Sbg;33;9907564;48.22860209;11.58971619;3725;21.155;;Betriebsstatus1;Streckenstation713;SST99-060;3;UZ Aschheim;A99 Richtung Salzburg
2366;59456;Querschnitt3270;MQ99-060-Sbg_H;DET99-060-Sbg_H4;36;9907564;48.22868838;11.5897278;3270;21.155;;Betriebsstatus1;Streckenstation713;SST99-060;1;UZ Aschheim;A99 Richtung Salzburg
2370;55060;Querschnitt3880;NMG99-060-Sbg;WUD_SW_99-060-Sbg;73;9907564;48.22858106;11.58957498;3880;21.135;;Betriebsstatus1;Streckenstation713;SST99-060;3;UZ Aschheim;A99 Richtung Salzburg
2371;58130;Querschnitt3820;WS_GMA99-060-Sbg;WUD_NS_99-060-Sbg;81;9907564;48.22851508;11.58950175;3820;21.135;;Betriebsstatus1;Streckenstation713;SST99-060;3;UZ Aschheim;A99 Richtung Salzburg
2373;55118;Querschnitt4442;AQ99-062-Sbg;WZG99-062-Sbg_W1;34;9907583;48.22870409;11.59299773;4442;21.4;;Betriebsstatus1;Streckenstation1166;SST99-062;4;UZ Aschheim;A99 Richtung Salzburg
2389;61197;Querschnitt4445;BMS99-062;BMS99-062_Tuer;1;9907583;48.22860841;11.59265428;4445;21.37;;Betriebsstatus1;Streckenstation1166;SST99-062;6;UZ Aschheim;A99 Richtung Salzburg
2392;58940;Querschnitt4444;GMA_HK_99-062-Sbg;WUD_HK_99-062-Sbg;33;9907583;48.22862606;11.59299835;4444;21.4;;Betriebsstatus1;Streckenstation1166;SST99-062;3;UZ Aschheim;A99 Richtung Salzburg
2393;51088;Querschnitt4464;AQ99-063-Sbg;WZG99-063-Stg_W1;34;9907621;48.22850271;11.59998814;4464;21.92;;Betriebsstatus1;Streckenstation1168;SST99-063;4;UZ Aschheim;A99 Richtung Salzburg
2408;56193;Querschnitt4467;BMS99-063;BMS99-063__Temp;2;9907621;48.22834932;11.5995775;4467;21.89;;Betriebsstatus1;Streckenstation1168;SST99-063;6;UZ Aschheim;A99 Richtung Salzburg
2411;57216;Querschnitt4465;GMA_HK_99-063-Sbg;WUD_HK_99-063-Sbg;33;9907621;48.2286929;11.59331745;4465;21.4;;Betriebsstatus1;Streckenstation1168;SST99-063;3;UZ Aschheim;A99 Richtung Salzburg
2412;54762;Querschnitt4466;NMG99-063-Sbg;WUD_SW_99-063-Sbg;73;9907621;48.2284296;11.59904212;4466;21.89;;Betriebsstatus1;Streckenstation1168;SST99-063;3;UZ Aschheim;A99 Richtung Salzburg
2413;55038;Querschnitt3500;AQ99-070-Sbg;WZG99-070-Sbg_A5;37;9907659;48.22770917;11.60688467;3500;22.44;;Betriebsstatus1;Streckenstation715;SST99-070;4;UZ Aschheim;A99 Richtung Salzburg
2426;60150;Querschnitt4088;BMS99-070;BMS99-070_Netz;3;9907659;48.22769527;11.60642379;4088;22.4;;Betriebsstatus1;Streckenstation715;SST99-070;6;UZ Aschheim;A99 Richtung Salzburg
2429;60386;Querschnitt3726;GMA_HK_99-070-Sbg;WUD_HK_99-070-Sbg;33;9907659;48.22763508;11.60683607;3726;22.44;;Betriebsstatus1;Streckenstation715;SST99-070;3;UZ Aschheim;A99 Richtung Salzburg
2430;52824;Querschnitt3271;MQ99-070-Sbg_H;DET99-070-Sbg_H1;33;9907659;48.22775032;11.60690895;3271;22.401;77359215;Betriebsstatus1;Streckenstation715;SST99-070;1;UZ Aschheim;A99 Richtung Salzburg
2435;52806;Querschnitt3882;NMG99-070-Sbg;WUD_SW_99-070-Sbg;73;9907659;48.22762588;11.60654725;3882;22.4;;Betriebsstatus1;Streckenstation715;SST99-070;3;UZ Aschheim;A99 Richtung Salzburg
2436;60321;Querschnitt3821;WS_GMA99-070-Sbg;WUD_LT_99-070-Sbg;65;9907659;48.22768341;11.60655911;3821;22.4;;Betriebsstatus1;Streckenstation715;SST99-070;3;UZ Aschheim;A99 Richtung Salzburg
2446;61055;Querschnitt3822;WS_GMA99-070-Stg;WUD_FBZ_99-070-Stg;100;9907659;48.22795521;11.60677215;3822;22.43;;Betriebsstatus1;Streckenstation715;SST99-070;3;UZ Aschheim;A99 Richtung Lindau
2451;59630;Querschnitt4446;AQ99-072-Sbg;WZG99-072-Stg_W3;36;9907678;48.22719393;11.60995575;4446;22.68;;Betriebsstatus1;Streckenstation1170;SST99-072;4;UZ Aschheim;A99 Richtung Salzburg
2466;59893;Querschnitt4448;BMS99-072;BMS99-072__Netz;3;9907678;48.22709807;11.60954466;4448;22.65;;Betriebsstatus1;Streckenstation1170;SST99-072;6;UZ Aschheim;A99 Richtung Salzburg
2469;51793;Querschnitt4447;GMA_HK_99-072-Sbg;WUD_HK_99-072-Sbg;33;9907678;48.22704168;11.60987086;4447;22.68;;Betriebsstatus1;Streckenstation1170;SST99-072;3;UZ Aschheim;A99 Richtung Salzburg
2470;55344;Querschnitt4449;AQ99-076-Sbg;WZG99-076-Sbg_B1;97;9907714;48.22541316;11.61656429;4449;23.215;;Betriebsstatus1;Streckenstation1171;SST99-076;4;UZ Aschheim;A99 Richtung Salzburg
2474;56279;Querschnitt4452;BMS99-076;BMS99-076_Tuer;1;9907714;48.22569704;11.61548041;4452;23.145;;Betriebsstatus1;Streckenstation1171;SST99-076;6;UZ Aschheim;A99 Richtung Salzburg
2477;60073;Querschnitt4451;GMA_HK_99-076-Sbg;WUD_HK_99-076-Sbg;33;9907714;48.22541286;11.61647209;4451;23.215;;Betriebsstatus1;Streckenstation1171;SST99-076;3;UZ Aschheim;A99 Richtung Salzburg
2478;55941;Querschnitt4456;MQ99-076-Sbg_H;DET99-076-Sbg_H1;97;9907714;48.22550791;11.61664962;4456;23.215;;Betriebsstatus1;Streckenstation1171;SST99-076;1;UZ Aschheim;A99 Richtung Salzburg
2480;62037;Querschnitt4454;AQ99-079a-Sbg;WZG99-079a-Sbg_A1;161;9907767;48.22298839;11.62401825;4454;23.848;;Betriebsstatus1;Streckenstation1172;SST99-079a;4;UZ Aschheim;A99 Richtung Salzburg
2483;53050;Querschnitt4455;BMS99-079a;BMS99-079a_Tuer;1;9907767;48.22294289;11.62393103;4455;23.848;;Betriebsstatus1;Streckenstation1172;SST99-079a;6;UZ Aschheim;A99 Richtung Salzburg
2486;57450;Querschnitt4453;GMA_HK_99-079a-Sbg;WUD_HK_99-079a-Sbg;33;9907767;48.22298839;11.62401825;4453;23.848;;Betriebsstatus1;Streckenstation1172;SST99-079a;3;UZ Aschheim;A99 Richtung Salzburg
2487;50937;Querschnitt4458;AQ99-079b-l-Sbg;WZG99-079b-l-Sbg_C1;172;9907778;48.22320973;11.62404338;4458;23.848;;Betriebsstatus1;Streckenstation1173;SST99-079b;4;UZ Aschheim;A99 Richtung Salzburg
2490;51712;Querschnitt5749;AQ99-079b-r-Sbg;WZG99-079b-r-Sbg_A1;161;9907778;48.22320973;11.62404338;5749;23.848;;Betriebsstatus1;Streckenstation1173;SST99-079b;4;UZ Aschheim;A99 Richtung Salzburg
2493;61766;Querschnitt4459;BMS99-079b;BMS99-079b_Netz;3;9907778;48.22228624;11.62549023;4459;24.0;;Betriebsstatus1;Streckenstation1173;SST99-079b;6;UZ Aschheim;A99 Richtung Salzburg
2496;51357;Querschnitt4457;GMA_HK_99-079b-l-Sbg;WUD_HK_99-079b-l-Sbg;34;9907778;48.22221163;11.62585868;4457;24.0;;Betriebsstatus1;Streckenstation1173;SST99-079b;3;UZ Aschheim;A99 Richtung Salzburg
2497;62893;Querschnitt5750;GMA_HK_99-079b-r-Sbg;WUD_HK_99-079b-r-Sbg;33;9907778;48.22213956;11.62574576;5750;24.0;;Betriebsstatus1;Streckenstation1173;SST99-079b;3;UZ Aschheim;A99 Richtung Salzburg
2498;53389;Querschnitt3501;AQ99-080-Sbg;WZG99-080-Sbg_A1;33;9907779;48.22214884;11.62671144;3501;24.05;;Betriebsstatus1;Streckenstation717;SST99-080;4;UZ Aschheim;A99 Richtung Salzburg
2502;59828;Querschnitt4089;BMS99-080;BMS99-080_Temp;2;9907779;48.22207155;11.62625212;4089;24.02;;Betriebsstatus1;Streckenstation717;SST99-080;6;UZ Aschheim;A99 Richtung Salzburg
2507;58887;Querschnitt3727;GMA_HK_99-080-Sbg;WUD_HK_99-080-Sbg;33;9907779;48.22208104;11.62665062;3727;24.05;;Betriebsstatus1;Streckenstation717;SST99-080;3;UZ Aschheim;A99 Richtung Salzburg
2508;51274;Querschnitt3273;MQ99-080-Sbg_H;DET99-080-Sbg_H1;33;9907779;48.2221139;11.62667797;3273;24.05;;Betriebsstatus1;Streckenstation717;SST99-080;1;UZ Aschheim;A99 Richtung Salzburg
2510;62266;Querschnitt3884;NMG99-080-Sbg;WUD_SW_99-080-Sbg;36;9907779;48.22203085;11.62633827;3884;24.04;;Betriebsstatus1;Streckenstation717;SST99-080;3;UZ Aschheim;A99 Richtung Salzburg
2511;57101;Querschnitt3823;WS_GMA99-080-Sbg;WUD_NI_99-080-Sbg;34;9907779;48.22204917;11.62630134;3823;24.04;;Betriebsstatus1;Streckenstation717;SST99-080;3;UZ Aschheim;A99 Richtung Salzburg
2513;62467;Querschnitt3502;AQ99-090-Sbg;WZG99-090-Sbg_A1;33;9907861;48.21596348;11.63817832;3502;25.16;;Betriebsstatus1;Streckenstation718;SST99-090;4;UZ Aschheim;A99 Richtung Salzburg
2517;59947;Querschnitt4090;BMS99-090;BMS99-090_Tuer;1;9907861;48.21605701;11.63795083;4090;25.13;;Betriebsstatus1;Streckenstation718;SST99-090;6;UZ Aschheim;A99 Richtung Salzburg
2522;54836;Querschnitt3728;GMA_HK_99-090-Sbg;WUD_HK_99-090-Sbg;33;9907861;48.21594492;11.63814168;3728;25.16;;Betriebsstatus1;Streckenstation718;SST99-090;3;UZ Aschheim;A99 Richtung Salzburg
2523;64404;Querschnitt7015;MQ99-090-Sbg_E;DET99-090-Sbg_E1;169;9907861;;;;25.16;;Betriebsstatus1;Streckenstation718;SST99-090;1;UZ Aschheim;A99 Richtung Salzburg
2525;55695;Querschnitt3274;MQ99-090-Sbg_H;DET99-090-Sbg_H2;34;9907861;48.2159882;11.63822413;3274;25.16;;Betriebsstatus1;Streckenstation718;SST99-090;1;UZ Aschheim;A99 Richtung Salzburg
2527;64442;Querschnitt7016;MQ99-090-Stg_H;DET99-090-Stg_H2;2;9907861;;;;25.16;;Betriebsstatus1;Streckenstation718;SST99-090;1;UZ Aschheim;A99 Richtung Lindau
2529;64420;Querschnitt7017;WS_GMA99-090-Sbg;WUD_WFD_99-090-Sbg;39;9907861;;;;25.16;;Betriebsstatus1;Streckenstation718;SST99-090;3;UZ Aschheim;A99 Richtung Salzburg
2533;55702;Querschnitt3503;AQ99-100-Sbg;WZG99-100-Sbg_W1;163;9907972;48.20751929;11.65063616;3503;26.5;;Betriebsstatus1;Streckenstation720;SST99-110;4;UZ Aschheim;A99 Richtung Salzburg
2534;60367;Querschnitt3504;AQ99-110-Sbg;WZG99-110-Sbg_C2;106;9907972;48.2063949;11.65247294;3504;26.65;;Betriebsstatus1;Streckenstation720;SST99-110;4;UZ Aschheim;A99 Richtung Salzburg
2546;61648;Querschnitt4091;BMS99-110;BMS99-110_Licht;3;9907972;48.20651311;11.65226986;4091;26.62;;Betriebsstatus1;Streckenstation720;SST99-110;6;UZ Aschheim;A99 Richtung Salzburg
2551;56917;Querschnitt3729;GMA_HK_99-110-Sbg;WUD_HK_99-110-Sbg;33;9907972;48.20635169;11.65241193;3729;26.65;;Betriebsstatus1;Streckenstation720;SST99-110;3;UZ Aschheim;A99 Richtung Salzburg
2552;55387;Querschnitt3275;MQ99-110-Sbg_H;DET99-110-Sbg_H4;36;9907972;48.20643197;11.65253705;3275;26.62;77359010;Betriebsstatus1;Streckenstation720;SST99-110;1;UZ Aschheim;A99 Richtung Salzburg
2556;64464;Querschnitt7018;MQ99-110-Stg_H;DET99-110-Stg_H2;2;9907972;;;;26.62;;Betriebsstatus1;Streckenstation720;SST99-110;1;UZ Aschheim;A99 Richtung Lindau
2559;62976;QuerschnittVD_9901;VD_9901;9901;0;9907972;48.20636613;11.65244555;;26.5;;Betriebsstatus1;Streckenstation720;SST99-110;10;UZ Aschheim;
2560;56769;Querschnitt3505;AQ99-115-Sbg;WZG99-115-Sbg_PW1;161;9908003;48.20425402;11.65676164;3505;27.05;;Betriebsstatus1;Streckenstation721;SST99-115;4;UZ Aschheim;A99 Richtung Salzburg
2562;61680;Querschnitt4092;BMS99-115;BMS99-115_Temp;2;9908003;48.20437191;11.65639779;4092;27.045;;Betriebsstatus1;Streckenstation721;SST99-115;6;UZ Aschheim;A99 Richtung Salzburg
2567;54125;Querschnitt3730;GMA_HK_99-115-Sbg;WUD_HK_99-115-Sbg;33;9908003;48.20423491;11.65673686;3730;27.05;;Betriebsstatus1;Streckenstation721;SST99-115;3;UZ Aschheim;A99 Richtung Salzburg
2568;53100;Querschnitt3507;AQ99-118-Sbg;WZG99-118-Sbg_A1;33;9908035;48.20199151;11.66171008;3507;27.5;;Betriebsstatus1;Streckenstation722;SST99-118;4;UZ Aschheim;A99 Richtung Salzburg
2569;60430;Querschnitt4093;BMS99-118;BMS99-118_Heiz;5;9908035;48.20206931;11.66146397;4093;27.47;;Betriebsstatus1;Streckenstation722;SST99-118;6;UZ Aschheim;A99 Richtung Salzburg
2574;52494;Querschnitt3731;GMA_HK_99-118-Sbg;WUD_HK_99-118-Sbg;33;9908035;48.20197715;11.66168169;3731;27.5;;Betriebsstatus1;Streckenstation722;SST99-118;3;UZ Aschheim;A99 Richtung Salzburg
2575;59654;Querschnitt3508;AQ99-120-Sbg;WZG99-120-Sbg_A4;36;9908064;48.20015899;11.66649156;3508;27.9;;Betriebsstatus1;Streckenstation723;SST99-120;4;UZ Aschheim;A99 Richtung Salzburg
2586;53317;Querschnitt4094;BMS99-120;BMS99-120_Temp;2;9908064;48.20024383;11.66620983;4094;27.87;;Betriebsstatus1;Streckenstation723;SST99-120;6;UZ Aschheim;A99 Richtung Salzburg
2591;57309;Querschnitt3732;GMA_HK_99-120-Sbg;WUD_HK_99-120-Sbg;33;9908064;48.20013988;11.66646677;3732;27.9;;Betriebsstatus1;Streckenstation723;SST99-120;3;UZ Aschheim;A99 Richtung Salzburg
2592;60743;Querschnitt3276;MQ99-120-Sbg_H;DET99-120-Sbg_H4;36;9908064;48.20019479;11.66653404;3276;27.9;;Betriebsstatus1;Streckenstation723;SST99-120;1;UZ Aschheim;A99 Richtung Salzburg
2596;64466;Querschnitt7019;MQ99-120-Stg_H;DET99-120-Stg_H1;1;9908064;;;;27.9;;Betriebsstatus1;Streckenstation723;SST99-120;1;UZ Aschheim;A99 Richtung Lindau
2599;57780;Querschnitt3885;NMG99-120-Sbg;WUD_SW_99-120-Sbg;36;9908064;48.20023874;11.66609951;3885;27.89;;Betriebsstatus1;Streckenstation723;SST99-120;3;UZ Aschheim;A99 Richtung Salzburg
2600;51087;Querschnitt3824;WS_GMA99-120-Sbg;WUD_NS_99-120-Sbg;35;9908064;48.20019635;11.66624928;3824;27.89;;Betriebsstatus1;Streckenstation723;SST99-120;3;UZ Aschheim;A99 Richtung Salzburg
2602;57374;Querschnitt3509;AQ99-123-Sbg;WZG99-123-Sbg_A1;33;9908101;48.19824734;11.67208761;3509;28.4;;Betriebsstatus1;Streckenstation724;SST99-123;4;UZ Aschheim;A99 Richtung Salzburg
2603;55214;Querschnitt4095;BMS99-123;BMS99-123_Netz;4;9908101;48.19832763;11.67185842;4095;28.37;;Betriebsstatus1;Streckenstation724;SST99-123;6;UZ Aschheim;A99 Richtung Salzburg
2608;56156;Querschnitt3733;GMA_HK_99-123-Sbg;WUD_HK_99-123-Sbg;33;9908101;48.19824734;11.67208761;3733;28.4;;Betriebsstatus1;Streckenstation724;SST99-123;3;UZ Aschheim;A99 Richtung Salzburg
2609;55659;Querschnitt3510;AQ99-127-Sbg;WZG99-127-Sbg_A1;33;9908142;48.19619825;11.67896086;3510;28.95;;Betriebsstatus1;Streckenstation725;SST99-127;4;UZ Aschheim;A99 Richtung Salzburg
2610;52534;Querschnitt3511;AQ99-127-Sbg_PW;WZG99-127-Sbg_PW1;161;9908142;48.19619825;11.67896086;3511;28.95;;Betriebsstatus1;Streckenstation725;SST99-127;4;UZ Aschheim;A99 Richtung Salzburg
2611;50805;Querschnitt4096;BMS99-127;BMS99-127_Licht;3;9908142;48.19634079;11.67847572;4096;28.92;;Betriebsstatus1;Streckenstation725;SST99-127;6;UZ Aschheim;A99 Richtung Salzburg
2616;57772;Querschnitt3734;GMA_HK_99-127-Sbg;WUD_HK_99-127-Sbg;33;9908142;48.19619825;11.67896086;3734;28.95;;Betriebsstatus1;Streckenstation725;SST99-127;3;UZ Aschheim;A99 Richtung Salzburg
2617;51718;Querschnitt3512;AQ99-130-Sbg;WZG99-130-Sbg_C1;105;9908187;48.19432159;11.68655885;3512;29.55;;Betriebsstatus1;Streckenstation726;SST99-130;4;UZ Aschheim;A99 Richtung Salzburg
2628;59443;Querschnitt4097;BMS99-130;BMS99-130_Tuer;1;9908187;48.19443708;11.68603356;4097;29.52;;Betriebsstatus1;Streckenstation726;SST99-130;6;UZ Aschheim;A99 Richtung Salzburg
2633;59911;Querschnitt3735;GMA_HK_99-130-Sbg;WUD_HK_99-130-Sbg;33;9908187;48.19432159;11.68655885;3735;29.55;;Betriebsstatus1;Streckenstation726;SST99-130;3;UZ Aschheim;A99 Richtung Salzburg
2634;61847;Querschnitt3825;GMA99-130-Sbg;WUD_NI_99-130-Sbg;34;9908187;48.19437486;11.68630295;3825;29.54;;Betriebsstatus1;Streckenstation726;SST99-130;3;UZ Aschheim;A99 Richtung Salzburg
2636;60570;Querschnitt3277;MQ99-130-Sbg_H;DET99-130-Sbg_H3;35;9908187;48.19430004;11.68700003;3277;29.55;;Betriebsstatus1;Streckenstation726;SST99-130;1;UZ Aschheim;A99 Richtung Salzburg
2640;58675;Querschnitt3513;AQ99-132-Sbg;WZG99-132-Sbg_A1;33;9908219;48.19324725;11.69169006;3513;29.95;;Betriebsstatus1;Streckenstation727;SST99-132;4;UZ Aschheim;A99 Richtung Salzburg
2641;55562;Querschnitt4098;BMS99-132;BMS99-132_Licht;3;9908219;48.19324725;11.69169006;4098;29.95;;Betriebsstatus1;Streckenstation727;SST99-132;6;UZ Aschheim;A99 Richtung Salzburg
2646;61303;Querschnitt3736;GMA_HK_99-132-Sbg;WUD_HK_99-132-Sbg;33;9908219;48.19324725;11.69169006;3736;29.95;;Betriebsstatus1;Streckenstation727;SST99-132;3;UZ Aschheim;A99 Richtung Salzburg
2647;62030;Querschnitt3514;AQ99-135-Sbg;WZG99-135-Sbg_W3;35;9908247;48.19215548;11.69711706;3514;30.37;;Betriebsstatus1;Streckenstation728;SST99-135;4;UZ Aschheim;A99 Richtung Salzburg
2651;56073;Querschnitt4099;BMS99-135;BMS99-135_Heiz;5;9908247;48.19227101;11.69659182;4099;30.34;;Betriebsstatus1;Streckenstation728;SST99-135;6;UZ Aschheim;A99 Richtung Salzburg
2656;55473;Querschnitt3516;AQ99-138-Sbg;WZG99-138-Sbg_PW2;162;9908317;48.18927064;11.70835095;3516;31.28;;Betriebsstatus1;Streckenstation730;SST99-138;4;UZ Aschheim;A99 Richtung Salzburg
2659;59705;Querschnitt4101;BMS99-138;BMS99-138_Licht;3;9908317;48.18927064;11.70835095;4101;31.28;;Betriebsstatus1;Streckenstation730;SST99-138;6;UZ Aschheim;A99 Richtung Salzburg
2664;53291;Querschnitt3737;GMA_HK_99-138-Sbg;WUD_HK_99-138-Sbg;33;9908317;48.18927064;11.70835095;3737;31.28;;Betriebsstatus1;Streckenstation730;SST99-138;3;UZ Aschheim;A99 Richtung Salzburg
2665;62556;Querschnitt3278;MQ99-138-Sbg_A;DET99-138-Sbg_A1;97;9908317;48.18960007;11.70690002;3278;31.28;;Betriebsstatus1;Streckenstation730;SST99-138;1;UZ Aschheim;A99 Richtung Salzburg
2666;53447;Querschnitt3279;MQ99-138-Sbg_E;DET99-138-Sbg_E1;161;9908317;48.18910006;11.70790001;3279;31.28;;Betriebsstatus1;Streckenstation730;SST99-138;1;UZ Aschheim;A99 Richtung Salzburg
2667;50861;Querschnitt3280;MQ99-138-Stg_A;DET99-138-Stg_A1;65;9908317;48.19050005;11.70550001;3280;31.28;;Betriebsstatus1;Streckenstation730;SST99-138;1;UZ Aschheim;A99 Richtung Lindau
2668;54491;Querschnitt3281;MQ99-138-Stg_E;DET99-138-Stg_E1;129;9908317;48.19120005;11.70310002;3281;31.28;;Betriebsstatus1;Streckenstation730;SST99-138;1;UZ Aschheim;A99 Richtung Lindau
2669;51640;Querschnitt3518;AQ99-140-Sbg;WZG99-140-Sbg_A2;34;9908353;48.18687748;11.71459052;3518;31.8;;Betriebsstatus1;Streckenstation731;SST99-140;4;UZ Aschheim;A99 Richtung Salzburg
2682;62694;Querschnitt4102;BMS99-140;BMS99-140_Tuer;1;9908353;48.18692681;11.71433405;4102;31.77;;Betriebsstatus1;Streckenstation731;SST99-140;6;UZ Aschheim;A99 Richtung Salzburg
2687;61205;Querschnitt3738;GMA_HK_99-140-Sbg;WUD_HK_99-140-Sbg;33;9908353;48.18684875;11.71451951;3738;31.8;;Betriebsstatus1;Streckenstation731;SST99-140;3;UZ Aschheim;A99 Richtung Salzburg
2688;61210;Querschnitt3282;MQ99-140-Sbg_H;DET99-140-Sbg_H3;35;9908353;48.18691328;11.71463302;3282;31.8;;Betriebsstatus1;Streckenstation731;SST99-140;1;UZ Aschheim;A99 Richtung Salzburg
2692;58434;Querschnitt3886;NMG99-140-Sbg;WUD_SW_99-140-Sbg;36;9908353;48.18690551;11.71437686;3886;31.79;;Betriebsstatus1;Streckenstation731;SST99-140;3;UZ Aschheim;A99 Richtung Salzburg
2693;55154;Querschnitt3826;WS_GMA99-140-Sbg;WUD_NI_99-140-Sbg;34;9908353;48.1868747;11.7144304;3826;31.79;;Betriebsstatus1;Streckenstation731;SST99-140;3;UZ Aschheim;A99 Richtung Salzburg
2695;52884;Querschnitt3520;AQ99-145-Sbg;WZG99-145-Sbg_W4;36;9908379;48.18508055;11.71828324;3520;32.15;;Betriebsstatus1;Streckenstation732;SST99-145;4;UZ Aschheim;A99 Richtung Salzburg
2704;51668;Querschnitt4103;BMS99-145;BMS99-145_Licht;3;9908379;48.18522248;11.71794087;4103;32.12;;Betriebsstatus1;Streckenstation732;SST99-145;6;UZ Aschheim;A99 Richtung Salzburg
2709;50826;Querschnitt3739;GMA_HK_99-145-Sbg;WUD_HK_99-145-Sbg;33;9908379;48.18511157;11.71831865;3739;32.15;;Betriebsstatus1;Streckenstation732;SST99-145;3;UZ Aschheim;A99 Richtung Salzburg
2710;51113;Querschnitt3521;AQ99-150-Sbg;WZG99-150-Sbg_C3;107;9908405;48.18302443;11.72209809;3521;32.5;;Betriebsstatus1;Streckenstation733;SST99-150;4;UZ Aschheim;A99 Richtung Salzburg
2721;52811;Querschnitt4104;BMS99-150;BMS99-150_Netz;4;9908405;48.18319712;11.72168086;4104;32.463;;Betriebsstatus1;Streckenstation733;SST99-150;6;UZ Aschheim;A99 Richtung Salzburg
2726;54473;Querschnitt3740;GMA_HK_99-150-Sbg;WUD_HK_99-150-Sbg;33;9908405;48.18298382;11.72203425;3740;32.5;;Betriebsstatus1;Streckenstation733;SST99-150;3;UZ Aschheim;A99 Richtung Salzburg
2727;60675;Querschnitt3283;MQ99-150-Sbg_H;DET99-150-Sbg_H2;34;9908405;48.18305074;11.72215487;3283;32.463;78369211;Betriebsstatus1;Streckenstation733;SST99-150;1;UZ Aschheim;A99 Richtung Salzburg
2731;59200;Querschnitt3887;NMG99-150-Sbg;WUD_SW_99-150-Sbg;34;9908405;48.18315453;11.72178071;3887;32.483;;Betriebsstatus1;Streckenstation733;SST99-150;3;UZ Aschheim;A99 Richtung Salzburg
2732;64485;Querschnitt7020;WS_GMA99-150-Sbg;WUD_FBZ_99-150-Sbg;38;9908405;;;;32.5;;Betriebsstatus1;Streckenstation733;SST99-150;3;UZ Aschheim;A99 Richtung Salzburg
2736;52798;Querschnitt5373;AQ99-152-Sbg;WZG99-152-Sbg_W3;37;9908422;48.18157344;11.7242834;5373;32.726;;Betriebsstatus1;Streckenstation1459;SST99-152;4;UZ Aschheim;A99 Richtung Salzburg
2744;60522;Querschnitt5374;BMS99-152;BMS99-152_Tuer;1;9908422;48.18168226;11.72401597;5374;32.7;;Betriebsstatus1;Streckenstation1459;SST99-152;6;UZ Aschheim;A99 Richtung Salzburg
2749;61817;Querschnitt5372;GMA_HK_99-152-Sbg;WUD_HK_99-152-Sbg;33;9908422;48.18153998;11.72422309;5372;32.726;;Betriebsstatus1;Streckenstation1459;SST99-152;3;UZ Aschheim;A99 Richtung Salzburg
2750;54776;Querschnitt3522;BMS99-153_Sbg;Geraet13556;162;9908441;48.18028525;11.72623278;3522;32.95;;Betriebsstatus1;Streckenstation734;SST99-153;4;UZ Aschheim;A99 Richtung Salzburg
2752;60168;Querschnitt4105;Querschnitt4105;Geraet14996;2;9908441;0.0;0.0;4105;32.95;;Betriebsstatus1;Streckenstation734;SST99-153;6;UZ Aschheim;A99 Richtung Salzburg
2757;61406;Querschnitt3525;AQ99-153-Sbg;WZG99-153-Sbg_PW1;171;9908453;48.17995372;11.72657978;3525;32.98;;Betriebsstatus1;Streckenstation735;SST99-155;4;UZ Aschheim;A99 Richtung Salzburg
2758;60082;Querschnitt3523;AQ99-155-Sbg;WZG99-155-Sbg_A1;167;9908453;48.17930119;11.72734817;3523;33.13;;Betriebsstatus1;Streckenstation735;SST99-155;4;UZ Aschheim;A99 Richtung Salzburg
2761;59992;Querschnitt4106;BMS99-155;BMS99-155_Heiz;5;9908453;48.17928912;11.72727352;4106;33.12;;Betriebsstatus1;Streckenstation735;SST99-155;6;UZ Aschheim;A99 Richtung Salzburg
2766;57955;Querschnitt3741;GMA_HK_99-155-Sbg;WUD_HK_99-155-Sbg;33;9908453;48.17927261;11.72733766;3741;33.13;;Betriebsstatus1;Streckenstation735;SST99-155;3;UZ Aschheim;A99 Richtung Salzburg
2767;59436;Querschnitt3526;AQ99-160-Sbg;WZG99-160-Sbg_W4;36;9908473;48.17702136;11.73030381;3526;33.404;;Betriebsstatus1;Streckenstation736;SST99-160;4;UZ Aschheim;A99 Richtung Salzburg
2776;59530;Querschnitt4107;BMS99-160;BMS99-160_Licht;3;9908473;48.17712492;11.73011241;4107;33.385;;Betriebsstatus1;Streckenstation736;SST99-160;6;UZ Aschheim;A99 Richtung Salzburg
2781;59505;Querschnitt3742;GMA_HK_99-160-Sbg;WUD_HK_99-160-Sbg;33;9908473;48.17698333;11.73021918;3742;33.62;;Betriebsstatus1;Streckenstation736;SST99-160;3;UZ Aschheim;A99 Richtung Salzburg
2782;50829;Querschnitt3527;AQ99-170-Sbg;WZG99-170-Sbg_A4;36;9908488;48.17546035;11.73200144;3527;33.605;;Betriebsstatus1;Streckenstation737;SST99-170;4;UZ Aschheim;A99 Richtung Salzburg
2793;61096;Querschnitt4108;BMS99-170;BMS99-170_Heiz;5;9908488;48.17559215;11.73175335;4108;33.59;;Betriebsstatus1;Streckenstation737;SST99-170;6;UZ Aschheim;A99 Richtung Salzburg
2798;61547;Querschnitt3743;GMA_HK_99-170-Sbg;WUD_HK_99-170-Sbg;33;9908488;48.1754412;11.73190258;3743;33.605;;Betriebsstatus1;Streckenstation737;SST99-170;3;UZ Aschheim;A99 Richtung Salzburg
2799;60562;Querschnitt3284;MQ99-170-Sbg_H;DET99-170-Sbg_H1;33;9908488;48.17549834;11.73207901;3284;33.605;;Betriebsstatus1;Streckenstation737;SST99-170;1;UZ Aschheim;A99 Richtung Salzburg
2803;60559;Querschnitt3528;AQ99-180-Sbg;WZG99-180-Sbg_LCD1;97;9908508;48.17354566;11.73411785;3528;33.881;;Betriebsstatus1;Streckenstation738;SST99-180;4;UZ Aschheim;A99 Richtung Salzburg
2811;62024;Querschnitt4109;BMS99-180;BMS99-180_Heiz;5;9908508;48.17370075;11.73371413;4109;33.859;;Betriebsstatus1;Streckenstation738;SST99-180;6;UZ Aschheim;A99 Richtung Salzburg
2816;61909;Querschnitt3744;GMA_HK_99-180-Sbg;WUD_HK_99-180-Sbg;33;9908508;48.17349801;11.73395552;3744;34.13;;Betriebsstatus1;Streckenstation738;SST99-180;3;UZ Aschheim;A99 Richtung Salzburg
2817;62054;Querschnitt3529;AQ99-187-Sbg;WZG99-187-Sbg_PW1;161;9908530;48.17148448;11.73627726;3529;34.17;;Betriebsstatus1;Streckenstation739;SST99-187;4;UZ Aschheim;A99 Richtung Salzburg
2819;62944;Querschnitt5376;AQ99-187a-Sbg;WZG99-187a-Sbg_W1;167;9908530;48.17062487;11.73667041;5376;34.28;;Betriebsstatus1;Streckenstation739;SST99-187;4;UZ Aschheim;A99 Richtung Salzburg
2821;59494;Querschnitt4110;BMS99-187;BMS99-187_Tuer;1;9908530;48.17158654;11.73575774;4110;34.15;;Betriebsstatus1;Streckenstation739;SST99-187;6;UZ Aschheim;A99 Richtung Salzburg
2826;51284;Querschnitt3745;GMA_HK_99-187-Sbg;WUD_HK_99-187-Sbg;33;9908530;48.17146056;11.73615721;3745;34.17;;Betriebsstatus1;Streckenstation739;SST99-187;3;UZ Aschheim;A99 Richtung Salzburg
2827;51699;Querschnitt3285;MQ99-187-Sbg_A;DET99-187-Sbg_A1;97;9908530;48.17040008;11.73630003;3285;34.29;;Betriebsstatus1;Streckenstation739;SST99-187;1;UZ Aschheim;A99 Richtung Salzburg
2828;54046;Querschnitt3286;MQ99-187-Sbg_E;DET99-187-Sbg_E;161;9908530;48.17010003;11.73679995;3286;34.29;;Betriebsstatus1;Streckenstation739;SST99-187;1;UZ Aschheim;A99 Richtung Salzburg
2829;60535;Querschnitt3531;AQ99-188-Sbg;WZG99-188-Sbg_C1;163;9908572;48.16695959;11.7403714;3531;34.75;;Betriebsstatus1;Streckenstation740;SST99-190;4;UZ Aschheim;A99 Richtung Salzburg
2832;59590;Querschnitt3532;AQ99-190-Sbg;WZG99-190-Sbg_A2;34;9908572;48.16679494;11.74073975;3532;34.75;;Betriebsstatus1;Streckenstation740;SST99-190;4;UZ Aschheim;A99 Richtung Salzburg
2843;59510;Querschnitt4111;BMS99-190;BMS99-190_Netz;4;9908572;48.16686032;11.74037897;4111;34.72;;Betriebsstatus1;Streckenstation740;SST99-190;6;UZ Aschheim;A99 Richtung Salzburg
2848;53390;Querschnitt3746;GMA_HK_99-188-Sbg;WUD_HK_99-188-Sbg;34;9908572;48.1669593;11.74024418;3746;34.75;;Betriebsstatus1;Streckenstation740;SST99-190;3;UZ Aschheim;A99 Richtung Salzburg
2849;53875;Querschnitt3747;GMA_HK_99-190-Sbg;WUD_HK_99-190-Sbg;33;9908572;48.16679494;11.74073975;3747;34.75;;Betriebsstatus1;Streckenstation740;SST99-190;3;UZ Aschheim;A99 Richtung Salzburg
2850;52002;Querschnitt5857;MQ2082-10-Sbg_H;DET2082-10-Sbg_H2;234;9908572;48.11660007;11.74310003;5857;13.655;;Betriebsstatus1;Streckenstation740;SST99-190;1;UZ Aschheim;St2082 Richtung Kirchheim
2852;53587;Querschnitt5856;MQ2082-10-Stg_H;DET2082-10-Stg_H1;225;9908572;48.11650006;11.74309999;5856;13.655;;Betriebsstatus1;Streckenstation740;SST99-190;1;UZ Aschheim;St2082 Richtung Messe
2854;52793;Querschnitt5859;MQ2082-20-Sbg_H;DET2082-20-Sbg_H1;41;9908572;48.11920007;11.7429;5859;13.371;;Betriebsstatus1;Streckenstation740;SST99-190;1;UZ Aschheim;St2082 Richtung Kirchheim
2855;51176;Querschnitt5858;MQ2082-20-Stg_H;DET2082-20-Stg_H1;9;9908572;48.11920007;11.7429;5858;13.371;;Betriebsstatus1;Streckenstation740;SST99-190;1;UZ Aschheim;St2082 Richtung Messe
2856;55648;Querschnitt5854;MQ99-190-Sbg_A;DET99-190-Sbg_A1;97;9908572;48.16795431;11.73908712;5854;34.64;;Betriebsstatus1;Streckenstation740;SST99-190;1;UZ Aschheim;A99 Richtung Salzburg
2857;52923;Querschnitt5855;MQ99-190-Sbg_E;DET99-190-Sbg_E;161;9908572;48.16730003;11.73960007;5855;34.64;;Betriebsstatus1;Streckenstation740;SST99-190;1;UZ Aschheim;A99 Richtung Salzburg
2858;50560;Querschnitt3287;MQ99-190-Sbg_H;DET99-190-Sbg_H1;33;9908572;48.16684249;11.74085967;3287;34.75;;Betriebsstatus1;Streckenstation740;SST99-190;1;UZ Aschheim;A99 Richtung Salzburg
2862;60462;Querschnitt3533;AQ99-200-Sbg;WZG99-200-Sbg_W9;41;9908631;48.16114499;11.74593784;3533;35.55;;Betriebsstatus1;Streckenstation741;SST99-200;4;UZ Aschheim;A99 Richtung Salzburg
2871;60146;Querschnitt4112;BMS99-200;BMS99-200_Temp;2;9908631;48.16136316;11.74579761;4112;35.52;;Betriebsstatus1;Streckenstation741;SST99-200;6;UZ Aschheim;A99 Richtung Salzburg
2876;60104;Querschnitt3535;AQ99-210-Sbg;WZG99-210-Sbg_A4;36;9908667;48.15714161;11.74930027;3535;36.037;;Betriebsstatus1;Streckenstation742;SST99-210;4;UZ Aschheim;A99 Richtung Salzburg
2887;53081;Querschnitt3536;AQ99-210-Sbg_PW;WZG99-210-Sbg_PW1;161;9908667;48.15761991;11.74897475;3536;36.0;;Betriebsstatus1;Streckenstation742;SST99-210;4;UZ Aschheim;A99 Richtung Salzburg
2888;61784;Querschnitt4113;BMS99-210;BMS99-210_Temp;2;9908667;48.15739092;11.74894645;4113;36.0;;Betriebsstatus1;Streckenstation742;SST99-210;6;UZ Aschheim;A99 Richtung Salzburg
2892;59529;Querschnitt3748;GMA_HK_99-210-Sbg;WUD_HK_99-210-Sbg;33;9908667;48.15710829;11.74916644;3748;36.037;;Betriebsstatus1;Streckenstation742;SST99-210;3;UZ Aschheim;A99 Richtung Salzburg
2893;52777;Querschnitt3288;MQ99-210-Sbg_H;DET99-210-Sbg_H2;34;9908667;48.15716889;11.74942001;3288;36.0;78369212;Betriebsstatus1;Streckenstation742;SST99-210;1;UZ Aschheim;A99 Richtung Salzburg
2897;53004;Querschnitt3289;MQ99-210-Stg_H;DET99-210-Stg_H4;4;9908667;48.15727932;11.74970158;3289;36.0;78369212;Betriebsstatus1;Streckenstation742;SST99-210;1;UZ Aschheim;A99 Richtung Lindau
2901;52910;Querschnitt3888;NMG99-210-Sbg;WUD_SW_99-210-Sbg;45;9908667;48.15726377;11.7490599;3888;36.02;;Betriebsstatus1;Streckenstation742;SST99-210;3;UZ Aschheim;A99 Richtung Salzburg
2902;59329;Querschnitt3827;WS_GMA99-210-Sbg;WUD_TPT_99-210-Sbg;44;9908667;48.15729231;11.74916555;3827;36.02;;Betriebsstatus1;Streckenstation742;SST99-210;3;UZ Aschheim;A99 Richtung Salzburg
2913;60976;Querschnitt3828;WS_GMA99-210-Stg;WUD_FGW_99-210-Stg;7;9908667;48.15744909;11.74965844;3828;36.02;;Betriebsstatus1;Streckenstation742;SST99-210;3;UZ Aschheim;A99 Richtung Lindau
2920;61102;Querschnitt3537;AQ99-220-Sbg;WZG99-220-Sbg_W4;36;9908704;48.1531669;11.75240358;3537;36.535;;Betriebsstatus1;Streckenstation743;SST99-220;4;UZ Aschheim;A99 Richtung Salzburg
2925;59587;Querschnitt4114;BMS99-220;BMS99-220_Heiz;5;9908704;48.15331753;11.75226894;4114;36.505;;Betriebsstatus1;Streckenstation743;SST99-220;6;UZ Aschheim;A99 Richtung Salzburg
2930;51294;Querschnitt3290;MQ99-220-Sbg_H;DET99-220-Sbg_H2;34;9908704;48.1531812;11.75247399;3290;36.505;;Betriebsstatus1;Streckenstation743;SST99-220;1;UZ Aschheim;A99 Richtung Salzburg
2934;56479;Querschnitt5265;AQ99-230-Sbg;WZG99-230-Sbg_W3;35;9908744;48.14869485;11.7551841;5265;37.08;;Betriebsstatus1;Streckenstation744;SST99-230;4;UZ Aschheim;A99 Richtung Salzburg
2938;59324;Querschnitt4115;BMS99-230;BMS99-230_Tuer;1;9908744;48.14876949;11.75479614;4115;37.05;;Betriebsstatus1;Streckenstation744;SST99-230;6;UZ Aschheim;A99 Richtung Salzburg
2943;60781;Querschnitt5271;AQ99-235-Sbg;WZG99-235-Sbg_C1;105;9908769;48.14591036;11.75647988;5271;37.388;;Betriebsstatus1;Streckenstation1416;SST99-235;4;UZ Aschheim;A99 Richtung Salzburg
2952;64399;Querschnitt7023;AQ99-235-Sbg;WZG99-235-Sbg_PW1;161;9908769;48.14591036;11.75647988;;37.388;;Betriebsstatus1;Streckenstation1416;SST99-235;4;UZ Aschheim;A99 Richtung Salzburg
2956;56760;Querschnitt5269;BMS99-235;BMS99-235_Netz;3;9908769;48.14589561;11.75619806;5269;37.388;;Betriebsstatus1;Streckenstation1416;SST99-235;6;UZ Aschheim;A99 Richtung Salzburg
2959;60872;Querschnitt6015;GMA_HK_99-235-Sbg;WUD_HK_99-235-Sbg;33;9908769;48.14591021;11.7564094;6015;37.388;;Betriebsstatus1;Streckenstation1416;SST99-235;3;UZ Aschheim;A99 Richtung Salzburg
2960;59365;Querschnitt5270;MQ99-235-Sbg_H;DET99-235-Sbg_H1;33;9908769;48.14591992;11.75654325;5270;37.388;;Betriebsstatus1;Streckenstation1416;SST99-235;1;UZ Aschheim;A99 Richtung Salzburg
2964;54159;Querschnitt5273;AQ99-240-Sbg;WZG99-240-Sbg_W1;33;9908770;48.14565072;11.7563613;5273;37.43;;Betriebsstatus1;Streckenstation1417;SST99-240;4;UZ Aschheim;A99 Richtung Salzburg
2965;60745;Querschnitt5463;BMS99-240;BMS99-240_Temp;2;9908770;48.14585321;11.75621587;5463;37.4;;Betriebsstatus1;Streckenstation1417;SST99-240;6;UZ Aschheim;A99 Richtung Salzburg
2970;51303;Querschnitt5272;MQ99-232-Sbg_A;DET99-232-Sbg_A2;98;9908770;48.14568856;11.75641398;5272;37.45;;Betriebsstatus1;Streckenstation1417;SST99-240;1;UZ Aschheim;A99 Richtung Salzburg
2972;61145;Querschnitt5462;AQ99-248-Sbg;WZG99-248-Sbg_PW1;129;9908807;48.14061416;11.75805472;5462;38.0;;Betriebsstatus1;Streckenstation746;SST99-248;4;UZ Aschheim;A99 Richtung Salzburg
2975;60103;Querschnitt4117;BMS99-248;BMS99-248_Tuer;1;9908807;48.14080477;11.7579588;4117;37.9;;Betriebsstatus1;Streckenstation746;SST99-248;6;UZ Aschheim;A99 Richtung Salzburg
2978;60287;Querschnitt5461;GMA_HK_99-248-Sbg;WUD_HK_99-248-Sbg;1;9908807;48.14060698;11.75800196;5461;38.0;;Betriebsstatus1;Streckenstation746;SST99-248;3;UZ Aschheim;A99 Richtung Salzburg
2979;51260;Querschnitt7024;MQ99-248-Sbg_A;DET99-248_A1;113;9908807;48.14149456;11.7568953;;37.9;;Betriebsstatus1;Streckenstation746;SST99-248;1;UZ Aschheim;A99 Richtung Salzburg
2980;59537;Querschnitt3294;MQ99-248-Sbg_E;DET99-248-Sbg_E1;161;9908807;48.14149456;11.7568953;3294;37.9;;Betriebsstatus1;Streckenstation746;SST99-248;1;UZ Aschheim;A99 Richtung Salzburg
2981;59412;Querschnitt3539;AQ99-250-Sbg;WZG99-250-Sbg_B2;98;9908867;48.13408581;11.75884194;3539;38.73;;Betriebsstatus1;Streckenstation747;SST99-250;4;UZ Aschheim;A99 Richtung Salzburg
2992;60823;Querschnitt6007;AQ99-250-Sbg_PW1;WZG99-250-Sbg_W1;38;9908867;48.13409042;11.75879616;6007;38.73;;Betriebsstatus1;Streckenstation747;SST99-250;4;UZ Aschheim;A99 Richtung Salzburg
2994;60885;Querschnitt4118;BMS99-250;BMS99-250_Netz;3;9908867;48.13428817;11.7587319;4118;38.7;;Betriebsstatus1;Streckenstation747;SST99-250;6;UZ Aschheim;A99 Richtung Salzburg
2997;54431;Querschnitt3749;GMA_HK_99-250-Sbg;WUD_HK_99-250-Sbg;33;9908867;48.13409503;11.75874335;3749;38.73;;Betriebsstatus1;Streckenstation747;SST99-250;3;UZ Aschheim;A99 Richtung Salzburg
2998;62324;Querschnitt3295;MQ99-250-Sbg_H;DET99-250-Sbg_H3;35;9908867;48.13408127;11.75892289;3295;38.73;78369213;Betriebsstatus1;Streckenstation747;SST99-250;1;UZ Aschheim;A99 Richtung Salzburg
3002;59488;Querschnitt3889;NMG99-250-Sbg;WUD_SW_99-250-Sbg;73;9908867;48.13442479;11.75872774;3889;38.705;;Betriebsstatus1;Streckenstation747;SST99-250;3;UZ Aschheim;A99 Richtung Salzburg
3003;54948;Querschnitt3829;WS_GMA99-250-Sbg;WUD_RLF_99-250-Sbg;69;9908867;48.13433765;11.75873519;3829;38.72;;Betriebsstatus1;Streckenstation747;SST99-250;3;UZ Aschheim;A99 Richtung Salzburg
3014;55053;Querschnitt3830;WS_GMA99-250-Stg;WUD_TT3_99-250-Stg;99;9908867;48.1343222;11.75923498;3830;38.72;;Betriebsstatus1;Streckenstation747;SST99-250;3;UZ Aschheim;A99 Richtung Lindau
3020;59637;Querschnitt3541;AQ99-258-Sbg_DLZ;WZG99-258-Sbg_DLZ1;33;9908940;48.12555951;11.75864188;3541;39.685;;Betriebsstatus1;Streckenstation748;SST99-258;4;UZ Aschheim;A99 Richtung Salzburg
3021;53336;Querschnitt3542;AQ99-258-Sbg_PW;WZG99-258-Sbg_W1;34;9908940;48.12555466;11.75856473;3542;39.685;;Betriebsstatus1;Streckenstation748;SST99-258;4;UZ Aschheim;A99 Richtung Salzburg
3023;60356;Querschnitt4119;BMS99-258;BMS99-258_Netz;3;9908940;48.12573301;11.75850075;4119;39.685;;Betriebsstatus1;Streckenstation748;SST99-258;6;UZ Aschheim;A99 Richtung Salzburg
3026;53373;Querschnitt3750;GMA_HK_99-258-Sbg;WUD_HK_99-258-Sbg;33;9908940;48.12557322;11.7584594;3750;39.685;;Betriebsstatus1;Streckenstation748;SST99-258;3;UZ Aschheim;A99 Richtung Salzburg
3027;51710;Querschnitt3543;AQ99-260-Sbg;WZG99-260-Sbg_DLZFS1;34;9908998;48.11827002;11.75747886;3543;40.5;;Betriebsstatus1;Streckenstation749;SST99-260;4;UZ Aschheim;A99 Richtung Salzburg
3038;52937;Querschnitt6009;AQ99-260-Sbg_PW1;WZG99-260-Sbg_W1;38;9908998;48.1182608;11.75755249;6009;40.5;;Betriebsstatus1;Streckenstation749;SST99-260;4;UZ Aschheim;A99 Richtung Salzburg
3040;53672;Querschnitt4120;BMS99-260;BMS99-260_Tuer;1;9908998;48.11852099;11.75744614;4120;40.47;;Betriebsstatus1;Streckenstation749;SST99-260;6;UZ Aschheim;A99 Richtung Salzburg
3043;58584;Querschnitt3751;GMA_HK_99-260-Sbg;WUD_HK_99-260-Sbg;33;9908998;48.11827923;11.75739472;3751;40.5;;Betriebsstatus1;Streckenstation749;SST99-260;3;UZ Aschheim;A99 Richtung Salzburg
3044;52945;Querschnitt3296;MQ99-260-Sbg_H;DET99-260-Sbg_H1;33;9908998;48.11824889;11.75771001;3296;40.5;;Betriebsstatus1;Streckenstation749;SST99-260;1;UZ Aschheim;A99 Richtung Salzburg
3048;59544;Querschnitt3890;NMG99-260-Sbg;WUD_SW_99-260-Sbg;73;9908998;48.11844824;11.75743248;3890;40.48;;Betriebsstatus1;Streckenstation749;SST99-260;3;UZ Aschheim;A99 Richtung Salzburg
3049;55203;Querschnitt3545;AQ99-262-Sbg;WZG99-262-Sbg_W2;35;9909015;48.11641142;11.75727735;3545;40.7;;Betriebsstatus1;Streckenstation750;SST99-262;4;UZ Aschheim;A99 Richtung Salzburg
3052;56832;Querschnitt4121;BMS99-262;BMS99-262_Temp;2;9909015;48.11658472;11.75712589;4121;40.675;;Betriebsstatus1;Streckenstation750;SST99-262;6;UZ Aschheim;A99 Richtung Salzburg
3055;60187;Querschnitt3546;AQ99-264-Sbg;WZG99-264-Sbg_W2;35;9909050;48.11199533;11.75590374;3546;41.21;;Betriebsstatus1;Streckenstation751;SST99-264;4;UZ Aschheim;A99 Richtung Salzburg
3058;55305;Querschnitt4122;BMS99-264;BMS99-264_Netz;3;9909050;48.11222305;11.75597273;4122;41.18;;Betriebsstatus1;Streckenstation751;SST99-264;6;UZ Aschheim;A99 Richtung Salzburg
3061;60395;Querschnitt3547;AQ99-268-Sbg_DLZ;WZG99-268-Sbg_DLZ1;33;9909071;48.10967582;11.75521404;3547;41.47;;Betriebsstatus1;Streckenstation752;SST99-268;4;UZ Aschheim;A99 Richtung Salzburg
3062;52896;Querschnitt3548;AQ99-268-Sbg_PW;WZG99-268-Sbg_W1;34;9909071;48.10968036;11.75514044;3548;41.47;;Betriebsstatus1;Streckenstation752;SST99-268;4;UZ Aschheim;A99 Richtung Salzburg
3064;59371;Querschnitt4123;BMS99-268;BMS99-268_Temp;2;9909071;48.10987041;11.75514655;4123;41.46;;Betriebsstatus1;Streckenstation752;SST99-268;6;UZ Aschheim;A99 Richtung Salzburg
3067;52141;Querschnitt3752;GMA_HK_99-268-Sbg;WUD_HK_99-268-Sbg;33;9909071;48.1096802;11.75506688;3752;41.47;;Betriebsstatus1;Streckenstation752;SST99-268;3;UZ Aschheim;A99 Richtung Salzburg
3068;51253;Querschnitt4604;MQ99-268-Sbg-A;DET99-268-Sbg_A1;97;9909071;48.10990006;11.75489994;4604;41.47;;Betriebsstatus1;Streckenstation752;SST99-268;1;UZ Aschheim;A99 Richtung Salzburg
3069;54192;Querschnitt4603;MQ99-268-Sbg-E;DET99-268-Sbg_E1;161;9909071;48.10910006;11.75480006;4603;41.47;;Betriebsstatus1;Streckenstation752;SST99-268;1;UZ Aschheim;A99 Richtung Salzburg
3070;55128;Querschnitt3549;AQ99-270-Sbg_PW1;WZG99-270-Sbg_A4;36;9909114;48.10433356;11.753029;3549;42.07;;Betriebsstatus1;Streckenstation753;SST99-270;4;UZ Aschheim;A99 Richtung Salzburg
3080;60056;Querschnitt4124;BMS99-270;BMS99-270_Tuer;1;9909114;48.10459396;11.75301024;4124;42.04;;Betriebsstatus1;Streckenstation753;SST99-270;6;UZ Aschheim;A99 Richtung Salzburg
3083;60901;Querschnitt3753;GMA_HK_99-270-Sbg;WUD_HK_99-270-Sbg;33;9909114;48.10434975;11.75291683;3753;42.07;;Betriebsstatus1;Streckenstation753;SST99-270;3;UZ Aschheim;A99 Richtung Salzburg
3084;55579;Querschnitt3297;MQ99-270-Sbg_H;DET99-270-Sbg_H3;35;9909114;48.10431889;11.7531;3297;42.07;;Betriebsstatus1;Streckenstation753;SST99-270;1;UZ Aschheim;A99 Richtung Salzburg
3087;55058;Querschnitt3551;AQ99-280-Sbg;WZG99-280-Sbg_B1;97;9909220;48.09257595;11.74617547;3551;43.5;;Betriebsstatus1;Streckenstation754;SST99-280;4;UZ Aschheim;A99 Richtung Salzburg
3094;59715;Querschnitt4125;BMS99-280;BMS99-280_Netz;3;9909220;48.09284818;11.74620916;4125;43.47;;Betriebsstatus1;Streckenstation754;SST99-280;6;UZ Aschheim;A99 Richtung Salzburg
3097;62749;Querschnitt3754;GMA_HK_99-280-Sbg;WUD_HK_99-280-Sbg;33;9909220;48.0926226;11.74604917;3754;43.5;;Betriebsstatus1;Streckenstation754;SST99-280;3;UZ Aschheim;A99 Richtung Salzburg
3098;56074;Querschnitt3298;MQ99-280-Sbg_H;DET99-280-Sbg_H3;35;9909220;48.09254889;11.74630001;3298;43.5;79369200;Betriebsstatus1;Streckenstation754;SST99-280;1;UZ Aschheim;A99 Richtung Salzburg
3101;60013;Querschnitt3552;AQ99-290-Sbg;WZG99-290-Sbg_B2;98;9909344;48.07952112;11.73448239;3552;45.17;;Betriebsstatus1;Streckenstation755;SST99-290;4;UZ Aschheim;A99 Richtung Salzburg
3108;52770;Querschnitt4126;BMS99-290;BMS99-290_Temp;2;9909344;48.07974446;11.73467731;4126;45.14;;Betriebsstatus1;Streckenstation755;SST99-290;6;UZ Aschheim;A99 Richtung Salzburg
3111;53905;Querschnitt3755;GMA_HK_99-290-Sbg;WUD_HK_99-290-Sbg;33;9909344;48.07954449;11.73444027;3755;45.17;;Betriebsstatus1;Streckenstation755;SST99-290;3;UZ Aschheim;A99 Richtung Salzburg
3112;56891;Querschnitt3299;MQ99-290-Sbg_H;DET99-290-Sbg_H1;33;9909344;48.07946521;11.73465424;3299;45.133;;Betriebsstatus1;Streckenstation755;SST99-290;1;UZ Aschheim;A99 Richtung Salzburg
3115;57524;Querschnitt3891;NMG99-290-Sbg;WUD_SW_99-290-Sbg;73;9909344;48.07967857;11.73459362;3891;45.13;;Betriebsstatus1;Streckenstation755;SST99-290;3;UZ Aschheim;A99 Richtung Salzburg
3116;62462;Querschnitt4127;BMS99-295;BMS99-295_Netz;3;9909407;48.07413994;11.72788637;4127;46.0;;Betriebsstatus1;Streckenstation756;SST99-295;6;UZ Aschheim;A99 Richtung Salzburg
3119;62593;Querschnitt3892;NMG99-295-Sbg;WUD_SW_99-295-Sbg;73;9909407;48.07398224;11.72766664;3892;46.02;;Betriebsstatus1;Streckenstation756;SST99-295;3;UZ Aschheim;A99 Richtung Salzburg
3120;50954;Querschnitt3831;WS_GMA99-295-Sbg;WUD_LD_99-295-Sbg;68;9909407;48.07402696;11.72773293;3831;46.02;;Betriebsstatus1;Streckenstation756;SST99-295;3;UZ Aschheim;A99 Richtung Salzburg
3121;59390;Querschnitt3553;AQ99-300-Sbg;WZG99-300-Sbg_B1;97;9909464;48.06894015;11.72025272;3553;46.8;;Betriebsstatus1;Streckenstation757;SST99-300;4;UZ Aschheim;A99 Richtung Salzburg
3128;53471;Querschnitt4128;BMS99-300;BMS99-300_Tuer;1;9909464;48.06908921;11.7203238;4128;46.77;;Betriebsstatus1;Streckenstation757;SST99-300;6;UZ Aschheim;A99 Richtung Salzburg
3131;62708;Querschnitt3756;GMA_HK_99-300-Sbg;WUD_HK_99-300-Sbg;33;9909464;48.06896808;11.72020724;3756;46.8;;Betriebsstatus1;Streckenstation757;SST99-300;3;UZ Aschheim;A99 Richtung Salzburg
3132;55149;Querschnitt3300;MQ99-300-Sbg_H;DET99-300-Sbg_H2;34;9909464;48.06891687;11.7202912;3300;46.8;;Betriebsstatus1;Streckenstation757;SST99-300;1;UZ Aschheim;A99 Richtung Salzburg
3135;62044;Querschnitt3554;AQ99-305-Sbg;WZG99-305-Sbg_B1;164;9909509;48.0655902;11.71395055;3554;47.37;;Betriebsstatus1;Streckenstation758;SST99-305;4;UZ Aschheim;A99 Richtung Salzburg
3138;51855;Querschnitt4129;BMS99-305;BMS99-305_Tuer;1;9909509;48.06568185;11.71415921;4129;47.37;;Betriebsstatus1;Streckenstation758;SST99-305;6;UZ Aschheim;A99 Richtung Salzburg
3141;51835;Querschnitt3757;GMA_HK_99-305-Sbg;WUD_HK_99-305-Sbg;33;9909509;48.06560673;11.71402018;3757;47.37;;Betriebsstatus1;Streckenstation758;SST99-305;3;UZ Aschheim;A99 Richtung Salzburg
3142;57040;Querschnitt3301;MQ99-305-Sbg_A;DET99-305-Sbg_A1;97;9909509;48.06600006;11.71469996;3301;47.37;;Betriebsstatus1;Streckenstation758;SST99-305;1;UZ Aschheim;A99 Richtung Salzburg
3143;62580;Querschnitt3302;MQ99-305-Sbg_E;DET99-305-Sbg_E1;161;9909509;48.06550006;11.71370004;3302;47.37;;Betriebsstatus1;Streckenstation758;SST99-305;1;UZ Aschheim;A99 Richtung Salzburg
3144;60881;Querschnitt3893;NMG99-305-Sbg;WUD_SW_99-305-Sbg;73;9909509;48.06571941;11.71422872;3893;47.37;;Betriebsstatus1;Streckenstation758;SST99-305;3;UZ Aschheim;A99 Richtung Salzburg
3145;59852;Querschnitt4130;BMS99-315;BMS99-315_Tuer;1;9909777;48.04196148;11.68188435;4130;50.985;;Betriebsstatus1;Streckenstation759;SST99-315;6;UZ Aschheim;A99 Richtung Salzburg
3148;59109;Querschnitt3303;MQ99-315-Sbg_A;DET99-315-Sbg_A1;97;9909777;48.04250008;11.68199996;3303;50.985;;Betriebsstatus1;Streckenstation759;SST99-315;1;UZ Aschheim;A99 Richtung Salzburg
3149;60818;Querschnitt3304;MQ99-315-Sbg_E;DET99-315-Sbg_E1;161;9909777;48.04150005;11.68149997;3304;50.985;;Betriebsstatus1;Streckenstation759;SST99-315;1;UZ Aschheim;A99 Richtung Salzburg
3150;56701;Querschnitt4131;BMS99-525;BMS99-525_Netz;3;9919783;48.04101263;11.68182746;4131;51.07;;Betriebsstatus1;Streckenstation821;SST99-525;6;UZ Aschheim;A99 Richtung Lindau
3153;54559;Querschnitt3305;MQ99-525-Stg_A;DET99-525-Stg_A1;65;9919783;48.0407;11.68170002;3305;51.07;;Betriebsstatus1;Streckenstation821;SST99-525;1;UZ Aschheim;A99 Richtung Lindau
3154;58866;Querschnitt3306;MQ99-525-Stg_E;DET99-525-Stg_E1;129;9919783;48.04150003;11.68250003;3306;51.07;;Betriebsstatus1;Streckenstation821;SST99-525;1;UZ Aschheim;A99 Richtung Lindau
3155;54158;Querschnitt3894;NMG99-525-Stg;WUD_SW_99-525-Stg;73;9919783;48.04111097;11.68190004;3894;51.07;;Betriebsstatus1;Streckenstation821;SST99-525;3;UZ Aschheim;A99 Richtung Lindau
3156;55282;Querschnitt3555;AQ99-530-Stg;WZG99-530-Stg_C2;74;9919752;48.04473873;11.68488502;3555;50.62;;Betriebsstatus1;Streckenstation820;SST99-530;4;UZ Aschheim;A99 Richtung Lindau
3163;50878;Querschnitt4132;BMS99-530;BMS99-530_Netz;3;9919752;48.0445257;11.68474345;4132;50.65;;Betriebsstatus1;Streckenstation820;SST99-530;6;UZ Aschheim;A99 Richtung Lindau
3166;60707;Querschnitt3758;GMA_HK_99-530-Stg;WUD_HK_99-530-Stg;1;9919752;48.0447409;11.68482577;3758;50.62;;Betriebsstatus1;Streckenstation820;SST99-530;3;UZ Aschheim;A99 Richtung Lindau
3167;55191;Querschnitt3307;MQ99-530-Stg_H;DET99-530-Stg_H3;3;9919752;48.04475709;11.68476295;3307;50.62;;Betriebsstatus1;Streckenstation820;SST99-530;1;UZ Aschheim;A99 Richtung Lindau
3170;61926;Querschnitt3556;AQ99-532-Stg;WZG99-532-Stg_B2;66;9919642;48.05583159;11.69555874;3556;49.14;;Betriebsstatus1;Streckenstation819;SST99-532;4;UZ Aschheim;A99 Richtung Lindau
3177;60758;Querschnitt4133;BMS99-532;BMS99-532_Temp;2;9919642;48.05549528;11.69500679;4133;49.17;;Betriebsstatus1;Streckenstation819;SST99-532;6;UZ Aschheim;A99 Richtung Lindau
3180;62330;Querschnitt3759;GMA_HK_99-532-Stg;WUD_HK_99-532-Stg;1;9919642;48.05583689;11.69555479;3759;49.14;;Betriebsstatus1;Streckenstation819;SST99-532;3;UZ Aschheim;A99 Richtung Lindau
3181;53171;Querschnitt3308;MQ99-532-Stg_H;DET99-532-Stg_H3;3;9919642;48.05581759;11.69556372;3308;49.14;79369216;Betriebsstatus1;Streckenstation819;SST99-532;1;UZ Aschheim;A99 Richtung Lindau
3184;55718;Querschnitt4134;BMS99-535;BMS99-535_Netz;3;9919567;48.06119781;11.70562559;4134;48.15;;Betriebsstatus1;Streckenstation818;SST99-535;6;UZ Aschheim;A99 Richtung Lindau
3187;56352;Querschnitt3309;MQ99-535-Stg_A;DET99-535-Stg_A1;65;9919567;48.06100006;11.70569997;3309;48.15;;Betriebsstatus1;Streckenstation818;SST99-535;1;UZ Aschheim;A99 Richtung Lindau
3188;60714;Querschnitt3310;MQ99-535-Stg_E;DET99-535-Stg_E1;129;9919567;48.06150007;11.70649995;3310;48.15;;Betriebsstatus1;Streckenstation818;SST99-535;1;UZ Aschheim;A99 Richtung Lindau
3189;60137;Querschnitt3557;AQ99-540-Stg;WZG99-540-Stg_A3;3;9919543;48.06315462;11.70991686;3557;47.805;;Betriebsstatus1;Streckenstation817;SST99-540;4;UZ Aschheim;A99 Richtung Lindau
3196;61570;Querschnitt4135;BMS99-540;BMS99-540_Temp;2;9919543;48.06297173;11.70966689;4135;47.835;;Betriebsstatus1;Streckenstation817;SST99-540;6;UZ Aschheim;A99 Richtung Lindau
3199;56936;Querschnitt3760;GMA_HK_99-540-Stg;WUD_HK_99-540-Stg;1;9919543;48.06311735;11.70996586;3760;47.805;;Betriebsstatus1;Streckenstation817;SST99-540;3;UZ Aschheim;A99 Richtung Lindau
3200;56987;Querschnitt3311;MQ99-540-Stg_H;DET99-540-Stg_H2;2;9919543;48.06319653;11.70985736;3311;47.805;;Betriebsstatus1;Streckenstation817;SST99-540;1;UZ Aschheim;A99 Richtung Lindau
3203;55988;Querschnitt3895;NMG99-540-Stg;WUD_SW_99-540-Stg;73;9919543;48.06301639;11.70977122;3895;47.86;;Betriebsstatus1;Streckenstation817;SST99-540;3;UZ Aschheim;A99 Richtung Lindau
3204;52926;Querschnitt3832;WS_GMA99-540-Sbg;WUD_FBZ_99-540-Sbg;100;9919543;48.06342097;11.70986604;3832;47.815;;Betriebsstatus1;Streckenstation817;SST99-540;3;UZ Aschheim;A99 Richtung Salzburg
3210;59610;Querschnitt3833;WS_GMA99-540-Stg;WUD_TT3_99-540-Stg;79;9919543;48.06327162;11.70998243;3833;47.815;;Betriebsstatus1;Streckenstation817;SST99-540;3;UZ Aschheim;A99 Richtung Lindau
3221;55537;Querschnitt3558;AQ99-550-Stg;WZG99-550-Stg_A3;3;9919408;48.0738666;11.72837443;3558;45.976;;Betriebsstatus1;Streckenstation816;SST99-550;4;UZ Aschheim;A99 Richtung Lindau
3228;50867;Querschnitt4136;BMS99-550;BMS99-550_Temp;2;9919408;48.07368075;11.72816535;4136;46.006;;Betriebsstatus1;Streckenstation816;SST99-550;6;UZ Aschheim;A99 Richtung Lindau
3231;58946;Querschnitt3761;GMA_HK_99-550-Stg;WUD_HK_99-550-Stg;1;9919408;48.07383154;11.72843413;3761;45.976;;Betriebsstatus1;Streckenstation816;SST99-550;3;UZ Aschheim;A99 Richtung Lindau
3232;50703;Querschnitt3312;MQ99-550-Stg_H;DET99-550-Stg_H1;1;9919408;48.07394129;11.7282095;3312;45.976;;Betriebsstatus1;Streckenstation816;SST99-550;1;UZ Aschheim;A99 Richtung Lindau
3235;59320;Querschnitt3559;AQ99-560-Stg;WZG99-560-Stg_B2;66;9919321;48.08201348;11.73785545;3559;44.81;;Betriebsstatus1;Streckenstation815;SST99-560;4;UZ Aschheim;A99 Richtung Lindau
3242;61054;Querschnitt4137;BMS99-560;BMS99-560_Netz;3;9919321;48.08179491;11.7376955;4137;44.83;;Betriebsstatus1;Streckenstation815;SST99-560;6;UZ Aschheim;A99 Richtung Lindau
3245;51338;Querschnitt3762;GMA_HK_99-560-Stg;WUD_HK_99-560-Stg;1;9919321;48.08198316;11.73793265;3762;44.81;;Betriebsstatus1;Streckenstation815;SST99-560;3;UZ Aschheim;A99 Richtung Lindau
3246;52911;Querschnitt3313;MQ99-560-Stg_H;DET99-560-Stg_H1;1;9919321;48.08204848;11.73777124;3313;44.847;;Betriebsstatus1;Streckenstation815;SST99-560;1;UZ Aschheim;A99 Richtung Lindau
3249;59831;Querschnitt3560;AQ99-580-Stg;WZG99-580-Stg_C2;74;9919206;48.09450421;11.74816929;3560;43.25;;Betriebsstatus1;Streckenstation814;SST99-580;4;UZ Aschheim;A99 Richtung Lindau
3256;55671;Querschnitt4138;BMS99-580;BMS99-580_Netz;3;9919206;48.094234;11.7479885;4138;43.28;;Betriebsstatus1;Streckenstation814;SST99-580;6;UZ Aschheim;A99 Richtung Lindau
3259;58253;Querschnitt3763;GMA_HK_99-580-Stg;WUD_HK_99-580-Stg;1;9919206;48.09446924;11.74827104;3763;43.25;;Betriebsstatus1;Streckenstation814;SST99-580;3;UZ Aschheim;A99 Richtung Lindau
3260;56986;Querschnitt3314;MQ99-580-Stg_H;DET99-580-Stg_H1;1;9919206;48.09454146;11.74803953;3314;43.25;79369200;Betriebsstatus1;Streckenstation814;SST99-580;1;UZ Aschheim;A99 Richtung Lindau
3263;50846;Querschnitt3896;NMG99-580-Stg;WUD_SW_99-580-Stg;73;9919206;48.09430688;11.74805818;3896;43.275;;Betriebsstatus1;Streckenstation814;SST99-580;3;UZ Aschheim;A99 Richtung Lindau
3264;55721;Querschnitt3834;WS_GMA99-580-Sbg;WUD_FBT_99-580-Sbg;86;9919206;48.0944793;11.74750749;3834;43.26;;Betriebsstatus1;Streckenstation814;SST99-580;3;UZ Aschheim;A99 Richtung Salzburg
3270;50680;Querschnitt3835;WS_GMA99-580-Stg;WUD_GT_99-580-Stg;75;9919206;48.09437032;11.74809991;3835;43.26;;Betriebsstatus1;Streckenstation814;SST99-580;3;UZ Aschheim;A99 Richtung Lindau
3281;60504;Querschnitt3561;AQ99-585-Stg;WZG99-585-Stg_BL1;1;9919187;48.09653633;11.74938523;3561;42.99;;Betriebsstatus1;Streckenstation813;SST99-585;4;UZ Aschheim;A99 Richtung Lindau
3283;51168;Querschnitt4139;BMS99-585;BMS99-585_Netz;3;9919187;48.09632028;11.74929522;4139;43.02;;Betriebsstatus1;Streckenstation813;SST99-585;6;UZ Aschheim;A99 Richtung Lindau
3286;63172;Querschnitt3562;AQ99-587-Stg;WZG99-587-Stg_BL1;1;9919151;48.10060973;11.75174029;3562;42.515;;Betriebsstatus1;Streckenstation812;SST99-587;4;UZ Aschheim;A99 Richtung Lindau
3288;61633;Querschnitt4140;BMS99-587;BMS99-587_Temp;2;9919151;48.1003727;11.75170991;4140;42.545;;Betriebsstatus1;Streckenstation812;SST99-587;6;UZ Aschheim;A99 Richtung Lindau
3291;51707;Querschnitt3563;AQ99-589-Stg;WZG99-589-Stg_W1;2;9919136;48.10230108;11.75270944;3563;42.312;;Betriebsstatus1;Streckenstation811;SST99-589;4;UZ Aschheim;A99 Richtung Lindau
3293;61642;Querschnitt4141;BMS99-589;BMS99-589_Netz;3;9919136;48.10203112;11.75264068;4141;42.342;;Betriebsstatus1;Streckenstation811;SST99-589;6;UZ Aschheim;A99 Richtung Lindau
3296;55152;Querschnitt3564;AQ99-590-Stg;WZG99-590-Stg_DLZFS1;2;9919081;48.10868161;11.75548149;3564;41.57;;Betriebsstatus1;Streckenstation809;SST99-590;4;UZ Aschheim;A99 Richtung Lindau
3307;55314;Querschnitt6010;AQ99-590-Stg_PW1;WZG99-590-Stg_W1;6;9919081;48.10862775;11.75553429;6010;41.57;;Betriebsstatus1;Streckenstation809;SST99-590;4;UZ Aschheim;A99 Richtung Lindau
3309;56455;Querschnitt4142;BMS99-590;BMS99-590_Tuer;1;9919081;48.10844684;11.75541253;4142;41.6;;Betriebsstatus1;Streckenstation809;SST99-590;6;UZ Aschheim;A99 Richtung Lindau
3312;56542;Querschnitt3764;GMA_HK_99-590-Stg;WUD_HK_99-590-Stg;1;9919081;48.10867706;11.75555157;3764;41.57;;Betriebsstatus1;Streckenstation809;SST99-590;3;UZ Aschheim;A99 Richtung Lindau
3313;59821;Querschnitt3315;MQ99-590-Stg_H;DET99-590-Stg_H2;2;9919081;48.10870002;11.75530002;3315;41.57;;Betriebsstatus1;Streckenstation809;SST99-590;1;UZ Aschheim;A99 Richtung Lindau
3317;56970;Querschnitt4143;BMS99-595;BMS99-595_Tuer;1;9919111;48.10494823;11.75410848;4143;42.0;;Betriebsstatus1;Streckenstation810;SST99-595;6;UZ Aschheim;A99 Richtung Lindau
3320;54497;Querschnitt3316;MQ99-595-Stg_A;DET99-595-Stg_A1;65;9919111;48.10430001;11.75400001;3316;42.0;;Betriebsstatus1;Streckenstation810;SST99-595;1;UZ Aschheim;A99 Richtung Lindau
3321;57623;Querschnitt3317;MQ99-595-Stg_E;DET99-595-Stg_E1;129;9919111;48.10520008;11.75429999;3317;42.0;;Betriebsstatus1;Streckenstation810;SST99-595;1;UZ Aschheim;A99 Richtung Lindau
3322;52842;Querschnitt3566;AQ99-620-Stg;WZG99-620-Stg_A1;1;9919011;48.11698055;11.75792288;3566;40.62;;Betriebsstatus1;Streckenstation808;SST99-620;4;UZ Aschheim;A99 Richtung Lindau
3333;53510;Querschnitt4144;BMS99-620;BMS99-620_Netz;3;9919011;48.11678593;11.75797285;4144;40.65;;Betriebsstatus1;Streckenstation808;SST99-620;6;UZ Aschheim;A99 Richtung Lindau
3336;56689;Querschnitt3765;GMA_HK_99-620-Stg;WUD_HK_99-620-Stg;1;9919011;48.11698311;11.75802449;3765;40.62;;Betriebsstatus1;Streckenstation808;SST99-620;3;UZ Aschheim;A99 Richtung Lindau
3337;59442;Querschnitt3318;MQ99-620-Stg_H;DET99-620-Stg_H2;2;9919011;48.11700001;11.75780005;3318;40.62;;Betriebsstatus1;Streckenstation808;SST99-620;1;UZ Aschheim;A99 Richtung Lindau
3341;51683;Querschnitt3567;AQ99-630-Stg;WZG99-630-Stg_W11;12;9918996;48.11921284;11.7584275;3567;40.415;;Betriebsstatus1;Streckenstation807;SST99-630;4;UZ Aschheim;A99 Richtung Lindau
3358;60998;Querschnitt4145;BMS99-630;BMS99-630_Netz;3;9918996;48.11904851;11.75838272;4145;40.445;;Betriebsstatus1;Streckenstation807;SST99-630;6;UZ Aschheim;A99 Richtung Lindau
3361;58755;Querschnitt3568;AQ99-632-Stg_DLZ;WZG99-632-Stg_DLZ1;1;9918966;48.12246936;11.75891063;3568;40.02;;Betriebsstatus1;Streckenstation806;SST99-632;4;UZ Aschheim;A99 Richtung Lindau
3362;55951;Querschnitt3569;AQ99-632-Stg_PW;WZG99-632-Stg_W1;2;9918966;48.12246714;11.75897026;3569;40.02;;Betriebsstatus1;Streckenstation806;SST99-632;4;UZ Aschheim;A99 Richtung Lindau
3364;61489;Querschnitt4146;BMS99-632;BMS99-632_Tuer;1;9918966;48.12228153;11.75893255;4146;40.045;;Betriebsstatus1;Streckenstation806;SST99-632;6;UZ Aschheim;A99 Richtung Lindau
3367;58255;Querschnitt3766;GMA_HK_99-632-Stg;WUD_HK_99-632-Stg;1;9918966;48.12241536;11.75891439;3766;40.02;;Betriebsstatus1;Streckenstation806;SST99-632;3;UZ Aschheim;A99 Richtung Lindau
3368;59358;Querschnitt3570;AQ99-635-Stg;WZG99-635-Stg_W6;7;9918933;48.12653328;11.75933893;3570;39.564;;Betriebsstatus1;Streckenstation805;SST99-635;4;UZ Aschheim;A99 Richtung Lindau
3388;59766;Querschnitt4147;BMS99-635;BMS99-635_Tuer;1;9918933;48.12620952;11.7595018;4147;39.594;;Betriebsstatus1;Streckenstation805;SST99-635;6;UZ Aschheim;A99 Richtung Lindau
3391;59364;Querschnitt3571;AQ99-640-Stg_PW1;WZG99-640-Stg_W1;6;9918915;48.12896837;11.75956255;3571;39.32;;Betriebsstatus1;Streckenstation804;SST99-640;4;UZ Aschheim;A99 Richtung Lindau
3404;55138;Querschnitt4148;BMS99-640;BMS99-640_Tuer;1;9918915;48.12867655;11.75969763;4148;39.35;;Betriebsstatus1;Streckenstation804;SST99-640;6;UZ Aschheim;A99 Richtung Lindau
3407;56296;Querschnitt3767;GMA_HK_99-640-Stg;WUD_HK_99-640-Stg;1;9918915;48.12893576;11.75973865;3767;39.32;;Betriebsstatus1;Streckenstation804;SST99-640;3;UZ Aschheim;A99 Richtung Lindau
3408;60729;Querschnitt3319;MQ99-640-Stg_H;DET99-640-Stg_H1;1;9918915;48.12896888;11.75935;3319;39.32;78369213;Betriebsstatus1;Streckenstation804;SST99-640;1;UZ Aschheim;A99 Richtung Lindau
3412;50538;Querschnitt3573;AQ99-650-Stg;WZG99-650-Stg_W18;19;9918883;48.132629;11.75949624;3573;38.893;;Betriebsstatus1;Streckenstation803;SST99-650;4;UZ Aschheim;A99 Richtung Lindau
3434;60854;Querschnitt4149;BMS99-650;BMS99-650_Temp;2;9918883;48.13242407;11.75950776;4149;38.923;;Betriebsstatus1;Streckenstation803;SST99-650;6;UZ Aschheim;A99 Richtung Lindau
3437;52837;Querschnitt3574;AQ99-670-Stg;WZG99-670-Stg_W12;13;9918852;48.13684527;11.75928657;3574;38.47;;Betriebsstatus1;Streckenstation802;SST99-670;4;UZ Aschheim;A99 Richtung Lindau
3450;59340;Querschnitt4150;BMS99-670;BMS99-670_Temp;2;9918852;48.13665443;11.75927338;4150;38.5;;Betriebsstatus1;Streckenstation802;SST99-670;6;UZ Aschheim;A99 Richtung Lindau
3453;55262;Querschnitt3320;MQ99-670-Stg_A;DET99-670-Stg_A2;66;9918852;48.13685211;11.75917742;3320;38.47;;Betriebsstatus1;Streckenstation802;SST99-670;1;UZ Aschheim;A99 Richtung Lindau
3455;62542;Querschnitt3321;MQ99-670-Stg_H;DET99-670-Stg_H1;1;9918852;48.13684245;11.75906485;3321;38.47;;Betriebsstatus1;Streckenstation802;SST99-670;1;UZ Aschheim;A99 Richtung Lindau
3458;51943;Querschnitt3575;AQ99-685-Stg;WZG99-685-Stg_W2;3;9918819;48.14043903;11.75879114;3575;38.05;;Betriebsstatus1;Streckenstation800;SST99-685;4;UZ Aschheim;A99 Richtung Lindau
3461;53748;Querschnitt4151;BMS99-685;BMS99-685_Temp;2;9918819;48.14004128;11.75896898;4151;38.06;;Betriebsstatus1;Streckenstation800;SST99-685;6;UZ Aschheim;A99 Richtung Lindau
3464;59512;Querschnitt3322;MQ99-685-Stg_H;DET99-685-Stg_H2;2;9918819;48.14028589;11.75878129;3322;38.05;;Betriebsstatus1;Streckenstation800;SST99-685;1;UZ Aschheim;A99 Richtung Lindau
3466;60671;Querschnitt3576;AQ99-690-Stg;WZG99-690-Stg_A3;3;9918820;48.14014433;11.75867637;3576;38.05;;Betriebsstatus1;Streckenstation801;SST99-690;4;UZ Aschheim;A99 Richtung Lindau
3478;53130;Querschnitt4152;BMS99-690;BMS99-690_Temp;2;9918820;48.14003372;11.75872968;4152;38.06;;Betriebsstatus1;Streckenstation801;SST99-690;6;UZ Aschheim;A99 Richtung Lindau
3483;54386;Querschnitt3768;GMA_HK_99-690-Stg;WUD_HK_99-690-Stg;1;9918820;48.14013262;11.75871161;3768;38.05;;Betriebsstatus1;Streckenstation801;SST99-690;3;UZ Aschheim;A99 Richtung Lindau
3484;51271;Querschnitt3323;MQ99-690-Stg_H;DET99-690-Stg_H4;4;9918820;48.14013004;11.75860252;3323;38.05;;Betriebsstatus1;Streckenstation801;SST99-690;1;UZ Aschheim;A99 Richtung Lindau
3488;51812;Querschnitt5267;AQ99-695-Stg;WZG99-695-Stg_W1;1;9918790;48.14366661;11.7581394;5267;37.67;;Betriebsstatus1;Streckenstation1408;SST99-695;4;UZ Aschheim;A99 Richtung Lindau
3489;55437;Querschnitt5266;BMS99-695;BMS99-695_Netz;4;9918790;48.14375618;11.75812488;5266;37.67;;Betriebsstatus1;Streckenstation1408;SST99-695;6;UZ Aschheim;A99 Richtung Lindau
3494;60069;Querschnitt3577;AQ99-700-Stg;WZG99-700-Stg_A2;2;9918777;48.14544026;11.75720089;3577;37.455;;Betriebsstatus1;Streckenstation799;SST99-700;4;UZ Aschheim;A99 Richtung Lindau
3497;61242;Querschnitt4153;BMS99-700;BMS99-700_Netz;4;9918777;48.14519591;11.75762133;4153;37.485;;Betriebsstatus1;Streckenstation799;SST99-700;6;UZ Aschheim;A99 Richtung Lindau
3502;59837;Querschnitt3769;GMA_HK_99-700-Stg;WUD_HK_99-700-Stg;1;9918777;48.14544026;11.75720089;3769;37.455;;Betriebsstatus1;Streckenstation799;SST99-700;3;UZ Aschheim;A99 Richtung Lindau
3503;61081;Querschnitt3897;NMG99-700-Stg;WUD_SW_99-700-Stg;2;9918777;48.14537735;11.75755705;3897;37.465;;Betriebsstatus1;Streckenstation799;SST99-700;3;UZ Aschheim;A99 Richtung Lindau
3504;60295;Querschnitt3836;WS_GMA99-700-Stg;WUD_NI_99-700-Stg;3;9918777;48.14542445;11.75752865;3836;37.465;;Betriebsstatus1;Streckenstation799;SST99-700;3;UZ Aschheim;A99 Richtung Lindau
3506;59490;Querschnitt3578;AQ99-710-Stg;WZG99-710-Stg_B1;65;9918724;48.15132913;11.75422015;3578;36.75;;Betriebsstatus1;Streckenstation798;SST99-710;4;UZ Aschheim;A99 Richtung Lindau
3519;60021;Querschnitt4154;BMS99-710;BMS99-710_Temp;2;9918724;48.15116669;11.75434779;4154;36.78;;Betriebsstatus1;Streckenstation798;SST99-710;6;UZ Aschheim;A99 Richtung Lindau
3524;53696;Querschnitt3770;GMA_HK_99-710-Stg;WUD_HK_99-710-Stg;1;9918724;48.15133867;11.75426944;3770;36.75;;Betriebsstatus1;Streckenstation798;SST99-710;3;UZ Aschheim;A99 Richtung Lindau
3525;52944;Querschnitt3324;MQ99-710-Stg_H;DET99-710-Stg_H2;2;9918724;48.15131005;11.75411806;3324;36.75;;Betriebsstatus1;Streckenstation798;SST99-710;1;UZ Aschheim;A99 Richtung Lindau
3529;53098;Querschnitt3580;AQ99-712-Stg;WZG99-712-Stg_PW1;129;9918687;48.15569891;11.75104871;3580;36.25;;Betriebsstatus1;Streckenstation797;SST99-712;4;UZ Aschheim;A99 Richtung Lindau
3531;61741;Querschnitt4155;BMS99-712;BMS99-712_Licht;3;9918687;48.15544942;11.75126488;4155;36.28;;Betriebsstatus1;Streckenstation797;SST99-712;6;UZ Aschheim;A99 Richtung Lindau
3536;55889;Querschnitt3771;GMA_HK_99-712-Stg;WUD_HK_99-712-Stg;1;9918687;48.15568487;11.75110164;3771;36.25;;Betriebsstatus1;Streckenstation797;SST99-712;3;UZ Aschheim;A99 Richtung Lindau
3537;60372;Querschnitt3581;AQ99-714-Stg;WZG99-714-Stg_DLZ1;24;9918664;48.15787303;11.74932492;3581;35.936;;Betriebsstatus1;Streckenstation796;SST99-714;4;UZ Aschheim;A99 Richtung Lindau
3548;52982;Querschnitt4156;BMS99-714;BMS99-714_Netz;4;9918664;48.1577366;11.74950895;4156;35.96;;Betriebsstatus1;Streckenstation796;SST99-714;6;UZ Aschheim;A99 Richtung Lindau
3553;57064;Querschnitt3772;GMA_HK_99-714-Stg;WUD_HK_99-714-Stg;1;9918664;48.15789683;11.74941649;3772;35.936;;Betriebsstatus1;Streckenstation796;SST99-714;3;UZ Aschheim;A99 Richtung Lindau
3554;55501;Querschnitt3325;MQ99-714-Stg_H;DET99-714-Stg_H4;4;9918664;48.15784924;11.74923336;3325;35.936;;Betriebsstatus1;Streckenstation796;SST99-714;1;UZ Aschheim;A99 Richtung Lindau
3558;52919;Querschnitt3582;AQ99-716-Stg;WZG99-716-Stg_W2;2;9918645;48.16028471;11.7473949;3582;35.648;;Betriebsstatus1;Streckenstation795;SST99-716;4;UZ Aschheim;A99 Richtung Lindau
3561;55181;Querschnitt4157;BMS99-716;BMS99-716_Netz;4;9918645;48.16001632;11.74765716;4157;35.704;;Betriebsstatus1;Streckenstation795;SST99-716;6;UZ Aschheim;A99 Richtung Lindau
3566;56361;Querschnitt3583;AQ99-718-Stg;WZG99-718-Stg_W1;1;9918595;48.16486915;11.74325007;3583;35.024;;Betriebsstatus1;Streckenstation794;SST99-718;4;UZ Aschheim;A99 Richtung Lindau
3569;50693;Querschnitt4158;BMS99-718;BMS99-718_Netz;4;9918595;48.16479638;11.74343391;4158;35.033;;Betriebsstatus1;Streckenstation794;SST99-718;6;UZ Aschheim;A99 Richtung Lindau
3574;53570;Querschnitt5375;AQ99-719-Stg;WZG99-719-Stg_W2;136;9918570;48.16757125;11.74114578;5375;34.71;;Betriebsstatus1;Streckenstation2065;SST99-719;4;UZ Aschheim;A99 Richtung Lindau
3576;64416;Querschnitt7021;BMS99-719;BMS99-719_Tuer;1;9918570;;;;34.7;;Betriebsstatus1;Streckenstation2065;SST99-719;6;UZ Aschheim;A99 Richtung Lindau
3581;55037;Querschnitt3327;MQ99-720-Stg_A;DET99-720-Stg_A1;65;9918570;48.16970007;11.73900002;3327;34.7;;Betriebsstatus1;Streckenstation2065;SST99-719;1;UZ Aschheim;A99 Richtung Lindau
3582;52055;Querschnitt3328;MQ99-720-Stg_E;DET99-720-Stg_E1;129;9918570;48.17060001;11.73819995;3328;34.7;;Betriebsstatus1;Streckenstation2065;SST99-719;1;UZ Aschheim;A99 Richtung Lindau
3583;54923;Querschnitt3898;NMG99-720-Stg;WUD_SW_99-720-Stg;2;9918570;48.16747208;11.74119576;3898;34.7;;Betriebsstatus1;Streckenstation2065;SST99-719;3;UZ Aschheim;A99 Richtung Lindau
3584;52272;Querschnitt3837;WS_GMA99-720-Stg;WUD_NI_99-720-Stg;3;9918570;48.1686983;11.73983255;3837;34.7;;Betriebsstatus1;Streckenstation2065;SST99-719;3;UZ Aschheim;A99 Richtung Lindau
3586;60269;Querschnitt3584;AQ99-720-Stg;WZG99-720-Stg_B2;66;9918561;48.16858006;11.73964496;3584;34.55;;Betriebsstatus1;Streckenstation793;SST99-720;4;UZ Aschheim;A99 Richtung Lindau
3598;50557;Querschnitt4159;BMS99-720;BMS99-720_Tuer;1;9918561;48.16855185;11.73988984;4159;34.7;;Betriebsstatus1;Streckenstation793;SST99-720;6;UZ Aschheim;A99 Richtung Lindau
3603;59243;Querschnitt3773;GMA_HK_99-720-Stg;WUD_HK_99-720-Stg;1;9918561;48.1748518;11.73326688;3773;34.55;;Betriebsstatus1;Streckenstation793;SST99-720;3;UZ Aschheim;A99 Richtung Lindau
3604;56016;Querschnitt3326;MQ99-720-Stg_H;DET99-720-Stg_H4;4;9918561;48.16860001;11.73959995;3326;34.55;;Betriebsstatus1;Streckenstation793;SST99-720;1;UZ Aschheim;A99 Richtung Lindau
3608;61742;Querschnitt5370;AQ99-721-Stg;WZG99-721-Stg_W1;1;9918547;48.17004335;11.73875847;5370;34.39;;Betriebsstatus1;Streckenstation1458;SST99-721;4;UZ Aschheim;A99 Richtung Lindau
3610;55283;Querschnitt5371;BMS99-721;BMS99-721_Licht;3;9918547;48.1702179;11.73858796;5371;34.39;;Betriebsstatus1;Streckenstation1458;SST99-721;6;UZ Aschheim;A99 Richtung Lindau
3615;51254;Querschnitt5366;MQ99-721-Stg_A;DET99-721-Stg_A1;65;9918547;48.1677282;11.74155493;5366;34.38;;Betriebsstatus1;Streckenstation1458;SST99-721;1;UZ Aschheim;A99 Richtung Lindau
3616;60222;Querschnitt5365;MQ99-721-Stg_E;DET99-721-Stg_E1;129;9918547;48.16792587;11.74115107;5365;34.38;;Betriebsstatus1;Streckenstation1458;SST99-721;1;UZ Aschheim;A99 Richtung Lindau
3617;54544;Querschnitt3587;AQ99-728-Stg;WZG99-728-Stg_W1;129;9918524;48.17272169;11.73569534;3587;34.0;;Betriebsstatus1;Streckenstation792;SST99-728;4;UZ Aschheim;A99 Richtung Lindau
3618;59830;Querschnitt4160;BMS99-728;BMS99-728_Temp;2;9918524;48.17261314;11.7358055;4160;34.03;;Betriebsstatus1;Streckenstation792;SST99-728;6;UZ Aschheim;A99 Richtung Lindau
3623;59475;Querschnitt3588;AQ99-730-Stg;WZG99-730-Stg_C3;75;9918480;48.17700221;11.73089992;3588;33.43;;Betriebsstatus1;Streckenstation791;SST99-730;4;UZ Aschheim;A99 Richtung Lindau
3636;55393;Querschnitt4161;BMS99-730;BMS99-730_Netz;4;9918480;48.17691588;11.73104771;4161;33.46;;Betriebsstatus1;Streckenstation791;SST99-730;6;UZ Aschheim;A99 Richtung Lindau
3641;59503;Querschnitt3774;GMA_HK_99-730-Stg;WUD_HK_99-730-Stg;1;9918480;48.17700942;11.73093715;3774;33.43;;Betriebsstatus1;Streckenstation791;SST99-730;3;UZ Aschheim;A99 Richtung Lindau
3642;59812;Querschnitt3329;MQ99-730-Stg_H;DET99-730-Stg_H4;4;9918480;48.17698787;11.73086093;3329;33.43;;Betriebsstatus1;Streckenstation791;SST99-730;1;UZ Aschheim;A99 Richtung Lindau
3646;56569;Querschnitt3899;NMG99-730-Stg;WUD_SW_99-730-Stg;2;9918480;48.17696207;11.73099954;3899;33.44;;Betriebsstatus1;Streckenstation791;SST99-730;3;UZ Aschheim;A99 Richtung Lindau
3647;56317;Querschnitt3590;AQ99-732-Stg;WZG99-732-Stg_C1;131;9918435;48.18113704;11.7258797;3590;32.84;;Betriebsstatus1;Streckenstation790;SST99-732;4;UZ Aschheim;A99 Richtung Lindau
3650;62924;Querschnitt4162;BMS99-732;BMS99-732_Netz;4;9918435;48.18099958;11.7261117;4162;32.87;;Betriebsstatus1;Streckenstation790;SST99-732;6;UZ Aschheim;A99 Richtung Lindau
3655;58794;Querschnitt3775;GMA_HK_99-732-Stg;WUD_HK_99-732-Stg;1;9918435;48.18109674;11.7259404;3775;32.84;;Betriebsstatus1;Streckenstation790;SST99-732;3;UZ Aschheim;A99 Richtung Lindau
3656;63208;Querschnitt3591;AQ99-734-Stg;WZG99-734-Stg_A1;1;9918421;48.18208536;11.72442654;3591;32.65;;Betriebsstatus1;Streckenstation789;SST99-734;4;UZ Aschheim;A99 Richtung Lindau
3658;63276;Querschnitt4163;BMS99-734;BMS99-734_Netz;4;9918421;48.18199296;11.72459071;4163;32.68;;Betriebsstatus1;Streckenstation789;SST99-734;6;UZ Aschheim;A99 Richtung Lindau
3663;57577;Querschnitt3776;GMA_HK_99-734-Stg;WUD_HK_99-734-Stg;1;9918421;48.1821021;11.72445847;3776;32.65;;Betriebsstatus1;Streckenstation789;SST99-734;3;UZ Aschheim;A99 Richtung Lindau
3664;55290;Querschnitt4164;BMS99-735;BMS99-735_Temp;2;9918413;48.18259962;11.72355207;4164;32.57;;Betriebsstatus1;Streckenstation788;SST99-735;6;UZ Aschheim;A99 Richtung Lindau
3669;55010;Querschnitt3839;WS_GMA99-735-Stg;WUD_LT_99-735-Stg;41;9918413;48.18268948;11.72332031;3839;32.57;;Betriebsstatus1;Streckenstation788;SST99-735;3;UZ Aschheim;A99 Richtung Lindau
3680;55947;Querschnitt3592;AQ99-738-Stg;WZG99-738-Stg_W1;1;9918383;48.18517262;11.71896237;3592;32.14;;Betriebsstatus1;Streckenstation787;SST99-738;4;UZ Aschheim;A99 Richtung Lindau
3684;60241;Querschnitt4165;BMS99-738;BMS99-738_Licht;3;9918383;48.18514455;11.71915822;4165;32.17;;Betriebsstatus1;Streckenstation787;SST99-738;6;UZ Aschheim;A99 Richtung Lindau
3689;52035;Querschnitt3900;NMG99-738-Stg;WUD_SW_99-738-Stg;1;9918383;48.18509712;11.71922252;3900;32.17;;Betriebsstatus1;Streckenstation787;SST99-738;3;UZ Aschheim;A99 Richtung Lindau
3690;59861;Querschnitt3593;AQ99-740-Stg;WZG99-740-Stg_C3;75;9918368;48.1864231;11.71656079;3593;31.929;;Betriebsstatus1;Streckenstation786;SST99-740;4;UZ Aschheim;A99 Richtung Lindau
3702;60390;Querschnitt4166;BMS99-740;BMS99-740_Tuer;1;9918368;48.18635226;11.71677824;4166;31.966;;Betriebsstatus1;Streckenstation786;SST99-740;6;UZ Aschheim;A99 Richtung Lindau
3707;53876;Querschnitt3777;GMA_HK_99-740-Stg;WUD_HK_99-740-Stg;1;9918368;48.18645415;11.71660688;3777;31.966;;Betriebsstatus1;Streckenstation786;SST99-740;3;UZ Aschheim;A99 Richtung Lindau
3708;51693;Querschnitt3330;MQ99-740-Stg_H;DET99-740-Stg_H3;3;9918368;48.18636574;11.71645791;3330;31.966;78369211;Betriebsstatus1;Streckenstation786;SST99-740;1;UZ Aschheim;A99 Richtung Lindau
3712;57705;Querschnitt3595;AQ99-742-Stg;WZG99-742-Stg_W1;1;9918348;48.18751294;11.71392882;3595;31.67;;Betriebsstatus1;Streckenstation785;SST99-742;4;UZ Aschheim;A99 Richtung Lindau
3714;59381;Querschnitt4167;BMS99-742;BMS99-742_Heiz;5;9918348;48.18741459;11.714158;4167;31.7;;Betriebsstatus1;Streckenstation785;SST99-742;6;UZ Aschheim;A99 Richtung Lindau
3719;55922;Querschnitt3596;AQ99-746-Stg;WZG99-746-Stg_A1;1;9918291;48.19070894;11.70457682;3596;30.9;;Betriebsstatus1;Streckenstation784;SST99-746;4;UZ Aschheim;A99 Richtung Lindau
3722;59649;Querschnitt4168;BMS99-746;BMS99-746_Temp;2;9918291;48.19057528;11.70506179;4168;30.93;;Betriebsstatus1;Streckenstation784;SST99-746;6;UZ Aschheim;A99 Richtung Lindau
3727;55704;Querschnitt3778;GMA_HK_99-746-Stg;WUD_HK_99-746-Stg;1;9918291;48.19070894;11.70457682;3778;30.9;;Betriebsstatus1;Streckenstation784;SST99-746;3;UZ Aschheim;A99 Richtung Lindau
3728;59863;Querschnitt3598;AQ99-750-Stg;WZG99-750-Stg_B2;66;9918242;48.19248776;11.69694025;3598;30.3;;Betriebsstatus1;Streckenstation783;SST99-750;4;UZ Aschheim;A99 Richtung Lindau
3741;60233;Querschnitt4169;BMS99-750;BMS99-750_Licht;3;9918242;48.19238119;11.69745199;4169;30.33;;Betriebsstatus1;Streckenstation783;SST99-750;6;UZ Aschheim;A99 Richtung Lindau
3746;63283;Querschnitt3779;GMA_HK_99-750-Stg;WUD_HK_99-750-Stg;1;9918242;48.19248776;11.69694025;3779;30.3;;Betriebsstatus1;Streckenstation783;SST99-750;3;UZ Aschheim;A99 Richtung Lindau
3747;51115;Querschnitt3331;MQ99-750-Stg_H;DET99-750-Stg_H1;1;9918242;48.19260003;11.69619995;3331;30.3;;Betriebsstatus1;Streckenstation783;SST99-750;1;UZ Aschheim;A99 Richtung Lindau
3751;61285;Querschnitt3600;AQ99-752-Stg;WZG99-752-Stg_W1;129;9918222;48.19326894;11.69307534;3600;30.0;;Betriebsstatus1;Streckenstation782;SST99-752;4;UZ Aschheim;A99 Richtung Lindau
3752;60121;Querschnitt4170;BMS99-752;BMS99-752_Netz;4;9918222;48.19326894;11.69307534;4170;30.0;;Betriebsstatus1;Streckenstation782;SST99-752;6;UZ Aschheim;A99 Richtung Lindau
3757;59648;Querschnitt4171;BMS99-755;BMS99-755_Licht;3;9918183;48.19465386;11.68638196;4171;29.47;;Betriebsstatus1;Streckenstation781;SST99-755;6;UZ Aschheim;A99 Richtung Lindau
3762;53555;Querschnitt3901;NMG99-755-Stg;WUD_SW_99-755-Stg;1;9918183;48.19465386;11.68638196;3901;29.47;;Betriebsstatus1;Streckenstation781;SST99-755;3;UZ Aschheim;A99 Richtung Lindau
3763;60575;Querschnitt3602;AQ99-760-Stg;WZG99-760-Stg_A1;1;9918096;48.19898566;11.67105085;3602;28.27;;Betriebsstatus1;Streckenstation779;SST99-760;4;UZ Aschheim;A99 Richtung Lindau
3774;59749;Querschnitt3603;AQ99-760-Stg_PW;WZG99-760-Stg_PW1;129;9918096;48.19896794;11.67100166;3603;28.3;;Betriebsstatus1;Streckenstation779;SST99-760;4;UZ Aschheim;A99 Richtung Lindau
3775;50673;Querschnitt4173;BMS99-760;BMS99-760_Licht;3;9918096;48.198905;11.67145763;4173;28.3;;Betriebsstatus1;Streckenstation779;SST99-760;6;UZ Aschheim;A99 Richtung Lindau
3780;59255;Querschnitt3781;GMA_HK_99-760-Stg;WUD_HK_99-760-Stg;1;9918096;48.19898169;11.67104289;3781;28.27;;Betriebsstatus1;Streckenstation779;SST99-760;3;UZ Aschheim;A99 Richtung Lindau
3781;51819;Querschnitt3332;MQ99-760-Stg_H;DET99-760-Stg_H2;2;9918096;48.19891552;11.67097352;3332;28.27;;Betriebsstatus1;Streckenstation779;SST99-760;1;UZ Aschheim;A99 Richtung Lindau
3785;60237;Querschnitt3604;AQ99-762-Stg;WZG99-762-Stg_W1;129;9918039;48.20169369;11.66340206;3604;27.6;;Betriebsstatus1;Streckenstation778;SST99-762;4;UZ Aschheim;A99 Richtung Lindau
3786;60417;Querschnitt4174;BMS99-762;BMS99-762_Tuer;1;9918039;48.20172724;11.66340368;4174;27.6;;Betriebsstatus1;Streckenstation778;SST99-762;6;UZ Aschheim;A99 Richtung Lindau
3791;59495;Querschnitt3605;AQ99-765-Stg;WZG99-765-Stg_W7;7;9918031;48.20287837;11.66063049;3605;27.4;;Betriebsstatus1;Streckenstation777;SST99-765;4;UZ Aschheim;A99 Richtung Lindau
3800;55323;Querschnitt4175;BMS99-765;BMS99-765_Licht;3;9918031;48.20280505;11.66082198;4175;27.42;;Betriebsstatus1;Streckenstation777;SST99-765;6;UZ Aschheim;A99 Richtung Lindau
3805;54937;Querschnitt3606;AQ99-770-Stg;WZG99-770-Stg_A1;1;9917987;48.20583704;11.65433875;3606;26.795;;Betriebsstatus1;Streckenstation776;SST99-770;4;UZ Aschheim;A99 Richtung Lindau
3816;58500;Querschnitt6006;AQ99-770-Stg_PW;WZG99-770-Stg_PW1;129;9917987;48.20558908;11.65472577;6006;26.825;;Betriebsstatus1;Streckenstation776;SST99-770;4;UZ Aschheim;A99 Richtung Lindau
3817;55249;Querschnitt4176;BMS99-770;BMS99-770_Netz;4;9917987;48.20558908;11.65472577;4176;26.825;;Betriebsstatus1;Streckenstation776;SST99-770;6;UZ Aschheim;A99 Richtung Lindau
3822;58409;Querschnitt3782;GMA_HK_99-770-Stg;WUD_HK_99-770-Stg;1;9917987;48.20584765;11.65434015;3782;26.795;;Betriebsstatus1;Streckenstation776;SST99-770;3;UZ Aschheim;A99 Richtung Lindau
3823;59559;Querschnitt3608;AQ99-772-Stg;WZG99-772-Stg_W3c;9;9917967;48.20747649;11.65153838;3608;26.52;;Betriebsstatus1;Streckenstation775;SST99-772;4;UZ Aschheim;A99 Richtung Lindau
3832;59878;Querschnitt4177;BMS99-772;BMS99-772_Tuer;1;9917967;48.20734892;11.65174307;4177;26.55;;Betriebsstatus1;Streckenstation775;SST99-772;6;UZ Aschheim;A99 Richtung Lindau
3837;51650;Querschnitt3333;MQ99-772-Stg_H;DET99-772-Stg_H2;2;9917967;48.20742428;11.65148271;3333;26.55;77359010;Betriebsstatus1;Streckenstation775;SST99-772;1;UZ Aschheim;A99 Richtung Lindau
3841;55395;Querschnitt4178;BMS99-775;BMS99-775_Temp;2;9917935;48.20986136;11.64776296;4178;26.12;;Betriebsstatus1;Streckenstation774;SST99-775;6;UZ Aschheim;A99 Richtung Lindau
3846;60636;Querschnitt3902;NMG99-775-Stg;WUD_SW_99-775-Stg;44;9917935;48.20983488;11.64781218;3902;26.12;;Betriebsstatus1;Streckenstation774;SST99-775;3;UZ Aschheim;A99 Richtung Lindau
3847;55311;Querschnitt3840;WS_GMA99-775-Sbg;WUD_RS_99-775-Sbg;2;9917935;48.20951637;11.64749866;3840;26.12;;Betriebsstatus1;Streckenstation774;SST99-775;3;UZ Aschheim;A99 Richtung Salzburg
3854;51679;Querschnitt3841;WS_GMA99-775-Stg;WUD_FGW_99-775-Stg;40;9917935;48.20981044;11.64785832;3841;26.12;;Betriebsstatus1;Streckenstation774;SST99-775;3;UZ Aschheim;A99 Richtung Lindau
3865;55200;Querschnitt3609;AQ99-777-Stg;WZG99-777-Stg_W1b;3;9917890;48.21235566;11.64410427;3609;25.71;;Betriebsstatus1;Streckenstation773;SST99-777;4;UZ Aschheim;A99 Richtung Lindau
3868;51128;Querschnitt4179;BMS99-777;BMS99-777_Temp;2;9917890;48.21223029;11.64428006;4179;25.74;;Betriebsstatus1;Streckenstation773;SST99-777;6;UZ Aschheim;A99 Richtung Lindau
3873;59404;Querschnitt3610;AQ99-780-Stg;WZG99-780-Stg_A3;3;9917883;48.21466652;11.64075933;3610;25.39;;Betriebsstatus1;Streckenstation772;SST99-780;4;UZ Aschheim;A99 Richtung Lindau
3883;55691;Querschnitt4180;BMS99-780;BMS99-780_Netz;4;9917883;48.21463217;11.64091284;4180;25.42;;Betriebsstatus1;Streckenstation772;SST99-780;6;UZ Aschheim;A99 Richtung Lindau
3888;55560;Querschnitt3783;GMA_HK_99-780-Stg;WUD_HK_99-780-Stg;1;9917883;48.21468925;11.64082048;3783;25.39;;Betriebsstatus1;Streckenstation772;SST99-780;3;UZ Aschheim;A99 Richtung Lindau
3889;56506;Querschnitt3334;MQ99-780-Stg_H;DET99-780-Stg_H4;4;9917883;48.21465207;11.64072571;3334;25.39;;Betriebsstatus1;Streckenstation772;SST99-780;1;UZ Aschheim;A99 Richtung Lindau
3893;50667;Querschnitt3611;AQ99-782-Stg;WZG99-782-Stg_W2;2;9917865;48.2160897;11.63857595;3611;25.145;;Betriebsstatus1;Streckenstation771;SST99-782;4;UZ Aschheim;A99 Richtung Lindau
3896;52855;Querschnitt4181;BMS99-782;BMS99-782_Tuer;1;9917865;48.21602295;11.63884925;4181;25.175;;Betriebsstatus1;Streckenstation771;SST99-782;6;UZ Aschheim;A99 Richtung Lindau
3901;60317;Querschnitt3612;AQ99-784-Stg;WZG99-784-Stg_W1a;4;9917843;48.21805475;11.63542909;3612;24.84;;Betriebsstatus1;Streckenstation770;SST99-784;4;UZ Aschheim;A99 Richtung Lindau
3904;67692;Querschnitt7607;AQ99-9-B10-Stg;WZG99-9-B10-Stg_A1;1;9917842;48.21904332;11.63448398;;24.736;;Betriebsstatus1;Streckenstation2187;SST99-784;4;UZ Aschheim;
3906;56324;Querschnitt3621;AQ99-9-B10-Stg;WZG99-9-B10-Stg_B1;65;9917843;48.21904333;11.63448399;3621;24.736;;Betriebsstatus1;Streckenstation770;SST99-784;4;UZ Aschheim;A99 Richtung Lindau
3912;52822;Querschnitt4182;BMS99-784;BMS99-784_Netz;4;9917843;48.21809939;11.6352939;4182;24.87;;Betriebsstatus1;Streckenstation770;SST99-784;6;UZ Aschheim;A99 Richtung Lindau
3913;67934;Querschnitt7608;BMS99-784;BMS99-784_Temp;2;9917842;48.21809939;11.6352939;;24.87;;Betriebsstatus1;Streckenstation2187;SST99-784;6;UZ Aschheim;
3921;51339;Querschnitt3792;GMA_HK_99-9-B10-Stg;WUD_HK_99-9-B10-Stg;1;9917843;48.21895771;11.63461949;3792;24.736;;Betriebsstatus1;Streckenstation770;SST99-784;3;UZ Aschheim;A99 Richtung Lindau
3922;67937;Querschnitt7609;GMA_HK_99-9-B10-Stg;WUD_HK_99-9-B10-Stg;5;9917842;48.21895771;11.63461949;;24.736;;Betriebsstatus1;Streckenstation2187;SST99-784;3;UZ Aschheim;
3923;67612;Querschnitt7606;MQ99-786-Stg_H;DET99-786-Stg_H2;66;9917842;48.21817263;11.63513395;;24.705;;Betriebsstatus1;Streckenstation2187;SST99-784;1;UZ Aschheim;
3924;61323;Querschnitt3335;MQ99-786-Stg_H;DET99-786-Stg_H2;2;9917843;48.21817264;11.63513396;3335;24.67;;Betriebsstatus1;Streckenstation770;SST99-784;1;UZ Aschheim;A99 Richtung Lindau
3927;60487;Querschnitt3346;MQ99-9-B10-Stg_A;DET99-9-B10-Stg_A2;66;9917843;48.21899802;11.63441074;3346;24.705;;Betriebsstatus1;Streckenstation770;SST99-784;1;UZ Aschheim;A99 Richtung Lindau
3929;54120;Querschnitt4731;AQ99-785-Stg;WZG99-785-Stg_W1;1;9907812;48.22042502;11.6308995;4731;24.42;;Betriebsstatus1;Streckenstation1272;SST99-785;4;UZ Aschheim;A99 Richtung Lindau
3930;59641;Querschnitt4730;BMS99-785;BMS99-785_Netz;4;9907812;48.22034849;11.63131086;4730;24.46;;Betriebsstatus1;Streckenstation1272;SST99-785;6;UZ Aschheim;A99 Richtung Lindau
3935;51643;Querschnitt5018;AQ99-800-Stg;WZG99-800-Stg_A1;1;9917783;48.22228718;11.62704462;5018;24.045;;Betriebsstatus1;Streckenstation1364;SST99-800;4;UZ Aschheim;A99 Richtung Lindau
3939;57496;Querschnitt5019;BMS99-800;BMS99-800_Tuer;1;9917783;48.22222649;11.62728113;5019;24.075;;Betriebsstatus1;Streckenstation1364;SST99-800;6;UZ Aschheim;A99 Richtung Lindau
3942;55744;Querschnitt5017;GMA_HK_99-800-Stg;WUD_HK_99-800-Stg;1;9917783;48.22228718;11.62704462;5017;24.045;;Betriebsstatus1;Streckenstation1364;SST99-800;3;UZ Aschheim;A99 Richtung Lindau
3943;63232;Querschnitt5016;MQ99-800-Stg_H;DET99-800-Stg_H2;2;9917783;48.22225627;11.62698659;5016;24.045;;Betriebsstatus1;Streckenstation1364;SST99-800;1;UZ Aschheim;A99 Richtung Lindau
3945;59327;Querschnitt5021;AQ99-805-Stg;WZG99-805-Stg_C1;134;9917776;48.22299381;11.62572422;5021;23.95;;Betriebsstatus1;Streckenstation1365;SST99-805;4;UZ Aschheim;A99 Richtung Lindau
3948;54959;Querschnitt5022;BMS99-805;BMS99-805_Tuer;1;9917776;48.2228428;11.62590928;5022;23.957;;Betriebsstatus1;Streckenstation1365;SST99-805;6;UZ Aschheim;A99 Richtung Lindau
3951;61014;Querschnitt5020;GMA_HK_99-805-Stg;WUD_HK_99-805-Stg;1;9917776;48.22299381;11.62572422;5020;23.95;;Betriebsstatus1;Streckenstation1365;SST99-805;3;UZ Aschheim;A99 Richtung Lindau
3952;51791;Querschnitt5025;AQ99-810-Stg;WZG99-810-Stg_B2;66;9917716;48.22618645;11.61599373;5025;23.135;;Betriebsstatus1;Streckenstation1366;SST99-810;4;UZ Aschheim;A99 Richtung Lindau
3959;55368;Querschnitt5026;BMS99-810;BMS99-810_Tuer;1;9917716;48.22616707;11.61632501;5026;23.165;;Betriebsstatus1;Streckenstation1366;SST99-810;6;UZ Aschheim;A99 Richtung Lindau
3962;63041;Querschnitt5024;GMA_HK_99-810-Stg;WUD_HK_99-810-Stg;1;9917716;48.22620315;11.61608559;5024;23.135;;Betriebsstatus1;Streckenstation1366;SST99-810;3;UZ Aschheim;A99 Richtung Lindau
3963;60564;Querschnitt5023;MQ99-810-Stg_H;DET99-810-Stg_H2;2;9917716;48.22610416;11.61589009;5023;23.135;;Betriebsstatus1;Streckenstation1366;SST99-810;1;UZ Aschheim;A99 Richtung Lindau
3966;51754;Querschnitt6004;AQ99-810a-l-Stg;WZG99-810a-l-Stg_B1;132;9917710;48.22659884;11.6149635;6004;23.06;;Betriebsstatus1;Streckenstation1174;SST99-810a;4;UZ Aschheim;A99 Richtung Salzburg
3969;59743;Querschnitt4461;AQ99-810a-r-Stg;WZG99-810a-r-Stg_C1;133;9917710;48.22673453;11.61501165;4461;23.06;;Betriebsstatus1;Streckenstation1174;SST99-810a;4;UZ Aschheim;A99 Richtung Salzburg
3972;59477;Querschnitt4463;BMS99-810a;BMS99-810a_Netz;3;9917710;48.22648769;11.61488443;4463;23.09;;Betriebsstatus1;Streckenstation1174;SST99-810a;6;UZ Aschheim;A99 Richtung Salzburg
3975;62836;Querschnitt6005;GMA_HK_99-810a-l-Stg;WUD_HK_99-810a-l-Stg;2;9917710;48.22657385;11.6148592;6005;23.06;;Betriebsstatus1;Streckenstation1174;SST99-810a;3;UZ Aschheim;A99 Richtung Salzburg
3976;52799;Querschnitt4462;GMA_HK_99-810a-r-Stg;WUD_HK_99-810a-r-Stg;1;9917710;48.22673069;11.61509159;4462;23.06;;Betriebsstatus1;Streckenstation1174;SST99-810a;3;UZ Aschheim;A99 Richtung Salzburg
3977;55601;Querschnitt4460;MQ99-810a-Stg_E;DET99-810a-Stg_E1;129;9917710;48.2266766;11.61488301;4460;23.06;;Betriebsstatus1;Streckenstation1174;SST99-810a;1;UZ Aschheim;A99 Richtung Lindau
3979;59373;Querschnitt5029;AQ99-811-Stg;WZG99-811-Stg_A2;2;9917633;48.22867199;11.60143131;5029;22.02;;Betriebsstatus1;Streckenstation1367;SST99-811;4;UZ Aschheim;A99 Richtung Lindau
3992;51217;Querschnitt5030;BMS99-811;BMS99-811_Tuer;1;9917633;48.22874323;11.60184259;5030;22.05;;Betriebsstatus1;Streckenstation1367;SST99-811;6;UZ Aschheim;A99 Richtung Lindau
3995;62844;Querschnitt5028;GMA_HK_99-811-Stg;WUD_HK_99-811-Stg;1;9917633;48.22874189;11.60145536;5028;22.02;;Betriebsstatus1;Streckenstation1367;SST99-811;3;UZ Aschheim;A99 Richtung Lindau
3996;61262;Querschnitt5027;MQ99-811-Stg_H;DET99-811-Stg_H2;2;9917633;48.22860003;11.60140002;5027;22.02;77359215;Betriebsstatus1;Streckenstation1367;SST99-811;1;UZ Aschheim;A99 Richtung Lindau
4001;59747;Querschnitt4183;BMS99-818;BMS99-818_Netz;3;9917557;48.2288341;11.58827963;4183;21.02;;Betriebsstatus1;Streckenstation769;SST99-818;6;UZ Aschheim;A99 Richtung Lindau
4004;63079;Querschnitt3336;MQ99-818-Stg_A;DET99-818-Stg_A2;66;9917557;48.22900001;11.58839998;3336;21.02;;Betriebsstatus1;Streckenstation769;SST99-818;1;UZ Aschheim;A99 Richtung Lindau
4006;55900;Querschnitt3337;MQ99-818-Stg_E;DET99-818-Stg_E1;129;9917557;48.22890002;11.58750004;3337;21.02;;Betriebsstatus1;Streckenstation769;SST99-818;1;UZ Aschheim;A99 Richtung Lindau
4007;53111;Querschnitt3613;AQ99-820-Stg;WZG99-820-Stg_B1;65;9917530;48.22846188;11.58269776;3613;20.631;;Betriebsstatus1;Streckenstation768;SST99-820;4;UZ Aschheim;A99 Richtung Lindau
4017;60134;Querschnitt4184;BMS99-820;BMS99-820_Tuer;1;9917530;48.22857416;11.58308409;4184;20.661;;Betriebsstatus1;Streckenstation768;SST99-820;6;UZ Aschheim;A99 Richtung Lindau
4020;55230;Querschnitt3784;GMA_HK_99-820-Stg;WUD_HK_99-820-Stg;1;9917530;48.22850293;11.58269128;3784;20.631;;Betriebsstatus1;Streckenstation768;SST99-820;3;UZ Aschheim;A99 Richtung Lindau
4021;53037;Querschnitt3339;MQ99-820-Stg_H;DET99-820-Stg_H4;4;9917530;48.22840006;11.58269997;3339;20.631;;Betriebsstatus1;Streckenstation768;SST99-820;1;UZ Aschheim;A99 Richtung Lindau
4025;50698;Querschnitt3614;AQ99-830-Stg;WZG99-830-Stg_C2;74;9917420;48.22703145;11.56299742;3614;19.158;;Betriebsstatus1;Streckenstation767;SST99-830;4;UZ Aschheim;A99 Richtung Lindau
4032;59372;Querschnitt4185;BMS99-830;BMS99-830_Temp;2;9917420;48.22703446;11.5632494;4185;19.174;;Betriebsstatus1;Streckenstation767;SST99-830;6;UZ Aschheim;A99 Richtung Lindau
4035;55463;Querschnitt3785;GMA_HK_99-830-Stg;WUD_HK_99-830-Stg;1;9917420;48.2270622;11.56298179;3785;19.158;;Betriebsstatus1;Streckenstation767;SST99-830;3;UZ Aschheim;A99 Richtung Lindau
4036;54977;Querschnitt3340;MQ99-830-Stg_H;DET99-830-Stg_H1;1;9917420;48.22695753;11.56299805;3340;19.26;77359210;Betriebsstatus1;Streckenstation767;SST99-830;1;UZ Aschheim;A99 Richtung Lindau
4039;60950;Querschnitt3615;AQ99-840-Stg;WZG99-840-Stg_A3;3;9917330;48.22654828;11.54646856;3615;17.925;;Betriebsstatus1;Streckenstation766;SST99-840;4;UZ Aschheim;A99 Richtung Lindau
4046;59518;Querschnitt4186;BMS99-840;BMS99-840_Netz;3;9917330;48.22668864;11.54733681;4186;17.955;;Betriebsstatus1;Streckenstation766;SST99-840;6;UZ Aschheim;A99 Richtung Lindau
4049;51031;Querschnitt3786;GMA_HK_99-840-Stg;WUD_HK_99-840-Stg;1;9917330;48.22659815;11.54648676;3786;17.925;;Betriebsstatus1;Streckenstation766;SST99-840;3;UZ Aschheim;A99 Richtung Lindau
4050;55316;Querschnitt3341;MQ99-840-Stg_H;DET99-840-Stg_H2;2;9917330;48.22654828;11.54646856;3341;17.925;;Betriebsstatus1;Streckenstation766;SST99-840;1;UZ Aschheim;A99 Richtung Lindau
4053;59736;Querschnitt3616;AQ99-845-Stg;WZG99-845-Stg_A1;1;9916036;48.22697024;11.54709251;3616;0.523;;Betriebsstatus1;Streckenstation763;SST99-845;4;UZ Aschheim;A99 Richtung Lindau
4057;56329;Querschnitt4187;BMS99-845;BMS99-845_Temp;2;9916036;48.22678986;11.54722947;4187;0.49;;Betriebsstatus1;Streckenstation763;SST99-845;6;UZ Aschheim;A99 Richtung Lindau
4060;52865;Querschnitt3787;GMA_HK_99-845-Stg;WUD_HK_99-845-Stg;1;9916036;48.22697024;11.54709251;3787;0.523;;Betriebsstatus1;Streckenstation763;SST99-845;3;UZ Aschheim;A99 Richtung Lindau
4061;62921;Querschnitt3342;MQ99-845-Stg_H;DET99-845-Stg_H2;2;9916036;48.22690889;11.54701;3342;0.523;;Betriebsstatus1;Streckenstation763;SST99-845;1;UZ Aschheim;A99 Richtung Lindau
4063;57384;Querschnitt3617;AQ99-850-Stg_DLZ;WZG99-850-Stg_DLZ1;1;9917292;48.22614907;11.53998208;3617;17.445;;Betriebsstatus1;Streckenstation765;SST99-850;4;UZ Aschheim;A99 Richtung Lindau
4064;60962;Querschnitt4188;BMS99-850;BMS99-850_Tuer;1;9917292;48.22621245;11.5402672;4188;17.445;;Betriebsstatus1;Streckenstation765;SST99-850;6;UZ Aschheim;A99 Richtung Lindau
4067;60076;Querschnitt3788;GMA_HK_99-850-Stg;WUD_HK_99-850-Stg;1;9917292;48.22619471;11.53998168;3788;17.445;;Betriebsstatus1;Streckenstation765;SST99-850;3;UZ Aschheim;A99 Richtung Lindau
4068;55165;Querschnitt3618;AQ99-860-Stg;WZG99-860-Stg_B2;66;9917185;48.22268024;11.52124925;3618;16.0;;Betriebsstatus1;Streckenstation764;SST99-860;4;UZ Aschheim;A99 Richtung Lindau
4075;60318;Querschnitt4189;BMS99-860;BMS99-860_Netz;3;9917185;48.22287018;11.52152073;4189;16.0;;Betriebsstatus1;Streckenstation764;SST99-860;6;UZ Aschheim;A99 Richtung Lindau
4078;61457;Querschnitt3789;GMA_HK_99-860-Stg;WUD_HK_99-860-Stg;1;9917185;48.22278161;11.52117688;3789;16.0;;Betriebsstatus1;Streckenstation764;SST99-860;3;UZ Aschheim;A99 Richtung Lindau
4079;57346;Querschnitt3343;MQ99-860-Stg_H;DET99-860-Stg_H2;2;9917185;48.22272993;11.52122394;3343;16.0;77359100;Betriebsstatus1;Streckenstation764;SST99-860;1;UZ Aschheim;A99 Richtung Lindau
4082;60133;Querschnitt4478;AQ99-880-Stg;WZG99-880-Stg_W2;2;9907021;48.21138853;11.49642002;4478;13.76;;Betriebsstatus1;Streckenstation1183;SST99-880;4;UZ Aschheim;A99 Richtung Lindau
4086;54952;Querschnitt4477;BMS99-880;BMS99-880_Tuer;1;9907021;48.21169963;11.496864;4477;13.79;;Betriebsstatus1;Streckenstation1183;SST99-880;6;UZ Aschheim;A99 Richtung Lindau
4089;61278;Querschnitt4480;AQ99-890-Stg;WZG99-890-Stg_BL1;3;9906986;48.2097706;11.49087298;4480;13.28;;Betriebsstatus1;Streckenstation1184;SST99-890;4;UZ Aschheim;A99 Richtung Lindau
4093;59583;Querschnitt4479;BMS99-890;BMS99-890_Temp;2;9906986;48.20983624;11.49117035;4479;13.31;;Betriebsstatus1;Streckenstation1184;SST99-890;6;UZ Aschheim;A99 Richtung Lindau
4096;59820;Querschnitt1006;AQ99500_Stg_H;WZG99500_Stg_A2;2;9919993;48.02613118;11.64921992;1006;53.87;;Betriebsstatus1;Streckenstation387;SST99500;4;UZ Aschheim;A99 Richtung Lindau
4100;55908;Querschnitt4706;BMS99500;BMS99500_Heiz;5;9919993;;;4706;53.9;;Betriebsstatus1;Streckenstation387;SST99500;6;UZ Aschheim;A99 Richtung Lindau
4105;53067;Querschnitt1007;MQ99500_Stg_H;DET99500_Stg_H1;1;9919993;48.02623645;11.64926101;1007;53.87;;Betriebsstatus1;Streckenstation387;SST99500;1;UZ Aschheim;A99 Richtung Lindau
4107;60008;Querschnitt1008;WS_GMA99500_Stg_H;WUD_HK_99500_Stg_H;1;9919993;48.02616287;11.64888529;1008;53.88;;Betriebsstatus1;Streckenstation387;SST99500;3;UZ Aschheim;A99 Richtung Lindau
4110;55444;Querschnitt1005;AQ99510_Stg_H;WZG99510_Stg_C1;73;9919926;48.02937498;11.66345653;1005;52.97;;Betriebsstatus1;Streckenstation386;SST99510;4;UZ Aschheim;A99 Richtung Lindau
4114;55168;Querschnitt6012;AQ99D10_Stg_H;WZG99D10_Stg_A2;5;9919926;48.02929413;11.66377754;6012;52.968;;Betriebsstatus1;Streckenstation386;SST99510;4;UZ Aschheim;A99 Richtung Lindau
4118;59516;Querschnitt4707;BMS99510;BMS99510_Licht;3;9919926;48.02933494;11.66334879;4707;53.0;;Betriebsstatus1;Streckenstation386;SST99510;6;UZ Aschheim;A99 Richtung Lindau
4123;61622;Querschnitt1004;GMA_HK_99510_Stg_H;WUD_HK_99510_Stg_H;1;9919926;48.02931601;11.66326879;1004;52.97;;Betriebsstatus1;Streckenstation386;SST99510;3;UZ Aschheim;A99 Richtung Lindau
4124;61057;Querschnitt6013;GMA99D10_Stg_H;WUD_HK_99D10_Stg_H;2;9919926;48.02926152;11.66380912;6013;52.97;;Betriebsstatus1;Streckenstation386;SST99510;3;UZ Aschheim;A99 Richtung Lindau
4125;58077;Querschnitt1002;MQ99510_Stg_H;DET99510_Stg_H1;1;9919926;48.02943087;11.66338997;1002;52.97;;Betriebsstatus1;Streckenstation386;SST99510;1;UZ Aschheim;A99 Richtung Lindau
4127;56144;Querschnitt1003;MQ99D10_Stg_H;DET99D10_Stg_H1;129;9919926;48.02933824;11.66367623;1003;52.97;;Betriebsstatus1;Streckenstation386;SST99510;1;UZ Aschheim;A99 Richtung Lindau
4129;63328;Querschnitt6014;NMG99515_Stg_H;WUD_SW_99515_Stg_H;3;9919926;48.03039924;11.66613234;6014;52.67;;Betriebsstatus1;Streckenstation386;SST99510;3;UZ Aschheim;A99 Richtung Lindau
4130;64472;Querschnitt7022;WS_GMA99510_Stg_H;WUD_NS_99510_Stg_H;5;9919926;;;;52.67;;Betriebsstatus1;Streckenstation386;SST99510;3;UZ Aschheim;A99 Richtung Lindau
4132;50831;Querschnitt997;AQ99520_Stg_H;WZG99520_Stg_B3;67;9919879;48.03277729;11.67074708;997;52.33;;Betriebsstatus1;Streckenstation384;SST99520;4;UZ Aschheim;A99 Richtung Lindau
4142;59605;Querschnitt4708;BMS99520;BMS99520_Heiz;5;9919879;48.03258261;11.67049051;4708;52.36;;Betriebsstatus1;Streckenstation384;SST99520;6;UZ Aschheim;A99 Richtung Lindau
4147;51753;Querschnitt999;GMA_HK_99520_Stg_H;WUD_HK_99520_Stg_H;1;9919879;48.0327493;11.67076467;999;52.33;;Betriebsstatus1;Streckenstation384;SST99520;3;UZ Aschheim;A99 Richtung Lindau
4148;56015;Querschnitt998;MQ99520_Stg_H;DET99520_Stg_H1;1;9919879;48.03280008;11.67070002;998;52.33;79369217;Betriebsstatus1;Streckenstation384;SST99520;1;UZ Aschheim;A99 Richtung Lindau
4152;59699;Querschnitt4726;BMSB30b;BMSB30b_Tuer;1;9919883;48.0303663;11.66605591;4726;52.42;;Betriebsstatus1;Streckenstation385;SSTB30b;6;UZ Aschheim;A99 Richtung Lindau
4155;62315;Querschnitt6011;GMAB30b_Stg_H;WUD_NI_B30b_Stg_H;2;9919883;48.03208636;11.66938676;6011;52.42;;Betriebsstatus1;Streckenstation385;SSTB30b;3;UZ Aschheim;A99 Richtung Lindau
4157;62241;Querschnitt1000;MQB30b_Stg_H;DETB30b_Stg_H2;2;9919883;48.03049929;11.66598537;1000;52.42;;Betriebsstatus1;Streckenstation385;SSTB30b;1;UZ Aschheim;A99 Richtung Lindau
4160;60060;Querschnitt1001;NMGB30b_Stg_H;WUD_SW_B30b_Stg_H;1;9919883;48.03208636;11.66938676;1001;52.42;;Betriebsstatus1;Streckenstation385;SSTB30b;3;UZ Aschheim;A99 Richtung Lindau
4161;55538;Querschnitt4590;BMSMob5;BMSMob5_Tuer;1;9906945;48.20906679;11.48341005;4590;12.77;;Betriebsstatus1;Streckenstation1219;SSTMob5;6;UZ Aschheim;A99 Richtung Salzburg
4164;53744;Querschnitt4589;MQMob5-A;DETMob5_97;97;9906945;48.20900002;11.48270004;4589;12.77;;Betriebsstatus1;Streckenstation1219;SSTMob5;1;UZ Aschheim;A99 Richtung Salzburg
4165;52335;Querschnitt4588;MQMob5-E;DETMob5_169;169;9906945;48.20890009;11.48420004;4588;12.77;;Betriebsstatus1;Streckenstation1219;SSTMob5;1;UZ Aschheim;A99 Richtung Salzburg
4166;60911;Querschnitt4587;MQMob5-H;DETMob5_34;34;9906945;48.20910001;11.48380004;4587;12.77;;Betriebsstatus1;Streckenstation1219;SSTMob5;1;UZ Aschheim;A99 Richtung Salzburg
4169;56583;Querschnitt5433;MQMob5-N;DETMob5_161;161;9906945;48.20880001;11.48679995;5433;12.77;;Betriebsstatus1;Streckenstation1219;SSTMob5;1;UZ Aschheim;A99 Richtung Salzburg
4170;52849;Querschnitt4601;BMSMob6;BMSMob6_Tuer;1;9918963;48.12289885;11.75847893;4601;40.0;;Betriebsstatus1;Streckenstation1222;SSTMob6;6;UZ Aschheim;A99 Richtung Salzburg
4173;60489;Querschnitt4600;MQMob6_Sbg-H;DETMob6_Sbg_H2;34;9918963;48.12270003;11.75840007;4600;40.0;;Betriebsstatus1;Streckenstation1222;SSTMob6;1;UZ Aschheim;A99 Richtung Salzburg
4176;63199;Querschnitt6008;MQMob6_Sbg-N;DETMob6_Sbg_N1;113;9918963;48.12270003;11.75840007;6008;40.0;;Betriebsstatus1;Streckenstation1222;SSTMob6;1;UZ Aschheim;A99 Richtung Salzburg
4177;56395;Querschnitt4605;BMSMob7;BMSMob7_Tuer;1;9919132;48.10292662;11.75229312;4605;42.28;;Betriebsstatus1;Streckenstation1223;SSTMob7;6;UZ Aschheim;A99 Richtung Salzburg
4180;56129;Querschnitt4602;MQMob7_Sbg-H;DETMob7_Sbg_H1;33;9919132;48.10274838;11.752329;4602;42.28;;Betriebsstatus1;Streckenstation1223;SSTMob7;1;UZ Aschheim;A99 Richtung Salzburg
4183;55000;Querschnitt907;AQQ7_Sbg_H;WZG99-Q7_Sbg_B2;98;9916891;48.05879713;11.70005952;907;48.664;;Betriebsstatus1;Streckenstation344;SSTQ7;4;UZ Aschheim;A99 Richtung Salzburg
4190;56696;Querschnitt4721;BMSQ7;BMSQ7_Temp;2;9916891;48.05900125;11.70037901;4721;48.64;;Betriebsstatus1;Streckenstation344;SSTQ7;6;UZ Aschheim;A99 Richtung Salzburg
4193;51228;Querschnitt905;GMA_HK_Q7_Sbg_H;WUD_HK_Q7_Sbg_H;93;9916891;48.05883206;11.700014;905;48.67;;Betriebsstatus1;Streckenstation344;SSTQ7;3;UZ Aschheim;A99 Richtung Salzburg
4194;54987;Querschnitt904;MQQ7_Sbg_H;DETQ7_Sbg_H3;35;9916891;48.05875991;11.70012247;904;48.664;79369216;Betriebsstatus1;Streckenstation344;SSTQ7;1;UZ Aschheim;A99 Richtung Salzburg
4197;60778;Querschnitt4722;BMSQ7a;Geraet17204;1;9916892;48.05870761;11.69978118;4722;48.685;;Betriebsstatus1;Streckenstation345;SSTQ7a;6;UZ Aschheim;A99 Richtung Salzburg
4200;60108;Querschnitt908;WS_GMAQ7a_Sbg_H;WUD_TT1_Q7a_Sbg_H;22;9916892;48.05872883;11.69985425;908;48.685;;Betriebsstatus1;Streckenstation345;SSTQ7a;3;UZ Aschheim;A99 Richtung Salzburg
4212;55016;Querschnitt912;AQQ9_Sbg_H;WZG99-Q9_Sbg_A3;35;9916946;48.04039679;11.68052112;912;51.201;;Betriebsstatus1;Streckenstation347;SSTQ9;4;UZ Aschheim;A99 Richtung Salzburg
4222;62489;Querschnitt4723;BMSQ9;BMSQ9_Tuer;1;9916946;48.04066847;11.68074593;4723;51.17;;Betriebsstatus1;Streckenstation347;SSTQ9;6;UZ Aschheim;A99 Richtung Salzburg
4225;61671;Querschnitt914;GMA_HK_Q9_Sbg_H;WUD_HK_Q9_Sbg_H;93;9916946;48.04044327;11.68043023;914;51.2;;Betriebsstatus1;Streckenstation347;SSTQ9;3;UZ Aschheim;A99 Richtung Salzburg
4226;62570;Querschnitt913;MQQ9_Sbg_A;DETQ9_Sbg_A2;34;9916946;48.0403782;11.68055956;913;51.171;79369217;Betriebsstatus1;Streckenstation347;SSTQ9;1;UZ Aschheim;A99 Richtung Salzburg
4228;56451;Querschnitt5841;MQQ9_Sbg_H;DETQ9_Sbg_H2;36;9916946;48.04033633;11.68062951;5841;51.171;79369217;Betriebsstatus1;Streckenstation347;SSTQ9;1;UZ Aschheim;A99 Richtung Salzburg
4230;55321;Querschnitt5946;Virtuell_A99_Sbg_AK_M.-Ost_FG4;Virt_ DSZ_Sbg_AKOst_Ausf;194;9950108;48.16121054;11.74591934;5946;35.55;;Betriebsstatus1;Streckenstation1243;Virtuell A99 Sbg AK M.-Ost;4;UZ Aschheim;A99 Richtung Salzburg
4232;53738;Querschnitt5947;Virtuell_A99_Sbg_Aschheim_FG4;Virt_WWW_Sbg_ASAschh;194;9950104;48.19215548;11.69711706;5947;30.37;;Betriebsstatus1;Streckenstation1158;Virtuell A99 Sbg Aschheim;4;UZ Aschheim;A99 Richtung Salzburg
4234;62936;Querschnitt5948;Virtuell_A99_Sbg_Feldmoching_FG4;Virt_ DSZ_Sbg_ADFeldmo_Einf;194;9950100;48.22392267;11.52767461;5948;16.5;;Betriebsstatus1;Streckenstation1249;Virtuell A99 Sbg Feldmoching;4;UZ Aschheim;A99 Richtung Salzburg
4236;62193;Querschnitt5949;Virtuell_A99_Sbg_Fröttmaning-N_FG4;Virt_ WWW_Sbg_ASFroetN;193;9950112;48.22875618;11.59262851;5949;21.4;;Betriebsstatus1;Streckenstation1283;Virtuell A99 Sbg Fröttmaning-N;4;UZ Aschheim;A99 Richtung Salzburg
4237;59871;Querschnitt5950;Virtuell_A99_Sbg_Haar_FG4;Virt_WWW_Sbg_ASHaar;194;9950110;48.11657339;11.75732215;5950;40.7;;Betriebsstatus1;Streckenstation1160;Virtuell A99 Sbg Haar;4;UZ Aschheim;A99 Richtung Salzburg
4239;54938;Querschnitt5951;Virtuell_A99_Sbg_Kirchheim_FG4;Virt_ WWW_Sbg_ASKirchh;194;9950106;48.1851226;11.71833973;5951;32.15;;Betriebsstatus1;Streckenstation1157;Virtuell A99 Sbg Kirchheim;4;UZ Aschheim;A99 Richtung Salzburg
4241;56640;Querschnitt5952;Virtuell_A99_Sbg_Ludwigsfeld_FG4;Virt_WWW_Sbg_ASLudwig;193;9950098;48.20966713;11.47300337;5952;11.976;;Betriebsstatus1;Streckenstation1281;Virtuell A99 Sbg Ludwigsfeld;4;UZ Aschheim;A99 Richtung Salzburg
4242;52727;Querschnitt5953;Virtuell_A99_Sbg_Neuherberg_FG4;Virt_ WWW_Sbg_ASNeuh;193;9950102;48.22742922;11.57434679;5953;20.006;;Betriebsstatus1;Streckenstation1282;Virtuell A99 Sbg Neuherberg;4;UZ Aschheim;A99 Richtung Salzburg
4243;53316;Querschnitt5959;Virtuell_A99_SGM_Keep_Alive_FG4;SGMKeepAlive;222;9950000;48.09650319;11.7492558;5959;42.99;;Betriebsstatus1;Streckenstation1287;Virtuell A99 SGM Keep Alive;4;UZ Aschheim;A99 Richtung Lindau
4244;60938;Querschnitt5954;Virtuell_A99_Stg_AK_M.-Nord_FG4;Virt_WWW_Stg_AKNord;194;9950109;48.20264014;11.66106849;5954;27.4;;Betriebsstatus1;Streckenstation1163;Virtuell A99 Stg AK M.-Nord;4;UZ Aschheim;A99 Richtung Lindau
4246;62128;Querschnitt5955;Virtuell_A99_Stg_AK_M.-Ost_FG4;Virt_TSF_Stg _ASHaar_AKOst;193;9950103;48.11921955;11.7582733;5955;40.415;;Betriebsstatus1;Streckenstation1161;Virtuell A99 Stg AK M.-Ost;4;UZ Aschheim;A99 Richtung Lindau
4250;52780;Querschnitt5956;Virtuell_A99_Stg_Aschheim_FG4;Virt_WWW_Stg_ASAschh;194;9950107;48.18508945;11.71900552;5956;32.14;;Betriebsstatus1;Streckenstation1162;Virtuell A99 Stg Aschheim;4;UZ Aschheim;A99 Richtung Lindau
4252;56207;Querschnitt5957;Virtuell_A99_Stg_Feldmoching_FG4;Virt_DSZ_Stg_ADFeldmo_Einf;193;9950111;48.22781974;11.57667313;5957;20.631;;Betriebsstatus1;Streckenstation1253;Virtuell A99 Stg Feldmoching;4;UZ Aschheim;A99 Richtung Lindau
4253;61689;Querschnitt5958;Virtuell_A99_Stg_Haar_FG4;Virt_WWW_Stg_ASHaar;193;9950101;48.0964295;11.74924516;5958;42.99;;Betriebsstatus1;Streckenstation1156;Virtuell A99 Stg Haar;4;UZ Aschheim;A99 Richtung Lindau
4254;50757;Querschnitt5960;Virtuell_A99_Stg_Kirchheim_FG4;Virt_WWW_Stg_ASKirchh;194;9950105;48.16012553;11.74736297;5960;35.648;;Betriebsstatus1;Streckenstation1155;Virtuell A99 Stg Kirchheim;4;UZ Aschheim;A99 Richtung Lindau
4256;57794;Querschnitt5961;Virtuell_A99_Stg_Ludwigsfeld_FG4;Virt_WWW_Stg_ASLudwig;193;9950113;48.21157216;11.49677303;5961;13.76;;Betriebsstatus1;Streckenstation1284;Virtuell A99 Stg Ludwigsfeld;4;UZ Aschheim;A99 Richtung Lindau
4257;55841;Querschnitt5055;BMS_8_1000_Mch;BMS_8_1000_Mch_Temp;2;805018;48.17324658;11.44481822;5055;1.0;;Betriebsstatus1;Streckenstation10;SST_8_1000_Mch;6;UZ Aubing;A8-West Richtung Stuttgart
4260;59524;Querschnitt11;MQ_8_1000_Mch;DET_8_1000_Mch_H2;2;805018;48.17620005;11.44030005;11;1.0;78349140;Betriebsstatus1;Streckenstation10;SST_8_1000_Mch;1;UZ Aubing;A8-West Richtung M.-Zentrum
4262;50906;Querschnitt10;MQ_8_1000_Stg;DET_8_1000_Stg_H1;33;805018;48.17620005;11.44030005;10;1.0;78349140;Betriebsstatus1;Streckenstation10;SST_8_1000_Mch;1;UZ Aubing;A8-West Richtung Stuttgart
4264;56335;Querschnitt5073;BMS_8_10880_Stg;BMS_8_10880_Stg_Temp;2;805201;48.2340437;11.347563;5073;10.88;;Betriebsstatus1;Streckenstation18;SST_8_10880_Stg;6;UZ Aubing;A8-West Richtung Stuttgart
4267;60166;Querschnitt38;MQ_8_10880_Stg;DET_8_10880_Stg_H2;34;805201;48.23410006;11.3477;38;10.88;;Betriebsstatus1;Streckenstation18;SST_8_10880_Stg;1;UZ Aubing;A8-West Richtung Stuttgart
4270;58400;Querschnitt36;MQ_8_AS78_120_SZ;DET_8_AS78_120_SZ_E1;161;805201;48.23410006;11.3477;36;10.88;;Betriebsstatus1;Streckenstation18;SST_8_10880_Stg;1;UZ Aubing;A8-West Richtung Stuttgart
4271;58868;Querschnitt37;MQ_8_AS78_550_NS;DET_8_AS78_550_NS_A1;97;805201;48.23410006;11.3477;37;10.88;;Betriebsstatus1;Streckenstation18;SST_8_10880_Stg;1;UZ Aubing;A8-West Richtung Stuttgart
4272;55332;Querschnitt39;AQ_8_11300_Stg;WZG_8_11300_Stg_B2;98;805208;48.23649248;11.34327791;39;11.3;;Betriebsstatus1;Streckenstation19;SST_8_11270_Stg;4;UZ Aubing;A8-West Richtung Stuttgart
4279;53172;Querschnitt4658;BMS_8_11270_Stg;BMS_8_11270_Stg_Netz;3;805208;48.2363768;11.34349478;4658;11.27;;Betriebsstatus1;Streckenstation19;SST_8_11270_Stg;6;UZ Aubing;A8-West Richtung Stuttgart
4282;51076;Querschnitt41;GMA_HK_8_11300_Stg;WUD_8_11300_Stg_HK;3;805208;48.23649248;11.34327791;41;11.3;;Betriebsstatus1;Streckenstation19;SST_8_11270_Stg;3;UZ Aubing;A8-West Richtung Stuttgart
4283;53664;Querschnitt40;MQ_8_11270_Stg;DET_8_11270_Stg_H2;34;805208;48.23770005;11.34079994;40;11.27;;Betriebsstatus1;Streckenstation19;SST_8_11270_Stg;1;UZ Aubing;A8-West Richtung Stuttgart
4286;60458;Querschnitt5853;NMG_8_11285_Stg;WUD_8_11285_Stg_SW;90;805208;48.2363768;11.34349478;5853;11.285;;Betriebsstatus1;Streckenstation19;SST_8_11270_Stg;3;UZ Aubing;A8-West Richtung Stuttgart
4287;53163;Querschnitt4657;BMS_8_11700_Stg;BMS_8_11700_Stg_Tuer;1;805216;48.23885583;11.3382396;4657;11.7;;Betriebsstatus1;Streckenstation20;SST_8_11700_Stg;6;UZ Aubing;A8-West Richtung M.-Zentrum
4290;53332;Querschnitt43;MQ_8_11700_Mch;DET_8_11700_Mch_H2;2;805216;48.24000005;11.33589994;43;11.7;77349003;Betriebsstatus1;Streckenstation20;SST_8_11700_Stg;1;UZ Aubing;A8-West Richtung M.-Zentrum
4293;50856;Querschnitt42;MQ_8_11700_Stg;DET_8_11700_Stg_H1;33;805216;48.24000005;11.33589994;42;11.7;77349003;Betriebsstatus1;Streckenstation20;SST_8_11700_Stg;1;UZ Aubing;A8-West Richtung Stuttgart
4296;54779;Querschnitt44;NMG_8_11850_Stg;WUD_8_11850_Stg_SW;90;805216;48.23956997;11.33731492;44;11.85;;Betriebsstatus1;Streckenstation20;SST_8_11700_Stg;3;UZ Aubing;A8-West Richtung Stuttgart
4297;54991;Querschnitt4492;AQ_8_12300_Mch;WZG_8_12300_Mch_WTA1;2;806415;48.24204691;11.33174948;4492;12.3;;Betriebsstatus1;Streckenstation1190;SST_8_12330_Mch;4;UZ Aubing;A8-West Richtung M.-Zentrum
4307;59849;Querschnitt4491;BMS_8_12330_Mch;BMS_8_12330_Mch_Tuer;1;806415;48.21986682;11.37117273;4491;12.33;;Betriebsstatus1;Streckenstation1190;SST_8_12330_Mch;6;UZ Aubing;A8-West Richtung M.-Zentrum
4310;51280;Querschnitt4494;GMA_HK_8_12300_Mch;WUD_8_12300_Mch_HK;1;806415;48.24204691;11.33174948;4494;12.3;;Betriebsstatus1;Streckenstation1190;SST_8_12330_Mch;3;UZ Aubing;A8-West Richtung M.-Zentrum
4311;53740;Querschnitt4585;BMS_2380_Mch;BMS_2380_Mch_Temp;2;806079;48.18137453;11.43171738;4585;2.38;;Betriebsstatus1;Streckenstation1218;SST_8_2380_Mch;6;UZ Aubing;A8-West Richtung M.-Zentrum
4314;63894;Querschnitt6902;MQ_8_2380_Mch;DET_8_2380_Mch_H2;2;806079;;;;2.38;;Betriebsstatus1;Streckenstation1218;SST_8_2380_Mch;1;UZ Aubing;A8-West Richtung Stuttgart
4316;57392;Querschnitt4581;MQ_8_2380_Stg;DET_8_2380_Stg_H2;34;806079;48.18134864;11.43218779;4581;2.38;;Betriebsstatus1;Streckenstation1218;SST_8_2380_Mch;1;UZ Aubing;A8-West Richtung M.-Zentrum
4318;61260;Querschnitt4583;MQ_8_AK81_170_DC;DET_8_AK81_170_DC_E1;129;806079;48.1818323;11.43054907;4583;2.34;;Betriebsstatus1;Streckenstation1218;SST_8_2380_Mch;1;UZ Aubing;A8-West Richtung M.-Zentrum
4319;62967;Querschnitt4582;MQ_8_AK81_400_BE;DET_8_AK81_400_BE_A1;65;806079;48.17973888;11.43432;4582;2.34;;Betriebsstatus1;Streckenstation1218;SST_8_2380_Mch;1;UZ Aubing;A8-West Richtung M.-Zentrum
4320;57393;Querschnitt4584;MQMob4_A99-E;DETMob4_Mch_E1;97;806079;48.18160294;11.43144364;4584;2.34;;Betriebsstatus1;Streckenstation1218;SST_8_2380_Mch;1;UZ Aubing;A8-West Richtung M.-Zentrum
4321;50568;Querschnitt13;AQ_8_3050_Stg;WZG_8_3050_Stg_A2;34;805056;48.18614573;11.4252187;13;3.05;;Betriebsstatus1;Streckenstation11;SST_8_3020_Stg;4;UZ Aubing;A8-West Richtung Stuttgart
4325;60018;Querschnitt4666;BMS_8_3020_Stg;BMS_8_3020_Stg_Temp;2;805056;48.18614573;11.4252187;4666;3.02;;Betriebsstatus1;Streckenstation11;SST_8_3020_Stg;6;UZ Aubing;A8-West Richtung Stuttgart
4328;53020;Querschnitt12;GMA_HK_8_3050_Stg;WUD_8_3050_Stg_HK;3;805056;48.18614573;11.4252187;12;3.05;;Betriebsstatus1;Streckenstation11;SST_8_3020_Stg;3;UZ Aubing;A8-West Richtung Stuttgart
4329;52951;Querschnitt15;MQ_8_3020_Mch;DET_8_3020_Mch_H2;2;805056;48.18608008;11.42493001;15;3.02;78349141;Betriebsstatus1;Streckenstation11;SST_8_3020_Stg;1;UZ Aubing;A8-West Richtung M.-Zentrum
4331;55430;Querschnitt14;MQ_8_3020_Stg;DET_8_3020_Stg_H1;33;805056;48.18630008;11.42517004;14;3.02;78349141;Betriebsstatus1;Streckenstation11;SST_8_3020_Stg;1;UZ Aubing;A8-West Richtung Stuttgart
4333;50709;Querschnitt4665;BMS_8_4600_Stg;BMS_8_4600_Stg_Netz;3;805085;48.19602579;11.41028491;4665;4.6;;Betriebsstatus1;Streckenstation12;SST_8_4600_Stg;6;UZ Aubing;A8-West Richtung Stuttgart
4336;60185;Querschnitt5054;MQ_8_4600_Mch;DET_8_4600_Mch_H2;3;805085;48.19650007;11.40999995;5054;4.6;78349142;Betriebsstatus1;Streckenstation12;SST_8_4600_Stg;1;UZ Aubing;A8-West Richtung M.-Zentrum
4339;53517;Querschnitt19;MQ_8_4600_Stg;DET_8_4600_Stg_H2;34;805085;48.19650007;11.40999995;19;4.6;;Betriebsstatus1;Streckenstation12;SST_8_4600_Stg;1;UZ Aubing;A8-West Richtung Stuttgart
4341;57159;Querschnitt5052;MQ_8_AS80_300_AE;DET_8_AS80_300_AE_A1;65;805085;48.19650007;11.40999995;5052;4.6;;Betriebsstatus1;Streckenstation12;SST_8_4600_Stg;1;UZ Aubing;A8-West Richtung M.-Zentrum
4342;62427;Querschnitt5053;MQ_8_AS80_300_EM;DET_8_AS80_300_EM_E1;129;805085;48.19650007;11.40999995;5053;4.6;;Betriebsstatus1;Streckenstation12;SST_8_4600_Stg;1;UZ Aubing;A8-West Richtung M.-Zentrum
4343;52220;Querschnitt17;MQ_8_AS80_300_NX;DET_8_AS80_300_NX_A1;161;805085;48.19650007;11.40999995;17;4.6;;Betriebsstatus1;Streckenstation12;SST_8_4600_Stg;1;UZ Aubing;A8-West Richtung Stuttgart
4344;54978;Querschnitt18;MQ_8_AS80_300_XZ;DET_8_AS80_300_XZ_E1;97;805085;48.19650007;11.40999995;18;4.6;;Betriebsstatus1;Streckenstation12;SST_8_4600_Stg;1;UZ Aubing;A8-West Richtung Stuttgart
4345;62111;Querschnitt5850;NMG_8_4520_Stg;WUD_8_4520_Stg_SW;90;805085;48.19551712;11.41105746;5850;4.52;;Betriebsstatus1;Streckenstation12;SST_8_4600_Stg;3;UZ Aubing;A8-West Richtung Stuttgart
4346;55020;Querschnitt5100;WS_GMA_8_4520_Mch;WUD_8_4520_Mch_FBZ;34;805085;48.19575649;11.41038215;5100;4.52;;Betriebsstatus1;Streckenstation12;SST_8_4600_Stg;3;UZ Aubing;A8-West Richtung M.-Zentrum
4352;55078;Querschnitt16;WS_GMA_8_4520_Stg;WUD_8_4520_Stg_TPT;12;805085;48.19551712;11.41105746;16;4.52;;Betriebsstatus1;Streckenstation12;SST_8_4600_Stg;3;UZ Aubing;A8-West Richtung Stuttgart
4365;50824;Querschnitt20;AQ_8_5050_Stg;WZG_8_5050_Stg_A1;33;805093;48.1987293;11.40611067;20;5.05;;Betriebsstatus1;Streckenstation13;SST_8_5020_Stg;4;UZ Aubing;A8-West Richtung Stuttgart
4369;62423;Querschnitt4662;BMS_8_5020_Stg;BMS_8_5020_Stg_Netz;3;805093;48.1987293;11.40611067;4662;5.02;;Betriebsstatus1;Streckenstation13;SST_8_5020_Stg;6;UZ Aubing;A8-West Richtung Stuttgart
4372;57860;Querschnitt22;GMA_HK_8_5050_Stg;WUD_8_5050_Stg_HK;3;805093;48.1987293;11.40611067;22;5.05;;Betriebsstatus1;Streckenstation13;SST_8_5020_Stg;3;UZ Aubing;A8-West Richtung Stuttgart
4373;51351;Querschnitt21;MQ_8_5050_Stg;DET_8_5050_Stg_H1;33;805093;48.20190003;11.40139998;21;5.05;78349142;Betriebsstatus1;Streckenstation13;SST_8_5020_Stg;1;UZ Aubing;A8-West Richtung Stuttgart
4375;60493;Querschnitt24;AQ_8_5900_Stg;WZG_8_5900_Stg_C1;105;805108;48.20394033;11.39820714;24;5.9;;Betriebsstatus1;Streckenstation14;SST_8_5863_Stg;4;UZ Aubing;A8-West Richtung Stuttgart
4379;51266;Querschnitt4661;BMS_8_5863_Stg;BMS_8_5863_Stg_Tuer;1;805108;48.20394033;11.39820714;4661;5.863;;Betriebsstatus1;Streckenstation14;SST_8_5863_Stg;6;UZ Aubing;A8-West Richtung Stuttgart
4382;55380;Querschnitt23;GMA_HK_8_5900_Stg;WUD_8_5900_Stg_HK;3;805108;48.20394033;11.39820714;23;5.9;;Betriebsstatus1;Streckenstation14;SST_8_5863_Stg;3;UZ Aubing;A8-West Richtung Stuttgart
4383;57345;Querschnitt25;MQ_8_5863_Stg;DET_8_5863_Stg_H2;34;805108;48.20450008;11.39739997;25;5.863;;Betriebsstatus1;Streckenstation14;SST_8_5863_Stg;1;UZ Aubing;A8-West Richtung Stuttgart
4385;55126;Querschnitt5851;NMG_8_5858_Stg;WUD_8_5858_Stg_SW;90;805108;48.2036905;11.39858676;5851;5.858;;Betriebsstatus1;Streckenstation14;SST_8_5863_Stg;3;UZ Aubing;A8-West Richtung Stuttgart
4386;52750;Querschnitt4580;BMS_8_6850_Mch;BMS_8_6850_Mch_Temp;2;806231;48.20910007;11.38950003;4580;6.85;;Betriebsstatus1;Streckenstation1217;SST_8_6850_Mch;6;UZ Aubing;A8-West Richtung M.-Zentrum
4389;55324;Querschnitt4573;MQ_8_6850_Mch;DET_8_6850_Mch_H2;2;806231;48.2091;11.3895;4573;6.85;;Betriebsstatus1;Streckenstation1217;SST_8_6850_Mch;1;UZ Aubing;A8-West Richtung M.-Zentrum
4391;55832;Querschnitt4577;MQ_99a_100050_Mch;DET_99a_100050_Mch_H1;65;806231;48.20910007;11.38950003;4577;6.85;;Betriebsstatus1;Streckenstation1217;SST_8_6850_Mch;1;UZ Aubing;A8-West Richtung M.-Zentrum
4393;59783;Querschnitt27;AQ_8_7100_Stg;WZG_8_7100_Stg_B1;97;805130;48.21119798;11.38629494;27;7.1;;Betriebsstatus1;Streckenstation15;SST_8_7070_Stg;4;UZ Aubing;A8-West Richtung Stuttgart
4400;62099;Querschnitt4660;BMS_8_7070_Stg;BMS_8_7070_Stg_Netz;3;805130;48.21119798;11.38629494;4660;7.07;;Betriebsstatus1;Streckenstation15;SST_8_7070_Stg;6;UZ Aubing;A8-West Richtung Stuttgart
4403;54988;Querschnitt5848;GMA_8_7085_Mch;WUD_8_7085_Mch_WFD;62;805130;48.21129424;11.38579595;5848;7.085;;Betriebsstatus1;Streckenstation15;SST_8_7070_Stg;3;UZ Aubing;A8-West Richtung M.-Zentrum
4409;60732;Querschnitt5985;GMA_HK_8_7100_Stg;WUD_8_7100_Stg_HK;3;805130;48.21119798;11.38629494;5985;7.1;;Betriebsstatus1;Streckenstation15;SST_8_7070_Stg;3;UZ Aubing;A8-West Richtung Stuttgart
4410;55155;Querschnitt28;MQ_8_7070_Stg;DET_8_7070_Stg_H1;33;805130;48.21050004;11.38749998;28;7.07;;Betriebsstatus1;Streckenstation15;SST_8_7070_Stg;1;UZ Aubing;A8-West Richtung Stuttgart
4413;57267;Querschnitt5849;NMG_8_7085_Stg;WUD_8_7085_Stg_SW;90;805130;48.21106416;11.38649837;5849;7.085;;Betriebsstatus1;Streckenstation15;SST_8_7070_Stg;3;UZ Aubing;A8-West Richtung Stuttgart
4414;59718;Querschnitt26;WS_GMA_8_7085_Stg;WUD_8_7085_Stg_GT;6;805130;48.21106416;11.38649837;26;7.085;;Betriebsstatus1;Streckenstation15;SST_8_7070_Stg;3;UZ Aubing;A8-West Richtung Stuttgart
4427;59755;Querschnitt4596;AQ_8_7430_Mch;WZG_8_7430_Mch_WTA3;3;806253;48.21345103;11.38213707;4596;7.43;;Betriebsstatus1;Streckenstation1221;SST_8_7500_Mch;4;UZ Aubing;A8-West Richtung M.-Zentrum
4435;53989;Querschnitt4599;BMS_8_7500_Mch;BMS_8_7500_Mch_Tuer;1;806253;48.21345103;11.38213707;4599;7.5;;Betriebsstatus1;Streckenstation1221;SST_8_7500_Mch;6;UZ Aubing;A8-West Richtung M.-Zentrum
4438;52069;Querschnitt4597;GMA_HK_8_7430_Mch;WUD_8_7430_Mch_HK;1;806253;48.21345103;11.38213707;4597;7.43;;Betriebsstatus1;Streckenstation1221;SST_8_7500_Mch;3;UZ Aubing;A8-West Richtung M.-Zentrum
4439;59846;Querschnitt4592;AQ_8_8010_Mch;WZG_8_8010_Mch_WTA6;6;806271;48.21688158;11.37622866;4592;8.01;;Betriebsstatus1;Streckenstation1220;SST_8_8040_Mch;4;UZ Aubing;A8-West Richtung M.-Zentrum
4447;53038;Querschnitt4595;BMS_8_8040_Mch;BMS_8_8040_Mch_Netz;3;806271;48.21688158;11.37622866;4595;8.04;;Betriebsstatus1;Streckenstation1220;SST_8_8040_Mch;6;UZ Aubing;A8-West Richtung M.-Zentrum
4450;50966;Querschnitt4594;GMA_HK_8_8010_Mch;WUD_8_8010_Mch_HK;1;806271;48.21688158;11.37622866;4594;8.01;;Betriebsstatus1;Streckenstation1220;SST_8_8040_Mch;3;UZ Aubing;A8-West Richtung M.-Zentrum
4451;52908;Querschnitt30;AQ_8_8700_Stg;WZG_8_8700_Stg_A2;34;805160;48.22086737;11.36994928;30;8.7;;Betriebsstatus1;Streckenstation16;SST_8_8670_Stg;4;UZ Aubing;A8-West Richtung Stuttgart
4458;52762;Querschnitt4659;BMS_8_8670_Stg;BMS_8_8670_Stg_Tuer;1;805160;48.22086737;11.36994928;4659;8.67;;Betriebsstatus1;Streckenstation16;SST_8_8670_Stg;6;UZ Aubing;A8-West Richtung Stuttgart
4461;51461;Querschnitt29;GMA_HK_8_8700_Stg;WUD_8_8700_Stg_HK;3;805160;48.22086737;11.36994928;29;8.7;;Betriebsstatus1;Streckenstation16;SST_8_8670_Stg;3;UZ Aubing;A8-West Richtung Stuttgart
4462;60325;Querschnitt32;MQ_8_8670_Mch;DET_8_8670_Mch_H2;2;805160;48.21990008;11.37150002;32;8.67;77349002;Betriebsstatus1;Streckenstation16;SST_8_8670_Stg;1;UZ Aubing;A8-West Richtung M.-Zentrum
4465;59889;Querschnitt31;MQ_8_8670_Stg;DET_8_8670_Stg_H1;33;805160;48.21990008;11.37150002;31;8.67;77349002;Betriebsstatus1;Streckenstation16;SST_8_8670_Stg;1;UZ Aubing;A8-West Richtung Stuttgart
4468;59140;Querschnitt5852;NMG_8_8685_Stg;WUD_8_8685_Stg_SW;90;805160;48.22074258;11.37015268;5852;8.685;;Betriebsstatus1;Streckenstation16;SST_8_8670_Stg;3;UZ Aubing;A8-West Richtung Stuttgart
4469;60036;Querschnitt33;AQ_8_10000_Stg;WZG_8_10000_Stg_B2;98;805184;48.22873456;11.35659476;33;10.0;;Betriebsstatus1;Streckenstation17;SST_8_9990_Stg;4;UZ Aubing;A8-West Richtung Stuttgart
4476;51172;Querschnitt5072;BMS_8_9990_Stg;BMS_8_9990_Stg_Tuer;1;805184;48.22873456;11.35659476;5072;9.9;;Betriebsstatus1;Streckenstation17;SST_8_9990_Stg;6;UZ Aubing;A8-West Richtung Stuttgart
4479;51335;Querschnitt5986;GMA_HK_8_10000_Stg;WUD_8_10000_Stg_HK;3;805184;48.22873456;11.35659476;5986;10.0;;Betriebsstatus1;Streckenstation17;SST_8_9990_Stg;3;UZ Aubing;A8-West Richtung Stuttgart
4480;60701;Querschnitt34;MQ_8_9963_Stg;DET_8_9963_Stg_H3;35;805184;48.22770005;11.3583;34;9.963;;Betriebsstatus1;Streckenstation17;SST_8_9990_Stg;1;UZ Aubing;A8-West Richtung Stuttgart
4483;58094;Querschnitt5847;NMG_8_10260_Stg;WUD_8_10260_Stg_SW;90;805184;48.23028457;11.35395058;5847;10.26;;Betriebsstatus1;Streckenstation17;SST_8_9990_Stg;3;UZ Aubing;A8-West Richtung Stuttgart
4484;61239;Querschnitt35;WS_GMA_8_10270_Mch;WUD_8_10270_Mch_RS;75;805184;48.23058488;11.35297765;35;10.27;;Betriebsstatus1;Streckenstation17;SST_8_9990_Stg;3;UZ Aubing;A8-West Richtung M.-Zentrum
4490;59909;Querschnitt5846;WS_GMA_8_10270_Stg;WUD_8_10270_Stg_NS;17;805184;48.23040035;11.35374721;5846;10.27;;Betriebsstatus1;Streckenstation17;SST_8_9990_Stg;3;UZ Aubing;A8-West Richtung Stuttgart
4502;52805;Querschnitt5162;AQ_96_161485_Mch;WZG_96_161485_Mch_PW10;10;9606369;48.11735993;11.38668054;5162;161.485;;Betriebsstatus1;Streckenstation1393;SST_96_161460_Mch;4;UZ Aubing;A96 Richtung M.-Zentrum
4516;60411;Querschnitt5161;BMS_96_161460_Mch;BMS_96_161460_Mch_Tuer;1;9606369;48.11722451;11.38640518;5161;161.46;;Betriebsstatus1;Streckenstation1393;SST_96_161460_Mch;6;UZ Aubing;A96 Richtung M.-Zentrum
4519;52890;Querschnitt5164;AQ_96_161787_Mch;WZG_96_161787_Mch_PW6;6;9606359;48.11794746;11.39064582;5164;161.787;;Betriebsstatus1;Streckenstation1394;SST_96_161780_Mch;4;UZ Aubing;A96 Richtung M.-Zentrum
4533;59531;Querschnitt5163;BMS_96_161780_Mch;BMS_96_161780_Mch_Netz;2;9606359;48.11782594;11.39060428;5163;161.78;;Betriebsstatus1;Streckenstation1394;SST_96_161780_Mch;6;UZ Aubing;A96 Richtung M.-Zentrum
4536;55057;Querschnitt5166;AQ_96_162376_Mch;WZG_96_162376_Mch_PW2;2;9606374;48.12023199;11.39775458;5166;162.376;;Betriebsstatus1;Streckenstation1395;SST_96_162346_Mch;4;UZ Aubing;A96 Richtung M.-Zentrum
4550;55845;Querschnitt5165;BMS_96_162346_Mch;BMS_96_162346_Mch_Tuer;1;9606374;48.11995759;11.39757049;5165;162.346;;Betriebsstatus1;Streckenstation1395;SST_96_162346_Mch;6;UZ Aubing;A96 Richtung M.-Zentrum
4553;52788;Querschnitt5170;AQ_96_162645_Mch;WZG_96_162645_Mch_PW7;7;9606330;48.12199447;11.40026536;5170;162.645;;Betriebsstatus1;Streckenstation1396;SST_96_162615_Mch;4;UZ Aubing;A96 Richtung M.-Zentrum
4567;53177;Querschnitt5167;BMS_96_162615_Mch;BMS_96_162615_Mch_Tuer;1;9606330;48.12176049;11.40030064;5167;162.615;;Betriebsstatus1;Streckenstation1396;SST_96_162615_Mch;6;UZ Aubing;A96 Richtung M.-Zentrum
4570;63771;Querschnitt6916;AQ_99_10010_Sbg;WZG_99_10010_Sbg_B2_L;162;9906752;48.20424;11.4491;;10.01;;Betriebsstatus1;Streckenstation2033;SST_99_10155_Sbg;4;UZ Aubing;A99 Richtung Salzburg
4576;63787;Querschnitt6917;AQ_99_10155_Sbg;HS_99_10180_Sbg_HS1;169;9906752;48.20433;11.45108;;10.155;;Betriebsstatus1;Streckenstation2033;SST_99_10155_Sbg;4;UZ Aubing;A99 Richtung Salzburg
4583;63828;Querschnitt6919;BMS_99_10155_Sbg;BMS_99_10155_Sbg_Netz;4;9906752;48.20433;11.45108;;10.155;;Betriebsstatus1;Streckenstation2033;SST_99_10155_Sbg;6;UZ Aubing;A99 Richtung Salzburg
4588;63732;Querschnitt6920;GMA_HK_99_10010_Sbg;WUD_99_10010_Sbg_HK;61;9906752;48.20424;11.4491;;10.01;;Betriebsstatus1;Streckenstation2033;SST_99_10155_Sbg;3;UZ Aubing;A99 Richtung Salzburg
4589;63914;Querschnitt6921;GMA_HK_99_10155_Sbg;WUD_99_10155_Sbg_HK;62;9906752;48.20433;11.45108;;10.155;;Betriebsstatus1;Streckenstation2033;SST_99_10155_Sbg;3;UZ Aubing;A99 Richtung Salzburg
4590;59556;Querschnitt5064;AQ_99_10170_Lin;WZG_99_10170_Lin_B1;67;9916754;48.2046083;11.45110825;5064;10.17;;Betriebsstatus1;Streckenstation338;SST_99_10180_Stg;4;UZ Aubing;A99 Richtung Lindau
4594;51673;Querschnitt888;AQ_99_10170_Stg;WZG_99_10170_Stg_C1;73;9916754;48.20455617;11.45112682;888;10.17;;Betriebsstatus1;Streckenstation338;SST_99_10180_Stg;4;UZ Aubing;A99 Richtung Lindau
4598;56165;Querschnitt5065;BMS_99_10180_Stg;BMS_99_10180_Stg_Temp;2;9916754;48.20475366;11.45126892;5065;10.18;;Betriebsstatus1;Streckenstation338;SST_99_10180_Stg;6;UZ Aubing;A99 Richtung Lindau
4601;63275;Querschnitt886;GMA_HK_99_10170_Lin;WUD_99_10170_Lin_HK;4;9916754;48.20468263;11.45111346;886;10.17;;Betriebsstatus1;Streckenstation338;SST_99_10180_Stg;3;UZ Aubing;A99 Richtung Lindau
4602;51925;Querschnitt5466;GMA_HK_99_10170_Stg;WUD_99_10170_Stg_HK;3;9916754;48.20468264;11.45111347;5466;10.17;;Betriebsstatus1;Streckenstation338;SST_99_10180_Stg;3;UZ Aubing;A8-West Richtung Stuttgart
4603;61860;Querschnitt889;MQ_99_10170_Lin;DET_99_10170_Lin_H2;4;9916754;48.20455617;11.45112682;889;10.17;;Betriebsstatus1;Streckenstation338;SST_99_10180_Stg;1;UZ Aubing;A99 Richtung Lindau
4605;56246;Querschnitt5467;MQ_99_10170_Stg;DET_99_10170_Stg_A2;2;9916754;48.2046083;11.45110825;5467;10.17;;Betriebsstatus1;Streckenstation338;SST_99_10180_Stg;1;UZ Aubing;A99 Richtung Lindau
4607;63735;Querschnitt6901;WS_GMA_99_10180_Stg;WUD_99_10180_Stg_NI;21;9916754;48.2047;11.45129;;10.18;;Betriebsstatus1;Streckenstation338;SST_99_10180_Stg;3;UZ Aubing;A99 Richtung Lindau
4618;52854;Querschnitt748;AQ_99_10220_Sbg;WZG_99_10220_Sbg_B3;99;9906757;48.20444075;11.45177097;748;10.22;;Betriebsstatus1;Streckenstation289;SST_99_10220_Sbg;4;UZ Aubing;A99 Richtung Salzburg
4629;56373;Querschnitt749;AQ_99_10380_Sbg;DLZ_99_10380_Sbg_DLZ3;3;9906757;48.20399092;11.45431137;749;10.38;;Betriebsstatus1;Streckenstation289;SST_99_10220_Sbg;4;UZ Aubing;A99 Richtung Salzburg
4632;55669;Querschnitt5081;BMS_99_10220_Sbg;BMS_99_10220_Sbg_Netz;3;9906757;48.20430749;11.45161918;5081;10.22;;Betriebsstatus1;Streckenstation289;SST_99_10220_Sbg;6;UZ Aubing;A99 Richtung Salzburg
4637;60623;Querschnitt5078;GMA_HK_99_10220_Sbg;WUD_99_10220_Sbg_HK;3;9906757;48.20431635;11.45179334;5078;10.22;;Betriebsstatus1;Streckenstation289;SST_99_10220_Sbg;3;UZ Aubing;A99 Richtung Salzburg
4638;63876;Querschnitt6945;GMA_HK_99_10380_Sbg;WUD_99_10380_Sbg_HK;62;9906757;48.20399092;11.45431137;;10.38;;Betriebsstatus1;Streckenstation289;SST_99_10220_Sbg;3;UZ Aubing;A99 Richtung Salzburg
4639;55858;Querschnitt745;MQ_99_10220_Sbg;DET_99_10220_Sbg_H2;34;9906757;48.20439254;11.45176848;745;10.22;;Betriebsstatus1;Streckenstation289;SST_99_10220_Sbg;1;UZ Aubing;A99 Richtung Salzburg
4643;51767;Querschnitt5907;AQ_99_10586_Stg;WZG_99_10586_Stg_B1;167;9916798;48.20927439;11.46428999;5907;10.586;;Betriebsstatus1;Streckenstation1616;SST_99_10770_Stg;4;UZ Aubing;A99 Richtung Lindau
4647;61000;Querschnitt5906;AQ_99_10835_Stg;WZG_99_10835_Stg_A2;166;9916798;48.20928174;11.46453204;5906;10.835;;Betriebsstatus1;Streckenstation1616;SST_99_10770_Stg;4;UZ Aubing;A99 Richtung Lindau
4652;63156;Querschnitt5905;AQ_99_11124_Stg;WZG_99_11124_Stg_A2;164;9916798;48.2092912;11.46478028;5905;11.124;;Betriebsstatus1;Streckenstation1616;SST_99_10770_Stg;4;UZ Aubing;A99 Richtung Lindau
4657;56645;Querschnitt5903;BMS_99_10770_Stg;BMS_99_10770_Stg_Netz;3;9916798;48.20604454;11.45881118;5903;10.77;;Betriebsstatus1;Streckenstation1616;SST_99_10770_Stg;6;UZ Aubing;A99 Richtung Lindau
4661;61120;Querschnitt5887;GMA_HK_99_11441_Stg;WUD_99_11441_Stg_HK;1;9916798;48.20957673;11.46647478;5887;11.441;;Betriebsstatus1;Streckenstation1616;SST_99_10770_Stg;3;UZ Aubing;A99 Richtung Lindau
4662;59554;Querschnitt5904;LSA_99_11441_Stg;LSA_99_11441_Stg_LSA2;162;9916798;48.2095289;11.46612074;5904;11.441;;Betriebsstatus1;Streckenstation1616;SST_99_10770_Stg;4;UZ Aubing;A99 Richtung Lindau
4664;55547;Querschnitt5884;MQ_99_10835_Stg;DET_99_10835_Stg_H3;43;9916798;48.20570005;11.45809998;5884;10.835;;Betriebsstatus1;Streckenstation1616;SST_99_10770_Stg;1;UZ Aubing;A99 Richtung Lindau
4667;60708;Querschnitt5885;MQ_99_11124_Stg;DET_99_11124_Stg_H3;35;9916798;48.20818326;11.46264647;5885;11.124;;Betriebsstatus1;Streckenstation1616;SST_99_10770_Stg;1;UZ Aubing;A99 Richtung Lindau
4670;60272;Querschnitt5911;AQ_99_10566_Sbg;WZG_99_10566_Sbg_DLZ2;2;9906798;48.20398021;11.45459389;5911;10.566;;Betriebsstatus1;Streckenstation1617;SST_99_10771_Sbg;4;UZ Aubing;A99 Richtung Salzburg
4675;55781;Querschnitt5912;AQ_99_10812_Sbg;WZG_99_10812_Sbg_DLZ1;9;9906798;48.20398545;11.45485219;5912;10.812;;Betriebsstatus1;Streckenstation1617;SST_99_10771_Sbg;4;UZ Aubing;A99 Richtung Salzburg
4680;63101;Querschnitt5913;AQ_99_10991_Sbg;WZG_99_10991_Sbg_A2;136;9906798;48.20398274;11.45512862;5913;10.991;;Betriebsstatus1;Streckenstation1617;SST_99_10771_Sbg;4;UZ Aubing;A99 Richtung Salzburg
4685;52899;Querschnitt5914;AQ_99_11228_Sbg;WZG_99_11228_Sbg_C2;140;9906798;48.20398411;11.45541701;5914;11.228;;Betriebsstatus1;Streckenstation1617;SST_99_10771_Sbg;4;UZ Aubing;A99 Richtung Salzburg
4689;60389;Querschnitt5909;BMS_99_10771_Sbg;BMS_99_10771_Sbg_Temp;2;9906798;48.20572774;11.45891966;5909;10.771;;Betriebsstatus1;Streckenstation1617;SST_99_10771_Sbg;6;UZ Aubing;A99 Richtung Salzburg
4693;58128;Querschnitt5891;GMA_HK_99_10383_Sbg;WUD_99_10383_Sbg_HK;1;9906798;48.20456646;11.45413402;5891;10.383;;Betriebsstatus1;Streckenstation1617;SST_99_10771_Sbg;3;UZ Aubing;A99 Richtung Salzburg
4694;60537;Querschnitt5910;LSA_99_10383_Sbg;LSA_99_10383_Sbg_LSA1;129;9906798;48.20463613;11.4540041;5910;10.383;;Betriebsstatus1;Streckenstation1617;SST_99_10771_Sbg;4;UZ Aubing;A99 Richtung Salzburg
4696;52954;Querschnitt5888;MQ_99_10566_Sbg;DET_99_10566_Sbg_H3;3;9906798;48.205;11.45639994;5888;10.566;;Betriebsstatus1;Streckenstation1617;SST_99_10771_Sbg;1;UZ Aubing;A99 Richtung Salzburg
4699;53448;Querschnitt5889;MQ_99_10812_Sbg;DET_99_10812_Sbg_H1;9;9906798;48.20594889;11.45918001;5889;10.812;;Betriebsstatus1;Streckenstation1617;SST_99_10771_Sbg;1;UZ Aubing;A99 Richtung Salzburg
4702;51775;Querschnitt5890;MQ_99_10991_Sbg;DET_99_10991_Sbg_H2;18;9906798;48.20696622;11.46092562;5890;10.991;;Betriebsstatus1;Streckenstation1617;SST_99_10771_Sbg;1;UZ Aubing;A99 Richtung Salzburg
4705;59483;Querschnitt763;AQ_99_11515_Sbg;WZG_99_11515_Sbg_A1;33;9906851;48.20950152;11.46714558;763;11.515;;Betriebsstatus1;Streckenstation294;SST_99_11484_Sbg;4;UZ Aubing;A99 Richtung Salzburg
4712;55520;Querschnitt5086;BMS_99_11484_Sbg;BMS_99_11484_Sbg_Netz;3;9906851;48.20937633;11.46699966;5086;11.484;;Betriebsstatus1;Streckenstation294;SST_99_11484_Sbg;6;UZ Aubing;A99 Richtung Salzburg
4715;52751;Querschnitt762;GMA_HK_99_11515_Sbg;WUD_99_11515_Sbg_HK;3;9906851;48.2094474;11.46716718;762;11.515;;Betriebsstatus1;Streckenstation294;SST_99_11484_Sbg;3;UZ Aubing;A99 Richtung Salzburg
4716;56888;Querschnitt761;MQ_99_11515_Sbg;DET_99_11515_Sbg_H1;33;9906851;48.2094;11.4664;761;11.515;77349005;Betriebsstatus1;Streckenstation294;SST_99_11484_Sbg;1;UZ Aubing;A99 Richtung Salzburg
4719;57426;Querschnitt901;AQ_99_11440_Stg;DLZ_99_11440_Stg_DLZ2;34;9916860;48.20955644;11.46654615;901;11.44;;Betriebsstatus1;Streckenstation343;SST_99_11610_Stg;4;UZ Aubing;A99 Richtung Lindau
4722;59987;Querschnitt902;AQ_99_11600_Stg;WZG_99_11600_Stg_B1;65;9916860;48.20975889;11.4683;902;11.6;;Betriebsstatus1;Streckenstation343;SST_99_11610_Stg;4;UZ Aubing;A99 Richtung Lindau
4730;60097;Querschnitt5060;BMS_99_11610_Stg;BMS_99_11610_Stg_Tuer;1;9916860;48.20955644;11.46654615;5060;11.61;;Betriebsstatus1;Streckenstation343;SST_99_11610_Stg;6;UZ Aubing;A99 Richtung Lindau
4735;59427;Querschnitt900;GMA_HK_99_11440_Stg;WUD_99_11440_Stg_HK;62;9916860;48.20955644;11.46654615;900;11.44;;Betriebsstatus1;Streckenstation343;SST_99_11610_Stg;3;UZ Aubing;A99 Richtung Lindau
4736;58055;Querschnitt5989;GMA_HK_99_11600_Stg;WUD_99_11600_Stg_HK;3;9916860;48.20987;11.46934;5989;11.6;;Betriebsstatus1;Streckenstation343;SST_99_11610_Stg;3;UZ Aubing;A99 Richtung Lindau
4737;50834;Querschnitt903;MQ_99_11627_Stg;DET_99_11627_Stg_H1;1;9916860;48.20979603;11.4682963;903;11.627;77349775;Betriebsstatus1;Streckenstation343;SST_99_11610_Stg;1;UZ Aubing;A99 Richtung Lindau
4740;63785;Querschnitt6940;AQ_99_11680_Stg;HS_99_11643_Stg_HS1;133;9916865;48.20987;11.46934;;11.68;;Betriebsstatus1;Streckenstation2032;SST_99_11680_Stg;4;UZ Aubing;A99 Richtung Lindau
4746;63743;Querschnitt6942;BMS_99_11680_Stg;BMS_99_11680_Stg_Temp;2;9916865;48.20987;11.46934;;11.68;;Betriebsstatus1;Streckenstation2032;SST_99_11680_Stg;6;UZ Aubing;A99 Richtung Lindau
4751;64003;Querschnitt6943;GMA_HK_99_11680_Stg;WUD_99_11680_Stg_HK;61;9916865;48.20987;11.46934;;11.68;;Betriebsstatus1;Streckenstation2032;SST_99_11680_Stg;3;UZ Aubing;A99 Richtung Lindau
4752;63762;Querschnitt6937;AQ_99_11964_Stg;WZG_99_11964_Stg_A2;2;9916886;48.20991;11.47312;;11.964;;Betriebsstatus1;Streckenstation2031;SST_99_11964_Stg;4;UZ Aubing;A99 Richtung Lindau
4765;63737;Querschnitt6938;BMS_99_11964_Stg;BMS_99_11964_Stg_ReduFG4;129;9916886;48.20991;11.47312;;11.964;;Betriebsstatus1;Streckenstation2031;SST_99_11964_Stg;6;UZ Aubing;A99 Richtung Lindau
4770;63800;Querschnitt6939;GMA_HK_99_11964_Stg;WUD_99_11964_Stg_HK;61;9916886;48.20991;11.47312;;11.964;;Betriebsstatus1;Streckenstation2031;SST_99_11964_Stg;3;UZ Aubing;A99 Richtung Lindau
4771;63974;Querschnitt6936;MQ_99_11964_Stg;DET_99_11964_Stg_H3;3;9916886;48.20991;11.47312;;11.964;;Betriebsstatus1;Streckenstation2031;SST_99_11964_Stg;1;UZ Aubing;A99 Richtung Lindau
4774;60068;Querschnitt909;AQ_99_12270_Stg;WZG_99_12270_Stg_A2;2;9916909;48.20986778;11.47756255;909;12.27;;Betriebsstatus1;Streckenstation346;SST_99_12270_Stg;4;UZ Aubing;A99 Richtung Lindau
4787;55318;Querschnitt5059;BMS_99_12270_Stg;BMS_99_12270_Stg_Temp;2;9916909;48.20986778;11.47756255;5059;12.27;;Betriebsstatus1;Streckenstation346;SST_99_12270_Stg;6;UZ Aubing;A99 Richtung Lindau
4792;63165;Querschnitt911;GMA_HK_99_12270_Stg;WUD_99_12270_Stg_HK;3;9916909;48.20986778;11.47756255;911;12.27;;Betriebsstatus1;Streckenstation346;SST_99_12270_Stg;3;UZ Aubing;A99 Richtung Lindau
4793;59816;Querschnitt910;MQ_99_12270_Stg;DET_99_12270_Stg_H3;3;9916909;48.20940004;11.48169996;910;12.27;;Betriebsstatus1;Streckenstation346;SST_99_12270_Stg;1;UZ Aubing;A99 Richtung Lindau
4796;63772;Querschnitt6935;BMS_99_12532_Stg_H;BMS_99_12532_Stg_Tuer;1;9916928;48.20957;11.48074;;12.532;;Betriebsstatus1;Streckenstation2030;SST_99_12532_Stg;6;UZ Aubing;A99 Richtung Lindau
4800;63826;Querschnitt6934;MQ_99_12532_Stg_E;DET_99_12532_Stg_H1;1;9916928;;;;12.532;;Betriebsstatus1;Streckenstation2030;SST_99_12532_Stg;1;UZ Aubing;A99 Richtung Lindau
4804;63781;Querschnitt6931;AQ_99_AS10_0240_TZ;WZG_99_AS10_0240_TZ_WTA1;9;9916945;48.20946;11.48256;;12.68;;Betriebsstatus1;Streckenstation2029;SST_99_12760_Stg;4;UZ Aubing;
4808;63727;Querschnitt6932;BMS_99_12760_Stg_H;BMS_99_12760_Stg_Tuer;1;9916945;48.20934;11.48368;;12.76;;Betriebsstatus1;Streckenstation2029;SST_99_12760_Stg;6;UZ Aubing;A99 Richtung Lindau
4812;63867;Querschnitt6933;GMA_HK_99_AS10_0240_TZ;WUD_99_AS10_0240_TZ_HK;61;9916945;48.20946;11.48256;;12.76;;Betriebsstatus1;Streckenstation2029;SST_99_12760_Stg;3;UZ Aubing;
4813;61131;Querschnitt5058;BMS_99_12930_Stg;BMS_99_12930_Stg_Temp;2;9916958;48.20922317;11.48418886;5058;12.77;;Betriebsstatus1;Streckenstation348;SST_99_12930_Stg;6;UZ Aubing;A99 Richtung Lindau
4816;55886;Querschnitt916;MQ_99_AS10_300_NP;DET_99_AS10_300_NP_A2;66;9916958;48.20950002;11.48750002;916;13.02;;Betriebsstatus1;Streckenstation348;SST_99_12930_Stg;1;UZ Aubing;A99 Richtung Lindau
4818;51662;Querschnitt918;MQ_99_AS10_300_RS;DET_99_AS10_300_RS_E1;129;9916958;48.20950002;11.48750002;918;12.995;;Betriebsstatus1;Streckenstation348;SST_99_12930_Stg;1;UZ Aubing;A99 Richtung Lindau
4819;50695;Querschnitt917;MQ_99_AS10_300_TZ;DET_99_AS10_300_TZ_E1;137;9916958;48.20950002;11.48750002;917;12.77;;Betriebsstatus1;Streckenstation348;SST_99_12930_Stg;1;UZ Aubing;A99 Richtung Lindau
4820;55412;Querschnitt5843;NMG_99_12770_Stg;WUD_99_12770_Stg_SW;90;9916958;48.20906679;11.48341005;5843;12.77;;Betriebsstatus1;Streckenstation348;SST_99_12930_Stg;3;UZ Aubing;A99 Richtung Salzburg
4821;55912;Querschnitt915;WS_GMA_99_12770_Sbg;WUD_99_12770_Sbg_RS;75;9916958;48.20922317;11.48418886;915;12.77;;Betriebsstatus1;Streckenstation348;SST_99_12930_Stg;3;UZ Aubing;A99 Richtung Lindau
4827;59359;Querschnitt5842;WS_GMA_99_12770_Stg;WUD_99_12770_Stg_NS;17;9916958;48.20906679;11.48341005;5842;12.77;;Betriebsstatus1;Streckenstation348;SST_99_12930_Stg;3;UZ Aubing;A99 Richtung Salzburg
4840;53024;Querschnitt4877;BMS_99_1345_Sbg;BMS_99_1345_Sbg_Tuer;1;9916100;48.14221916;11.39547571;4877;1.345;;Betriebsstatus1;Streckenstation1335;SST_99_1345_Sbg;6;UZ Aubing;A99 Richtung Salzburg
4843;54966;Querschnitt4880;MQ_99_1345_Lin;DET_99_1345_Lin_H1;33;9916100;48.14220003;11.39500002;4880;1.345;;Betriebsstatus1;Streckenstation1335;SST_99_1345_Sbg;1;UZ Aubing;A99 Richtung Lindau
4846;53379;Querschnitt4879;MQ_99_1345_Sbg;DET_99_1345_Sbg_H2;2;9916100;48.14230001;11.3952;4879;1.345;;Betriebsstatus1;Streckenstation1335;SST_99_1345_Sbg;1;UZ Aubing;A99 Richtung Salzburg
4849;54953;Querschnitt923;AQ_99_14110_Stg;WZG_99_14110_Stg_B1;65;9917047;48.21339645;11.5000947;923;14.11;;Betriebsstatus1;Streckenstation350;SST_99_14140_Stg;4;UZ Aubing;A99 Richtung Lindau
4856;59843;Querschnitt5057;BMS_99_14140_Stg;BMS_99_14140_Stg_Temp;2;9917047;48.21362096;11.50019186;5057;14.11;;Betriebsstatus1;Streckenstation350;SST_99_14140_Stg;6;UZ Aubing;A99 Richtung Lindau
4859;61640;Querschnitt922;GMA_HK_99_14110_Stg;WUD_99_14110_Stg_HK;3;9917047;48.21348722;11.49997274;922;14.11;;Betriebsstatus1;Streckenstation350;SST_99_14140_Stg;3;UZ Aubing;A99 Richtung Lindau
4860;51792;Querschnitt924;MQ_99_14110_Stg;DET_99_14110_Stg_H3;3;9917047;48.21342316;11.50003235;924;14.11;;Betriebsstatus1;Streckenstation350;SST_99_14140_Stg;1;UZ Aubing;A99 Richtung Lindau
4863;60633;Querschnitt4884;AQ_99_1625_Sbg;WZG_99_1625_Sbg_A2;2;9916119;48.14462889;11.39433001;4884;1.625;;Betriebsstatus1;Streckenstation1336;SST_99_1612_Sbg;4;UZ Aubing;A99 Richtung Salzburg
4870;56160;Querschnitt4882;BMS_99_1612_Sbg;BMS_99_1612_Sbg_Temp;2;9916119;48.14448876;11.39424764;4882;1.625;;Betriebsstatus1;Streckenstation1336;SST_99_1612_Sbg;6;UZ Aubing;A99 Richtung Salzburg
4873;50780;Querschnitt4883;GMA_HK_99_1625_Sbg;WUD_99_1625_Sbg_HK;1;9916119;48.14465225;11.39448565;4883;1.625;;Betriebsstatus1;Streckenstation1336;SST_99_1612_Sbg;3;UZ Aubing;A99 Richtung Salzburg
4874;55293;Querschnitt4885;MQ_99_1625_Sbg;DET_99_1625_Sbg_H2;2;9916119;48.14463317;11.39437528;4885;1.625;;Betriebsstatus1;Streckenstation1336;SST_99_1612_Sbg;1;UZ Aubing;A99 Richtung Salzburg
4877;53544;Querschnitt4886;MQ_99_AS6_220_AE;DET_99_AS6_220_AE_A1;65;9916119;48.14440004;11.39470006;4886;1.579;;Betriebsstatus1;Streckenstation1336;SST_99_1612_Sbg;1;UZ Aubing;A99 Richtung Salzburg
4879;61780;Querschnitt5464;NMG_99_1612_Sbg;WUD_99_1612_Sbg_SW;73;9916119;48.14452492;11.39451173;5464;1.612;;Betriebsstatus1;Streckenstation1336;SST_99_1612_Sbg;3;UZ Aubing;A99 Richtung Salzburg
4880;61032;Querschnitt4888;WS_GMA_99_1615_Lin;WUD_99_1615_Lin_FBZ;100;9916119;48.14451077;11.39416783;4888;1.615;;Betriebsstatus1;Streckenstation1336;SST_99_1612_Sbg;3;UZ Aubing;A99 Richtung Salzburg
4886;59994;Querschnitt4887;WS_GMA_99_1615_Sbg;WUD_99_1615_Sbg_TT1;77;9916119;48.14457827;11.39449266;4887;1.615;;Betriebsstatus1;Streckenstation1336;SST_99_1612_Sbg;3;UZ Aubing;A99 Richtung Salzburg
4897;63734;Querschnitt6910;AQ_99_18185_Stg;WZG_99_18185_Stg_W1;225;9917349;48.22678;11.55027;;18.185;;Betriebsstatus1;Streckenstation2023;SST_99_18215_Stg;4;UZ Aubing;A99 Richtung Lindau
4906;63765;Querschnitt6911;BMS_99_18215_Stg;BMS_99_18215_Stg_Temp;2;9917349;48.22687;11.55042;;18.215;;Betriebsstatus1;Streckenstation2023;SST_99_18215_Stg;6;UZ Aubing;A99 Richtung Lindau
4909;63937;Querschnitt6912;AQ_99_18390_Stg;WZG_99_18390_Stg_W4;228;9917364;48.22684;11.55264;;18.39;;Betriebsstatus1;Streckenstation2024;SST_99_18420_Stg;4;UZ Aubing;A99 Richtung Lindau
4918;63731;Querschnitt6913;BMS_99_18420_Stg;BMS_99_18420_Stg_Tür;3;9917364;48.2269;11.55279;;18.39;;Betriebsstatus1;Streckenstation2024;SST_99_18420_Stg;6;UZ Aubing;A99 Richtung Lindau
4921;56401;Querschnitt4850;AQ_99_2018_Lin;WZG_99_2018_Lin_B2;98;9906152;48.14813784;11.3940666;4850;2.018;;Betriebsstatus1;Streckenstation1329;SST_99_2048_Lin;4;UZ Aubing;A99 Richtung Lindau
4928;53802;Querschnitt4848;BMS_99_2048_Lin;BMS_99_2048_Lin_Netz;3;9906152;48.14842741;11.3938736;4848;2.048;;Betriebsstatus1;Streckenstation1329;SST_99_2048_Lin;6;UZ Aubing;A99 Richtung Lindau
4931;55742;Querschnitt4851;GMA_HK_99_2018_Lin;WUD_99_2018_Lin_HK;33;9906152;48.14815733;11.39387984;4851;2.018;;Betriebsstatus1;Streckenstation1329;SST_99_2048_Lin;3;UZ Aubing;A99 Richtung Lindau
4932;59425;Querschnitt4849;MQ_99_2018_Lin;DET_99_2018_Lin_H2;34;9906152;48.14814571;11.39400535;4849;2.018;;Betriebsstatus1;Streckenstation1329;SST_99_2048_Lin;1;UZ Aubing;A99 Richtung Lindau
4935;55041;Querschnitt4889;BMS_99_2145_Sbg;BMS_99_2145_Sbg_Temp;2;9916159;48.14918301;11.39474236;4889;2.145;;Betriebsstatus1;Streckenstation1337;SST_99_2145_Sbg;6;UZ Aubing;A99 Richtung Salzburg
4938;62837;Querschnitt4890;BMS_99_2155_Sbg_;BMS_99_2155_Sbg_HOEK1;4;9916159;48.14921994;11.39476027;4890;2.145;;Betriebsstatus1;Streckenstation1337;SST_99_2145_Sbg;6;UZ Aubing;A99 Richtung Salzburg
4940;59334;Querschnitt4891;MQ_99_2155_Sbg;DET_99_2155_Sbg_H2;3;9916159;48.14936211;11.39455677;4891;2.155;;Betriebsstatus1;Streckenstation1337;SST_99_2145_Sbg;1;UZ Aubing;A99 Richtung Salzburg
4942;53668;Querschnitt4892;MQ_99_AS6_330_FM;DET_99_AS6_330_FM_E1;1;9916159;48.14899989;11.39455491;4892;2.155;;Betriebsstatus1;Streckenstation1337;SST_99_2145_Sbg;1;UZ Aubing;A99 Richtung Salzburg
4943;50817;Querschnitt4895;AQ_99_2408_Sbg;AQ_99_2408_Sbg_A1;1;9916176;48.15150629;11.39564473;4895;2.408;;Betriebsstatus1;Streckenstation1338;SST_99_2375_Sbg;4;UZ Aubing;A99 Richtung Salzburg
4950;55485;Querschnitt4893;BMS_99_2375_Sbg;BMS_99_2375_Sbg_Temp;2;9916176;48.15119731;11.39564835;4893;2.375;;Betriebsstatus1;Streckenstation1338;SST_99_2375_Sbg;6;UZ Aubing;A99 Richtung Salzburg
4953;52883;Querschnitt4894;GMA_HK_99_2408_Sbg;WUD_99_2408_Sbg_HK;1;9916176;48.15146803;11.39576444;4894;2.408;;Betriebsstatus1;Streckenstation1338;SST_99_2375_Sbg;3;UZ Aubing;A99 Richtung Salzburg
4954;53073;Querschnitt4896;MQ_99_2408_Sbg;DET_99_2408_Sbg_H1;1;9916176;48.15149625;11.39568154;4896;2.408;;Betriebsstatus1;Streckenstation1338;SST_99_2375_Sbg;1;UZ Aubing;A99 Richtung Salzburg
4957;59957;Querschnitt4900;AQ_99_2700_Sbg;WZG_99_2700_Sbg_BL2;136;9916198;48.15430012;11.39808914;4900;2.7;;Betriebsstatus1;Streckenstation1339;SST_99_2670_Sbg;4;UZ Aubing;A99 Richtung Salzburg
4963;55401;Querschnitt4898;BMS_99_2670_Sbg;BMS_99_2670_Sbg_Netz;3;9916198;48.1537103;11.39760977;4898;2.67;;Betriebsstatus1;Streckenstation1339;SST_99_2670_Sbg;6;UZ Aubing;A99 Richtung Salzburg
4966;57862;Querschnitt4899;GMA_HK_99_2700_Sbg;WUD_99_2700_Sbg_HK;1;9916198;48.1542598;11.39820583;4899;2.7;;Betriebsstatus1;Streckenstation1339;SST_99_2670_Sbg;3;UZ Aubing;A99 Richtung Salzburg
4967;59653;Querschnitt4903;AQ_99_2927_Sbg;WZG_99_2927_Sbg_C2;74;9916215;48.15539889;11.39928;4903;2.927;;Betriebsstatus1;Streckenstation1340;SST_99_2907_Sbg;4;UZ Aubing;A99 Richtung Salzburg
4974;60730;Querschnitt4901;BMS_99_2907_Sbg;BMS_99_2907_Sbg_Temp;2;9916215;48.15520857;11.39923764;4901;2.907;;Betriebsstatus1;Streckenstation1340;SST_99_2907_Sbg;6;UZ Aubing;A99 Richtung Salzburg
4977;51777;Querschnitt6001;BMS_99_3129_Sbg_PO;BMS_99_3129_Sbg_POFWPRG;4;9916215;48.15657947;11.40076652;6001;2.907;;Betriebsstatus1;Streckenstation1340;SST_99_2907_Sbg;6;UZ Aubing;A99 Richtung Salzburg
4978;51386;Querschnitt4902;GMA_HK_99_2927_Sbg;WUD_99_2927_Sbg_HK;1;9916215;48.15534475;11.39945013;4902;2.927;;Betriebsstatus1;Streckenstation1340;SST_99_2907_Sbg;3;UZ Aubing;A99 Richtung Salzburg
4979;59727;Querschnitt5999;HS_99_3129_Sbg;HS_99_3129_Sbg_HS2;6;9916215;48.15693876;11.40098821;5999;3.129;;Betriebsstatus1;Streckenstation1340;SST_99_2907_Sbg;4;UZ Aubing;A99 Richtung Salzburg
4981;57311;Querschnitt6000;LSA_99_3113_Sbg;LSA_99_3113_Sbg_LSA1;4;9916215;48.15671983;11.40083379;6000;3.113;;Betriebsstatus1;Streckenstation1340;SST_99_2907_Sbg;4;UZ Aubing;A99 Richtung Salzburg
4982;59671;Querschnitt4904;MQ_99_2927_Sbg;DET_99_2927_Sbg_H2;2;9916215;48.15535239;11.39934605;4904;2.927;78349151;Betriebsstatus1;Streckenstation1340;SST_99_2907_Sbg;1;UZ Aubing;A99 Richtung Salzburg
4985;55715;Querschnitt5088;WTA_99_3113_Sbg;WTA_99_3113_Sbg_WTA1;5;9916215;48.15674931;11.40078312;5088;3.113;;Betriebsstatus1;Streckenstation1340;SST_99_2907_Sbg;4;UZ Aubing;A99 Richtung Salzburg
4986;55261;Querschnitt4845;AQ_99_2949_Lin;WZG_99_2949_Lin_A2;34;9906221;48.1556276;11.39930163;4845;2.949;;Betriebsstatus1;Streckenstation1328;SST_99_2978_Lin;4;UZ Aubing;A99 Richtung Lindau
4993;60362;Querschnitt4843;BMS_99_2978_Lin;BMS_99_2978_Lin_Temp;2;9906221;48.1559445;11.39938642;4843;2.978;;Betriebsstatus1;Streckenstation1328;SST_99_2978_Lin;6;UZ Aubing;A99 Richtung Lindau
4996;58031;Querschnitt4846;GMA_HK_99_2949_Lin;WUD_99_2949_Lin_HK;33;9906221;48.15570028;11.39914517;4846;2.949;;Betriebsstatus1;Streckenstation1328;SST_99_2978_Lin;3;UZ Aubing;A99 Richtung Lindau
4997;60822;Querschnitt4847;MQ_99_2949_Lin;DET_99_2949_Lin_H1;33;9906221;48.15563956;11.39924656;4847;2.949;78349151;Betriebsstatus1;Streckenstation1328;SST_99_2978_Lin;1;UZ Aubing;A99 Richtung Lindau
5000;60441;Querschnitt4912;AQ_99_3312_Lin;WZG_99_3312_Lin_DLZ3;41;9906272;48.15864889;11.4027;4912;3.312;;Betriebsstatus1;Streckenstation1341;SST_99_3670_Lin;4;UZ Aubing;A99 Richtung Lindau
5007;60446;Querschnitt4910;AQ_99_3493_Lin;WZG_99_3493_Lin_B1;163;9906272;48.1594383;11.40361509;4910;3.493;;Betriebsstatus1;Streckenstation1341;SST_99_3670_Lin;4;UZ Aubing;A99 Richtung Lindau
5016;59527;Querschnitt4908;AQ_99_3728_Lin;DLZ_99_3728_Lin_DLZ2;34;9906272;48.16169843;11.40633351;4908;3.728;;Betriebsstatus1;Streckenstation1341;SST_99_3670_Lin;4;UZ Aubing;A99 Richtung Lindau
5019;55808;Querschnitt4906;BMS_99_3670_Lin;BMS_99_3670_Lin_Netz;3;9906272;48.16083849;11.40489763;4906;3.67;;Betriebsstatus1;Streckenstation1341;SST_99_3670_Lin;6;UZ Aubing;A99 Richtung Lindau
5022;55688;Querschnitt4914;MQ_99_3289_Lin;DET_99_3289_Lin_H2;40;9906272;48.15820246;11.40218536;4914;3.289;;Betriebsstatus1;Streckenstation1341;SST_99_3670_Lin;1;UZ Aubing;A99 Richtung Lindau
5025;56844;Querschnitt4911;MQ_99_3455_Lin;DET_99_3455_Lin_H3;38;9906272;48.15930002;11.40350005;4911;3.455;;Betriebsstatus1;Streckenstation1341;SST_99_3670_Lin;1;UZ Aubing;A99 Richtung Lindau
5028;51726;Querschnitt4907;MQ_99_3728_Lin;DET_99_3728_Lin_H3;35;9906272;48.16140005;11.40600006;4907;3.728;;Betriebsstatus1;Streckenstation1341;SST_99_3670_Lin;1;UZ Aubing;A99 Richtung Lindau
5031;59575;Querschnitt4917;AQ_99_3252_Sbg;DLZ_99_3252_Sbg_DLZ3;4;9916272;48.15775304;11.40191933;4917;3.252;;Betriebsstatus1;Streckenstation1342;SST_99_3670_Sbg;4;UZ Aubing;A99 Richtung Salzburg
5034;53350;Querschnitt6002;AQ_99_3434_Sbg;DLZ_99_3434_Sbg_DLZ3;7;9916272;48.15880005;11.40320004;6002;3.434;;Betriebsstatus1;Streckenstation1342;SST_99_3670_Sbg;4;UZ Aubing;A99 Richtung Salzburg
5037;59773;Querschnitt4919;AQ_99_3674_Sbg;WZG_99_3674_Sbg_A1;129;9916272;48.16050381;11.40517106;4919;3.674;;Betriebsstatus1;Streckenstation1342;SST_99_3670_Sbg;4;UZ Aubing;A99 Richtung Salzburg
5046;63121;Querschnitt4915;BMS_99_3670_Sbg;BMS_99_3670_Sbg_Netz;3;9916272;48.15825495;11.40199628;4915;3.67;;Betriebsstatus1;Streckenstation1342;SST_99_3670_Sbg;6;UZ Aubing;A99 Richtung Salzburg
5049;61024;Querschnitt4916;LSA_99_3248_Sbg;LSA_99_3248_Sbg_LSA1;1;9916272;48.15773888;11.40189001;4916;3.248;;Betriebsstatus1;Streckenstation1342;SST_99_3670_Sbg;4;UZ Aubing;A99 Richtung Salzburg
5050;52845;Querschnitt4918;MQ_99_3252_Sbg;DET_99_3252_Sbg_H2;2;9916272;48.15740004;11.40149994;4918;3.252;;Betriebsstatus1;Streckenstation1342;SST_99_3670_Sbg;1;UZ Aubing;A99 Richtung Salzburg
5053;54936;Querschnitt5379;MQ_99_3434_Sbg;DET_99_3434_Sbg_H1;4;9916272;48.15880005;11.40320004;5379;3.434;;Betriebsstatus1;Streckenstation1342;SST_99_3670_Sbg;1;UZ Aubing;A99 Richtung Salzburg
5056;60292;Querschnitt4921;MQ_99_3681_Sbg;DET_99_3681_Sbg_H3;9;9916272;48.16060007;11.40529994;4921;3.681;;Betriebsstatus1;Streckenstation1342;SST_99_3670_Sbg;1;UZ Aubing;A99 Richtung Salzburg
5059;51642;Querschnitt5181;BMS_99_3671_Lin_O;BMS_99_3671_Lin_OUT211;84;1048561;48.16076327;11.40501497;5181;3.671;;Betriebsstatus1;Streckenstation1401;SST_99_3671_Lin;6;UZ Aubing;A99 Richtung Lindau
5145;59561;Querschnitt4925;AQ_99_4052_Lin;WZG_99_4052_Lin_C2;166;9906304;48.16310004;11.4083;4925;4.052;;Betriebsstatus1;Streckenstation1343;SST_99_4100_Lin;4;UZ Aubing;A99 Richtung Lindau
5147;60019;Querschnitt4926;AQ_99_4052_Lin;WZG_99_4052_Lin_DLZ3;38;9906304;48.16321478;11.40842872;4926;4.052;;Betriebsstatus1;Streckenstation1343;SST_99_4100_Lin;4;UZ Aubing;A99 Richtung Lindau
5154;55822;Querschnitt4923;AQ_99_4331_Lin;AQ_99_4331_Lin_DLZ1;33;9906304;48.16524627;11.41145561;4923;4.331;;Betriebsstatus1;Streckenstation1343;SST_99_4100_Lin;4;UZ Aubing;A99 Richtung Lindau
5157;60964;Querschnitt4922;BMS_99_4100_Lin;BMS_99_4100_Lin_Tuer;1;9906304;48.16380724;11.40889965;4922;4.1;;Betriebsstatus1;Streckenstation1343;SST_99_4100_Lin;6;UZ Aubing;A99 Richtung Lindau
5160;54985;Querschnitt4927;MQ_99_4022_Lin;DET_99_4022_Lin_H1;36;9906304;48.16310004;11.4083;4927;4.022;;Betriebsstatus1;Streckenstation1343;SST_99_4100_Lin;1;UZ Aubing;A99 Richtung Lindau
5163;61630;Querschnitt4924;MQ_99_4331_Lin;DET_99_4331_Lin_H2;34;9906304;48.16510009;11.41130001;4924;4.331;;Betriebsstatus1;Streckenstation1343;SST_99_4100_Lin;1;UZ Aubing;A99 Richtung Lindau
5166;59867;Querschnitt4929;AQ_99_3986_Sbg;DLZ_99_3986_Sbg_DLZ2;2;9916304;48.1626822;11.40793953;4929;3.986;;Betriebsstatus1;Streckenstation1344;SST_99_4100_Sbg;4;UZ Aubing;A99 Richtung Salzburg
5169;59447;Querschnitt4931;AQ_99_4258_Sbg;WZG_99_4258_Sbg_C1;133;9916304;48.16461873;11.41072792;4931;4.258;;Betriebsstatus1;Streckenstation1344;SST_99_4100_Sbg;4;UZ Aubing;A99 Richtung Salzburg
5171;61094;Querschnitt4932;AQ_99_4258_Sbg;WZG_99_4258_Sbg_DLZ2;5;9916304;48.16464325;11.41078798;4932;4.258;;Betriebsstatus1;Streckenstation1344;SST_99_4100_Sbg;4;UZ Aubing;A99 Richtung Salzburg
5178;60717;Querschnitt4928;BMS_99_4100_Sbg;BMS_99_4100_Sbg_Temp;2;9916304;48.16347296;11.40923422;4928;4.1;;Betriebsstatus1;Streckenstation1344;SST_99_4100_Sbg;6;UZ Aubing;A99 Richtung Salzburg
5181;60354;Querschnitt4930;MQ_99_3986_Sbg;DET_99_3986_Sbg_H3;3;9916304;48.16280007;11.40810006;4930;3.986;;Betriebsstatus1;Streckenstation1344;SST_99_4100_Sbg;1;UZ Aubing;A99 Richtung Salzburg
5184;59328;Querschnitt4933;MQ_99_4277_Sbg;DET_99_4277_Sbg_H1;4;9916304;48.16470002;11.41080006;4933;4.277;;Betriebsstatus1;Streckenstation1344;SST_99_4100_Sbg;1;UZ Aubing;A99 Richtung Salzburg
5187;55172;Querschnitt4940;AQ_99_4616_Lin;WZG_99_4616_Lin_A1;161;9906385;48.16771889;11.4153;4940;4.616;;Betriebsstatus1;Streckenstation1345;SST_99_5200_Lin;4;UZ Aubing;A99 Richtung Lindau
5190;56624;Querschnitt4941;AQ_99_4616_Lin;WZG_99_4616_Lin_DLZ2;41;9906385;48.16744369;11.41489736;4941;4.616;;Betriebsstatus1;Streckenstation1345;SST_99_5200_Lin;4;UZ Aubing;A99 Richtung Lindau
5196;63097;Querschnitt4938;AQ_99_4932_Lin;DLZ_99_4932_Lin_DLZ2;38;9906385;48.16893013;11.41713461;4938;4.932;;Betriebsstatus1;Streckenstation1345;SST_99_5200_Lin;4;UZ Aubing;A99 Richtung Lindau
5199;62328;Querschnitt4936;AQ_99_5182_Lin;DLZ_99_5182_Lin_DLZ2;35;9906385;48.1701768;11.41895816;4936;5.182;;Betriebsstatus1;Streckenstation1345;SST_99_5200_Lin;4;UZ Aubing;A99 Richtung Lindau
5202;53538;Querschnitt4934;BMS_99_5200_Lin;BMS_99_5200_Lin_Temp;2;9906385;48.17064685;11.41954091;4934;5.2;;Betriebsstatus1;Streckenstation1345;SST_99_5200_Lin;6;UZ Aubing;A99 Richtung Lindau
5205;56615;Querschnitt4935;LSA_99_5190_Lin;LSA_99_5190_Lin_LSA1;33;9906385;48.17053182;11.41948096;4935;5.19;;Betriebsstatus1;Streckenstation1345;SST_99_5200_Lin;4;UZ Aubing;A99 Richtung Lindau
5206;60327;Querschnitt4942;MQ_99_4646_Lin;DET_99_4646_Lin_H3;41;9906385;48.16760002;11.41509999;4942;4.646;;Betriebsstatus1;Streckenstation1345;SST_99_5200_Lin;1;UZ Aubing;A99 Richtung Lindau
5209;61232;Querschnitt4939;MQ_99_4932_Lin;DET_99_4932_Lin_H2;37;9906385;48.16880005;11.41689999;4939;4.932;;Betriebsstatus1;Streckenstation1345;SST_99_5200_Lin;1;UZ Aubing;A99 Richtung Lindau
5212;59576;Querschnitt4937;MQ_99_5182_Lin;DET_99_5182_Lin_H1;33;9906385;48.17000002;11.41879996;4937;5.182;;Betriebsstatus1;Streckenstation1345;SST_99_5200_Lin;1;UZ Aubing;A99 Richtung Lindau
5215;56077;Querschnitt4944;AQ_99_4587_Sbg;AQ_99_4587_Sbg_DLZ1;1;9916385;48.16593671;11.41276994;4944;4.587;;Betriebsstatus1;Streckenstation1346;SST_99_5200_Sbg;4;UZ Aubing;A99 Richtung Salzburg
5218;53063;Querschnitt4946;AQ_99_4862_Sbg;WZG_99_4862_Sbg_A2;130;9916385;48.1682475;11.41641758;4946;4.862;;Betriebsstatus1;Streckenstation1346;SST_99_5200_Sbg;4;UZ Aubing;A99 Richtung Salzburg
5219;55636;Querschnitt4947;AQ_99_4862_Sbg;WZG_99_4862_Sbg_DLZ3;6;9916385;48.16823888;11.41635001;4947;4.862;;Betriebsstatus1;Streckenstation1346;SST_99_5200_Sbg;4;UZ Aubing;A99 Richtung Salzburg
5227;59697;Querschnitt4949;AQ_99_5125_Sbg;WZG_99_5125_Sbg_C2;140;9916385;48.16977617;11.41864453;4949;5.125;;Betriebsstatus1;Streckenstation1346;SST_99_5200_Sbg;4;UZ Aubing;A99 Richtung Salzburg
5229;51169;Querschnitt4950;AQ_99_5125_Sbg;WZG_99_5125_Sbg_DLZ2;8;9916385;48.16975889;11.41859;4950;5.125;;Betriebsstatus1;Streckenstation1346;SST_99_5200_Sbg;4;UZ Aubing;A99 Richtung Salzburg
5234;61408;Querschnitt4943;BMS_99_5200_Sbg;BMS_99_5200_Sbg_Netz;3;9916385;48.17046011;11.41982532;4943;5.2;;Betriebsstatus1;Streckenstation1346;SST_99_5200_Sbg;6;UZ Aubing;A99 Richtung Salzburg
5237;55683;Querschnitt4945;MQ_99_4587_Sbg;DET_99_4587_Sbg_H1;1;9916385;48.16600004;11.41289998;4945;4.587;;Betriebsstatus1;Streckenstation1346;SST_99_5200_Sbg;1;UZ Aubing;A99 Richtung Salzburg
5240;60024;Querschnitt4948;MQ_99_4895_Sbg;DET_99_4895_Sbg_H2;5;9916385;48.16830006;11.41650004;4948;4.895;;Betriebsstatus1;Streckenstation1346;SST_99_5200_Sbg;1;UZ Aubing;A99 Richtung Salzburg
5243;61598;Querschnitt4951;MQ_99_5168_Sbg;DET_99_5168_Sbg_H2;8;9916385;48.16980005;11.41870004;4951;5.168;;Betriebsstatus1;Streckenstation1346;SST_99_5200_Sbg;1;UZ Aubing;A99 Richtung Salzburg
5246;52277;Querschnitt4954;AQ_99_5430_Sbg;WZG_99_5430_Sbg_B1;65;9916402;48.17200598;11.42187579;4954;5.43;;Betriebsstatus1;Streckenstation1347;SST_99_5430_Sbg;4;UZ Aubing;A99 Richtung Salzburg
5250;56660;Querschnitt4953;BMS_99_5430_Sbg;BMS_99_5430_Sbg_Temp;2;9916402;48.17189503;11.42188006;4953;5.43;;Betriebsstatus1;Streckenstation1347;SST_99_5430_Sbg;6;UZ Aubing;A99 Richtung Salzburg
5253;60361;Querschnitt4956;GMA_HK_99_5430_Sbg;WUD_99_5430_Sbg_HK;1;9916402;48.17197209;11.42195762;4956;5.43;;Betriebsstatus1;Streckenstation1347;SST_99_5430_Sbg;3;UZ Aubing;A99 Richtung Salzburg
5254;55052;Querschnitt4955;MQ_99_5430_Sbg;DET_99_5430_Sbg_H1;1;9916402;48.17199008;11.42192424;4955;5.43;;Betriebsstatus1;Streckenstation1347;SST_99_5430_Sbg;1;UZ Aubing;A99 Richtung Salzburg
5256;59912;Querschnitt5481;MQ_99_AS7_410_GT;DET_99_AS7_410_GT_A1;87;9916402;48.17164943;11.42159323;5481;5.43;;Betriebsstatus1;Streckenstation1347;SST_99_5430_Sbg;1;UZ Aubing;A99 Richtung Salzburg
5258;59406;Querschnitt5007;AQ_99_5446_Lin;AQ_99_5446_Lin_A1;33;9906406;48.17217771;11.42191912;5007;5.446;;Betriebsstatus1;Streckenstation1358;SST_99_5476_Lin;4;UZ Aubing;A99 Richtung Lindau
5265;51789;Querschnitt6003;BMS_99_5335_Lin_PO;BMS_99_5335_Lin_POFWPRG;4;9906406;48.17152236;11.42080128;6003;5.476;;Betriebsstatus1;Streckenstation1358;SST_99_5476_Lin;6;UZ Aubing;A99 Richtung Lindau
5266;62381;Querschnitt5005;BMS_99_5476_Lin;BMS_99_5476_Lin_Temp;2;9906406;48.17221636;11.42189193;5005;5.476;;Betriebsstatus1;Streckenstation1358;SST_99_5476_Lin;6;UZ Aubing;A99 Richtung Lindau
5269;52114;Querschnitt5006;GMA_HK_99_5446_Lin;WUD_99_5446_Lin_HK;33;9906406;48.17225183;11.42180969;5006;5.446;;Betriebsstatus1;Streckenstation1358;SST_99_5476_Lin;3;UZ Aubing;A99 Richtung Lindau
5270;60203;Querschnitt5097;HS_99_5345_Lin;HS_99_5345_Lin_HS2;38;9906406;48.17148173;11.42074745;5097;5.345;;Betriebsstatus1;Streckenstation1358;SST_99_5476_Lin;4;UZ Aubing;A99 Richtung Lindau
5272;53688;Querschnitt5095;LSA_99_5357_Lin;LSA_99_5357_Lin_LSA1;36;9906406;48.17163689;11.42110467;5095;5.357;;Betriebsstatus1;Streckenstation1358;SST_99_5476_Lin;4;UZ Aubing;A99 Richtung Lindau
5273;51813;Querschnitt5008;MQ_99_5446_Lin;DET_99_5446_Lin_H1;33;9906406;48.17221636;11.42189193;5008;5.446;;Betriebsstatus1;Streckenstation1358;SST_99_5476_Lin;1;UZ Aubing;A99 Richtung Lindau
5276;62757;Querschnitt5096;WTA_99_5357_Lin;WTA_99_5357_Lin_WTA1;37;9906406;48.17163689;11.42110467;5096;5.357;;Betriebsstatus1;Streckenstation1358;SST_99_5476_Lin;4;UZ Aubing;A99 Richtung Lindau
5277;60205;Querschnitt5089;AQ_99_5620_Lin;WZG_99_5620_Lin_D2;164;9906420;48.17355661;11.42373236;5089;5.62;;Betriebsstatus1;Streckenstation1357;SST_99_5650_Lin;4;UZ Aubing;A99 Richtung Lindau
5283;56134;Querschnitt5090;AQ_99_AS7_000_DC;WZG_99_AS7_000_DC_PW1;38;9906420;48.17422456;11.42449054;5090;5.723;;Betriebsstatus1;Streckenstation1357;SST_99_5650_Lin;4;UZ Aubing;A99 Richtung Lindau
5285;60476;Querschnitt5091;AQ_99_AS7_000_SZ;WZG_99_AS7_000_SZ_BL1;41;9906420;48.17414012;11.42374636;5091;5.738;;Betriebsstatus1;Streckenstation1357;SST_99_5650_Lin;4;UZ Aubing;A99 Richtung Lindau
5287;51665;Querschnitt5092;AQ_99_AS7_150_SZ;WZG_99_AS7_150_SZ_LSA1;45;9906420;48.17326696;11.42335913;5092;5.58;;Betriebsstatus1;Streckenstation1357;SST_99_5650_Lin;4;UZ Aubing;A99 Richtung Lindau
5290;55569;Querschnitt5000;BMS_99_5650_Lin;BMS_99_5650_Lin_Tuer;1;9906420;48.17326696;11.42335913;5000;5.65;;Betriebsstatus1;Streckenstation1357;SST_99_5650_Lin;6;UZ Aubing;A99 Richtung Lindau
5293;60047;Querschnitt5180;BMS_99_AS7_150_SZ_;BMS_99_AS7_150_SZ_HOEK1;4;9906420;48.17355661;11.42373236;5180;5.65;;Betriebsstatus1;Streckenstation1357;SST_99_5650_Lin;6;UZ Aubing;A99 Richtung Lindau
5295;57146;Querschnitt5001;GMA_HK_99_5620_Lin;WUD_99_5620_Lin_HK;33;9906420;48.17326696;11.42335913;5001;5.62;;Betriebsstatus1;Streckenstation1357;SST_99_5650_Lin;3;UZ Aubing;A99 Richtung Lindau
5296;57842;Querschnitt5003;MQ_99_AS7_070_SZ;DET_99_AS7_070_SZ_E1;177;9906420;48.17340003;11.42329996;5003;5.67;;Betriebsstatus1;Streckenstation1357;SST_99_5650_Lin;1;UZ Aubing;A99 Richtung Lindau
5297;59589;Querschnitt5093;WTA_99_AS7_150_SZ;WTA_99_AS7_150_SZ_WTA1;46;9906420;48.17326696;11.42335913;5093;5.58;;Betriebsstatus1;Streckenstation1357;SST_99_5650_Lin;4;UZ Aubing;A99 Richtung Lindau
5298;54949;Querschnitt4997;BMS_99_5795_Lin_;BMS_99_5795_Lin_HOEK1;4;9906430;48.17469167;11.42509471;4997;5.805;;Betriebsstatus1;Streckenstation1356;SST_99_5805_Lin;6;UZ Aubing;A99 Richtung Lindau
5300;53596;Querschnitt4996;BMS_99_5805_Lin;BMS_99_5805_Lin_Tuer;1;9906430;48.17480536;11.42523222;4996;5.805;;Betriebsstatus1;Streckenstation1356;SST_99_5805_Lin;6;UZ Aubing;A99 Richtung Lindau
5303;59376;Querschnitt5990;MQ_99_5795_Lin;DET_99_5795_Lin_H1;1;9906430;48.17450006;11.42499995;5990;5.795;;Betriebsstatus1;Streckenstation1356;SST_99_5805_Lin;1;UZ Aubing;A99 Richtung Lindau
5306;58273;Querschnitt4999;MQ_99_AS7_160_NS;DET_99_AS7_160_NS_A1;65;9906430;48.17590008;11.42649995;4999;5.905;;Betriebsstatus1;Streckenstation1356;SST_99_5805_Lin;1;UZ Aubing;A99 Richtung Lindau
5307;57095;Querschnitt4963;AQ_99_6505_Sbg;WZG_99_6505_Sbg_C1;73;9916482;48.17944645;11.43103953;4963;6.505;;Betriebsstatus1;Streckenstation1349;SST_99_6505_Sbg;4;UZ Aubing;A99 Richtung Salzburg
5311;61222;Querschnitt4961;BMS_99_6505_Sbg;BMS_99_6505_Sbg_Temp;2;9916482;48.17931741;11.43102891;4961;6.505;;Betriebsstatus1;Streckenstation1349;SST_99_6505_Sbg;6;UZ Aubing;A99 Richtung Salzburg
5314;62223;Querschnitt4962;GMA_HK_99_6505_Sbg;WUD_99_6505_Sbg_HK;1;9916482;48.17941856;11.43110615;4962;6.505;;Betriebsstatus1;Streckenstation1349;SST_99_6505_Sbg;3;UZ Aubing;A99 Richtung Salzburg
5315;59399;Querschnitt4964;MQ_99_6505_Sbg;DET_99_6505_Sbg_H2;2;9916482;48.17944645;11.43103953;4964;6.505;;Betriebsstatus1;Streckenstation1349;SST_99_6505_Sbg;1;UZ Aubing;A99 Richtung Salzburg
5317;55082;Querschnitt5482;MQ_99_AK8_100_HL;DET_99_AK8_100_HL_A1;82;9916482;48.17962406;11.43149864;5482;6.582;;Betriebsstatus1;Streckenstation1349;SST_99_6505_Sbg;1;UZ Aubing;A99 Richtung Salzburg
5318;55655;Querschnitt4965;MQ_99_AK8_1630_GT;DET_99_AK8_1630_GT_P1;81;9916482;48.17980975;11.43155385;4965;6.582;;Betriebsstatus1;Streckenstation1349;SST_99_6505_Sbg;1;UZ Aubing;A99 Richtung Salzburg
5319;59796;Querschnitt4991;AQ_99_6570_Lin;WZG_99_6570_Lin_C1;105;9906489;48.18003465;11.43138561;4991;6.57;;Betriebsstatus1;Streckenstation1355;SST_99_6600_Lin;4;UZ Aubing;A99 Richtung Lindau
5323;56669;Querschnitt5010;AQ_99_AK8_530_BE;WZG_99_AK8_530_BE_C1;166;9906489;48.18008704;11.4309752;5010;6.56;;Betriebsstatus1;Streckenstation1355;SST_99_6600_Lin;4;UZ Aubing;A99 Richtung Lindau
5326;61806;Querschnitt5179;AQ_99_AK8_700_UF;WZG_99_AK8_700_UF_A1;35;9906489;48.18008032;11.4312465;5179;6.57;;Betriebsstatus1;Streckenstation1355;SST_99_6600_Lin;4;UZ Aubing;A99 Richtung Lindau
5329;57013;Querschnitt4989;BMS_99_6600_Lin;BMS_99_6600_Lin_Netz;3;9906489;48.18037531;11.43139692;4989;6.6;;Betriebsstatus1;Streckenstation1355;SST_99_6600_Lin;6;UZ Aubing;A99 Richtung Lindau
5332;63752;Querschnitt6900;GMA_HK_99_AK8_530_BE;WUD_99_AK8_530_BE_HK;34;9906489;48.18008704;11.4309752;;6.56;;Betriebsstatus1;Streckenstation1355;SST_99_6600_Lin;3;UZ Aubing;A99 Richtung Lindau
5333;52322;Querschnitt4990;GMA_HK_99_AK8_700_UF;WUD_99_AK8_700_UF_HK;33;9906489;48.18025064;11.43156439;4990;6.57;;Betriebsstatus1;Streckenstation1355;SST_99_6600_Lin;3;UZ Aubing;A99 Richtung Lindau
5334;63260;Querschnitt4992;MQ_99_6570_Lin;DET_99_6570_Lin_H1;33;9906489;48.18000629;11.43135579;4992;6.57;;Betriebsstatus1;Streckenstation1355;SST_99_6600_Lin;1;UZ Aubing;A99 Richtung Lindau
5336;60093;Querschnitt5404;MQ_99_AK8_700_UF;DET_99_AK8_700_UF_P1;177;9906489;48.1800582;11.43125879;5404;6.57;;Betriebsstatus1;Streckenstation1355;SST_99_6600_Lin;1;UZ Aubing;A99 Richtung Lindau
5337;63145;Querschnitt4993;NMG_99_6600_Lin;WUD_99_6600_Lin_SW;73;9906489;48.18043618;11.43147762;4993;6.6;;Betriebsstatus1;Streckenstation1355;SST_99_6600_Lin;3;UZ Aubing;A99 Richtung Lindau
5338;52814;Querschnitt4994;WS_GMA_99_6580_Lin;WUD_99_6580_Lin_LT;65;9906489;48.18031264;11.43135845;4994;6.6;;Betriebsstatus1;Streckenstation1355;SST_99_6600_Lin;3;UZ Aubing;A99 Richtung Lindau
5349;59450;Querschnitt4995;WS_GMA_99_6580_Sbg;WUD_GT_99-6580_Sbg;103;9906489;48.18018751;11.43173049;4995;6.6;;Betriebsstatus1;Streckenstation1355;SST_99_6600_Lin;3;UZ Aubing;A99 Richtung Salzburg
5355;59851;Querschnitt4869;AQ_99_730_Sbg;WZG_99_730_Sbg_A3;3;9916050;48.13707771;11.39789334;4869;0.73;;Betriebsstatus1;Streckenstation1333;SST_99_676_Sbg;4;UZ Aubing;A99 Richtung Salzburg
5362;55289;Querschnitt4867;BMS_99_676_Sbg;BMS_99_676_Sbg_Netz;3;9916050;48.13682854;11.39820648;4867;0.676;;Betriebsstatus1;Streckenstation1333;SST_99_676_Sbg;6;UZ Aubing;A99 Richtung Salzburg
5365;60995;Querschnitt4868;GMA_HK_99_730_Sbg;WUD_99_730_Sbg_HK;1;9916050;48.13711544;11.39803112;4868;0.73;;Betriebsstatus1;Streckenstation1333;SST_99_676_Sbg;3;UZ Aubing;A99 Richtung Salzburg
5366;61928;Querschnitt4871;MQ_99_270_Lin;DET_99_270_Lin_H2;34;9916050;48.13304318;11.39988993;4871;0.27;;Betriebsstatus1;Streckenstation1333;SST_99_676_Sbg;1;UZ Aubing;A99 Richtung Lindau
5369;59506;Querschnitt4870;MQ_99_730_Sbg;DET_99_730_Sbg_H3;3;9916050;48.13709661;11.39796685;4870;0.73;;Betriebsstatus1;Streckenstation1333;SST_99_676_Sbg;1;UZ Aubing;A99 Richtung Salzburg
5372;61577;Querschnitt4972;AQ_99_7588_Sbg;WZG_99_7588_Sbg_A1;1;9916560;48.1883267;11.43724519;4972;7.588;;Betriebsstatus1;Streckenstation1351;SST_99_7558_Sbg;4;UZ Aubing;A99 Richtung Salzburg
5376;50674;Querschnitt4970;BMS_99_7558_Sbg;BMS_99_7558_Sbg_Tuer;1;9916560;48.18798024;11.43728515;4970;7.588;;Betriebsstatus1;Streckenstation1351;SST_99_7558_Sbg;6;UZ Aubing;A99 Richtung Salzburg
5379;56462;Querschnitt4971;GMA_HK_99_7588_Sbg;WUD_99_7588_Sbg_HK;1;9916560;48.18830507;11.43735695;4971;7.588;;Betriebsstatus1;Streckenstation1351;SST_99_7558_Sbg;3;UZ Aubing;A99 Richtung Salzburg
5380;62606;Querschnitt4973;MQ_99_7588_Sbg;DET_99_7588_Sbg_H2;2;9916560;48.1883267;11.43724519;4973;7.588;78349152;Betriebsstatus1;Streckenstation1351;SST_99_7558_Sbg;1;UZ Aubing;A99 Richtung Salzburg
5382;59785;Querschnitt4987;AQ_99_7880_Lin;WZG_99_7880_Lin_C1;105;9906586;48.19090589;11.43754553;4987;7.88;;Betriebsstatus1;Streckenstation1354;SST_99_7910_Lin;4;UZ Aubing;A99 Richtung Lindau
5386;60040;Querschnitt4985;BMS_99_7910_Lin;BMS_99_7910_Lin_Netz;3;9906586;48.19116918;11.43739495;4985;7.91;;Betriebsstatus1;Streckenstation1354;SST_99_7910_Lin;6;UZ Aubing;A99 Richtung Lindau
5389;52710;Querschnitt4986;GMA_HK_99_7880_Lin;WUD_99_7880_Lin_HK;33;9906586;48.19090922;11.43740081;4986;7.88;;Betriebsstatus1;Streckenstation1354;SST_99_7910_Lin;3;UZ Aubing;A99 Richtung Lindau
5390;53643;Querschnitt4988;MQ_99_7880_Lin;DET_99_7880_Lin_H2;34;9906586;48.19090922;11.43740081;4988;7.88;78349152;Betriebsstatus1;Streckenstation1354;SST_99_7910_Lin;1;UZ Aubing;A99 Richtung Lindau
5392;63742;Querschnitt6915;BMS_99_8080_Sbg;BMS_99_8080_Sbg_Netz;4;9906599;48.19277;11.43784;;8.08;;Betriebsstatus1;Streckenstation2025;SST_99_8080_Sbg;6;UZ Aubing;A99 Richtung Salzburg
5396;63830;Querschnitt6914;MQ_99_8110_Sbg;DET_99_8110_Sbg_H2;34;9906599;48.19291;11.4377;;8.11;;Betriebsstatus1;Streckenstation2025;SST_99_8080_Sbg;1;UZ Aubing;A99 Richtung Salzburg
5398;53010;Querschnitt4976;AQ_99_8468_Sbg;WZG_99_8468_Sbg_B1;65;9916625;48.19614119;11.43697734;4976;8.468;;Betriebsstatus1;Streckenstation1352;SST_99_8443_Sbg;4;UZ Aubing;A99 Richtung Salzburg
5408;52133;Querschnitt4974;BMS_99_8443_Sbg;BMS_99_8443_Sbg_Tuer;1;9916625;48.19591624;11.43713655;4974;8.443;;Betriebsstatus1;Streckenstation1352;SST_99_8443_Sbg;6;UZ Aubing;A99 Richtung Salzburg
5411;55148;Querschnitt4975;GMA_HK_99_8468_Sbg;WUD_99_8468_Sbg_HK;1;9916625;48.19614969;11.43706768;4975;8.468;;Betriebsstatus1;Streckenstation1352;SST_99_8443_Sbg;3;UZ Aubing;A99 Richtung Salzburg
5412;53566;Querschnitt4977;MQ_99_8468_Sbg;DET_99_8468_Sbg_H1;1;9916625;48.19613128;11.43701061;4977;8.468;;Betriebsstatus1;Streckenstation1352;SST_99_8443_Sbg;1;UZ Aubing;A99 Richtung Salzburg
5414;59646;Querschnitt4980;AQ_99_8784_Lin;WZG_99_8784_Lin_A1;33;9906653;48.19898697;11.43656634;4980;8.784;;Betriebsstatus1;Streckenstation1353;SST_99_8815_Lin;4;UZ Aubing;A99 Richtung Lindau
5418;62494;Querschnitt4978;BMS_99_8815_Lin;BMS_99_8815_Lin_Temp;2;9906653;48.19939207;11.43656793;4978;8.815;;Betriebsstatus1;Streckenstation1353;SST_99_8815_Lin;6;UZ Aubing;A99 Richtung Lindau
5421;59383;Querschnitt4984;GMA_99-8794_Sbg;WUD_GT_99-8794_Sbg;103;9906653;48.19932699;11.43685806;4984;8.794;;Betriebsstatus1;Streckenstation1353;SST_99_8815_Lin;3;UZ Aubing;A99 Richtung Salzburg
5427;52743;Querschnitt4979;GMA_HK_99_8784_Lin;WUD_99_8784_Lin_HK;33;9906653;48.19898845;11.4364578;4979;8.784;;Betriebsstatus1;Streckenstation1353;SST_99_8815_Lin;3;UZ Aubing;A99 Richtung Lindau
5428;61779;Querschnitt4981;MQ_99_8784_Lin;DET_99_8784_Lin_H1;33;9906653;48.19898667;11.43650605;4981;8.784;;Betriebsstatus1;Streckenstation1353;SST_99_8815_Lin;1;UZ Aubing;A99 Richtung Lindau
5430;52488;Querschnitt4982;NMG_99_8815_Lin;WUD_99_8815_Lin_SW;73;9906653;48.19946467;11.43657618;4982;8.815;;Betriebsstatus1;Streckenstation1353;SST_99_8815_Lin;3;UZ Aubing;A99 Richtung Lindau
5431;51644;Querschnitt4983;WS_GMA_99_8794_Lin;WUD_99_8794_Lin_WFD;82;9906653;48.19942635;11.43657057;4983;8.815;;Betriebsstatus1;Streckenstation1353;SST_99_8815_Lin;3;UZ Aubing;A99 Richtung Lindau
5442;63980;Querschnitt739;AQ_99_9140_Sbg;WZG_99_9140_Sbg_C2_R;163;9906676;48.20187136;11.43869637;739;9.14;;Betriebsstatus1;Streckenstation287;SST_99_9130_Sbg;4;UZ Aubing;A99 Richtung Salzburg
5452;63920;Querschnitt5087;BMS_99_9130_Sbg;BMS_99_9130_Sbg_ReduFG4;129;9906676;48.20169748;11.43858069;5087;9.13;;Betriebsstatus1;Streckenstation287;SST_99_9130_Sbg;6;UZ Aubing;A99 Richtung Salzburg
5457;58082;Querschnitt741;GMA_HK_99_9140_Sbg;WUD_99_9140_Sbg_HK;3;9906676;48.20181748;11.4388055;741;9.14;;Betriebsstatus1;Streckenstation287;SST_99_9130_Sbg;3;UZ Aubing;A99 Richtung Salzburg
5458;63931;Querschnitt6946;MQ_99_9140_Sbg;DET_99_9140_Sbg_H2;36;9906676;48.20187;11.43871;;9.14;;Betriebsstatus1;Streckenstation287;SST_99_9130_Sbg;1;UZ Aubing;A99 Richtung Salzburg
5460;51144;Querschnitt4861;AQ_99_924_Lin;WZG_99_924_Lin_C2;106;9906069;48.13858131;11.39685603;4861;0.924;;Betriebsstatus1;Streckenstation1330;SST_99_934_Lin;4;UZ Aubing;A99 Richtung Lindau
5467;59462;Querschnitt4858;BMS_99_934_Lin;BMS_99_934_Lin_Temp;2;9906069;48.13874625;11.39655308;4858;0.934;;Betriebsstatus1;Streckenstation1330;SST_99_934_Lin;6;UZ Aubing;A99 Richtung Lindau
5470;56932;Querschnitt4860;GMA_HK_99_924_Lin;WUD_99_924_Lin_HK;33;9906069;48.13853094;11.39666004;4860;0.924;;Betriebsstatus1;Streckenstation1330;SST_99_934_Lin;3;UZ Aubing;A99 Richtung Lindau
5471;60507;Querschnitt4862;MQ_99_924_Lin;DET_99_924_Lin_H2;33;9906069;48.13860888;11.39685001;4862;0.924;;Betriebsstatus1;Streckenstation1330;SST_99_934_Lin;1;UZ Aubing;A99 Richtung Lindau
5474;59792;Querschnitt883;AQ_99_9600_Lin;WZG_99_9600_Lin_A1;1;9916711;48.20417236;11.44354963;883;9.6;;Betriebsstatus1;Streckenstation337;SST_99_9600_Lin;4;UZ Aubing;A99 Richtung Lindau
5478;60202;Querschnitt870;AQ_99a_104300_Stg;WZG_99a_104300_Stg_C1;76;9916711;48.20438701;11.44350224;870;104.3;;Betriebsstatus1;Streckenstation337;SST_99_9600_Lin;4;UZ Aubing;A99a Richtung Stuttgart
5482;56966;Querschnitt5071;BMS_99_9600_Lin;BMS_99_9600_Lin_Tuer;1;9916711;48.20420495;11.44281624;5071;9.6;;Betriebsstatus1;Streckenstation337;SST_99_9600_Lin;6;UZ Aubing;A99 Richtung Lindau
5485;53342;Querschnitt885;GMA_HK_99_9600_Lin;WUD_99_9600_Lin_HK;3;9916711;48.20424452;11.44352181;885;9.6;;Betriebsstatus1;Streckenstation337;SST_99_9600_Lin;3;UZ Aubing;A99 Richtung Lindau
5486;51549;Querschnitt872;GMA_HK_99a_104300_Stg;WUD_99a_104300_Stg_HK;4;9916711;48.22981249;11.35476413;872;104.3;;Betriebsstatus1;Streckenstation337;SST_99_9600_Lin;3;UZ Aubing;A99a Richtung Stuttgart
5487;59617;Querschnitt884;MQ_99_9600_Lin;DET_99_9600_Lin_H1;33;9916711;48.20420642;11.44353423;884;9.6;;Betriebsstatus1;Streckenstation337;SST_99_9600_Lin;1;UZ Aubing;A99 Richtung Lindau
5489;53904;Querschnitt871;MQ_99a_104300_Stg;DET_99a_104300_Stg_H1;1;9916711;48.20441207;11.44349295;871;104.3;;Betriebsstatus1;Streckenstation337;SST_99_9600_Lin;1;UZ Aubing;A99a Richtung Stuttgart
5491;61855;Querschnitt742;AQ_99_9800_Sbg;WZG_99_9800_Sbg_A2;34;9906724;48.20428999;11.44628675;742;9.8;;Betriebsstatus1;Streckenstation288;SST_99_9770_Sbg;4;UZ Aubing;A99 Richtung Salzburg
5506;51682;Querschnitt5076;BMS_99_9770_Sbg;BMS_99_9770_Sbg_Temp;2;9906724;48.20414768;11.44592777;5076;9.77;;Betriebsstatus1;Streckenstation288;SST_99_9770_Sbg;6;UZ Aubing;A99 Richtung Salzburg
5511;59569;Querschnitt744;GMA_HK_99_9800_Sbg;WUD_99_9800_Sbg_HK;3;9906724;48.20421976;11.44629954;744;9.8;;Betriebsstatus1;Streckenstation288;SST_99_9770_Sbg;3;UZ Aubing;A99 Richtung Salzburg
5512;55312;Querschnitt743;MQ_99_9763_Sbg;DET_99_9763_Sbg_H2;34;9906724;48.2042599;11.44629609;743;9.763;;Betriebsstatus1;Streckenstation288;SST_99_9770_Sbg;1;UZ Aubing;A99 Richtung Salzburg
5514;53227;Querschnitt4966;BMS_99_AK8_2000_GT;BMS_99_AK8_2000_GT_Temp;2;9916507;48.18191401;11.43330766;4966;6.88;;Betriebsstatus1;Streckenstation1350;SST_99_AK8_2000_GT;6;UZ Aubing;A99 Richtung Salzburg
5517;54585;Querschnitt4968;MQ_99_AK8_170_RQ;DET_99_AK8_170_RQ_A1;65;9916507;48.18176888;11.43369;4968;6.826;;Betriebsstatus1;Streckenstation1350;SST_99_AK8_2000_GT;1;UZ Aubing;A99 Richtung Salzburg
5518;58626;Querschnitt4969;MQ_99_AK8_200_XW;DET_99_AK8_200_XW_E1;161;9916507;48.18246125;11.43302538;4969;6.88;;Betriebsstatus1;Streckenstation1350;SST_99_AK8_2000_GT;1;UZ Aubing;A99 Richtung Lindau
5519;59900;Querschnitt4967;MQ_99_AK8_450_PS;DET_99_AK8_450_PS_E1;129;9916507;48.18260005;11.43429996;4967;6.9;;Betriebsstatus1;Streckenstation1350;SST_99_AK8_2000_GT;1;UZ Aubing;A99 Richtung Salzburg
5520;63940;Querschnitt6928;AQ_99_AS10_0350_RS;WZG_99_AS10_0350_RS_WTA1;73;9916963;48.20936;11.48658;;12.97;;Betriebsstatus1;Streckenstation2028;SST_99_AS10_0300_RS;4;UZ Aubing;
5524;64027;Querschnitt6929;BMS_99_AS10_0300_RS;BMS_99_AS10_0300_RS_Temp;2;9916963;48.20955;11.48655;;12.97;;Betriebsstatus1;Streckenstation2028;SST_99_AS10_0300_RS;6;UZ Aubing;
5528;63887;Querschnitt6930;GMA_HK_99_AS10_0350_RS;WUD_99_AS10_0350_RS_HK;61;9916963;48.20936;11.48658;;12.97;;Betriebsstatus1;Streckenstation2028;SST_99_AS10_0300_RS;3;UZ Aubing;
5529;62067;Querschnitt4874;AQ_99_AS5_220_EM;WZG_99_AS5_220_EM_C1;134;9916078;48.13990049;11.3967208;4874;1.07;;Betriebsstatus1;Streckenstation1334;SST_99_AS5_1055_EM;4;UZ Aubing;A99 Richtung Salzburg
5532;57914;Querschnitt4872;BMS_99_AS5_1055_EM;BMS_99_AS5_1055_EM_Netz;3;9916078;48.13980977;11.39667271;4872;1.07;;Betriebsstatus1;Streckenstation1334;SST_99_AS5_1055_EM;6;UZ Aubing;A99 Richtung Salzburg
5535;51554;Querschnitt4873;GMA_HK_99_AS5_220_EM;WUD_99_AS5_220_EM_HK;1;9916078;48.13988362;11.39664113;4873;1.07;;Betriebsstatus1;Streckenstation1334;SST_99_AS5_1055_EM;3;UZ Aubing;A99 Richtung Salzburg
5536;51675;Querschnitt4876;MQ_99_AS5_200_EM;DET_99_AS5_200_EM_E1;129;9916078;48.14000006;11.3969;4876;1.055;;Betriebsstatus1;Streckenstation1334;SST_99_AS5_1055_EM;1;UZ Aubing;A99 Richtung Salzburg
5537;52823;Querschnitt4875;MQ_99_AS5_310_AE;DET_99_AS5_310_AE_A2;66;9916078;48.13970008;11.39720006;4875;1.055;;Betriebsstatus1;Streckenstation1334;SST_99_AS5_1055_EM;1;UZ Aubing;A99 Richtung Salzburg
5539;62737;Querschnitt4866;AQ_99_AS5_200_SZ;WZG_99_AS5_200_SZ_B1;97;9906060;48.13747927;11.39678523;4866;0.816;;Betriebsstatus1;Streckenstation1332;SST_99_AS5_816_SZ;4;UZ Aubing;A99 Richtung Lindau
5542;52828;Querschnitt4865;BMS_99_AS5_816_SZ;BMS_99_AS5_816_SZ_Temp;2;9906060;48.13890159;11.39834199;4865;0.816;;Betriebsstatus1;Streckenstation1332;SST_99_AS5_816_SZ;6;UZ Aubing;B2 Richtung M.-Zentrum
5545;58805;Querschnitt4864;GMA_HK_99_AS5_200_SZ;WUD_99_AS5_200_SZ_HK;33;9906060;48.13752023;11.39681009;4864;0.816;;Betriebsstatus1;Streckenstation1332;SST_99_AS5_816_SZ;3;UZ Aubing;B2 Richtung M.-Zentrum
5546;61722;Querschnitt4863;MQ_99_AS5_200_SZ;DET_99_AS5_200_SZ_E1;161;9906060;48.13747668;11.39713003;4863;0.816;;Betriebsstatus1;Streckenstation1332;SST_99_AS5_816_SZ;1;UZ Aubing;A99 Richtung Lindau
5547;55251;Querschnitt4856;AQ_99_AS6_230_SZ;WZG_99_AS6_230_SZ_C1;105;9906122;48.14464445;11.39378534;4856;1.63;;Betriebsstatus1;Streckenstation1331;SST_99_AS6_1650_SZ;4;UZ Aubing;A99 Richtung Lindau
5550;61431;Querschnitt4852;BMS_99_AS6_1650_SZ;BMS_99_AS6_1650_SZ_Netz;3;9906122;48.14582372;11.39334822;4852;1.63;;Betriebsstatus1;Streckenstation1331;SST_99_AS6_1650_SZ;6;UZ Aubing;B2 Richtung M.-Zentrum
5553;52404;Querschnitt4855;GMA_HK_99_AS6_230_SZ;WUD_99_AS6_230_SZ_HK;33;9906122;48.14466717;11.39380658;4855;1.63;;Betriebsstatus1;Streckenstation1331;SST_99_AS6_1650_SZ;3;UZ Aubing;A99 Richtung Lindau
5554;55638;Querschnitt4857;MQ_99_AS6_170_SZ;DET_99_AS6_170_SZ_E1;161;9906122;48.14490006;11.39339997;4857;1.63;;Betriebsstatus1;Streckenstation1331;SST_99_AS6_1650_SZ;1;UZ Aubing;A99 Richtung Lindau
5555;60344;Querschnitt4854;MQ_99_AS6_350_NS;DET_99_AS6_350_NS_A1;97;9906122;48.14490006;11.39339997;4854;0.24;;Betriebsstatus1;Streckenstation1331;SST_99_AS6_1650_SZ;1;UZ Aubing;A99 Richtung Lindau
5556;61258;Querschnitt4957;BMS_99_AS7_710_GT;BMS_99_AS7_710_GT_Temp;2;9916422;48.17353169;11.42433841;4957;5.7;;Betriebsstatus1;Streckenstation1348;SST_99_AS7_710_GT;6;UZ Aubing;A99 Richtung Salzburg
5559;55273;Querschnitt4959;MQ_99_AS7_220_AE;DET_99_AS7_220_AE_A1;65;9916422;48.17310005;11.42390002;4959;5.6;;Betriebsstatus1;Streckenstation1348;SST_99_AS7_710_GT;1;UZ Aubing;A99 Richtung Salzburg
5560;51551;Querschnitt4960;MQ_99_AS7_250_EM;DET_99_AS7_250_EM_E1;129;9916422;48.17540002;11.42700007;4960;5.972;;Betriebsstatus1;Streckenstation1348;SST_99_AS7_710_GT;1;UZ Aubing;A99 Richtung Salzburg
5561;53647;Querschnitt4958;MQ_99_AS7_710_GT;DET_99_AS7_710_GT_P1;81;9916422;48.1740406;11.42482746;4958;5.7;;Betriebsstatus1;Streckenstation1348;SST_99_AS7_710_GT;1;UZ Aubing;A99 Richtung Salzburg
5562;55084;Querschnitt861;AQ_99a_100750_Stg;WZG_99a_100750_Stg_B1;65;9909616;48.20662015;11.39645365;861;100.75;;Betriebsstatus1;Streckenstation328;SST_99a_100770_Stg;4;UZ Aubing;A99a Richtung Stuttgart
5566;58312;Querschnitt5070;BMS_99a_100770_Stg;BMS_99a_100770_Stg_Temp;2;9909616;48.20658566;11.39673659;5070;100.77;;Betriebsstatus1;Streckenstation328;SST_99a_100770_Stg;6;UZ Aubing;A99a Richtung Stuttgart
5569;54772;Querschnitt860;GMA_HK_99a_100750_Stg;WUD_99a_100750_Stg_HK;3;9909616;48.20662015;11.39645365;860;100.75;;Betriebsstatus1;Streckenstation328;SST_99a_100770_Stg;3;UZ Aubing;A99a Richtung Stuttgart
5570;62307;Querschnitt862;MQ_99a_100750_Stg;DET_99a_100750_Stg_H2;2;9909616;48.20660001;11.39690002;862;100.75;;Betriebsstatus1;Streckenstation328;SST_99a_100770_Stg;1;UZ Aubing;A99a Richtung Stuttgart
5572;59438;Querschnitt864;AQ_99a_101408_Stg;WZG_99a_101408_Stg_A2;2;9909639;48.20597414;11.40538122;864;101.408;;Betriebsstatus1;Streckenstation329;SST_99a_101445_Stg;4;UZ Aubing;A99a Richtung Stuttgart
5576;56493;Querschnitt5068;BMS_99a_101445_Stg;BMS_99a_101445_Stg_Tuer;1;9909639;48.20588917;11.40460187;5068;101.445;;Betriebsstatus1;Streckenstation329;SST_99a_101445_Stg;6;UZ Aubing;A99a Richtung Salzburg
5579;62829;Querschnitt863;GMA_HK_99a_101408_Stg;WUD_99a_101408_Stg_HK;3;9909639;48.20597414;11.40538122;863;101.408;;Betriebsstatus1;Streckenstation329;SST_99a_101445_Stg;3;UZ Aubing;A99a Richtung Stuttgart
5580;55101;Querschnitt865;MQ_99a_101445_Mch;DET_99a_101445_Mch_H2;34;9909639;48.20560002;11.41139996;865;101.445;77349004;Betriebsstatus1;Streckenstation329;SST_99a_101445_Stg;1;UZ Aubing;A99a Richtung Salzburg
5582;59407;Querschnitt866;MQ_99a_101445_Stg;DET_99a_101445_Stg_H2;2;9909639;48.20560002;11.41139996;866;101.445;77349004;Betriebsstatus1;Streckenstation329;SST_99a_101445_Stg;1;UZ Aubing;A99a Richtung Stuttgart
5584;62386;Querschnitt5069;NMG_99a_101408_Mch;WUD_99a_101408_Mch_SW;90;9909639;48.2040927;11.44577065;5069;101.408;;Betriebsstatus1;Streckenstation329;SST_99a_101445_Stg;3;UZ Aubing;A99a Richtung Salzburg
5585;60266;Querschnitt867;AQ_99a_102700_Stg;WZG_99a_102700_Stg_A1;1;9909681;48.20496632;11.4229365;867;102.7;;Betriebsstatus1;Streckenstation330;SST_99a_102707_Stg;4;UZ Aubing;A99a Richtung Stuttgart
5589;61117;Querschnitt5067;BMS_99a_102707_Stg;BMS_99a_102707_Stg_Tuer;1;9909681;48.20498296;11.42266724;5067;102.707;;Betriebsstatus1;Streckenstation330;SST_99a_102707_Stg;6;UZ Aubing;A99a Richtung Stuttgart
5592;59694;Querschnitt5844;GMA_99a_102685_Mch;GMA_99a_102685_Mch_FBT;33;9909681;48.20487248;11.42215724;5844;102.7;;Betriebsstatus1;Streckenstation330;SST_99a_102707_Stg;3;UZ Aubing;A99a Richtung Salzburg
5598;56308;Querschnitt5987;GMA_HK_99a_102700_Stg;WUD_99a_102700_Stg_HK;3;9909681;48.20498296;11.42266724;5987;102.7;;Betriebsstatus1;Streckenstation330;SST_99a_102707_Stg;3;UZ Aubing;A99a Richtung Stuttgart
5599;53507;Querschnitt868;MQ_99a_102700_Stg;DET_99a_102700_Stg_H2;2;9909681;48.20470005;11.42689997;868;102.7;;Betriebsstatus1;Streckenstation330;SST_99a_102707_Stg;1;UZ Aubing;A99a Richtung Stuttgart
5601;59793;Querschnitt5845;NMG_99a_102685_Stg;WUD_99a_102685_Stg_SW;90;9909681;48.20498296;11.42266724;5845;102.685;;Betriebsstatus1;Streckenstation330;SST_99a_102707_Stg;3;UZ Aubing;A99a Richtung Stuttgart
5602;51117;Querschnitt869;WS_GMA_99a_102685_Stg;WUD_99a_102685_Stg_RLF;13;9909681;48.20498296;11.42266724;869;102.685;;Betriebsstatus1;Streckenstation330;SST_99a_102707_Stg;3;UZ Aubing;A99a Richtung Stuttgart
5615;63976;Querschnitt6923;BMS_99a_103310_Mch;BMS_99a_103310_Mch_Netz;4;9915755;48.20431;11.43051;;103.31;;Betriebsstatus1;Streckenstation2026;SST_99a_103310_Mch;6;UZ Aubing;A99a Richtung Salzburg
5619;63858;Querschnitt6922;MQ_99a_103325_Mch;DET_99a_103325_Mch_H2;34;9915755;48.20435;11.43072;;103.325;;Betriebsstatus1;Streckenstation2026;SST_99a_103310_Mch;1;UZ Aubing;A99a Richtung Salzburg
5621;55246;Querschnitt991;AQ_99a_103808_Mch;WZG_99a_103808_Mch_C1;105;9919717;48.20402882;11.43701934;991;103.808;;Betriebsstatus1;Streckenstation382;SST_99a_103777_Mch;4;UZ Aubing;A99a Richtung Salzburg
5631;52857;Querschnitt5074;BMS_99a_103777_Mch;BMS_99a_103777_Mch_Tuer;1;9919717;48.20402882;11.43701934;5074;103.777;;Betriebsstatus1;Streckenstation382;SST_99a_103777_Mch;6;UZ Aubing;A99a Richtung Salzburg
5636;59369;Querschnitt993;GMA_HK_99a_103808_Mch;WUD_99a_103808_Mch_HK;3;9919717;48.20403643;11.43673674;993;103.808;;Betriebsstatus1;Streckenstation382;SST_99a_103777_Mch;3;UZ Aubing;A99a Richtung Salzburg
5637;58986;Querschnitt992;MQ_99a_103808_Mch;DET_99a_103808_Mch_H1;33;9919717;48.20450002;11.42800002;992;103.808;;Betriebsstatus1;Streckenstation382;SST_99a_103777_Mch;1;UZ Aubing;A99a Richtung Salzburg
5639;63898;Querschnitt6925;AQ_99a_104045_Mch;WZG_99a_104045_Mch_B3_L;162;9915922;48.20388;11.44002;;104.045;;Betriebsstatus1;Streckenstation2027;SST_99a_104045_Mch;4;UZ Aubing;A99a Richtung Salzburg
5649;63784;Querschnitt6926;BMS_99a_104045_Mch;BMS_99a_104045_Mch_Netz;4;9915922;48.20404;11.43994;;104.045;;Betriebsstatus1;Streckenstation2027;SST_99a_104045_Mch;6;UZ Aubing;A99a Richtung Salzburg
5654;63842;Querschnitt6927;GMA_HK_99a_104045_Mch;WUD_99a_104045_Mch_HK;61;9915922;48.20388;11.44002;;104.045;;Betriebsstatus1;Streckenstation2027;SST_99a_104045_Mch;3;UZ Aubing;A99a Richtung Salzburg
5655;63777;Querschnitt6924;MQ_99a_104045_Mch;DET_99a_104045_Mch_H2;34;9915922;48.20392;11.44003;;104.045;;Betriebsstatus1;Streckenstation2027;SST_99a_104045_Mch;1;UZ Aubing;A99a Richtung Salzburg
5657;51658;Querschnitt994;AQ_99a_104508_Mch;WZG_99a_104508_Mch_C1;105;9919740;48.20407469;11.44647663;994;104.508;;Betriebsstatus1;Streckenstation383;SST_99a_104491_Mch;4;UZ Aubing;A99a Richtung Salzburg
5672;63950;Querschnitt5075;BMS_99a_104491_Mch;BMS_99a_104491_Mch_ReduFG4;129;9919740;48.20409348;11.44593286;5075;104.491;;Betriebsstatus1;Streckenstation383;SST_99a_104491_Mch;6;UZ Aubing;A99a Richtung Salzburg
5677;60513;Querschnitt5988;GMA_HK_99a_104508_Mch;WUD_99a_104508_Mch_HK;3;9919740;48.20407469;11.44647663;5988;104.508;;Betriebsstatus1;Streckenstation383;SST_99a_104491_Mch;3;UZ Aubing;A99a Richtung Salzburg
5678;61010;Querschnitt995;MQ_99a_104471_Mch;DET_99a_104471_Mch_H2;34;9919740;48.20399432;11.44619231;995;104.471;;Betriebsstatus1;Streckenstation383;SST_99a_104491_Mch;1;UZ Aubing;A99a Richtung Salzburg
5680;63959;Querschnitt6944;NMG_99a_104508_Mch;WUD_99a_104508_Mch_SW;90;9919740;48.20428;11.44357;;104.508;;Betriebsstatus1;Streckenstation383;SST_99a_104491_Mch;3;UZ Aubing;A99a Richtung Salzburg
5681;51729;Querschnitt996;WS_GMA_99a_104225_Mch;WUD_99a_104225_Mch_FBZ;2;9919740;48.20410544;11.4467499;996;104.225;;Betriebsstatus1;Streckenstation383;SST_99a_104491_Mch;3;UZ Aubing;A99a Richtung Salzburg
5695;63822;Querschnitt6908;AQ_B471_24741_Dah;WZG_B471_24741_Dah_W7;232;10471023;48.23004;11.34437;;24.741;;Betriebsstatus1;Streckenstation2022;SST_B471_24734_Dah;4;UZ Aubing;
5703;63916;Querschnitt6909;BMS_B471_24734_Dah;BMS_B471_24734_Dah_Netz;33;10471023;48.22997;11.34431;;24.734;;Betriebsstatus1;Streckenstation2022;SST_B471_24734_Dah;6;UZ Aubing;
5706;63993;Querschnitt6906;AQ_B471_24958_Dah;WZG_B471_24958_Dah_W2;227;10471024;48.23126;11.34654;;24.958;;Betriebsstatus1;Streckenstation2021;SST_B471_24943_Dah;4;UZ Aubing;
5714;63844;Querschnitt6907;BMS_B471_24943_Dah;BMS_B471_24943_Dah_Temp;34;10471024;48.23112;11.34646;;24.943;;Betriebsstatus1;Streckenstation2021;SST_B471_24943_Dah;6;UZ Aubing;
5717;63918;Querschnitt6904;AQ_B471_25165_Dah;WZG_B471_25165_Dah_W1;226;10471025;48.2328;11.34808;;25.165;;Betriebsstatus1;Streckenstation2020;SST_B471_25155_Dah;4;UZ Aubing;
5721;64007;Querschnitt6905;BMS_B471_25155_Dah;BMS_B471_25155_Dah_Temp;34;10471025;48.23266;11.34798;;25.155;;Betriebsstatus1;Streckenstation2020;SST_B471_25155_Dah;6;UZ Aubing;
5724;63459;Querschnitt471_360_3;BMS_B471_360_000_Ffb;BMS_B471_360_000_Ffb_Tuer;1;10471027;48.23892246;11.3741834;6903;360.0;;Betriebsstatus1;Steckenstation471_360;SST_B471_360_000_Ffb;6;UZ Aubing;B471 Richtung West
5725;63453;Querschnitt471_360_2;MQ_B471_360_000_Ffb;DET_B471_360_000_Ffb_H1;33;10471027;48.24075001;11.37312482;6902;360.0;;Betriebsstatus1;Steckenstation471_360;SST_B471_360_000_Ffb;1;UZ Aubing;B471 Richtung West
5726;63471;Querschnitt471_360_1;MQ_B471_360_000_Obs;DET_B471_360_000_Obs_H1;1;10471027;48.23974522;11.373411;6901;360.0;;Betriebsstatus1;Steckenstation471_360;SST_B471_360_000_Ffb;1;UZ Aubing;B471 Richtung Ost
5727;63458;Querschnitt471_380_5;BMS_B471_380_000_Obs;BMS_B471_380_000_Obs_Temp;2;10471031;48.24102391;11.37873185;6908;380.0;;Betriebsstatus1;Steckenstation471_380;SST_B471_380_000_Obs;6;UZ Aubing;B471 Richtung Ost
5730;63434;Querschnitt471_380_1;MQ_B471_380_000_Ffb;DET_B471_380_000_Ffb_H1;33;10471031;48.24051759;11.38316986;6904;380.0;;Betriebsstatus1;Steckenstation471_380;SST_B471_380_000_Obs;1;UZ Aubing;B471 Richtung West
5731;63455;Querschnitt471_380_2;MQ_B471_380_000_Ffb_A;DET_B471_380_000_Ffb_A1;97;10471031;48.24099409;11.37490404;6905;380.0;;Betriebsstatus1;Steckenstation471_380;SST_B471_380_000_Obs;1;UZ Aubing;B471 Richtung West
5732;63461;Querschnitt471_380_3;MQ_B471_380_000_Obs;DET_B471_380_000_Obs_H1;1;10471031;48.23929378;11.38012389;6906;380.0;;Betriebsstatus1;Steckenstation471_380;SST_B471_380_000_Obs;1;UZ Aubing;B471 Richtung Ost
5734;63437;Querschnitt471_380_4;MQ_B471_380_000_Obs_E;DET__B471_380_000_Obs_E1;129;10471031;48.23968604;11.38163087;6907;380.0;;Betriebsstatus1;Steckenstation471_380;SST_B471_380_000_Obs;1;UZ Aubing;B471 Richtung Ost
5735;63472;Querschnitt471_420_3;BMS_B471_420_000_Ffb;BMS_B471_420_000_Ffb_Tuer;1;10471035;48.23034889;11.43056001;6911;420.0;;Betriebsstatus1;Steckenstation471_420;SST_B471_420_000_Ffb;6;UZ Aubing;B471 Richtung West
5736;63443;Querschnitt471_420_2;MQ_B471_420_000_Ffb;DET_B471_420_000_Ffb_H1;33;10471035;48.22990627;11.4286881;6910;420.0;;Betriebsstatus1;Steckenstation471_420;SST_B471_420_000_Ffb;1;UZ Aubing;B471 Richtung West
5737;63447;Querschnitt471_420_1;MQ_B471_420_000_Obs;DET_B471_420_000_Obs_H1;1;10471035;48.22935889;11.42811001;6909;420.0;;Betriebsstatus1;Steckenstation471_420;SST_B471_420_000_Ffb;1;UZ Aubing;B471 Richtung Ost
5738;63468;Querschnitt471_422_3;BMS_B471_420_125_Ffbs;BMS_B471_420_125_Ffb_Tuer;1;10471038;48.24696566;11.47803868;6917;420.125;;Betriebsstatus1;Steckenstation471_422;SST_B471_420_125_Ffb;6;UZ Aubing;B471 Richtung West
5741;63432;Querschnitt471_422_1;MQ_B471_420_125_Ffb;DET_B471_420_125_Ffb_H1;33;10471038;48.24762985;11.47832531;6915;420.125;;Betriebsstatus1;Steckenstation471_422;SST_B471_420_125_Ffb;1;UZ Aubing;B471 Richtung West
5742;63449;Querschnitt471_422_2;MQ_B471_420_125_Obs;DET_B471_420_125_Obs_H1;1;10471038;48.24690889;11.47631001;6916;420.125;;Betriebsstatus1;Steckenstation471_422;SST_B471_420_125_Ffb;1;UZ Aubing;B471 Richtung Ost
5743;63429;Querschnitt471_421_3;BMS_B471_420_130_Ffb;BMS_B471_420_130_Ffb_Tuer;1;10471036;48.25232207;11.5193405;6914;420.13;;Betriebsstatus1;Steckenstation471_421;SST_B471_420_130_Ffb;6;UZ Aubing;B471 Richtung West
5744;63473;Querschnitt471_421_1;MQ_B471_420_130_Ffb;DET_B471_420_130_Ffb_H1;33;10471036;48.25224476;11.51953641;6912;420.13;;Betriebsstatus1;Steckenstation471_421;SST_B471_420_130_Ffb;1;UZ Aubing;B471 Richtung West
5745;63438;Querschnitt471_421_2;MQ_B471_420_130_Obs;DET_B471_420_130_Obs_H1;1;10471036;48.2527329;11.51945999;6913;420.13;;Betriebsstatus1;Steckenstation471_421;SST_B471_420_130_Ffb;1;UZ Aubing;B471 Richtung Ost
5746;60057;Querschnitt5921;Virtuell_A8-West_Mch_AD_Eschenried_FG4;Virtuell_A8-West_Mch_AD_Eschenried_FG4_DE193;193;851103;48.21688158;11.37622866;5921;8.01;;Betriebsstatus1;Streckenstation1377;Virtuell A8W Mch AD Eschenried;4;UZ Aubing;A8-West Richtung M.-Zentrum
5747;61561;Querschnitt5922;Virtuell_A8-West_Mch_AS_DAH_FFB_FG4;Virtuell_A8-West_Mch_AS_DAH_FFB_FG4_DE194;194;851101;48.24204691;11.33174948;5922;12.3;;Betriebsstatus1;Streckenstation1419;Virtuell A8W Mch AS DAH / FFB;4;UZ Aubing;A8-West Richtung M.-Zentrum
5749;61293;Querschnitt5924;Virtuell_A96_Keep_Alive_FG4;Virtuell_A96_Keep_Alive_FG4_DE222;222;9650000;48.1173166;11.38637857;5924;161.485;;Betriebsstatus1;Streckenstation1434;Virtuell A96 Keep Alive;4;UZ Aubing;A96 Richtung M.-Zentrum
5750;52118;Querschnitt5923;Virtuell_A96_Mch_AD_M-SW_FG4;Virtuell_A96_Mch_AD_M-SW_FG4_DE194;194;9650101;48.1173166;11.38637857;5923;161.485;;Betriebsstatus1;Streckenstation1359;Virtuell A96 Mch AKSW;4;UZ Aubing;A96 Richtung M.-Zentrum
5752;66933;Querschnitt7572;AQ_B17_720_1220_AUG;WZG_B17_720_1220_AUG_A1;1;1716657;48.26918;10.86757;;18.232;;Betriebsstatus1;Streckenstation2177;SSt_B17_720_1200_AUG;4;UZ B17 Augsburg;B17 Richtung Augsburg
5757;66886;Querschnitt7574;BMS_B17_720_120;BMS_B17_720_1200_AUG_Tuer;1;1716657;48.2689;10.86755;;18.252;;Betriebsstatus1;Streckenstation2177;SSt_B17_720_1200_AUG;6;UZ B17 Augsburg;B17 Richtung Augsburg
5760;66917;Querschnitt7573;GMA_B17_720_1220_AUG;WUD_B17_720_1220_AUG_HK;61;1716657;48.26918;10.86757;;18.232;;Betriebsstatus1;Streckenstation2177;SSt_B17_720_1200_AUG;3;UZ B17 Augsburg;B17 Richtung Augsburg
5761;66993;Querschnitt7571;MQ_B17_720_1220_AUG;DET_B17_720_1220_AUG_H1;1;1716657;48.26919;10.86751;;18.232;;Betriebsstatus1;Streckenstation2177;SSt_B17_720_1200_AUG;1;UZ B17 Augsburg;B17 Richtung Augsburg
5763;66973;Querschnitt7577;AQ_B17_740_0470_Aug;AQ_B17_740_0470_AUG;194;1716579;48.28799897;10.87438084;;16.058;;Betriebsstatus1;Streckenstation2178;SSt_B17_740_0450_AUG;4;UZ B17 Augsburg;B17 Richtung Augsburg
5768;66837;Querschnitt7579;BMS_B17_740_045;BMS_B17_740_0450_AUG_Tuer;1;1716579;48.28775006;10.87431017;;16.078;;Betriebsstatus1;Streckenstation2178;SSt_B17_740_0450_AUG;6;UZ B17 Augsburg;B17 Richtung Augsburg
5771;66987;Querschnitt7578;GMA_B17_740_0470_Aug;WUD_B17_740_0470_AUG_HK;61;1716579;48.28799897;10.87438084;;16.058;;Betriebsstatus1;Streckenstation2178;SSt_B17_740_0450_AUG;3;UZ B17 Augsburg;B17 Richtung Augsburg
5772;66875;Querschnitt7576;MQ_B17_740_0470_Aug;DET_B17_740_0470_AUG_H2;2;1716579;48.28799897;10.87438084;;16.058;;Betriebsstatus1;Streckenstation2178;SSt_B17_740_0450_AUG;1;UZ B17 Augsburg;B17 Richtung Augsburg
5774;66930;Querschnitt7581;AQ_B17_740_2270_Aug;WZG_B17_740_2270_AUG_B1;65;1716514;48.3036739;10.88126467;;14.251;;Betriebsstatus1;Streckenstation2179;SSt_B17_740_2250_AUG;4;UZ B17 Augsburg;B17 Richtung Augsburg
5779;66916;Querschnitt7583;BMS_B17_740_225;BMS_B17_740_2250_AUG_Netz;4;1716514;48.30335881;10.88114808;;14.271;;Betriebsstatus1;Streckenstation2179;SSt_B17_740_2250_AUG;6;UZ B17 Augsburg;B17 Richtung Augsburg
5782;66883;Querschnitt7582;GMA_B17_740_2270_Aug;WUD_B17_740_2270_AUG_HK;61;1716514;48.3036739;10.88126467;;14.251;;Betriebsstatus1;Streckenstation2179;SSt_B17_740_2250_AUG;3;UZ B17 Augsburg;B17 Richtung Augsburg
5783;66840;Querschnitt7580;MQ_B17_740_2270_Aug;DET_B17_740_2270_AUG_H1;1;1716514;48.3036739;10.88126467;;14.251;;Betriebsstatus1;Streckenstation2179;SSt_B17_740_2250_AUG;1;UZ B17 Augsburg;B17 Richtung Augsburg
5785;66977;Querschnitt7585;AQ_B17_760_0480_Aug;WZG_B17_760_0480_AUG_B1;65;1716469;48.31437213;10.88576886;;13.017;;Betriebsstatus1;Streckenstation2180;SSt_B17_760_0460_AUG;4;UZ B17 Augsburg;B17 Richtung Augsburg
5790;66910;Querschnitt7587;BMS_B17_760_046;BMS_B17_760_0460_AUG_Temp;2;1716469;48.31409801;10.88569447;;13.037;;Betriebsstatus1;Streckenstation2180;SSt_B17_760_0460_AUG;6;UZ B17 Augsburg;B17 Richtung Augsburg
5793;66848;Querschnitt7586;GMA_B17_760_0480_Aug;WUD_B17_760_0480_AUG_HK;61;1716469;48.31437213;10.88576886;;13.017;;Betriebsstatus1;Streckenstation2180;SSt_B17_760_0460_AUG;3;UZ B17 Augsburg;B17 Richtung Augsburg
5794;66912;Querschnitt7584;MQ_B17_760_0480_Aug;DET_B17_760_0480_AUG_H1;1;1716469;48.31437213;10.88576886;;13.017;;Betriebsstatus1;Streckenstation2180;SSt_B17_760_0460_AUG;1;UZ B17 Augsburg;B17 Richtung Augsburg
5796;66900;Querschnitt7590;AQ_B17_780_0520_Aug;AQ_B17_780_0520_AUG;194;1716404;48.33047741;10.88695489;;11.2;;Betriebsstatus1;Streckenstation2181;SSt_B17_780_0500_AUG;4;UZ B17 Augsburg;B17 Richtung Augsburg
5804;66889;Querschnitt7593;BMS_B17_780_0500;BMS_B17_780_0500_AUG_Temp;2;1716404;48.33023744;10.88697063;;11.22;;Betriebsstatus1;Streckenstation2181;SSt_B17_780_0500_AUG;6;UZ B17 Augsburg;B17 Richtung Augsburg
5807;66901;Querschnitt7592;GMA_B17_780_0390_Lbg;WUD_B17_780_0520_LBG_TPT;12;1716404;48.33023325;10.88650947;;11.33;;Betriebsstatus1;Streckenstation2181;SSt_B17_780_0500_AUG;3;UZ B17 Augsburg;B17 Richtung Augsburg
5822;66892;Querschnitt7591;GMA_B17_780_0520_Aug;WUD_B17_780_0520_AUG_HK;61;1716404;48.33047741;10.88695489;;11.2;;Betriebsstatus1;Streckenstation2181;SSt_B17_780_0500_AUG;3;UZ B17 Augsburg;B17 Richtung Augsburg
5823;66925;Querschnitt7589;MQ_B17_780_0390_LBG;DET_B17_780_0390_LBG_H3;34;1716404;48.33012;10.88654;;11.33;;Betriebsstatus1;Streckenstation2181;SSt_B17_780_0500_AUG;1;UZ B17 Augsburg;B17 Richtung Augsburg
5826;66957;Querschnitt7588;MQ_B17_780_0520_Aug;DET_B17_780_0520_AUG_H2;1;1716404;48.33047741;10.88695489;;11.2;;Betriebsstatus1;Streckenstation2181;SSt_B17_780_0500_AUG;1;UZ B17 Augsburg;B17 Richtung Augsburg
5829;66929;Querschnitt7568;AQ_B17_780_0820_Lgb;AQ_B17_780_0820_LBG;193;1706392;48.33312089;10.88717806;;10.9;;Betriebsstatus1;Streckenstation2176;SSt_B17_780_0840_LBG;4;UZ B17 Augsburg;B17 Richtung Landsberg
5837;66994;Querschnitt7570;BMS_B17_780_084;BMS_B17_780_0840_LBG_Netz;4;1706392;48.33332275;10.88723019;;10.88;;Betriebsstatus1;Streckenstation2176;SSt_B17_780_0840_LBG;6;UZ B17 Augsburg;B17 Richtung Landsberg
5840;66902;Querschnitt7569;GMA_B17_780_0820_Lgb;WUD_B17_780_0820_LBG_HK;61;1706392;48.33312089;10.88717806;;10.9;;Betriebsstatus1;Streckenstation2176;SSt_B17_780_0840_LBG;3;UZ B17 Augsburg;B17 Richtung Landsberg
5841;66873;Querschnitt7567;MQ_B17_780_0820_Lgb;DET_B17_780_0820_LBG_H3;34;1706392;48.33312089;10.88717806;;10.9;;Betriebsstatus1;Streckenstation2176;SSt_B17_780_0840_LBG;1;UZ B17 Augsburg;B17 Richtung Landsberg
5844;66932;Querschnitt7566;MQ_B17_780_0960_AUG;DET_B17_780_0960_AUG_H1;81;1706392;48.33433;10.88807;;10.37;;Betriebsstatus1;Streckenstation2176;SSt_B17_780_0840_LBG;1;UZ B17 Augsburg;B17 Richtung Landsberg
5847;66884;Querschnitt7562;AQ_B17_800_0350_Aug;WZG_B17_800_0350_AUG_B1;65;1706359;48.34083288;10.88938581;;10.0;;Betriebsstatus1;Streckenstation2175;SSt_B17_800_0370_LBG;4;UZ B17 Augsburg;B17 Richtung Landsberg
5855;66918;Querschnitt7563;AQ_B17_800_0350_Lbg;WZG_B17_800_0350_LBG_B1;97;1706359;48.34078341;10.88905895;;10.0;;Betriebsstatus1;Streckenstation2175;SSt_B17_800_0370_LBG;4;UZ B17 Augsburg;B17 Richtung Landsberg
5863;66948;Querschnitt7565;BMS_B17_800_037;BMS_B17_800_0370_LBG_Tuer;1;1706359;48.34110737;10.88884755;;9.983;;Betriebsstatus1;Streckenstation2175;SSt_B17_800_0370_LBG;6;UZ B17 Augsburg;B17 Richtung Landsberg
5866;66952;Querschnitt7594;GMA_B17_800_0350_Aug;WUD_B17_800_0350_AUG_HK;61;1706359;48.34083288;10.88938581;;;;Betriebsstatus1;Streckenstation2175;SSt_B17_800_0370_LBG;3;UZ B17 Augsburg;B17 Richtung Augsburg
5867;66970;Querschnitt7564;GMA_B17_800_0350_Lbg;WUD_B17_800_0350_LBG_HK;62;1706359;48.34078341;10.88905895;;10.0;;Betriebsstatus1;Streckenstation2175;SSt_B17_800_0370_LBG;3;UZ B17 Augsburg;B17 Richtung Landsberg
5868;66845;Querschnitt7560;MQ_B17_800_0350_Aug;DET_B17_800_0350_AUG_H1;81;1706359;48.34083288;10.88938581;;10.0;;Betriebsstatus1;Streckenstation2175;SSt_B17_800_0370_LBG;1;UZ B17 Augsburg;B17 Richtung Landsberg
5871;66904;Querschnitt7561;MQ_B17_800_0350_Lbg;DET_B17_800_0350_LBG_H3;34;1706359;48.34078341;10.88905895;;10.0;;Betriebsstatus1;Streckenstation2175;SSt_B17_800_0370_LBG;1;UZ B17 Augsburg;B17 Richtung Landsberg
5874;59552;Querschnitt4779;Querschnitt4779;Geraet17300;35;9216466;;;4779;15.65;;Betriebsstatus0;Streckenstation1316;K 92.01;1;UZ BMW / RHYTHM;A92 Richtung M.-Zentrum
5877;60887;Querschnitt4780;Querschnitt4780;Geraet17303;35;9216508;;;4780;17.1;;Betriebsstatus0;Streckenstation1315;K 92.03;1;UZ BMW / RHYTHM;A92 Richtung M.-Zentrum
5880;55271;Querschnitt4781;Querschnitt4781;Geraet17306;35;9216556;;;4781;18.65;;Betriebsstatus0;Streckenstation1314;K 92.05;1;UZ BMW / RHYTHM;A92 Richtung M.-Zentrum
5883;51666;Querschnitt4782;Querschnitt4782;Geraet17308;34;9216575;;;4782;19.3;;Betriebsstatus0;Streckenstation1313;K 92.06;1;UZ BMW / RHYTHM;A92 Richtung M.-Zentrum
5886;55592;Querschnitt4783;Querschnitt4783;Geraet17312;35;9216634;;;4783;21.3;;Betriebsstatus0;Streckenstation1312;K 92.09;1;UZ BMW / RHYTHM;A92 Richtung M.-Zentrum
5889;57029;Querschnitt4784;Querschnitt4784;Geraet17313;33;9216653;;;4784;21.92;;Betriebsstatus0;Streckenstation1311;K 92.11;1;UZ BMW / RHYTHM;A92 Richtung M.-Zentrum
5891;52858;Querschnitt4785;Querschnitt4785;Geraet17317;34;9216667;;;4785;22.4;;Betriebsstatus0;Streckenstation1310;K 92.12;1;UZ BMW / RHYTHM;A92 Richtung M.-Zentrum
5893;66143;Querschnitt7464;AQ_96_137000_Mch;WZG_96_137000_Mch_B1;131;9619167;48.07207;11.07649;;137.0;;Betriebsstatus1;Streckenstation2154;SST_96_136970_Mch;4;UZ Eching/Etterschlag;A96 Richtung M.-Zentrum
5896;65817;Querschnitt7465;BMS_96_136970_Mch;BMS_96_136970_Mch_Temp;2;9619167;48.07205;11.07645;;136.97;;Betriebsstatus1;Streckenstation2154;SST_96_136970_Mch;6;UZ Eching/Etterschlag;A96 Richtung M.-Zentrum
5899;66108;Querschnitt7466;GMA_96_137000_Mch_HK;WUD_96_137000_Mch_HK;61;9619167;48.07207;11.07649;;137.0;;Betriebsstatus1;Streckenstation2154;SST_96_136970_Mch;3;UZ Eching/Etterschlag;A96 Richtung M.-Zentrum
5900;65854;Querschnitt7323;AQ_96_138841_Mch;WZG_96_138841_Mch_A1;2;9619210;48.07524936;11.10058153;;138.841;;Betriebsstatus1;Streckenstation2126;SST_96_138813_Mch;4;UZ Eching/Etterschlag;A96 Richtung M.-Zentrum
5907;65894;Querschnitt7324;BMS_96_138841_Mch_H;BMS_96_138813_Mch_ReduSM;128;9619210;48.07516;11.10019;;138.813;;Betriebsstatus1;Streckenstation2126;SST_96_138813_Mch;6;UZ Eching/Etterschlag;A96 Richtung M.-Zentrum
5913;66385;Querschnitt7325;GMA_96_138813_Mch;WUD_96_138813_Mch_FBT;1;9619210;48.07524936;11.10058153;;138.813;;Betriebsstatus1;Streckenstation2126;SST_96_138813_Mch;3;UZ Eching/Etterschlag;A96 Richtung M.-Zentrum
5927;65952;Querschnitt7326;GMA_96_138841_Mch_HK;WUD_96_138841_Mch_HK;61;9619210;48.07524936;11.10058153;;138.841;;Betriebsstatus1;Streckenstation2126;SST_96_138813_Mch;3;UZ Eching/Etterschlag;A96 Richtung M.-Zentrum
5928;66303;Querschnitt7322;MQ_96_138835_Mch;DET_96_138835_Mch_H2;2;9619210;48.07524936;11.10058153;;138.835;;Betriebsstatus1;Streckenstation2126;SST_96_138813_Mch;1;UZ Eching/Etterschlag;A96 Richtung M.-Zentrum
5930;66019;Querschnitt7329;AQ_96_139135_Mch;WZG_96_139135_Mch_C1;73;9619216;48.07538659;11.1045324;;139.135;;Betriebsstatus1;Streckenstation2127;SST_96_139106_Mch;4;UZ Eching/Etterschlag;A96 Richtung M.-Zentrum
5936;66020;Querschnitt7330;BMS_96_139106_Mch_Re;BMS_96_139106_Mch_ReduSM;128;9619216;48.07532;11.10412;;139.106;;Betriebsstatus1;Streckenstation2127;SST_96_139106_Mch;6;UZ Eching/Etterschlag;A96 Richtung M.-Zentrum
5941;65855;Querschnitt7331;GMA_96_139135_Mch_HK;WUD_96_139135_Mch_HK;61;9619216;48.07538659;11.1045324;;139.135;;Betriebsstatus1;Streckenstation2127;SST_96_139106_Mch;3;UZ Eching/Etterschlag;A96 Richtung M.-Zentrum
5942;66358;Querschnitt7328;MQ_96_139131_Lin;DET_96_139131_Lin_H2;34;9619216;48.07538659;11.1045324;;139.131;;Betriebsstatus1;Streckenstation2127;SST_96_139106_Mch;1;UZ Eching/Etterschlag;A96 Richtung M.-Zentrum
5944;65726;Querschnitt7327;MQ_96_139135_Mch;DET_96_139135_Mch_H1;1;9619216;48.07538659;11.1045324;;139.135;;Betriebsstatus1;Streckenstation2127;SST_96_139106_Mch;1;UZ Eching/Etterschlag;A96 Richtung M.-Zentrum
5946;65716;Querschnitt7333;AQ_96_139252_Mch;WZG_96_139252_Mch_C1;73;9619219;48.07548376;11.10609737;;139.252;;Betriebsstatus1;Streckenstation2128;SST_96_139224_Mch;4;UZ Eching/Etterschlag;A96 Richtung M.-Zentrum
5952;65833;Querschnitt7334;BMS_96_139224_Mch_Re;BMS_96_139224_Mch_Tuer;1;9619219;48.0754;11.10569;;139.224;;Betriebsstatus1;Streckenstation2128;SST_96_139224_Mch;6;UZ Eching/Etterschlag;A96 Richtung M.-Zentrum
5957;65988;Querschnitt7335;GMA_96_139252_Mch_HK;WUD_96_139252_Mch_HK;61;9619219;48.07548376;11.10609737;;139.252;;Betriebsstatus1;Streckenstation2128;SST_96_139224_Mch;3;UZ Eching/Etterschlag;A96 Richtung M.-Zentrum
5958;65819;Querschnitt7332;MQ_96_139252_Mch;DET_96_139252_Mch_H2;2;9619219;48.07548376;11.10609737;;139.252;;Betriebsstatus1;Streckenstation2128;SST_96_139224_Mch;1;UZ Eching/Etterschlag;A96 Richtung M.-Zentrum
5960;65958;Querschnitt7337;AQ_96_139409_Lin;DLZ_96_139409_Lin_DLZ2_GV;2;9619223;48.07595697;11.10806181;;139.409;;Betriebsstatus1;Streckenstation2129;SST_96_139374_Mch;4;UZ Eching/Etterschlag;A96 Richtung M.-Zentrum
5964;66017;Querschnitt7338;AQ_96_139409_Mch;HS_96_139414_Mch_HS1;129;9619223;48.07576;11.10818;;139.409;;Betriebsstatus1;Streckenstation2129;SST_96_139374_Mch;4;UZ Eching/Etterschlag;A96 Richtung M.-Zentrum
5969;65823;Querschnitt7339;BMS_96_139374_Mch_Re;BMS_96_139374_Mch_Netz;4;9619223;48.07566;11.10772;;139.374;;Betriebsstatus1;Streckenstation2129;SST_96_139374_Mch;6;UZ Eching/Etterschlag;A96 Richtung M.-Zentrum
5974;65905;Querschnitt7340;GMA_96_139409_Lin_HK;WUD_96_139409_Lin_HK;62;9619223;48.07595697;11.10806181;;139.409;;Betriebsstatus1;Streckenstation2129;SST_96_139374_Mch;3;UZ Eching/Etterschlag;A96 Richtung M.-Zentrum
5975;66038;Querschnitt7341;GMA_96_139409_Mch_HK;WUD_96_139409_Mch_HK;61;9619223;48.07576;11.10818;;139.409;;Betriebsstatus1;Streckenstation2129;SST_96_139374_Mch;3;UZ Eching/Etterschlag;A96 Richtung M.-Zentrum
5976;66342;Querschnitt7336;MQ_96_139409_Lin;DET_96_139409_Lin_H1;33;9619223;48.07595697;11.10806181;;139.409;;Betriebsstatus1;Streckenstation2129;SST_96_139374_Mch;1;UZ Eching/Etterschlag;A96 Richtung M.-Zentrum
5978;66371;Querschnitt7369;AQ_96_139729_Lin;WZG_96_139729_Lin_DLZ2_GV;19;9619236;48.07686;11.11212;;139.729;;Betriebsstatus1;Streckenstation2135;SST_96_139925_Lin;4;UZ Eching/Etterschlag;A96 Richtung Lindau
5984;66372;Querschnitt7370;AQ_96_139930_Lin;DLZ_96_139930_Lin_DLZ1_GV;9;9619236;48.0775;11.11476;;139.93;;Betriebsstatus1;Streckenstation2135;SST_96_139925_Lin;4;UZ Eching/Etterschlag;A96 Richtung Lindau
5988;65738;Querschnitt7371;AQ_96_140086_Lin;WZG_96_140086_Lin_A2;162;9619236;48.0778;11.11682;;140.086;;Betriebsstatus1;Streckenstation2135;SST_96_139925_Lin;4;UZ Eching/Etterschlag;A96 Richtung Lindau
5990;65919;Querschnitt7372;AQ_96_140129_Lin;WZG_96_140129_Lin_LSA1;163;9619236;;;;140.129;;Betriebsstatus1;Streckenstation2135;SST_96_139925_Lin;4;UZ Eching/Etterschlag;A96 Richtung Lindau
5996;65734;Querschnitt7373;BMS_96_139925_Lin_Re;BMS_96_139925_Lin_ReduSM;128;9619236;;;;139.925;;Betriebsstatus1;Streckenstation2135;SST_96_139925_Lin;6;UZ Eching/Etterschlag;A96 Richtung Lindau
6001;66161;Querschnitt7368;MQ_96_139930_Lin;DET_96_139930_Lin_H1;33;9619236;48.07748;11.11477;;139.93;;Betriebsstatus1;Streckenstation2135;SST_96_139925_Lin;1;UZ Eching/Etterschlag;A96 Richtung Lindau
6003;65951;Querschnitt7343;AQ_96_139729_Mch;WZG_96_139729_Mch_DLZ1;1;9619235;48.07673;11.11223;;139.729;;Betriebsstatus1;Streckenstation2130;SST_96_139925_Mch;4;UZ Eching/Etterschlag;A96 Richtung M.-Zentrum
6009;66087;Querschnitt7344;AQ_96_139768_Mch;WZG_96_139768_Mch_A1;129;9619235;48.07686;11.11266;;139.768;;Betriebsstatus1;Streckenstation2130;SST_96_139925_Mch;4;UZ Eching/Etterschlag;A96 Richtung M.-Zentrum
6011;65846;Querschnitt7345;AQ_96_139930_Mch;DLZ_96_139930_Mch_DLZ1;9;9619235;48.07735;11.11478;;139.93;;Betriebsstatus1;Streckenstation2130;SST_96_139925_Mch;4;UZ Eching/Etterschlag;A96 Richtung M.-Zentrum
6015;65798;Querschnitt7346;AQ_96_140129_Mch;WZG_96_140129_Mch_DLZ2;18;9619235;48.0777;11.1174;;140.129;;Betriebsstatus1;Streckenstation2130;SST_96_139925_Mch;4;UZ Eching/Etterschlag;A96 Richtung M.-Zentrum
6021;65720;Querschnitt7347;BMS_96_139925_Mch_Re;BMS_96_139925_Mch_Tuer;1;9619235;;;;139.925;;Betriebsstatus1;Streckenstation2130;SST_96_139925_Mch;6;UZ Eching/Etterschlag;A96 Richtung M.-Zentrum
6026;65780;Querschnitt7342;MQ_96_139930_Mch;DET_96_139930_Mch_H1;1;9619235;48.07739;11.11476;;139.93;;Betriebsstatus1;Streckenstation2130;SST_96_139925_Mch;1;UZ Eching/Etterschlag;A96 Richtung M.-Zentrum
6028;66150;Querschnitt7363;AQ_96_140345_Lin;WZG_96_140345_Lin_LSA2;34;9619246;48.07817971;11.12016419;;140.345;;Betriebsstatus1;Streckenstation2134;SST_96_140375_Lin;4;UZ Eching/Etterschlag;A96 Richtung Lindau
6033;65733;Querschnitt7364;AQ_96_140345_Mch;DLZ_96_140345_Mch_DLZ1;1;9619246;48.07797789;11.12018695;;140.345;;Betriebsstatus1;Streckenstation2134;SST_96_140375_Lin;4;UZ Eching/Etterschlag;A96 Richtung Lindau
6037;65805;Querschnitt7365;BMS_96_140375_Lin_Re;BMS_96_140375_Lin_Netz;4;9619246;48.07826;11.12057;;140.375;;Betriebsstatus1;Streckenstation2134;SST_96_140375_Lin;6;UZ Eching/Etterschlag;A96 Richtung Lindau
6042;66016;Querschnitt7366;GMA_96_140345_Lin_HK;WUD_96_140345_Lin_HK;61;9619246;48.07817971;11.12016419;;140.345;;Betriebsstatus1;Streckenstation2134;SST_96_140375_Lin;3;UZ Eching/Etterschlag;A96 Richtung Lindau
6043;66066;Querschnitt7367;GMA_96_140345_Mch_HK;WUD_96_140345_Mch_HK;62;9619246;48.07797789;11.12018695;;140.345;;Betriebsstatus1;Streckenstation2134;SST_96_140375_Lin;3;UZ Eching/Etterschlag;A96 Richtung Lindau
6044;65792;Querschnitt7362;MQ_96_140344_Mch;DET_96_140344_Mch_H1;1;9619246;48.07797789;11.12018695;;140.344;;Betriebsstatus1;Streckenstation2134;SST_96_140375_Lin;1;UZ Eching/Etterschlag;A96 Richtung Lindau
6046;66089;Querschnitt7359;AQ_96_140495_Lin;WZG_96_140495_Lin_B1;97;9619249;48.07836759;11.12217732;;140.495;;Betriebsstatus1;Streckenstation2133;SST_96_140525_Lin;4;UZ Eching/Etterschlag;A96 Richtung Lindau
6052;65922;Querschnitt7360;BMS_96_140525_Lin_Re;BMS_96_140525_Lin_Temp;2;9619249;48.07843;11.12259;;140.525;;Betriebsstatus1;Streckenstation2133;SST_96_140525_Lin;6;UZ Eching/Etterschlag;A96 Richtung Lindau
6057;66210;Querschnitt7361;GMA_96_140495_Lin_HK;WUD_96_140495_Lin_HK;61;9619249;48.07836759;11.12217732;;140.495;;Betriebsstatus1;Streckenstation2133;SST_96_140525_Lin;3;UZ Eching/Etterschlag;A96 Richtung Lindau
6058;66030;Querschnitt7358;MQ_96_140495_Lin;DET_96_140495_Lin_H1;33;9619249;48.07836759;11.12217732;;140.495;;Betriebsstatus1;Streckenstation2133;SST_96_140525_Lin;1;UZ Eching/Etterschlag;A96 Richtung Lindau
6060;65954;Querschnitt7355;AQ_96_140645_Lin;WZG_96_140645_Lin_C1;105;9619253;48.07850121;11.12417797;;140.645;;Betriebsstatus1;Streckenstation2132;SST_96_140674_Lin;4;UZ Eching/Etterschlag;A96 Richtung Lindau
6066;66386;Querschnitt7356;BMS_96_140674_Lin_Re;BMS_96_140674_Lin_Temp;2;9619253;48.07858;11.12456;;140.674;;Betriebsstatus1;Streckenstation2132;SST_96_140674_Lin;6;UZ Eching/Etterschlag;A96 Richtung Lindau
6071;65746;Querschnitt7357;GMA_96_140645_Lin_HK;WUD_96_140645_Lin_HK;61;9619253;48.07850121;11.12417797;;140.645;;Betriebsstatus1;Streckenstation2132;SST_96_140674_Lin;3;UZ Eching/Etterschlag;A96 Richtung Lindau
6072;66028;Querschnitt7353;MQ_96_140645_Lin;DET_96_140645_Lin_H2;34;9619253;48.07850121;11.12417797;;140.645;;Betriebsstatus1;Streckenstation2132;SST_96_140674_Lin;1;UZ Eching/Etterschlag;A96 Richtung Lindau
6074;65723;Querschnitt7354;MQ_96_140649_Mch;DET_96_140649_Mch_H1;1;9619253;48.07832;11.12423;;140.649;;Betriebsstatus1;Streckenstation2132;SST_96_140674_Lin;1;UZ Eching/Etterschlag;A96 Richtung Lindau
6076;65869;Querschnitt7349;AQ_96_140915_Lin;WZG_96_140915_Lin_B1;97;9619258;48.07872196;11.1277941;;140.915;;Betriebsstatus1;Streckenstation2131;SST_96_140924_Lin;4;UZ Eching/Etterschlag;A96 Richtung Lindau
6080;66072;Querschnitt7350;BMS_96_140924_Lin_Re;BMS_96_140924_Lin_Tuer;1;9619258;48.07877;11.12794;;140.924;;Betriebsstatus1;Streckenstation2131;SST_96_140924_Lin;6;UZ Eching/Etterschlag;A96 Richtung Lindau
6086;65836;Querschnitt7351;GMA_96_140915_Lin_HK;WUD_96_140915_Lin_HK;61;9619258;48.07872196;11.1277941;;140.915;;Betriebsstatus1;Streckenstation2131;SST_96_140924_Lin;3;UZ Eching/Etterschlag;A96 Richtung Lindau
6087;66109;Querschnitt7352;GMA_96_140924_Lin;WUD_96_140924_Lin_NI;21;9619258;48.07878;11.12802;;140.924;;Betriebsstatus1;Streckenstation2131;SST_96_140924_Lin;3;UZ Eching/Etterschlag;A96 Richtung Lindau
6101;65989;Querschnitt7348;MQ_96_140926_Lin;DET_96_140926_Lin_H1;33;9619258;48.07872196;11.1277941;;140.926;;Betriebsstatus1;Streckenstation2131;SST_96_140924_Lin;1;UZ Eching/Etterschlag;A96 Richtung Lindau
6103;66027;Querschnitt7467;AQ_96_142470_Lin;WZG_96_142470_Lin_Blinker;161;9619294;48.08366;11.14656;;142.47;;Betriebsstatus1;Streckenstation2155;SST_96_142450_Lin;4;UZ Eching/Etterschlag;A96 Richtung Lindau
6106;65797;Querschnitt7468;BMS_96_142450_Lin;BMS_96_142450_Lin_Temp;2;9619294;48.08371;11.14665;;142.45;;Betriebsstatus1;Streckenstation2155;SST_96_142450_Lin;6;UZ Eching/Etterschlag;A96 Richtung Lindau
6109;66058;Querschnitt7469;GMA_96_142470_Lin_HK;WUD_96_142470_Lin_HK;61;9619294;48.08371;11.14665;;142.47;;Betriebsstatus1;Streckenstation2155;SST_96_142450_Lin;3;UZ Eching/Etterschlag;A96 Richtung Lindau
6110;66335;Querschnitt7437;AQ_96_143281_Mch;WZG_96_143281_Mch_C1;73;9619312;48.08470235;11.15727361;;143.281;;Betriebsstatus1;Streckenstation2147;SST_96_143255_Mch;4;UZ Eching/Etterschlag;A96 Richtung M.-Zentrum
6114;65983;Querschnitt7438;AQ_96_143377_Mch;WTA_96_143377_Mch_WTA1;7;9619312;48.08448;11.15849;;143.377;;Betriebsstatus1;Streckenstation2147;SST_96_143255_Mch;4;UZ Eching/Etterschlag;A96 Richtung M.-Zentrum
6115;66346;Querschnitt7439;BMS_96_143255_Mch;BMS_96_143255_Mch_Netz;4;9619312;48.0847;11.1569;;143.255;;Betriebsstatus1;Streckenstation2147;SST_96_143255_Mch;6;UZ Eching/Etterschlag;A96 Richtung M.-Zentrum
6118;65859;Querschnitt7440;GMA_96_143281_Mch_HK;WUD_96_143281_Mch_HK;61;9619312;48.08470235;11.15727361;;143.281;;Betriebsstatus1;Streckenstation2147;SST_96_143255_Mch;3;UZ Eching/Etterschlag;A96 Richtung M.-Zentrum
6119;66249;Querschnitt7441;GMA_96_143377_Mch_HK;WUD_96_143377_Mch_HK;62;9619312;48.08448;11.15849;;143.377;;Betriebsstatus1;Streckenstation2147;SST_96_143255_Mch;3;UZ Eching/Etterschlag;A96 Richtung M.-Zentrum
6120;65948;Querschnitt7436;MQ_96_143281_Mch;DET_96_143281_Mch_H1;1;9619312;48.08470235;11.15727361;;143.281;;Betriebsstatus1;Streckenstation2147;SST_96_143255_Mch;1;UZ Eching/Etterschlag;A96 Richtung M.-Zentrum
6122;66395;Querschnitt7442;AQ_96_143619_Mch;WZG_96_143619_Mch_A1;1;9619320;48.08371643;11.16156116;;143.619;;Betriebsstatus1;Streckenstation2148;SST_96_143610_Mch;4;UZ Eching/Etterschlag;A96 Richtung M.-Zentrum
6127;66096;Querschnitt7443;BMS_96_143610_Mch;BMS_96_143610_Mch_Netz;4;9619320;48.0837;11.1614;;143.61;;Betriebsstatus1;Streckenstation2148;SST_96_143610_Mch;6;UZ Eching/Etterschlag;A96 Richtung M.-Zentrum
6130;65802;Querschnitt7444;GMA_96_143610_Mch;WUD_96_143610_Mch_LT;11;9619320;48.08378;11.16159;;143.61;;Betriebsstatus1;Streckenstation2148;SST_96_143610_Mch;3;UZ Eching/Etterschlag;A96 Richtung M.-Zentrum
6144;66057;Querschnitt7445;GMA_96_143619_Mch_HK;WUD_96_143619_Mch_HK;61;9619320;48.08371643;11.16156116;;143.619;;Betriebsstatus1;Streckenstation2148;SST_96_143610_Mch;3;UZ Eching/Etterschlag;A96 Richtung M.-Zentrum
6145;66255;Querschnitt7447;AQ_96_143879_Mch;WTA_96_143879_Mch_WTA1;129;9619327;48.08288;11.16482;;143.879;;Betriebsstatus1;Streckenstation2149;SST_96_143911_Mch;4;UZ Eching/Etterschlag;A96 Richtung M.-Zentrum
6146;65788;Querschnitt7448;AQ_96_143948_Mch;WZG_96_143948_Mch_A2;2;9619327;48.08277104;11.16577918;;143.948;;Betriebsstatus1;Streckenstation2149;SST_96_143911_Mch;4;UZ Eching/Etterschlag;A96 Richtung M.-Zentrum
6151;65779;Querschnitt7449;BMS_96_143911_Mch;BMS_96_143911_Mch_Netz;4;9619327;48.08279;11.16526;;143.911;;Betriebsstatus1;Streckenstation2149;SST_96_143911_Mch;6;UZ Eching/Etterschlag;A96 Richtung M.-Zentrum
6154;65839;Querschnitt7450;GMA_96_143879_Mch_HK;WUD_96_143879_Mch_HK;62;9619327;48.08288;11.16482;;143.879;;Betriebsstatus1;Streckenstation2149;SST_96_143911_Mch;3;UZ Eching/Etterschlag;A96 Richtung M.-Zentrum
6155;65921;Querschnitt7451;GMA_96_143948_Mch_HK;WUD_96_143948_Mch_HK;61;9619327;48.08277104;11.16577918;;143.948;;Betriebsstatus1;Streckenstation2149;SST_96_143911_Mch;3;UZ Eching/Etterschlag;A96 Richtung M.-Zentrum
6156;66221;Querschnitt7446;MQ_96_143948_Mch;DET_96_143948_Mch_H2;2;9619327;48.08277104;11.16577918;;143.948;;Betriebsstatus1;Streckenstation2149;SST_96_143911_Mch;1;UZ Eching/Etterschlag;A96 Richtung M.-Zentrum
6158;66152;Querschnitt7452;AQ_96_144149_Mch;WZG_A96_144149_Mch_BAG_A;129;9619333;48.08260077;11.16844576;;144.149;;Betriebsstatus1;Streckenstation2150;SST_96_144142_Mch;4;UZ Eching/Etterschlag;A96 Richtung M.-Zentrum
6159;65822;Querschnitt7453;BMS_96_144142_Mch;BMS_96_144142_Mch_Netz;4;9619333;48.08272;11.17102;;144.142;;Betriebsstatus1;Streckenstation2150;SST_96_144142_Mch;6;UZ Eching/Etterschlag;A96 Richtung M.-Zentrum
6162;66364;Querschnitt7454;GMA_96_144149_Mch_HK;WUD_96_144149_Mch_HK;61;9619333;48.08260077;11.16844576;;144.149;;Betriebsstatus1;Streckenstation2150;SST_96_144142_Mch;3;UZ Eching/Etterschlag;A96 Richtung M.-Zentrum
6163;65935;Querschnitt7455;AQ_96_144347_Mch;WTA_96_144347_Mch_WTA1;129;9619337;48.08277467;11.17116948;;144.347;;Betriebsstatus1;Streckenstation2151;SST_96_144338_Mch;4;UZ Eching/Etterschlag;A96 Richtung M.-Zentrum
6164;66079;Querschnitt7456;BMS_96_144338_Mch;BMS_96_144338_Mch_Netz;4;9619337;;;;144.338;;Betriebsstatus1;Streckenstation2151;SST_96_144338_Mch;6;UZ Eching/Etterschlag;A96 Richtung M.-Zentrum
6167;66171;Querschnitt7457;GMA_96_144347_Mch_HK;WUD_96_144347_Mch_HK;61;9619337;48.08277467;11.17116948;;144.347;;Betriebsstatus1;Streckenstation2151;SST_96_144338_Mch;3;UZ Eching/Etterschlag;A96 Richtung M.-Zentrum
6168;66276;Querschnitt7458;AQ_96_145061_Mch;WZG_A96_145061_Mch_BAG_E;129;9619354;48.08409;11.18049;;145.061;;Betriebsstatus1;Streckenstation2152;SST_96_145041_Mch;4;UZ Eching/Etterschlag;A96 Richtung M.-Zentrum
6169;65868;Querschnitt7459;BMS_96_145041_Mch;BMS_96_145041_Mch_Temp;2;9619354;48.08405;11.18021;;145.041;;Betriebsstatus1;Streckenstation2152;SST_96_145041_Mch;6;UZ Eching/Etterschlag;A96 Richtung M.-Zentrum
6172;66069;Querschnitt7460;GMA_96_145061_Mch_HK;WUD_96_145061_Mch_HK;61;9619354;48.08409;11.18049;;145.061;;Betriebsstatus1;Streckenstation2152;SST_96_145041_Mch;3;UZ Eching/Etterschlag;A96 Richtung M.-Zentrum
6173;66389;Querschnitt7461;AQ_96_145229_Lin;WTA_96_145229_Lin_WTA1;161;9619358;48.08457;11.18267;;145.229;;Betriebsstatus1;Streckenstation2153;SST_96_145239_Lin;4;UZ Eching/Etterschlag;A96 Richtung Lindau
6174;65759;Querschnitt7462;BMS_96_145239_Lin;BMS_96_145239_Lin_Netz;4;9619358;48.08459;11.1828;;145.239;;Betriebsstatus1;Streckenstation2153;SST_96_145239_Lin;6;UZ Eching/Etterschlag;A96 Richtung Lindau
6177;65866;Querschnitt7463;GMA_96_145229_Lin_HK;WUD_96_145229_Lin_HK;61;9619358;48.08457;11.18267;;145.229;;Betriebsstatus1;Streckenstation2153;SST_96_145239_Lin;3;UZ Eching/Etterschlag;A96 Richtung Lindau
6178;65856;Querschnitt7375;AQ_96_145404_Mch;WZG_96_145404_Mch_A1;1;9619361;48.08445313;11.18504672;;145.404;;Betriebsstatus1;Streckenstation2136;SST_96_145374_Mch;4;UZ Eching/Etterschlag;A96 Richtung M.-Zentrum
6182;66252;Querschnitt7376;AQ_96_145456_Lin;WZG_A96_145456_Lin_BAG_A;161;9619361;48.0847;11.18571;;145.456;;Betriebsstatus1;Streckenstation2136;SST_96_145374_Mch;4;UZ Eching/Etterschlag;A96 Richtung M.-Zentrum
6183;65858;Querschnitt7377;BMS_96_145404_Mch_H;BMS_96_145374_Mch_Netz;4;9619361;48.08444;11.18502;;145.374;;Betriebsstatus1;Streckenstation2136;SST_96_145374_Mch;6;UZ Eching/Etterschlag;A96 Richtung M.-Zentrum
6189;66225;Querschnitt7378;GMA_96_145404_Mch_HK;WUD_96_145404_Mch_HK;61;9619361;48.08445313;11.18504672;;145.404;;Betriebsstatus1;Streckenstation2136;SST_96_145374_Mch;3;UZ Eching/Etterschlag;A96 Richtung M.-Zentrum
6190;66114;Querschnitt7379;GMA_96_145456_Lin_HK;WUD_96_145456_Lin_HK;62;9619361;48.0847;11.18571;;145.456;;Betriebsstatus1;Streckenstation2136;SST_96_145374_Mch;3;UZ Eching/Etterschlag;A96 Richtung M.-Zentrum
6191;65724;Querschnitt7374;MQ_96_145394_Mch;DET_96_145394_Mch_H1;1;9619361;48.08445313;11.18504672;;145.394;;Betriebsstatus1;Streckenstation2136;SST_96_145374_Mch;1;UZ Eching/Etterschlag;A96 Richtung M.-Zentrum
6193;66336;Querschnitt7431;AQ_96_145638_Lin;WZG_96_145638_Lin_A2;40;9619368;48.08468764;11.18813043;;145.638;;Betriebsstatus1;Streckenstation2146;SST_96_145667_Lin;4;UZ Eching/Etterschlag;A96 Richtung Lindau
6198;66130;Querschnitt7432;AQ_96_145758_Lin;WTA_96_145758_Lin_WTA1;7;9619368;48.0847;11.18978;;145.758;;Betriebsstatus1;Streckenstation2146;SST_96_145667_Lin;4;UZ Eching/Etterschlag;A96 Richtung Lindau
6199;65732;Querschnitt7433;BMS_96_145667_Lin;BMS_96_145667_Lin_Tuer;1;9619368;48.08472;11.18855;;145.667;;Betriebsstatus1;Streckenstation2146;SST_96_145667_Lin;6;UZ Eching/Etterschlag;A96 Richtung Lindau
6202;65916;Querschnitt7434;GMA_96_145638_Lin_HK;WUD_96_145638_Lin_HK;61;9619368;48.08468764;11.18813043;;145.638;;Betriebsstatus1;Streckenstation2146;SST_96_145667_Lin;3;UZ Eching/Etterschlag;A96 Richtung Lindau
6203;66302;Querschnitt7435;GMA_96_145758_Lin_HK;WUD_96_145758_Lin_HK;62;9619368;48.0847;11.18978;;145.758;;Betriebsstatus1;Streckenstation2146;SST_96_145667_Lin;3;UZ Eching/Etterschlag;A96 Richtung Lindau
6204;66359;Querschnitt7382;AQ_96_145860_Lin;WZG_96_145860_Lin_C1_BAG;113;9619372;48.0846496;11.19110462;;145.86;;Betriebsstatus1;Streckenstation2137;SST_96_145830_Mch;4;UZ Eching/Etterschlag;A96 Richtung M.-Zentrum
6209;66376;Querschnitt7383;AQ_96_145861_Mch;WZG_96_145861_Mch_B1;65;9619372;48.08448104;11.19110162;;145.861;;Betriebsstatus1;Streckenstation2137;SST_96_145830_Mch;4;UZ Eching/Etterschlag;A96 Richtung M.-Zentrum
6215;65847;Querschnitt7384;BMS_96_145830_Mch_Re;BMS_96_145830_Mch_Temp;2;9619372;48.08444;11.19072;;145.83;;Betriebsstatus1;Streckenstation2137;SST_96_145830_Mch;6;UZ Eching/Etterschlag;A96 Richtung M.-Zentrum
6220;65783;Querschnitt7385;GMA_96_145860_Lin_HK;WUD_96_145860_Lin_HK;62;9619372;48.0846496;11.19110462;;145.86;;Betriebsstatus1;Streckenstation2137;SST_96_145830_Mch;3;UZ Eching/Etterschlag;A96 Richtung M.-Zentrum
6221;65881;Querschnitt7386;GMA_96_145861_Mch_HK;WUD_96_145861_Mch_HK;61;9619372;48.08448104;11.19110162;;145.861;;Betriebsstatus1;Streckenstation2137;SST_96_145830_Mch;3;UZ Eching/Etterschlag;A96 Richtung M.-Zentrum
6222;66059;Querschnitt7380;MQ_96_145860_Lin;DET_96_145860_Lin_H1;33;9619372;48.0846496;11.19110462;;145.86;;Betriebsstatus1;Streckenstation2137;SST_96_145830_Mch;1;UZ Eching/Etterschlag;A96 Richtung M.-Zentrum
6224;66366;Querschnitt7381;MQ_96_145861_Mch;DET_96_145861_Mch_H2;2;9619372;48.08448104;11.19110162;;145.861;;Betriebsstatus1;Streckenstation2137;SST_96_145830_Mch;1;UZ Eching/Etterschlag;A96 Richtung M.-Zentrum
6226;66131;Querschnitt7388;AQ_96_146011_Mch;WZG_96_146011_Mch_Z131_R;129;9619375;48.08445485;11.19317377;;146.011;;Betriebsstatus1;Streckenstation2138;SST_96_145985_Mch;4;UZ Eching/Etterschlag;A96 Richtung M.-Zentrum
6232;66375;Querschnitt7389;BMS_96_145985_Mch_Re;BMS_96_145985_Mch_ReduSM;128;9619375;48.08441;11.19281;;145.985;;Betriebsstatus1;Streckenstation2138;SST_96_145985_Mch;6;UZ Eching/Etterschlag;A96 Richtung M.-Zentrum
6237;66064;Querschnitt7390;GMA_96_146011_Mch_HK;WUD_96_146011_Mch_HK;61;9619375;48.08445485;11.19317377;;146.011;;Betriebsstatus1;Streckenstation2138;SST_96_145985_Mch;3;UZ Eching/Etterschlag;A96 Richtung M.-Zentrum
6238;66088;Querschnitt7387;MQ_96_146011_Mch;DET_96_146011_Mch_H2;2;9619375;48.08445485;11.19317377;;146.011;;Betriebsstatus1;Streckenstation2138;SST_96_145985_Mch;1;UZ Eching/Etterschlag;A96 Richtung M.-Zentrum
6240;65955;Querschnitt7392;AQ_96_146145_Lin;WZG_96_146145_Lin_A2;34;9619378;48.08464306;11.1949403;;146.145;;Betriebsstatus1;Streckenstation2139;SST_96_146118_Mch;4;UZ Eching/Etterschlag;A96 Richtung M.-Zentrum
6248;66151;Querschnitt7393;AQ_96_146145_Mch;WZG_96_146145_Mch_LSA1;1;9619378;48.08444888;11.19489997;;146.145;;Betriebsstatus1;Streckenstation2139;SST_96_146118_Mch;4;UZ Eching/Etterschlag;A96 Richtung M.-Zentrum
6253;65717;Querschnitt7394;AQ_96_146158_Lin;WTA_96_146158_Lin_WTA1;161;9619378;48.08465;11.19515;;146.158;;Betriebsstatus1;Streckenstation2139;SST_96_146118_Mch;4;UZ Eching/Etterschlag;A96 Richtung M.-Zentrum
6254;65923;Querschnitt7395;BMS_96_146118_Mch_Re;BMS_96_146118_Mch_Temp;2;9619378;48.0844;11.19459;;146.118;;Betriebsstatus1;Streckenstation2139;SST_96_146118_Mch;6;UZ Eching/Etterschlag;A96 Richtung M.-Zentrum
6259;66378;Querschnitt7396;GMA_96_146145_Lin_HK;WUD_96_146145_Lin_HK;62;9619378;48.08464306;11.1949403;;146.145;;Betriebsstatus1;Streckenstation2139;SST_96_146118_Mch;3;UZ Eching/Etterschlag;A96 Richtung M.-Zentrum
6260;66251;Querschnitt7397;GMA_96_146145_Mch_HK;WUD_96_146145_Mch_HK;61;9619378;48.08444888;11.19489997;;146.145;;Betriebsstatus1;Streckenstation2139;SST_96_146118_Mch;3;UZ Eching/Etterschlag;A96 Richtung M.-Zentrum
6261;65731;Querschnitt7398;GMA_96_146158_Lin_HK;WUD_96_146158_Lin_HK;65;9619378;48.08465;11.19515;;146.158;;Betriebsstatus1;Streckenstation2139;SST_96_146118_Mch;3;UZ Eching/Etterschlag;A96 Richtung M.-Zentrum
6262;66233;Querschnitt7391;MQ_96_146145_Lin;DET_96_146145_Lin_H2;34;9619378;48.08464306;11.1949403;;146.145;;Betriebsstatus1;Streckenstation2139;SST_96_146118_Mch;1;UZ Eching/Etterschlag;A96 Richtung M.-Zentrum
6264;66185;Querschnitt7426;AQ_96_146350_Lin;WZG_96_146350_Lin_LSA2_GV;130;9619387;48.08458;11.19772;;146.35;;Betriebsstatus1;Streckenstation2145;SST_96_146447_Lin;4;UZ Eching/Etterschlag;A96 Richtung Lindau
6270;65918;Querschnitt7427;AQ_96_146600_Lin;DLZ_96_146600_Lin_DLZ2_GV;10;9619387;48.08474;11.20106;;146.6;;Betriebsstatus1;Streckenstation2145;SST_96_146447_Lin;4;UZ Eching/Etterschlag;A96 Richtung Lindau
6274;65910;Querschnitt7428;AQ_96_146821_Lin;WZG_96_146821_Lin_A1;161;9619387;48.08501;11.20357;;146.821;;Betriebsstatus1;Streckenstation2145;SST_96_146447_Lin;4;UZ Eching/Etterschlag;A96 Richtung Lindau
6276;65877;Querschnitt7429;AQ_96_146848_Lin;WZG_96_146848_Lin_LSA2;164;9619387;48.08509;11.20435;;146.848;;Betriebsstatus1;Streckenstation2145;SST_96_146447_Lin;4;UZ Eching/Etterschlag;A96 Richtung Lindau
6282;65990;Querschnitt7430;BMS_96_146447_Lin_Re;BMS_96_146447_Lin_Temp;2;9619387;48.0847;11.19921;;146.447;;Betriebsstatus1;Streckenstation2145;SST_96_146447_Lin;6;UZ Eching/Etterschlag;A96 Richtung Lindau
6287;65729;Querschnitt7425;MQ_96_146600_Lin;DET_96_146600_Lin_H1;33;9619387;48.08472;11.20107;;146.6;;Betriebsstatus1;Streckenstation2145;SST_96_146447_Lin;1;UZ Eching/Etterschlag;A96 Richtung Lindau
6289;65911;Querschnitt7400;AQ_96_146350_Mch;WZG_96_146350_Mch_LSA1;131;9619386;48.08444;11.19773;;146.35;;Betriebsstatus1;Streckenstation2140;SST_96_146447_Mch;4;UZ Eching/Etterschlag;A96 Richtung M.-Zentrum
6295;66044;Querschnitt7401;AQ_96_146377_Mch;WZG_96_146377_Mch_A2;130;9619386;48.08446;11.19829;;146.377;;Betriebsstatus1;Streckenstation2140;SST_96_146447_Mch;4;UZ Eching/Etterschlag;A96 Richtung M.-Zentrum
6297;66136;Querschnitt7402;AQ_96_146600_Mch;DLZ_96_146600_Mch_DLZ2;10;9619386;48.0846;11.20109;;146.6;;Betriebsstatus1;Streckenstation2140;SST_96_146447_Mch;4;UZ Eching/Etterschlag;A96 Richtung M.-Zentrum
6301;66368;Querschnitt7403;AQ_96_146848_Mch;WZG_96_146848_Mch_DLZ1_GV;49;9619386;48.08494;11.20439;;146.848;;Betriebsstatus1;Streckenstation2140;SST_96_146447_Mch;4;UZ Eching/Etterschlag;A96 Richtung M.-Zentrum
6307;65898;Querschnitt7404;BMS_96_146447_Mch_Re;BMS_96_146447_Mch_Tuer;1;9619386;48.08473;11.19912;;146.447;;Betriebsstatus1;Streckenstation2140;SST_96_146447_Mch;6;UZ Eching/Etterschlag;A96 Richtung M.-Zentrum
6312;65814;Querschnitt7399;MQ_96_146600_Mch;DET_96_146600_Mch_H1;1;9619386;48.08464;11.20109;;146.6;;Betriebsstatus1;Streckenstation2140;SST_96_146447_Mch;1;UZ Eching/Etterschlag;A96 Richtung M.-Zentrum
6314;66379;Querschnitt7421;AQ_96_147043_Mch;DLZ_96_147050_Mch_DLZ2;2;9619401;48.08534892;11.20688005;;147.05;;Betriebsstatus1;Streckenstation2144;SST_96_147080_Lin;4;UZ Eching/Etterschlag;A96 Richtung Lindau
6318;66214;Querschnitt7420;AQ_96_147050_Lin;HS_96_147045_Lin_HS1;162;9619401;48.08552953;11.20693486;;147.05;;Betriebsstatus1;Streckenstation2144;SST_96_147080_Lin;4;UZ Eching/Etterschlag;A96 Richtung Lindau
6323;66049;Querschnitt7422;BMS_96_147080_Lin_Re;BMS_96_147080_Lin_ReduSM;128;9619401;48.08564;11.20734;;147.08;;Betriebsstatus1;Streckenstation2144;SST_96_147080_Lin;6;UZ Eching/Etterschlag;A96 Richtung Lindau
6328;66337;Querschnitt7423;GMA_96_147050_Lin_HK;WUD_96_147050_Lin_HK;61;9619401;48.08552953;11.20693486;;147.05;;Betriebsstatus1;Streckenstation2144;SST_96_147080_Lin;3;UZ Eching/Etterschlag;A96 Richtung Lindau
6329;65745;Querschnitt7424;GMA_96_147050_Mch_HK;WUD_96_147050_Mch_HK;62;9619401;48.08534892;11.20688005;;147.05;;Betriebsstatus1;Streckenstation2144;SST_96_147080_Lin;3;UZ Eching/Etterschlag;A96 Richtung Lindau
6330;66184;Querschnitt7419;MQ_96_147043_Mch;DET_96_147043_Mch_H2;2;9619401;48.08534892;11.20688005;;147.043;;Betriebsstatus1;Streckenstation2144;SST_96_147080_Lin;1;UZ Eching/Etterschlag;A96 Richtung Lindau
6332;65857;Querschnitt7416;AQ_96_147221_Lin;WZG_96_147221_Lin_Z131_L;162;9619405;48.08589953;11.20912996;;147.221;;Betriebsstatus1;Streckenstation2143;SST_96_147250_Lin;4;UZ Eching/Etterschlag;A96 Richtung Lindau
6338;65781;Querschnitt7417;BMS_96_147250_Lin_Re;BMS_96_147250_Lin_Tuer;1;9619405;48.08601;11.20955;;147.25;;Betriebsstatus1;Streckenstation2143;SST_96_147250_Lin;6;UZ Eching/Etterschlag;A96 Richtung Lindau
6343;66322;Querschnitt7418;GMA_96_147221_Lin_HK;WUD_96_147221_Lin_HK;61;9619405;48.08589953;11.20912996;;147.221;;Betriebsstatus1;Streckenstation2143;SST_96_147250_Lin;3;UZ Eching/Etterschlag;A96 Richtung Lindau
6344;65764;Querschnitt7415;MQ_96_147221_Lin;DET_96_147221_Lin_H1;33;9619405;48.08589953;11.20912996;;147.221;;Betriebsstatus1;Streckenstation2143;SST_96_147250_Lin;1;UZ Eching/Etterschlag;A96 Richtung Lindau
6346;66018;Querschnitt7412;AQ_96_147369_Lin;WZG_96_147369_Lin_A1;33;9619408;48.08621509;11.21111666;;147.369;;Betriebsstatus1;Streckenstation2142;SST_96_147403_Lin;4;UZ Eching/Etterschlag;A96 Richtung Lindau
6352;65963;Querschnitt7413;BMS_96_147403_Lin_Re;BMS_96_147403_Lin_Netz;4;9619408;48.08633;11.21157;;147.403;;Betriebsstatus1;Streckenstation2142;SST_96_147403_Lin;6;UZ Eching/Etterschlag;A96 Richtung Lindau
6357;65742;Querschnitt7414;GMA_96_147369_Lin_HK;WUD_96_147369_Lin_HK;61;9619408;48.08621509;11.21111666;;147.369;;Betriebsstatus1;Streckenstation2142;SST_96_147403_Lin;3;UZ Eching/Etterschlag;A96 Richtung Lindau
6358;65761;Querschnitt7411;MQ_96_147369_Lin;DET_96_147369_Lin_H2;34;9619408;48.08621509;11.21111666;;147.369;;Betriebsstatus1;Streckenstation2142;SST_96_147403_Lin;1;UZ Eching/Etterschlag;A96 Richtung Lindau
6360;65984;Querschnitt7410;MQ_96_147374_Mch;DET_96_147374_Mch_H1;1;9619408;48.08605;11.21125;;147.374;;Betriebsstatus1;Streckenstation2142;SST_96_147403_Lin;1;UZ Eching/Etterschlag;A96 Richtung Lindau
6362;65967;Querschnitt7406;AQ_96_147630_Lin;WZG_96_147630_Lin_A1;33;9619414;48.08661119;11.21458915;;147.63;;Betriebsstatus1;Streckenstation2141;SST_96_147662_Lin;4;UZ Eching/Etterschlag;A96 Richtung Lindau
6366;65986;Querschnitt7407;BMS_96_147662_Lin_Re;BMS_96_147662_Lin_ReduSM;128;9619414;48.08669;11.21502;;147.662;;Betriebsstatus1;Streckenstation2141;SST_96_147662_Lin;6;UZ Eching/Etterschlag;A96 Richtung Lindau
6372;66204;Querschnitt7408;GMA_96_147630_Lin_HK;WUD_96_147630_Lin_HK;61;9619414;48.08661119;11.21458915;;147.63;;Betriebsstatus1;Streckenstation2141;SST_96_147662_Lin;3;UZ Eching/Etterschlag;A96 Richtung Lindau
6373;66211;Querschnitt7409;GMA_96_147662_Lin;WUD_96_147662_Lin_TPT;12;9619414;48.0867;11.21496;;147.662;;Betriebsstatus1;Streckenstation2141;SST_96_147662_Lin;3;UZ Eching/Etterschlag;A96 Richtung Lindau
6387;66013;Querschnitt7405;MQ_96_147664_Lin;DET_96_147664_Lin_H2;34;9619414;48.08661119;11.21458915;;147.664;;Betriebsstatus1;Streckenstation2141;SST_96_147662_Lin;1;UZ Eching/Etterschlag;A96 Richtung Lindau
6389;66006;Querschnitt7470;AQ_96_149480_Lin;WZG_96_149480_Lin_Blinker;161;9619457;48.09157;11.23748;;149.48;;Betriebsstatus1;Streckenstation2156;SST_96_149500_Lin;4;UZ Eching/Etterschlag;A96 Richtung Lindau
6392;65834;Querschnitt7471;BMS_96_149500_Lin;BMS_96_149500_Lin_Tuer;1;9619457;48.09161;11.23754;;149.5;;Betriebsstatus1;Streckenstation2156;SST_96_149500_Lin;6;UZ Eching/Etterschlag;A96 Richtung Lindau
6395;65721;Querschnitt7472;GMA_96_149480_Lin_HK;WUD_96_149480_Lin_HK;61;9619457;48.09157;11.23748;;149.48;;Betriebsstatus1;Streckenstation2156;SST_96_149500_Lin;3;UZ Eching/Etterschlag;A96 Richtung Lindau
6396;62041;Querschnitt3936;BMS9-100;BMS9-100_Tuer;1;9031635;48.19686511;11.61759503;3936;526.79;;Betriebsstatus1;Streckenstation854;SST9-100;6;UZ Freimann;A9 Richtung Nürnberg
6399;60875;Querschnitt3104;MQ9-100-Nbg_A;DET9-100-Nbg_A1;65;9031635;48.19640002;11.61719998;3104;526.75;;Betriebsstatus1;Streckenstation854;SST9-100;1;UZ Freimann;A9 Richtung Nürnberg
6400;52796;Querschnitt3105;MQ9-100-Nbg_E;DET9-100-Nbg_E1;129;9031635;48.19700009;11.61769995;3105;526.75;;Betriebsstatus1;Streckenstation854;SST9-100;1;UZ Freimann;A9 Richtung Nürnberg
6401;62629;Querschnitt3106;MQ9-100-Nbg_H;DET9-100-Nbg_H2;2;9031635;48.19680004;11.61719996;3106;526.75;77359120;Betriebsstatus1;Streckenstation854;SST9-100;1;UZ Freimann;A9 Richtung Nürnberg
6404;51114;Querschnitt3365;AQ9-110-Nbg;WZG9-110-Nbg_B3;67;9031599;48.20250817;11.6201515;3365;526.02;;Betriebsstatus1;Streckenstation852;SST9-110;4;UZ Freimann;A9 Richtung Nürnberg
6414;51736;Querschnitt3937;BMS9-110;BMS9-110_Tuer;1;9031599;48.20221537;11.62011451;3937;526.05;;Betriebsstatus1;Streckenstation852;SST9-110;6;UZ Freimann;A9 Richtung Nürnberg
6417;52866;Querschnitt3622;GMA_HK_9-110-Nbg;WUD_HK_9-110-Nbg;1;9031599;48.20249656;11.62023701;3622;526.02;;Betriebsstatus1;Streckenstation852;SST9-110;3;UZ Freimann;A9 Richtung Nürnberg
6418;55881;Querschnitt3107;MQ9-110-Nbg_H;DET9-110-Nbg_H4;4;9031599;48.20251978;11.62006244;3107;526.02;;Betriebsstatus1;Streckenstation852;SST9-110;1;UZ Freimann;A9 Richtung Nürnberg
6422;55729;Querschnitt3366;AQ9-120-Nbg-l;WZG9-120-Nbg-l_C1;136;9031589;48.20423933;11.62126355;3366;525.82;;Betriebsstatus1;Streckenstation851;SST9-120;4;UZ Freimann;A9 Richtung Nürnberg
6425;62812;Querschnitt3110;AQ9-120-Nbg-r;WZG9-120-Nbg-r_B1;131;9031589;48.20428777;11.62152304;3110;525.82;;Betriebsstatus1;Streckenstation851;SST9-120;4;UZ Freimann;A9 Richtung Nürnberg
6428;60397;Querschnitt3938;BMS9-120;BMS9-120_Netz;3;9031589;48.20406263;11.6210762;3938;525.85;;Betriebsstatus1;Streckenstation851;SST9-120;6;UZ Freimann;A9 Richtung Nürnberg
6431;61723;Querschnitt5106;GMA_HK_9-120-Nbg-l;WUD_HK_9-120-Nbg-l;2;9031589;48.20418236;11.62130669;5106;525.82;;Betriebsstatus1;Streckenstation851;SST9-120;3;UZ Freimann;A9 Richtung Nürnberg
6432;62292;Querschnitt3623;GMA_HK_9-120-Nbg-r;WUD_HK_9-120-Nbg-r;1;9031589;48.20426669;11.62162285;3623;525.82;;Betriebsstatus1;Streckenstation851;SST9-120;3;UZ Freimann;A9 Richtung Nürnberg
6433;55551;Querschnitt3108;MQ9-120-Nbg_A;DET9-120-Nbg_A1;65;9031589;48.20367923;11.62098291;3108;525.82;;Betriebsstatus1;Streckenstation851;SST9-120;1;UZ Freimann;A9 Richtung Nürnberg
6434;55955;Querschnitt3109;MQ9-120-Nbg_E;DET9-120-Nbg_E1;129;9031589;48.20418888;11.62151;3109;525.82;;Betriebsstatus1;Streckenstation851;SST9-120;1;UZ Freimann;A9 Richtung Nürnberg
6436;51095;Querschnitt3367;AQ9-125-Nbg;WZG9-125-Nbg_W2;3;9031582;48.20542996;11.621536;3367;525.67;;Betriebsstatus1;Streckenstation850;SST9-125;4;UZ Freimann;A9 Richtung Nürnberg
6445;60569;Querschnitt3939;BMS9-125;BMS9-125_Temp;2;9031582;48.20507334;11.62162761;3939;525.7;;Betriebsstatus1;Streckenstation850;SST9-125;6;UZ Freimann;A9 Richtung Nürnberg
6448;60227;Querschnitt3368;AQ9-130-Nbg;WZG9-130-Nbg_BL1;1;9031570;48.20808504;11.62286208;3368;525.36;;Betriebsstatus1;Streckenstation849;SST9-130;4;UZ Freimann;A9 Richtung Nürnberg
6457;51706;Querschnitt3940;BMS9-130;BMS9-130_Tuer;1;9031570;48.20778766;11.62287849;3940;525.46;;Betriebsstatus1;Streckenstation849;SST9-130;6;UZ Freimann;A9 Richtung Nürnberg
6460;60300;Querschnitt3370;AQ9-135-Nbg;WZG9-135-Nbg_B1;66;9031550;48.21094513;11.62430784;3370;525.02;;Betriebsstatus1;Streckenstation848;SST9-135;4;UZ Freimann;A9 Richtung Nürnberg
6467;55590;Querschnitt3369;AQ9-135-Nbg_P;WZG9-135-Nbg_P_A1;1;9031550;48.21092409;11.62442192;3369;525.02;;Betriebsstatus1;Streckenstation848;SST9-135;4;UZ Freimann;A9 Richtung Nürnberg
6471;56680;Querschnitt3941;BMS9-135;BMS9-135_Tuer;1;9031550;48.2106504;11.62440968;3941;525.05;;Betriebsstatus1;Streckenstation848;SST9-135;6;UZ Freimann;A9 Richtung Nürnberg
6474;62753;Querschnitt3624;GMA_HK_9-135-Nbg;WUD_HK_9-135-Nbg;1;9031550;48.21088403;11.62454326;3624;525.02;;Betriebsstatus1;Streckenstation848;SST9-135;3;UZ Freimann;A9 Richtung Nürnberg
6475;59343;Querschnitt3111;MQ9-135-Nbg_H;DET9-135-Nbg_H2;2;9031550;48.21088317;11.62427982;3111;525.02;77359066;Betriebsstatus1;Streckenstation848;SST9-135;1;UZ Freimann;A9 Richtung Nürnberg
6478;51403;Querschnitt5474;MQ9-135-Nbg_P;DET9-135-Nbg_P2;82;9031550;48.21460006;11.62640005;5474;525.02;77359066;Betriebsstatus1;Streckenstation848;SST9-135;1;UZ Freimann;A9 Richtung Nürnberg
6480;53232;Querschnitt3371;AQ9-140-Nbg;WZG9-140-Nbg_W2;3;9031627;48.21473076;11.62647334;3371;524.59;;Betriebsstatus1;Streckenstation853;SST9-140;4;UZ Freimann;A9 Richtung Nürnberg
6485;53417;Querschnitt3942;BMS9-140;BMS9-140_Temp;2;9031627;48.21442853;11.62646129;3942;524.62;;Betriebsstatus1;Streckenstation853;SST9-140;6;UZ Freimann;A9 Richtung Nürnberg
6488;55125;Querschnitt3372;AQ9-155-Nbg;WZG9-155-Nbg_B2;66;9031517;48.21665085;11.62716436;3372;524.35;;Betriebsstatus1;Streckenstation846;SST9-155;4;UZ Freimann;A9 Richtung Nürnberg
6495;56976;Querschnitt3943;BMS9-155;BMS9-155_Tuer;1;9031517;48.21645832;11.62722628;3943;524.38;;Betriebsstatus1;Streckenstation846;SST9-155;6;UZ Freimann;A9 Richtung Nürnberg
6498;58138;Querschnitt3625;GMA_HK_9-155-Nbg;WUD_HK_9-155-Nbg;1;9031517;48.2166204;11.62731056;3625;524.35;;Betriebsstatus1;Streckenstation846;SST9-155;3;UZ Freimann;A9 Richtung Nürnberg
6499;57109;Querschnitt3113;MQ9-155-Nbg_H;DET9-155-Nbg_H1;1;9031517;48.21660556;11.62713976;3113;524.35;;Betriebsstatus1;Streckenstation846;SST9-155;1;UZ Freimann;A9 Richtung Nürnberg
6502;60647;Querschnitt3373;AQ9-160-Nbg;WZG9-160-Nbg_A1;1;9031527;48.21921537;11.63068857;3373;523.986;;Betriebsstatus1;Streckenstation847;SST9-160;4;UZ Freimann;A9 Richtung Nürnberg
6506;61517;Querschnitt3944;BMS9-160;BMS9-160_Temp;2;9031527;48.21893416;11.63055173;3944;524.916;;Betriebsstatus1;Streckenstation847;SST9-160;6;UZ Freimann;A9 Richtung Nürnberg
6509;51743;Querschnitt5105;GMA_HK_9-160-Nbg;WUD_HK_9-160-Nbg;1;9031527;48.21915138;11.63076737;5105;523.986;;Betriebsstatus1;Streckenstation847;SST9-160;3;UZ Freimann;A9 Richtung Nürnberg
6510;62471;Querschnitt3114;MQ_9-160_Nbg;DET_9-160_Nbg_A2;82;9031527;48.22340005;11.62690004;3114;1.25;;Betriebsstatus1;Streckenstation847;SST9-160;1;UZ Freimann;A9 Richtung Nürnberg
6512;59869;Querschnitt3374;AQ9-166-Nbg;WZG9-166-Nbg_C2;75;9031470;48.22501985;11.63136087;3374;523.375;;Betriebsstatus1;Streckenstation845;SST9-166;4;UZ Freimann;A9 Richtung Nürnberg
6519;57034;Querschnitt3375;AQ9-168-Nbg;WZG9-168-Nbg_C1;73;9031470;48.22497393;11.6318811;3375;523.375;;Betriebsstatus1;Streckenstation845;SST9-166;4;UZ Freimann;A9 Richtung Nürnberg
6523;60315;Querschnitt3945;BMS9-166;BMS9-166_Tuer;1;9031470;48.22473941;11.63146615;3945;523.405;;Betriebsstatus1;Streckenstation845;SST9-166;6;UZ Freimann;A9 Richtung Nürnberg
6526;60703;Querschnitt5726;GMA_HK_9-166-Nbg;WUD_HK_9-166-Nbg;2;9031470;48.22498466;11.6315178;5726;523.375;;Betriebsstatus1;Streckenstation845;SST9-166;3;UZ Freimann;A9 Richtung Nürnberg
6527;51841;Querschnitt3628;GMA_HK_9-168-Nbg;WUD_HK_9-168-Nbg;1;9031470;48.22498785;11.63177061;3628;523.375;;Betriebsstatus1;Streckenstation845;SST9-166;3;UZ Freimann;A9 Richtung Nürnberg
6528;55362;Querschnitt3115;MQ9-166-Nbg_H;DET9-166-Nbg_H2;2;9031470;48.22495794;11.63134706;3115;523.375;;Betriebsstatus1;Streckenstation845;SST9-166;1;UZ Freimann;A9 Richtung Nürnberg
6531;51181;Querschnitt3116;MQ9-168-Nbg_H;DET9-168-Nbg_E1;81;9031470;48.22490013;11.63187095;3116;523.375;;Betriebsstatus1;Streckenstation845;SST9-166;1;UZ Freimann;A9 Richtung Nürnberg
6533;59835;Querschnitt3376;AQ9-170-Nbg;WZG9-170-Nbg_C3;75;9031423;48.23313802;11.63559824;3376;522.42;;Betriebsstatus1;Streckenstation844;SST9-170;4;UZ Freimann;A9 Richtung Nürnberg
6543;62502;Querschnitt3946;BMS9-170;BMS9-170_Tuer;1;9031423;48.23287104;11.6355249;3946;522.45;;Betriebsstatus1;Streckenstation844;SST9-170;6;UZ Freimann;A9 Richtung Nürnberg
6546;52935;Querschnitt3629;GMA_HK_9-170-Nbg;WUD_HK_9-170-Nbg;1;9031423;48.23311371;11.63561768;3629;522.42;;Betriebsstatus1;Streckenstation844;SST9-170;3;UZ Freimann;A9 Richtung Nürnberg
6547;55157;Querschnitt3117;MQ9-170-Nbg_H;DET9-170-Nbg_H4;4;9031423;48.23315328;11.63559519;3117;522.42;77359115;Betriebsstatus1;Streckenstation844;SST9-170;1;UZ Freimann;A9 Richtung Nürnberg
6551;62448;Querschnitt3377;AQ9-180-Nbg;WZG9-180-Nbg_C1;134;9031376;48.24123961;11.63990471;3377;521.45;;Betriebsstatus1;Streckenstation843;SST9-180;4;UZ Freimann;A9 Richtung Nürnberg
6554;61372;Querschnitt3947;BMS9-180;BMS9-180_Netz;3;9031376;48.24113995;11.63984647;3947;521.48;;Betriebsstatus1;Streckenstation843;SST9-180;6;UZ Freimann;A9 Richtung Nürnberg
6557;52877;Querschnitt3630;GMA_HK_9-180-Nbg;WUD_HK_9-180-Nbg;1;9031376;48.2411981;11.6398864;3630;521.45;;Betriebsstatus1;Streckenstation843;SST9-180;3;UZ Freimann;A9 Richtung Nürnberg
6558;53892;Querschnitt3118;MQ9-180-Nbg_A;DET9-180-Nbg_A2;66;9031376;48.24101139;11.6404896;3118;521.45;;Betriebsstatus1;Streckenstation843;SST9-180;1;UZ Freimann;A9 Richtung Nürnberg
6560;60176;Querschnitt3119;MQ9-180-Nbg_E;DET9-180-Nbg_E1;129;9031376;48.24108813;11.64050768;3119;521.45;;Betriebsstatus1;Streckenstation843;SST9-180;1;UZ Freimann;A9 Richtung Nürnberg
6561;59492;Querschnitt3388;AQ9-210-Nbg;WZG9-210-Nbg_B3;67;9031342;48.24738296;11.64273941;3388;520.75;;Betriebsstatus1;Streckenstation842;SST9-210;4;UZ Freimann;A9 Richtung Nürnberg
6571;55499;Querschnitt3960;BMS9-210;BMS9-210_Tuer;1;9031342;48.24707807;11.64263476;3960;520.78;;Betriebsstatus1;Streckenstation842;SST9-210;6;UZ Freimann;A9 Richtung Nürnberg
6574;63302;Querschnitt3641;GMA_HK_9-210-Nbg;WUD_HK_9-210-Nbg;1;9031342;48.24738684;11.64274381;3641;520.75;;Betriebsstatus1;Streckenstation842;SST9-210;3;UZ Freimann;A9 Richtung Nürnberg
6575;56979;Querschnitt3137;MQ9-210-Nbg_H;DET9-210-Nbg_H1;1;9031342;48.24737664;11.6426961;3137;520.75;;Betriebsstatus1;Streckenstation842;SST9-210;1;UZ Freimann;A9 Richtung Nürnberg
6579;58068;Querschnitt5128;AQ9-238-Nbg;WZG9-238-Nbg_BL1;3;906475;48.25539677;11.64671074;5128;519.81;;Betriebsstatus1;Streckenstation1379;SST9-238;4;UZ Freimann;A9 Richtung Nürnberg
6582;60364;Querschnitt5127;BMS9-238;BMS9-238_Tuer;1;906475;48.25516753;11.64663753;5127;519.84;;Betriebsstatus1;Streckenstation1379;SST9-238;6;UZ Freimann;A9 Richtung Nürnberg
6585;54957;Querschnitt3410;AQ9-240-Nbg;WZG9-240-Nbg_B2;66;9031287;48.25721936;11.64724175;3410;519.615;;Betriebsstatus1;Streckenstation841;SST9-240;4;UZ Freimann;A9 Richtung Nürnberg
6595;51660;Querschnitt3985;BMS9-240;BMS9-240_Netz;3;9031287;48.25693086;11.64721266;3985;519.645;;Betriebsstatus1;Streckenstation841;SST9-240;6;UZ Freimann;A9 Richtung Nürnberg
6598;56897;Querschnitt3659;GMA_HK_9-240-Nbg;WUD_HK_9-240-Nbg;1;9031287;48.25716749;11.6472421;3659;519.615;;Betriebsstatus1;Streckenstation841;SST9-240;3;UZ Freimann;A9 Richtung Nürnberg
6599;59564;Querschnitt3165;MQ9-240-Nbg_H;DET9-240-Nbg_H3;3;9031287;48.25722542;11.64718578;3165;519.615;77359062;Betriebsstatus1;Streckenstation841;SST9-240;1;UZ Freimann;A9 Richtung Nürnberg
6603;60420;Querschnitt5130;AQ9-248-Nbg;WZG9-248-Nbg_W2;2;906502;48.26067269;11.64748216;5130;519.26;;Betriebsstatus1;Streckenstation1380;SST9-248;4;UZ Freimann;A9 Richtung Nürnberg
6606;55064;Querschnitt5129;BMS9-248;BMS9-248_Temp;2;906502;48.26046546;11.64756747;5129;519.29;;Betriebsstatus1;Streckenstation1380;SST9-248;6;UZ Freimann;A9 Richtung Nürnberg
6609;62984;Querschnitt3996;BMS9-250;BMS9-250_Tuer;1;9031257;48.26312844;11.64718562;3996;519.03;;Betriebsstatus1;Streckenstation840;SST9-250;6;UZ Freimann;A9 Richtung Nürnberg
6612;58872;Querschnitt3179;MQ9-250-Nbg_A;DET9-250-Nbg_A1;65;9031257;48.263183;11.64806156;3179;519.0;;Betriebsstatus1;Streckenstation840;SST9-250;1;UZ Freimann;A9 Richtung Nürnberg
6613;62270;Querschnitt3180;MQ9-250-Nbg_E;DET9-250-Nbg_E1;129;9031257;48.26331539;11.64793325;3180;519.0;;Betriebsstatus1;Streckenstation840;SST9-250;1;UZ Freimann;A9 Richtung Nürnberg
6614;61756;Querschnitt3432;AQ9-260-Nbg;WZG9-260-Nbg_A4;4;9031224;48.26867685;11.64522064;3432;518.315;;Betriebsstatus1;Streckenstation839;SST9-260;4;UZ Freimann;A9 Richtung Nürnberg
6624;55776;Querschnitt4011;BMS9-260;BMS9-260_Netz;3;9031224;48.26843053;11.64541192;4011;518.345;;Betriebsstatus1;Streckenstation839;SST9-260;6;UZ Freimann;A9 Richtung Nürnberg
6627;56955;Querschnitt3674;GMA_HK_9-260-Nbg;WUD_HK_9-260-Nbg;1;9031224;48.26868733;11.64525476;3674;518.315;;Betriebsstatus1;Streckenstation839;SST9-260;3;UZ Freimann;A9 Richtung Nürnberg
6628;50818;Querschnitt3195;MQ9-260-Nbg_H;DET9-260-Nbg_H3;3;9031224;48.26865389;11.64517729;3195;518.315;;Betriebsstatus1;Streckenstation839;SST9-260;1;UZ Freimann;A9 Richtung Nürnberg
6632;55450;Querschnitt3443;AQ9-280-Nbg;WZG9-280-Nbg_A2;2;9031150;48.28206628;11.64062366;3443;516.8;;Betriebsstatus1;Streckenstation838;SST9-280;4;UZ Freimann;A9 Richtung Nürnberg
6642;60135;Querschnitt4027;BMS9-280;BMS9-280_Temp;2;9031150;48.28181577;11.6408026;4027;516.83;;Betriebsstatus1;Streckenstation838;SST9-280;6;UZ Freimann;A9 Richtung Nürnberg
6645;51708;Querschnitt3684;GMA_HK_9-280-Nbg;WUD_HK_9-280-Nbg;1;9031150;48.28206628;11.64062366;3684;516.8;;Betriebsstatus1;Streckenstation838;SST9-280;3;UZ Freimann;A9 Richtung Nürnberg
6646;54275;Querschnitt3211;MQ9-280-Nbg_H;DET9-280-Nbg_H3;3;9031150;48.2820599;11.64057396;3211;516.8;77359061;Betriebsstatus1;Streckenstation838;SST9-280;1;UZ Freimann;A9 Richtung Nürnberg
6650;59363;Querschnitt5132;AQ9-308-Nbg;WZG9-308-Nbg_W9;9;906676;48.29168836;11.63563123;5132;515.67;;Betriebsstatus1;Streckenstation1381;SST9-308;4;UZ Freimann;A9 Richtung Nürnberg
6662;53457;Querschnitt5131;BMS9-308;BMS9-308_Netz;3;906676;48.29146316;11.63593443;5131;515.7;;Betriebsstatus1;Streckenstation1381;SST9-308;6;UZ Freimann;A9 Richtung Nürnberg
6665;59722;Querschnitt3444;AQ9-310-Nbg;WZG9-310-Nbg_B3;67;9031076;48.29490766;11.63404121;3444;515.29;;Betriebsstatus1;Streckenstation837;SST9-310;4;UZ Freimann;A9 Richtung Nürnberg
6675;52860;Querschnitt4028;BMS9-310;BMS9-310_Tuer;1;9031076;48.29471305;11.63417631;4028;515.32;;Betriebsstatus1;Streckenstation837;SST9-310;6;UZ Freimann;A9 Richtung Nürnberg
6678;54044;Querschnitt3685;GMA_HK_9-310-Nbg;WUD_HK_9-310-Nbg;1;9031076;48.29490766;11.63404121;3685;515.32;;Betriebsstatus1;Streckenstation837;SST9-310;3;UZ Freimann;A9 Richtung Nürnberg
6679;55284;Querschnitt3212;MQ9-310-Nbg_H;DET9-310-Nbg_H4;4;9031076;48.29488669;11.63397295;3212;515.325;;Betriebsstatus1;Streckenstation837;SST9-310;1;UZ Freimann;A9 Richtung Nürnberg
6683;55067;Querschnitt5134;AQ9-328-Nbg;WZG9-328-Nbg_BL1;13;906717;48.29890884;11.63169907;5134;514.82;;Betriebsstatus1;Streckenstation1382;SST9-328;4;UZ Freimann;A9 Richtung Nürnberg
6696;59466;Querschnitt5133;BMS9-328;BMS9-328_Tuer;1;906717;48.29891387;11.63197579;5133;514.86;;Betriebsstatus1;Streckenstation1382;SST9-328;6;UZ Freimann;A9 Richtung Nürnberg
6699;56232;Querschnitt3445;AQ9-330-Nbg;WZG9-330-Nbg_B1;132;9031054;48.29923301;11.63185223;3445;514.8;;Betriebsstatus1;Streckenstation836;SST9-330;4;UZ Freimann;A9 Richtung Nürnberg
6702;55106;Querschnitt4029;BMS9-330;BMS9-330_Temp;2;9031054;48.29895527;11.6319444;4029;514.86;;Betriebsstatus1;Streckenstation836;SST9-330;6;UZ Freimann;A9 Richtung Nürnberg
6705;55607;Querschnitt3686;GMA_HK_9-330-Nbg;WUD_HK_9-330-Nbg;1;9031054;48.29923301;11.63185223;3686;514.8;;Betriebsstatus1;Streckenstation836;SST9-330;3;UZ Freimann;A9 Richtung Nürnberg
6706;61351;Querschnitt3213;MQ9-330-Nbg_A;DET9-330-Nbg_A2;66;9031054;48.29943866;11.63257841;3213;514.83;;Betriebsstatus1;Streckenstation836;SST9-330;1;UZ Freimann;A9 Richtung Nürnberg
6708;60841;Querschnitt3214;MQ9-330-Nbg_E;DET9-330-Nbg_E1;129;9031054;48.29946929;11.63242272;3214;514.83;;Betriebsstatus1;Streckenstation836;SST9-330;1;UZ Freimann;A9 Richtung Nürnberg
6709;52753;Querschnitt5136;AQ9-345-Nbg;WZG9-345-Nbg_W8;8;906742;48.30304239;11.62924364;5136;514.32;;Betriebsstatus1;Streckenstation1383;SST9-345;4;UZ Freimann;A9 Richtung Nürnberg
6722;61132;Querschnitt5135;BMS9-345;BMS9-345_Temp;2;906742;48.30284191;11.62948766;5135;514.35;;Betriebsstatus1;Streckenstation1383;SST9-345;6;UZ Freimann;A9 Richtung Nürnberg
6725;59725;Querschnitt3446;AQ9-350-Nbg;WZG9-350-Nbg_A3;3;9031012;48.30569491;11.62757611;3446;514.0;;Betriebsstatus1;Streckenstation835;SST9-350;4;UZ Freimann;A9 Richtung Nürnberg
6735;62018;Querschnitt4030;BMS9-350;BMS9-350_Temp;2;9031012;48.30548013;11.62788868;4030;514.0;;Betriebsstatus1;Streckenstation835;SST9-350;6;UZ Freimann;A9 Richtung Nürnberg
6738;53833;Querschnitt3687;GMA_HK_9-350-Nbg;WUD_HK_9-350-Nbg;1;9031012;48.30573271;11.62771579;3687;514.0;;Betriebsstatus1;Streckenstation835;SST9-350;3;UZ Freimann;A9 Richtung Nürnberg
6739;61974;Querschnitt3216;MQ9-350-Nbg_H;DET9-350-Nbg_H4;4;9031012;48.30571378;11.62763817;3216;514.0;76359060;Betriebsstatus1;Streckenstation835;SST9-350;1;UZ Freimann;A9 Richtung Nürnberg
6743;59392;Querschnitt3447;AQ9-360-Nbg;WZG9-360-Nbg_A1;1;9030975;48.31163889;11.62385001;3447;513.23;;Betriebsstatus1;Streckenstation833;SST9-360;4;UZ Freimann;A9 Richtung Nürnberg
6750;51004;Querschnitt4031;BMS9-360;BMS9-360_Temp;2;9030975;48.3115643;11.62426129;4031;513.225;;Betriebsstatus1;Streckenstation833;SST9-360;6;UZ Freimann;A9 Richtung Nürnberg
6753;63204;Querschnitt3688;GMA_HK_9-360-Nbg;WUD_HK_9-360-Nbg;1;9030975;48.31172582;11.62416057;3688;513.23;;Betriebsstatus1;Streckenstation833;SST9-360;3;UZ Freimann;A9 Richtung Nürnberg
6754;61082;Querschnitt3217;MQ9-360-Nbg_H;DET9-360-Nbg_H3;3;9030975;48.31165714;11.62389401;3217;513.23;;Betriebsstatus1;Streckenstation833;SST9-360;1;UZ Freimann;A9 Richtung Nürnberg
6757;61025;Querschnitt4033;BMS9-362;BMS9-362_Tuer;1;9030944;48.31718601;11.62057704;4033;512.6;;Betriebsstatus1;Streckenstation831;SST9-362;6;UZ Freimann;A9 Richtung Nürnberg
6760;60594;Querschnitt3219;MQ9-362-Nbg_A;DET9-362-Nbg_A1;65;9030944;48.31770008;11.62050002;3219;512.6;;Betriebsstatus1;Streckenstation831;SST9-362;1;UZ Freimann;A9 Richtung Nürnberg
6761;60838;Querschnitt3220;MQ9-362-Nbg_E;DET9-362-Nbg_E1;129;9030944;48.31880002;11.62049996;3220;512.6;;Betriebsstatus1;Streckenstation831;SST9-362;1;UZ Freimann;A9 Richtung Nürnberg
6762;51776;Querschnitt4034;BMS9-364;BMS9-364_Netz;3;9030959;48.31464573;11.62202498;4034;512.9;;Betriebsstatus1;Streckenstation832;SST9-364;6;UZ Freimann;A9 Richtung Nürnberg
6765;56693;Querschnitt3221;MQ9-364-Nbg_E;DET9-364-Nbg_E2;130;9030959;48.31550005;11.62209999;3221;512.9;;Betriebsstatus1;Streckenstation832;SST9-364;1;UZ Freimann;A9 Richtung Nürnberg
6767;59332;Querschnitt3451;AQ9-600-Mch;WZG9-600-Mch_A2;34;9130930;48.31960848;11.61886015;3451;512.35;;Betriebsstatus1;Streckenstation858;SST9-600;4;UZ Freimann;A9 Richtung M.-Zentrum
6774;53420;Querschnitt4037;BMS9-600;BMS9-600_Temp;2;9130930;48.31994954;11.61865535;4037;512.32;;Betriebsstatus1;Streckenstation858;SST9-600;6;UZ Freimann;A9 Richtung M.-Zentrum
6777;53636;Querschnitt3692;GMA_HK_9-600-Mch;WUD_HK_9-600-Mch;33;9130930;48.31960848;11.61886015;3692;512.35;;Betriebsstatus1;Streckenstation858;SST9-600;3;UZ Freimann;A9 Richtung M.-Zentrum
6778;59802;Querschnitt3225;MQ9-600-2-Mch_H;DET9-600-2-Mch_H2;34;9130930;48.31940004;11.61900004;3225;512.35;;Betriebsstatus1;Streckenstation858;SST9-600;1;UZ Freimann;A9 Richtung M.-Zentrum
6781;55175;Querschnitt4038;BMS9-602;BMS9-602_Temp;2;9130944;48.31758887;11.62002124;4038;512.6;;Betriebsstatus1;Streckenstation859;SST9-602;6;UZ Freimann;A9 Richtung M.-Zentrum
6784;61269;Querschnitt3226;MQ9-602-Mch_A;DET9-602-Mch_A2;98;9130944;48.31830006;11.61910004;3226;512.6;;Betriebsstatus1;Streckenstation859;SST9-602;1;UZ Freimann;A9 Richtung M.-Zentrum
6786;61004;Querschnitt4039;BMS9-604;BMS9-604_Tuer;1;9130959;48.31503964;11.62148278;4039;512.9;;Betriebsstatus1;Streckenstation860;SST9-604;6;UZ Freimann;A9 Richtung M.-Zentrum
6789;61732;Querschnitt3228;MQ9-604-Mch_A;DET9-604-Mch_A1;97;9130959;48.31500007;11.62110003;3228;512.9;;Betriebsstatus1;Streckenstation860;SST9-604;1;UZ Freimann;A9 Richtung M.-Zentrum
6790;60437;Querschnitt3229;MQ9-604-Mch_E;DET9-604-Mch_E1;161;9130959;48.31400001;11.62059995;3229;512.9;;Betriebsstatus1;Streckenstation860;SST9-604;1;UZ Freimann;A9 Richtung M.-Zentrum
6791;59723;Querschnitt3452;AQ9-610-Mch;WZG9-610-Mch_B1;98;9130976;48.31177889;11.62351001;3452;513.265;;Betriebsstatus1;Streckenstation861;SST9-610;4;UZ Freimann;A9 Richtung M.-Zentrum
6798;54962;Querschnitt5478;AQ9-610-Mch_P;WZG9-610-Mch_P_A2;34;9130976;48.31174888;11.62331001;5478;513.265;;Betriebsstatus1;Streckenstation861;SST9-610;4;UZ Freimann;A9 Richtung M.-Zentrum
6802;50540;Querschnitt4040;BMS9-610;BMS9-610_Netz;3;9130976;48.31215254;11.62267685;4040;513.265;;Betriebsstatus1;Streckenstation861;SST9-610;6;UZ Freimann;A9 Richtung M.-Zentrum
6805;56321;Querschnitt3693;GMA_HK_9-610-Mch;WUD_HK_9-610-Mch;33;9130976;48.31174843;11.62346367;3693;513.265;;Betriebsstatus1;Streckenstation861;SST9-610;3;UZ Freimann;A9 Richtung M.-Zentrum
6806;59786;Querschnitt3811;GMA9-610-Mch;WUD_NI_9-610-Mch;67;9130976;48.31184685;11.62310213;3811;513.255;;Betriebsstatus1;Streckenstation861;SST9-610;3;UZ Freimann;A9 Richtung M.-Zentrum
6817;51870;Querschnitt3812;GMA9-610-Nbg;WUD_GT_9-610-Nbg;103;9130976;48.31165714;11.62389401;3812;513.255;;Betriebsstatus1;Streckenstation861;SST9-610;3;UZ Freimann;A9 Richtung Nürnberg
6823;60613;Querschnitt3230;MQ9-610-Mch_H;DET9-610-Mch_H2;34;9130976;48.31177889;11.62351001;3230;513.265;;Betriebsstatus1;Streckenstation861;SST9-610;1;UZ Freimann;A9 Richtung M.-Zentrum
6826;59620;Querschnitt5477;MQ9-610-Mch_P;DET9-610-Mch_P2;114;9130976;48.31170207;11.62324628;5477;513.265;;Betriebsstatus1;Streckenstation861;SST9-610;1;UZ Freimann;A9 Richtung M.-Zentrum
6828;57229;Querschnitt3867;NMG9-610-Mch;WUD_SW_9-610-Mch;73;9130976;48.3121242;11.62289479;3867;513.255;;Betriebsstatus1;Streckenstation861;SST9-610;3;UZ Freimann;A9 Richtung M.-Zentrum
6829;55274;Querschnitt3454;AQ9-620-Mch;WZG9-620-Mch_BL1;33;9131012;48.30539752;11.62736368;3454;514.02;;Betriebsstatus1;Streckenstation862;SST9-620;4;UZ Freimann;A9 Richtung M.-Zentrum
6832;52746;Querschnitt4041;BMS9-620;BMS9-620_Netz;3;9131012;48.30563951;11.62712866;4041;513.99;;Betriebsstatus1;Streckenstation862;SST9-620;6;UZ Freimann;A9 Richtung M.-Zentrum
6835;55308;Querschnitt3455;AQ9-630-Mch;WZG9-630-Mch_C2;106;9131020;48.30328912;11.62854212;3455;514.2;;Betriebsstatus1;Streckenstation863;SST9-630;4;UZ Freimann;A9 Richtung M.-Zentrum
6848;56199;Querschnitt4042;BMS9-630;BMS9-630_Tuer;1;9131020;48.30343597;11.6284011;4042;514.17;;Betriebsstatus1;Streckenstation863;SST9-630;6;UZ Freimann;A9 Richtung M.-Zentrum
6851;54560;Querschnitt3694;GMA_HK_9-630-Mch;WUD_HK_9-630-Mch;33;9131020;48.30327237;11.6284987;3694;514.2;;Betriebsstatus1;Streckenstation863;SST9-630;3;UZ Freimann;A9 Richtung M.-Zentrum
6852;55595;Querschnitt3232;MQ9-630-Mch_H;DET9-630-Mch_H3;35;9131020;48.30328508;11.62857946;3232;514.2;76359060;Betriebsstatus1;Streckenstation863;SST9-630;1;UZ Freimann;A9 Richtung M.-Zentrum
6856;53104;Querschnitt3456;AQ9-635-Mch;WZG9-635-Mch_BL1;33;9131034;48.30159106;11.62957755;3456;514.486;;Betriebsstatus1;Streckenstation864;SST9-635;4;UZ Freimann;A9 Richtung M.-Zentrum
6858;55158;Querschnitt4043;BMS9-635;BMS9-635_Netz;3;9131034;48.30179975;11.6293086;4043;514.45;;Betriebsstatus1;Streckenstation864;SST9-635;6;UZ Freimann;A9 Richtung M.-Zentrum
6861;62797;Querschnitt3868;NMG9-635-Mch;WUD_SW_9-635-Mch;73;9131034;48.3018847;11.62927066;3868;514.486;;Betriebsstatus1;Streckenstation864;SST9-635;3;UZ Freimann;A9 Richtung M.-Zentrum
6862;62078;Querschnitt4044;BMS9-640;BMS9-640_Tuer;1;9131050;48.29873273;11.63113126;4044;514.77;;Betriebsstatus1;Streckenstation865;SST9-640;6;UZ Freimann;A9 Richtung M.-Zentrum
6865;51875;Querschnitt3233;MQ9-640-Mch_A;DET9-640-Mch_A1;97;9131050;48.29865171;11.63045083;3233;514.8;;Betriebsstatus1;Streckenstation865;SST9-640;1;UZ Freimann;A9 Richtung M.-Zentrum
6867;61645;Querschnitt3234;MQ9-640-Mch_E;DET9-640-Mch_E1;161;9131050;48.29852127;11.63053573;3234;514.8;;Betriebsstatus1;Streckenstation865;SST9-640;1;UZ Freimann;A9 Richtung M.-Zentrum
6868;52812;Querschnitt3457;AQ9-650-Mch;WZG9-650-Mch_C1;105;9131070;48.29542352;11.63314201;3457;515.22;;Betriebsstatus1;Streckenstation866;SST9-650;4;UZ Freimann;A9 Richtung M.-Zentrum
6880;57865;Querschnitt4045;BMS9-650;BMS9-650_Netz;3;9131070;48.29566979;11.63294124;4045;515.19;;Betriebsstatus1;Streckenstation866;SST9-650;6;UZ Freimann;A9 Richtung M.-Zentrum
6883;60532;Querschnitt3695;GMA_HK_9-650-Mch;WUD_HK_9-650-Mch;33;9131070;48.2954487;11.63323199;3695;515.22;;Betriebsstatus1;Streckenstation866;SST9-650;3;UZ Freimann;A9 Richtung M.-Zentrum
6884;59574;Querschnitt3236;MQ9-650-Mch_H;DET9-650-Mch_H1;33;9131070;48.29543195;11.63318237;3236;515.22;;Betriebsstatus1;Streckenstation866;SST9-650;1;UZ Freimann;A9 Richtung M.-Zentrum
6888;54950;Querschnitt3869;NMG9-650-Mch;WUD_SW_9-650-Mch;73;9131070;48.2957174;11.63290981;3869;515.22;;Betriebsstatus1;Streckenstation866;SST9-650;3;UZ Freimann;A9 Richtung M.-Zentrum
6889;57835;Querschnitt3459;AQ9-670-Mch;WZG9-670-Mch_A1;33;9131124;48.28608348;11.63805556;3459;516.32;;Betriebsstatus1;Streckenstation867;SST9-670;4;UZ Freimann;A9 Richtung M.-Zentrum
6899;56012;Querschnitt4046;BMS9-670;BMS9-670_Tuer;1;9131124;48.28634431;11.63786097;4046;516.29;;Betriebsstatus1;Streckenstation867;SST9-670;6;UZ Freimann;A9 Richtung M.-Zentrum
6902;60460;Querschnitt3696;GMA_HK_9-670-Mch;WUD_HK_9-670-Mch;33;9131124;48.28611265;11.63809266;3696;516.32;;Betriebsstatus1;Streckenstation867;SST9-670;3;UZ Freimann;A9 Richtung M.-Zentrum
6903;55004;Querschnitt3813;GMA9-670-Mch;WUD_WFD_9-670-Mch;82;9131124;48.28621807;11.63796756;3813;516.32;;Betriebsstatus1;Streckenstation867;SST9-670;3;UZ Freimann;A9 Richtung M.-Zentrum
6914;54970;Querschnitt3814;GMA9-670-Nbg;WUD_TT3_9-670-Nbg;99;9131124;48.28628574;11.63837124;3814;516.32;;Betriebsstatus1;Streckenstation867;SST9-670;3;UZ Freimann;A9 Richtung Nürnberg
6920;59606;Querschnitt3237;MQ9-670-Mch_H;DET9-670-Mch_H2;34;9131124;48.2860941;11.6381332;3237;516.32;77359061;Betriebsstatus1;Streckenstation867;SST9-670;1;UZ Freimann;A9 Richtung M.-Zentrum
6924;60552;Querschnitt3870;NMG9-670-Mch;WUD_SW_9-670-Mch;73;9131124;48.28629262;11.63792039;3870;516.32;;Betriebsstatus1;Streckenstation867;SST9-670;3;UZ Freimann;A9 Richtung M.-Zentrum
6925;55055;Querschnitt3461;AQ9-690-Mch;WZG9-690-Mch_C2;106;9131182;48.27562058;11.642254;3461;517.53;;Betriebsstatus1;Streckenstation869;SST9-690;4;UZ Freimann;A9 Richtung M.-Zentrum
6935;60366;Querschnitt4048;BMS9-690;BMS9-690_Temp;2;9131182;48.27600589;11.6420586;4048;517.5;;Betriebsstatus1;Streckenstation869;SST9-690;6;UZ Freimann;A9 Richtung M.-Zentrum
6938;61964;Querschnitt3697;GMA_HK_9-690-Mch;WUD_HK_9-690-Mch;33;9131182;48.27562072;11.64230062;3697;517.53;;Betriebsstatus1;Streckenstation869;SST9-690;3;UZ Freimann;A9 Richtung M.-Zentrum
6939;55787;Querschnitt3238;MQ9-690-Mch_H;DET9-690-Mch_H4;36;9131182;48.27563959;11.64236576;3238;517.493;;Betriebsstatus1;Streckenstation869;SST9-690;1;UZ Freimann;A9 Richtung M.-Zentrum
6943;59804;Querschnitt3462;AQ9-695-Mch;WZG9-695-Mch_B1;163;9131186;48.27498786;11.6422926;3462;517.6;;Betriebsstatus1;Streckenstation870;SST9-695;4;UZ Freimann;A9 Richtung M.-Zentrum
6946;61500;Querschnitt4049;BMS9-695;BMS9-695_Netz;3;9131186;48.2751052;11.64199339;4049;517.57;;Betriebsstatus1;Streckenstation870;SST9-695;6;UZ Freimann;A9 Richtung M.-Zentrum
6949;60529;Querschnitt3698;GMA_HK_9-695-Mch;WUD_HK_9-695-Mch;33;9131186;48.27494854;11.64232395;3698;517.6;;Betriebsstatus1;Streckenstation870;SST9-695;3;UZ Freimann;A9 Richtung M.-Zentrum
6950;57178;Querschnitt3871;NMG9-695-Mch;WUD_SW_9-695-Mch;73;9131186;48.27505572;11.64209631;3871;517.6;;Betriebsstatus1;Streckenstation870;SST9-695;3;UZ Freimann;A9 Richtung M.-Zentrum
6951;59745;Querschnitt3463;AQ9-700-Mch;WZG9-700-Mch_W4;37;9131200;48.2724949;11.64329522;3463;517.884;;Betriebsstatus1;Streckenstation871;SST9-700;4;UZ Freimann;A9 Richtung M.-Zentrum
6969;59585;Querschnitt4050;BMS9-700;BMS9-700_Temp;2;9131200;48.2727352;11.64317234;4050;517.87;;Betriebsstatus1;Streckenstation871;SST9-700;6;UZ Freimann;A9 Richtung M.-Zentrum
6972;55392;Querschnitt3464;AQ9-710-Mch;WZG9-710-Mch_W3;36;9131220;48.26846365;11.64471554;3464;518.33;;Betriebsstatus1;Streckenstation872;SST9-710;4;UZ Freimann;A9 Richtung M.-Zentrum
6989;61151;Querschnitt4051;BMS9-710;BMS9-710_Temp;2;9131220;48.26871204;11.64452114;4051;518.27;;Betriebsstatus1;Streckenstation872;SST9-710;6;UZ Freimann;A9 Richtung M.-Zentrum
6992;60773;Querschnitt3466;AQ9-723-Mch;WZG9-723-Mch_A1;161;9131239;48.2654111;11.64525563;3466;518.68;;Betriebsstatus1;Streckenstation873;SST9-720;4;UZ Freimann;A9 Richtung M.-Zentrum
6995;59514;Querschnitt4052;BMS9-720;BMS9-720_Netz;3;9131239;48.26576472;11.64554531;4052;518.66;;Betriebsstatus1;Streckenstation873;SST9-720;6;UZ Freimann;A9 Richtung M.-Zentrum
6998;58435;Querschnitt3700;GMA_HK_9-720-Mch;WUD_HK_9-720_Mch;33;9131239;48.2654111;11.64525563;3700;518.68;;Betriebsstatus1;Streckenstation873;SST9-720;3;UZ Freimann;A9 Richtung M.-Zentrum
6999;63020;Querschnitt3239;MQ9-720-Mch_A;DET9-720-Mch_A1;97;9131239;48.26536148;11.64463755;3239;518.66;;Betriebsstatus1;Streckenstation873;SST9-720;1;UZ Freimann;A9 Richtung M.-Zentrum
7000;59434;Querschnitt3240;MQ9-720-Mch_E;DET9-720-Mch_E1;161;9131239;48.26525799;11.64472218;3240;518.66;;Betriebsstatus1;Streckenstation873;SST9-720;1;UZ Freimann;A9 Richtung M.-Zentrum
7001;58234;Querschnitt3872;NMG9-720-Mch;WUD_SW_9-720-Mch;73;9131239;48.26574213;11.64562004;3872;518.68;;Betriebsstatus1;Streckenstation873;SST9-720;3;UZ Freimann;A9 Richtung M.-Zentrum
7002;55240;Querschnitt3467;AQ9-730-Mch;WZG9-730-Mch_A1;33;9131271;48.25953555;11.64710218;3467;519.35;;Betriebsstatus1;Streckenstation874;SST9-730;4;UZ Freimann;A9 Richtung M.-Zentrum
7014;61077;Querschnitt4053;BMS9-730;BMS9-730_Netz;3;9131271;48.25983217;11.64683645;4053;519.32;;Betriebsstatus1;Streckenstation874;SST9-730;6;UZ Freimann;A9 Richtung M.-Zentrum
7017;61804;Querschnitt3701;GMA_HK_9-730-Mch;WUD_HK_9-730-Mch;33;9131271;48.25954229;11.64697028;3701;519.35;;Betriebsstatus1;Streckenstation874;SST9-730;3;UZ Freimann;A9 Richtung M.-Zentrum
7018;61402;Querschnitt3242;MQ9-730-Mch_H;DET9-730-Mch_H3;35;9131271;48.25959504;11.64710177;3242;519.35;77359062;Betriebsstatus1;Streckenstation874;SST9-730;1;UZ Freimann;A9 Richtung M.-Zentrum
7022;59655;Querschnitt3469;AQ9-740-Mch;WZG9-740-Mch_W21;56;9131292;48.25583807;11.64638288;3469;519.78;;Betriebsstatus1;Streckenstation875;SST9-740;4;UZ Freimann;A9 Richtung M.-Zentrum
7046;61761;Querschnitt4054;BMS9-740;BMS9-740_Netz;3;9131292;48.25616845;11.64626658;4054;519.75;;Betriebsstatus1;Streckenstation875;SST9-740;6;UZ Freimann;A9 Richtung M.-Zentrum
7049;62941;Querschnitt3702;GMA_HK_9-740-Mch;WUD_HK_9-740-Mch;33;9131292;48.25582972;11.646297;3702;519.78;;Betriebsstatus1;Streckenstation875;SST9-740;3;UZ Freimann;A9 Richtung M.-Zentrum
7050;52447;Querschnitt3873;NMG9-740-Mch;WUD_SW_9-740-Mch;73;9131292;48.25602086;11.64624622;3873;519.78;;Betriebsstatus1;Streckenstation875;SST9-740;3;UZ Freimann;A9 Richtung M.-Zentrum
7051;60550;Querschnitt3470;AQ9-750-Mch;Geraet13632;38;9131318;48.25134872;11.6442832;3470;520.3;;Betriebsstatus1;Streckenstation876;SST9-750;4;UZ Freimann;A9 Richtung M.-Zentrum
7063;60477;Querschnitt4055;BMS9-750;BMS9-750_Temp;2;9131318;48.25176039;11.64429104;4055;520.285;;Betriebsstatus1;Streckenstation876;SST9-750;6;UZ Freimann;A9 Richtung M.-Zentrum
7066;58375;Querschnitt3703;GMA_HK_9-750-Mch;WUD_HK_9-750-Mch;33;9131318;48.25134224;11.64415967;3703;520.3;;Betriebsstatus1;Streckenstation876;SST9-750;3;UZ Freimann;A9 Richtung M.-Zentrum
7067;59386;Querschnitt3802;GMA9-750_Mch;WUD_GT_9-240_Nbg;75;9131318;48.24403149;11.64031912;3802;519.625;;Betriebsstatus1;Streckenstation876;SST9-750;3;UZ Freimann;A9 Richtung M.-Zentrum
7078;60175;Querschnitt3801;GMA9-750_Nbg;WUD_FBZ_9-240_Mch;100;9131318;48.25131845;11.64449718;3801;520.29;;Betriebsstatus1;Streckenstation876;SST9-750;3;UZ Freimann;A9 Richtung Nürnberg
7084;60678;Querschnitt3243;MQ9-750-Mch_H;DET9-750-Mch_H4;36;9131318;48.25138206;11.64429366;3243;520.3;;Betriebsstatus1;Streckenstation876;SST9-750;1;UZ Freimann;A9 Richtung M.-Zentrum
7088;59355;Querschnitt3472;AQ9-760-Mch;WZG9-760-Mch_W15;50;9131330;48.24916102;11.64319392;3472;520.565;;Betriebsstatus1;Streckenstation877;SST9-760;4;UZ Freimann;A9 Richtung M.-Zentrum
7112;55561;Querschnitt4056;BMS9-760;BMS9-760_Temp;2;9131330;48.24953464;11.6432127;4056;520.535;;Betriebsstatus1;Streckenstation877;SST9-760;6;UZ Freimann;A9 Richtung M.-Zentrum
7115;63197;Querschnitt3704;GMA_HK_9-760-Mch;WUD_HK_9-760-Mch;33;9131330;48.24931505;11.64320202;3704;520.565;;Betriebsstatus1;Streckenstation877;SST9-760;3;UZ Freimann;A9 Richtung M.-Zentrum
7116;55222;Querschnitt4057;BMS9-770;BMS9-770_Netz;3;9131343;48.24697497;11.64187671;4057;520.8;;Betriebsstatus1;Streckenstation878;SST9-770;6;UZ Freimann;A9 Richtung M.-Zentrum
7119;51691;Querschnitt3244;MQ9-770-Mch_A;DET9-770-Mch_A1;97;9131343;48.24720003;11.64189999;3244;520.85;;Betriebsstatus1;Streckenstation878;SST9-770;1;UZ Freimann;A9 Richtung M.-Zentrum
7120;57801;Querschnitt3245;MQ9-770-Mch_E;DET9-770-Mch_E1;161;9131343;48.24650001;11.64170007;3245;520.85;;Betriebsstatus1;Streckenstation878;SST9-770;1;UZ Freimann;A9 Richtung M.-Zentrum
7121;57988;Querschnitt3473;AQ9-780-Mch;WZG9-780-Mch_C3;107;9131361;48.24374881;11.64047071;3473;521.2;;Betriebsstatus1;Streckenstation879;SST9-780;4;UZ Freimann;A9 Richtung M.-Zentrum
7131;60471;Querschnitt4058;BMS9-780;BMS9-780_Tuer;1;9131361;48.24389575;11.64028444;4058;521.17;;Betriebsstatus1;Streckenstation879;SST9-780;6;UZ Freimann;A9 Richtung M.-Zentrum
7134;55156;Querschnitt3705;GMA_HK_9-780-Mch;WUD_HK_9-780-Mch;33;9131361;48.24379589;11.64030652;3705;521.2;;Betriebsstatus1;Streckenstation879;SST9-780;3;UZ Freimann;A9 Richtung M.-Zentrum
7135;62106;Querschnitt3247;MQ9-780-Mch_H;DET9-780-Mch_H4;36;9131361;48.24378695;11.64049538;3247;521.2;77359115;Betriebsstatus1;Streckenstation879;SST9-780;1;UZ Freimann;A9 Richtung M.-Zentrum
7139;54666;Querschnitt3874;NMG9-780-Mch;WUD_SW_9-780-Mch;73;9131361;48.2439577;11.64031251;3874;521.25;;Betriebsstatus1;Streckenstation879;SST9-780;3;UZ Freimann;A9 Richtung M.-Zentrum
7140;62875;Querschnitt5138;AQ9-781a-Mch;WZG9-781a-Mch_WTA1;2;916399;48.24154438;11.63937474;5138;521.435;;Betriebsstatus1;Streckenstation1384;SST9-781a;4;UZ Freimann;A9 Richtung M.-Zentrum
7144;61264;Querschnitt5137;BMS9-781a;BMS9-781a_Tuer;1;916399;48.24185074;11.63918379;5137;521.405;;Betriebsstatus1;Streckenstation1384;SST9-781a;6;UZ Freimann;A9 Richtung M.-Zentrum
7147;52151;Querschnitt5148;GMA_HK_9-781a-Mch;WUD_HK_9-781a-Mch;1;916399;48.24161035;11.63916411;5148;521.405;;Betriebsstatus1;Streckenstation1384;SST9-781a;3;UZ Freimann;A9 Richtung M.-Zentrum
7148;50663;Querschnitt5140;AQ9-781b-Mch;WZG9-781b-Mch_BL1;4;916376;48.23779319;11.63748477;5140;521.9;;Betriebsstatus1;Streckenstation1385;SST9-781b;4;UZ Freimann;A9 Richtung M.-Zentrum
7152;52949;Querschnitt5139;BMS9-781b;BMS9-781b_Netz;2;916376;48.23803051;11.63728363;5139;521.87;;Betriebsstatus1;Streckenstation1385;SST9-781b;6;UZ Freimann;A9 Richtung M.-Zentrum
7155;54199;Querschnitt5149;GMA_HK_9-781b-Mch;WUD_HK_9-781b-Mch;1;916376;48.23781403;11.6372994;5149;521.87;;Betriebsstatus1;Streckenstation1385;SST9-781b;3;UZ Freimann;A9 Richtung M.-Zentrum
7156;55081;Querschnitt5142;AQ9-781c-Mch;WZG9-781c-Mch_W1;1;916352;48.23341998;11.63529673;5142;522.4;;Betriebsstatus1;Streckenstation1387;SST9-781c;4;UZ Freimann;A9 Richtung M.-Zentrum
7160;53280;Querschnitt5141;BMS9-781c;BMS9-781c_Netz;2;916352;48.23373824;11.63511283;5141;522.37;;Betriebsstatus1;Streckenstation1387;SST9-781c;6;UZ Freimann;A9 Richtung M.-Zentrum
7163;56436;Querschnitt5150;GMA_HK_9-781c-Mch;WUD_HK_9-781c-Mch;1;916352;48.23346691;11.63508627;5150;522.37;;Betriebsstatus1;Streckenstation1387;SST9-781c;3;UZ Freimann;A9 Richtung M.-Zentrum
7164;59441;Querschnitt5144;AQ9-781d-Mch;WZG9-781d-Mch_W1;1;916340;48.23114172;11.63419461;5144;522.64;;Betriebsstatus1;Streckenstation1386;SST9-781d;4;UZ Freimann;A9 Richtung M.-Zentrum
7167;55310;Querschnitt5143;BMS9-781d;BMS9-781d_Netz;2;916340;48.23148133;11.63398919;5143;522.61;;Betriebsstatus1;Streckenstation1386;SST9-781d;6;UZ Freimann;A9 Richtung M.-Zentrum
7170;58035;Querschnitt5151;GMA_HK_9-781d-Mch;WUD_HK_9-781d-Mch;1;916340;48.23119331;11.63395563;5151;522.61;;Betriebsstatus1;Streckenstation1386;SST9-781d;3;UZ Freimann;A9 Richtung M.-Zentrum
7171;51654;Querschnitt3475;AQ9-782-Mch;WZG9-782-Mch_B1;97;9131439;48.22959502;11.63342925;3475;522.8;;Betriebsstatus1;Streckenstation881;SST9-782;4;UZ Freimann;A9 Richtung M.-Zentrum
7178;57916;Querschnitt4060;BMS9-782;BMS9-782_Netz;3;9131439;48.2298827;11.63335596;4060;522.77;;Betriebsstatus1;Streckenstation881;SST9-782;6;UZ Freimann;A9 Richtung M.-Zentrum
7181;53281;Querschnitt3706;GMA_HK_9-782-Mch;WUD_HK_9-782-Mch;33;9131439;48.22962067;11.63326524;3706;522.8;;Betriebsstatus1;Streckenstation881;SST9-782;3;UZ Freimann;A9 Richtung M.-Zentrum
7182;55185;Querschnitt3248;MQ9-782-Mch_H;DET9-782-Mch_H2;34;9131439;48.22964269;11.63345739;3248;522.8;;Betriebsstatus1;Streckenstation881;SST9-782;1;UZ Freimann;A9 Richtung M.-Zentrum
7185;57221;Querschnitt3476;AQ9-783-Mch;WZG9-783-Mch_A1;162;9131486;48.22257775;11.62963712;3476;523.66;;Betriebsstatus1;Streckenstation884;SST9-783;4;UZ Freimann;A9 Richtung M.-Zentrum
7188;56060;Querschnitt4061;BMS9-783;BMS9-783_Temp;2;9131486;48.22267548;11.62968983;4061;523.66;;Betriebsstatus1;Streckenstation884;SST9-783;6;UZ Freimann;A9 Richtung M.-Zentrum
7191;56571;Querschnitt3707;GMA_HK_9-783-Mch;WUD_HK_9-783-Mch;33;9131486;48.22254447;11.62964804;3707;523.66;;Betriebsstatus1;Streckenstation884;SST9-783;3;UZ Freimann;A9 Richtung M.-Zentrum
7192;53347;Querschnitt5319;MQ9-783-Mch_E;DET9-783-Mch_E1;161;9131486;48.22243889;11.6296;5319;523.66;;Betriebsstatus1;Streckenstation884;SST9-783;1;UZ Freimann;A9 Richtung M.-Zentrum
7193;55134;Querschnitt4062;BMS9-785;BMS9-785_Temp;2;9131479;48.2220173;11.62924235;4062;523.6;;Betriebsstatus1;Streckenstation883;SST9-785;6;UZ Freimann;A9 Richtung M.-Zentrum
7196;50594;Querschnitt3793;GMA1-750-Mch;WUD_TT3_1-750-Mch;79;9131479;48.22294702;11.6297769;3793;523.6;;Betriebsstatus1;Streckenstation883;SST9-785;3;UZ Freimann;A9 Richtung M.-Zentrum
7203;60034;Querschnitt3815;GMA9-785-Mch;WUD_RLF_9-785-Mch;69;9131479;48.22349982;11.63031293;3815;523.6;;Betriebsstatus1;Streckenstation883;SST9-785;3;UZ Freimann;A9 Richtung M.-Zentrum
7207;53509;Querschnitt3477;AQ9-786-Mch;WZG9-786-Mch_C1;105;9131500;48.21928888;11.62788001;3477;524.06;;Betriebsstatus1;Streckenstation885;SST9-786;4;UZ Freimann;A9 Richtung M.-Zentrum
7211;60301;Querschnitt3478;AQ9-788-Mch;WZG9-788-Mch_B2;99;9131500;48.21913592;11.62817891;3478;524.06;;Betriebsstatus1;Streckenstation885;SST9-786;4;UZ Freimann;A9 Richtung M.-Zentrum
7218;60396;Querschnitt4063;BMS9-786;BMS9-786_Temp;2;9131500;48.21944277;11.62814822;4063;524.03;;Betriebsstatus1;Streckenstation885;SST9-786;6;UZ Freimann;A9 Richtung M.-Zentrum
7221;54643;Querschnitt3708;GMA_HK_9-786-Mch;WUD_HK_9-786-Mch;33;9131500;48.219309;11.62798896;3708;524.06;;Betriebsstatus1;Streckenstation885;SST9-786;3;UZ Freimann;A9 Richtung M.-Zentrum
7222;63038;Querschnitt3709;GMA_HK_9-788-Mch;WUD_HK_9-788-Mch;34;9131500;48.21919263;11.62805745;3709;524.06;;Betriebsstatus1;Streckenstation885;SST9-786;3;UZ Freimann;A9 Richtung M.-Zentrum
7223;61693;Querschnitt3249;MQ9-786-Mch_H;DET9-786-Mch_H1;177;9131500;48.21932051;11.62786782;3249;524.06;;Betriebsstatus1;Streckenstation885;SST9-786;1;UZ Freimann;A9 Richtung M.-Zentrum
7225;53560;Querschnitt5489;MQ9-786-Nbg_H;DET9-786-Nbg_E1;129;9131500;48.21940004;11.62910001;5489;524.0;;Betriebsstatus1;Streckenstation885;SST9-786;1;UZ Freimann;A9 Richtung Nürnberg
7226;60627;Querschnitt3250;MQ9-788-Mch_H;DET9-788-Mch_H1;33;9131500;48.21917889;11.62821001;3250;524.025;;Betriebsstatus1;Streckenstation885;SST9-786;1;UZ Freimann;A9 Richtung M.-Zentrum
7229;60650;Querschnitt3479;AQ9-789-Mch;WZG9-789-Mch_WTA3;35;9131536;48.21316573;11.62521016;3479;524.77;;Betriebsstatus1;Streckenstation886;SST9-789;4;UZ Freimann;A9 Richtung M.-Zentrum
7240;56046;Querschnitt4064;BMS9-789;BMS9-789_Netz;3;9131536;48.21347465;11.62508331;4064;524.74;;Betriebsstatus1;Streckenstation886;SST9-789;6;UZ Freimann;A9 Richtung M.-Zentrum
7243;60965;Querschnitt3710;GMA_HK_9-789-Mch;WUD_HK_9-789-Mch;33;9131536;48.21321027;11.62500334;3710;524.77;;Betriebsstatus1;Streckenstation886;SST9-789;3;UZ Freimann;A9 Richtung M.-Zentrum
7244;51084;Querschnitt3480;AQ9-790-Mch;WZG9-790-Mch_B2;98;9131545;48.21131381;11.62426599;3480;524.98;;Betriebsstatus1;Streckenstation887;SST9-790;4;UZ Freimann;A9 Richtung M.-Zentrum
7257;61370;Querschnitt4065;BMS9-790;BMS9-790_Tuer;1;9131545;48.21169437;11.62421693;4065;524.95;;Betriebsstatus1;Streckenstation887;SST9-790;6;UZ Freimann;A9 Richtung M.-Zentrum
7260;56133;Querschnitt3711;GMA_HK_9-790-Mch;WUD_HK_9-790-Mch;33;9131545;48.21136542;11.62404133;3711;524.98;;Betriebsstatus1;Streckenstation887;SST9-790;3;UZ Freimann;A9 Richtung M.-Zentrum
7261;51101;Querschnitt3816;GMA9-790-Mch;WUD_TT1_9-790-Mch;77;9131545;48.21145116;11.62406562;3816;524.97;;Betriebsstatus1;Streckenstation887;SST9-790;3;UZ Freimann;A9 Richtung M.-Zentrum
7272;61246;Querschnitt3817;GMA9-790-Nbg;WUD_GT_9-790-Nbg;103;9131545;48.21124995;11.62442681;3817;524.97;;Betriebsstatus1;Streckenstation887;SST9-790;3;UZ Freimann;A9 Richtung Nürnberg
7278;53051;Querschnitt3251;MQ9-790-Mch_H;DET9-790-Mch_H1;33;9131545;48.21141889;11.62432;3251;524.98;77359066;Betriebsstatus1;Streckenstation887;SST9-790;1;UZ Freimann;A9 Richtung M.-Zentrum
7283;62641;Querschnitt3875;NMG9-790-Mch;WUD_SW_9-790-Mch;73;9131545;48.21152747;11.62411492;3875;524.97;;Betriebsstatus1;Streckenstation887;SST9-790;3;UZ Freimann;A9 Richtung M.-Zentrum
7284;52876;Querschnitt3481;AQ9-793-Mch;WZG9-793-Mch_WTA3;35;9131466;48.20825587;11.62271132;3481;525.36;;Betriebsstatus1;Streckenstation882;SST9-793;4;UZ Freimann;A9 Richtung M.-Zentrum
7296;60048;Querschnitt4066;BMS9-793;BMS9-793_Netz;3;9131466;48.20844329;11.62254262;4066;525.33;;Betriebsstatus1;Streckenstation882;SST9-793;6;UZ Freimann;A9 Richtung M.-Zentrum
7299;61228;Querschnitt3712;GMA_HK_9-793-Mch;WUD_HK_9-793-Mch;33;9131466;48.20828378;11.62251533;3712;525.36;;Betriebsstatus1;Streckenstation882;SST9-793;3;UZ Freimann;A9 Richtung M.-Zentrum
7300;61229;Querschnitt5146;AQ9-794-Mch;WZG9-794-Mch_UFL1;2;916196;48.20682286;11.61964621;5146;525.58;;Betriebsstatus1;Streckenstation1388;SST9-794;4;UZ Freimann;A9 Richtung M.-Zentrum
7303;57890;Querschnitt5145;BMS9-794;BMS9-794_Netz;3;916196;48.20681873;11.61983491;5145;525.58;;Betriebsstatus1;Streckenstation1388;SST9-794;6;UZ Freimann;A9 Richtung M.-Zentrum
7306;52398;Querschnitt5147;GMA_HK_9-794-Mch;WUD_HK_9-794-Mch;1;916196;48.20687084;11.61976332;5147;525.58;;Betriebsstatus1;Streckenstation1388;SST9-794;3;UZ Freimann;A9 Richtung M.-Zentrum
7307;52980;Querschnitt4067;BMS9-795;BMS9-795_Temp;2;9131577;48.20609817;11.62140649;4067;525.6;;Betriebsstatus1;Streckenstation888;SST9-795;6;UZ Freimann;A9 Richtung M.-Zentrum
7310;60985;Querschnitt3252;MQ9-795-Mch_A;DET9-795-Mch_A2;98;9131577;48.20658889;11.62140001;3252;525.63;;Betriebsstatus1;Streckenstation888;SST9-795;1;UZ Freimann;A9 Richtung M.-Zentrum
7312;55647;Querschnitt3253;MQ9-795-Mch_E;DET9-795-Mch_E1;161;9131577;48.20540005;11.62089995;3253;525.63;;Betriebsstatus1;Streckenstation888;SST9-795;1;UZ Freimann;A9 Richtung M.-Zentrum
7313;58440;Querschnitt4476;AQ9-805-Mch;WZG9-805-Mch_WTA1;1;916170;48.20157036;11.61933977;4476;526.26;;Betriebsstatus1;Streckenstation1182;SST9-805;4;UZ Freimann;A9 Richtung M.-Zentrum
7316;60312;Querschnitt4475;BMS9-805;BMS9-805_Temp;2;916170;48.20175108;11.61930283;4475;526.23;;Betriebsstatus1;Streckenstation1182;SST9-805;6;UZ Freimann;A9 Richtung M.-Zentrum
7319;58018;Querschnitt5152;GMA_HK_9-805-Mch;WUD_HK_9-805-Mch;1;916170;48.20157467;11.61920448;5152;526.23;;Betriebsstatus1;Streckenstation1182;SST9-805;3;UZ Freimann;A9 Richtung M.-Zentrum
7320;59509;Querschnitt4069;BMS9-810;BMS9-810_Tuer;1;9131618;48.19938659;11.61808171;4069;526.44;;Betriebsstatus1;Streckenstation890;SST9-810;6;UZ Freimann;A9 Richtung M.-Zentrum
7323;52760;Querschnitt3255;MQ9-810-Mch_A;DET9-810-Mch_A1;161;9131618;48.19940001;11.61779996;3255;526.47;;Betriebsstatus1;Streckenstation890;SST9-810;1;UZ Freimann;A9 Richtung M.-Zentrum
7324;60209;Querschnitt3256;MQ9-810-Mch_H;DET9-810-Mch_H3;35;9131618;48.19840005;11.61779999;3256;526.47;77359120;Betriebsstatus1;Streckenstation890;SST9-810;1;UZ Freimann;A9 Richtung M.-Zentrum
7327;52902;Querschnitt3257;MQ9-824-Mch_E;DET9-824-Mch_E1;97;9131618;48.19750001;11.61710006;3257;526.61;;Betriebsstatus1;Streckenstation890;SST9-810;1;UZ Freimann;A9 Richtung M.-Zentrum
7328;59603;Querschnitt3484;AQ9-830-Mch;WZG9-830-Mch_CL1;99;9131645;48.1933694;11.61537184;3484;527.04;;Betriebsstatus1;Streckenstation892;SST9-830;4;UZ Freimann;A9 Richtung M.-Zentrum
7337;60519;Querschnitt4071;BMS9-830;BMS9-830_Temp;2;9131645;48.19354762;11.61529933;4071;527.01;;Betriebsstatus1;Streckenstation892;SST9-830;6;UZ Freimann;A9 Richtung M.-Zentrum
7340;58592;Querschnitt3714;GMA_HK_9-830-Mch;WUD_HK_9-830-Mch;33;9131645;48.19416113;11.61576811;3714;527.04;;Betriebsstatus1;Streckenstation892;SST9-830;3;UZ Freimann;A9 Richtung M.-Zentrum
7341;54995;Querschnitt3258;MQ9-830-Mch_H;DET9-830-Mch_H2;34;9131645;48.19341949;11.61540706;3258;527.04;;Betriebsstatus1;Streckenstation892;SST9-830;1;UZ Freimann;A9 Richtung M.-Zentrum
7344;50987;Querschnitt3876;NMG9-830-Mch;WUD_SW_9-830-Mch;73;9131645;48.19416113;11.61576811;3876;527.04;;Betriebsstatus1;Streckenstation892;SST9-830;3;UZ Freimann;A9 Richtung M.-Zentrum
7345;51104;Querschnitt3487;AQ9-850-Mch;WZG9-850-Mch_W4;39;9131667;48.19010872;11.61371299;3487;527.488;;Betriebsstatus0;Streckenstation893;SST9-850;4;UZ Freimann;A9 Richtung M.-Zentrum
7353;56304;Querschnitt4072;BMS9-850;BMS9-850_Netz;3;9131667;48.19021777;11.61359118;4072;527.46;;Betriebsstatus0;Streckenstation893;SST9-850;6;UZ Freimann;A9 Richtung M.-Zentrum
7356;54360;Querschnitt3715;GMA_HK_9-850-Mch;WUD_HK_9-850-Mch;33;9131667;48.19014867;11.61356322;3715;527.46;;Betriebsstatus0;Streckenstation893;SST9-850;3;UZ Freimann;A9 Richtung M.-Zentrum
7357;52785;Querschnitt4073;BMS9-855;BMS9-855_Temp;2;9131701;48.18558958;11.60862653;4073;528.15;;Betriebsstatus1;Streckenstation894;SST9-855;6;UZ Freimann;A9 Richtung M.-Zentrum
7360;56634;Querschnitt3259;MQ9-855-Mch_H;DET9-855-Mch_H1;33;9131701;48.18560938;11.60885412;3259;528.15;78359064;Betriebsstatus1;Streckenstation894;SST9-855;1;UZ Freimann;A9 Richtung M.-Zentrum
7362;51696;Querschnitt3260;MQ9-855-Nbg_H;DET9-855-Nbg_H1;1;9131701;48.18545254;11.60891224;3260;528.15;78359064;Betriebsstatus1;Streckenstation894;SST9-855;1;UZ Freimann;A9 Richtung Nürnberg
7364;54990;Querschnitt3488;AQ9-860-Mch;WZG9-860-Mch_W4;37;9131737;48.18225016;11.59934052;3488;528.92;;Betriebsstatus1;Streckenstation895;SST9-860;4;UZ Freimann;A9 Richtung M.-Zentrum
7374;51781;Querschnitt4074;BMS9-860;BMS9-860_Tuer;1;9131737;48.18238824;11.59936079;4074;528.89;;Betriebsstatus1;Streckenstation895;SST9-860;6;UZ Freimann;A9 Richtung M.-Zentrum
7377;59409;Querschnitt3489;AQ9-870-Mch;WZG9-870-Mch_W5;38;9131763;48.17820199;11.59506712;3489;529.475;;Betriebsstatus1;Streckenstation896;SST9-870;4;UZ Freimann;A9 Richtung M.-Zentrum
7387;56794;Querschnitt4075;BMS9-870;BMS9-870_Tuer;1;9131763;48.17857627;11.59526697;4075;529.435;;Betriebsstatus1;Streckenstation896;SST9-870;6;UZ Freimann;A9 Richtung M.-Zentrum
7390;55184;Querschnitt3261;MQ9-870-Mch_H;DET9-870-Mch_H1;33;9131763;48.17827594;11.59511991;3261;529.475;;Betriebsstatus1;Streckenstation896;SST9-870;1;UZ Freimann;A9 Richtung M.-Zentrum
7393;55491;Querschnitt3347;AQ101_Mch_H;AQ101_Mch_B2;5;916000;0.0;0.0;3347;477.9;;Betriebsstatus1;Streckenstation897;SSTDE101;4;UZ Freimann;A9 Richtung M.-Zentrum
7400;62604;Querschnitt4192;BMSDE101;BMSDE101_Tuer;1;916000;0.0;0.0;4192;477.87;;Betriebsstatus1;Streckenstation897;SSTDE101;6;UZ Freimann;A9 Richtung M.-Zentrum
7403;55014;Querschnitt4193;BMSDE101a;BMSDE101a_Tuer;1;916005;0.0;0.0;4193;477.9;;Betriebsstatus1;Streckenstation898;SSTDE101a;6;UZ Freimann;A9 Richtung M.-Zentrum
7404;59756;Querschnitt3348;AQ102_Mch_H;AQ102_Mch_C1;3;916010;0.0;0.0;3348;481.04;;Betriebsstatus1;Streckenstation899;SSTDE102;4;UZ Freimann;A9 Richtung M.-Zentrum
7411;61476;Querschnitt4194;BMSDE102;BMSDE102_Temp;2;916010;0.0;0.0;4194;481.01;;Betriebsstatus1;Streckenstation899;SSTDE102;6;UZ Freimann;A9 Richtung M.-Zentrum
7414;54731;Querschnitt5364;BMSDE102a;BMSDE102a_Tuer;1;916011;;;5364;481.04;;Betriebsstatus1;Streckenstation1457;SSTDE102a;6;UZ Freimann;A9 Richtung M.-Zentrum
7415;57087;Querschnitt3349;AQ103_Mch_H;AQ103_Mch_B1;2;916020;0.0;0.0;3349;481.95;;Betriebsstatus1;Streckenstation900;SSTDE103;4;UZ Freimann;A9 Richtung M.-Zentrum
7418;51893;Querschnitt4195;BMSDE103;BMSDE103_Temp;2;916020;0.0;0.0;4195;481.95;;Betriebsstatus1;Streckenstation900;SSTDE103;6;UZ Freimann;A9 Richtung M.-Zentrum
7421;59562;Querschnitt5470;BMSDE103a;BMSDE103a_Temp;2;916021;;;5470;481.95;;Betriebsstatus1;Streckenstation1490;SSTDE103a;6;UZ Freimann;A9 Richtung M.-Zentrum
7424;56535;Querschnitt5471;NMGDE103a-Mch;WUD_SW_DE103a-Mch;73;916021;48.58129456;11.58803151;5471;481.95;;Betriebsstatus0;Streckenstation1490;SSTDE103a;3;UZ Freimann;A9 Richtung M.-Zentrum
7425;52790;Querschnitt3350;AQ104_Mch_H;AQ104_Mch_B2;5;916030;0.0;0.0;3350;484.31;;Betriebsstatus1;Streckenstation901;SSTDE104;4;UZ Freimann;A9 Richtung M.-Zentrum
7432;55646;Querschnitt4196;BMSDE104;BMSDE104_Netz;3;916030;0.0;0.0;4196;484.29;;Betriebsstatus1;Streckenstation901;SSTDE104;6;UZ Freimann;A9 Richtung M.-Zentrum
7435;62768;Querschnitt5473;BMSDE104a;BMSDE104a_Tuer;1;916031;;;5473;484.29;;Betriebsstatus1;Streckenstation1491;SSTDE104a;6;UZ Freimann;A9 Richtung M.-Zentrum
7438;56992;Querschnitt3351;AQ105_Mch_H;AQ105_Mch_C1;3;916040;0.0;0.0;3351;487.88;;Betriebsstatus1;Streckenstation902;SSTDE105;4;UZ Freimann;A9 Richtung M.-Zentrum
7445;60810;Querschnitt4197;BMSDE105;BMSDE105_Tuer;1;916040;0.0;0.0;4197;487.85;;Betriebsstatus1;Streckenstation902;SSTDE105;6;UZ Freimann;A9 Richtung M.-Zentrum
7448;62925;Querschnitt3352;AQ106_Mch_H;AQ106_Mch_B1;2;916045;0.0;0.0;3352;490.28;;Betriebsstatus1;Streckenstation903;SSTDE106;4;UZ Freimann;A9 Richtung M.-Zentrum
7455;56671;Querschnitt4198;BMSDE106;BMSDE106_Netz;3;916045;0.0;0.0;4198;490.25;;Betriebsstatus1;Streckenstation903;SSTDE106;6;UZ Freimann;A9 Richtung M.-Zentrum
7458;60340;Querschnitt3353;AQ107_Mch_H;AQ107_Mch_C1;3;916050;0.0;0.0;3353;490.84;;Betriebsstatus1;Streckenstation904;SSTDE107;4;UZ Freimann;A9 Richtung M.-Zentrum
7461;60355;Querschnitt4199;BMSDE107;BMSDE107_Netz;3;916050;0.0;0.0;4199;490.84;;Betriebsstatus1;Streckenstation904;SSTDE107;6;UZ Freimann;A9 Richtung M.-Zentrum
7464;52925;Querschnitt3354;AQ108_Mch_H;AQ108_Mch_A1;1;916060;0.0;0.0;3354;492.4;;Betriebsstatus1;Streckenstation905;SSTDE108;4;UZ Freimann;A9 Richtung M.-Zentrum
7471;51652;Querschnitt4200;BMSDE108;BMSDE108_Netz;3;916060;0.0;0.0;4200;492.38;;Betriebsstatus1;Streckenstation905;SSTDE108;6;UZ Freimann;A9 Richtung M.-Zentrum
7474;62122;Querschnitt6093;BMS108a_Mch_H;BMSDE108a_Netz;3;918165;;;6093;492.38;;Betriebsstatus1;Streckenstation1639;SSTDE108a;6;UZ Freimann;A9 Richtung M.-Zentrum
7477;55071;Querschnitt3355;AQ109_Mch_H;AQ109_Mch_A2;4;916070;0.0;0.0;3355;495.07;;Betriebsstatus1;Streckenstation906;SSTDE109;4;UZ Freimann;A9 Richtung M.-Zentrum
7484;59593;Querschnitt4201;BMSDE109;BMSDE109_Temp;2;916070;0.0;0.0;4201;495.04;;Betriebsstatus1;Streckenstation906;SSTDE109;6;UZ Freimann;A9 Richtung M.-Zentrum
7487;62602;Querschnitt4220;BMSDF2;BMSDF2_Tuer;1;162468;0.0;0.0;4220;481.03;;Betriebsstatus1;Streckenstation823;SSTDF2;6;UZ Freimann;A9 Richtung M.-Zentrum
7490;53387;Querschnitt5931;Virtuell_A9_Mch_Frankfurter_R_FG4;Virt_WWW_Mch_ASFrank;193;950112;48.19416113;11.61576811;5931;527.04;;Betriebsstatus1;Streckenstation1263;Virtuell A9 Mch Frankfurter R;4;UZ Freimann;A9 Richtung M.-Zentrum
7491;51448;Querschnitt5932;Virtuell_A9_Mch_Freimann_FG4;Virt_PR_Mch_ASFreim;193;950110;48.20169668;11.61940646;5932;526.26;;Betriebsstatus1;Streckenstation1261;Virtuell A9 Mch Freimann;4;UZ Freimann;A9 Richtung M.-Zentrum
7492;56341;Querschnitt5933;Virtuell_A9_Mch_Fröttmaning-S_FG4;Virt_PR_Mch_ASFroetS;196;950108;48.21350997;11.62525803;5933;524.77;;Betriebsstatus1;Streckenstation1270;Virtuell A9 Mch Fröttmaning-S;4;UZ Freimann;A9 Richtung M.-Zentrum
7496;50942;Querschnitt5934;Virtuell_A9_Mch_Garching-N_FG4;Virt_WWW_Mch_ASGarN;193;950102;48.27274279;11.64336254;5934;517.884;;Betriebsstatus1;Streckenstation1256;Virtuell A9 Mch Garching-N;4;UZ Freimann;A9 Richtung M.-Zentrum
7499;56365;Querschnitt5935;Virtuell_A9_Mch_Garching-S_FG4;Virt_PR_Mch_ASGarS;194;950104;48.2560072;11.64644586;5935;519.78;;Betriebsstatus1;Streckenstation1258;Virtuell A9 Mch Garching-S;4;UZ Freimann;A9 Richtung M.-Zentrum
7501;51991;Querschnitt5936;Virtuell_A9_Mch_München-N_FG4;Virt_PR_Mch_AKMchN;194;950106;48.24189324;11.63953766;5936;521.435;;Betriebsstatus1;Streckenstation1260;Virtuell A9 Mch München-N;4;UZ Freimann;A9 Richtung M.-Zentrum
7503;50815;Querschnitt5937;Virtuell_A9_Mch_Neufahrn_FG4;Virt_WWW_Mch_AKNeuf;193;950100;48.33244504;11.61180527;5937;510.84;;Betriebsstatus1;Streckenstation1255;Virtuell A9 Mch Neufahrn;4;UZ Freimann;A9 Richtung M.-Zentrum
7504;60966;Querschnitt5938;Virtuell_A9_Mch_Petueltunnel_FG4;Virt_WWW_Petuel;193;950116;48.19416113;11.61576811;5938;527.04;;Betriebsstatus1;Streckenstation1265;Virtuell A9 Mch Petueltunnel;4;UZ Freimann;A9 Richtung M.-Zentrum
7505;52609;Querschnitt5939;Virtuell_A9_Mch_Schwabing_FG4;Virt_WWW_Mch_ASSchwab;193;950114;48.18235128;11.59944998;5939;528.92;;Betriebsstatus1;Streckenstation1264;Virtuell A9 Mch Schwabing;4;UZ Freimann;A9 Richtung M.-Zentrum
7506;51446;Querschnitt5941;Virtuell_A9_Nbg_Eching_FG4;Virt_WWW_Nbg_ASEch;193;950105;48.29134402;11.63582128;5941;515.67;;Betriebsstatus1;Streckenstation1268;Virtuell A9 Nbg Eching;4;UZ Freimann;A9 Richtung Nürnberg
7507;54208;Querschnitt5942;Virtuell_A9_Nbg_Garching-N_FG4;Virt_WWW_Nbg_ASGarN;193;950103;48.25531079;11.64666762;5942;519.81;;Betriebsstatus1;Streckenstation1267;Virtuell A9 Nbg Garching-N;4;UZ Freimann;A9 Richtung Nürnberg
7508;61562;Querschnitt5943;Virtuell_A9_Nbg_München-N_FG4;Virt_WWW_Nbg_AKMchN;193;950101;48.2052418;11.62148393;5943;525.67;;Betriebsstatus1;Streckenstation1266;Virtuell A9 Nbg München-N;4;UZ Freimann;A9 Richtung Nürnberg
7509;52957;Querschnitt5944;Virtuell_A9_Nbg_Neufahrn_FG4;Virt_DSZ_Nbg_AKNeuf;193;950107;48.2986157;11.63180704;5944;514.82;;Betriebsstatus1;Streckenstation1285;Virtuell A9 Nbg Neufahrn;4;UZ Freimann;A9 Richtung Nürnberg
7510;59775;Querschnitt5945;Virtuell_A9_SGM_Keep_Alive_FG4;SGMKeepAlive;222;950000;48.33244504;11.61180527;5945;510.84;;Betriebsstatus1;Streckenstation1289;Virtuell A9 SGM Keep Alive;4;UZ Freimann;A9 Richtung M.-Zentrum
7511;59813;Querschnitt6176;BMS_9_475250_Mch;BMS_9_475250_Mch_UeSS;37;917329;48.62389552;11.52555928;6176;475.25;;Betriebsstatus1;Streckenstation1917;SST_9_475250_Mch;6;UZ Freimann NSF;A9 Richtung M.-Zentrum
7516;58007;Querschnitt6180;GMA_9_475250_Mch;WUD_9_475250_Mch_NS;34;917329;48.62389552;11.52555928;6180;475.25;;Betriebsstatus1;Streckenstation1917;SST_9_475250_Mch;3;UZ Freimann NSF;A9 Richtung M.-Zentrum
7529;59711;Querschnitt6181;GMA_9_475250_Nbg;WUD_9_475250_Nbg_TSK;20;917329;48.62347511;11.5261058;6181;475.25;;Betriebsstatus1;Streckenstation1917;SST_9_475250_Mch;3;UZ Freimann NSF;A9 Richtung Nürnberg
7537;50561;Querschnitt6178;NMG_9_475250_Mch;WUD_9_475250_Mch_SW;33;917329;48.62389552;11.52555928;6178;475.25;;Betriebsstatus1;Streckenstation1917;SST_9_475250_Mch;3;UZ Freimann NSF;A9 Richtung M.-Zentrum
7538;55374;Querschnitt6186;AQ_9_477875_Mch;WZG_9_477875_Mch_A1;33;917455;48.60590131;11.54796579;6186;477.875;;Betriebsstatus1;Streckenstation1918;SST_9_477830_Mch;4;UZ Freimann NSF;A9 Richtung M.-Zentrum
7545;55110;Querschnitt6182;BMS_9_477830_Mch;BMS_9_477830_Mch_UeSS;37;917455;48.6061697;11.54761084;6182;477.83;;Betriebsstatus1;Streckenstation1918;SST_9_477830_Mch;6;UZ Freimann NSF;A9 Richtung M.-Zentrum
7550;51123;Querschnitt6185;GMA_9_477875_Mch;WUD_9_477875_Mch_NS;34;917455;48.60590131;11.54796579;6185;477.875;;Betriebsstatus1;Streckenstation1918;SST_9_477830_Mch;3;UZ Freimann NSF;A9 Richtung M.-Zentrum
7556;59734;Querschnitt6188;GMA_9_477890_Mch;WUD_9_477890_Mch_FBZ;49;917455;48.60577606;11.54812962;6188;477.89;;Betriebsstatus1;Streckenstation1918;SST_9_477830_Mch;3;UZ Freimann NSF;A9 Richtung M.-Zentrum
7564;59507;Querschnitt6189;GMA_9_477890_Nbg;WUD_9_477890_Nbg_TT1;23;917455;48.60551825;11.54889126;6189;477.89;;Betriebsstatus1;Streckenstation1918;SST_9_477830_Mch;3;UZ Freimann NSF;A9 Richtung Nürnberg
7572;53136;Querschnitt6184;MQ_9_477875_Mch;DET_9_477875_Mch_H3;35;917455;48.60570002;11.54830007;6184;477.875;;Betriebsstatus1;Streckenstation1918;SST_9_477830_Mch;1;UZ Freimann NSF;A9 Richtung M.-Zentrum
7575;52389;Querschnitt6187;NMG_9_477885_Mch;WUD_9_477885_Mch_SW;39;917455;48.60590131;11.54796579;6187;477.885;;Betriebsstatus1;Streckenstation1918;SST_9_477830_Mch;3;UZ Freimann NSF;A9 Richtung M.-Zentrum
7576;60698;Querschnitt6195;AQ_9_479450_Mch;WZG_9_479450_Mch_A3;35;917532;48.59537247;11.56236226;6195;479.45;;Betriebsstatus1;Streckenstation1919;SST_9_479420_Mch;4;UZ Freimann NSF;A9 Richtung M.-Zentrum
7583;50692;Querschnitt6190;BMS_9_479420_Mch;BMS_9_479420_Mch_UeSS;37;917532;48.59565894;11.56202086;6190;479.42;;Betriebsstatus1;Streckenstation1919;SST_9_479420_Mch;6;UZ Freimann NSF;A9 Richtung M.-Zentrum
7588;54935;Querschnitt6194;GMA_9_479450_Mch;WUD_9_479450_Mch_LT;38;917532;48.59537247;11.56236226;6194;479.45;;Betriebsstatus1;Streckenstation1919;SST_9_479420_Mch;3;UZ Freimann NSF;A9 Richtung M.-Zentrum
7594;52792;Querschnitt6197;GMA_9_479465_Mch;WUD_9_479465_Mch_TT3;56;917532;48.59537247;11.56236226;6197;479.465;;Betriebsstatus1;Streckenstation1919;SST_9_479420_Mch;3;UZ Freimann NSF;A9 Richtung M.-Zentrum
7602;54969;Querschnitt6198;GMA_9_479465_Nbg;WUD_9_479465_Nbg_TT3;24;917532;48.59536994;11.56272754;6198;479.465;;Betriebsstatus1;Streckenstation1919;SST_9_479420_Mch;3;UZ Freimann NSF;A9 Richtung Nürnberg
7610;60268;Querschnitt6193;MQ_9_479450_Mch;DET_9_479450_Mch_H3;35;917532;48.59520009;11.56260004;6193;479.45;;Betriebsstatus1;Streckenstation1919;SST_9_479420_Mch;1;UZ Freimann NSF;A9 Richtung M.-Zentrum
7613;61840;Querschnitt6192;NMG_9_479420_Mch;WUD_9_479420_Mch_SW;33;917532;48.59565894;11.56202086;6192;479.42;;Betriebsstatus1;Streckenstation1919;SST_9_479420_Mch;3;UZ Freimann NSF;A9 Richtung M.-Zentrum
7614;52735;Querschnitt6490;AQ_9_480000_Nbg;WZG_9_480000_Nbg_C1;73;907562;48.59148664;11.56735221;6490;480.0;;Betriebsstatus1;Streckenstation1963;SST_9_480033_Nbg;4;UZ Freimann NSF;A9 Richtung Nürnberg
7621;59892;Querschnitt6491;BMS_9_480033_Nbg;BMS_9_480033_Nbg_Tuer;3;907562;48.59133254;11.56771572;6491;480.033;;Betriebsstatus1;Streckenstation1963;SST_9_480033_Nbg;6;UZ Freimann NSF;A9 Richtung Nürnberg
7626;53662;Querschnitt6744;GMA_9_480000_Nbg_HK;WUD_9_480000_Nbg_HK;1;907562;48.5915036;11.56747635;6744;480.0;;Betriebsstatus1;Streckenstation1963;SST_9_480033_Nbg;3;UZ Freimann NSF;A9 Richtung Nürnberg
7627;61841;Querschnitt6489;MQ_9_480000_Nbg;DET_9_480000_Nbg_H3;3;907562;48.5914585;11.56738442;6489;480.0;73359056;Betriebsstatus1;Streckenstation1963;SST_9_480033_Nbg;1;UZ Freimann NSF;A9 Richtung Nürnberg
7630;52764;Querschnitt6204;AQ_9_481060_Mch;WZG_9_481060_Mch_A2;34;917610;48.58469298;11.57749725;6204;481.06;;Betriebsstatus1;Streckenstation1920;SST_9_481020_Mch;4;UZ Freimann NSF;A9 Richtung M.-Zentrum
7637;59421;Querschnitt6199;BMS_9_481020_Mch;BMS_9_481020_Mch_Tuer;35;917610;48.58488893;11.57691988;6199;481.02;;Betriebsstatus1;Streckenstation1920;SST_9_481020_Mch;6;UZ Freimann NSF;A9 Richtung M.-Zentrum
7642;60374;Querschnitt6203;GMA_9_481060_Mch;WUD_9_481060_Mch_NI;36;917610;48.58475811;11.57725504;6203;481.06;;Betriebsstatus1;Streckenstation1920;SST_9_481020_Mch;3;UZ Freimann NSF;A9 Richtung M.-Zentrum
7648;60784;Querschnitt6205;GMA_9_481075_Mch;WUD_9_481075_Mch_GT;54;917610;48.5847837;11.57715888;6205;481.075;;Betriebsstatus1;Streckenstation1920;SST_9_481020_Mch;3;UZ Freimann NSF;A9 Richtung M.-Zentrum
7656;59339;Querschnitt6206;GMA_9_481075_Nbg;WUD_9_481075_Nbg_TT3;24;917610;48.58471213;11.57817701;6206;481.075;;Betriebsstatus1;Streckenstation1920;SST_9_481020_Mch;3;UZ Freimann NSF;A9 Richtung Nürnberg
7664;50613;Querschnitt6202;MQ_9_481060_Mch;DET_9_481060_Mch_H2;34;917610;48.58474508;11.57755724;6202;481.06;73359056;Betriebsstatus1;Streckenstation1920;SST_9_481020_Mch;1;UZ Freimann NSF;A9 Richtung M.-Zentrum
7667;61396;Querschnitt6201;NMG_9_481025_Mch;WUD_9_481025_Mch_SW;33;917610;48.58485383;11.57699481;6201;481.025;;Betriebsstatus1;Streckenstation1920;SST_9_481020_Mch;3;UZ Freimann NSF;A9 Richtung M.-Zentrum
7668;60050;Querschnitt6493;AQ_9_481250_Nbg;WZG_9_481250_Nbg_WVLT1;131;907623;48.58415992;11.58003206;6493;481.25;;Betriebsstatus1;Streckenstation1964;SST_9_481280_Nbg;4;UZ Freimann NSF;A9 Richtung Nürnberg
7677;55088;Querschnitt6494;BMS_9_481280_Nbg;BMS_9_481280_Nbg_Heiz;4;907623;48.58410214;11.58035239;6494;481.28;;Betriebsstatus1;Streckenstation1964;SST_9_481280_Nbg;6;UZ Freimann NSF;A9 Richtung Nürnberg
7682;62322;Querschnitt6745;GMA_9_481250_Nbg_HK;WUD_9_481250_Nbg_HK;1;907623;48.58418833;11.58006381;6745;481.25;;Betriebsstatus1;Streckenstation1964;SST_9_481280_Nbg;3;UZ Freimann NSF;A9 Richtung Nürnberg
7683;55535;Querschnitt6492;MQ_9_481250_Nbg;DET_9_481250_Nbg_H2;2;907623;48.58412201;11.57997907;6492;481.25;;Betriebsstatus1;Streckenstation1964;SST_9_481280_Nbg;1;UZ Freimann NSF;A9 Richtung Nürnberg
7686;55208;Querschnitt6211;AQ_9_ADHoll_0420_OM;WZG_9_ADHoll_0420_OM_C1;183;917659;48.58051831;11.5888168;6211;482.03;;Betriebsstatus1;Streckenstation1921;SST_9_482030_Mch;4;UZ Freimann NSF;A9 Richtung M.-Zentrum
7689;55268;Querschnitt6210;BMS_9_482030_Mch;BMS_9_482030_Mch_Netz;33;917659;48.58052954;11.58865664;6210;482.03;;Betriebsstatus1;Streckenstation1921;SST_9_482030_Mch;6;UZ Freimann NSF;A9 Richtung M.-Zentrum
7694;55300;Querschnitt6715;GMA_9_482031_Mch_HK;WUD_9_482031_Mch_HK;33;917659;48.58057021;11.58880927;6715;482.03;;Betriebsstatus1;Streckenstation1921;SST_9_482030_Mch;3;UZ Freimann NSF;A9 Richtung M.-Zentrum
7695;62617;Querschnitt6207;MQ_9_481931_Mch;DET_9_481931_Mch_H3;35;917659;48.58115134;11.58828875;6207;481.88;;Betriebsstatus1;Streckenstation1921;SST_9_482030_Mch;1;UZ Freimann NSF;A9 Richtung M.-Zentrum
7698;54974;Querschnitt6712;MQ_9_481931_Nbg;DET_9_481931_Nbg_H2;2;917659;48.58128395;11.58841219;6712;481.931;;Betriebsstatus1;Streckenstation1921;SST_9_482030_Mch;1;UZ Freimann NSF;A9 Richtung Nürnberg
7701;51915;Querschnitt6212;MQ_9_ADHoll_0330_OM;DET_9_ADHoll_0330_OM_E1;161;917659;48.58110004;11.58740002;6212;482.031;;Betriebsstatus1;Streckenstation1921;SST_9_482030_Mch;1;UZ Freimann NSF;A9 Richtung M.-Zentrum
7702;51894;Querschnitt6208;MQ_9_ADHoll_0380_AO;DET_9_ADHoll_0380_AO_A2;98;917659;48.58110004;11.58740002;6208;481.931;;Betriebsstatus1;Streckenstation1921;SST_9_482030_Mch;1;UZ Freimann NSF;A9 Richtung M.-Zentrum
7704;56697;Querschnitt6502;AQ_9_482565_Nbg;WZG_9_482565_Nbg_WVLT1;131;907685;48.57670186;11.59284573;6502;482.565;;Betriebsstatus1;Streckenstation1965;SST_9_482565_Nbg;4;UZ Freimann NSF;A9 Richtung Nürnberg
7706;60035;Querschnitt6500;BMS_9_482565_Nbg;BMS_9_482565_Nbg_Tuer;3;907685;48.57675582;11.5927528;6500;482.565;;Betriebsstatus1;Streckenstation1965;SST_9_482565_Nbg;6;UZ Freimann NSF;A9 Richtung Nürnberg
7711;51533;Querschnitt6746;GMA_9_482565_Nbg_HK;WUD_9_482565_Nbg_HK;1;907685;48.57670162;11.59277815;6746;482.565;;Betriebsstatus1;Streckenstation1965;SST_9_482565_Nbg;3;UZ Freimann NSF;A9 Richtung Nürnberg
7712;55980;Querschnitt6504;MQ_9_ADHoll_0535_NS;DET_9_ADHoll_0535_NS_A1;65;907685;48.57965363;11.59391766;6504;482.58;;Betriebsstatus1;Streckenstation1965;SST_9_482565_Nbg;1;UZ Freimann NSF;A9 Richtung Nürnberg
7714;58149;Querschnitt6498;MQ_9_ADHoll_0830_TZ;DET_9_ADHoll_0830_TZ_E1;129;907685;48.58175889;11.58844;6498;481.925;;Betriebsstatus1;Streckenstation1965;SST_9_482565_Nbg;1;UZ Freimann NSF;A9 Richtung Nürnberg
7715;53767;Querschnitt6506;BMS_9_483005_Nbg;BMS_9_483005_Nbg_UeSS;5;907707;48.57269891;11.59287071;6506;483.005;;Betriebsstatus1;Streckenstation1966;SST_9_483005_Nbg;6;UZ Freimann NSF;A9 Richtung Nürnberg
7720;60555;Querschnitt6765;WWQ_9_482975_Nbg;WZG_9_482975_Nbg_W1;225;907707;48.57297689;11.59271909;6765;482.975;;Betriebsstatus1;Streckenstation1966;SST_9_483005_Nbg;4;UZ Freimann NSF;A9 Richtung Nürnberg
7723;60867;Querschnitt6215;AQ_9_483145_Mch;WZG_9_483145_Mch_A2;34;917712;48.57173665;11.59241249;6215;483.145;;Betriebsstatus1;Streckenstation1922;SST_9_483115_Mch;4;UZ Freimann NSF;A9 Richtung M.-Zentrum
7730;53154;Querschnitt6213;BMS_9_483115_Mch;BMS_9_483115_Mch_Tuer;35;917712;48.57199102;11.59226108;6213;483.115;;Betriebsstatus1;Streckenstation1922;SST_9_483115_Mch;6;UZ Freimann NSF;A9 Richtung M.-Zentrum
7735;60080;Querschnitt6716;GMA_9_483145_Mch_HK;WUD_9_483145_Mch_HK;33;917712;48.57173129;11.59223116;6716;483.145;;Betriebsstatus1;Streckenstation1922;SST_9_483115_Mch;3;UZ Freimann NSF;A9 Richtung M.-Zentrum
7736;59551;Querschnitt6214;MQ_9_483145_Mch;DET_9_483145_Mch_H1;33;917712;48.5717886;11.59241919;6214;483.145;;Betriebsstatus1;Streckenstation1922;SST_9_483115_Mch;1;UZ Freimann NSF;A9 Richtung M.-Zentrum
7739;55017;Querschnitt6510;AQ_9_483200_Nbg;WZG_9_483200_Nbg_B3;67;907718;48.57095671;11.59278509;6510;483.2;;Betriebsstatus1;Streckenstation1967;SST_9_483230_Nbg;4;UZ Freimann NSF;A9 Richtung Nürnberg
7750;59674;Querschnitt6512;BMS_9_483230_Nbg;BMS_9_483230_Nbg_Heiz;4;907718;48.57073978;11.59284373;6512;483.23;;Betriebsstatus1;Streckenstation1967;SST_9_483230_Nbg;6;UZ Freimann NSF;A9 Richtung Nürnberg
7755;60836;Querschnitt6509;GMA_9_483200_Nbg;WUD_9_483200_Nbg_RLF;4;907718;48.57096171;11.59286329;6509;483.2;;Betriebsstatus1;Streckenstation1967;SST_9_483230_Nbg;3;UZ Freimann NSF;A9 Richtung Nürnberg
7761;59391;Querschnitt6766;GMA_9_483215_Mch;WUD_9_483215_Mch_RS;51;907718;48.57084829;11.59282863;6766;483.215;;Betriebsstatus1;Streckenstation1967;SST_9_483230_Nbg;3;UZ Freimann NSF;A9 Richtung Nürnberg
7767;57962;Querschnitt6511;GMA_9_483215_Nbg;WUD_9_483215_Nbg_RS;19;907718;48.57064057;11.59282318;6511;483.215;;Betriebsstatus1;Streckenstation1967;SST_9_483230_Nbg;3;UZ Freimann NSF;A9 Richtung Nürnberg
7773;52948;Querschnitt6508;MQ_9_483200_Nbg;DET_9_483200_Nbg_H3;3;907718;48.57096327;11.59263566;6508;483.2;;Betriebsstatus1;Streckenstation1967;SST_9_483230_Nbg;1;UZ Freimann NSF;A9 Richtung Nürnberg
7777;52196;Querschnitt6514;NMG_9_483230_Nbg;WUD_9_483230_Nbg_SW;7;907718;48.57037588;11.59265945;6514;483.23;;Betriebsstatus1;Streckenstation1967;SST_9_483230_Nbg;3;UZ Freimann NSF;A9 Richtung Nürnberg
7778;61623;Querschnitt6517;BMS_9_483495_Nbg;BMS_9_483495_Nbg_Heiz;4;907730;48.56828211;11.59267139;6517;483.495;;Betriebsstatus1;Streckenstation1968;SST_9_483495_Nbg;6;UZ Freimann NSF;A9 Richtung Nürnberg
7783;56338;Querschnitt6515;WWQ_9_483465_Nbg;WZG_9_483465_Nbg_W1;225;907730;48.5684748;11.59243157;6515;483.465;;Betriebsstatus1;Streckenstation1968;SST_9_483495_Nbg;4;UZ Freimann NSF;A9 Richtung Nürnberg
7785;60003;Querschnitt6520;BMS_9_484000_Nbg;BMS_9_484000_Nbg_Heiz;4;907755;48.56371022;11.59067042;6520;484.0;;Betriebsstatus1;Streckenstation1969;SST_9_484000_Nbg;6;UZ Freimann NSF;A9 Richtung Nürnberg
7790;50676;Querschnitt6518;WWQ_9_483970_Nbg;WZG_9_483970_Nbg_W2;226;907755;48.56391553;11.5906581;6518;483.97;;Betriebsstatus1;Streckenstation1969;SST_9_484000_Nbg;4;UZ Freimann NSF;A9 Richtung Nürnberg
7792;59888;Querschnitt6219;AQ_9_484325_Mch;WZG_9_484325_Mch_A1;33;917769;48.56129241;11.58909687;6219;484.325;;Betriebsstatus1;Streckenstation1923;SST_9_484290_Mch;4;UZ Freimann NSF;A9 Richtung M.-Zentrum
7799;59326;Querschnitt6216;BMS_9_484290_Mch;BMS_9_484290_Mch_Tuer;35;917769;48.56158016;11.58903766;6216;484.29;;Betriebsstatus1;Streckenstation1923;SST_9_484290_Mch;6;UZ Freimann NSF;A9 Richtung M.-Zentrum
7804;60956;Querschnitt6717;GMA_9_484325_Mch_HK;WUD_9_484325_Mch_HK;33;917769;48.56132243;11.58891173;6717;484.325;;Betriebsstatus1;Streckenstation1923;SST_9_484290_Mch;3;UZ Freimann NSF;A9 Richtung M.-Zentrum
7805;56254;Querschnitt6218;MQ_9_484325_Mch;DET_9_484325_Mch_H2;34;917769;48.56135889;11.58915001;6218;484.325;;Betriebsstatus1;Streckenstation1923;SST_9_484290_Mch;1;UZ Freimann NSF;A9 Richtung M.-Zentrum
7808;54941;Querschnitt6524;AQ_9_484470_Nbg;WZG_9_484470_Nbg_A1;1;907779;48.5598499;11.5889912;6524;484.47;;Betriebsstatus1;Streckenstation1970;SST_9_484500_Nbg;4;UZ Freimann NSF;A9 Richtung Nürnberg
7820;55233;Querschnitt6526;BMS_9_484500_Nbg;BMS_9_484500_Nbg_Netz;1;907779;48.55954275;11.58890479;6526;484.5;;Betriebsstatus1;Streckenstation1970;SST_9_484500_Nbg;6;UZ Freimann NSF;A9 Richtung Nürnberg
7825;59393;Querschnitt6523;GMA_9_484470_Nbg;WUD_9_484470_Nbg_LT;5;907779;48.55969861;11.58892843;6523;484.47;;Betriebsstatus1;Streckenstation1970;SST_9_484500_Nbg;3;UZ Freimann NSF;A9 Richtung Nürnberg
7831;53602;Querschnitt6522;MQ_9_484470_Nbg;DET_9_484470_Nbg_H2;2;907779;48.55986824;11.58883816;6522;484.47;;Betriebsstatus1;Streckenstation1970;SST_9_484500_Nbg;1;UZ Freimann NSF;A9 Richtung Nürnberg
7835;55580;Querschnitt6528;NMG_9_484500_Nbg;WUD_9_484500_Nbg_SW;7;907779;48.55964202;11.5889431;6528;484.5;;Betriebsstatus1;Streckenstation1970;SST_9_484500_Nbg;3;UZ Freimann NSF;A9 Richtung Nürnberg
7836;61968;Querschnitt6530;AQ_9_485020_Nbg;WZG_9_485020_Nbg_WVLT1;131;907806;48.55482455;11.58930274;6530;485.02;;Betriebsstatus1;Streckenstation1971;SST_9_485048_Nbg;4;UZ Freimann NSF;A9 Richtung Nürnberg
7838;63186;Querschnitt6532;BMS_9_485048_Nbg;BMS_9_485048_Nbg_Heiz;4;907806;48.55459528;11.58948168;6532;485.048;;Betriebsstatus1;Streckenstation1971;SST_9_485048_Nbg;6;UZ Freimann NSF;A9 Richtung Nürnberg
7843;62197;Querschnitt6747;GMA_9_485020_Nbg_HK;WUD_9_485020_Nbg_HK;1;907806;48.55484747;11.5893801;6747;485.02;;Betriebsstatus1;Streckenstation1971;SST_9_485048_Nbg;3;UZ Freimann NSF;A9 Richtung Nürnberg
7844;58184;Querschnitt6221;AQ_9_485215_Mch;WZG_9_485215_Mch_WVLT1;163;917814;48.5534604;11.58960106;6221;485.215;;Betriebsstatus1;Streckenstation1924;SST_9_485215_Mch;4;UZ Freimann NSF;A9 Richtung M.-Zentrum
7845;57883;Querschnitt6223;BMS_9_485215_Mch;BMS_9_485215_Mch_Netz;33;917814;48.55360181;11.58954304;6223;485.215;;Betriebsstatus1;Streckenstation1924;SST_9_485215_Mch;6;UZ Freimann NSF;A9 Richtung M.-Zentrum
7850;61575;Querschnitt6718;GMA_9_485215_Mch_HK;WUD_9_485215_Mch_HK;33;917814;48.55345546;11.58954066;6718;485.215;;Betriebsstatus1;Streckenstation1924;SST_9_485215_Mch;3;UZ Freimann NSF;A9 Richtung M.-Zentrum
7851;59882;Querschnitt6225;GMA_9_485350_Mch;WUD_9_485350_Mch_WFD;50;917814;48.55239596;11.59028159;6225;485.35;;Betriebsstatus1;Streckenstation1924;SST_9_485215_Mch;3;UZ Freimann NSF;A9 Richtung M.-Zentrum
7863;59426;Querschnitt6226;GMA_9_485350_Nbg;WUD_9_485350_Nbg_RS;19;917814;48.55200707;11.59105933;6226;485.35;;Betriebsstatus1;Streckenstation1924;SST_9_485215_Mch;3;UZ Freimann NSF;A9 Richtung Nürnberg
7870;59325;Querschnitt6229;AQ_9_485750_Mch;WZG_9_485750_Mch_WVLT1;163;917843;48.54918697;11.59256491;6229;485.75;;Betriebsstatus1;Streckenstation1925;SST_9_485800_Mch;4;UZ Freimann NSF;A9 Richtung M.-Zentrum
7882;55030;Querschnitt6230;BMS_9_485800_Mch;BMS_9_485800_Mch_Heiz;36;917843;48.54937722;11.59230031;6230;485.8;;Betriebsstatus1;Streckenstation1925;SST_9_485800_Mch;6;UZ Freimann NSF;A9 Richtung M.-Zentrum
7887;51112;Querschnitt6719;GMA_9_485750_Mch_HK;WUD_9_485750_Mch_HK;33;917843;48.54914637;11.59243014;6719;485.75;;Betriebsstatus1;Streckenstation1925;SST_9_485800_Mch;3;UZ Freimann NSF;A9 Richtung M.-Zentrum
7888;52930;Querschnitt6228;MQ_9_485750_Mch;DET_9_485750_Mch_H2;34;917843;48.54923639;11.59252185;6228;485.75;;Betriebsstatus1;Streckenstation1925;SST_9_485800_Mch;1;UZ Freimann NSF;A9 Richtung M.-Zentrum
7892;55136;Querschnitt6538;AQ_9_485900_Nbg;WZG_9_485900_Nbg_A2;2;907849;48.54758109;11.59365137;6538;485.9;;Betriebsstatus1;Streckenstation1972;SST_9_485930_Nbg;4;UZ Freimann NSF;A9 Richtung Nürnberg
7904;55910;Querschnitt6540;BMS_9_485930_Nbg;BMS_9_485930_Nbg_UeSS;5;907849;48.5473788;11.5938485;6540;485.93;;Betriebsstatus1;Streckenstation1972;SST_9_485930_Nbg;6;UZ Freimann NSF;A9 Richtung Nürnberg
7909;51225;Querschnitt6748;GMA_9_485900_Nbg_HK;WUD_9_485900_Nbg_HK;1;907849;48.54760507;11.59375782;6748;485.9;;Betriebsstatus1;Streckenstation1972;SST_9_485930_Nbg;3;UZ Freimann NSF;A9 Richtung Nürnberg
7910;55817;Querschnitt6537;MQ_9_485900_Nbg;DET_9_485900_Nbg_H2;2;907849;48.54759504;11.59359082;6537;485.9;;Betriebsstatus1;Streckenstation1972;SST_9_485930_Nbg;1;UZ Freimann NSF;A9 Richtung Nürnberg
7914;51698;Querschnitt6236;AQ_9_486950_Mch;WZG_9_486950_Mch_C2;106;917897;48.53800258;11.59487238;6236;486.95;;Betriebsstatus1;Streckenstation1926;SST_9_486925_Mch;4;UZ Freimann NSF;A9 Richtung M.-Zentrum
7926;63293;Querschnitt6234;BMS_9_486925_Mch;BMS_9_486925_Mch_UeSS;37;917897;48.53844588;11.594748;6234;486.925;;Betriebsstatus1;Streckenstation1926;SST_9_486925_Mch;6;UZ Freimann NSF;A9 Richtung M.-Zentrum
7931;53093;Querschnitt6720;GMA_9_486950_Mch_HK;WUD_9_486950_Mch_HK;33;917897;48.53799512;11.59476581;6720;486.95;;Betriebsstatus1;Streckenstation1926;SST_9_486925_Mch;3;UZ Freimann NSF;A9 Richtung M.-Zentrum
7932;61133;Querschnitt6235;MQ_9_486950_Mch;DET_9_486950_Mch_H2;34;917897;48.53801;11.59496829;6235;486.95;74359110;Betriebsstatus1;Streckenstation1926;SST_9_486925_Mch;1;UZ Freimann NSF;A9 Richtung M.-Zentrum
7936;55076;Querschnitt6547;AQ_9_487755_Nbg;WZG_9_487755_Nbg_B3;67;907939;48.53120878;11.5926201;6547;487.755;;Betriebsstatus1;Streckenstation1973;SST_9_487785_Nbg;4;UZ Freimann NSF;A9 Richtung Nürnberg
7948;60253;Querschnitt6551;BMS_9_487785_Nbg;BMS_9_487785_Nbg_Netz;1;907939;48.53087835;11.59225825;6551;487.785;;Betriebsstatus1;Streckenstation1973;SST_9_487785_Nbg;6;UZ Freimann NSF;A9 Richtung Nürnberg
7953;50593;Querschnitt6546;GMA_9_487755_Nbg;WUD_9_487755_Nbg_NS;2;907939;48.53119005;11.5926629;6546;487.755;;Betriebsstatus1;Streckenstation1973;SST_9_487785_Nbg;3;UZ Freimann NSF;A9 Richtung Nürnberg
7959;51183;Querschnitt6550;GMA_9_487770_Mch;WUD_9_487770_Mch_WFD;50;907939;48.53130467;11.59237056;6550;487.77;;Betriebsstatus1;Streckenstation1973;SST_9_487785_Nbg;3;UZ Freimann NSF;A9 Richtung M.-Zentrum
7965;55509;Querschnitt6549;GMA_9_487770_Nbg;WUD_9_487770_Nbg_RS;19;907939;48.53094645;11.59252624;6549;487.77;;Betriebsstatus1;Streckenstation1973;SST_9_487785_Nbg;3;UZ Freimann NSF;A9 Richtung Nürnberg
7971;60652;Querschnitt6545;MQ_9_487755_Nbg;DET_9_487755_Nbg_H1;1;907939;48.53120134;11.59252065;6545;487.755;74359110;Betriebsstatus1;Streckenstation1973;SST_9_487785_Nbg;1;UZ Freimann NSF;A9 Richtung Nürnberg
7975;62785;Querschnitt6552;NMG_9_487785_Nbg;WUD_9_487785_Nbg_SW;7;907939;48.53087835;11.59225825;6552;487.785;;Betriebsstatus1;Streckenstation1973;SST_9_487785_Nbg;3;UZ Freimann NSF;A9 Richtung Nürnberg
7976;60038;Querschnitt6244;BMS_9_487836_Mch;BMS_9_487836_Mch_Netz;33;917504;48.59966852;11.55701039;6244;478.836;;Betriebsstatus1;Streckenstation1927;SST_9_487836_Mch;6;UZ Freimann NSF;A9 Richtung M.-Zentrum
7981;60621;Querschnitt6241;GMA_9_487630_Mch;WUD_9_487630_Mch_NI;35;917504;48.53245962;11.59325334;6241;487.63;;Betriebsstatus1;Streckenstation1927;SST_9_487836_Mch;3;UZ Freimann NSF;A9 Richtung M.-Zentrum
7986;51197;Querschnitt6240;NMG_9_487630_Mch;WUD_9_487630_Mch_SW;33;917504;48.53254015;11.59333442;6240;487.63;;Betriebsstatus1;Streckenstation1927;SST_9_487836_Mch;3;UZ Freimann NSF;A9 Richtung M.-Zentrum
7987;59673;Querschnitt6251;AQ_9_488800_Mch;WZG_9_488800_Mch_A1;33;917987;48.52379628;11.58436486;6251;488.8;;Betriebsstatus1;Streckenstation1928;SST_9_488770_Mch;4;UZ Freimann NSF;A9 Richtung M.-Zentrum
7999;52869;Querschnitt6248;BMS_9_488770_Mch;BMS_9_488770_Mch_Heiz;36;917987;48.52405843;11.58440536;6248;488.77;;Betriebsstatus1;Streckenstation1928;SST_9_488770_Mch;6;UZ Freimann NSF;A9 Richtung M.-Zentrum
8004;54408;Querschnitt6721;GMA_9_488800_Mch_HK;WUD_9_488800_Mch_HK;34;917987;48.52385043;11.58432533;6721;488.8;;Betriebsstatus1;Streckenstation1928;SST_9_488770_Mch;3;UZ Freimann NSF;A9 Richtung M.-Zentrum
8005;59370;Querschnitt6250;MQ_9_488800_Mch;DET_9_488800_Mch_H4;36;917987;48.52370212;11.58443314;6250;488.8;;Betriebsstatus1;Streckenstation1928;SST_9_488770_Mch;1;UZ Freimann NSF;A9 Richtung M.-Zentrum
8009;61245;Querschnitt6249;NMG_9_488770_Mch;WUD_9_488770_Mch_SW;33;917987;48.52397563;11.58435274;6249;488.77;;Betriebsstatus1;Streckenstation1928;SST_9_488770_Mch;3;UZ Freimann NSF;A9 Richtung M.-Zentrum
8010;59368;Querschnitt6558;AQ_9_489247_Nbg;WZG_9_489247_Nbg_DLZ1;9;908012;48.51983797;11.5830364;6558;489.247;;Betriebsstatus1;Streckenstation1974;SST_9_489277_Nbg;4;UZ Freimann NSF;A9 Richtung Nürnberg
8022;60342;Querschnitt6560;BMS_9_489277_Nbg;BMS_9_489277_Nbg_Temp;2;908012;48.51967558;11.58316564;6560;489.277;;Betriebsstatus1;Streckenstation1974;SST_9_489277_Nbg;6;UZ Freimann NSF;A9 Richtung Nürnberg
8027;60061;Querschnitt6557;GMA_9_489247_Nbg;WUD_9_489247_Nbg_LT;5;908012;48.51974406;11.58317219;6557;489.247;;Betriebsstatus1;Streckenstation1974;SST_9_489277_Nbg;3;UZ Freimann NSF;A9 Richtung Nürnberg
8033;51165;Querschnitt6556;MQ_9_489247_Nbg;DET_9_489247_Nbg_H3;3;908012;48.51979315;11.58304033;6556;489.247;;Betriebsstatus1;Streckenstation1974;SST_9_489277_Nbg;1;UZ Freimann NSF;A9 Richtung Nürnberg
8037;52892;Querschnitt6561;NMG_9_489277_Nbg;WUD_9_489277_Nbg_SW;7;908012;48.5196071;11.58315555;6561;489.277;;Betriebsstatus1;Streckenstation1974;SST_9_489277_Nbg;3;UZ Freimann NSF;A9 Richtung Nürnberg
8038;53101;Querschnitt6255;AQ_9_489350_Mch;WZG_9_489350_Mch_DLZ1;33;918013;48.51893208;11.58251089;6255;489.35;;Betriebsstatus1;Streckenstation1929;SST_9_489300_Mch;4;UZ Freimann NSF;A9 Richtung M.-Zentrum
8040;53803;Querschnitt6253;BMS_9_489300_Mch;BMS_9_489300_Mch_Heiz;36;918013;48.51952672;11.58247049;6253;489.3;;Betriebsstatus1;Streckenstation1929;SST_9_489300_Mch;6;UZ Freimann NSF;A9 Richtung M.-Zentrum
8045;61256;Querschnitt6722;GMA_9_489350_Mch_HK;WUD_9_489350_Mch_HK;33;918013;48.51893661;11.58245756;6722;489.35;;Betriebsstatus1;Streckenstation1929;SST_9_489300_Mch;3;UZ Freimann NSF;A9 Richtung M.-Zentrum
8046;61291;Querschnitt6259;AQ_9_489776_Mch;WZG_9_489776_Mch_DLZ1;33;918027;48.51532125;11.58263288;6259;489.776;;Betriebsstatus1;Streckenstation1930;SST_9_489580_Mch;4;UZ Freimann NSF;A9 Richtung M.-Zentrum
8048;59579;Querschnitt6257;BMS_9_489580_Mch;BMS_9_489580_Mch_Netz;33;918027;48.51718569;11.58257851;6257;489.58;;Betriebsstatus1;Streckenstation1930;SST_9_489580_Mch;6;UZ Freimann NSF;A9 Richtung M.-Zentrum
8053;62616;Querschnitt6723;GMA_9_489776_Mch_HK;WUD_9_489776_Mch_HK;33;918027;48.51543691;11.58263549;6723;489.776;;Betriebsstatus1;Streckenstation1930;SST_9_489580_Mch;3;UZ Freimann NSF;A9 Richtung M.-Zentrum
8054;59504;Querschnitt6266;AQ_9_490336_Mch;WZG_9_490336_Mch_B3;99;918060;48.5106231;11.58428062;6266;490.336;;Betriebsstatus1;Streckenstation1931;SST_9_490258_Mch;4;UZ Freimann NSF;A9 Richtung M.-Zentrum
8066;62258;Querschnitt6263;BMS_9_490258_Mch;BMS_9_490258_Mch_UeSS;37;918060;48.51074501;11.58405227;6263;490.258;;Betriebsstatus1;Streckenstation1931;SST_9_490258_Mch;6;UZ Freimann NSF;A9 Richtung M.-Zentrum
8071;52437;Querschnitt6724;GMA_9_490127_Mch_HK;WUD_9_490127_Mch_HK;33;918060;48.51214695;11.58337295;6724;490.127;;Betriebsstatus1;Streckenstation1931;SST_9_490258_Mch;3;UZ Freimann NSF;A9 Richtung M.-Zentrum
8072;53852;Querschnitt6725;GMA_9_490336_Mch_HK;WUD_9_490336_Mch_HK;34;918060;48.51058954;11.58413879;6725;490.336;;Betriebsstatus1;Streckenstation1931;SST_9_490258_Mch;3;UZ Freimann NSF;A9 Richtung M.-Zentrum
8073;60449;Querschnitt6265;MQ_9_490336_Mch;DET_9_490336_Mch_H1;33;918060;48.5106891;11.58425522;6265;490.336;;Betriebsstatus1;Streckenstation1931;SST_9_490258_Mch;1;UZ Freimann NSF;A9 Richtung M.-Zentrum
8077;61349;Querschnitt6261;WWQ_9_490127_Mch;WZG_9_490127_Mch_WVLT1;163;918060;48.51204558;11.58340931;6261;490.127;;Betriebsstatus1;Streckenstation1931;SST_9_490258_Mch;4;UZ Freimann NSF;A9 Richtung M.-Zentrum
8079;52844;Querschnitt6568;AQ_9_490310_Nbg;WZG_9_490310_Nbg_C2;74;908064;48.51080074;11.58444967;6568;490.31;;Betriebsstatus1;Streckenstation1975;SST_9_490340_Nbg;4;UZ Freimann NSF;A9 Richtung Nürnberg
8091;52426;Querschnitt6572;BMS_9_490340_Nbg;BMS_9_490340_Nbg_UeSS;5;908064;48.51059414;11.58475686;6572;490.34;;Betriebsstatus1;Streckenstation1975;SST_9_490340_Nbg;6;UZ Freimann NSF;A9 Richtung Nürnberg
8096;56452;Querschnitt6567;GMA_9_490310_Nbg;WUD_9_490310_Nbg_NI;3;908064;48.5106807;11.58454301;6567;490.31;;Betriebsstatus1;Streckenstation1975;SST_9_490340_Nbg;3;UZ Freimann NSF;A9 Richtung Nürnberg
8102;59800;Querschnitt6571;GMA_9_490325_Mch;WUD_9_490325_Mch_RS;51;908064;48.5104455;11.58435549;6571;490.325;;Betriebsstatus1;Streckenstation1975;SST_9_490340_Nbg;3;UZ Freimann NSF;A9 Richtung M.-Zentrum
8108;55846;Querschnitt6570;GMA_9_490325_Nbg;WUD_9_490325_Nbg_FBZ;17;908064;48.51065764;11.58469595;6570;490.325;;Betriebsstatus1;Streckenstation1975;SST_9_490340_Nbg;3;UZ Freimann NSF;A9 Richtung Nürnberg
8114;55114;Querschnitt6566;MQ_9_490310_Nbg;DET_9_490310_Nbg_H2;2;908064;48.51075372;11.58450334;6566;490.31;;Betriebsstatus1;Streckenstation1975;SST_9_490340_Nbg;1;UZ Freimann NSF;A9 Richtung Nürnberg
8118;51890;Querschnitt6573;NMG_9_490340_Nbg;WUD_9_490340_Nbg_SW;7;908064;48.51052345;11.58478942;6573;490.34;;Betriebsstatus1;Streckenstation1975;SST_9_490340_Nbg;3;UZ Freimann NSF;A9 Richtung Nürnberg
8119;50921;Querschnitt6270;AQ_9_490845_Mch;WZG_9_490845_Mch_WVLT1;163;918088;48.50619595;11.5877871;6270;490.845;;Betriebsstatus1;Streckenstation1932;SST_9_490850_Mch;4;UZ Freimann NSF;A9 Richtung M.-Zentrum
8121;61473;Querschnitt6275;AQ_9_Pfaf_0070_EM;WZG_9_Pfaf_0070_EM_A1;179;918088;48.50596941;11.58780314;6275;490.864;;Betriebsstatus1;Streckenstation1932;SST_9_490850_Mch;4;UZ Freimann NSF;A9 Richtung M.-Zentrum
8124;57049;Querschnitt6272;BMS_9_490850_Mch;BMS_9_490850_Mch_Heiz;36;918088;48.50608756;11.58784125;6272;490.85;;Betriebsstatus1;Streckenstation1932;SST_9_490850_Mch;6;UZ Freimann NSF;A9 Richtung M.-Zentrum
8129;62149;Querschnitt6726;GMA_9_490845_Mch_HK;WUD_9_490845_Mch_HK;33;918088;48.50604751;11.58786289;6726;490.845;;Betriebsstatus1;Streckenstation1932;SST_9_490850_Mch;3;UZ Freimann NSF;A9 Richtung M.-Zentrum
8130;56967;Querschnitt6727;GMA_9_490864_Mch_HK;WUD_9_490864_Mch_HK;34;918088;48.50598384;11.5878776;6727;490.864;;Betriebsstatus1;Streckenstation1932;SST_9_490850_Mch;3;UZ Freimann NSF;A9 Richtung M.-Zentrum
8131;51302;Querschnitt6274;MQ_9_Pfaf_0050_EM;DET_9_Pfaf_0050_EM_E1;161;918088;48.50610004;11.58759996;6274;490.85;;Betriebsstatus1;Streckenstation1932;SST_9_490850_Mch;1;UZ Freimann NSF;A9 Richtung M.-Zentrum
8132;59996;Querschnitt6768;MQ_9_Pfaf_0290_AE;DET_9_Pfaf_0290_AE_A1;97;918088;48.50610004;11.58759996;6768;490.85;;Betriebsstatus1;Streckenstation1932;SST_9_490850_Mch;1;UZ Freimann NSF;A9 Richtung M.-Zentrum
8133;60702;Querschnitt6268;WWQ_9_490695_Mch;WZG_9_490695_Mch_W2;227;918088;48.50737471;11.58673678;6268;490.695;;Betriebsstatus1;Streckenstation1932;SST_9_490850_Mch;4;UZ Freimann NSF;A9 Richtung M.-Zentrum
8135;62199;Querschnitt6576;AQ_9_490904_Nbg;WZG_9_490904_Nbg_DLZ1;1;908091;48.50597415;11.58847087;6576;490.904;;Betriebsstatus1;Streckenstation1976;SST_9_490910_Nbg;4;UZ Freimann NSF;A9 Richtung Nürnberg
8137;59817;Querschnitt6578;BMS_9_490910_Nbg;BMS_9_490910_Nbg_Temp;2;908091;48.50598433;11.5886768;6578;490.91;;Betriebsstatus1;Streckenstation1976;SST_9_490910_Nbg;6;UZ Freimann NSF;A9 Richtung Nürnberg
8142;58897;Querschnitt6749;GMA_9_490904_Nbg_HK;WUD_9_490904_Nbg_HK;1;908091;48.5060242;11.58860544;6749;490.904;;Betriebsstatus1;Streckenstation1976;SST_9_490910_Nbg;3;UZ Freimann NSF;A9 Richtung Nürnberg
8143;57116;Querschnitt6575;MQ_9_Pfaf_0225_SZ;DET_9_Pfaf_0225_SZ_E1;129;908091;48.50640002;11.58869995;6575;490.89;;Betriebsstatus1;Streckenstation1976;SST_9_490910_Nbg;1;UZ Freimann NSF;A9 Richtung Nürnberg
8144;61626;Querschnitt6769;MQ_9_Pfaf_0330_NS;DET_9_Pfaf_0330_NS_A1;65;908091;48.50640002;11.58869995;6769;490.89;;Betriebsstatus1;Streckenstation1976;SST_9_490910_Nbg;1;UZ Freimann NSF;A9 Richtung Nürnberg
8145;58020;Querschnitt6582;BMS_9_491245_Nbg;BMS_9_491245_Nbg_Netz;1;908108;48.5031773;11.59115379;6582;491.245;;Betriebsstatus1;Streckenstation1977;SST_9_491245_Nbg;6;UZ Freimann NSF;A9 Richtung Nürnberg
8150;50812;Querschnitt6580;WWQ_9_491125_Nbg;WZG_9_491125_Nbg_W1;225;908108;48.50387537;11.59039054;6580;491.125;;Betriebsstatus1;Streckenstation1977;SST_9_491245_Nbg;4;UZ Freimann NSF;A9 Richtung Nürnberg
8152;59659;Querschnitt6278;AQ_9_491350_Mch;WZG_9_491350_Mch_A2;34;918111;48.50242959;11.59129831;6278;491.35;;Betriebsstatus1;Streckenstation1933;SST_9_491320_Mch;4;UZ Freimann NSF;A9 Richtung M.-Zentrum
8164;60844;Querschnitt6276;BMS_9_491320_Mch;BMS_9_491320_Mch_Heiz;36;918111;48.50260799;11.59102339;6276;491.32;;Betriebsstatus1;Streckenstation1933;SST_9_491320_Mch;6;UZ Freimann NSF;A9 Richtung M.-Zentrum
8169;57280;Querschnitt6728;GMA_9_491350_Mch_HK;WUD_9_491350_Mch_HK;33;918111;48.5024176;11.59124868;6728;491.35;;Betriebsstatus1;Streckenstation1933;SST_9_491320_Mch;3;UZ Freimann NSF;A9 Richtung M.-Zentrum
8170;55280;Querschnitt6277;MQ_9_491350_Mch;DET_9_491350_Mch_H3;35;918111;48.50245097;11.5913372;6277;491.35;;Betriebsstatus1;Streckenstation1933;SST_9_491320_Mch;1;UZ Freimann NSF;A9 Richtung M.-Zentrum
8174;51840;Querschnitt6583;BMS_9_491620_Nbg;BMS_9_491620_Nbg_Netz;1;908126;48.50015085;11.5936784;6583;491.62;;Betriebsstatus1;Streckenstation1978;SST_9_491620_Nbg;6;UZ Freimann NSF;A9 Richtung Nürnberg
8179;61332;Querschnitt6709;WWQ_9_491590_Nbg;WZG_9_491590_Nbg_W1;225;908126;48.50024402;11.59342378;6709;491.59;;Betriebsstatus1;Streckenstation1978;SST_9_491620_Nbg;4;UZ Freimann NSF;A9 Richtung Nürnberg
8180;62980;Querschnitt6585;AQ_9_491895_Nbg;WZG_9_491895_Nbg_C1;73;908141;48.49764926;11.59460816;6585;491.895;;Betriebsstatus1;Streckenstation1979;SST_9_491925_Nbg;4;UZ Freimann NSF;A9 Richtung Nürnberg
8192;55424;Querschnitt6587;BMS_9_491925_Nbg;BMS_9_491925_Nbg_Heiz;4;908141;48.49743802;11.59478324;6587;491.925;;Betriebsstatus1;Streckenstation1979;SST_9_491925_Nbg;6;UZ Freimann NSF;A9 Richtung Nürnberg
8197;50520;Querschnitt6750;GMA_9_491895_Nbg_HK;WUD_9_491895_Nbg_HK;1;908141;48.49764926;11.59460816;6750;491.895;;Betriebsstatus1;Streckenstation1979;SST_9_491925_Nbg;3;UZ Freimann NSF;A9 Richtung Nürnberg
8198;57063;Querschnitt6584;MQ_9_491895_Nbg;DET_9_491895_Nbg_H2;2;908141;48.49760889;11.59457001;6584;491.895;;Betriebsstatus1;Streckenstation1979;SST_9_491925_Nbg;1;UZ Freimann NSF;A9 Richtung Nürnberg
8202;51670;Querschnitt6285;AQ_9_492226_Mch;WZG_9_492226_Mch_C1;105;918154;48.49471338;11.59454568;6285;492.226;;Betriebsstatus1;Streckenstation1934;SST_9_492200_Mch;4;UZ Freimann NSF;A9 Richtung M.-Zentrum
8214;55654;Querschnitt6282;BMS_9_492200_Mch;BMS_9_492200_Mch_Temp;34;918154;48.49493507;11.59449419;6282;492.2;;Betriebsstatus1;Streckenstation1934;SST_9_492200_Mch;6;UZ Freimann NSF;A9 Richtung M.-Zentrum
8219;51838;Querschnitt6284;GMA_9_492226_Mch;WUD_9_492226_Mch_NS;34;918154;48.49497524;11.59450808;6284;492.226;;Betriebsstatus1;Streckenstation1934;SST_9_492200_Mch;3;UZ Freimann NSF;A9 Richtung M.-Zentrum
8225;60043;Querschnitt6287;GMA_9_492241_Mch;WUD_9_492241_Mch_WFD;50;918154;48.49490445;11.5945122;6287;492.241;;Betriebsstatus1;Streckenstation1934;SST_9_492200_Mch;3;UZ Freimann NSF;A9 Richtung M.-Zentrum
8233;55827;Querschnitt6288;GMA_9_492241_Nbg;WUD_9_492241_Nbg_TSK;20;918154;48.49489425;11.59497039;6288;492.241;;Betriebsstatus1;Streckenstation1934;SST_9_492200_Mch;3;UZ Freimann NSF;A9 Richtung Nürnberg
8241;59437;Querschnitt6283;MQ_9_492226_Mch;DET_9_492226_Mch_H2;34;918154;48.49469969;11.59468072;6283;492.226;;Betriebsstatus1;Streckenstation1934;SST_9_492200_Mch;1;UZ Freimann NSF;A9 Richtung M.-Zentrum
8245;60231;Querschnitt6296;AQ_9_493593_Mch;WZG_9_493593_Mch_A4;36;918222;48.48340569;11.58872066;6296;493.593;;Betriebsstatus1;Streckenstation1935;SST_9_493587_Mch;4;UZ Freimann NSF;A9 Richtung M.-Zentrum
8257;55044;Querschnitt6293;BMS_9_493587_Mch;BMS_9_493587_Mch_Tuer;35;918222;48.48350956;11.58872338;6293;493.587;;Betriebsstatus1;Streckenstation1935;SST_9_493587_Mch;6;UZ Freimann NSF;A9 Richtung M.-Zentrum
8262;63137;Querschnitt6729;GMA_9_493593_Mch_HK;WUD_9_493593_Mch_HK;33;918222;48.4834575;11.58868829;6729;493.593;;Betriebsstatus1;Streckenstation1935;SST_9_493587_Mch;3;UZ Freimann NSF;A9 Richtung M.-Zentrum
8263;56381;Querschnitt6295;MQ_9_493593_Mch;DET_9_493593_Mch_H2;34;918222;48.48336122;11.58882399;6295;493.593;75359058;Betriebsstatus1;Streckenstation1935;SST_9_493587_Mch;1;UZ Freimann NSF;A9 Richtung M.-Zentrum
8267;59545;Querschnitt6597;AQ_9_493840_Nbg;WZG_9_493840_Nbg_A1;1;908235;48.48132015;11.58767241;6597;493.84;;Betriebsstatus1;Streckenstation1980;SST_9_493870_Nbg;4;UZ Freimann NSF;A9 Richtung Nürnberg
8279;59445;Querschnitt6599;BMS_9_493870_Nbg;BMS_9_493870_Nbg_UeSS;5;908235;48.48103939;11.58770663;6599;493.87;;Betriebsstatus1;Streckenstation1980;SST_9_493870_Nbg;6;UZ Freimann NSF;A9 Richtung Nürnberg
8284;61329;Querschnitt6596;GMA_9_493840_Nbg;WUD_9_493840_Nbg_RLF;4;908235;48.48111988;11.58777344;6596;493.84;;Betriebsstatus1;Streckenstation1980;SST_9_493870_Nbg;3;UZ Freimann NSF;A9 Richtung Nürnberg
8290;53189;Querschnitt6595;MQ_9_493840_Nbg;DET_9_493840_Nbg_H2;2;908235;48.48132272;11.58773274;6595;493.84;75359058;Betriebsstatus1;Streckenstation1980;SST_9_493870_Nbg;1;UZ Freimann NSF;A9 Richtung Nürnberg
8294;59615;Querschnitt6601;NMG_9_493870_Nbg;WUD_9_493870_Nbg_SW;7;908235;48.48100628;11.58768561;6601;493.87;;Betriebsstatus1;Streckenstation1980;SST_9_493870_Nbg;3;UZ Freimann NSF;A9 Richtung Nürnberg
8295;58061;Querschnitt6607;AQ_9_494840_Nbg;WZG_9_494840_Nbg_A2;2;908284;48.47250215;11.5857453;6607;494.84;;Betriebsstatus1;Streckenstation1981;SST_9_494870_Nbg;4;UZ Freimann NSF;A9 Richtung Nürnberg
8307;59840;Querschnitt6611;BMS_9_494870_Nbg;BMS_9_494870_Nbg_Tuer;3;908284;48.47224995;11.58584318;6611;494.87;;Betriebsstatus1;Streckenstation1981;SST_9_494870_Nbg;6;UZ Freimann NSF;A9 Richtung Nürnberg
8312;59321;Querschnitt6606;GMA_9_494840_Nbg;WUD_9_494840_Nbg_RLF;4;908284;48.47236292;11.58575352;6606;494.84;;Betriebsstatus1;Streckenstation1981;SST_9_494870_Nbg;3;UZ Freimann NSF;A9 Richtung Nürnberg
8318;60803;Querschnitt6610;GMA_9_494855_Mch;WUD_9_494855_Mch_WFD;50;908284;48.47233329;11.5853917;6610;494.855;;Betriebsstatus1;Streckenstation1981;SST_9_494870_Nbg;3;UZ Freimann NSF;A9 Richtung M.-Zentrum
8324;59740;Querschnitt6609;GMA_9_494855_Nbg;WUD_9_494855_Nbg_RS;19;908284;48.47223972;11.58568148;6609;494.855;;Betriebsstatus1;Streckenstation1981;SST_9_494870_Nbg;3;UZ Freimann NSF;A9 Richtung Nürnberg
8330;61934;Querschnitt6605;MQ_9_494840_Nbg;DET_9_494840_Nbg_H3;3;908284;48.47248506;11.58558925;6605;494.84;;Betriebsstatus1;Streckenstation1981;SST_9_494870_Nbg;1;UZ Freimann NSF;A9 Richtung Nürnberg
8334;60387;Querschnitt6612;NMG_9_494870_Nbg;WUD_9_494870_Nbg_SW;7;908284;48.4723703;11.58583866;6612;494.87;;Betriebsstatus1;Streckenstation1981;SST_9_494870_Nbg;3;UZ Freimann NSF;A9 Richtung Nürnberg
8335;55026;Querschnitt6304;AQ_9_495035_Mch;WZG_9_495035_Mch_A4;36;918292;48.47080284;11.5857804;6304;495.035;;Betriebsstatus1;Streckenstation1936;SST_9_495030_Mch;4;UZ Freimann NSF;A9 Richtung M.-Zentrum
8347;55862;Querschnitt6301;BMS_9_495030_Mch;BMS_9_495030_Mch_Heiz;36;918292;48.47103603;11.58564717;6301;495.03;;Betriebsstatus1;Streckenstation1936;SST_9_495030_Mch;6;UZ Freimann NSF;A9 Richtung M.-Zentrum
8352;61772;Querschnitt6730;GMA_9_495035_Mch_HK;WUD_9_495035_Mch_HK;33;918292;48.47078838;11.58569889;6730;495.035;;Betriebsstatus1;Streckenstation1936;SST_9_495030_Mch;3;UZ Freimann NSF;A9 Richtung M.-Zentrum
8353;59535;Querschnitt6302;MQ_9_495030_Mch;DET_9_495030_Mch_H1;33;918292;48.47085988;11.58588998;6302;495.03;;Betriebsstatus1;Streckenstation1936;SST_9_495030_Mch;1;UZ Freimann NSF;A9 Richtung M.-Zentrum
8357;57004;Querschnitt6308;AQ_9_495750_Mch;WZG_9_495750_Mch_WVLT1;163;918325;48.46461592;11.58827602;6308;495.75;;Betriebsstatus1;Streckenstation1937;SST_9_495720_Mch;4;UZ Freimann NSF;A9 Richtung M.-Zentrum
8359;55229;Querschnitt6307;BMS_9_495720_Mch;BMS_9_495720_Mch_Heiz;36;918325;48.46486074;11.58809303;6307;495.72;;Betriebsstatus1;Streckenstation1937;SST_9_495720_Mch;6;UZ Freimann NSF;A9 Richtung M.-Zentrum
8364;60762;Querschnitt6731;GMA_9_495750_Mch_HK;WUD_9_495750_Mch_HK;33;918325;48.46460149;11.5882016;6731;495.75;;Betriebsstatus1;Streckenstation1937;SST_9_495720_Mch;3;UZ Freimann NSF;A9 Richtung M.-Zentrum
8365;55761;Querschnitt6615;AQ_9_495893_Nbg;WZG_9_495893_Nbg_WVLT1;131;908334;48.46353092;11.58915075;6615;495.893;;Betriebsstatus1;Streckenstation1982;SST_9_495900_Nbg;4;UZ Freimann NSF;A9 Richtung Nürnberg
8367;55429;Querschnitt6617;BMS_9_495900_Nbg;BMS_9_495900_Nbg_Temp;2;908334;48.46340707;11.58949954;6617;495.9;;Betriebsstatus1;Streckenstation1982;SST_9_495900_Nbg;6;UZ Freimann NSF;A9 Richtung Nürnberg
8372;54755;Querschnitt6751;GMA_9_495893_Nbg_HK;WUD_9_495893_Nbg_HK;1;908334;48.46354532;11.58921806;6751;495.893;;Betriebsstatus1;Streckenstation1982;SST_9_495900_Nbg;3;UZ Freimann NSF;A9 Richtung Nürnberg
8373;60567;Querschnitt6316;AQ_9_496600_Mch;WZG_9_496600_Mch_C3;107;918367;48.45715664;11.59074929;6316;496.6;;Betriebsstatus1;Streckenstation1938;SST_9_496570_Mch;4;UZ Freimann NSF;A9 Richtung M.-Zentrum
8385;54947;Querschnitt6313;BMS_9_496570_Mch;BMS_9_496570_Mch_Tuer;35;918367;48.45745573;11.59056236;6313;496.57;;Betriebsstatus1;Streckenstation1938;SST_9_496570_Mch;6;UZ Freimann NSF;A9 Richtung M.-Zentrum
8390;52952;Querschnitt6315;GMA_9_496600_Mch;WUD_9_496600_Mch_RLF;37;918367;48.45737549;11.59056655;6315;496.6;;Betriebsstatus1;Streckenstation1938;SST_9_496570_Mch;3;UZ Freimann NSF;A9 Richtung M.-Zentrum
8396;57982;Querschnitt6318;GMA_9_496615_Mch;WUD_9_496615_Mch_GT;54;918367;48.45731176;11.59056352;6318;496.615;;Betriebsstatus1;Streckenstation1938;SST_9_496570_Mch;3;UZ Freimann NSF;A9 Richtung M.-Zentrum
8404;59983;Querschnitt6319;GMA_9_496615_Nbg;WUD_9_496615_Nbg_RS;19;918367;48.4573532;11.59093223;6319;496.615;;Betriebsstatus1;Streckenstation1938;SST_9_496570_Mch;3;UZ Freimann NSF;A9 Richtung Nürnberg
8412;60632;Querschnitt6314;MQ_9_496600_Mch;DET_9_496600_Mch_H4;36;918367;48.45721551;11.59070978;6314;496.6;;Betriebsstatus1;Streckenstation1938;SST_9_496570_Mch;1;UZ Freimann NSF;A9 Richtung M.-Zentrum
8416;59643;Querschnitt6312;NMG_9_496450_Mch;WUD_9_496450_Mch_SW;33;918367;48.45854564;11.59040102;6312;496.45;;Betriebsstatus1;Streckenstation1938;SST_9_496570_Mch;3;UZ Freimann NSF;A9 Richtung M.-Zentrum
8417;52039;Querschnitt6622;AQ_9_496895_Nbg;WZG_9_496895_Nbg_B2;66;908384;48.45450439;11.59096574;6622;496.895;;Betriebsstatus1;Streckenstation1983;SST_9_496928_Nbg;4;UZ Freimann NSF;A9 Richtung Nürnberg
8429;55880;Querschnitt6624;BMS_9_496928_Nbg;BMS_9_496928_Nbg_Tuer;3;908384;48.45420716;11.59101425;6624;496.928;;Betriebsstatus1;Streckenstation1983;SST_9_496928_Nbg;6;UZ Freimann NSF;A9 Richtung Nürnberg
8434;56766;Querschnitt6752;GMA_9_496895_Nbg_HK;WUD_9_496895_Nbg_HK;1;908384;48.45450005;11.59107222;6752;496.895;;Betriebsstatus1;Streckenstation1983;SST_9_496928_Nbg;3;UZ Freimann NSF;A9 Richtung Nürnberg
8435;55679;Querschnitt6621;MQ_9_496895_Nbg;DET_9_496895_Nbg_H2;2;908384;48.45450889;11.59089;6621;496.895;;Betriebsstatus1;Streckenstation1983;SST_9_496928_Nbg;1;UZ Freimann NSF;A9 Richtung Nürnberg
8439;60285;Querschnitt6327;AQ_9_498030_Mch;WZG_9_498030_Mch_A2;34;918436;48.44435819;11.58922357;6327;498.03;;Betriebsstatus1;Streckenstation1939;SST_9_497994_Mch;4;UZ Freimann NSF;A9 Richtung M.-Zentrum
8451;59936;Querschnitt6323;BMS_9_497994_Mch;BMS_9_497994_Mch_Temp;34;918436;48.44465529;11.58913957;6323;497.994;;Betriebsstatus1;Streckenstation1939;SST_9_497994_Mch;6;UZ Freimann NSF;A9 Richtung M.-Zentrum
8456;55945;Querschnitt6326;GMA_9_498030_Mch;WUD_9_498030_Mch_NI;35;918436;48.44446875;11.58911625;6326;498.03;;Betriebsstatus1;Streckenstation1939;SST_9_497994_Mch;3;UZ Freimann NSF;A9 Richtung M.-Zentrum
8462;52920;Querschnitt6329;GMA_9_498045_Mch;WUD_9_498045_Mch_TT3;56;918436;48.44451845;11.58915487;6329;498.045;;Betriebsstatus1;Streckenstation1939;SST_9_497994_Mch;3;UZ Freimann NSF;A9 Richtung M.-Zentrum
8470;55141;Querschnitt6330;GMA_9_498045_Nbg;WUD_9_498045_Nbg_TT3;24;918436;48.44452472;11.5895912;6330;498.045;;Betriebsstatus1;Streckenstation1939;SST_9_497994_Mch;3;UZ Freimann NSF;A9 Richtung Nürnberg
8478;53110;Querschnitt6325;MQ_9_498030_Mch;DET_9_498030_Mch_H2;34;918436;48.44435132;11.58928394;6325;498.03;;Betriebsstatus1;Streckenstation1939;SST_9_497994_Mch;1;UZ Freimann NSF;A9 Richtung M.-Zentrum
8482;51093;Querschnitt6628;AQ_9_498180_Nbg;WZG_9_498180_Nbg_B2;66;908447;48.4429474;11.58941586;6628;498.18;;Betriebsstatus1;Streckenstation1984;SST_9_498210_Nbg;4;UZ Freimann NSF;A9 Richtung Nürnberg
8494;52758;Querschnitt6630;BMS_9_498210_Nbg;BMS_9_498210_Nbg_Temp;2;908447;48.44263878;11.58958152;6630;498.21;;Betriebsstatus1;Streckenstation1984;SST_9_498210_Nbg;6;UZ Freimann NSF;A9 Richtung Nürnberg
8499;57053;Querschnitt6753;GMA_9_498180_Nbg_HK;WUD_9_498180_Nbg_HK;1;908447;48.44294322;11.58956844;6753;498.18;;Betriebsstatus1;Streckenstation1984;SST_9_498210_Nbg;3;UZ Freimann NSF;A9 Richtung Nürnberg
8500;60011;Querschnitt6627;MQ_9_498180_Nbg;DET_9_498180_Nbg_H2;2;908447;48.44289545;11.58941272;6627;498.18;;Betriebsstatus1;Streckenstation1984;SST_9_498210_Nbg;1;UZ Freimann NSF;A9 Richtung Nürnberg
8504;50677;Querschnitt6331;BMS_9_498450_Mch;BMS_9_498450_Mch_Temp;34;918458;48.44033984;11.58892955;6331;498.45;;Betriebsstatus1;Streckenstation1940;SST_9_498450_Mch;6;UZ Freimann NSF;A9 Richtung M.-Zentrum
8509;52158;Querschnitt6334;NMG_9_498650_Mch;WUD_9_498650_Mch_SW;33;918458;48.43884348;11.58895225;6334;498.65;;Betriebsstatus1;Streckenstation1940;SST_9_498450_Mch;3;UZ Freimann NSF;A9 Richtung M.-Zentrum
8510;59926;Querschnitt6335;BMS_9_499005_Mch;BMS_9_499005_Mch_Heiz;36;918485;48.43558627;11.5889714;6335;499.005;;Betriebsstatus1;Streckenstation1941;SST_9_499005_Mch;6;UZ Freimann NSF;A9 Richtung M.-Zentrum
8515;56075;Querschnitt6336;MQ_9_499015_Mch;DET_9_499015_Mch_H3;35;918485;48.43546433;11.58919584;6336;499.015;;Betriebsstatus1;Streckenstation1941;SST_9_499005_Mch;1;UZ Freimann NSF;A9 Richtung M.-Zentrum
8519;56908;Querschnitt6339;NMG_9_499200_Mch;WUD_9_499200_Mch_SW;33;918485;48.43395782;11.58902353;6339;499.2;;Betriebsstatus1;Streckenstation1941;SST_9_499005_Mch;3;UZ Freimann NSF;A9 Richtung M.-Zentrum
8520;52729;Querschnitt6337;WWQ_9_499015_Mch;WZG_9_499015_Mch_W1;226;918485;48.43545926;11.58909657;6337;499.015;;Betriebsstatus1;Streckenstation1941;SST_9_499005_Mch;4;UZ Freimann NSF;A9 Richtung M.-Zentrum
8521;57120;Querschnitt6633;AQ_9_499330_Nbg;WZG_9_499330_Nbg_B1;65;908502;48.43274623;11.58948018;6633;499.33;;Betriebsstatus1;Streckenstation1985;SST_9_499360_Nbg;4;UZ Freimann NSF;A9 Richtung Nürnberg
8533;59629;Querschnitt6635;BMS_9_499360_Nbg;BMS_9_499360_Nbg_Netz;1;908502;48.43242339;11.58962821;6635;499.36;;Betriebsstatus1;Streckenstation1985;SST_9_499360_Nbg;6;UZ Freimann NSF;A9 Richtung Nürnberg
8538;52385;Querschnitt6754;GMA_9_499330_Nbg_HK;WUD_9_499330_Nbg_HK;1;908502;48.43273726;11.5896115;6754;499.33;;Betriebsstatus1;Streckenstation1985;SST_9_499360_Nbg;3;UZ Freimann NSF;A9 Richtung Nürnberg
8539;55253;Querschnitt6632;MQ_9_499330_Nbg;DET_9_499330_Nbg_H2;2;908502;48.43270004;11.58950003;6632;499.33;;Betriebsstatus1;Streckenstation1985;SST_9_499360_Nbg;1;UZ Freimann NSF;A9 Richtung Nürnberg
8543;55811;Querschnitt6341;BMS_9_499600_Mch;BMS_9_499600_Mch_Temp;34;918514;48.43022867;11.58907838;6341;499.6;;Betriebsstatus1;Streckenstation1942;SST_9_499600_Mch;6;UZ Freimann NSF;A9 Richtung M.-Zentrum
8548;57285;Querschnitt6342;WWQ_9_499630_Mch;WZG_9_499630_Mch_W2;227;918514;48.42999788;11.58922565;6342;499.63;;Betriebsstatus1;Streckenstation1942;SST_9_499600_Mch;4;UZ Freimann NSF;A9 Richtung M.-Zentrum
8550;52384;Querschnitt6344;AQ_9_499865_Mch;WZG_9_499865_Mch_DLZ1;33;918529;48.42791372;11.58923179;6344;499.865;;Betriebsstatus1;Streckenstation1943;SST_9_499900_Mch;4;UZ Freimann NSF;A9 Richtung M.-Zentrum
8552;61334;Querschnitt6346;BMS_9_499900_Mch;BMS_9_499900_Mch_Temp;34;918529;48.4276748;11.58908475;6346;499.9;;Betriebsstatus1;Streckenstation1943;SST_9_499900_Mch;6;UZ Freimann NSF;A9 Richtung M.-Zentrum
8557;60919;Querschnitt6732;GMA_9_499865_Mch_HK;WUD_9_499865_Mch_HK;33;918529;48.42805248;11.58926972;6732;499.865;;Betriebsstatus1;Streckenstation1943;SST_9_499900_Mch;3;UZ Freimann NSF;A9 Richtung M.-Zentrum
8558;59735;Querschnitt6350;GMA_9_499900_Mch;WUD_9_499900_Mch_FBT;53;918529;48.42781402;11.589073;6350;499.9;;Betriebsstatus1;Streckenstation1943;SST_9_499900_Mch;3;UZ Freimann NSF;A9 Richtung M.-Zentrum
8571;60029;Querschnitt6351;GMA_9_499900_Nbg;WUD_9_499900_Nbg_FBZ;17;918529;48.42735211;11.58957263;6351;499.9;;Betriebsstatus1;Streckenstation1943;SST_9_499900_Mch;3;UZ Freimann NSF;A9 Richtung Nürnberg
8579;62458;Querschnitt6352;MQ_9_Allh_0170_EM;DET_9_Allh_0170_EM_E1;161;918529;48.42790001;11.58839994;6352;499.92;;Betriebsstatus1;Streckenstation1943;SST_9_499900_Mch;1;UZ Freimann NSF;A9 Richtung M.-Zentrum
8580;54112;Querschnitt6343;MQ_9_Allh_0320_AE;DET_9_Allh_0320_AE_A2;98;918529;48.42790001;11.58839994;6343;499.86;;Betriebsstatus1;Streckenstation1943;SST_9_499900_Mch;1;UZ Freimann NSF;A9 Richtung M.-Zentrum
8582;62090;Querschnitt6348;NMG_9_499900_Mch;WUD_9_499900_Mch_SW;34;918529;48.42767449;11.58899609;6348;499.9;;Betriebsstatus1;Streckenstation1943;SST_9_499900_Mch;3;UZ Freimann NSF;A9 Richtung M.-Zentrum
8583;59836;Querschnitt6639;AQ_9_499925_Nbg;WZG_9_499925_Nbg_WVLT1;131;908530;48.42729881;11.58954883;6639;499.925;;Betriebsstatus1;Streckenstation1986;SST_9_499930_Nbg;4;UZ Freimann NSF;A9 Richtung Nürnberg
8585;57922;Querschnitt6641;BMS_9_499930_Nbg;BMS_9_499930_Nbg_Heiz;4;908530;48.42771012;11.58972284;6641;499.93;;Betriebsstatus1;Streckenstation1986;SST_9_499930_Nbg;6;UZ Freimann NSF;A9 Richtung Nürnberg
8590;50611;Querschnitt6755;GMA_9_499925_Nbg_HK;WUD_9_499925_Nbg_HK;1;908530;48.42730173;11.5897084;6755;499.925;;Betriebsstatus1;Streckenstation1986;SST_9_499930_Nbg;3;UZ Freimann NSF;A9 Richtung Nürnberg
8591;57335;Querschnitt6637;MQ_9_Allh_0180_SZ;DET_9_Allh_0180_SZ_E1;129;908530;48.42800004;11.59009994;6637;499.87;;Betriebsstatus1;Streckenstation1986;SST_9_499930_Nbg;1;UZ Freimann NSF;A9 Richtung Nürnberg
8592;56041;Querschnitt6770;MQ_9_Allh_0420_NS;DET_9_Allh_0420_NS_A1;65;908530;48.42800004;11.59009994;6770;499.87;;Betriebsstatus1;Streckenstation1986;SST_9_499930_Nbg;1;UZ Freimann NSF;A9 Richtung Nürnberg
8593;55930;Querschnitt6644;BMS_9_500180_Nbg;BMS_9_500180_Nbg_Temp;2;908542;48.42474562;11.58974667;6644;500.18;;Betriebsstatus1;Streckenstation1987;SST_9_500180_Nbg;6;UZ Freimann NSF;A9 Richtung Nürnberg
8598;52216;Querschnitt6642;WWQ_9_500170_Nbg;WZG_9_500170_Nbg_W1;225;908542;48.42501407;11.58957074;6642;500.17;;Betriebsstatus1;Streckenstation1987;SST_9_500180_Nbg;4;UZ Freimann NSF;A9 Richtung Nürnberg
8600;50608;Querschnitt6354;AQ_9_500350_Mch;WZG_9_500350_Mch_WVLT1;163;918551;48.42361828;11.58915456;6354;500.35;;Betriebsstatus1;Streckenstation1944;SST_9_500359_Mch;4;UZ Freimann NSF;A9 Richtung M.-Zentrum
8601;59354;Querschnitt6359;AQ_9_500390_Mch;WZG_9_500390_Mch_A3;35;918551;48.42319055;11.58931172;6359;500.39;;Betriebsstatus1;Streckenstation1944;SST_9_500359_Mch;4;UZ Freimann NSF;A9 Richtung M.-Zentrum
8612;52786;Querschnitt6356;BMS_9_500359_Mch;BMS_9_500359_Mch_Tuer;35;918551;48.4233994;11.58916347;6356;500.359;;Betriebsstatus1;Streckenstation1944;SST_9_500359_Mch;6;UZ Freimann NSF;A9 Richtung M.-Zentrum
8617;59538;Querschnitt6733;GMA_9_500350_Mch_HK;WUD_9_500350_Mch_HK;34;918551;48.4235826;11.58915842;6733;500.35;;Betriebsstatus1;Streckenstation1944;SST_9_500359_Mch;3;UZ Freimann NSF;A9 Richtung M.-Zentrum
8618;62626;Querschnitt6734;GMA_9_500390_Mch_HK;WUD_9_500390_Mch_HK;35;918551;48.42318781;11.58921165;6734;500.39;;Betriebsstatus1;Streckenstation1944;SST_9_500359_Mch;3;UZ Freimann NSF;A9 Richtung M.-Zentrum
8619;60754;Querschnitt6358;MQ_9_500390_Mch;DET_9_500390_Mch_H4;36;918551;48.42318367;11.58938684;6358;500.39;;Betriebsstatus1;Streckenstation1944;SST_9_500359_Mch;1;UZ Freimann NSF;A9 Richtung M.-Zentrum
8623;59493;Querschnitt6353;NMG_9_500300_Mch;WUD_9_500300_Mch_SW;33;918551;48.42410382;11.58919713;6353;500.3;;Betriebsstatus1;Streckenstation1944;SST_9_500359_Mch;3;UZ Freimann NSF;A9 Richtung M.-Zentrum
8624;55549;Querschnitt6648;BMS_9_500713_Nbg;BMS_9_500713_Nbg_Heiz;4;908568;48.42008257;11.58984073;6648;500.713;;Betriebsstatus1;Streckenstation1988;SST_9_500713_Nbg;6;UZ Freimann NSF;A9 Richtung Nürnberg
8629;60220;Querschnitt6646;WWQ_9_500693_Nbg;WZG_9_500693_Nbg_W1;225;908568;48.42032935;11.5896493;6646;500.693;;Betriebsstatus1;Streckenstation1988;SST_9_500713_Nbg;4;UZ Freimann NSF;A9 Richtung Nürnberg
8630;61255;Querschnitt6360;BMS_9_500790_Mch;BMS_9_500790_Mch_Netz;33;918572;48.41956649;11.58924078;6360;500.79;;Betriebsstatus1;Streckenstation1945;SST_9_500790_Mch;6;UZ Freimann NSF;A9 Richtung M.-Zentrum
8635;54214;Querschnitt6363;NMG_9_500900_Mch;WUD_9_500900_Mch_SW;33;918572;48.41860526;11.58925208;6363;500.9;;Betriebsstatus1;Streckenstation1945;SST_9_500790_Mch;3;UZ Freimann NSF;A9 Richtung M.-Zentrum
8636;55215;Querschnitt6652;AQ_9_500994_Nbg;WZG_9_500994_Nbg_DLZ1;9;908583;48.41771455;11.58968818;6652;500.994;;Betriebsstatus1;Streckenstation1989;SST_9_501024_Nbg;4;UZ Freimann NSF;A9 Richtung Nürnberg
8648;61288;Querschnitt6654;BMS_9_501024_Nbg;BMS_9_501024_Nbg_Temp;2;908583;48.41744152;11.58985838;6654;501.024;;Betriebsstatus1;Streckenstation1989;SST_9_501024_Nbg;6;UZ Freimann NSF;A9 Richtung Nürnberg
8653;60593;Querschnitt6651;GMA_9_500994_Nbg;WUD_9_500994_Nbg_NS;2;908583;48.41751943;11.58968618;6651;500.994;;Betriebsstatus1;Streckenstation1989;SST_9_501024_Nbg;3;UZ Freimann NSF;A9 Richtung Nürnberg
8659;50598;Querschnitt6650;MQ_9_500994_Nbg;DET_9_500994_Nbg_H2;2;908583;48.41765979;11.58968147;6650;500.994;;Betriebsstatus1;Streckenstation1989;SST_9_501024_Nbg;1;UZ Freimann NSF;A9 Richtung Nürnberg
8663;55446;Querschnitt6366;BMS_9_501467_Mch;BMS_9_501467_Mch_Netz;33;918602;48.41344927;11.58928998;6366;501.4;;Betriebsstatus1;Streckenstation1946;SST_9_501467_Mch;6;UZ Freimann NSF;A9 Richtung M.-Zentrum
8668;60659;Querschnitt6364;MQ_9_501250_Mch;DET_9_501250_Mch_H3;35;918602;48.41540005;11.58949996;6364;501.25;;Betriebsstatus1;Streckenstation1946;SST_9_501467_Mch;1;UZ Freimann NSF;A9 Richtung M.-Zentrum
8672;60980;Querschnitt6367;NMG_9_501467_Mch;WUD_9_501467_Mch_SW;33;918602;48.4135207;11.5893037;6367;501.45;;Betriebsstatus1;Streckenstation1946;SST_9_501467_Mch;3;UZ Freimann NSF;A9 Richtung M.-Zentrum
8673;60006;Querschnitt6376;AQ_9_502250_Mch;WZG_9_502250_Mch_A3;35;918641;48.40648295;11.5894389;6376;502.25;;Betriebsstatus1;Streckenstation1947;SST_9_502211_Mch;4;UZ Freimann NSF;A9 Richtung M.-Zentrum
8685;61868;Querschnitt6370;BMS_9_502211_Mch;BMS_9_502211_Mch_Tuer;35;918641;48.40671844;11.58941914;6370;502.211;;Betriebsstatus1;Streckenstation1947;SST_9_502211_Mch;6;UZ Freimann NSF;A9 Richtung M.-Zentrum
8690;51098;Querschnitt6372;GMA_9_502211_Mch;WUD_9_502211_Mch_RS;51;918641;48.40666377;11.58943387;6372;502.211;;Betriebsstatus1;Streckenstation1947;SST_9_502211_Mch;3;UZ Freimann NSF;A9 Richtung M.-Zentrum
8698;55042;Querschnitt6373;GMA_9_502211_Nbg;WUD_9_502211_Nbg_WFD;18;918641;48.40656526;11.58983492;6373;502.211;;Betriebsstatus1;Streckenstation1947;SST_9_502211_Mch;3;UZ Freimann NSF;A9 Richtung Nürnberg
8706;59418;Querschnitt6375;GMA_9_502250_Mch;WUD_9_502250_Mch_NS;35;918641;48.4066043;11.58943793;6375;502.25;;Betriebsstatus1;Streckenstation1947;SST_9_502211_Mch;3;UZ Freimann NSF;A9 Richtung M.-Zentrum
8712;52979;Querschnitt6374;MQ_9_502250_Mch;DET_9_502250_Mch_H3;35;918641;48.40653587;11.58959929;6374;502.25;75359059;Betriebsstatus1;Streckenstation1947;SST_9_502211_Mch;1;UZ Freimann NSF;A9 Richtung M.-Zentrum
8716;56163;Querschnitt6369;NMG_9_502050_Mch;WUD_9_502050_Mch_SW;33;918641;48.40842677;11.58939826;6369;502.05;;Betriebsstatus1;Streckenstation1947;SST_9_502211_Mch;3;UZ Freimann NSF;A9 Richtung M.-Zentrum
8717;51158;Querschnitt6658;AQ_9_502505_Nbg;WZG_9_502505_Nbg_C3;75;908657;48.4041267;11.58992239;6658;502.505;;Betriebsstatus1;Streckenstation1990;SST_9_502530_Nbg;4;UZ Freimann NSF;A9 Richtung Nürnberg
8729;55099;Querschnitt6660;BMS_9_502530_Nbg;BMS_9_502530_Nbg_Netz;1;908657;48.40385602;11.5900818;6660;502.53;;Betriebsstatus1;Streckenstation1990;SST_9_502530_Nbg;6;UZ Freimann NSF;A9 Richtung Nürnberg
8734;54344;Querschnitt6756;GMA_9_502505_Nbg_HK;WUD_9_502505_Nbg_HK;1;908657;48.40412008;11.59006538;6756;502.505;;Betriebsstatus1;Streckenstation1990;SST_9_502530_Nbg;3;UZ Freimann NSF;A9 Richtung Nürnberg
8735;60077;Querschnitt6657;MQ_9_502505_Nbg;DET_9_502505_Nbg_H4;4;908657;48.40406718;11.58991215;6657;502.505;75359059;Betriebsstatus1;Streckenstation1990;SST_9_502530_Nbg;1;UZ Freimann NSF;A9 Richtung Nürnberg
8739;61116;Querschnitt6380;BMS_9_502863_Mch;BMS_9_502863_Mch_UeSS;37;918673;48.4010508;11.59010431;6380;502.863;;Betriebsstatus1;Streckenstation1948;SST_9_502863_Mch;6;UZ Freimann NSF;A9 Richtung M.-Zentrum
8744;60232;Querschnitt6378;NMG_9_502650_Mch;WUD_9_502650_Mch_SW;33;918673;48.40278139;11.58965446;6378;502.65;;Betriebsstatus1;Streckenstation1948;SST_9_502863_Mch;3;UZ Freimann NSF;A9 Richtung M.-Zentrum
8745;63251;Querschnitt6383;NMG_9_503200_Mch;WUD_9_503200_Mch_SW;34;918673;48.39811718;11.59149274;6383;503.2;;Betriebsstatus1;Streckenstation1948;SST_9_502863_Mch;3;UZ Freimann NSF;A9 Richtung M.-Zentrum
8746;61499;Querschnitt6387;AQ_9_503485_Mch;WZG_9_503485_Mch_C1;105;918702;48.39577044;11.59332297;6387;503.485;;Betriebsstatus1;Streckenstation1949;SST_9_503455_Mch;4;UZ Freimann NSF;A9 Richtung M.-Zentrum
8758;51122;Querschnitt6384;BMS_9_503455_Mch;BMS_9_503455_Mch_Tuer;35;918702;48.39585278;11.59305792;6384;503.455;;Betriebsstatus1;Streckenstation1949;SST_9_503455_Mch;6;UZ Freimann NSF;A9 Richtung M.-Zentrum
8763;60010;Querschnitt6735;GMA_9_503485_Mch_HK;WUD_9_503485_Mch_HK;33;918702;48.39574139;11.59318385;6735;503.485;;Betriebsstatus1;Streckenstation1949;SST_9_503455_Mch;3;UZ Freimann NSF;A9 Richtung M.-Zentrum
8764;55975;Querschnitt6386;MQ_9_503485_Mch;DET_9_503485_Mch_H2;34;918702;48.39580004;11.59340003;6386;503.485;;Betriebsstatus1;Streckenstation1949;SST_9_503455_Mch;1;UZ Freimann NSF;A9 Richtung M.-Zentrum
8768;50729;Querschnitt6389;NMG_9_503650_Mch;WUD_9_503650_Mch_SW;34;918702;48.3943913;11.59425574;6389;503.65;;Betriebsstatus1;Streckenstation1949;SST_9_503455_Mch;3;UZ Freimann NSF;A9 Richtung M.-Zentrum
8769;60151;Querschnitt6665;AQ_9_503930_Nbg;WZG_9_503930_Nbg_B3;67;908726;48.39216099;11.59605619;6665;503.93;;Betriebsstatus1;Streckenstation1991;SST_9_503950_Nbg;4;UZ Freimann NSF;A9 Richtung Nürnberg
8781;59770;Querschnitt6667;BMS_9_503950_Nbg;BMS_9_503950_Nbg_Tuer;3;908726;48.3919955;11.59636117;6667;503.95;;Betriebsstatus1;Streckenstation1991;SST_9_503950_Nbg;6;UZ Freimann NSF;A9 Richtung Nürnberg
8786;58241;Querschnitt6757;GMA_9_503930_Nbg_HK;WUD_9_503930_Nbg_HK;1;908726;48.39219016;11.59623459;6757;503.93;;Betriebsstatus1;Streckenstation1991;SST_9_503950_Nbg;3;UZ Freimann NSF;A9 Richtung Nürnberg
8787;62497;Querschnitt6664;MQ_9_503930_Nbg;DET_9_503930_Nbg_H2;2;908726;48.39209917;11.59607097;6664;503.93;;Betriebsstatus1;Streckenstation1991;SST_9_503950_Nbg;1;UZ Freimann NSF;A9 Richtung Nürnberg
8791;59678;Querschnitt6391;BMS_9_504000_Mch;BMS_9_504000_Mch_Temp;34;918728;48.39177166;11.59598871;6391;504.0;;Betriebsstatus1;Streckenstation1950;SST_9_504000_Mch;6;UZ Freimann NSF;A9 Richtung M.-Zentrum
8796;53719;Querschnitt6393;NMG_9_504000_Mch;WUD_9_504000_Mch_SW;33;918728;48.39181529;11.59585885;6393;504.0;;Betriebsstatus1;Streckenstation1950;SST_9_504000_Mch;3;UZ Freimann NSF;A9 Richtung M.-Zentrum
8797;55066;Querschnitt6398;AQ_9_504520_Mch;WZG_9_504520_Mch_A1;33;918754;48.38688495;11.59715171;6398;504.52;;Betriebsstatus1;Streckenstation1951;SST_9_504528_Mch;4;UZ Freimann NSF;A9 Richtung M.-Zentrum
8809;55169;Querschnitt6400;BMS_9_504528_Mch;BMS_9_504528_Mch_Temp;34;918754;48.38703655;11.59718726;6400;504.528;;Betriebsstatus1;Streckenstation1951;SST_9_504528_Mch;6;UZ Freimann NSF;A9 Richtung M.-Zentrum
8814;59431;Querschnitt6397;GMA_9_504520_Mch;WUD_9_504520_Mch_RLF;37;918754;48.38698204;11.59701876;6397;504.52;;Betriebsstatus1;Streckenstation1951;SST_9_504528_Mch;3;UZ Freimann NSF;A9 Richtung M.-Zentrum
8820;59907;Querschnitt6402;GMA_9_504540_Mch;WUD_9_504540_Mch_WFD;50;918754;48.38703655;11.59718726;6402;504.54;;Betriebsstatus1;Streckenstation1951;SST_9_504528_Mch;3;UZ Freimann NSF;A9 Richtung M.-Zentrum
8828;55351;Querschnitt6403;GMA_9_504540_Nbg;WUD_9_504540_Nbg_TSK;20;918754;48.38703342;11.59742561;6403;504.54;;Betriebsstatus1;Streckenstation1951;SST_9_504528_Mch;3;UZ Freimann NSF;A9 Richtung Nürnberg
8836;61786;Querschnitt6396;MQ_9_504520_Mch;DET_9_504520_Mch_H1;33;918754;48.38694462;11.59720483;6396;504.52;;Betriebsstatus1;Streckenstation1951;SST_9_504528_Mch;1;UZ Freimann NSF;A9 Richtung M.-Zentrum
8840;58733;Querschnitt6395;NMG_9_504325_Mch;WUD_9_504325_Mch_SW;33;918754;48.38858765;11.59688108;6395;504.325;;Betriebsstatus1;Streckenstation1951;SST_9_504528_Mch;3;UZ Freimann NSF;A9 Richtung M.-Zentrum
8841;55905;Querschnitt6404;NMG_9_504800_Mch;WUD_9_504800_Mch_SW;40;918754;48.38418334;11.59686936;6404;504.8;;Betriebsstatus1;Streckenstation1951;SST_9_504528_Mch;3;UZ Freimann NSF;A9 Richtung M.-Zentrum
8842;51249;Querschnitt6669;AQ_9_504515_Nbg;WZG_9_504515_Nbg_WVLT1;131;908755;48.38692692;11.59758719;6669;504.515;;Betriebsstatus1;Streckenstation1992;SST_9_504552_Nbg;4;UZ Freimann NSF;A9 Richtung Nürnberg
8844;51680;Querschnitt6671;BMS_9_504552_Nbg;BMS_9_504552_Nbg_Temp;2;908755;48.3865705;11.59772932;6671;504.552;;Betriebsstatus1;Streckenstation1992;SST_9_504552_Nbg;6;UZ Freimann NSF;A9 Richtung Nürnberg
8849;56121;Querschnitt6758;GMA_9_504515_Nbg_HK;WUD_9_504515_Nbg_HK;1;908755;48.38693662;11.59764071;6758;504.515;;Betriebsstatus1;Streckenstation1992;SST_9_504552_Nbg;3;UZ Freimann NSF;A9 Richtung Nürnberg
8850;58053;Querschnitt6406;AQ_9_505200_Mch;WZG_9_505200_Mch_DLZ1;33;918787;48.38075337;11.59651064;6406;505.2;;Betriebsstatus1;Streckenstation1952;SST_9_505200_Mch;4;UZ Freimann NSF;A9 Richtung M.-Zentrum
8852;52808;Querschnitt6408;BMS_9_505200_Mch;BMS_9_505200_Mch_Netz;33;918787;48.38092859;11.5962628;6408;505.2;;Betriebsstatus1;Streckenstation1952;SST_9_505200_Mch;6;UZ Freimann NSF;A9 Richtung M.-Zentrum
8857;57337;Querschnitt6736;GMA_9_505200_Mch_HK;WUD_9_505200_Mch_HK;33;918787;48.38078672;11.59651752;6736;505.2;;Betriebsstatus1;Streckenstation1952;SST_9_505200_Mch;3;UZ Freimann NSF;A9 Richtung M.-Zentrum
8858;58177;Querschnitt6410;NMG_9_505250_Mch;WUD_9_505250_Mch_SW;34;918787;48.38057009;11.59649066;6410;505.25;;Betriebsstatus1;Streckenstation1952;SST_9_505200_Mch;3;UZ Freimann NSF;A9 Richtung M.-Zentrum
8859;55171;Querschnitt6675;AQ_9_505300_Nbg;WZG_9_505300_Nbg_B2;66;908793;48.37992643;11.59682078;6675;505.3;;Betriebsstatus1;Streckenstation1993;SST_9_505330_Nbg;4;UZ Freimann NSF;A9 Richtung Nürnberg
8871;55210;Querschnitt6677;BMS_9_505330_Nbg;BMS_9_505330_Nbg_Netz;1;908793;48.37963429;11.59696952;6677;505.33;;Betriebsstatus1;Streckenstation1993;SST_9_505330_Nbg;6;UZ Freimann NSF;A9 Richtung Nürnberg
8876;59868;Querschnitt6674;GMA_9_505300_Nbg;WUD_9_505300_Nbg_RLF;4;908793;48.3796384;11.59678375;6674;505.3;;Betriebsstatus1;Streckenstation1993;SST_9_505330_Nbg;3;UZ Freimann NSF;A9 Richtung Nürnberg
8882;55544;Querschnitt6673;MQ_9_505300_Nbg;DET_9_505300_Nbg_H4;4;908793;48.37985024;11.59680708;6673;505.3;;Betriebsstatus1;Streckenstation1993;SST_9_505330_Nbg;1;UZ Freimann NSF;A9 Richtung Nürnberg
8886;55135;Querschnitt6415;AQ_9_505750_Mch;WZG_9_505750_Mch_B3;99;918812;48.37586448;11.59605278;6415;505.75;;Betriebsstatus1;Streckenstation1953;SST_9_505720_Mch;4;UZ Freimann NSF;A9 Richtung M.-Zentrum
8898;59845;Querschnitt6412;BMS_9_505720_Mch;BMS_9_505720_Mch_Tuer;35;918812;48.3761474;11.59598626;6412;505.72;;Betriebsstatus1;Streckenstation1953;SST_9_505720_Mch;6;UZ Freimann NSF;A9 Richtung M.-Zentrum
8903;55860;Querschnitt6737;GMA_9_505750_Mch_HK;WUD_9_505750_Mch_HK;34;918812;48.3758737;11.59596699;6737;505.75;;Betriebsstatus1;Streckenstation1953;SST_9_505720_Mch;3;UZ Freimann NSF;A9 Richtung M.-Zentrum
8904;52897;Querschnitt6414;MQ_9_505750_Mch;DET_9_505750_Mch_H2;34;918812;48.37590004;11.59610006;6414;505.75;;Betriebsstatus1;Streckenstation1953;SST_9_505720_Mch;1;UZ Freimann NSF;A9 Richtung M.-Zentrum
8908;51506;Querschnitt6411;NMG_9_505600_Mch;WUD_9_505600_Mch_SW;33;918812;48.37719216;11.59604229;6411;505.6;;Betriebsstatus1;Streckenstation1953;SST_9_505720_Mch;3;UZ Freimann NSF;A9 Richtung M.-Zentrum
8909;62113;Querschnitt6417;NMG_9_506050_Mch;WUD_9_506050_Mch_SW;35;918812;48.37346725;11.59571636;6417;506.05;;Betriebsstatus1;Streckenstation1953;SST_9_505720_Mch;3;UZ Freimann NSF;A9 Richtung M.-Zentrum
8910;51649;Querschnitt6421;AQ_9_506690_Mch;WZG_9_506690_Mch_A2;34;918860;48.36747869;11.59515306;6421;506.69;;Betriebsstatus1;Streckenstation1954;SST_9_506705_Mch;4;UZ Freimann NSF;A9 Richtung M.-Zentrum
8922;52831;Querschnitt6423;BMS_9_506705_Mch;BMS_9_506705_Mch_UeSS;37;918860;48.36753765;11.59500262;6423;506.705;;Betriebsstatus1;Streckenstation1954;SST_9_506705_Mch;6;UZ Freimann NSF;A9 Richtung M.-Zentrum
8927;54241;Querschnitt6738;GMA_9_506690_Mch_HK;WUD_9_506690_Mch_HK;34;918860;48.3674758;11.59500667;6738;506.69;;Betriebsstatus1;Streckenstation1954;SST_9_506705_Mch;3;UZ Freimann NSF;A9 Richtung M.-Zentrum
8928;53605;Querschnitt6426;GMA_9_506705_Mch;WUD_9_506705_Mch_RS;51;918860;48.36690215;11.59494694;6426;506.705;;Betriebsstatus1;Streckenstation1954;SST_9_506705_Mch;3;UZ Freimann NSF;A9 Richtung Nürnberg
8936;53752;Querschnitt6425;GMA_9_506705_Nbg;WUD_9_506705_Mch_RS;19;918860;48.36712737;11.59538795;6425;506.705;;Betriebsstatus1;Streckenstation1954;SST_9_506705_Mch;3;UZ Freimann NSF;A9 Richtung M.-Zentrum
8944;55356;Querschnitt6427;GMA_9_506750_Mch;WUD_9_506750_Mch_RLF;38;918860;48.36706223;11.59513493;6427;506.75;;Betriebsstatus1;Streckenstation1954;SST_9_506705_Mch;3;UZ Freimann NSF;A9 Richtung M.-Zentrum
8949;50529;Querschnitt6420;MQ_9_506690_Mch;DET_9_506690_Mch_H3;35;918860;48.36747417;11.59522094;6420;506.69;;Betriebsstatus1;Streckenstation1954;SST_9_506705_Mch;1;UZ Freimann NSF;A9 Richtung M.-Zentrum
8953;54922;Querschnitt6419;NMG_9_506400_Mch;WUD_9_506400_Mch_SW;33;918860;48.37004664;11.59531486;6419;506.4;;Betriebsstatus1;Streckenstation1954;SST_9_506705_Mch;3;UZ Freimann NSF;A9 Richtung M.-Zentrum
8954;53392;Querschnitt6428;NMG_9_506750_Mch;WUD_9_506750_Mch_SW;35;918860;48.36710919;11.59495602;6428;506.75;;Betriebsstatus1;Streckenstation1954;SST_9_506705_Mch;3;UZ Freimann NSF;A9 Richtung M.-Zentrum
8955;59405;Querschnitt6682;AQ_9_506950_Nbg;WZG_9_506950_Nbg_C3;75;908873;48.36515183;11.59520718;6682;506.95;;Betriebsstatus1;Streckenstation1994;SST_9_506980_Nbg;4;UZ Freimann NSF;A9 Richtung Nürnberg
8967;51783;Querschnitt6684;BMS_9_506980_Nbg;BMS_9_506980_Nbg_Tuer;3;908873;48.36475732;11.59534242;6684;506.98;;Betriebsstatus1;Streckenstation1994;SST_9_506980_Nbg;6;UZ Freimann NSF;A9 Richtung Nürnberg
8972;59656;Querschnitt6759;GMA_9_506950_Nbg_HK;WUD_9_506950_Nbg_HK;1;908873;48.36511426;11.59535388;6759;506.95;;Betriebsstatus1;Streckenstation1994;SST_9_506980_Nbg;3;UZ Freimann NSF;A9 Richtung Nürnberg
8973;59834;Querschnitt6681;MQ_9_506950_Nbg;DET_9_506950_Nbg_H4;4;908873;48.36510894;11.59519324;6681;506.95;;Betriebsstatus1;Streckenstation1994;SST_9_506980_Nbg;1;UZ Freimann NSF;A9 Richtung Nürnberg
8977;61777;Querschnitt6433;BMS_9_507680_Mch;BMS_9_507680_Mch_Temp;34;918907;48.35856243;11.5963304;6433;507.68;;Betriebsstatus1;Streckenstation1955;SST_9_507680_Mch;6;UZ Freimann NSF;A9 Richtung M.-Zentrum
8982;59502;Querschnitt6434;MQ_9_507680_Mch;DET_9_507680_Mch_H2;34;918907;48.35860003;11.59650003;6434;507.68;;Betriebsstatus1;Streckenstation1955;SST_9_507680_Mch;1;UZ Freimann NSF;A9 Richtung M.-Zentrum
8986;59937;Querschnitt6430;NMG_9_507200_Mch;WUD_9_507200_Mch_SW;33;918907;48.36318047;11.59486214;6430;507.2;;Betriebsstatus1;Streckenstation1955;SST_9_507680_Mch;3;UZ Freimann NSF;A9 Richtung M.-Zentrum
8987;59002;Querschnitt6435;NMG_9_507690_Mch;WUD_9_507690_Mch_SW;34;918907;48.35850541;11.59635584;6435;507.69;;Betriebsstatus1;Streckenstation1955;SST_9_507680_Mch;3;UZ Freimann NSF;A9 Richtung M.-Zentrum
8988;59632;Querschnitt6689;AQ_9_508400_Nbg;WZG_9_508400_Nbg_C3;75;908944;48.3526657;11.60026809;6689;508.4;;Betriebsstatus1;Streckenstation1995;SST_9_508430_Nbg;4;UZ Freimann NSF;A9 Richtung Nürnberg
9000;57068;Querschnitt6691;BMS_9_508430_Nbg;BMS_9_508430_Nbg_UeSS;5;908944;48.35245756;11.6006267;6691;508.43;;Betriebsstatus1;Streckenstation1995;SST_9_508430_Nbg;6;UZ Freimann NSF;A9 Richtung Nürnberg
9005;53818;Querschnitt6760;GMA_9_508400_Nbg_HK;WUD_9_508400_Nbg_HK;1;908944;48.35270676;11.6004427;6760;508.4;;Betriebsstatus1;Streckenstation1995;SST_9_508430_Nbg;3;UZ Freimann NSF;A9 Richtung Nürnberg
9006;53949;Querschnitt6688;MQ_9_508400_Nbg;DET_9_508400_Nbg_H2;2;908944;48.35260007;11.6003;6688;508.4;;Betriebsstatus1;Streckenstation1995;SST_9_508430_Nbg;1;UZ Freimann NSF;A9 Richtung Nürnberg
9010;54932;Querschnitt6443;AQ_9_508590_Mch;WZG_9_508590_Mch_B1;97;918950;48.35099057;11.60094516;6443;508.59;;Betriebsstatus1;Streckenstation1956;SST_9_508547_Mch;4;UZ Freimann NSF;A9 Richtung M.-Zentrum
9022;56045;Querschnitt6440;BMS_9_508547_Mch;BMS_9_508547_Mch_UeSS;37;918950;48.3512845;11.60062515;6440;508.547;;Betriebsstatus1;Streckenstation1956;SST_9_508547_Mch;6;UZ Freimann NSF;A9 Richtung M.-Zentrum
9027;57992;Querschnitt6739;GMA_9_508590_Mch_HK;WUD_9_508590_Mch_HK;35;918950;48.35096636;11.60082753;6739;508.59;;Betriebsstatus1;Streckenstation1956;SST_9_508547_Mch;3;UZ Freimann NSF;A9 Richtung M.-Zentrum
9028;60167;Querschnitt6442;MQ_9_508590_Mch;DET_9_508590_Mch_H3;35;918950;48.35100003;11.60100005;6442;508.59;;Betriebsstatus1;Streckenstation1956;SST_9_508547_Mch;1;UZ Freimann NSF;A9 Richtung M.-Zentrum
9032;52183;Querschnitt6437;NMG_9_508020_Mch;WUD_9_508020_Mch_SW;33;918950;48.35602651;11.59784272;6437;508.02;;Betriebsstatus1;Streckenstation1956;SST_9_508547_Mch;3;UZ Freimann NSF;A9 Richtung M.-Zentrum
9033;53374;Querschnitt6439;NMG_9_508400_Mch;WUD_9_508400_Mch_SW;34;918950;48.35284235;11.59974551;6439;508.4;;Betriebsstatus1;Streckenstation1956;SST_9_508547_Mch;3;UZ Freimann NSF;A9 Richtung M.-Zentrum
9034;53702;Querschnitt6445;NMG_9_508800_Mch;WUD_9_508800_Mch_SW;36;918950;48.34949182;11.6017136;6445;508.8;;Betriebsstatus1;Streckenstation1956;SST_9_508547_Mch;3;UZ Freimann NSF;A9 Richtung M.-Zentrum
9035;54259;Querschnitt6447;NMG_9_509240_Mch;WUD_9_509240_Mch_SW;37;918950;48.34572108;11.60396668;6447;509.24;;Betriebsstatus1;Streckenstation1956;SST_9_508547_Mch;3;UZ Freimann NSF;A9 Richtung M.-Zentrum
9036;59457;Querschnitt6694;AQ_9_509515_Nbg;WZG_9_509515_Nbg_C1;73;908999;48.34321049;11.60595988;6694;509.515;;Betriebsstatus1;Streckenstation1996;SST_9_509555_Nbg;4;UZ Freimann NSF;A9 Richtung Nürnberg
9048;55077;Querschnitt6696;BMS_9_509555_Nbg;BMS_9_509555_Nbg_Temp;2;908999;48.34285722;11.60633023;6696;509.555;;Betriebsstatus1;Streckenstation1996;SST_9_509555_Nbg;6;UZ Freimann NSF;A9 Richtung Nürnberg
9053;55315;Querschnitt6761;GMA_9_509515_Nbg_HK;WUD_9_509515_Nbg_HK;1;908999;48.34322046;11.60609187;6761;509.515;;Betriebsstatus1;Streckenstation1996;SST_9_509555_Nbg;3;UZ Freimann NSF;A9 Richtung Nürnberg
9054;54713;Querschnitt6693;MQ_9_509515_Nbg;DET_9_509515_Nbg_H3;3;908999;48.34316272;11.60590671;6693;509.515;;Betriebsstatus1;Streckenstation1996;SST_9_509555_Nbg;1;UZ Freimann NSF;A9 Richtung Nürnberg
9058;61485;Querschnitt6456;AQ_9_510050_Mch;WZG_9_510050_Mch_DLZ1;33;919017;48.33875393;11.60807842;6456;510.05;;Betriebsstatus1;Streckenstation1957;SST_9_509940_Mch;4;UZ Freimann NSF;A9 Richtung M.-Zentrum
9060;50694;Querschnitt6450;BMS_9_509940_Mch;BMS_9_509940_Mch_UeSS;37;919017;48.33972489;11.607425;6450;509.94;;Betriebsstatus1;Streckenstation1957;SST_9_509940_Mch;6;UZ Freimann NSF;A9 Richtung M.-Zentrum
9065;51713;Querschnitt6453;GMA_9_509940_Mch;WUD_9_509940_Mch_TSK;52;919017;48.33968531;11.60767871;6453;509.94;;Betriebsstatus1;Streckenstation1957;SST_9_509940_Mch;3;UZ Freimann NSF;A9 Richtung M.-Zentrum
9078;51360;Querschnitt6454;GMA_9_509940_Nbg;WUD_9_509940_Nbg_GT;22;919017;48.33972657;11.60791752;6454;509.94;;Betriebsstatus1;Streckenstation1957;SST_9_509940_Mch;3;UZ Freimann NSF;A9 Richtung Nürnberg
9086;56497;Querschnitt6740;GMA_9_510050_Mch_HK;WUD_9_510050_Mch_HK;39;919017;48.33873948;11.608025;6740;510.05;;Betriebsstatus1;Streckenstation1957;SST_9_509940_Mch;3;UZ Freimann NSF;A9 Richtung M.-Zentrum
9087;55666;Querschnitt6449;NMG_9_509785_Mch;WUD_9_509785_Mch_SW;33;919017;48.34098588;11.60669795;6449;509.785;;Betriebsstatus1;Streckenstation1957;SST_9_509940_Mch;3;UZ Freimann NSF;A9 Richtung M.-Zentrum
9088;57088;Querschnitt6457;NMG_9_510080_Mch;WUD_9_510080_Mch_SW;40;919017;48.33865638;11.60807917;6457;510.08;;Betriebsstatus1;Streckenstation1957;SST_9_509940_Mch;3;UZ Freimann NSF;A9 Richtung M.-Zentrum
9089;55166;Querschnitt6461;AQ_9_510320_Mch;WZG_9_510320_Mch_A1;33;919035;48.33645746;11.60938075;6461;510.32;;Betriebsstatus1;Streckenstation1958;SST_9_510300_Mch;4;UZ Freimann NSF;A9 Richtung M.-Zentrum
9101;52741;Querschnitt6464;AQ_9_510415_Mch;WZG_9_510415_Mch_B1;181;919035;48.33598153;11.60979572;6464;510.415;;Betriebsstatus1;Streckenstation1958;SST_9_510300_Mch;4;UZ Freimann NSF;A9 Richtung M.-Zentrum
9104;60095;Querschnitt6458;BMS_9_510300_Mch;BMS_9_510300_Mch_UeSS;37;919035;48.33665896;11.60915795;6458;510.3;;Betriebsstatus1;Streckenstation1958;SST_9_510300_Mch;6;UZ Freimann NSF;A9 Richtung M.-Zentrum
9109;54163;Querschnitt6741;GMA_9_510320_Mch_HK;WUD_9_510320_Mch_HK;33;919035;48.33650014;11.6093376;6741;510.32;;Betriebsstatus1;Streckenstation1958;SST_9_510300_Mch;3;UZ Freimann NSF;A9 Richtung M.-Zentrum
9110;57934;Querschnitt6742;GMA_9_510415_Mch_HK;WUD_9_510415_Mch_HK;35;919035;48.33598153;11.60979572;6742;510.415;;Betriebsstatus1;Streckenstation1958;SST_9_510300_Mch;3;UZ Freimann NSF;A9 Richtung M.-Zentrum
9111;59458;Querschnitt6460;MQ_9_510320_Mch;DET_9_510320_Mch_H4;36;919035;48.3364936;11.60951251;6460;510.32;;Betriebsstatus1;Streckenstation1958;SST_9_510300_Mch;1;UZ Freimann NSF;A9 Richtung M.-Zentrum
9115;57544;Querschnitt6463;NMG_9_510400_Mch;WUD_9_510400_Mch_SW;34;919035;48.33615202;11.60968651;6463;510.4;;Betriebsstatus1;Streckenstation1958;SST_9_510300_Mch;3;UZ Freimann NSF;A9 Richtung M.-Zentrum
9116;60274;Querschnitt6698;AQ_9_510505_Nbg;WZG_9_510505_Nbg_DLZ1;1;909048;48.33492507;11.61077351;6698;510.505;;Betriebsstatus1;Streckenstation1997;SST_9_510580_Nbg;4;UZ Freimann NSF;A9 Richtung Nürnberg
9118;61309;Querschnitt6700;BMS_9_510580_Nbg;BMS_9_510580_Nbg_UeSS;5;909048;48.33422953;11.61125699;6700;510.58;;Betriebsstatus1;Streckenstation1997;SST_9_510580_Nbg;6;UZ Freimann NSF;A9 Richtung Nürnberg
9123;54951;Querschnitt6762;GMA_9_510505_Nbg_HK;WUD_9_510505_Nbg_HK;1;909048;48.33493477;11.61082696;6762;510.505;;Betriebsstatus1;Streckenstation1997;SST_9_510580_Nbg;3;UZ Freimann NSF;A9 Richtung Nürnberg
9124;59623;Querschnitt6465;BMS_9_510810_Mch;BMS_9_510810_Mch_Tuer;35;919060;48.33231524;11.61159267;6465;510.81;;Betriebsstatus1;Streckenstation1959;SST_9_510810_Mch;6;UZ Freimann NSF;A9 Richtung M.-Zentrum
9129;52754;Querschnitt6467;GMA_9_510820_Mch;WUD_9_510820_Mch_LT;37;919060;48.33228693;11.61166426;6467;510.82;;Betriebsstatus1;Streckenstation1959;SST_9_510810_Mch;3;UZ Freimann NSF;A9 Richtung M.-Zentrum
9135;55260;Querschnitt6471;GMA_9_510835_Mch;WUD_9_510835_Mch_FBT;53;919060;48.33235193;11.61189214;6471;510.835;;Betriebsstatus1;Streckenstation1959;SST_9_510810_Mch;3;UZ Freimann NSF;A9 Richtung M.-Zentrum
9143;62826;Querschnitt6472;GMA_9_510835_Nbg;WUD_9_510835_Nbg_FBT;21;919060;48.33239318;11.61212736;6472;510.835;;Betriebsstatus1;Streckenstation1959;SST_9_510810_Mch;3;UZ Freimann NSF;A9 Richtung Nürnberg
9151;53750;Querschnitt6470;NMG_9_510823_Mch;WUD_9_510823_Mch_SW;39;919060;48.33233859;11.61146403;6470;510.823;;Betriebsstatus1;Streckenstation1959;SST_9_510810_Mch;3;UZ Freimann NSF;A9 Richtung M.-Zentrum
9152;59352;Querschnitt6468;WWQ_9_510820_Mch;WZG_9_510820_Mch_W7;231;919060;48.3322353;11.61187876;6468;510.82;;Betriebsstatus1;Streckenstation1959;SST_9_510810_Mch;4;UZ Freimann NSF;A9 Richtung M.-Zentrum
9165;55019;Querschnitt6701;AQ_9_511090_Nbg;WZG_9_511090_Nbg_B1;65;909075;48.33014676;11.61347178;6701;511.09;;Betriebsstatus1;Streckenstation1998;SST_9_511120_Nbg;4;UZ Freimann NSF;A9 Richtung Nürnberg
9177;61890;Querschnitt6703;BMS_9_511120_Nbg;BMS_9_511120_Nbg_UeSS;5;909075;48.32988591;11.61373423;6703;511.12;;Betriebsstatus1;Streckenstation1998;SST_9_511120_Nbg;6;UZ Freimann NSF;A9 Richtung Nürnberg
9182;58397;Querschnitt6763;GMA_9_511090_Nbg_HK;WUD_9_511090_Nbg_HK;1;909075;48.33017341;11.61361075;6763;511.09;;Betriebsstatus1;Streckenstation1998;SST_9_511120_Nbg;3;UZ Freimann NSF;A9 Richtung Nürnberg
9183;60379;Querschnitt6714;MQ_9_511090_Nbg;DET_9_511090_Nbg_H1;1;909075;48.33011338;11.61345062;6714;511.09;;Betriebsstatus1;Streckenstation1998;SST_9_511120_Nbg;1;UZ Freimann NSF;A9 Richtung Nürnberg
9187;60531;Querschnitt6478;BMS_9_511358_Mch;BMS_9_511358_Mch_UeSS;37;919086;48.32803369;11.61413535;6478;511.358;;Betriebsstatus1;Streckenstation1960;SST_9_511358_Mch;6;UZ Freimann NSF;A9 Richtung M.-Zentrum
9192;54445;Querschnitt6743;GMA_9_511350_Mch_HK;WUD_9_511350_Mch_HK;34;919086;48.32767266;11.61432718;6743;511.35;;Betriebsstatus1;Streckenstation1960;SST_9_511358_Mch;3;UZ Freimann NSF;A9 Richtung M.-Zentrum
9193;53475;Querschnitt6476;MQ_9_511350_Mch;DET_9_511350_Mch_H1;33;919086;48.32781812;11.61442242;6476;511.35;;Betriebsstatus1;Streckenstation1960;SST_9_511358_Mch;1;UZ Freimann NSF;A9 Richtung M.-Zentrum
9197;62635;Querschnitt6474;NMG_9_511250_Mch;WUD_9_511250_Mch_SW;33;919086;48.32864637;11.6137757;6474;511.25;;Betriebsstatus1;Streckenstation1960;SST_9_511358_Mch;3;UZ Freimann NSF;A9 Richtung M.-Zentrum
9198;59856;Querschnitt6481;NMG_9_511630_Mch;WUD_9_511630_Mch_SW;35;919086;48.32573433;11.6153087;6481;511.63;;Betriebsstatus1;Streckenstation1960;SST_9_511358_Mch;3;UZ Freimann NSF;A9 Richtung M.-Zentrum
9199;55193;Querschnitt6477;WWQ_9_511350_Mch;WZG_9_511350_Mch_W5;229;919086;48.32768955;11.61439841;6477;511.35;;Betriebsstatus1;Streckenstation1960;SST_9_511358_Mch;4;UZ Freimann NSF;A9 Richtung M.-Zentrum
9212;52119;Querschnitt6484;BMS_9_511795_Mch;BMS_9_511795_Mch_Heiz;36;919108;48.32417565;11.61597332;6484;511.795;;Betriebsstatus1;Streckenstation1961;SST_9_511795_Mch;6;UZ Freimann NSF;A9 Richtung M.-Zentrum
9217;60066;Querschnitt6482;WWQ_9_511805_Mch;WZG_9_511805_Mch_W6;231;919108;48.32400548;11.61631711;6482;511.805;;Betriebsstatus1;Streckenstation1961;SST_9_511795_Mch;4;UZ Freimann NSF;A9 Richtung M.-Zentrum
9228;53799;Querschnitt6706;AQ_9_511900_Nbg;WZG_9_511900_Nbg_A5;5;909114;48.32340348;11.61703162;6706;511.9;;Betriebsstatus1;Streckenstation1999;SST_9_511930_Nbg;4;UZ Freimann NSF;A9 Richtung Nürnberg
9241;50918;Querschnitt6708;BMS_9_511930_Nbg;BMS_9_511930_Nbg_Netz;1;909114;48.32322599;11.61732195;6708;511.9;;Betriebsstatus1;Streckenstation1999;SST_9_511930_Nbg;6;UZ Freimann NSF;A9 Richtung Nürnberg
9246;56400;Querschnitt6764;GMA_9_511900_Nbg_HK;WUD_9_511900_Nbg_HK;1;909114;48.32340867;11.61716003;6764;511.9;;Betriebsstatus1;Streckenstation1999;SST_9_511930_Nbg;3;UZ Freimann NSF;A9 Richtung Nürnberg
9247;55443;Querschnitt6705;MQ_9_511900_Nbg;DET_9_511900_Nbg_H5;5;909114;48.32336527;11.61698909;6705;511.9;;Betriebsstatus1;Streckenstation1999;SST_9_511930_Nbg;1;UZ Freimann NSF;A9 Richtung Nürnberg
9252;58057;Querschnitt6487;BMS_9_AKNeuf_0835_AF;BMS_9_AKNeuf_0835_AF_Tuer;35;919139;48.31893531;11.61925618;6487;512.435;;Betriebsstatus1;Streckenstation1962;SST_9_AKNeuf_0835_AF;6;UZ Freimann NSF;A9 Richtung M.-Zentrum
9257;60331;Querschnitt6713;MQ_9_AKNeuf_0840_AF;DET_9_AKNeuf_0840_AF_A2;98;919139;48.31850001;11.6193;6713;512.44;;Betriebsstatus1;Streckenstation1962;SST_9_AKNeuf_0835_AF;1;UZ Freimann NSF;A9 Richtung M.-Zentrum
9259;56164;Querschnitt6771;MQ_9_AKNeuf_0840_AI;DET_9_AKNeuf_0840_AI_P1;113;919139;48.31850001;11.6193;6771;512.44;;Betriebsstatus1;Streckenstation1962;SST_9_AKNeuf_0835_AF;1;UZ Freimann NSF;A9 Richtung M.-Zentrum
9260;52941;Querschnitt6488;WWQ_9_AKNeuf_0840_AF;WZG_9_AKNeuf_0840_AF_BL1;226;919139;48.31893531;11.61925618;6488;512.44;;Betriebsstatus1;Streckenstation1962;SST_9_AKNeuf_0835_AF;4;UZ Freimann NSF;A9 Richtung M.-Zentrum
9266;60951;Querschnitt6083;AQ_9_AKNeuf_0638_HL;WZG_9_AKNeuf_0638_HL_B1;165;9130960;48.31622449;11.62079988;6083;0.638;;Betriebsstatus1;Streckenstation1637;SST_9_AKNeuf_0608_HL;4;UZ Freising;A92 Richtung M.-Zentrum
9270;53845;Querschnitt6085;BMS_9_AKNeuf_0808_HL;BMS_9_AKNeuf_0808_HL_Tuer;1;9130960;48.31622449;11.62079988;6085;512.75;;Betriebsstatus1;Streckenstation1637;SST_9_AKNeuf_0608_HL;6;UZ Freising;A9 Richtung M.-Zentrum
9274;59842;Querschnitt6082;GMA_9_AKNeuf_0638_HL_HK;WUD_9_AKNeuf_0638_HL_HK;33;9130960;48.31622449;11.62079988;6082;0.638;;Betriebsstatus1;Streckenstation1637;SST_9_AKNeuf_0608_HL;3;UZ Freising;A92 Richtung M.-Zentrum
9275;61201;Querschnitt6081;MQ_9_AKNeuf_2278_UM;DET_9_AKNeuf_2278_UM_E2;170;9130960;48.31400001;11.62150003;6081;2.278;;Betriebsstatus1;Streckenstation1637;SST_9_AKNeuf_0608_HL;1;UZ Freising;A92 Richtung M.-Zentrum
9277;55403;Querschnitt6089;AQ_9_AKNeuf_1760_UM;WZG_9_AKNeuf_1760_UM_A2;34;9130942;48.31842365;11.61954313;6089;1.76;;Betriebsstatus1;Streckenstation1638;SST_9_AKNeuf_1730_UM;4;UZ Freising;A92 Richtung M.-Zentrum
9281;59356;Querschnitt6086;BMS_9_AKNeuf_1730_UM;BMS_9_AKNeuf_17308_UM_Netz;3;9130942;48.31842365;11.61954313;6086;512.5;;Betriebsstatus1;Streckenstation1638;SST_9_AKNeuf_1730_UM;6;UZ Freising;A9 Richtung M.-Zentrum
9285;50787;Querschnitt6087;GMA_9_AKNeuf_1730_UM;WUD_9_AKNeuf_1730_UM_HK;33;9130942;48.31842365;11.61954313;6087;512.5;;Betriebsstatus1;Streckenstation1638;SST_9_AKNeuf_1730_UM;3;UZ Freising;A9 Richtung M.-Zentrum
9286;52042;Querschnitt6088;MQ_9_AKNeuf_1760_UM;DET_9_AKNeuf_1760_UM_E1;169;9130942;48.31780004;11.62150001;6088;1.76;;Betriebsstatus1;Streckenstation1638;SST_9_AKNeuf_1730_UM;1;UZ Freising;A92 Richtung M.-Zentrum
9288;59460;Querschnitt6090;WS_GMA_9_AKNeuf_1770_UM;WUD_9_AKNeuf_1770_UM_NS;81;9130942;48.31842365;11.61954313;6090;1.77;;Betriebsstatus1;Streckenstation1638;SST_9_AKNeuf_1730_UM;3;UZ Freising;A92 Richtung M.-Zentrum
9289;59758;Querschnitt6091;WS_GMA_9_AKNeuf_1770_UM;WUD_9_AKNeuf_1930_UM_TT1;77;9130942;48.31842365;11.61954313;6091;1.77;;Betriebsstatus1;Streckenstation1638;SST_9_AKNeuf_1730_UM;3;UZ Freising;A92 Richtung M.-Zentrum
9298;66779;Querschnitt6969;AQ_92_2430_Deg;WZG_92_2430_Deg_W4;228;9206071;48.24668;11.53348;;2.43;;Betriebsstatus1;Streckenstation2041;SST_92_2400_Deg;4;UZ Freising;A92 Richtung Deggendorf
9302;66773;Querschnitt6970;BMS_92_2400_Deg;BMS_92_2400_Deg_Temp;2;9206071;48.24641;11.53354;;2.4;;Betriebsstatus1;Streckenstation2041;SST_92_2400_Deg;6;UZ Freising;A92 Richtung Deggendorf
9305;66817;Querschnitt6971;AQ_92_2900_Deg;WZG_92_2900_Deg_W2;226;9206086;48.25074;11.53289;;2.9;;Betriebsstatus1;Streckenstation2042;SST_92_2870_Deg;4;UZ Freising;A92 Richtung Deggendorf
9310;66797;Querschnitt6972;BMS_92_2870_Deg;BMS_92_2870_Deg_Tür;3;9206086;48.25046;11.53296;;2.87;;Betriebsstatus1;Streckenstation2042;SST_92_2870_Deg;6;UZ Freising;A92 Richtung Deggendorf
9313;66808;Querschnitt6973;AQ_92_3210_Mch;WZG_92_3210_Mch_W3;228;9216085;48.25375;11.53259;;3.21;;Betriebsstatus1;Streckenstation2043;SST_92_3240_Mch;4;UZ Freising;A92 Richtung M.-Zentrum
9318;66754;Querschnitt6974;BMS_92_3240_Mch;BMS_92_3240_Mch_Tür;35;9216085;48.25402;11.53247;;3.24;;Betriebsstatus1;Streckenstation2043;SST_92_3240_Mch;6;UZ Freising;A92 Richtung M.-Zentrum
9321;66768;Querschnitt6975;AQ_92_3720_Mch;WZG_92_3720_Mch_W2;227;9216112;48.2581;11.53373;;3.72;;Betriebsstatus1;Streckenstation2044;SST_92_3750_Mch;4;UZ Freising;A92 Richtung M.-Zentrum
9328;66792;Querschnitt6976;BMS_92_3750_Mch;BMS_92_3750_Mch_Netz;33;9216112;48.25838;11.53369;;3.75;;Betriebsstatus1;Streckenstation2044;SST_92_3750_Mch;6;UZ Freising;A92 Richtung M.-Zentrum
9331;52826;Querschnitt6080;AQ_92_AKNeuf_0440_XW;WZG_92_AKNeuf_0440_XW_A1;161;9216393;48.31705993;11.62161509;6080;0.44;;Betriebsstatus1;Streckenstation1636;SST_92_AKNeuf_0410_XW;4;UZ Freising;A92 Richtung M.-Zentrum
9335;51778;Querschnitt6078;BMS_92_AKNeuf_0410_XW_;BMS_92_AKNeuf_0410_XW_Tuer;1;9216393;48.31742122;11.62184663;6078;0.41;;Betriebsstatus1;Streckenstation1636;SST_92_AKNeuf_0410_XW;6;UZ Freising;A92 Richtung M.-Zentrum
9338;53083;Querschnitt6069;BMS_92_AKNeuf_1151_UM_;BMS_92_AKNeuf_1151_UM_Temp;2;9216411;48.32061028;11.62862553;6069;1.151;;Betriebsstatus1;Streckenstation1633;SST_92_AKNeuf_1151_UM;6;UZ Freising;A92 Richtung M.-Zentrum
9342;53236;Querschnitt6072;WWQ_92_AKNeuf_1151_UM;WZG_92_AKNeuf_1151_UM_W1;34;9216411;48.32041496;11.62854644;6072;13.25;;Betriebsstatus1;Streckenstation1633;SST_92_AKNeuf_1151_UM;4;UZ Freising;A92 Richtung M.-Zentrum
9347;60828;Querschnitt6070;BMS_92_AKNeuf_1427_UM_;BMS_92_AKNeuf_1427_UM_Temp;2;9216403;48.31909745;11.62551085;6070;1.427;;Betriebsstatus1;Streckenstation1634;SST_92_AKNeuf_1427_UM;6;UZ Freising;A92 Richtung M.-Zentrum
9351;59934;Querschnitt6073;WWQ_92_AKNeuf_1427_UM;WZG_92_AKNeuf_1427_UM_W4;37;9216403;48.31901495;11.62530528;6073;13.0;;Betriebsstatus1;Streckenstation1634;SST_92_AKNeuf_1427_UM;4;UZ Freising;A92 Richtung M.-Zentrum
9356;55127;Querschnitt6066;BMS_92_EOst_0010_XZ_;BMS_92_EOst_0010_XZ_Temp;2;9216420;48.32222277;11.63213774;6066;0.01;;Betriebsstatus1;Streckenstation1631;SST_92_EOst_0010_XZ;6;UZ Freising;A92 Richtung M.-Zentrum
9360;59765;Querschnitt6065;WWQ_92_EOst_0010_XZ;WZG_92_EOst_0010_XZ_W5;38;9216420;48.32227957;11.63192886;6065;14.098;;Betriebsstatus1;Streckenstation1631;SST_92_EOst_0010_XZ;4;UZ Freising;A92 Richtung M.-Zentrum
9371;59380;Querschnitt6068;BMS_92_EOst_0199_XZ_;BMS_92_EOst_0199_XZ_Temp;2;9216417;48.32209863;11.63018865;6068;0.199;;Betriebsstatus1;Streckenstation1632;SST_92_EOst_0199_XZ;6;UZ Freising;A92 Richtung M.-Zentrum
9375;51137;Querschnitt6076;MQ_92_EOst_0225_XZ;DET_92_EOst_0225_XZ_P1;177;9216417;48.32186685;11.63015283;6076;0.225;;Betriebsstatus1;Streckenstation1632;SST_92_EOst_0199_XZ;1;UZ Freising;A92 Richtung M.-Zentrum
9376;52448;Querschnitt6077;MQ_92_EOst_0595_FY;DET_92_EOst_0595_FY_P2;178;9216417;48.32183494;11.63026849;6077;0.595;;Betriebsstatus1;Streckenstation1632;SST_92_EOst_0199_XZ;1;UZ Freising;A92 Richtung M.-Zentrum
9377;51641;Querschnitt6067;WWQ_92_EOst_0225_XZ;WZG_92_EOst_0225_XZ_W2;35;9216417;48.32186685;11.63015283;6067;0.225;;Betriebsstatus1;Streckenstation1632;SST_92_EOst_0199_XZ;4;UZ Freising;A92 Richtung M.-Zentrum
9388;58547;Querschnitt6074;AQ_92_EOst_0625_FY;WZG_92_EOst_0625_FY_A1;161;9216416;48.32133113;11.63020942;6074;13.5;;Betriebsstatus1;Streckenstation1635;SST_92_EOst_0625_FY;4;UZ Freising;A92 Richtung M.-Zentrum
9392;61493;Querschnitt6071;BMS_92_EOst_0625_FY;BMS_92_EOst_0625_FY_Tuer;1;9216416;48.32164865;11.63034103;6071;0.625;;Betriebsstatus1;Streckenstation1635;SST_92_EOst_0625_FY;6;UZ Freising;A92 Richtung M.-Zentrum
9395;55236;Querschnitt6075;GMA_92_EOst_0625_FY;GMA_92_EOst_0625_FY_HK;1;9216416;48.32133113;11.63020942;6075;13.5;;Betriebsstatus1;Streckenstation1635;SST_92_EOst_0625_FY;3;UZ Freising;A92 Richtung M.-Zentrum
9396;57195;Querschnitt3448;AQ9-361-Nbg;WZG9-361-Nbg_A1;1;9030976;48.31171889;11.62406;3448;513.31;;Betriebsstatus1;Streckenstation834;SST9-361;4;UZ Freising;A9 Richtung Nürnberg
9400;59416;Querschnitt4032;BMS9-361;BMS9-361_Tuer;1;9030976;48.3116264;11.62421728;4032;513.305;;Betriebsstatus1;Streckenstation834;SST9-361;6;UZ Freising;A9 Richtung Nürnberg
9403;51035;Querschnitt3689;GMA_HK_9-361-Nbg;WUD_HK_9-361-Nbg;1;9030976;48.31177158;11.62419756;3689;513.31;;Betriebsstatus1;Streckenstation834;SST9-361;3;UZ Freising;A9 Richtung Nürnberg
9404;58275;Querschnitt3218;MQ9-361-Nbg_H;DET9-361-Nbg_H1;81;9030976;48.31165714;11.62389401;3218;513.31;;Betriebsstatus1;Streckenstation834;SST9-361;1;UZ Freising;A9 Richtung Nürnberg
9406;59944;Querschnitt3378;AQ92-010-Deg;WZG92-010-Deg_B1;65;9206036;48.2249259;11.54092778;3378;0.0;;Betriebsstatus1;Streckenstation922;SST92-010;4;UZ Freising;A92 Richtung Deggendorf
9410;51994;Querschnitt3948;BMS92-010;BMS92-010_Temp;2;9206036;48.22487167;11.54090471;3948;1.223;;Betriebsstatus1;Streckenstation922;SST92-010;6;UZ Freising;A92 Richtung Deggendorf
9413;59400;Querschnitt3631;GMA_HK_92-010-Deg;WUD_HK_92-010;1;9206036;48.2249259;11.54092778;3631;1.233;;Betriebsstatus1;Streckenstation922;SST92-010;3;UZ Freising;A92 Richtung Deggendorf
9414;55123;Querschnitt3121;MQ92-010-Deg_E;DET92-010-Deg_E1;129;9206036;48.2249259;11.54092778;3121;0.0;;Betriebsstatus1;Streckenstation922;SST92-010;1;UZ Freising;A92 Richtung Deggendorf
9416;50814;Querschnitt3379;AQ92-020-Deg;WZG92-020-Deg_A2;2;9206014;48.23007121;11.54305269;3379;0.5;;Betriebsstatus1;Streckenstation921;SST92-020-030;4;UZ Freising;A92 Richtung Deggendorf
9420;55295;Querschnitt3380;AQ92-030-Deg;WZG92-030-Deg_C1;74;9206014;48.23015052;11.54307137;3380;1.006;;Betriebsstatus1;Streckenstation921;SST92-020-030;4;UZ Freising;A92 Richtung Deggendorf
9424;50641;Querschnitt3949;BMS92-020;BMS92-020_Tuer;1;9206014;48.22993128;11.54307682;3949;0.488;;Betriebsstatus1;Streckenstation921;SST92-020-030;6;UZ Freising;A92 Richtung Deggendorf
9427;59087;Querschnitt3632;GMA_HK_92-020-Deg;WUD_HK_92-020;1;9206014;48.230075;11.54305683;3632;0.5;;Betriebsstatus1;Streckenstation921;SST92-020-030;3;UZ Freising;A92 Richtung Deggendorf
9428;59536;Querschnitt3633;GMA_HK_92-030-Deg;WUD_HK_92-030;2;9206014;48.23016976;11.54311669;3633;1.006;;Betriebsstatus1;Streckenstation921;SST92-020-030;3;UZ Freising;A92 Richtung Deggendorf
9429;53594;Querschnitt3122;MQ92-020-Deg_E;DET92-020-Deg_E2;2;9206014;48.23006364;11.54304778;3122;0.5;;Betriebsstatus1;Streckenstation921;SST92-020-030;1;UZ Freising;A92 Richtung Deggendorf
9431;53325;Querschnitt3123;MQ92-030-Deg_E;DET92-030-Deg_E1;129;9206014;48.23016653;11.54309492;3123;1.006;;Betriebsstatus1;Streckenstation921;SST92-020-030;1;UZ Freising;A92 Richtung Deggendorf
9433;51830;Querschnitt3381;AQ92-040-Deg;WZG92-040-Deg_B1;65;9206043;48.23874326;11.53734568;3381;1.5;;Betriebsstatus1;Streckenstation923;SST92-040;4;UZ Freising;A92 Richtung Deggendorf
9437;55466;Querschnitt3950;BMS92-040;BMS92-040_Netz;3;9206043;48.23848286;11.53753582;3950;1.47;;Betriebsstatus1;Streckenstation923;SST92-040;6;UZ Freising;A92 Richtung Deggendorf
9440;52331;Querschnitt3634;GMA_HK_92-040-Deg;WUD_HK_92-040;1;9206043;48.23874245;11.53734515;3634;1.5;;Betriebsstatus1;Streckenstation923;SST92-040;3;UZ Freising;A92 Richtung Deggendorf
9441;56684;Querschnitt3124;MQ92-040-Deg_H;DET92-040-Deg_H2;2;9206043;48.23874353;11.53734514;3124;1.5;77359005;Betriebsstatus1;Streckenstation923;SST92-040;1;UZ Freising;A92 Richtung Deggendorf
9443;61176;Querschnitt3951;BMS92-042;BMS92-042_Tuer;1;9206085;48.25044569;11.53293477;3951;2.85;;Betriebsstatus1;Streckenstation924;SST92-042;6;UZ Freising;A92 Richtung Deggendorf
9446;62181;Querschnitt3125;MQ92-042-Deg_H;DET92-042-Deg_H1;1;9206085;48.25041246;11.53290101;3125;2.85;;Betriebsstatus1;Streckenstation924;SST92-042;1;UZ Freising;A92 Richtung Deggendorf
9448;59626;Querschnitt3952;BMS92-045;BMS92-045_Netz;3;9206095;48.25338903;11.53314447;3952;3.2;;Betriebsstatus1;Streckenstation925;SST92-045;6;UZ Freising;A92 Richtung Deggendorf
9451;60656;Querschnitt3126;MQ92-045-Deg_A;DET92-045-Deg_A1;65;9206095;48.25320683;11.53365368;3126;3.2;;Betriebsstatus1;Streckenstation925;SST92-045;1;UZ Freising;A92 Richtung Deggendorf
9452;61156;Querschnitt3127;MQ92-045-Deg_E;DET92-045-Deg_E1;129;9206095;48.2533788;11.53370423;3127;3.2;;Betriebsstatus1;Streckenstation925;SST92-045;1;UZ Freising;A92 Richtung Deggendorf
9453;62761;Querschnitt3382;AQ92-050-Deg;WZG92-050-Deg_A2;2;9206104;48.25640894;11.53374001;3382;3.53;;Betriebsstatus1;Streckenstation926;SST92-050;4;UZ Freising;A92 Richtung Deggendorf
9457;57193;Querschnitt3953;BMS92-050;BMS92-050_Tuer;1;9206104;48.25614591;11.53369998;3953;3.5;;Betriebsstatus1;Streckenstation926;SST92-050;6;UZ Freising;A92 Richtung Deggendorf
9460;51193;Querschnitt3635;GMA_HK_92-050-Deg;WUD_HK_92-050;1;9206104;48.25640518;11.53374408;3635;3.53;;Betriebsstatus1;Streckenstation926;SST92-050;3;UZ Freising;A92 Richtung Deggendorf
9461;52259;Querschnitt3128;MQ92-050-Deg_H;DET92-050-Deg_H2;2;9206104;48.25640652;11.53374165;3128;3.53;77359006;Betriebsstatus1;Streckenstation926;SST92-050;1;UZ Freising;A92 Richtung Deggendorf
9463;55587;Querschnitt3383;AQ92-060-Deg;WZG92-060-Deg_B1;65;9206167;48.2735928;11.54455591;3383;5.625;;Betriebsstatus1;Streckenstation927;SST92-060;4;UZ Freising;A92 Richtung Deggendorf
9467;52018;Querschnitt3954;BMS92-060;BMS92-060_Tuer;1;9206167;48.27337502;11.54440535;3954;5.595;;Betriebsstatus1;Streckenstation927;SST92-060;6;UZ Freising;A92 Richtung Deggendorf
9470;56065;Querschnitt3636;GMA_HK_92-060-Deg;WUD_HK_92-060;1;9206167;48.2735928;11.54455591;3636;5.625;;Betriebsstatus1;Streckenstation927;SST92-060;3;UZ Freising;A92 Richtung Deggendorf
9471;57094;Querschnitt3129;MQ92-060-Deg_H;DET92-060-Deg_H1;1;9206167;48.2735928;11.54455591;3129;5.625;;Betriebsstatus1;Streckenstation927;SST92-060;1;UZ Freising;A92 Richtung Deggendorf
9473;62858;Querschnitt3850;NMG92-060-Deg;WUD_SW_92-060-Deg;73;9206167;48.27348043;11.54447514;3850;5.605;;Betriebsstatus1;Streckenstation927;SST92-060;3;UZ Freising;A92 Richtung Deggendorf
9474;61072;Querschnitt3384;AQ92-070-Deg;WZG92-070-Deg_A1;1;9206230;48.28829791;11.56363098;3384;7.8;;Betriebsstatus1;Streckenstation928;SST92-070;4;UZ Freising;A92 Richtung Deggendorf
9478;61333;Querschnitt3955;BMS92-070;BMS92-070_Temp;2;9206230;48.28812672;11.56333247;3955;7.74;;Betriebsstatus1;Streckenstation928;SST92-070;6;UZ Freising;A92 Richtung Deggendorf
9481;54232;Querschnitt3637;GMA_HK_92-070-Deg;WUD_HK_92-070;1;9206230;48.28830141;11.56363068;3637;7.8;;Betriebsstatus1;Streckenstation928;SST92-070;3;UZ Freising;A92 Richtung Deggendorf
9482;57043;Querschnitt3130;MQ92-070-Deg_H;DET92-070-Deg_H2;2;9206230;48.28829638;11.56363234;3130;7.8;;Betriebsstatus1;Streckenstation928;SST92-070;1;UZ Freising;A92 Richtung Deggendorf
9484;61636;Querschnitt3956;BMS92-075;BMS92-075_Netz;3;9206278;48.29660323;11.58039399;3956;9.345;;Betriebsstatus1;Streckenstation930;SST92-075;6;UZ Freising;A92 Richtung Deggendorf
9487;55408;Querschnitt3131;MQ92-075-Deg_A;DET92-075-Deg_A1;65;9206278;48.29605017;11.58042547;3131;9.345;;Betriebsstatus1;Streckenstation930;SST92-075;1;UZ Freising;A92 Richtung Deggendorf
9488;54261;Querschnitt3132;MQ92-075-Deg_E;DET92-075-Deg_E1;129;9206278;48.29614994;11.58068114;3132;9.345;;Betriebsstatus1;Streckenstation930;SST92-075;1;UZ Freising;A92 Richtung Deggendorf
9489;52744;Querschnitt3957;BMS92-076;BMS92-076_Tuer;1;9206277;48.29366224;11.58003625;3957;9.295;;Betriebsstatus1;Streckenstation929;SST92-076;6;UZ Freising;A92 Richtung Deggendorf
9492;57981;Querschnitt3133;MQ92-076-Deg_E;DET92-076-Deg_E1;1;9206277;48.29438957;11.57941062;3133;9.295;;Betriebsstatus1;Streckenstation929;SST92-076;1;UZ Freising;A92 Richtung Deggendorf
9494;62640;Querschnitt3385;AQ92-080-Deg;WZG92-080-Deg_B1;65;9206290;48.29899755;11.58528362;3385;9.8;;Betriebsstatus1;Streckenstation931;SST92-080;4;UZ Freising;A92 Richtung Deggendorf
9498;62255;Querschnitt3958;BMS92-080;BMS92-080_Temp;2;9206290;48.29885027;11.58496565;3958;9.77;;Betriebsstatus1;Streckenstation931;SST92-080;6;UZ Freising;A92 Richtung Deggendorf
9501;59898;Querschnitt3638;GMA_HK_92-080-Deg;WUD_HK_92-080;1;9206290;48.29899682;11.58528012;3638;9.8;;Betriebsstatus1;Streckenstation931;SST92-080;3;UZ Freising;A92 Richtung Deggendorf
9502;59829;Querschnitt3134;MQ92-080-Deg_H;DET92-080-Deg_H2;2;9206290;48.29899691;11.58527999;3134;9.8;;Betriebsstatus1;Streckenstation931;SST92-080;1;UZ Freising;A92 Richtung Deggendorf
9504;51784;Querschnitt3386;AQ92-090-Deg;WZG92-090-Deg_A2;2;9206329;48.30583244;11.59952175;3386;11.1;;Betriebsstatus1;Streckenstation932;SST92-090;4;UZ Freising;A92 Richtung Deggendorf
9508;60298;Querschnitt3959;BMS92-090;BMS92-090_Temp;2;9206329;48.30568696;11.5991689;3959;11.07;;Betriebsstatus1;Streckenstation932;SST92-090;6;UZ Freising;A92 Richtung Deggendorf
9511;58693;Querschnitt3639;GMA_HK_92-090-Deg;WUD_HK_92-090;1;9206329;48.30583244;11.59952175;3639;11.1;;Betriebsstatus1;Streckenstation932;SST92-090;3;UZ Freising;A92 Richtung Deggendorf
9512;60170;Querschnitt3135;MQ92-090-Deg_H;DET92-090-Deg_H1;1;9206329;48.30582787;11.59952678;3135;11.1;76359004;Betriebsstatus1;Streckenstation932;SST92-090;1;UZ Freising;A92 Richtung Deggendorf
9515;55606;Querschnitt3851;NMG92-090-Deg;WUD_SW_92-090-Deg;73;9206329;48.30583738;11.59933919;3851;11.07;;Betriebsstatus1;Streckenstation932;SST92-090;3;UZ Freising;A92 Richtung Deggendorf
9516;59612;Querschnitt3794;WS_GMA92-090-Deg;WUD_LT_92-090-Deg;65;9206329;48.30592999;11.59930827;3794;11.07;;Betriebsstatus1;Streckenstation932;SST92-090;3;UZ Freising;A92 Richtung Deggendorf
9527;55346;Querschnitt3795;WS_GMA92-090-Mch;WUD_FBZ_92-090-Mch;100;9206329;48.306021;11.59923126;3795;11.07;;Betriebsstatus1;Streckenstation932;SST92-090;3;UZ Freising;A92 Richtung M.-Zentrum
9533;50528;Querschnitt3387;AQ92-100-Deg;WZG92-100-Deg_C1;73;9206355;48.31030795;11.60878743;3387;11.95;;Betriebsstatus1;Streckenstation933;SST92-100;4;UZ Freising;A92 Richtung Deggendorf
9537;51655;Querschnitt3961;BMS92-100;BMS92-100_Temp;2;9206355;48.31015788;11.6084506;3961;11.93;;Betriebsstatus1;Streckenstation933;SST92-100;6;UZ Freising;A92 Richtung Deggendorf
9540;59750;Querschnitt3640;GMA_HK_92-100-Deg;WUD_HK_92-100;1;9206355;48.31032429;11.60877867;3640;11.95;;Betriebsstatus1;Streckenstation933;SST92-100;3;UZ Freising;A92 Richtung Deggendorf
9541;56721;Querschnitt3136;MQ92-100-Deg_H;DET92-100-Deg_H1;1;9206355;48.31014519;11.6083667;3136;11.913;;Betriebsstatus1;Streckenstation933;SST92-100;1;UZ Freising;A92 Richtung Deggendorf
9544;59767;Querschnitt3389;AQ92-117-Deg;WZG92-117-Deg_A2;2;9206395;48.31724368;11.62437199;3389;1.276;;Betriebsstatus1;Streckenstation934;SST92-117;4;UZ Freising;A92 Richtung Deggendorf
9548;51909;Querschnitt3962;BMS92-117;BMS92-117_Temp;2;9206395;48.31708278;11.62428485;3962;1.24;;Betriebsstatus1;Streckenstation934;SST92-117;6;UZ Freising;A92 Richtung Deggendorf
9551;51924;Querschnitt3642;GMA_HK_92-117-Deg;WUD_HK_92-117;1;9206395;48.31724287;11.6243701;3642;1.276;;Betriebsstatus1;Streckenstation934;SST92-117;3;UZ Freising;A92 Richtung Deggendorf
9552;59523;Querschnitt3138;MQ92-117-Deg_P;DET92-117-Deg_P2;82;9206395;48.31724757;11.62437668;3138;1.24;;Betriebsstatus1;Streckenstation934;SST92-117;1;UZ Freising;A92 Richtung Deggendorf
9554;59681;Querschnitt3390;AQ92-120-Deg;WZG92-120-Deg_A1;1;9206396;48.31754459;11.62398443;3390;13.29;;Betriebsstatus1;Streckenstation935;SST92-120;4;UZ Freising;A92 Richtung Deggendorf
9558;55420;Querschnitt3963;BMS92-120;BMS92-120_Temp;2;9206396;48.31751587;11.62367183;3963;13.26;;Betriebsstatus1;Streckenstation935;SST92-120;6;UZ Freising;A92 Richtung Deggendorf
9561;56524;Querschnitt3643;GMA_HK_92-120-Deg;WUD_HK_92-120;1;9206396;48.31754487;11.62398901;3643;13.29;;Betriebsstatus1;Streckenstation935;SST92-120;3;UZ Freising;A92 Richtung Deggendorf
9562;51121;Querschnitt3139;MQ92-120-Deg_P;DET92-120-Deg_P1;81;9206396;48.31754499;11.62399616;3139;13.29;;Betriebsstatus1;Streckenstation935;SST92-120;1;UZ Freising;A92 Richtung Deggendorf
9564;55012;Querschnitt3796;WS_GMA92-120-Deg;WUD_GT_92-120-Deg;75;9206396;48.31750565;11.62401276;3796;13.34;;Betriebsstatus1;Streckenstation935;SST92-120;3;UZ Freising;A92 Richtung Deggendorf
9574;56392;Querschnitt3391;AQ92-130-Deg;WZG92-130-Deg_A2;4;9206417;48.32116173;11.63100176;3391;14.0;;Betriebsstatus1;Streckenstation936;SST92-130;4;UZ Freising;A92 Richtung Deggendorf
9578;59402;Querschnitt3392;AQ92-130-Deg_P;WZG92-130-Deg_P_A1;1;9206417;48.32106136;11.63128215;3392;1.933;;Betriebsstatus1;Streckenstation936;SST92-130;4;UZ Freising;A92 Richtung Deggendorf
9582;60895;Querschnitt3964;BMS92-130;BMS92-130_Netz;3;9206417;48.32100286;11.63129578;3964;13.99;;Betriebsstatus1;Streckenstation936;SST92-130;6;UZ Freising;A92 Richtung Deggendorf
9585;58294;Querschnitt3644;GMA_HK_92-130-Deg;WUD_HK_92-130;1;9206417;48.32106202;11.6312901;3644;14.0;;Betriebsstatus1;Streckenstation936;SST92-130;3;UZ Freising;A92 Richtung Deggendorf
9586;59042;Querschnitt3645;GMA_HK_92-130-Deg_P;WUD_HK_92-130_P;2;9206417;48.32105937;11.63127933;3645;14.0;;Betriebsstatus1;Streckenstation936;SST92-130;3;UZ Freising;A92 Richtung Deggendorf
9587;54093;Querschnitt3140;MQ92-130-Deg_A;DET92-130-Deg_A1;65;9206417;48.32086735;11.63104757;3140;13.39;;Betriebsstatus1;Streckenstation936;SST92-130;1;UZ Freising;A92 Richtung Deggendorf
9588;53307;Querschnitt3141;MQ92-130-Deg_H;DET92-130-Deg_H1;1;9206417;48.32116395;11.63116113;3141;14.0;;Betriebsstatus1;Streckenstation936;SST92-130;1;UZ Freising;A92 Richtung Deggendorf
9590;56450;Querschnitt3142;MQ92-130-Deg_P;DET92-130-Deg_P2;146;9206417;48.32105642;11.6312842;3142;14.0;;Betriebsstatus1;Streckenstation936;SST92-130;1;UZ Freising;A92 Richtung Deggendorf
9592;51877;Querschnitt3852;NMG92-130-Deg;WUD_SW_92-130-Deg;73;9206417;48.32102027;11.63134123;3852;14.0;;Betriebsstatus1;Streckenstation936;SST92-130;3;UZ Freising;A92 Richtung Deggendorf
9593;51772;Querschnitt3393;AQ92-140-Deg;WZG92-140-Deg_A1;129;9206419;48.32182289;11.63305418;3393;14.1;;Betriebsstatus1;Streckenstation937;SST92-140;4;UZ Freising;A92 Richtung Deggendorf
9596;59440;Querschnitt3965;BMS92-140;BMS92-140_Temp;2;9206419;48.3216967;11.63273928;3965;14.1;;Betriebsstatus1;Streckenstation937;SST92-140;6;UZ Freising;A92 Richtung Deggendorf
9599;61527;Querschnitt3646;GMA_HK_92-140-Deg;WUD_HK_92-140;1;9206419;48.32182289;11.63305418;3646;14.1;;Betriebsstatus1;Streckenstation937;SST92-140;3;UZ Freising;A92 Richtung Deggendorf
9600;51429;Querschnitt3143;MQ92-140-Deg_E;DET92-140-Deg_E1;129;9206419;48.32116265;11.6326417;3143;14.11;;Betriebsstatus1;Streckenstation937;SST92-140;1;UZ Freising;A92 Richtung Deggendorf
9601;51651;Querschnitt3394;AQ92-150-Deg;WZG92-150-Deg_A2;2;9206451;48.32677638;11.64467679;3394;15.2;;Betriebsstatus1;Streckenstation938;SST92-150;4;UZ Freising;A92 Richtung Deggendorf
9608;53561;Querschnitt3966;BMS92-150;BMS92-150_Netz;3;9206451;48.32665421;11.64431299;3966;15.17;;Betriebsstatus1;Streckenstation938;SST92-150;6;UZ Freising;A92 Richtung Deggendorf
9611;54029;Querschnitt3647;GMA_HK_92-150-Deg;WUD_HK_92-150;1;9206451;48.3266989;11.64442825;3647;15.2;;Betriebsstatus1;Streckenstation938;SST92-150;3;UZ Freising;A92 Richtung Deggendorf
9612;53360;Querschnitt3144;MQ92-150-Deg_H;DET92-150-Deg_H3;3;9206451;48.32677861;11.64467246;3144;15.2;;Betriebsstatus1;Streckenstation938;SST92-150;1;UZ Freising;A92 Richtung Deggendorf
9615;59627;Querschnitt3853;NMG92-150-Deg;WUD_SW_92-150-Deg;73;9206451;48.32669603;11.64443083;3853;15.18;;Betriebsstatus1;Streckenstation938;SST92-150;3;UZ Freising;A92 Richtung Deggendorf
9616;59366;Querschnitt3797;WS_GMA92-150-Deg;WUD_RLF_92-150-Deg;69;9206451;48.32669961;11.64442609;3797;15.17;;Betriebsstatus1;Streckenstation938;SST92-150;3;UZ Freising;A92 Richtung Deggendorf
9627;51704;Querschnitt3798;WS_GMA92-150-Mch;WUD_GT_92-150-Mch;103;9206451;48.32589903;11.64108361;3798;15.17;;Betriebsstatus1;Streckenstation938;SST92-150;3;UZ Freising;A92 Richtung M.-Zentrum
9633;60023;Querschnitt3395;AQ92-160-Deg;WZG92-160-Deg_B1;65;9206502;48.33171019;11.66631694;3395;16.9;;Betriebsstatus1;Streckenstation939;SST92-160;4;UZ Freising;A92 Richtung Deggendorf
9640;60270;Querschnitt3967;BMS92-160;BMS92-160_Temp;2;9206502;48.33162514;11.6658909;3967;16.87;;Betriebsstatus1;Streckenstation939;SST92-160;6;UZ Freising;A92 Richtung Deggendorf
9643;52483;Querschnitt3648;GMA_HK_92-160-Deg;WUD_HK_92-160;1;9206502;48.33170731;11.66631494;3648;16.9;;Betriebsstatus1;Streckenstation939;SST92-160;3;UZ Freising;A92 Richtung Deggendorf
9644;60497;Querschnitt3145;MQ92-160-Deg_H;DET92-160-Deg_H2;2;9206502;48.33170578;11.66631387;3145;16.9;76359007;Betriebsstatus1;Streckenstation939;SST92-160;1;UZ Freising;A92 Richtung Deggendorf
9647;52382;Querschnitt3396;AQ92-170-Deg;WZG92-170-Deg_A2;2;9206556;48.33276787;11.69022158;3396;18.68;;Betriebsstatus1;Streckenstation940;SST92-170;4;UZ Freising;A92 Richtung Deggendorf
9654;53732;Querschnitt3968;BMS92-170;BMS92-170_Netz;3;9206556;48.33273822;11.68986287;3968;18.65;;Betriebsstatus1;Streckenstation940;SST92-170;6;UZ Freising;A92 Richtung Deggendorf
9657;63063;Querschnitt3649;GMA_HK_92-170-Deg;WUD_HK_92-170;1;9206556;48.33276511;11.69023037;3649;18.68;;Betriebsstatus1;Streckenstation940;SST92-170;3;UZ Freising;A92 Richtung Deggendorf
9658;55616;Querschnitt3146;MQ92-170-Deg_H;DET92-170-Deg_H1;1;9206556;48.33276639;11.69023818;3146;18.68;;Betriebsstatus1;Streckenstation940;SST92-170;1;UZ Freising;A92 Richtung Deggendorf
9661;57122;Querschnitt3854;NMG92-170-Deg;WUD_SW_92-170-Deg;73;9206556;48.33274668;11.68999823;3854;18.68;;Betriebsstatus1;Streckenstation940;SST92-170;3;UZ Freising;A92 Richtung Deggendorf
9662;55102;Querschnitt3969;BMS92-175;BMS92-175_Netz;3;9206580;48.33373749;11.69862868;3969;19.5;;Betriebsstatus1;Streckenstation941;SST92-175;6;UZ Freising;A92 Richtung Deggendorf
9665;53269;Querschnitt3147;MQ92-175-Deg_A;DET92-175-Deg_A1;65;9206580;48.33372699;11.69867244;3147;19.45;;Betriebsstatus1;Streckenstation941;SST92-175;1;UZ Freising;A92 Richtung Deggendorf
9666;55410;Querschnitt3148;MQ92-175-Deg_E;DET92-175-Deg_E1;129;9206580;48.33437021;11.70141664;3148;19.45;;Betriebsstatus1;Streckenstation941;SST92-175;1;UZ Freising;A92 Richtung Deggendorf
9667;51785;Querschnitt3397;AQ92-180-Deg;WZG92-180-Deg_A1;1;9206601;48.33736524;11.70832793;3397;20.125;;Betriebsstatus1;Streckenstation942;SST92-180;4;UZ Freising;A92 Richtung Deggendorf
9674;51201;Querschnitt3970;BMS92-180;BMS92-180_Netz;3;9206601;48.33722048;11.70809096;3970;20.095;;Betriebsstatus1;Streckenstation942;SST92-180;6;UZ Freising;A92 Richtung Deggendorf
9677;63091;Querschnitt3650;GMA_HK_92-180-Deg;WUD_HK_92-180;1;9206601;48.33738737;11.70829395;3650;20.125;;Betriebsstatus1;Streckenstation942;SST92-180;3;UZ Freising;A92 Richtung Deggendorf
9678;57410;Querschnitt3149;MQ92-180-Deg_H;DET92-180-Deg_H3;3;9206601;48.33736614;11.7083286;3149;20.125;76369008;Betriebsstatus1;Streckenstation942;SST92-180;1;UZ Freising;A92 Richtung Deggendorf
9681;60394;Querschnitt3855;NMG92-180-Deg;WUD_SW_92-180-Deg;73;9206601;48.33729721;11.70820423;3855;20.16;;Betriebsstatus1;Streckenstation942;SST92-180;3;UZ Freising;A92 Richtung Deggendorf
9682;55747;Querschnitt3799;WS_GMA92-180-Deg;WUD_GT_92-180-Deg;75;9206601;48.33745873;11.70820574;3799;20.21;;Betriebsstatus1;Streckenstation942;SST92-180;3;UZ Freising;A92 Richtung Deggendorf
9693;57994;Querschnitt3800;WS_GMA92-180-Mch;WUD_GT_92-180-Mch;103;9206601;48.33760382;11.70797223;3800;20.21;;Betriebsstatus1;Streckenstation942;SST92-180;3;UZ Freising;A92 Richtung M.-Zentrum
9699;61290;Querschnitt3398;AQ92-200-Deg;WZG92-200-Deg_BL2;4;9206618;48.34187065;11.71406277;3398;20.772;;Betriebsstatus1;Streckenstation944;SST92-200;4;UZ Freising;A92 Richtung Deggendorf
9703;55937;Querschnitt3971;BMS92-200;BMS92-200_Temp;2;9206618;48.34164574;11.7138869;3971;20.75;;Betriebsstatus1;Streckenstation944;SST92-200;6;UZ Freising;A92 Richtung Deggendorf
9706;53078;Querschnitt3399;AQ92-210-Deg;WZG92-210-Deg_A1;1;9206625;48.34346154;11.71585373;3399;20.995;;Betriebsstatus1;Streckenstation945;SST92-210;4;UZ Freising;A92 Richtung Deggendorf
9713;61371;Querschnitt3972;BMS92-210;BMS92-210_Netz;3;9206625;48.34332001;11.71575429;3972;20.97;;Betriebsstatus1;Streckenstation945;SST92-210;6;UZ Freising;A92 Richtung Deggendorf
9716;59178;Querschnitt3651;GMA_HK_92-210-Deg;WUD_HK_92-210;1;9206625;48.34345473;11.71586213;3651;20.995;;Betriebsstatus1;Streckenstation945;SST92-210;3;UZ Freising;A92 Richtung Deggendorf
9717;61755;Querschnitt3150;MQ92-210-Deg_H;DET92-210-Deg_H2;2;9206625;48.34346154;11.71585373;3150;20.958;;Betriebsstatus1;Streckenstation945;SST92-210;1;UZ Freising;A92 Richtung Deggendorf
9720;53069;Querschnitt3400;AQ92-215-Deg;WZG92-215-Deg_BL1;3;9206604;48.34570749;11.71905704;3400;21.34;;Betriebsstatus1;Streckenstation943;SST92-215;4;UZ Freising;A92 Richtung Deggendorf
9724;62186;Querschnitt3973;BMS92-215;BMS92-215_Netz;3;9206604;48.34545787;11.71869983;3973;21.31;;Betriebsstatus1;Streckenstation943;SST92-215;6;UZ Freising;A92 Richtung Deggendorf
9727;55189;Querschnitt3401;AQ92-220-Deg;WZG92-220-Deg_BL1;3;9206642;48.34706345;11.72160966;3401;21.6;;Betriebsstatus1;Streckenstation946;SST92-220;4;UZ Freising;A92 Richtung Deggendorf
9731;60581;Querschnitt3974;BMS92-220;BMS92-220_Tuer;1;9206642;48.34693437;11.72137602;3974;21.57;;Betriebsstatus1;Streckenstation946;SST92-220;6;UZ Freising;A92 Richtung Deggendorf
9734;55830;Querschnitt3402;AQ92-230-Deg;WZG92-230-Deg_C1;73;9206658;48.35007106;11.72686658;3402;22.118;;Betriebsstatus1;Streckenstation948;SST92-230;4;UZ Freising;A92 Richtung Deggendorf
9738;59435;Querschnitt3975;BMS92-230;BMS92-230_Netz;3;9206658;48.34987539;11.72668252;3975;22.088;;Betriebsstatus1;Streckenstation948;SST92-230;6;UZ Freising;A92 Richtung Deggendorf
9741;56280;Querschnitt3652;GMA_HK_92-230-Deg;WUD_HK_92-230;1;9206658;48.35007106;11.72686658;3652;22.188;;Betriebsstatus1;Streckenstation948;SST92-230;3;UZ Freising;A92 Richtung Deggendorf
9742;50914;Querschnitt3151;MQ92-230-Deg_H;DET92-230-Deg_H1;1;9206658;48.35007303;11.72686266;3151;22.118;76369009;Betriebsstatus1;Streckenstation948;SST92-230;1;UZ Freising;A92 Richtung Deggendorf
9744;61423;Querschnitt3856;NMG92-230-Deg;WUD_SW_92-230-Deg;73;9206658;48.34997779;11.72678424;3856;22.088;;Betriebsstatus1;Streckenstation948;SST92-230;3;UZ Freising;A92 Richtung Deggendorf
9745;50672;Querschnitt3403;AQ92-240-Deg;WZG92-240-Deg_A1;33;9206655;48.34950082;11.72648943;3403;0.914;;Betriebsstatus1;Streckenstation947;SST92-240;4;UZ Freising;A92 Richtung Deggendorf
9749;56586;Querschnitt3976;BMS92-240;BMS92-240_Tuer;1;9206655;48.34942866;11.72602193;3976;0.9;;Betriebsstatus1;Streckenstation947;SST92-240;6;UZ Freising;A92 Richtung Deggendorf
9752;57500;Querschnitt3653;GMA_HK_92-240-Deg;WUD_HK_92-240;33;9206655;48.349501;11.72649051;3653;0.914;;Betriebsstatus1;Streckenstation947;SST92-240;3;UZ Freising;A92 Richtung Deggendorf
9753;50875;Querschnitt3152;MQ92-240-Deg_A;DET92-240-Deg_A2;34;9206655;48.34952687;11.72644032;3152;0.914;;Betriebsstatus1;Streckenstation947;SST92-240;1;UZ Freising;A92 Richtung Deggendorf
9755;66798;Querschnitt6966;AQ92-250-Mch;WZG92-250-Mch_A2;2;9216670;48.35139559;11.73112547;3404;0.481;;Betriebsstatus1;Streckenstation2040;SST92-250;4;UZ Freising;A92 Richtung M.-Zentrum
9759;66772;Querschnitt6967;BMS92-250_Mch;BMS92-250_Tuer;1;9216670;48.35129638;11.73166122;3977;0.158;;Betriebsstatus1;Streckenstation2040;SST92-250;6;UZ Freising;A92 Richtung M.-Zentrum
9762;66776;Querschnitt6968;GMA_HK_92-250-Mch;WUD_HK_92-250;1;9216670;48.35139586;11.73112601;;0.2;;Betriebsstatus1;Streckenstation2040;SST92-250;3;UZ Freising;A92 Richtung M.-Zentrum
9763;66751;Querschnitt6965;MQ92-250-Mch_E;DET92-250-Mch_E1;1;9216670;48.35139559;11.73112547;;0.481;;Betriebsstatus1;Streckenstation2040;SST92-250;1;UZ Freising;A92 Richtung M.-Zentrum
9765;54186;Querschnitt3405;AQ92-260-Deg;WZG92-260-Deg_A2;2;9206707;48.36364211;11.73693409;3405;23.775;;Betriebsstatus1;Streckenstation949;SST92-260;4;UZ Freising;A92 Richtung Deggendorf
9769;56869;Querschnitt3978;BMS92-260;BMS92-260_Tuer;1;9206707;48.36335007;11.73680293;3978;23.745;;Betriebsstatus1;Streckenstation949;SST92-260;6;UZ Freising;A92 Richtung Deggendorf
9772;52029;Querschnitt3655;GMA_HK_92-260-Deg;WUD_HK_92-260;1;9206707;48.36363995;11.73693626;3655;23.775;;Betriebsstatus1;Streckenstation949;SST92-260;3;UZ Freising;A92 Richtung Deggendorf
9773;57197;Querschnitt3154;MQ92-260-Deg_H;DET92-260-Deg_H1;1;9206707;48.36364032;11.73693801;3154;23.775;;Betriebsstatus1;Streckenstation949;SST92-260;1;UZ Freising;A92 Richtung Deggendorf
9775;56732;Querschnitt3406;AQ92-270-Deg;WZG92-270-Deg_A1;129;9206724;48.36816371;11.74147068;3406;24.35;;Betriebsstatus1;Streckenstation950;SST92-270;4;UZ Freising;A92 Richtung Deggendorf
9778;60349;Querschnitt3979;BMS92-270;BMS92-270_Temp;2;9206724;48.36799064;11.74145293;3979;24.33;;Betriebsstatus1;Streckenstation950;SST92-270;6;UZ Freising;A92 Richtung Deggendorf
9781;53694;Querschnitt3656;GMA_HK_92-270-Deg;WUD_HK_92-270;1;9206724;48.36816371;11.74147068;3656;24.35;;Betriebsstatus1;Streckenstation950;SST92-270;3;UZ Freising;A92 Richtung Deggendorf
9782;59661;Querschnitt3980;BMS92-280;BMS92-280_Temp;2;9206744;48.37142058;11.74541695;3980;25.0;;Betriebsstatus1;Streckenstation951;SST92-280;6;UZ Freising;A92 Richtung Deggendorf
9785;61653;Querschnitt3155;MQ92-280-Deg_A;DET92-280-Deg_A1;65;9206744;48.37129667;11.74599174;3155;25.0;;Betriebsstatus1;Streckenstation951;SST92-280;1;UZ Freising;A92 Richtung Deggendorf
9786;57595;Querschnitt3156;MQ92-280-Deg_E;DET92-280-Deg_E1;129;9206744;48.37134769;11.74621298;3156;25.0;;Betriebsstatus1;Streckenstation951;SST92-280;1;UZ Freising;A92 Richtung Deggendorf
9787;55372;Querschnitt3407;AQ92-290-Deg;WZG92-290-Deg_C1;73;9206752;48.37441227;11.74910396;3407;25.3;;Betriebsstatus1;Streckenstation952;SST92-290;4;UZ Freising;A92 Richtung Deggendorf
9791;61854;Querschnitt3981;BMS92-290;BMS92-290_Temp;2;9206752;48.37418057;11.74887994;3981;25.27;;Betriebsstatus1;Streckenstation952;SST92-290;6;UZ Freising;A92 Richtung Deggendorf
9794;54845;Querschnitt3657;GMA_HK_92-290-Deg;WUD_HK_92-290;1;9206752;48.37441254;11.74910261;3657;25.3;;Betriebsstatus1;Streckenstation952;SST92-290;3;UZ Freising;A92 Richtung Deggendorf
9795;60442;Querschnitt3157;MQ92-290-Deg_H;DET92-290-Deg_H2;2;9206752;48.37441171;11.74909546;3157;25.3;76369010;Betriebsstatus1;Streckenstation952;SST92-290;1;UZ Freising;A92 Richtung Deggendorf
9797;61656;Querschnitt3408;AQ92-300-Deg;WZG92-300-Deg_A2;2;9206804;48.38387944;11.76759486;3408;27.05;;Betriebsstatus1;Streckenstation953;SST92-300;4;UZ Freising;A92 Richtung Deggendorf
9801;50872;Querschnitt3982;BMS92-300;BMS92-300_Temp;2;9206804;48.38373662;11.76745794;3982;27.02;;Betriebsstatus1;Streckenstation953;SST92-300;6;UZ Freising;A92 Richtung Deggendorf
9804;55916;Querschnitt3658;GMA_HK_92-300-Deg;WUD_HK_92-300;1;9206804;48.38387826;11.76759041;3658;27.05;;Betriebsstatus1;Streckenstation953;SST92-300;3;UZ Freising;A92 Richtung Deggendorf
9805;61938;Querschnitt3158;MQ92-300-Deg_H;DET92-300-Deg_H1;1;9206804;48.38388168;11.7675912;3158;27.05;;Betriebsstatus1;Streckenstation953;SST92-300;1;UZ Freising;A92 Richtung Deggendorf
9807;55226;Querschnitt3983;BMS92-310;BMS92-310_Tuer;1;9206835;48.38792006;11.78158017;3983;28.05;;Betriebsstatus1;Streckenstation954;SST92-310;6;UZ Freising;A92 Richtung Deggendorf
9810;62628;Querschnitt3159;MQ92-310-Deg_A;DET92-310-Deg_A1;65;9206835;48.38736565;11.78153906;3159;28.05;;Betriebsstatus1;Streckenstation954;SST92-310;1;UZ Freising;A92 Richtung Deggendorf
9811;56521;Querschnitt3160;MQ92-310-Deg_E;DET92-310-Deg_E1;129;9206835;48.38736961;11.78177991;3160;28.05;;Betriebsstatus1;Streckenstation954;SST92-310;1;UZ Freising;A92 Richtung Deggendorf
9812;60825;Querschnitt3161;MQ92-310-Deg_H;DET92-310-Deg_H2;2;9206835;48.38798344;11.78157004;3161;28.05;75379010;Betriebsstatus1;Streckenstation954;SST92-310;1;UZ Freising;A92 Richtung Deggendorf
9814;57428;Querschnitt3984;BMS92-320;BMS92-320_Netz;3;9207014;48.39703224;11.85905365;3984;34.03;;Betriebsstatus1;Streckenstation955;SST92-320;6;UZ Freising;A92 Richtung Deggendorf
9817;58331;Querschnitt3162;MQ92-320-Deg_A;DET92-320-Deg_A1;65;9207014;48.39662815;11.85909636;3162;34.0;;Betriebsstatus1;Streckenstation955;SST92-320;1;UZ Freising;A92 Richtung Deggendorf
9818;54767;Querschnitt3163;MQ92-320-Deg_E;DET92-320-Deg_E1;129;9207014;48.39663725;11.8593386;3163;34.0;;Betriebsstatus1;Streckenstation955;SST92-320;1;UZ Freising;A92 Richtung Deggendorf
9819;52405;Querschnitt3164;MQ92-320-Deg_H;DET92-320-Deg_H2;2;9207014;48.39705906;11.85885129;3164;34.0;;Betriebsstatus1;Streckenstation955;SST92-320;1;UZ Freising;A92 Richtung Deggendorf
9821;61083;Querschnitt3409;AQ92-400-Mch;WZG92-400-Mch_W2;34;9217027;48.39868906;11.86451078;3409;34.46;;Betriebsstatus1;Streckenstation995;SST92-400;4;UZ Freising;A92 Richtung M.-Zentrum
9827;55068;Querschnitt3986;BMS92-400;BMS92-400_Temp;2;9217027;48.39870524;11.86465469;3986;34.49;;Betriebsstatus1;Streckenstation995;SST92-400;6;UZ Freising;A92 Richtung M.-Zentrum
9830;59345;Querschnitt3411;AQ92-410-Mch;WZG92-410-Mch_W2;34;9217013;48.39728863;11.85876315;3411;34.0;;Betriebsstatus1;Streckenstation994;SST92-410;4;UZ Freising;A92 Richtung M.-Zentrum
9835;56414;Querschnitt3987;BMS92-410;BMS92-410_Temp;2;9217013;48.39742042;11.85901545;3987;34.03;;Betriebsstatus1;Streckenstation994;SST92-410;6;UZ Freising;A92 Richtung M.-Zentrum
9838;51700;Querschnitt3988;BMS92-420;BMS92-420_Tuer;1;9217005;48.39662198;11.85548795;3988;33.75;;Betriebsstatus1;Streckenstation993;SST92-420;6;UZ Freising;A92 Richtung M.-Zentrum
9841;53088;Querschnitt3166;MQ92-420-Mch_A;DET92-420-Mch_A1;97;9217005;48.39709005;11.85540101;3166;33.75;;Betriebsstatus1;Streckenstation993;SST92-420;1;UZ Freising;A92 Richtung M.-Zentrum
9842;53371;Querschnitt3167;MQ92-420-Mch_E;DET92-420-Mch_E1;161;9217005;48.39705135;11.85516196;3167;33.75;;Betriebsstatus1;Streckenstation993;SST92-420;1;UZ Freising;A92 Richtung M.-Zentrum
9843;52628;Querschnitt3168;MQ92-420-Mch_H;DET92-420-Mch_H2;34;9217005;48.39655917;11.85552863;3168;33.75;;Betriebsstatus1;Streckenstation993;SST92-420;1;UZ Freising;A92 Richtung M.-Zentrum
9845;51947;Querschnitt3989;BMS92-430;BMS92-430_Netz;3;9216947;48.39270998;11.82988286;3989;31.8;;Betriebsstatus1;Streckenstation992;SST92-430;6;UZ Freising;A92 Richtung M.-Zentrum
9848;51214;Querschnitt3169;MQ92-430-Deg_H;DET92-430-Deg_H1;1;9216947;48.39241936;11.82996876;3169;31.8;;Betriebsstatus1;Streckenstation992;SST92-430;1;UZ Freising;A92 Richtung Deggendorf
9850;53853;Querschnitt3170;MQ92-430-Mch_H;DET92-430-Mch_H2;34;9216947;48.39264807;11.82992074;3170;31.8;;Betriebsstatus1;Streckenstation992;SST92-430;1;UZ Freising;A92 Richtung M.-Zentrum
9852;53068;Querschnitt3412;AQ92-440-Mch;WZG92-440-Mch_A1;33;9216870;48.39037643;11.79497775;3412;29.2;;Betriebsstatus1;Streckenstation991;SST92-440;4;UZ Freising;A92 Richtung M.-Zentrum
9856;60953;Querschnitt3990;BMS92-440;BMS92-440_Tuer;1;9216870;48.39041507;11.79527006;3990;29.23;;Betriebsstatus1;Streckenstation991;SST92-440;6;UZ Freising;A92 Richtung M.-Zentrum
9859;58899;Querschnitt3660;GMA_HK_92-440-Mch;WUD_HK_92-440;33;9216870;48.39036743;11.79497711;3660;29.2;;Betriebsstatus1;Streckenstation991;SST92-440;3;UZ Freising;A92 Richtung M.-Zentrum
9860;53961;Querschnitt3171;MQ92-440-Mch_H;DET92-440-Mch_H1;33;9216870;48.39037139;11.79497737;3171;29.2;75379010;Betriebsstatus1;Streckenstation991;SST92-440;1;UZ Freising;A92 Richtung M.-Zentrum
9862;55032;Querschnitt3991;BMS92-450;BMS92-450_Netz;3;9216825;48.3870577;11.77654331;3991;27.7;;Betriebsstatus1;Streckenstation990;SST92-450;6;UZ Freising;A92 Richtung M.-Zentrum
9865;51635;Querschnitt3172;MQ92-450-Mch_A;DET92-450-Mch_A1;97;9216825;48.387587;11.77667116;3172;27.7;;Betriebsstatus1;Streckenstation990;SST92-450;1;UZ Freising;A92 Richtung M.-Zentrum
9866;51606;Querschnitt3173;MQ92-450-Mch_E;DET92-450-Mch_E1;161;9216825;48.38755853;11.77640935;3173;27.7;;Betriebsstatus1;Streckenstation990;SST92-450;1;UZ Freising;A92 Richtung M.-Zentrum
9867;51949;Querschnitt3413;AQ92-460-Mch;WZG92-460-Mch_B1;97;9216814;48.38533047;11.77097422;3413;27.36;;Betriebsstatus1;Streckenstation989;SST92-460;4;UZ Freising;A92 Richtung M.-Zentrum
9871;53515;Querschnitt3992;BMS92-460;BMS92-460_Netz;3;9216814;48.38547864;11.77136819;3992;27.39;;Betriebsstatus1;Streckenstation989;SST92-460;6;UZ Freising;A92 Richtung M.-Zentrum
9874;53518;Querschnitt3661;GMA_HK_92-460-Mch;WUD_HK_92-460;33;9216814;48.38531646;11.77098386;3661;27.36;;Betriebsstatus1;Streckenstation989;SST92-460;3;UZ Freising;A92 Richtung M.-Zentrum
9875;59415;Querschnitt3174;MQ92-460-Mch_H;DET92-460-Mch_H1;33;9216814;48.38532744;11.77098773;3174;27.36;;Betriebsstatus1;Streckenstation989;SST92-460;1;UZ Freising;A92 Richtung M.-Zentrum
9877;56602;Querschnitt3857;NMG92-460-Mch;WUD_SW_92-460-Mch;73;9216814;48.38538744;11.77118093;3857;27.36;;Betriebsstatus1;Streckenstation989;SST92-460;3;UZ Freising;A92 Richtung M.-Zentrum
9878;50961;Querschnitt3803;WS_GMA92-460-Mch;WUD_LD_92-460-Mch;68;9216814;48.38538744;11.77118093;3803;27.36;;Betriebsstatus1;Streckenstation989;SST92-460;3;UZ Freising;A92 Richtung M.-Zentrum
9879;52967;Querschnitt3414;AQ92-470-Mch;WZG92-470-Mch_A1;33;9216762;48.37658509;11.75198421;3414;25.58;;Betriebsstatus1;Streckenstation988;SST92-470;4;UZ Freising;A92 Richtung M.-Zentrum
9883;53958;Querschnitt3993;BMS92-470-Mch;Geraet15343;1;9216762;48.3766769;11.75205076;3993;25.55;;Betriebsstatus1;Streckenstation988;SST92-470;6;UZ Freising;A92 Richtung Deggendorf
9886;51676;Querschnitt3662;GMA_HK_92-470-Mch;WUD_HK_92-470;33;9216762;48.37659016;11.75200106;3662;25.58;;Betriebsstatus1;Streckenstation988;SST92-470;3;UZ Freising;A92 Richtung M.-Zentrum
9887;52976;Querschnitt3175;MQ92-470-Mch_H;DET92-470-Mch_H2;34;9216762;48.3765863;11.75200094;3175;25.58;76369010;Betriebsstatus1;Streckenstation988;SST92-470;1;UZ Freising;A92 Richtung M.-Zentrum
9889;58446;Querschnitt3858;NMG92-470-Mch;WUD_SW_92-470-Mch;73;9216762;48.37663913;11.75202121;3858;25.62;;Betriebsstatus1;Streckenstation988;SST92-470;3;UZ Freising;A92 Richtung M.-Zentrum
9890;60119;Querschnitt3804;WS_GMA92-470-Deg;WUD_GT_92-470-Deg;103;9216762;48.37646893;11.75224989;3804;25.55;;Betriebsstatus1;Streckenstation988;SST92-470;3;UZ Freising;A92 Richtung Deggendorf
9896;55272;Querschnitt3805;WS_GMA92-470-Mch;WUD_TPT_92-470-Mch;76;9216762;48.37664104;11.7520324;3805;25.55;;Betriebsstatus1;Streckenstation988;SST92-470;3;UZ Freising;A92 Richtung M.-Zentrum
9907;57926;Querschnitt3994;BMS92-480;BMS92-480_Tuer;1;9216741;48.3734325;11.74713576;3994;24.9;;Betriebsstatus1;Streckenstation987;SST92-480;6;UZ Freising;A92 Richtung M.-Zentrum
9910;59498;Querschnitt3176;MQ92-480-Mch_A;DET92-480-Mch_A1;97;9216741;48.37353776;11.74698919;3176;24.9;;Betriebsstatus1;Streckenstation987;SST92-480;1;UZ Freising;A92 Richtung M.-Zentrum
9912;54945;Querschnitt3415;AQ92-490-Mch;WZG92-490-Mch_C1;171;9216735;48.37074745;11.74350571;3415;24.65;;Betriebsstatus1;Streckenstation986;SST92-490;4;UZ Freising;A92 Richtung M.-Zentrum
9915;59905;Querschnitt3995;BMS92-490;BMS92-490_Tuer;1;9216735;48.37084408;11.74380959;3995;24.68;;Betriebsstatus1;Streckenstation986;SST92-490;6;UZ Freising;A92 Richtung M.-Zentrum
9918;62224;Querschnitt3663;GMA_HK_92-490-Mch;WUD_HK_92-490;33;9216735;48.37074628;11.74350504;3663;24.65;;Betriebsstatus1;Streckenstation986;SST92-490;3;UZ Freising;A92 Richtung M.-Zentrum
9919;53759;Querschnitt3177;MQ92-490-Mch_E;DET92-490-Mch_E1;161;9216735;48.37065509;11.74342519;3177;24.65;;Betriebsstatus1;Streckenstation986;SST92-490;1;UZ Freising;A92 Richtung M.-Zentrum
9920;61302;Querschnitt3416;AQ92-500-Mch;WZG92-500-Mch_B1;97;9216710;48.36391165;11.73674728;3416;23.81;;Betriebsstatus1;Streckenstation985;SST92-500;4;UZ Freising;A92 Richtung M.-Zentrum
9924;61062;Querschnitt3997;BMS92-500;BMS92-500_Temp;2;9216710;48.36415675;11.73684373;3997;23.84;;Betriebsstatus1;Streckenstation985;SST92-500;6;UZ Freising;A92 Richtung M.-Zentrum
9927;60433;Querschnitt3664;GMA_HK_92-500-Mch;WUD_HK_92-500;33;9216710;48.36391416;11.73674362;3664;23.81;;Betriebsstatus1;Streckenstation985;SST92-500;3;UZ Freising;A92 Richtung M.-Zentrum
9928;53463;Querschnitt3178;MQ92-500-Mch_H;DET92-500-Mch_H1;33;9216710;48.36391308;11.73674498;3178;23.81;;Betriebsstatus1;Streckenstation985;SST92-500;1;UZ Freising;A92 Richtung M.-Zentrum
9930;54913;Querschnitt3859;NMG92-500-Mch;WUD_SW_92-500-Mch;73;9216710;48.36404636;11.73686265;3859;23.83;;Betriebsstatus1;Streckenstation985;SST92-500;3;UZ Freising;A92 Richtung M.-Zentrum
9931;51100;Querschnitt3417;AQ92-510-Mch;WZG92-510-Mch_A2;34;9216671;48.35311064;11.72943084;3417;22.5;;Betriebsstatus1;Streckenstation984;SST92-510;4;UZ Freising;A92 Richtung M.-Zentrum
9935;59914;Querschnitt3998;BMS92-510;BMS92-510_Netz;3;9216671;48.35339881;11.72955952;3998;22.53;;Betriebsstatus1;Streckenstation984;SST92-510;6;UZ Freising;A92 Richtung M.-Zentrum
9938;55521;Querschnitt3665;GMA_HK_92-510-Mch;WUD_HK_92-510;33;9216671;48.35310769;11.7294376;3665;22.5;;Betriebsstatus1;Streckenstation984;SST92-510;3;UZ Freising;A92 Richtung M.-Zentrum
9939;57814;Querschnitt3182;MQ92-510-Mch_H;DET92-510-Mch_H2;34;9216671;48.35345239;11.7296665;3182;22.537;76369009;Betriebsstatus1;Streckenstation984;SST92-510;1;UZ Freising;A92 Richtung M.-Zentrum
9941;66770;Querschnitt6951;WS_GMA92-510-Mch;WUD_NS_92-510-Mch;81;9216671;48.35307;11.7295;;22.5;;Betriebsstatus1;Streckenstation984;SST92-510;3;UZ Freising;A92 Richtung M.-Zentrum
9943;52359;Querschnitt3418;AQ92-520-Mch;WZG92-520-Mch_C1;105;9216657;48.34922027;11.72446193;3418;1.065;;Betriebsstatus1;Streckenstation982;SST92-520;4;UZ Freising;A92 Richtung M.-Zentrum
9947;61524;Querschnitt3999;BMS92-520;BMS92-520_Netz;3;9216657;48.34938713;11.72459473;3999;0.77;;Betriebsstatus1;Streckenstation982;SST92-520;6;UZ Freising;A92 Richtung M.-Zentrum
9950;60826;Querschnitt3666;GMA_HK_92-520-Mch;WUD_HK_92-520;33;9216657;48.3492224;11.72445369;3666;0.78;;Betriebsstatus1;Streckenstation982;SST92-520;3;UZ Freising;A92 Richtung M.-Zentrum
9951;56320;Querschnitt3183;MQ92-520-Mch_E;DET92-520-Mch_E2;34;9216657;48.3487786;11.72404054;3183;0.763;;Betriebsstatus1;Streckenstation982;SST92-520;1;UZ Freising;A92 Richtung M.-Zentrum
9953;60391;Querschnitt3419;AQ92-530-Mch;WZG92-530-Mch_C1;105;9216635;48.34571655;11.71823555;3419;21.3;;Betriebsstatus1;Streckenstation981;SST92-530;4;UZ Freising;A92 Richtung M.-Zentrum
9960;55348;Querschnitt4000;BMS92-530;BMS92-530_Temp;2;9216635;48.34588029;11.71852254;4000;21.33;;Betriebsstatus1;Streckenstation981;SST92-530;6;UZ Freising;A92 Richtung M.-Zentrum
9963;58908;Querschnitt3667;GMA_HK_92-530-Mch;WUD_HK_92-530;33;9216635;48.34571889;11.71823594;3667;21.3;;Betriebsstatus1;Streckenstation981;SST92-530;3;UZ Freising;A92 Richtung M.-Zentrum
9964;60505;Querschnitt3184;MQ92-530-Mch_H;DET92-530-Mch_H1;33;9216635;48.34568374;11.71824234;3184;21.3;;Betriebsstatus1;Streckenstation981;SST92-530;1;UZ Freising;A92 Richtung M.-Zentrum
9967;66813;Querschnitt6952;WS_GMA92-530-Mch;WUD_NI_92-530-Mch;67;9216635;48.34559;11.71838;;21.3;;Betriebsstatus1;Streckenstation981;SST92-530;3;UZ Freising;A92 Richtung M.-Zentrum
9969;55178;Querschnitt3420;AQ92-540-Mch;WZG92-540-Mch_B1;97;9216602;48.3387387;11.70973509;3420;20.3;;Betriebsstatus1;Streckenstation980;SST92-540;4;UZ Freising;A92 Richtung M.-Zentrum
9976;53571;Querschnitt4001;BMS92-540;BMS92-540_Tuer;1;9216602;48.33882246;11.70989149;4001;20.32;;Betriebsstatus1;Streckenstation980;SST92-540;6;UZ Freising;A92 Richtung M.-Zentrum
9979;50541;Querschnitt3668;GMA_HK_92-540-Mch;WUD_HK_92-540;33;9216602;48.33873288;11.70974254;3668;20.3;;Betriebsstatus1;Streckenstation980;SST92-540;3;UZ Freising;A92 Richtung M.-Zentrum
9980;55130;Querschnitt3185;MQ92-540-Mch_H;DET92-540-Mch_H3;35;9216602;48.33873906;11.70973415;3185;20.3;76369008;Betriebsstatus1;Streckenstation980;SST92-540;1;UZ Freising;A92 Richtung M.-Zentrum
9983;61558;Querschnitt4002;BMS92-545;BMS92-545_Netz;3;9216572;48.33409081;11.69848431;4002;19.21;;Betriebsstatus1;Streckenstation979;SST92-545;6;UZ Freising;A92 Richtung M.-Zentrum
9986;53321;Querschnitt3186;MQ92-545-Mch_A;DET92-545-Mch_A1;97;9216572;48.33459236;11.69852317;3186;19.21;;Betriebsstatus1;Streckenstation979;SST92-545;1;UZ Freising;A92 Richtung M.-Zentrum
9987;52146;Querschnitt3187;MQ92-545-Mch_E;DET92-545-Mch_E1;161;9216572;48.33461654;11.69827742;3187;19.21;;Betriebsstatus1;Streckenstation979;SST92-545;1;UZ Freising;A92 Richtung M.-Zentrum
9988;60174;Querschnitt3421;AQ92-550-Mch;WZG92-550-Mch_C2;106;9216555;48.3330591;11.68986443;3421;18.65;;Betriebsstatus1;Streckenstation978;SST92-550;4;UZ Freising;A92 Richtung M.-Zentrum
9995;59548;Querschnitt4003;BMS92-550;BMS92-550_Temp;2;9216555;48.33315284;11.69018095;4003;18.68;;Betriebsstatus1;Streckenstation978;SST92-550;6;UZ Freising;A92 Richtung M.-Zentrum
9998;51490;Querschnitt3669;GMA_HK_92-550-Mch;WUD_HK_92-550;33;9216555;48.33306934;11.68986006;3669;18.65;;Betriebsstatus1;Streckenstation978;SST92-550;3;UZ Freising;A92 Richtung M.-Zentrum
9999;55741;Querschnitt3188;MQ92-550-Mch_H;DET92-550-Mch_H3;35;9216555;48.33306583;11.68986223;3188;18.65;;Betriebsstatus1;Streckenstation978;SST92-550;1;UZ Freising;A92 Richtung M.-Zentrum
10002;66803;Querschnitt6953;WS_GMA92-550-Mch;WUD_NS_92-550-Mch;81;9216555;48.33296;11.68983;;18.65;;Betriebsstatus1;Streckenstation978;SST92-550;3;UZ Freising;A92 Richtung M.-Zentrum
10004;59823;Querschnitt3422;AQ92-570-Mch;WZG92-570-Mch_A2;34;9216509;48.33233658;11.66903659;3422;17.1;;Betriebsstatus1;Streckenstation976;SST92-570;4;UZ Freising;A92 Richtung M.-Zentrum
10011;51133;Querschnitt4004;BMS92-570;BMS92-570_Temp;2;9216509;48.33248504;11.66937766;4004;17.13;;Betriebsstatus1;Streckenstation976;SST92-570;6;UZ Freising;A92 Richtung M.-Zentrum
10014;52990;Querschnitt3670;GMA_HK_92-570-Mch;WUD_HK_92-570;33;9216509;48.33233038;11.66903825;3670;17.1;;Betriebsstatus1;Streckenstation976;SST92-570;3;UZ Freising;A92 Richtung M.-Zentrum
10015;56815;Querschnitt3189;MQ92-570-Mch_H;DET92-570-Mch_H3;35;9216509;48.33233407;11.66903809;3189;17.1;76359007;Betriebsstatus1;Streckenstation976;SST92-570;1;UZ Freising;A92 Richtung M.-Zentrum
10018;62742;Querschnitt3860;NMG92-570-Mch;WUD_SW_92-570-Mch;73;9216509;48.33236373;11.66928309;3860;17.12;;Betriebsstatus1;Streckenstation976;SST92-570;3;UZ Freising;A92 Richtung M.-Zentrum
10019;66802;Querschnitt6954;WS_GMA92-570-Mch;WUD_NI_92-570-Mch;67;9216509;48.33221;11.66904;;18.65;;Betriebsstatus1;Streckenstation976;SST92-570;3;UZ Freising;A92 Richtung M.-Zentrum
10021;52759;Querschnitt3423;AQ92-572a-Mch;WZG92-572a-Mch_W5;37;9216474;48.3296398;11.65318737;3423;15.9;;Betriebsstatus1;Streckenstation975;SST92-572;4;UZ Freising;A92 Richtung M.-Zentrum
10027;53861;Querschnitt3424;AQ92-572b-Mch;WZG92-572b-Mch_W1;40;9216474;48.32963891;11.65318994;3424;15.9;;Betriebsstatus1;Streckenstation975;SST92-572;4;UZ Freising;A92 Richtung M.-Zentrum
10033;62437;Querschnitt4005;BMS92-572;BMS92-572_Temp;2;9216474;48.32972578;11.65351896;4005;15.93;;Betriebsstatus1;Streckenstation975;SST92-572;6;UZ Freising;A92 Richtung M.-Zentrum
10036;59788;Querschnitt3425;AQ92-580-Mch;WZG92-580-Mch_C1;105;9216467;48.32885463;11.65015855;3425;15.65;;Betriebsstatus1;Streckenstation974;SST92-580;4;UZ Freising;A92 Richtung M.-Zentrum
10043;55991;Querschnitt4006;BMS92-580;BMS92-580_Tuer;1;9216467;48.32893772;11.65039143;4006;15.68;;Betriebsstatus1;Streckenstation974;SST92-580;6;UZ Freising;A92 Richtung M.-Zentrum
10046;54021;Querschnitt3671;GMA_HK_92-580-Mch;WUD_HK_92-580;33;9216467;48.3288407;11.65018953;3671;15.65;;Betriebsstatus1;Streckenstation974;SST92-580;3;UZ Freising;A92 Richtung M.-Zentrum
10047;59408;Querschnitt3190;MQ92-580-Mch_H;DET92-580-Mch_H3;35;9216467;48.32884589;11.65018221;3190;15.687;;Betriebsstatus1;Streckenstation974;SST92-580;1;UZ Freising;A92 Richtung M.-Zentrum
10050;62453;Querschnitt3426;AQ92-584-Mch;WZG92-584-Mch_W6;39;9216444;48.32590987;11.64104119;3426;14.9;;Betriebsstatus1;Streckenstation973;SST92-584;4;UZ Freising;A92 Richtung M.-Zentrum
10061;62543;Querschnitt4007;BMS92-584;BMS92-584_Netz;3;9216444;48.32604121;11.64134518;4007;14.93;;Betriebsstatus1;Streckenstation973;SST92-584;6;UZ Freising;A92 Richtung M.-Zentrum
10064;59595;Querschnitt3427;AQ92-586-Mch;WZG92-586-Mch_W7;40;9216437;48.32480974;11.63824965;3427;14.65;;Betriebsstatus1;Streckenstation972;SST92-586;4;UZ Freising;A92 Richtung M.-Zentrum
10075;57973;Querschnitt4008;BMS92-586;BMS92-586_Temp;2;9216437;48.32492992;11.63851959;4008;14.68;;Betriebsstatus1;Streckenstation972;SST92-586;6;UZ Freising;A92 Richtung M.-Zentrum
10078;59398;Querschnitt3428;AQ92-588-Mch;WZG92-588-Mch_W7;40;9216429;48.32379212;11.63589375;3428;14.4;;Betriebsstatus1;Streckenstation971;SST92-588;4;UZ Freising;A92 Richtung M.-Zentrum
10089;59760;Querschnitt4009;BMS92-588;BMS92-588_Netz;3;9216429;48.32393777;11.63619531;4009;14.43;;Betriebsstatus1;Streckenstation971;SST92-588;6;UZ Freising;A92 Richtung M.-Zentrum
10092;59145;Querschnitt3429;AQ92-590-Mch;WZG92-590-Mch_A2;36;9216421;48.32204095;11.6323436;3429;14.125;;Betriebsstatus1;Streckenstation970;SST92-590;4;UZ Freising;A92 Richtung M.-Zentrum
10096;60925;Querschnitt3430;AQ92-590-Mch_P;WZG92-590-Mch_P_C1;105;9216421;48.3221469;11.63223416;3430;14.125;;Betriebsstatus1;Streckenstation970;SST92-590;4;UZ Freising;A92 Richtung M.-Zentrum
10100;59520;Querschnitt4010;BMS92-590;BMS92-590_Netz;3;9216421;48.32226819;11.63242342;4010;14.155;;Betriebsstatus1;Streckenstation970;SST92-590;6;UZ Freising;A92 Richtung M.-Zentrum
10103;55467;Querschnitt3672;GMA_HK_92-590-Mch;WUD_HK_92-590;33;9216421;48.32215005;11.63223427;3672;14.125;;Betriebsstatus1;Streckenstation970;SST92-590;3;UZ Freising;A92 Richtung M.-Zentrum
10104;54002;Querschnitt3191;MQ92-590-Mch_A;DET92-590-Mch_A1;97;9216421;48.32204069;11.63062947;3191;14.125;;Betriebsstatus1;Streckenstation970;SST92-590;1;UZ Freising;A92 Richtung M.-Zentrum
10105;53363;Querschnitt3192;MQ92-590-Mch_H;DET92-590-Mch_H2;34;9216421;48.3221469;11.63223416;3192;14.125;;Betriebsstatus1;Streckenstation970;SST92-590;1;UZ Freising;A92 Richtung M.-Zentrum
10107;59714;Querschnitt6883;MQ92-590-Mch_P;DET92-590-Mch_P2;114;9216421;48.32215014;11.63223508;6883;14.125;;Betriebsstatus1;Streckenstation970;SST92-590;1;UZ Freising;A92 Richtung M.-Zentrum
10109;59461;Querschnitt3433;AQ92-610-Mch;WZG92-610-Mch_A2;36;9216375;48.31398458;11.61564613;3433;12.58;;Betriebsstatus1;Streckenstation968;SST92-610;4;UZ Freising;A92 Richtung M.-Zentrum
10113;51116;Querschnitt3434;AQ92-610-Mch_P;WZG92-610-Mch_P_A2;34;9216375;48.31409977;11.61545327;3434;12.58;;Betriebsstatus1;Streckenstation968;SST92-610;4;UZ Freising;A92 Richtung M.-Zentrum
10117;51788;Querschnitt4013;BMS92-610;BMS92-610_Tuer;1;9216375;48.31422676;11.61578008;4013;12.61;;Betriebsstatus1;Streckenstation968;SST92-610;6;UZ Freising;A92 Richtung M.-Zentrum
10120;55855;Querschnitt3675;GMA_HK_92-610-Mch;WUD_HK_92-610;33;9216375;48.31398458;11.61564613;3675;12.58;;Betriebsstatus1;Streckenstation968;SST92-610;3;UZ Freising;A92 Richtung M.-Zentrum
10121;53008;Querschnitt3196;MQ92-610-Mch_H;DET92-610-Mch_H1;33;9216375;48.31398458;11.61564613;3196;12.58;;Betriebsstatus1;Streckenstation968;SST92-610;1;UZ Freising;A92 Richtung M.-Zentrum
10123;57272;Querschnitt5460;MQ92-610-Mch_P;DET92-610-Mch_P2;114;9216375;48.31409977;11.61545327;5460;12.58;;Betriebsstatus1;Streckenstation968;SST92-610;1;UZ Freising;A92 Richtung M.-Zentrum
10125;52739;Querschnitt3435;AQ92-620-Mch;WZG92-620-Mch_B1;97;9216323;48.30486532;11.59671443;3435;10.845;;Betriebsstatus1;Streckenstation967;SST92-620;4;UZ Freising;A92 Richtung M.-Zentrum
10129;51267;Querschnitt4014;BMS92-620;BMS92-620_Netz;3;9216323;48.30500587;11.59686457;4014;10.875;;Betriebsstatus1;Streckenstation967;SST92-620;6;UZ Freising;A92 Richtung M.-Zentrum
10132;63259;Querschnitt3676;GMA_HK_92-620-Mch;WUD_HK_92-620;33;9216323;48.30487865;11.59666634;3676;10.845;;Betriebsstatus1;Streckenstation967;SST92-620;3;UZ Freising;A92 Richtung M.-Zentrum
10133;56124;Querschnitt3198;MQ92-620-Mch_H;DET92-620-Mch_H2;34;9216323;48.30486532;11.59671443;3198;10.845;76359004;Betriebsstatus1;Streckenstation967;SST92-620;1;UZ Freising;A92 Richtung M.-Zentrum
10135;50810;Querschnitt5184;AQ92-622-Mch;WZG92-622-Mch_W1;1;9216303;48.30114345;11.58893631;5184;10.16;;Betriebsstatus1;Streckenstation1402;SST92-622;4;UZ Freising;A92 Richtung M.-Zentrum
10138;59522;Querschnitt5183;BMS92-622;BMS92-622_Temp;3;9216303;48.30124337;11.58911451;5183;10.175;;Betriebsstatus1;Streckenstation1402;SST92-622;6;UZ Freising;A92 Richtung M.-Zentrum
10141;55109;Querschnitt5156;AQ92-623-Mch;WZG92-623-Mch_W1;1;9216288;48.29840836;11.58327717;5156;9.64;;Betriebsstatus1;Streckenstation1390;SST92-623;4;UZ Freising;A92 Richtung M.-Zentrum
10144;60136;Querschnitt5155;BMS92-623;BMS92-623_Netz;2;9216288;48.29851895;11.58344273;5155;9.655;;Betriebsstatus1;Streckenstation1390;SST92-623;6;UZ Freising;A92 Richtung M.-Zentrum
10147;62575;Querschnitt4015;BMS92-625;BMS92-625_Temp;2;9216279;48.2969537;11.58027265;4015;9.37;;Betriebsstatus1;Streckenstation966;SST92-625;6;UZ Freising;A92 Richtung M.-Zentrum
10150;55719;Querschnitt3199;MQ92-625-Mch_A;DET92-625-Mch_A1;97;9216279;48.29732065;11.57983849;3199;9.37;;Betriebsstatus1;Streckenstation966;SST92-625;1;UZ Freising;A92 Richtung M.-Zentrum
10151;55665;Querschnitt3200;MQ92-625-Mch_E;DET92-625-Mch_E1;161;9216279;48.29718035;11.57968963;3200;9.37;;Betriebsstatus1;Streckenstation966;SST92-625;1;UZ Freising;A92 Richtung M.-Zentrum
10152;62387;Querschnitt3436;AQ92-630-Mch;WZG92-630-Mch_A1;33;9216265;48.29453905;11.57519764;3436;8.9;;Betriebsstatus1;Streckenstation965;SST92-630;4;UZ Freising;A92 Richtung M.-Zentrum
10156;51769;Querschnitt4016;BMS92-630;BMS92-630_Temp;2;9216265;48.29465945;11.57548505;4016;8.93;;Betriebsstatus1;Streckenstation965;SST92-630;6;UZ Freising;A92 Richtung M.-Zentrum
10159;61637;Querschnitt3677;GMA_HK_92-630-Mch;WUD_HK_92-630;33;9216265;48.29453905;11.57519764;3677;8.9;;Betriebsstatus1;Streckenstation965;SST92-630;3;UZ Freising;A92 Richtung M.-Zentrum
10160;63115;Querschnitt3201;MQ92-630-Mch_H;DET92-630-Mch_H2;34;9216265;48.29453654;11.5752017;3201;8.9;;Betriebsstatus1;Streckenstation965;SST92-630;1;UZ Freising;A92 Richtung M.-Zentrum
10162;51639;Querschnitt3861;NMG92-630-Mch;WUD_SW_92-630-Mch;73;9216265;48.29458704;11.57538363;3861;8.92;;Betriebsstatus1;Streckenstation965;SST92-630;3;UZ Freising;A92 Richtung M.-Zentrum
10163;61522;Querschnitt3437;AQ92-640-Mch;WZG92-640-Mch_A2;34;9216199;48.2813945;11.55252536;3437;6.67;;Betriebsstatus1;Streckenstation964;SST92-640;4;UZ Freising;A92 Richtung M.-Zentrum
10167;60245;Querschnitt4017;BMS92-640;BMS92-640_Temp;2;9216199;48.28158307;11.55277554;4017;6.7;;Betriebsstatus1;Streckenstation964;SST92-640;6;UZ Freising;A92 Richtung M.-Zentrum
10170;53455;Querschnitt3678;GMA_HK_92-640-Mch;WUD_HK_92-640;33;9216199;48.2813945;11.55252536;3678;6.67;;Betriebsstatus1;Streckenstation964;SST92-640;3;UZ Freising;A92 Richtung M.-Zentrum
10171;52916;Querschnitt3202;MQ92-640-Mch_H;DET92-640-Mch_H1;33;9216199;48.2813945;11.55252536;3202;6.67;;Betriebsstatus1;Streckenstation964;SST92-640;1;UZ Freising;A92 Richtung M.-Zentrum
10173;63167;Querschnitt3862;NMG92-640-Mch;WUD_SW_92-640-Mch;73;9216199;48.28149476;11.5526607;3862;6.67;;Betriebsstatus1;Streckenstation964;SST92-640;3;UZ Freising;A92 Richtung M.-Zentrum
10174;62240;Querschnitt3806;WS_GMA92-640-Deg;WUD_TT3_92-640-Deg;99;9216199;48.28129969;11.55293471;3806;6.67;;Betriebsstatus1;Streckenstation964;SST92-640;3;UZ Freising;A92 Richtung Deggendorf
10180;52820;Querschnitt3807;WS_GMA92-640-Mch;WUD_NI_92-640-Mch;67;9216199;48.28149199;11.55266409;3807;6.67;;Betriebsstatus1;Streckenstation964;SST92-640;3;UZ Freising;A92 Richtung M.-Zentrum
10191;53619;Querschnitt3438;AQ92-650-Mch;WZG92-650-Mch_B1;97;9216133;48.26436165;11.53697812;3438;4.45;;Betriebsstatus1;Streckenstation963;SST92-650;4;UZ Freising;A92 Richtung M.-Zentrum
10195;61949;Querschnitt4018;BMS92-650;BMS92-650_Tuer;1;9216133;48.26461933;11.5371183;4018;4.48;;Betriebsstatus1;Streckenstation963;SST92-650;6;UZ Freising;A92 Richtung M.-Zentrum
10198;52841;Querschnitt3679;GMA_HK_92-650-Mch;WUD_HK_92-650;33;9216133;48.26436814;11.5369825;3679;4.45;;Betriebsstatus1;Streckenstation963;SST92-650;3;UZ Freising;A92 Richtung M.-Zentrum
10199;61462;Querschnitt3203;MQ92-650-Mch_H;DET92-650-Mch_H2;34;9216133;48.26436355;11.53698174;3203;4.45;77359006;Betriebsstatus1;Streckenstation963;SST92-650;1;UZ Freising;A92 Richtung M.-Zentrum
10201;59941;Querschnitt3863;NMG92-650-Mch;WUD_SW_92-650-Mch;73;9216133;48.26449764;11.53704774;3863;4.45;;Betriebsstatus1;Streckenstation963;SST92-650;3;UZ Freising;A92 Richtung M.-Zentrum
10202;60186;Querschnitt4019;BMS92-652;BMS92-652_Tuer;1;9216099;48.25487576;11.53264939;4019;3.35;;Betriebsstatus1;Streckenstation962;SST92-652;6;UZ Freising;A92 Richtung M.-Zentrum
10205;52874;Querschnitt3204;MQ92-652-Mch_H;DET92-652-Mch_H2;34;9216099;48.25486856;11.5328027;3204;3.35;;Betriebsstatus1;Streckenstation962;SST92-652;1;UZ Freising;A92 Richtung M.-Zentrum
10207;63148;Querschnitt4020;BMS92-655;BMS92-655_Temp;2;9216088;48.25147501;11.53230167;4020;2.975;;Betriebsstatus1;Streckenstation961;SST92-655;6;UZ Freising;A92 Richtung M.-Zentrum
10210;60541;Querschnitt3205;MQ92-655-Mch_A;DET92-655-Mch_A1;97;9216088;48.25155541;11.53177173;3205;2.975;;Betriebsstatus1;Streckenstation961;SST92-655;1;UZ Freising;A92 Richtung M.-Zentrum
10211;53312;Querschnitt3206;MQ92-655-Mch_E;DET92-655-Mch_E1;161;9216088;48.25138762;11.53173273;3206;2.975;;Betriebsstatus1;Streckenstation961;SST92-655;1;UZ Freising;A92 Richtung M.-Zentrum
10212;51895;Querschnitt4021;BMS92-660;BMS92-660_Netz;3;9216084;48.25029633;11.53233893;4021;2.85;;Betriebsstatus1;Streckenstation960;SST92-660;6;UZ Freising;A92 Richtung M.-Zentrum
10215;52593;Querschnitt3864;NMG92-660-Mch;WUD_SW_92-660-Mch;73;9216084;48.25016423;11.53234202;3864;2.85;;Betriebsstatus1;Streckenstation960;SST92-660;3;UZ Freising;A92 Richtung M.-Zentrum
10216;55732;Querschnitt3439;AQ92-670-Mch;WZG92-670-Mch_A1;33;9216075;48.24717989;11.53275658;3439;2.5;;Betriebsstatus1;Streckenstation959;SST92-670;4;UZ Freising;A92 Richtung M.-Zentrum
10220;56981;Querschnitt4022;BMS92-670;BMS92-670_Temp;2;9216075;48.24742981;11.53266597;4022;2.53;;Betriebsstatus1;Streckenstation959;SST92-670;6;UZ Freising;A92 Richtung M.-Zentrum
10223;57215;Querschnitt3680;GMA_HK_92-670-Mch;WUD_HK_92-670;33;9216075;48.24718007;11.53275604;3680;2.5;;Betriebsstatus1;Streckenstation959;SST92-670;3;UZ Freising;A92 Richtung M.-Zentrum
10224;56211;Querschnitt3207;MQ92-670-Mch_H;DET92-670-Mch_H1;33;9216075;48.24717945;11.53275887;3207;2.5;77359005;Betriebsstatus1;Streckenstation959;SST92-670;1;UZ Freising;A92 Richtung M.-Zentrum
10226;51186;Querschnitt3865;NMG92-670-Mch;WUD_SW_92-670-Mch;73;9216075;48.24729692;11.53269519;3865;2.5;;Betriebsstatus1;Streckenstation959;SST92-670;3;UZ Freising;A92 Richtung M.-Zentrum
10227;59897;Querschnitt3808;WS_GMA92-670-Deg;WUD_TT3_92-670-Deg;99;9216075;48.24730025;11.53325152;3808;2.5;;Betriebsstatus1;Streckenstation959;SST92-670;3;UZ Freising;A92 Richtung Deggendorf
10233;60159;Querschnitt3809;WS_GMA92-670-Mch;WUD_GT_92-670-Mch;75;9216075;48.24729683;11.53269519;3809;2.5;;Betriebsstatus1;Streckenstation959;SST92-670;3;UZ Freising;A92 Richtung M.-Zentrum
10244;55904;Querschnitt4023;BMS92-680;BMS92-680_Netz;3;9216068;48.24537375;11.53321396;4023;2.3;;Betriebsstatus1;Streckenstation958;SST92-680;6;UZ Freising;A92 Richtung M.-Zentrum
10247;52242;Querschnitt3866;NMG92-680-Mch;WUD_SW_92-680-Mch;73;9216068;48.24542917;11.5331969;3866;2.3;;Betriebsstatus1;Streckenstation958;SST92-680;3;UZ Freising;A92 Richtung M.-Zentrum
10248;62392;Querschnitt3810;WS_GMA92-680-Mch;WUD_LD_92-680-Mch;68;9216068;48.24542917;11.5331969;3810;2.3;;Betriebsstatus1;Streckenstation958;SST92-680;3;UZ Freising;A92 Richtung M.-Zentrum
10249;55394;Querschnitt4486;AQ92-684-Mch;WZG92-684-Mch_W3;4;9216048;48.23940544;11.53631911;4486;1.6;;Betriebsstatus1;Streckenstation1187;SST92-684;4;UZ Freising;A92 Richtung M.-Zentrum
10256;54982;Querschnitt4485;BMS92-684;BMS92-684_Tuer;1;9216048;48.23941146;11.53629576;4485;1.6;;Betriebsstatus1;Streckenstation1187;SST92-684;6;UZ Freising;A92 Richtung M.-Zentrum
10259;55611;Querschnitt5158;GMA_HK_92-684-Mch;WUD_HK_92-684-Mch;1;9216048;48.23940885;11.53631652;5158;1.6;;Betriebsstatus1;Streckenstation1187;SST92-684;3;UZ Freising;A92 Richtung M.-Zentrum
10260;61221;Querschnitt4488;AQ92-686-Mch;WZG92-686-Mch_BL1;6;9216032;48.23482502;11.53977495;4488;1.03;;Betriebsstatus1;Streckenstation1188;SST92-686;4;UZ Freising;A92 Richtung M.-Zentrum
10267;60571;Querschnitt4487;BMS92-686;BMS92-686_Temp;3;9216032;48.2350351;11.53959241;4487;1.06;;Betriebsstatus1;Streckenstation1188;SST92-686;6;UZ Freising;A92 Richtung M.-Zentrum
10270;57278;Querschnitt5159;GMA_HK_92-686-Mch;WUD_HK_92-686-Mch;1;9216032;48.23482935;11.53977814;5159;1.03;;Betriebsstatus1;Streckenstation1188;SST92-686;3;UZ Freising;A92 Richtung M.-Zentrum
10271;51988;Querschnitt3440;AQ92-690-Mch;WZG92-690-Mch_A2;34;9216038;48.23636337;11.53857572;3440;1.25;;Betriebsstatus1;Streckenstation957;SST92-690;4;UZ Freising;A92 Richtung M.-Zentrum
10275;52765;Querschnitt4024;BMS92-690;BMS92-690_Tuer;1;9216038;48.23655511;11.53841824;4024;1.28;;Betriebsstatus1;Streckenstation957;SST92-690;6;UZ Freising;A92 Richtung M.-Zentrum
10278;59079;Querschnitt3681;GMA_HK_92-690-Mch;WUD_HK_92-690;33;9216038;48.23636589;11.5385765;3681;1.25;;Betriebsstatus1;Streckenstation957;SST92-690;3;UZ Freising;A92 Richtung M.-Zentrum
10279;60684;Querschnitt3208;MQ92-690-Mch_H;DET92-690-Mch_H2;34;9216038;48.23636589;11.53857583;3208;1.25;;Betriebsstatus1;Streckenstation957;SST92-690;1;UZ Freising;A92 Richtung M.-Zentrum
10281;59467;Querschnitt4490;AQ92-696-Mch;WZG92-696-Mch_W1;1;9216023;48.23243001;11.54168429;4490;0.73;;Betriebsstatus1;Streckenstation1189;SST92-696;4;UZ Freising;A92 Richtung M.-Zentrum
10288;51219;Querschnitt4489;BMS92-696;BMS92-696_Tuer;1;9216023;48.2326174;11.54122642;4489;0.76;;Betriebsstatus1;Streckenstation1189;SST92-696;6;UZ Freising;A92 Richtung M.-Zentrum
10291;58579;Querschnitt5160;GMA_HK_92-696-Mch;WUD_HK_92-696-Mch;1;9216023;48.23243172;11.54168669;5160;0.73;;Betriebsstatus1;Streckenstation1189;SST92-696;3;UZ Freising;A92 Richtung M.-Zentrum
10292;59565;Querschnitt3441;AQ92-700-Mch;WZG92-700-Mch_A1;33;9216012;48.22873307;11.5416867;3441;0.587;;Betriebsstatus1;Streckenstation956;SST92-700;4;UZ Freising;A92 Richtung M.-Zentrum
10296;52122;Querschnitt4025;BMS92-700;BMS92-700_Tuer;1;9216012;48.22888809;11.54170335;4025;0.617;;Betriebsstatus1;Streckenstation956;SST92-700;6;UZ Freising;A92 Richtung M.-Zentrum
10299;61076;Querschnitt3682;GMA_HK_92-700-Mch;WUD_HK_92-700;33;9216012;48.22873191;11.54168792;3682;0.587;;Betriebsstatus1;Streckenstation956;SST92-700;3;UZ Freising;A92 Richtung M.-Zentrum
10300;59385;Querschnitt3209;MQ92-700-Mch_A;DET92-700-Mch_A2;98;9216012;48.22872615;11.54177883;3209;0.587;;Betriebsstatus1;Streckenstation956;SST92-700;1;UZ Freising;A92 Richtung M.-Zentrum
10302;60915;Querschnitt3442;AQ92-710-Mch;WZG92-710-Mch_A1;33;9216519;48.22628419;11.53935935;3442;0.576;;Betriebsstatus1;Streckenstation977;SST92-710;4;UZ Freising;A92 Richtung M.-Zentrum
10306;56104;Querschnitt4026;BMS92-710;BMS92-710_Temp;2;9216519;48.22622197;11.53954269;4026;0.567;;Betriebsstatus1;Streckenstation977;SST92-710;6;UZ Freising;A92 Richtung M.-Zentrum
10309;63139;Querschnitt3683;GMA_HK_92-710-Mch;WUD_HK_92-710;33;9216519;48.22628419;11.53935935;3683;0.576;;Betriebsstatus1;Streckenstation977;SST92-710;3;UZ Freising;A92 Richtung M.-Zentrum
10310;55254;Querschnitt3210;MQ92-710-Mch_A;DET92-710-Mch_A2;98;9216519;48.22628419;11.53935935;3210;0.576;;Betriebsstatus1;Streckenstation977;SST92-710;1;UZ Freising;A92 Richtung M.-Zentrum
10312;57009;Querschnitt5925;Virtuell_A92_Deg_Flughafen_FG4;Virtuell_A92_Deg_Flughafen_FG4_DE193;193;9250002;48.34187066;11.71406614;5925;20.772;;Betriebsstatus1;Streckenstation1113;Virtuell A92 Deg Flughafen;4;UZ Freising;A92 Richtung Deggendorf
10313;52088;Querschnitt5926;Virtuell_A92_Mch_Erding_FG4;Virtuell_A92_Mch_Erding_FG4_DE193;193;9250001;48.39754394;11.86016581;5926;34.46;;Betriebsstatus1;Streckenstation1111;Virtuell A92 Mch Erding;4;UZ Freising;A92 Richtung M.-Zentrum
10314;52745;Querschnitt5929;Virtuell_A92_Mch_Feldmoching_FG4;Virtuell_A92_Mch_Feldmoching_FG4_DE193;193;9250004;48.23939128;11.53630793;5929;1.6;;Betriebsstatus1;Streckenstation1196;Virtuell A92 Mch Feldmoching;4;UZ Freising;A92 Richtung M.-Zentrum
10316;55976;Querschnitt5927;Virtuell_A92_Mch_Neufahrn_FG4;Virtuell_A92_Mch_Neufahrn_FG4_DE193;193;9250003;48.32964262;11.65316604;5927;15.9;;Betriebsstatus1;Streckenstation1112;Virtuell A92 Mch Neufahrn;4;UZ Freising;A92 Richtung M.-Zentrum
10317;60511;Querschnitt5928;Virtuell_A92_Mch_Unterschleissheim_FG4;Virtuell_A92_Mch_Unterschleissheim_FG4_DE193;193;9250005;48.30114345;11.58893631;5928;10.16;;Betriebsstatus1;Streckenstation1414;Virtuell A92 Mch U'schleißheim;4;UZ Freising;A92 Richtung M.-Zentrum
10318;60148;Querschnitt5930;Virtuell_A92_SGM_Keep_Alive_FG4;Virtuell_A92_SGM_Keep_Alive_FG4_DE222;222;9250000;48.39868915;11.86451091;5930;34.46;;Betriebsstatus1;Streckenstation1286;Virtuell A92 SGM Keep Alive;4;UZ Freising;A92 Richtung M.-Zentrum
10319;54999;Querschnitt5638;BM_A7_943_490_Fue;Betriebsmeldung: Türkontakt der Station;1;719368;47.64038459;10.51557161;5638;943.49;;Betriebsstatus1;Streckenstation1542;SST_A7_943_490_Fue;6;UZ Füssen;A7 Richtung Füssen
10322;50668;Querschnitt5637;WWQ_A7_943_520_Fue;WWQ105 (1-943-20), Cluster;193;719368;47.64049601;10.51623776;5637;943.52;;Betriebsstatus1;Streckenstation1542;SST_A7_943_490_Fue;4;UZ Füssen;A7 Richtung Füssen
10330;52432;Querschnitt5640;BM_A7_944_000_Fue;Betriebsmeldung: Temperaturüberwachung;2;719384;47.64068792;10.52218616;5640;944.0;;Betriebsstatus1;Streckenstation1543;SST_A7_944_000_Fue;6;UZ Füssen;A7 Richtung Füssen
10333;59690;Querschnitt5639;WWQ_A7_944_025_Fue;WWQ110 (1-944-10), PW1;33;719384;47.64078262;10.52283455;5639;944.025;;Betriebsstatus1;Streckenstation1543;SST_A7_944_000_Fue;4;UZ Füssen;A7 Richtung Füssen
10341;55404;Querschnitt5642;AQ_St2007_19_195_Fue/St2007;AQ115 (1-944-20.2), Blinker2;57;719397;47.63967291;10.52848184;5642;19.195;;Betriebsstatus1;Streckenstation1544;SST_A7_944_425_Fue;4;UZ Füssen;St2007 Richtung West
10343;59379;Querschnitt5641;AQ_St2007_19_292_Fue/St2007;AQ115 (1-944-20), Cluster;193;719397;47.64055303;10.52832936;5641;19.292;;Betriebsstatus1;Streckenstation1544;SST_A7_944_425_Fue;4;UZ Füssen;St2007 Richtung Ost
10346;60642;Querschnitt5643;BM_A7_944_425_Fue;Betriebsmeldung: Türkontakt der Station;1;719397;47.6409344;10.52776495;5643;944.425;;Betriebsstatus1;Streckenstation1544;SST_A7_944_425_Fue;6;UZ Füssen;A7 Richtung Füssen
10349;61044;Querschnitt5645;AQ_A7_947_495_Fue;AQ120 (1-947-10), B_UEFS;164;719491;47.63473619;10.56632951;5645;947.495;;Betriebsstatus1;Streckenstation1545;SST_A7_947_467_Fue;4;UZ Füssen;A7 Richtung Füssen
10356;53119;Querschnitt5649;BM_A7_947_467_Fue;Betriebsmeldung: Stromversorgung;4;719491;47.63490089;10.56601776;5649;947.467;;Betriebsstatus1;Streckenstation1545;SST_A7_947_467_Fue;6;UZ Füssen;A7 Richtung Füssen
10359;58771;Querschnitt5648;GMA_A7_947_495_Fue;HK120 (1-947-10), Helligkeit, Typ 61;65;719491;47.63484135;10.56635401;5648;947.495;;Betriebsstatus1;Streckenstation1545;SST_A7_947_467_Fue;3;UZ Füssen;A7 Richtung Füssen
10360;52888;Querschnitt5644;MQ_A7_947_495_Fue;DETA7_947_495_Fue_H2;34;719491;47.63479476;10.56641004;5644;947.495;;Betriebsstatus1;Streckenstation1545;SST_A7_947_467_Fue;1;UZ Füssen;A7 Richtung Füssen
10362;53777;Querschnitt5646;NS_A7_947_477_Fue;NS120 (1-947-10), N-Art, Typ 71;2;719491;47.63482088;10.56619639;5646;947.477;;Betriebsstatus1;Streckenstation1545;SST_A7_947_467_Fue;3;UZ Füssen;A7 Richtung Füssen
10367;62978;Querschnitt5647;SW_A7_947_477_Fue;SW120 (1-947-10), Sichtweite, Typ 60;1;719491;47.63484919;10.56615911;5647;947.477;;Betriebsstatus1;Streckenstation1545;SST_A7_947_467_Fue;3;UZ Füssen;A7 Richtung Füssen
10368;54939;Querschnitt5651;AQ_A7_949_285_Fue;AQ125 (1-949-10), C_zwFS;105;719546;47.62852231;10.58746575;5651;949.285;;Betriebsstatus1;Streckenstation1546;SST_A7_949_250_Fue;4;UZ Füssen;A7 Richtung Füssen
10373;54310;Querschnitt5653;BM_A7_949_250_Fue;Betriebsmeldung: Türkontakt der Station;1;719546;47.62834962;10.58683019;5653;949.25;;Betriebsstatus1;Streckenstation1546;SST_A7_949_250_Fue;6;UZ Füssen;A7 Richtung Füssen
10376;59496;Querschnitt5652;HK_A7_949_285_Fue;HK125 (1-949-10), Helligkeit, Typ 61;65;719546;47.62842342;10.58746841;5652;949.285;;Betriebsstatus1;Streckenstation1546;SST_A7_949_250_Fue;3;UZ Füssen;A7 Richtung Füssen
10377;59839;Querschnitt5650;MQ_A7_949_285_Fue;DETA7_949_285_Fue_H2;34;719546;47.62850014;10.58733831;5650;949.285;;Betriebsstatus1;Streckenstation1546;SST_A7_949_250_Fue;1;UZ Füssen;A7 Richtung Füssen
10379;57891;Querschnitt5553;BM_A7_950_450_Ulm;Betriebsmeldung: Stromversorgung;4;709583;47.62945675;10.60285483;5553;950.45;;Betriebsstatus1;Streckenstation1547;SST_A7_950_450_Ulm;6;UZ Füssen;A7 Richtung Fulda
10382;54814;Querschnitt5550;GM_A7_950_300_Fue;GM130 (2-950-10), Zustand der FB (FBZ), Typ 70;11;709583;47.629601;10.60116199;5550;950.3;;Betriebsstatus1;Streckenstation1547;SST_A7_950_450_Ulm;3;UZ Füssen;A7 Richtung Füssen
10388;59338;Querschnitt5551;NS_A7_950_450_Ulm;NS130 (2-950-10), N-Art, Typ 71;2;709583;47.62948232;10.60258587;5551;950.45;;Betriebsstatus1;Streckenstation1547;SST_A7_950_450_Ulm;3;UZ Füssen;A7 Richtung Fulda
10393;62262;Querschnitt5552;SW_A7_950_450_Ulm;SW130 (2-950-10), Sichtweite, Typ 60;1;709583;47.62947572;10.60272018;5552;950.45;;Betriebsstatus1;Streckenstation1547;SST_A7_950_450_Ulm;3;UZ Füssen;A7 Richtung Fulda
10394;61733;Querschnitt5655;AQ_A7_951_200_Fue;AQ135 (1-951-10), C_zwFS;105;719605;47.62684909;10.61180168;5655;951.2;;Betriebsstatus1;Streckenstation1548;SST_A7_951_180_Fue;4;UZ Füssen;A7 Richtung Füssen
10399;52738;Querschnitt5659;BM_A7_951_180_Fue;Betriebsmeldung: Türkontakt der Station;1;719605;47.62692935;10.6112813;5659;951.18;;Betriebsstatus1;Streckenstation1548;SST_A7_951_180_Fue;6;UZ Füssen;A7 Richtung Füssen
10402;56209;Querschnitt5658;HK_A7_951_200_Fue;HK135 (1-951-10), Helligkeit, Typ 61;65;719605;47.62677014;10.6117489;5658;951.2;;Betriebsstatus1;Streckenstation1548;SST_A7_951_180_Fue;3;UZ Füssen;A7 Richtung Füssen
10403;52843;Querschnitt5654;MQ_A7_951_200_Fue;DETA7_951_200_Fue_H1;33;719605;47.62689316;10.61169687;5654;951.2;;Betriebsstatus1;Streckenstation1548;SST_A7_951_180_Fue;1;UZ Füssen;A7 Richtung Füssen
10405;59508;Querschnitt5656;NS_A7_951_180_Fue;NS135 (1-951-10), Luftemperatur (LT), Typ 48;4;719605;47.62687718;10.61139853;5656;951.18;;Betriebsstatus1;Streckenstation1548;SST_A7_951_180_Fue;3;UZ Füssen;A7 Richtung Füssen
10410;57636;Querschnitt5657;SW_A7_951_180_Fue;SW135 (1-951-10), Sichtweite, Typ 60;1;719605;47.62684621;10.61156397;5657;951.18;;Betriebsstatus1;Streckenstation1548;SST_A7_951_180_Fue;3;UZ Füssen;A7 Richtung Füssen
10411;51926;Querschnitt5661;AQ_A7_953_247_Fue;AQ140 (1-953-10), Cluster;193;719668;47.62601282;10.63832749;5661;953.247;;Betriebsstatus1;Streckenstation1549;SST_A7_953_217_Fue;4;UZ Füssen;A7 Richtung Füssen
10416;59879;Querschnitt5665;BM_A7_953_217_Fue;Betriebsmeldung: Türkontakt der Station;1;719668;47.62598167;10.63778566;5665;953.217;;Betriebsstatus1;Streckenstation1549;SST_A7_953_217_Fue;6;UZ Füssen;A7 Richtung Füssen
10419;55357;Querschnitt5664;HK_A7_953_247_Fue;HK140 (1-953-10), Helligkeit, Typ 61;65;719668;47.62594683;10.63832311;5664;953.247;;Betriebsstatus1;Streckenstation1549;SST_A7_953_217_Fue;3;UZ Füssen;A7 Richtung Füssen
10420;56292;Querschnitt5660;MQ_A7_953_247_Fue;DETA7_953_247_Fue_H1;33;719668;47.62607442;10.63830759;5660;953.247;;Betriebsstatus1;Streckenstation1549;SST_A7_953_217_Fue;1;UZ Füssen;A7 Richtung Füssen
10422;55086;Querschnitt5662;NS_A7_953_227_Fue;NS140 (1-953-10), Taupunkttemperatur (TPT), Typ 66;6;719668;47.62596591;10.63819457;5662;953.227;;Betriebsstatus1;Streckenstation1549;SST_A7_953_217_Fue;3;UZ Füssen;A7 Richtung Füssen
10427;60316;Querschnitt5663;SW_A7_953_227_Fue;SW140 (1-953-10), Sichtweite, Typ 60;1;719668;47.6259646;10.63808486;5663;953.227;;Betriebsstatus1;Streckenstation1549;SST_A7_953_217_Fue;3;UZ Füssen;A7 Richtung Füssen
10428;57186;Querschnitt5667;AQ_A7_955_110_Fue;AQ145 (1-955-10), A_HFS;33;719725;47.62186029;10.66022422;5667;955.11;;Betriebsstatus1;Streckenstation1550;SST_A7_955_080_Fue;4;UZ Füssen;A7 Richtung Füssen
10433;59806;Querschnitt5671;BM_A7_955_080_Fue;Betriebsmeldung: Türkontakt der Station;1;719725;47.62209558;10.6599012;5671;955.08;;Betriebsstatus1;Streckenstation1550;SST_A7_955_080_Fue;6;UZ Füssen;A7 Richtung Füssen
10436;61130;Querschnitt5670;HK_A7_955_110_Fue;HK145 (1-955-10), Helligkeit, Typ 61;65;719725;47.62180501;10.66007932;5670;955.11;;Betriebsstatus1;Streckenstation1550;SST_A7_955_080_Fue;3;UZ Füssen;A7 Richtung Füssen
10437;61312;Querschnitt5666;MQ_A7_955_110_Fue;DETA7_955_110_Fue_H2;34;719725;47.62194888;10.66019001;5666;955.11;;Betriebsstatus1;Streckenstation1550;SST_A7_955_080_Fue;1;UZ Füssen;A7 Richtung Füssen
10439;55511;Querschnitt5668;NS_A7_955_090_Fue;NS145 (1-955-10), Luftemperatur (LT), Typ 48;4;719725;47.62188245;10.66000419;5668;955.09;;Betriebsstatus1;Streckenstation1550;SST_A7_955_080_Fue;3;UZ Füssen;A7 Richtung Füssen
10444;62689;Querschnitt5669;SW_A7_955_090_Fue;SW145 (1-955-10), Sichtweite, Typ 60;1;719725;47.62194816;10.65998422;5669;955.09;;Betriebsstatus1;Streckenstation1550;SST_A7_955_080_Fue;3;UZ Füssen;A7 Richtung Füssen
10445;62431;Querschnitt5674;AQ_A7_956_569_Fue;AQ150 (1-956-10), B_zwFS;97;719770;47.60964738;10.65630139;5674;956.569;;Betriebsstatus1;Streckenstation1551;SST_A7_956_639_Fue;4;UZ Füssen;A7 Richtung Füssen
10450;59866;Querschnitt5680;BM_A7_956_539_Fue;Betriebsmeldung: Stromversorgung;4;719770;47.6099098;10.65633433;5680;956.539;;Betriebsstatus1;Streckenstation1551;SST_A7_956_639_Fue;6;UZ Füssen;A7 Richtung Füssen
10453;58657;Querschnitt5675;GM_A7_956_559_Fue;GM150 (1-956-10), Bodentemp. T1 (TT1), Typ 67;9;719770;47.60970588;10.65636396;5675;956.559;;Betriebsstatus1;Streckenstation1551;SST_A7_956_639_Fue;3;UZ Füssen;A7 Richtung Füssen
10459;62017;Querschnitt5679;GM_A7_956_559_Ulm;GM150 (1-956-10), Wasserfilmdicke (WFD), Typ 72;44;719770;47.60967855;10.65649585;5679;956.559;;Betriebsstatus1;Streckenstation1551;SST_A7_956_639_Fue;3;UZ Füssen;A7 Richtung Fulda
10465;51782;Querschnitt5678;HK_A7_956_569_Fue;HK150 (1-956-10), Helligkeit, Typ 61;65;719770;47.60966708;10.65622156;5678;956.569;;Betriebsstatus1;Streckenstation1551;SST_A7_956_639_Fue;3;UZ Füssen;A7 Richtung Füssen
10466;54811;Querschnitt5672;MQ_A7_956_569_Fue;DETA7_956_569_Fue_H1;33;719770;47.60965889;10.65637;5672;956.569;;Betriebsstatus1;Streckenstation1551;SST_A7_956_639_Fue;1;UZ Füssen;A7 Richtung Füssen
10468;52671;Querschnitt5673;MQ_A7_956_610_Ulm;DETA7_956_610_Ulm_H2;2;719770;47.60943454;10.65645024;5673;956.61;;Betriebsstatus1;Streckenstation1551;SST_A7_956_639_Fue;1;UZ Füssen;A7 Richtung Fulda
10470;60308;Querschnitt5676;NS_A7_956_559_Fue;NS150 (1-956-10), Luftemperatur (LT), Typ 48;4;719770;47.60973146;10.65625652;5676;956.559;;Betriebsstatus1;Streckenstation1551;SST_A7_956_639_Fue;3;UZ Füssen;A7 Richtung Füssen
10475;53047;Querschnitt5677;SW_A7_956_559_Fue;SW150 (1-956-10), Sichtweite, Typ 60;1;719770;47.60979579;10.65628843;5677;956.559;;Betriebsstatus1;Streckenstation1551;SST_A7_956_639_Fue;3;UZ Füssen;A7 Richtung Füssen
10476;53982;Querschnitt5683;AQ_A7_956_909_Fue;AQ155 (1-956-30), C_zwFS;105;719775;47.60670619;10.65533177;5683;956.909;;Betriebsstatus1;Streckenstation1552;SST_A7_956_689_Fue;4;UZ Füssen;A7 Richtung Füssen
10481;62059;Querschnitt5686;BM_A7_956_689_Fue;Betriebsmeldung: Temperaturüberwachung;2;719775;47.60862142;10.65572813;5686;956.689;;Betriebsstatus1;Streckenstation1552;SST_A7_956_689_Fue;6;UZ Füssen;A7 Richtung Füssen
10484;58139;Querschnitt5684;HK_A7_956_719_Fue;HKD155 (1-956-20), Helligkeit, Typ 61;65;719775;47.60832304;10.65561984;5684;956.719;;Betriebsstatus1;Streckenstation1552;SST_A7_956_689_Fue;3;UZ Füssen;A7 Richtung Füssen
10485;61913;Querschnitt5685;HK_A7_956_909_Fue;HK155 (1-956-30), Helligkeit, Typ 61;66;719775;47.6066921;10.65518568;5685;956.909;;Betriebsstatus1;Streckenstation1552;SST_A7_956_689_Fue;3;UZ Füssen;A7 Richtung Füssen
10486;52886;Querschnitt5682;LED_A7_956_719_Fue;LED155 (1-956-20), Cluster;193;719775;47.60840192;10.65566054;5682;956.719;;Betriebsstatus1;Streckenstation1552;SST_A7_956_689_Fue;4;UZ Füssen;A7 Richtung Füssen
10495;53125;Querschnitt5681;MQ_A7_956_909_Fue;DETA7_956_909_Fue_H1;33;719775;47.60672376;10.65542285;5681;956.909;;Betriebsstatus1;Streckenstation1552;SST_A7_956_689_Fue;1;UZ Füssen;A7 Richtung Füssen
10497;59491;Querschnitt5556;BM_A7_957_125_Ulm_1;Betriebsmeldung: Türkontakt der Station;1;709788;47.60513548;10.65581133;5556;957.125;;Betriebsstatus1;Streckenstation1553;SST_A7_957_125_Ulm_1;6;UZ Füssen;A7 Richtung Fulda
10500;59662;Querschnitt5557;NB_A7_957_128_Fue;PBF FR Fue (1-957-10), Leichte Beh.;11;709788;47.60501773;10.65527129;5557;957.128;;Betriebsstatus1;Streckenstation1553;SST_A7_957_125_Ulm_1;131;UZ Füssen;A7 Richtung Füssen
10504;53005;Querschnitt5558;NB_A7_957_128_Ulm;PBF FR Ulm (2-957-20), Sperr_HFS;3;709788;47.60501485;10.655729;5558;957.128;;Betriebsstatus1;Streckenstation1553;SST_A7_957_125_Ulm_1;131;UZ Füssen;A7 Richtung Fulda
10508;59950;Querschnitt5554;Portal_A7_957_039_Fue;Portal205 (1-957-10), Cluster;193;709788;47.605526;10.6553315;5554;957.039;;Betriebsstatus1;Streckenstation1553;SST_A7_957_125_Ulm_1;4;UZ Füssen;A7 Richtung Füssen
10513;58573;Querschnitt5560;BM_A7_957_125_Ulm_2;Betriebsmeldung: Stromversorgung;4;709789;47.6051335;10.65599442;5560;957.125;;Betriebsstatus1;Streckenstation1554;SST_A7_957_125_Ulm_2;6;UZ Füssen;A7 Richtung Fulda
10516;61172;Querschnitt5559;DLZ_A7_957_085_Fue;DLZ210 (1-957-20), DLZ_HFS;33;709789;47.60467777;10.65548746;5559;957.085;;Betriebsstatus1;Streckenstation1554;SST_A7_957_125_Ulm_2;4;UZ Füssen;A7 Richtung Füssen
10519;59489;Querschnitt5563;BM_A7_957_125_Ulm_3;Betriebsmeldung: Temperaturüberwachung;2;709790;47.6051313;10.65615922;5563;957.125;;Betriebsstatus1;Streckenstation1555;SST_A7_957_125_Ulm_3;6;UZ Füssen;A7 Richtung Fulda
10522;59296;Querschnitt5562;DLZ_A7_957_128_Ulm;DLZ215 (2-957-30), Cluster;194;709790;47.60437145;10.65575767;5562;957.128;;Betriebsstatus1;Streckenstation1555;SST_A7_957_125_Ulm_3;4;UZ Füssen;A7 Richtung Fulda
10525;61352;Querschnitt5561;MQDZ_A7_957_039_Ulm;DETA7_957_039_Ulm_H2;2;709790;47.60655656;10.65559187;5561;957.039;84299002;Betriebsstatus1;Streckenstation1555;SST_A7_957_125_Ulm_3;1;UZ Füssen;A7 Richtung Fulda
10527;60028;Querschnitt5565;BM_A7_957_810_Ulm_1;Betriebsmeldung: Türkontakt der Station;1;709809;47.59861757;10.65703978;5565;957.81;;Betriebsstatus1;Streckenstation1556;SST_A7_957_810_Ulm_1;6;UZ Füssen;A7 Richtung Fulda
10530;61382;Querschnitt5566;NB_A7_957_773_Fue;PBF FR Fue (1-957-70), Vollsperrung;12;709809;47.59888683;10.65668936;5566;957.773;;Betriebsstatus1;Streckenstation1556;SST_A7_957_810_Ulm_1;131;UZ Füssen;A7 Richtung Füssen
10534;50759;Querschnitt5567;NB_A7_957_773_Ulm;PBF FR Ulm (2-957-70), Sperr_HFS;3;709809;47.59888683;10.65668936;5567;957.773;;Betriebsstatus1;Streckenstation1556;SST_A7_957_810_Ulm_1;131;UZ Füssen;A7 Richtung Fulda
10538;60858;Querschnitt5564;Portal_A7_957_863_Ulm;Portal275 (2-957-70), LSA_HFS;1;709809;47.59819627;10.656654;5564;957.863;;Betriebsstatus1;Streckenstation1556;SST_A7_957_810_Ulm_1;4;UZ Füssen;A7 Richtung Fulda
10543;55161;Querschnitt5569;AQ_A7_957_393_Ulm;AQ280 (2-957-40), A_HFS;129;709810;47.60219168;10.65638091;5569;957.393;;Betriebsstatus1;Streckenstation1557;SST_A7_957_810_Ulm_2;4;UZ Füssen;A7 Richtung Fulda
10552;50996;Querschnitt5571;BM_A7_957_810_Ulm_2;Betriebsmeldung: Stromversorgung;4;709810;47.59852682;10.6570421;5571;957.81;;Betriebsstatus1;Streckenstation1557;SST_A7_957_810_Ulm_2;6;UZ Füssen;A7 Richtung Fulda
10555;55239;Querschnitt5570;DLZ_A7_957_773_Ulm;DLZ280 (2-957-50), DLZ_UEFS;2;709810;47.59888683;10.65668936;5570;957.773;;Betriebsstatus1;Streckenstation1557;SST_A7_957_810_Ulm_2;4;UZ Füssen;A7 Richtung Fulda
10558;55522;Querschnitt5568;MQ_A7_957_393_Ulm;DETA7_957_393_Ulm_H1;1;709810;47.60201885;10.65642195;5568;957.393;;Betriebsstatus1;Streckenstation1557;SST_A7_957_810_Ulm_2;1;UZ Füssen;A7 Richtung Fulda
10560;55304;Querschnitt5574;AQ_A7_957_493_Fue;AQ285 (1-957-30), A_UEFS;162;709811;47.60136698;10.65643253;5574;957.493;;Betriebsstatus1;Streckenstation1558;SST_A7_957_810_Ulm_3;4;UZ Füssen;A7 Richtung Füssen
10569;60725;Querschnitt5576;BM_A7_957_810_Ulm_3;Betriebsmeldung: Stromversorgung;4;709811;47.59841963;10.65705094;5576;957.81;;Betriebsstatus1;Streckenstation1558;SST_A7_957_810_Ulm_3;6;UZ Füssen;A7 Richtung Fulda
10572;55724;Querschnitt5575;DLZ_A7_957_773_Fue;DLZ285 (1-957-40), DLZ_HFS;41;709811;47.59888683;10.65668936;5575;957.773;;Betriebsstatus1;Streckenstation1558;SST_A7_957_810_Ulm_3;4;UZ Füssen;A7 Richtung Füssen
10575;56797;Querschnitt5572;MQ_A7_957_493_Fue;DETA7_957_493_Fue_H2;34;709811;47.59880006;10.65659996;5572;957.493;;Betriebsstatus1;Streckenstation1558;SST_A7_957_810_Ulm_3;1;UZ Füssen;A7 Richtung Füssen
10577;61618;Querschnitt5573;MQDZ_A7_957_910_Fue;DETA7_957_910_Fue_H2;42;709811;47.59664656;10.656108;5573;957.91;84299002;Betriebsstatus1;Streckenstation1558;SST_A7_957_810_Ulm_3;1;UZ Füssen;A7 Richtung Füssen
10579;52851;Querschnitt5582;BM_A7_958_213_Ulm;Betriebsmeldung: Temperaturüberwachung;2;709822;47.59503165;10.65633845;5582;958.213;;Betriebsstatus1;Streckenstation1559;SST_A7_958_213_Ulm;6;UZ Füssen;A7 Richtung Fulda
10582;52825;Querschnitt5580;HK_A7_958_035_Ulm;HKD305 (2-958-10), Helligkeit, Typ 61;66;709822;47.59665909;10.65647371;5580;958.035;;Betriebsstatus1;Streckenstation1559;SST_A7_958_213_Ulm;3;UZ Füssen;A7 Richtung Fulda
10583;60392;Querschnitt5581;HK_A7_958_183_Ulm;HKD305 (2-958-20), Helligkeit, Typ 61;65;709822;47.59530385;10.65632538;5581;958.183;;Betriebsstatus1;Streckenstation1559;SST_A7_958_213_Ulm;3;UZ Füssen;A7 Richtung Fulda
10584;55050;Querschnitt5578;LED_A7_958_035_Ulm;LED305 (2-958-10), C_zwFS;73;709822;47.59666207;10.65637602;5578;958.035;;Betriebsstatus1;Streckenstation1559;SST_A7_958_213_Ulm;4;UZ Füssen;A7 Richtung Fulda
10589;59998;Querschnitt5579;LED_A7_958_183_Ulm;LED305 (2-958-20), Blinker_HFS;25;709822;47.59530285;10.65624;5579;958.183;;Betriebsstatus1;Streckenstation1559;SST_A7_958_213_Ulm;4;UZ Füssen;A7 Richtung Fulda
10598;56268;Querschnitt5577;MQ_A7_958_035_Ulm;DETA7_958_035_Ulm_H1;1;709822;47.59666207;10.65637602;5577;958.035;;Betriebsstatus1;Streckenstation1559;SST_A7_958_213_Ulm;1;UZ Füssen;A7 Richtung Fulda
10600;52001;Querschnitt5584;AQ_A7_958_403_Ulm;AQ310 (2-958-30), A_UEFS;2;709829;47.59361981;10.65628917;5584;958.403;;Betriebsstatus1;Streckenstation1560;SST_A7_958_440_Ulm_1;4;UZ Füssen;A7 Richtung Fulda
10605;52827;Querschnitt5586;BM_A7_958_440_Ulm_1;Betriebsmeldung: Stromversorgung;4;709829;47.5933085;10.65648626;5586;958.44;;Betriebsstatus1;Streckenstation1560;SST_A7_958_440_Ulm_1;6;UZ Füssen;A7 Richtung Fulda
10608;59367;Querschnitt5585;HK_A7_958_403_Ulm;HK310 (2-958-30), Helligkeit, Typ 61;65;709829;47.59363027;10.65647802;5585;958.403;;Betriebsstatus1;Streckenstation1560;SST_A7_958_440_Ulm_1;3;UZ Füssen;A7 Richtung Fulda
10609;62615;Querschnitt5583;MQ_A7_958_403_Ulm;DETA7_958_403_Ulm_H2;2;709829;47.59355394;10.65630307;5583;958.403;;Betriebsstatus1;Streckenstation1560;SST_A7_958_440_Ulm_1;1;UZ Füssen;A7 Richtung Fulda
10611;59807;Querschnitt5588;AQ_A7_958_403_Fue;AQ315 (1-958-10), A_UEFS;34;709830;47.59358935;10.65615575;5588;958.403;;Betriebsstatus1;Streckenstation1561;SST_A7_958_440_Ulm_2;4;UZ Füssen;A7 Richtung Füssen
10616;58664;Querschnitt5592;BM_A7_958_440_Ulm_2;Betriebsmeldung: Stromversorgung;4;709830;47.59369716;10.65584797;5592;958.44;;Betriebsstatus1;Streckenstation1561;SST_A7_958_440_Ulm_2;6;UZ Füssen;A7 Richtung Fulda
10619;54452;Querschnitt5591;HK_A7_958_403_Fue;HK315 (1-958-10), Helligkeit, Typ 61;65;709830;47.59361972;10.65592927;5591;958.403;;Betriebsstatus1;Streckenstation1561;SST_A7_958_440_Ulm_2;3;UZ Füssen;A7 Richtung Füssen
10620;62394;Querschnitt5587;MQ_A7_958_403_Fue;DETA7_958_403_Fue_H1;33;709830;47.59367599;10.65615353;5587;958.403;;Betriebsstatus1;Streckenstation1561;SST_A7_958_440_Ulm_2;1;UZ Füssen;A7 Richtung Füssen
10622;59123;Querschnitt5589;NS_A7_958_373_Fue;NS315 (1-958-10), N-Intensität, Typ 53;3;709830;47.59375151;10.65590758;5589;958.373;;Betriebsstatus1;Streckenstation1561;SST_A7_958_440_Ulm_2;3;UZ Füssen;A7 Richtung Füssen
10627;56755;Querschnitt5590;SW_A7_958_373_Fue;SW315 (1-958-10), Sichtweite, Typ 60;1;709830;47.59383401;10.65590547;5590;958.373;;Betriebsstatus1;Streckenstation1561;SST_A7_958_440_Ulm_2;3;UZ Füssen;A7 Richtung Füssen
10628;56229;Querschnitt5688;BM_A7_959_484_Fue;Betriebsmeldung: Temperaturüberwachung;2;719862;47.58423096;10.66089429;5688;959.484;;Betriebsstatus1;Streckenstation1562;SST_A7_959_484_Fue;6;UZ Füssen;A7 Richtung Füssen
10631;55476;Querschnitt5687;WWQ_A7_959_514_Fue;WWQ320 (1-959-10), Blinker;57;719862;47.58400471;10.66119052;5687;959.514;;Betriebsstatus1;Streckenstation1562;SST_A7_959_484_Fue;4;UZ Füssen;A7 Richtung Füssen
10638;54979;Querschnitt5594;AQ_A7_959_720_Ulm;AQ325 (2-959-10), C_zwFS;73;709869;47.58224889;10.66191001;5594;959.72;;Betriebsstatus1;Streckenstation1563;SST_A7_959_750_Ulm_1;4;UZ Füssen;A7 Richtung Fulda
10643;59463;Querschnitt5596;BM_A7_959_750_Ulm_1;Betriebsmeldung: Temperaturüberwachung;2;709869;47.58195818;10.66209584;5596;959.75;;Betriebsstatus1;Streckenstation1563;SST_A7_959_750_Ulm_1;6;UZ Füssen;A7 Richtung Fulda
10646;53714;Querschnitt5595;HK_A7_959_720_Ulm;HK325 (2-959-10), Helligkeit, Typ 61;65;709869;47.58225142;10.66203022;5595;959.72;;Betriebsstatus1;Streckenstation1563;SST_A7_959_750_Ulm_1;3;UZ Füssen;A7 Richtung Fulda
10647;51243;Querschnitt5593;MQ_A7_959_720_Ulm;DETA7_959_720_Ulm_H2;2;709869;47.5821643;10.66191882;5593;959.72;;Betriebsstatus1;Streckenstation1563;SST_A7_959_750_Ulm_1;1;UZ Füssen;A7 Richtung Fulda
10649;60197;Querschnitt5598;AQ_A7_959_720_Fue;AQ330 (1-959-20), A_HFS;33;709870;47.58223888;10.66176;5598;959.72;;Betriebsstatus1;Streckenstation1564;SST_A7_959_750_Ulm_2;4;UZ Füssen;A7 Richtung Füssen
10654;63215;Querschnitt5602;BM_A7_959_750_Ulm_2;Betriebsmeldung: Stromversorgung;4;709870;47.5823907;10.66154625;5602;959.75;;Betriebsstatus1;Streckenstation1564;SST_A7_959_750_Ulm_2;6;UZ Füssen;A7 Richtung Fulda
10657;54878;Querschnitt5601;HK_A7_959_720_Fue;HK330 (1-959-20), Helligkeit, Typ 61;65;709870;47.58220235;10.6616434;5601;959.72;;Betriebsstatus1;Streckenstation1564;SST_A7_959_750_Ulm_2;3;UZ Füssen;A7 Richtung Füssen
10658;59349;Querschnitt5597;MQ_A7_959_720_Fue;DETA7_959_720_Fue_H2;34;709870;47.58229844;10.66174463;5597;959.72;;Betriebsstatus1;Streckenstation1564;SST_A7_959_750_Ulm_2;1;UZ Füssen;A7 Richtung Füssen
10660;52821;Querschnitt5599;NS_A7_959_690_Fue;NS330 (1-959-20), Luftemperatur (LT), Typ 48;4;709870;47.58239699;10.66170248;5599;959.69;;Betriebsstatus1;Streckenstation1564;SST_A7_959_750_Ulm_2;3;UZ Füssen;A7 Richtung Füssen
10665;58351;Querschnitt5600;SW_A7_959_690_Fue;SW330 (1-959-20), Sichtweite, Typ 60;1;709870;47.58232739;10.66157313;5600;959.69;;Betriebsstatus1;Streckenstation1564;SST_A7_959_750_Ulm_2;3;UZ Füssen;A7 Richtung Füssen
10666;57979;Querschnitt5690;BM_A7_960_030_Fue;Betriebsmeldung: Türkontakt der Station;1;719878;47.57915272;10.6620267;5690;960.03;;Betriebsstatus1;Streckenstation1565;SST_A7_960_030_Fue;6;UZ Füssen;A7 Richtung Füssen
10669;59413;Querschnitt5689;WWQ_A7_960_085_Fue;WWQ335 (1-960-10), PW3;35;719878;47.57890606;10.66213068;5689;960.085;;Betriebsstatus1;Streckenstation1565;SST_A7_960_030_Fue;4;UZ Füssen;A7 Richtung Füssen
10676;53610;Querschnitt5603;AQ SA_A7_960_120_Ulm;AQSA340 (2-960-05), C_HFS;133;709881;47.5763863;10.66220016;5603;960.12;;Betriebsstatus1;Streckenstation1566;SST_A7_960_150_Ulm;4;UZ Füssen;A7 Richtung Fulda
10681;55457;Querschnitt5605;BM_A7_960_150_Ulm;Betriebsmeldung: Stromversorgung;4;709881;47.57617648;10.66225429;5605;960.15;;Betriebsstatus1;Streckenstation1566;SST_A7_960_150_Ulm;6;UZ Füssen;A7 Richtung Fulda
10684;55244;Querschnitt5604;HK_A7_960_120_Ulm;HKSA340 (2-960-05), Helligkeit, Typ 61;65;709881;47.57636702;10.66231652;5604;960.12;;Betriebsstatus1;Streckenstation1566;SST_A7_960_150_Ulm;3;UZ Füssen;A7 Richtung Fulda
10685;60426;Querschnitt5692;AQ_B310_9_376_Fue/B310;AQ345 (1-960-20.2), PW;129;719890;47.57333239;10.65609923;5692;9.376;;Betriebsstatus1;Streckenstation1567;SST_A7_960_435_Fue;4;UZ Füssen;B310 Richtung Ost
10688;59480;Querschnitt5693;BM_A7_960_435_Fue;Betriebsmeldung: Stromversorgung;4;719890;47.57588365;10.66156044;5693;960.435;;Betriebsstatus1;Streckenstation1567;SST_A7_960_435_Fue;6;UZ Füssen;A7 Richtung Füssen
10691;55623;Querschnitt5691;MQ_A7_960_425_Fue/B310;DETA7_960_425_Fue/B310_E1;161;719890;47.57590002;10.66100003;5691;960.425;;Betriebsstatus1;Streckenstation1567;SST_A7_960_435_Fue;1;UZ Füssen;A7 Richtung Füssen
10693;53106;Querschnitt5610;AQ_B310_10_122_Ulm/B310;AQ350 (2-960-10.1), PW1;161;709892;47.57519185;10.66642307;5610;10.122;;Betriebsstatus1;Streckenstation1568;SST_A7_960_483_Ulm;4;UZ Füssen;B310 Richtung West
10696;56035;Querschnitt5607;AQ_B310_9_709_Ulm/B310;AQ350 (2-960-10.3), PW3;130;709892;47.5737942;10.66187709;5607;9.709;;Betriebsstatus1;Streckenstation1568;SST_A7_960_483_Ulm;4;UZ Füssen;B310 Richtung Ost
10698;61259;Querschnitt5609;AQ_B310_9_717_Fue/B310;AQPW350 (1-960-20), Cluster;193;709892;47.5739518;10.66186695;5609;9.717;;Betriebsstatus1;Streckenstation1568;SST_A7_960_483_Ulm;4;UZ Füssen;B310 Richtung West
10701;55621;Querschnitt5608;AQ_B310_9_843_Ulm/B310;AQ350 (2-960-10.2), PW2;129;709892;47.57393727;10.66275663;5608;9.843;;Betriebsstatus1;Streckenstation1568;SST_A7_960_483_Ulm;4;UZ Füssen;B310 Richtung Ost
10703;61738;Querschnitt5611;BM_A7_960_483_Ulm;Betriebsmeldung: Stromversorgung;4;709892;47.57535561;10.66192759;5611;960.483;;Betriebsstatus1;Streckenstation1568;SST_A7_960_483_Ulm;6;UZ Füssen;A7 Richtung Fulda
10706;52407;Querschnitt6055;MQ_A7_960_486_Ulm/B310_A;DETA7_960_486_Ulm/B310_A1;65;709892;47.57510001;10.66230002;6055;960.486;;Betriebsstatus1;Streckenstation1568;SST_A7_960_483_Ulm;1;UZ Füssen;A7 Richtung Fulda
10707;59913;Querschnitt5606;MQ_A7_960_486_Ulm/B310_E;DETA7_960_486_Ulm/B310_E1;129;709892;47.57510001;10.66230002;5606;960.486;;Betriebsstatus1;Streckenstation1568;SST_A7_960_483_Ulm;1;UZ Füssen;A7 Richtung Fulda
10708;55413;Querschnitt5697;AQ_A7_960_920_Fue;AQ355 (1-960-40), B_zwFS;97;719900;47.57160782;10.66028001;5697;960.92;;Betriebsstatus1;Streckenstation1569;SST_A7_960_760_Fue;4;UZ Füssen;A7 Richtung Füssen
10713;56663;Querschnitt5698;AQ_A7_961_045_Fue;AQ355 (1-961-10), A_UEFS;42;719900;47.57052266;10.65982928;5698;961.045;;Betriebsstatus1;Streckenstation1569;SST_A7_960_760_Fue;4;UZ Füssen;A7 Richtung Füssen
10718;61608;Querschnitt5706;BM_A7_960_760_Fue;Betriebsmeldung: Stromversorgung;4;719900;47.57322284;10.66101018;5706;960.76;;Betriebsstatus1;Streckenstation1569;SST_A7_960_760_Fue;6;UZ Füssen;A7 Richtung Füssen
10721;54956;Querschnitt5700;GM_A7_960_910_Fue;GM355 (1-960-40), Fahrbahntemperatur (FBT), Typ 49;7;719900;47.57147585;10.66024347;5700;960.91;;Betriebsstatus1;Streckenstation1569;SST_A7_960_760_Fue;3;UZ Füssen;A7 Richtung Füssen
10727;57879;Querschnitt5705;GM_A7_960_910_Ulm;GM355 (1-960-40), Wasserfilmdicke (WFD), Typ 72;44;719900;47.57145063;10.66039437;5705;960.91;;Betriebsstatus1;Streckenstation1569;SST_A7_960_760_Fue;3;UZ Füssen;A7 Richtung Fulda
10733;51527;Querschnitt5699;HK_A7_960_770_Fue;HKD355 (1-960-30), Helligkeit, Typ 61;65;719900;47.57305122;10.66094809;5699;960.77;;Betriebsstatus1;Streckenstation1569;SST_A7_960_760_Fue;3;UZ Füssen;A7 Richtung Füssen
10734;61667;Querschnitt5703;HK_A7_960_920_Fue;HK355 (1-960-40), Helligkeit, Typ 61;66;719900;47.5716181;10.66016318;5703;960.92;;Betriebsstatus1;Streckenstation1569;SST_A7_960_760_Fue;3;UZ Füssen;A7 Richtung Füssen
10735;52372;Querschnitt5704;HK_A7_961_045_Fue;HK355 (1-961-10), Helligkeit, Typ 61;67;719900;47.57054448;10.65974286;5704;961.045;;Betriebsstatus1;Streckenstation1569;SST_A7_960_760_Fue;3;UZ Füssen;A7 Richtung Füssen
10736;62705;Querschnitt5696;LED_A7_960_770_Fue;LED355 (1-960-30), C_UEFS;166;719900;47.57305122;10.66094809;5696;960.77;;Betriebsstatus1;Streckenstation1569;SST_A7_960_760_Fue;4;UZ Füssen;A7 Richtung Füssen
10745;53179;Querschnitt5694;MQ_A7_960_920_Fue;DETA7_960_920_Fue_H1;33;719900;47.57186183;10.66035909;5694;960.92;;Betriebsstatus1;Streckenstation1569;SST_A7_960_760_Fue;1;UZ Füssen;A7 Richtung Füssen
10747;61809;Querschnitt5695;MQ_A7_961_045_Fue;DETA7_961_045_Fue_H1;41;719900;47.57052888;10.65989;5695;961.045;;Betriebsstatus1;Streckenstation1569;SST_A7_960_760_Fue;1;UZ Füssen;A7 Richtung Füssen
10749;60164;Querschnitt5701;NS_A7_960_910_Fue;NS355 (1-960-40), Taupunkttemperatur (TPT), Typ 66;6;719900;47.57149284;10.66009891;5701;960.91;;Betriebsstatus1;Streckenstation1569;SST_A7_960_760_Fue;3;UZ Füssen;A7 Richtung Füssen
10754;59679;Querschnitt5702;SW_A7_960_910_Fue;SW355 (1-960-40), Sichtweite, Typ 60;1;719900;47.57140731;10.66006124;5702;960.91;;Betriebsstatus1;Streckenstation1569;SST_A7_960_760_Fue;3;UZ Füssen;A7 Richtung Füssen
10755;62970;Querschnitt5614;AQ_A7_960_920_Ulm;AQ360 (2-960-30), C_zwFS;73;709906;47.57156742;10.66044352;5614;960.92;;Betriebsstatus1;Streckenstation1570;SST_A7_960_952_Ulm;4;UZ Füssen;A7 Richtung Fulda
10760;54934;Querschnitt5616;BM_A7_960_952_Ulm;Betriebsmeldung: Temperaturüberwachung;2;709906;47.57125602;10.66043306;5616;960.952;;Betriebsstatus1;Streckenstation1570;SST_A7_960_952_Ulm;6;UZ Füssen;A7 Richtung Fulda
10763;54455;Querschnitt5615;HK_A7_960_920_Ulm;HK360 (2-960-30), Helligkeit, Typ 61;65;709906;47.57155565;10.66050209;5615;960.92;;Betriebsstatus1;Streckenstation1570;SST_A7_960_952_Ulm;3;UZ Füssen;A7 Richtung Fulda
10764;60004;Querschnitt5612;MQ_A7_960_920_Ulm;DETA7_960_920_Ulm_H1;1;709906;47.5718148;10.66059313;5612;960.92;;Betriebsstatus1;Streckenstation1570;SST_A7_960_952_Ulm;1;UZ Füssen;A7 Richtung Fulda
10766;60912;Querschnitt5613;WWQ_A7_960_707_Ulm;WWQ360 (2-960-20), PW1;1;709906;47.57337557;10.66108638;5613;960.707;;Betriebsstatus1;Streckenstation1570;SST_A7_960_952_Ulm;4;UZ Füssen;A7 Richtung Fulda
10773;55770;Querschnitt5618;BM_A7_961_151_Ulm;Betriebsmeldung: Türkontakt der Station;1;709912;47.56953688;10.65982376;5618;961.151;;Betriebsstatus1;Streckenstation1571;SST_A7_961_151_Ulm;6;UZ Füssen;A7 Richtung Fulda
10776;60022;Querschnitt5617;WWQ_A7_961_121_Ulm;WWQ360 (2-961-10), Cluster;194;709912;47.56980836;10.6597923;5617;961.121;;Betriebsstatus1;Streckenstation1571;SST_A7_961_151_Ulm;4;UZ Füssen;A7 Richtung Fulda
10783;53286;Querschnitt5708;BM_A7_961_384_Fue_1;Betriebsmeldung: Stromversorgung;4;719919;47.56756468;10.65855111;5708;961.384;;Betriebsstatus1;Streckenstation1572;SST_A7_961_384_Fue_1;6;UZ Füssen;A7 Richtung Füssen
10786;51003;Querschnitt5709;NB_A7_961_404_Fue;PBF FR Fue (1-961-30), Vollsperrung;12;719919;47.56767593;10.65892714;5709;961.404;;Betriebsstatus1;Streckenstation1572;SST_A7_961_384_Fue_1;131;UZ Füssen;A7 Richtung Füssen
10788;59555;Querschnitt5710;NB_A7_961_404_Ulm;PBF FR Ulm (2-961-15), Leichte Beh.;1;719919;47.56765135;10.65923795;5710;961.404;;Betriebsstatus1;Streckenstation1572;SST_A7_961_384_Fue_1;131;UZ Füssen;A7 Richtung Fulda
10790;62144;Querschnitt5707;Portal_A7_961_170_Fue;Portal405 (1-961-20), Schranke_UEFS;47;719919;47.56941827;10.65944043;5707;961.17;;Betriebsstatus1;Streckenstation1572;SST_A7_961_384_Fue_1;4;UZ Füssen;A7 Richtung Füssen
10795;61725;Querschnitt5713;AQ_A7_961_684_Fue;AQ410 (1-961-40), C_HFS;165;719920;47.56674898;10.65867612;5713;961.684;;Betriebsstatus1;Streckenstation1573;SST_A7_961_384_Fue_2;4;UZ Füssen;A7 Richtung Füssen
10799;59473;Querschnitt5714;BM_A7_961_384_Fue_2;Betriebsmeldung: Türkontakt der Station;1;719920;47.56755895;10.65841642;5714;961.384;;Betriebsstatus1;Streckenstation1573;SST_A7_961_384_Fue_2;6;UZ Füssen;A7 Richtung Füssen
10802;55092;Querschnitt5712;MQ_A7_961_684_Fue;DETA7_961_684_Fue_H1;41;719920;47.56665495;10.65868745;5712;961.684;;Betriebsstatus1;Streckenstation1573;SST_A7_961_384_Fue_2;1;UZ Füssen;A7 Richtung Füssen
10803;57314;Querschnitt5711;MQDZ_A7_961_335_Fue;DETA7_961_335_Fue_H1;33;719920;47.56788307;10.65907216;5711;961.335;84299001;Betriebsstatus1;Streckenstation1573;SST_A7_961_384_Fue_2;1;UZ Füssen;A7 Richtung Füssen
10804;55258;Querschnitt5717;AQ_A7_961_684_Ulm;AQ415 (2-961-20), C_HFS;133;719921;47.56653177;10.65876259;5717;961.684;;Betriebsstatus1;Streckenstation1574;SST_A7_961_384_Fue_3;4;UZ Füssen;A7 Richtung Fulda
10808;57126;Querschnitt5718;BM_A7_961_384_Fue_3;Betriebsmeldung: Temperaturüberwachung;2;719921;47.56755723;10.65826937;5718;961.384;;Betriebsstatus1;Streckenstation1574;SST_A7_961_384_Fue_3;6;UZ Füssen;A7 Richtung Füssen
10811;53613;Querschnitt5716;MQ_A7_961_684_Ulm;DETA7_961_684_Ulm_H1;1;719921;47.56665335;10.65872727;5716;961.684;;Betriebsstatus1;Streckenstation1574;SST_A7_961_384_Fue_3;1;UZ Füssen;A7 Richtung Fulda
10812;60512;Querschnitt5715;MQDZ_A7_961_335_Ulm;DETA7_961_335_Ulm_H1;9;719921;47.5678717;10.65916126;5715;961.335;84299001;Betriebsstatus1;Streckenstation1574;SST_A7_961_384_Fue_3;1;UZ Füssen;A7 Richtung Fulda
10813;51106;Querschnitt5720;AQ_A7_962_044_Fue;AQ455 (1-962-10), C_HFS;165;719933;47.5618347;10.65723403;5720;962.044;;Betriebsstatus1;Streckenstation1575;SST_A7_961_809_Fue_1;4;UZ Füssen;A7 Richtung Füssen
10817;62341;Querschnitt5721;BM_A7_961_809_Fue_1;Betriebsmeldung: Stromversorgung;4;719933;47.56755093;10.65808566;5721;961.809;;Betriebsstatus1;Streckenstation1575;SST_A7_961_809_Fue_1;6;UZ Füssen;A7 Richtung Füssen
10820;51316;Querschnitt5719;MQ_A7_962_044_Fue;DETA7_962_044_Fue_H1;33;719933;47.56170269;10.65728596;5719;962.044;;Betriebsstatus1;Streckenstation1575;SST_A7_961_809_Fue_1;1;UZ Füssen;A7 Richtung Füssen
10821;59375;Querschnitt5723;AQ_A7_962_044_Ulm;AQ460 (2-962-10), B_HFS;131;719934;47.56159262;10.65742039;5723;962.044;;Betriebsstatus1;Streckenstation1576;SST_A7_961_809_Fue_2;4;UZ Füssen;A7 Richtung Fulda
10825;54788;Querschnitt5724;BM_A7_961_809_Fue_2;Betriebsmeldung: Stromversorgung;4;719934;47.56754914;10.65793249;5724;961.809;;Betriebsstatus1;Streckenstation1576;SST_A7_961_809_Fue_2;6;UZ Füssen;A7 Richtung Füssen
10828;56547;Querschnitt5722;MQ_A7_962_044_Ulm;DETA7_962_044_Ulm_H1;1;719934;47.56167971;10.65744559;5722;962.044;;Betriebsstatus1;Streckenstation1576;SST_A7_961_809_Fue_2;1;UZ Füssen;A7 Richtung Fulda
10829;59876;Querschnitt5621;AQ_A7_962_404_Ulm;AQ475 (2-962-20), Cluster;194;709959;47.55909917;10.65672065;5621;962.404;;Betriebsstatus1;Streckenstation1577;SST_A7_962_669_Ulm_1;4;UZ Füssen;A7 Richtung Fulda
10833;52795;Querschnitt5622;BM_A7_962_669_Ulm_1;Betriebsmeldung: Türkontakt der Station;1;709959;47.55612353;10.65637977;5622;962.669;;Betriebsstatus1;Streckenstation1577;SST_A7_962_669_Ulm_1;6;UZ Füssen;A7 Richtung Fulda
10836;58237;Querschnitt5619;MQ_A7_962_404_Ulm;DETA7_962_404_Ulm_H1;9;709959;47.5591294;10.65677664;5619;962.404;;Betriebsstatus1;Streckenstation1577;SST_A7_962_669_Ulm_1;1;UZ Füssen;A7 Richtung Fulda
10837;55796;Querschnitt5620;MQ_A7_962_719_Ulm;DETA7_962_719_Ulm_H1;1;709959;47.55575261;10.65625123;5620;962.719;;Betriebsstatus1;Streckenstation1577;SST_A7_962_669_Ulm_1;1;UZ Füssen;A7 Richtung Fulda
10838;56417;Querschnitt5626;AQ_A7_962_404_Fue;AQ480 (1-962-20), B_HFS;163;709960;47.55930771;10.65656815;5626;962.404;;Betriebsstatus1;Streckenstation1578;SST_A7_962_669_Ulm_2;4;UZ Füssen;A7 Richtung Füssen
10842;55179;Querschnitt5627;BM_A7_962_669_Ulm_2;Betriebsmeldung: Türkontakt der Station;1;709960;47.55623183;10.65641378;5627;962.669;;Betriebsstatus1;Streckenstation1578;SST_A7_962_669_Ulm_2;6;UZ Füssen;A7 Richtung Fulda
10845;60259;Querschnitt5623;MQ_A7_962_404_Fue;DETA7_962_404_Fue_H1;33;709960;47.55915889;10.65666001;5623;962.404;;Betriebsstatus1;Streckenstation1578;SST_A7_962_669_Ulm_2;1;UZ Füssen;A7 Richtung Füssen
10846;61657;Querschnitt5624;MQ_A7_962_719_Fue;DETA7_962_719_Fue_H1;41;709960;47.55575874;10.65606757;5624;962.719;;Betriebsstatus1;Streckenstation1578;SST_A7_962_669_Ulm_2;1;UZ Füssen;A7 Richtung Füssen
10847;60739;Querschnitt5630;BM_A7_962_669_Ulm_3;Betriebsmeldung: Temperaturüberwachung;2;709961;47.55631496;10.65642392;5630;962.669;;Betriebsstatus1;Streckenstation1579;SST_A7_962_669_Ulm_3;6;UZ Füssen;A7 Richtung Fulda
10850;54446;Querschnitt5629;HK_A7_962_719_Ulm;HK485 (2-962-40), Helligkeit, Typ 61;65;709961;47.55579538;10.65635749;5629;962.719;;Betriebsstatus1;Streckenstation1579;SST_A7_962_669_Ulm_3;3;UZ Füssen;A7 Richtung Fulda
10851;52149;Querschnitt5631;NB_A7_962_669_Fue;PBF FR Fue (1-962-30), Vollsperrung;12;709961;47.54681616;10.66233976;5631;962.669;;Betriebsstatus1;Streckenstation1579;SST_A7_962_669_Ulm_3;131;UZ Füssen;A7 Richtung Füssen
10853;52787;Querschnitt5632;NB_A7_962_669_Ulm;PBF FR Ulm (2-962-40), Leichte Beh.;1;709961;47.55594039;10.6563354;5632;962.669;;Betriebsstatus1;Streckenstation1579;SST_A7_962_669_Ulm_3;131;UZ Füssen;A7 Richtung Fulda
10855;56154;Querschnitt5628;Portal_A7_962_719_Ulm;Portal485 (2-962-40), Schranke_HFS;7;709961;47.55581888;10.65615997;5628;962.719;;Betriebsstatus1;Streckenstation1579;SST_A7_962_669_Ulm_3;4;UZ Füssen;A7 Richtung Fulda
10862;52898;Querschnitt5633;AQ SA_A7_962_850_Ulm;AQSA490 (2-962-50), Cluster;196;709962;47.55509653;10.65624819;5633;962.85;;Betriebsstatus1;Streckenstation1580;SST_A7_962_669_Ulm_4;4;UZ Füssen;A7 Richtung Fulda
10866;62137;Querschnitt5636;BM_A7_962_669_Ulm_4;Betriebsmeldung: Türkontakt der Station;1;709962;47.55612167;10.65657602;5636;962.669;;Betriebsstatus1;Streckenstation1580;SST_A7_962_669_Ulm_4;6;UZ Füssen;A7 Richtung Fulda
10869;59824;Querschnitt5635;HK_A7_962_850_Ulm;HKSA490 (2-962-50), Helligkeit, Typ 61;65;709962;47.55514;10.65624402;5635;962.85;;Betriebsstatus1;Streckenstation1580;SST_A7_962_669_Ulm_4;3;UZ Füssen;A7 Richtung Fulda
10870;50933;Querschnitt5625;MQ_A7_963_000_Fue;DETA7_963_000_Fue_H1;49;709962;47.55450783;10.6562127;5625;963.0;;Betriebsstatus1;Streckenstation1580;SST_A7_962_669_Ulm_4;1;UZ Füssen;A7 Richtung Füssen
10871;60568;Querschnitt5634;PW SA_A7_963_000_Ulm;PWSA490 (2-963-10), PW_HFS;135;709962;47.55449602;10.65630027;5634;963.0;;Betriebsstatus1;Streckenstation1580;SST_A7_962_669_Ulm_4;4;UZ Füssen;A7 Richtung Fulda
10874;63484;Querschnitt_A7_963_1;BMS_A7_963_419_Fue;BMS_A7_963_419_Fue_Temp;2;719982;47.52981367;10.68553027;6897;963.419;;Betriebsstatus1;Steckenstation_A7_963;SST_A7_963_419_Fue;6;UZ Füssen;A7 Richtung Füssen
10877;63480;Querschnitt_A7_963_2;MQ_A7_963_419_Fue;DET_A7_963_419_Fue;33;719982;47.53745141;10.67220017;6898;963.419;;Betriebsstatus1;Steckenstation_A7_963;SST_A7_963_419_Fue;1;UZ Füssen;A7 Richtung Füssen
10878;63489;Querschnitt_A7_964_1;BMS_A7_964_319_Fue;BMS_A7_964_319_Fue_Temp;2;719990;47.53787075;10.67199575;6899;964.319;;Betriebsstatus1;Steckenstation_A7_964;SST_A7_964_319_Fue;6;UZ Füssen;A7 Richtung Füssen
10881;63481;Querschnitt_A7_964_2;MQ_A7_964_319_Fue;DET_A7_964_319_Fue;33;719990;47.52948919;10.68737015;6900;964.319;;Betriebsstatus1;Steckenstation_A7_964;SST_A7_964_319_Fue;1;UZ Füssen;A7 Richtung Füssen
10882;66571;Querschnitt7480;BMS_95_1998_Mch;BMS_95_1998_Mch_Temp;2;9506080;48.09937314;11.49588998;;1.998;;Betriebsstatus1;Streckenstation2159;SST_95_1998_Mch;6;UZ Germering;A95 Richtung M.-Zentrum
10885;66644;Querschnitt7483;WUD_95_1990_Mch;WUD_95_1990_Mch_HK;61;9506080;48.09937314;11.49588998;;1.99;;Betriebsstatus1;Streckenstation2159;SST_95_1998_Mch;3;UZ Germering;A95 Richtung M.-Zentrum
10886;66630;Querschnitt7479;WWQ_95_1990_Mch;WZG_95_1990_Mch_PW1;1;9506080;48.09937314;11.49588998;;1.99;;Betriebsstatus1;Streckenstation2159;SST_95_1998_Mch;4;UZ Germering;A95 Richtung M.-Zentrum
10899;66459;Querschnitt7475;BMS_95_2440_Mch;BMS_95_2440_Mch_Temp;2;9506098;48.09696579;11.49113495;;2.44;;Betriebsstatus1;Streckenstation2158;SST_95_2440_Mch;6;UZ Germering;A95 Richtung M.-Zentrum
10902;66651;Querschnitt7478;WUD_95_2434_Mch;WUD_95_2434_Mch_HK;61;9506098;48.09696579;11.49113495;;2.434;;Betriebsstatus1;Streckenstation2158;SST_95_2440_Mch;3;UZ Germering;A95 Richtung M.-Zentrum
10903;66616;Querschnitt7474;WWQ_95_2434_Mch;WZG_95_2434_Mch_LED1;74;9506098;48.09696579;11.49113495;;2.434;;Betriebsstatus1;Streckenstation2158;SST_95_2440_Mch;4;UZ Germering;A95 Richtung M.-Zentrum
10915;67213;Querschnitt7762;AQ_96_153558_Lin;WZG_96_153558_Lin_DLZ2_GV;2;9619551;48.09321;11.29078;;153.56;;Betriebsstatus1;Streckenstation2220;SST_96_153588_Lin;4;UZ Germering;
10923;67217;Querschnitt7763;BMS_96_153588_Lin;BMS_96_153588_Lin_Tuer;1;9619551;48.09329;11.29124;;153.59;;Betriebsstatus1;Streckenstation2220;SST_96_153588_Lin;6;UZ Germering;
10928;67120;Querschnitt7760;MQ_96_153588_Lin_DZ;DET_96_153588_Lin_DZ_H3;50;9619551;48.09324;11.29125;;153.59;;Betriebsstatus1;Streckenstation2220;SST_96_153588_Lin;1;UZ Germering;
10932;67492;Querschnitt7761;MQ_96_153588_Mch_DZ;DET_96_153588_Mch_DZ_H1;145;9619551;48.09298;11.29133;;153.59;;Betriebsstatus1;Streckenstation2220;SST_96_153588_Lin;1;UZ Germering;
10935;67396;Querschnitt7759;MQ_96_153678_Lin;DET_96_153378_Lin_H2;41;9619551;48.09334;11.29261;;153.38;;Betriebsstatus1;Streckenstation2220;SST_96_153588_Lin;1;UZ Germering;
10943;67195;Querschnitt7764;WUD_96_153558_Lin;WUD_96_153558_Lin_HK;61;9619551;48.09321;11.29078;;153.56;;Betriebsstatus1;Streckenstation2220;SST_96_153588_Lin;3;UZ Germering;
10944;67214;Querschnitt7752;AQ_96_153728_Lin;WZG_96_153728_Lin_DLZ1;179;9619558;48.0934;11.29307;;153.73;;Betriebsstatus1;Streckenstation2219;SST_96_153900_Lin;4;UZ Germering;
10954;67250;Querschnitt7753;AQ_96_153990_Lin;WZG_96_153990_Lin_DLZ4;43;9619558;48.09378;11.2965;;153.99;;Betriebsstatus1;Streckenstation2219;SST_96_153900_Lin;4;UZ Germering;
10962;67392;Querschnitt7754;AQ_96_154233_Lin;WZG_96_154233_Lin_A2;162;9619558;48.09431;11.29956;;154.23;;Betriebsstatus1;Streckenstation2219;SST_96_153900_Lin;4;UZ Germering;
10964;67232;Querschnitt7755;AQ_96_154253_Lin;WZG_96_154250_Lin_DLZ3;34;9619558;48.09439;11.29986;;154.25;;Betriebsstatus1;Streckenstation2219;SST_96_153900_Lin;4;UZ Germering;
10974;67307;Querschnitt7756;BMS_96_153900_Lin;BMS_96_153900_Lin_Netz;4;9619558;48.09384;11.29543;;153.9;;Betriebsstatus1;Streckenstation2219;SST_96_153900_Lin;6;UZ Germering;
10977;67249;Querschnitt7758;BMS_96_153900_Lin_Redu;BMS_96_153900_Lin_ReduSM;128;9619558;48.09384;11.29543;;153.9;;Betriebsstatus1;Streckenstation2219;SST_96_153900_Lin;6;UZ Germering;
10984;67483;Querschnitt7751;MQ_96_153950_Lin;DET_96_153950_Lin_H3;34;9619558;48.09377;11.29624;;153.95;;Betriebsstatus1;Streckenstation2219;SST_96_153900_Lin;1;UZ Germering;
10988;67421;Querschnitt7748;AQ_96_154530_Lin;WZG_96_154530_Lin_DLZ3;34;9619574;48.09473;11.30122;;154.53;;Betriebsstatus1;Streckenstation2218;SST_96_154560_Lin;4;UZ Germering;
10999;67411;Querschnitt7749;BMS_96_154560_Lin;BMS_96_154560_Lin_Temp;2;9619574;48.09488;11.30141;;154.56;;Betriebsstatus1;Streckenstation2218;SST_96_154560_Lin;6;UZ Germering;
11004;67263;Querschnitt7750;WUD_96_154530_Lin;WUD_96_154530_Lin_HK1;61;9619574;48.09473;11.30122;;154.53;;Betriebsstatus1;Streckenstation2218;SST_96_154560_Lin;3;UZ Germering;
11005;67224;Querschnitt7734;AQ_96_154790_Lin;WZG_96_154790_Lin_C1;105;9619580;48.0961;11.30664;;154.79;;Betriebsstatus1;Streckenstation2215;SST_96_154820_Lin;4;UZ Germering;
11018;67267;Querschnitt7735;BMS_96_154820_Lin;BMS_96_154820_Lin_ReduFG4;129;9619580;48.09622;11.30703;;154.82;;Betriebsstatus1;Streckenstation2215;SST_96_154820_Lin;6;UZ Germering;
11023;67211;Querschnitt7733;MQ_96_154790_Lin;DET_96_154790_Lin_H1;177;9619580;48.09605;11.30666;;154.79;;Betriebsstatus1;Streckenstation2215;SST_96_154820_Lin;1;UZ Germering;
11027;67175;Querschnitt7736;WUD_96_154790_Lin;WUD_96_154790_Lin_HK;61;9619580;48.0961;11.30664;;154.79;;Betriebsstatus1;Streckenstation2215;SST_96_154820_Lin;3;UZ Germering;
11028;67445;Querschnitt7729;BMS_96_155090_Lin;BMS_96_155090_Lin_Temp;2;9619586;48.09652;11.31065;;155.09;;Betriebsstatus1;Streckenstation2214;SST_96_155090_Lin;6;UZ Germering;
11033;67114;Querschnitt7730;GMA_96_155060_Lin;WUD_96_155060_Lin_RS;74;9619586;48.0965;11.31037;;155.06;;Betriebsstatus1;Streckenstation2214;SST_96_155090_Lin;3;UZ Germering;
11039;67150;Querschnitt7731;GMA_96_155060_Lin_HK;WUD_96_155060_Lin_HK;61;9619586;48.09649;11.31027;;155.06;;Betriebsstatus1;Streckenstation2214;SST_96_155090_Lin;3;UZ Germering;
11040;67397;Querschnitt7732;GMA_96_155080_Lin;WUD_96_155080_Lin_NI;21;9619586;;;;155.08;;Betriebsstatus1;Streckenstation2214;SST_96_155090_Lin;3;UZ Germering;
11047;67409;Querschnitt7728;MQ_96_155060_Lin;DET_96_155060_Lin_H3;;9619586;48.09643;11.31028;;155.06;;Betriebsstatus1;Streckenstation2214;SST_96_155090_Lin;4;UZ Germering;
11064;67341;Querschnitt7725;AQ_96_155360_Lin;WZG_96_155360_Lin_A2;34;9619593;48.09653;11.31431;;155.36;;Betriebsstatus1;Streckenstation2213;SST_96_155390_Lin;4;UZ Germering;
11071;67330;Querschnitt7726;BMS_96_155390_Lin;BMS_96_155390_Lin_ReduSM;128;9619593;48.09653;11.3147;;155.39;;Betriebsstatus1;Streckenstation2213;SST_96_155390_Lin;6;UZ Germering;
11076;67500;Querschnitt7724;MQ_96_155360_Lin;DET_96_155360_Lin_H2;33;9619593;48.09648;11.3143;;155.36;;Betriebsstatus1;Streckenstation2213;SST_96_155390_Lin;1;UZ Germering;
11080;67147;Querschnitt7727;WUD_96_155360_Lin;WUD_96_155360_Lin_HK;61;9619593;48.09653;11.31431;;155.36;;Betriebsstatus1;Streckenstation2213;SST_96_155390_Lin;3;UZ Germering;
11081;67261;Querschnitt7721;AQ_96_159021_Lin;WZG_96_159021_Lin_DLZ4;35;9619677;48.11241;11.3549;;159.02;;Betriebsstatus1;Streckenstation2212;SST_96_159051_Lin;4;UZ Germering;
11089;67317;Querschnitt7722;BMS_96_159051_Lin;BMS_96_159051_Lin_ReduFG4-1;129;9619677;48.11258;11.35529;;159.05;;Betriebsstatus1;Streckenstation2212;SST_96_159051_Lin;6;UZ Germering;
11094;67327;Querschnitt7719;MQ_96_158821_Lin;DET_96_158821_Lin_H3;42;9619677;48.1117;11.35248;;158.82;;Betriebsstatus1;Streckenstation2212;SST_96_159051_Lin;1;UZ Germering;
11098;67462;Querschnitt7720;MQ_96_159121_Lin;DET_96_159121_Lin_H4;35;9619677;48.11281;11.35617;;159.12;;Betriebsstatus1;Streckenstation2212;SST_96_159051_Lin;1;UZ Germering;
11102;67078;Querschnitt7723;WUD_96_159021_Lin;WUD_96_159021_Lin_HK;61;9619677;48.11241;11.3549;;159.02;;Betriebsstatus1;Streckenstation2212;SST_96_159051_Lin;3;UZ Germering;
11103;67308;Querschnitt7717;AQ_96_159170_Lin;WZG_96_159170_Lin_DLZ1_GV;1;9619683;48.11298;11.3568;;159.17;;Betriebsstatus1;Streckenstation2211;SST_96_159294_Lin;4;UZ Germering;
11113;67415;Querschnitt7718;BMS_96_159294_Lin;BMS_96_159294_Lin_ReduSM;128;9619683;48.11333;11.3579;;159.29;;Betriebsstatus1;Streckenstation2211;SST_96_159294_Lin;6;UZ Germering;
11119;67456;Querschnitt7716;MQ_96_159243_Lin;DET_96_159243_Lin_H4;35;9619683;48.11321;11.35765;;159.24;;Betriebsstatus1;Streckenstation2211;SST_96_159294_Lin;1;UZ Germering;
11123;67110;Querschnitt7714;AQ_96_159650_Lin;WZG_96_159650_Lin_DLZ1;177;9619690;48.11477;11.36287;;159.56;;Betriebsstatus1;Streckenstation2210;SST_96_159594_Lin;4;UZ Germering;
11133;67082;Querschnitt7715;BMS_96_159594_Lin;BMS_96_159594_Lin_ReduFG4-1;129;9619690;48.11446;11.36181;;159.59;;Betriebsstatus1;Streckenstation2210;SST_96_159594_Lin;6;UZ Germering;
11139;67194;Querschnitt7713;MQ_96_159543_Lin;DET_96_159543_Lin_H2;33;9619690;48.11438;11.36155;;159.54;;Betriebsstatus1;Streckenstation2210;SST_96_159594_Lin;1;UZ Germering;
11143;67424;Querschnitt7712;BMS_96_159894_Lin;BMS_96_159894_Lin_Netz;4;9619697;48.1156;11.36567;;159.89;;Betriebsstatus1;Streckenstation2209;SST_96_159894_Lin;6;UZ Germering;
11146;67056;Querschnitt7711;MQ_96_159843_Lin;DET_96_159843_Lin_H4;35;9619697;48.11549;11.36539;;159.84;;Betriebsstatus1;Streckenstation2209;SST_96_159894_Lin;1;UZ Germering;
11150;67401;Querschnitt7709;AQ_96_160146_Lin;WZG_96_160143_Lin_DLZ3;34;9619702;48.11641;11.36846;;160.13;;Betriebsstatus1;Streckenstation2208;SST_96_160110_Lin;4;UZ Germering;
11162;67412;Querschnitt7710;BMS_96_160110_Lin;BMS_96_160110_Lin_ReduFG4-1;129;9619702;48.11641;11.36824;;160.11;;Betriebsstatus1;Streckenstation2208;SST_96_160110_Lin;6;UZ Germering;
11169;67362;Querschnitt7706;AQ_96_160362_Lin;WZG_96_160362_Lin_DLZ3;34;9619708;48.11704;11.37162;;160.36;;Betriebsstatus1;Streckenstation2207;SST_96_160392_Lin;4;UZ Germering;
11180;67187;Querschnitt7707;BMS_96_160392_Lin;BMS_96_160392_Lin_Tuer;1;9619708;48.11715;11.37203;;160.39;;Betriebsstatus1;Streckenstation2207;SST_96_160392_Lin;6;UZ Germering;
11185;67473;Querschnitt7705;MQ_96_160392_Lin_DZ;DET_96_160392_Lin_DZ_H3;34;9619708;48.11708;11.37204;;160.39;;Betriebsstatus1;Streckenstation2207;SST_96_160392_Lin;1;UZ Germering;
11189;67092;Querschnitt7704;MQ_96_160392_Mch_DZ;DET_96_160392_Mch_DZ_H2;2;9619708;48.11682;11.37209;;160.39;;Betriebsstatus1;Streckenstation2207;SST_96_160392_Lin;1;UZ Germering;
11192;67146;Querschnitt7708;WUD_96_160362_Lin;WUD_96_160362_Lin_HK1;61;9619708;48.11704;11.37162;;160.36;;Betriebsstatus1;Streckenstation2207;SST_96_160392_Lin;3;UZ Germering;
11193;67104;Querschnitt7702;BMS_96_160800_Lin;BMS_96_160800_Lin_ReduFG4;129;9619718;48.11724;11.37755;;160.8;;Betriebsstatus1;Streckenstation2206;SST_96_160800_Lin;6;UZ Germering;
11198;67046;Querschnitt7701;MQ_96_160770_Lin;WZG_96_160770_Lin_Z131_C_R;163;9619718;48.11721;11.37712;;160.77;;Betriebsstatus1;Streckenstation2206;SST_96_160800_Lin;4;UZ Germering;
11215;67075;Querschnitt7703;WUD_96_160770_Lin;WUD_96_160770_Lin_HK;61;9619718;48.11716;11.37713;;160.77;;Betriebsstatus1;Streckenstation2206;SST_96_160800_Lin;3;UZ Germering;
11216;67193;Querschnitt7696;AQ_96_160972_Lin;WZG_96_160972_Lin_C2;106;9619723;48.11719;11.37982;;160.97;;Betriebsstatus1;Streckenstation2205;SST_96_161002_Lin;4;UZ Germering;
11229;67095;Querschnitt7697;BMS_96_161002_Lin;BMS_96_161002_Lin_Tuer;1;9619723;48.11724;11.38035;;161.0;;Betriebsstatus1;Streckenstation2205;SST_96_161002_Lin;6;UZ Germering;
11234;67276;Querschnitt7698;GMA_96_160972_Lin;WUD_96_160972_Lin_RS;74;9619723;48.11725;11.38044;;160.97;;Betriebsstatus1;Streckenstation2205;SST_96_161002_Lin;3;UZ Germering;
11240;67196;Querschnitt7699;GMA_96_160972_Lin_HK;WUD_96_160972_Lin_HK;61;9619723;48.11719;11.37982;;160.97;;Betriebsstatus1;Streckenstation2205;SST_96_161002_Lin;3;UZ Germering;
11241;67407;Querschnitt7700;GMA_96_160992_Lin;WUD_96_160992_Lin_RLF;13;9619723;48.11725;11.38044;;160.99;;Betriebsstatus1;Streckenstation2205;SST_96_161002_Lin;3;UZ Germering;
11248;67416;Querschnitt7695;MQ_96_160972_Lin;DET_96_160972_Lin_H1;177;9619723;48.11716;11.37983;;160.97;;Betriebsstatus1;Streckenstation2205;SST_96_161002_Lin;1;UZ Germering;
11252;67105;Querschnitt7691;AQ_96_161150_Lin;WZG_96_161150_Lin_A1;33;9619727;48.11726;11.3822;;161.15;;Betriebsstatus1;Streckenstation2204;SST_96_161180_Lin;4;UZ Germering;
11259;67318;Querschnitt7693;BMS_96_161180_Lin;BMS_96_161180_Lin_Netz;4;9619727;48.1173;11.38263;;161.18;;Betriebsstatus1;Streckenstation2204;SST_96_161180_Lin;6;UZ Germering;
11264;67239;Querschnitt7690;MQ_96_161150_Lin;DET_96_161150_Lin_H3;34;9619727;48.11723;11.3822;;161.15;;Betriebsstatus1;Streckenstation2204;SST_96_161180_Lin;1;UZ Germering;
11267;67101;Querschnitt7694;WUD_96_161150_Lin;WUD_96_161150_Lin_HK;61;9619727;48.11726;11.3822;;161.15;;Betriebsstatus1;Streckenstation2204;SST_96_161180_Lin;3;UZ Germering;
11268;66599;Querschnitt7490;AQ_96_168238_Mch;AQ_96_168238_Mch_A1;1;9609889;48.12364936;11.46784185;;168.238;;Betriebsstatus1;Streckenstation2161;SST_96_168208_Mch;4;UZ Germering;A96 Richtung M.-Zentrum
11275;66657;Querschnitt7491;BMS_96_168208_Mch;BMS_96_168208_Mch_Tuer;1;9609889;48.12364936;11.46784185;;168.208;;Betriebsstatus1;Streckenstation2161;SST_96_168208_Mch;6;UZ Germering;A96 Richtung M.-Zentrum
11278;66685;Querschnitt7489;MQ_96_168238_Mch;MQ_96_168238_Mch_2UFS;3;9609889;48.12364936;11.46784185;;168.238;;Betriebsstatus1;Streckenstation2161;SST_96_168208_Mch;1;UZ Germering;A96 Richtung M.-Zentrum
11281;66699;Querschnitt7494;WUD_96_168238_Mch;WUD_96_168238_Mch_HK;61;9609889;48.12364936;11.46784185;;168.238;;Betriebsstatus1;Streckenstation2161;SST_96_168208_Mch;3;UZ Germering;A96 Richtung M.-Zentrum
11282;66692;Querschnitt7498;BMS_96_168866_Mch;BMS_96_168866_Mch_Tuer;1;9609904;48.12342;11.47638;;168.866;;Betriebsstatus1;Streckenstation2162;SST_96_168866_Mch;6;UZ Germering;A96 Richtung M.-Zentrum
11285;66702;Querschnitt7495;MQ_96_168866_Mch;MQ_96_168866_Mch_SR_HFS;1;9609904;48.12348;11.47632;;168.866;;Betriebsstatus1;Streckenstation2162;SST_96_168866_Mch;1;UZ Germering;A96 Richtung M.-Zentrum
11288;66717;Querschnitt7496;MQ_96_168866_Mch_A;MQ_96_168866_Mch_SR_Abfahrt;65;9609904;48.12336;11.47632;;168.866;;Betriebsstatus1;Streckenstation2162;SST_96_168866_Mch;1;UZ Germering;A96 Richtung M.-Zentrum
11289;66431;Querschnitt7502;BMS_96_169258_Mch;BMS_96_169258_Mch_Netz;4;9609913;48.12351242;11.48203876;;169.258;;Betriebsstatus1;Streckenstation2163;SST_96_169258_Mch;6;UZ Germering;A96 Richtung M.-Zentrum
11292;66682;Querschnitt7501;MQ_96_169273_Mch;MQ_96_169273_Mch_Radar_2UFS;3;9609913;48.12351242;11.48203876;;169.273;;Betriebsstatus1;Streckenstation2163;SST_96_169258_Mch;1;UZ Germering;A96 Richtung M.-Zentrum
11295;66594;Querschnitt7500;MQ_96_169273_Mch_E;MQ_96_169273_Mch_SR_HFS;129;9609913;48.12351242;11.48203876;;169.273;;Betriebsstatus1;Streckenstation2163;SST_96_169258_Mch;1;UZ Germering;A96 Richtung M.-Zentrum
11296;66648;Querschnitt7506;BMS_96_169680_Mch;BMS_96_169680_Mch_Netz;4;9609923;48.12358839;11.48749586;;169.68;;Betriebsstatus1;Streckenstation2164;SST_96_169680_Mch;6;UZ Germering;A96 Richtung M.-Zentrum
11299;66472;Querschnitt7509;WUD_96_169700_Mch;WUD_96_169700_Mch_HK;61;9609923;48.12358839;11.48749586;;169.7;;Betriebsstatus1;Streckenstation2164;SST_96_169680_Mch;3;UZ Germering;A96 Richtung M.-Zentrum
11300;66469;Querschnitt7505;WWQ_96_169700_Mch;WZG_96_169700_Mch_PW7;7;9609923;48.12358839;11.48749586;;169.7;;Betriebsstatus1;Streckenstation2164;SST_96_169680_Mch;4;UZ Germering;A96 Richtung M.-Zentrum
11311;66602;Querschnitt7511;AQ_96_169925_Mch;AQ_96_169925_Mch_A1;1;9609928;48.12376967;11.49054713;;169.925;;Betriebsstatus1;Streckenstation2165;SST_96_169895_Mch;4;UZ Germering;A96 Richtung M.-Zentrum
11318;66649;Querschnitt7512;BMS_96_169895_Mch;BMS_96_169895_Mch_Temp;2;9609928;48.12376967;11.49054713;;169.895;;Betriebsstatus1;Streckenstation2165;SST_96_169895_Mch;6;UZ Germering;A96 Richtung M.-Zentrum
11321;66475;Querschnitt7510;MQ_96_169925_Mch;MQ_96_169925_Mch_Radar_1UFS;2;9609928;48.12376967;11.49054713;;169.925;;Betriebsstatus1;Streckenstation2165;SST_96_169895_Mch;1;UZ Germering;A96 Richtung M.-Zentrum
11324;66637;Querschnitt7515;WUD_96_169925_Mch;WUD_96_169925_Mch_HK;61;9609928;48.12376967;11.49054713;;169.925;;Betriebsstatus1;Streckenstation2165;SST_96_169895_Mch;3;UZ Germering;A96 Richtung M.-Zentrum
11325;66468;Querschnitt7517;BMS_96_170371_Mch;BMS_96_170371_Mch_Temp;2;9609939;48.12485297;11.49638048;;170.371;;Betriebsstatus1;Streckenstation2166;SST_96_170371_Mch;6;UZ Germering;A96 Richtung M.-Zentrum
11328;66673;Querschnitt7520;WUD_96_170371_Mch;WUD_96_170371_Mch_HK;61;9609939;48.12485297;11.49638048;;170.371;;Betriebsstatus1;Streckenstation2166;SST_96_170371_Mch;3;UZ Germering;A96 Richtung M.-Zentrum
11329;66683;Querschnitt7516;WWQ_96_170371_Mch;WZG_96_170371_Mch_PW3;3;9609939;48.12485297;11.49638048;;170.371;;Betriebsstatus1;Streckenstation2166;SST_96_170371_Mch;4;UZ Germering;A96 Richtung M.-Zentrum
11340;66471;Querschnitt7523;AQ_96_170635_Mch;AQ_96_170635_Mch_A2;2;9609944;48.12542818;11.4996987;;170.635;;Betriebsstatus1;Streckenstation2167;SST_96_170564_Mch;4;UZ Germering;A96 Richtung M.-Zentrum
11347;66596;Querschnitt7524;BMS_96_170564_Mch;BMS_96_170564_Mch_Tuer;1;9609944;48.12542818;11.4996987;;170.564;;Betriebsstatus1;Streckenstation2167;SST_96_170564_Mch;6;UZ Germering;A96 Richtung M.-Zentrum
11350;66547;Querschnitt7521;MQ_96_170635_Mch;MQ_96_170635_Mch_Radar_2UFS;3;9609944;48.12542818;11.4996987;;170.635;;Betriebsstatus1;Streckenstation2167;SST_96_170564_Mch;1;UZ Germering;A96 Richtung M.-Zentrum
11353;66597;Querschnitt7522;MQ_96_170635_Mch_A;MQ_96_170635_Mch_Radar_1_UFS_Abfahrt;66;9609944;48.12542818;11.4996987;;170.635;;Betriebsstatus1;Streckenstation2167;SST_96_170564_Mch;1;UZ Germering;A96 Richtung M.-Zentrum
11355;66499;Querschnitt7527;WUD_96_170635_Mch;WUD_96_170635_Mch_HK;61;9609944;48.12542818;11.4996987;;170.635;;Betriebsstatus1;Streckenstation2167;SST_96_170564_Mch;3;UZ Germering;A96 Richtung M.-Zentrum
11356;66659;Querschnitt7530;BMS_96_171045_Mch;BMS_96_171045_Mch_Tuer;1;9609955;48.12547;11.5051;;171.045;;Betriebsstatus1;Streckenstation2168;SST_96_171045_Mch;6;UZ Germering;A96 Richtung M.-Zentrum
11359;66627;Querschnitt7528;MQ_96_171060_Mch;MQ_96_171060_Mch_Radar_2UFS;3;9609955;48.12552;11.50532;;171.06;;Betriebsstatus1;Streckenstation2168;SST_96_171045_Mch;1;UZ Germering;A96 Richtung M.-Zentrum
11362;66473;Querschnitt7533;WUD_96_171060_Mch;WUD_96_171060_Mch_HK;61;9609955;48.12548;11.5053;;171.06;;Betriebsstatus1;Streckenstation2168;SST_96_171045_Mch;3;UZ Germering;A96 Richtung M.-Zentrum
11363;66624;Querschnitt7529;WWQ_96_171060_Mch;WZG_96_171060_Mch_PW8;8;9609955;48.12548;11.5053;;171.06;;Betriebsstatus1;Streckenstation2168;SST_96_171045_Mch;4;UZ Germering;A96 Richtung M.-Zentrum
11374;66484;Querschnitt7536;AQ_96_171210_Mch;AQ_96_171210_Mch_B1;65;9609958;48.12525;11.5073;;171.21;;Betriebsstatus1;Streckenstation2169;SST_96_171202_Mch;4;UZ Germering;A96 Richtung M.-Zentrum
11384;66732;Querschnitt7537;BMS_96_171202_Mch;BMS_96_171202_Mch_Temp;2;9609958;48.1251;11.50714;;171.202;;Betriebsstatus1;Streckenstation2169;SST_96_171202_Mch;6;UZ Germering;A96 Richtung M.-Zentrum
11387;66460;Querschnitt7534;MQ_96_171210_Mch;MQ_96_171210_Mch_Radar_2UFS;3;9609958;48.12528;11.50731;;171.21;;Betriebsstatus1;Streckenstation2169;SST_96_171202_Mch;1;UZ Germering;A96 Richtung M.-Zentrum
11390;66642;Querschnitt7535;MQ_96_171210_Mch_E;MQ_96_171210_Mch_Radar_Zufahrt;97;9609958;48.2515;11.50727;;171.21;;Betriebsstatus1;Streckenstation2169;SST_96_171202_Mch;1;UZ Germering;A96 Richtung M.-Zentrum
11391;66634;Querschnitt7540;WUD_96_171210_Mch;WUD_96_171210_Mch_HK;61;9609958;48.12525;11.5073;;171.21;;Betriebsstatus1;Streckenstation2169;SST_96_171202_Mch;3;UZ Germering;A96 Richtung M.-Zentrum
11392;66670;Querschnitt7542;BMS_96_171559_Mch;BMS_96_171559_Mch_Netz;4;9609967;48.12457;11.51188;;171.559;;Betriebsstatus1;Streckenstation2170;SST_96_171559_Mch;6;UZ Germering;A96 Richtung M.-Zentrum
11395;66722;Querschnitt7545;WUD_96_171584_Mch;WUD_96_171584_Mch_HK;61;9609967;48.12456;11.5122;;171.584;;Betriebsstatus1;Streckenstation2170;SST_96_171559_Mch;3;UZ Germering;A96 Richtung M.-Zentrum
11396;66457;Querschnitt7541;WWQ_96_171584_Mch;WZG_96_171584_Mch_PW2;2;9609967;48.12456;11.5122;;171.584;;Betriebsstatus1;Streckenstation2170;SST_96_171559_Mch;4;UZ Germering;A96 Richtung M.-Zentrum
11407;66514;Querschnitt7547;BMS_96_171590_Lin;BMS_96_171590_Lin_Temp;2;9619967;48.12491;11.51242;;171.59;;Betriebsstatus1;Streckenstation2171;SST_96_171590_Lin;6;UZ Germering;A96 Richtung Lindau
11410;66661;Querschnitt7550;WUD_96_171575_Lin;WUD_96_171575_Lin_HK;61;9619967;48.12488;11.51219;;171.575;;Betriebsstatus1;Streckenstation2171;SST_96_171590_Lin;3;UZ Germering;A96 Richtung Lindau
11411;66573;Querschnitt7546;WWQ_96_171575_Lin;WZG_96_171575_Lin_PW2;34;9619967;48.12488;11.51219;;171.575;;Betriebsstatus1;Streckenstation2171;SST_96_171590_Lin;4;UZ Germering;A96 Richtung Lindau
11419;66704;Querschnitt7553;BMS_96_171887_Mch;BMS_96_171887_Mch_Temp;2;9609974;48.124;11.51615;;171.887;;Betriebsstatus1;Streckenstation2172;SST_96_171887_Mch;6;UZ Germering;A96 Richtung M.-Zentrum
11422;66614;Querschnitt7551;MQ_96_171887_Mch_N;MQ_96_171887_Mch_SR_N_HFS;1;9609974;48.12408;11.51618;;171.887;;Betriebsstatus1;Streckenstation2172;SST_96_171887_Mch;1;UZ Germering;A96 Richtung M.-Zentrum
11424;66544;Querschnitt7552;MQ_96_171887_Mch_S;MQ_96_171887_Mch_SR_S_HFS;81;9609974;48.12393;11.51614;;171.887;;Betriebsstatus1;Streckenstation2172;SST_96_171887_Mch;1;UZ Germering;A96 Richtung M.-Zentrum
11426;67129;Querschnitt7738;AQ_96_AS33_0160_TZ;WZG_96_AS33_0160_TZ_C1;105;9616004;48.09688;11.3078;;154.89;;Betriebsstatus1;Streckenstation2216;SST_96_AS33_0170_TZ;4;UZ Germering;
11431;67389;Querschnitt7739;BMS_96_AS33_0170_TZ;BMS_96_AS33_0170_TZ_ReduSM;128;9616004;48.09684;11.30769;;154.88;;Betriebsstatus1;Streckenstation2216;SST_96_AS33_0170_TZ;6;UZ Germering;
11436;67245;Querschnitt7737;MQ_96_AS33_0170_TZ_DS;DET_96_AS33_0170_TZ_DS_H1;161;9616004;48.09679;11.30773;;154.88;;Betriebsstatus1;Streckenstation2216;SST_96_AS33_0170_TZ;1;UZ Germering;
11437;67286;Querschnitt7740;WUD_96_AS33_0160_TZ;WUD_96_AS33_0160_TZ_HK;61;9616004;48.09688;11.3078;;154.88;;Betriebsstatus1;Streckenstation2216;SST_96_AS33_0170_TZ;3;UZ Germering;
11438;67142;Querschnitt7741;AQ_96_AS33_GIL_065;HS_96_AS33_GIL_065_SCH_R;161;9616005;48.09761;11.30897;;0.03;;Betriebsstatus1;Streckenstation2217;SST_96_AS33_GIL_065;4;UZ Germering;
11442;67215;Querschnitt7746;BMS_96_AS33_GIL_065_Redu;BMS_96_AS33_GIL_065_ReduSM;128;9616005;48.09765;11.30902;;0.07;;Betriebsstatus1;Streckenstation2217;SST_96_AS33_GIL_065;6;UZ Germering;
11445;67229;Querschnitt7747;WUD_96_AS33_GIL_065;WUD_96_AS33_GIL_065_HK1;61;9616005;48.09761;11.30897;;0.03;;Betriebsstatus1;Streckenstation2217;SST_96_AS33_GIL_065;3;UZ Germering;
11446;67419;Querschnitt7742;WWQ_St2068_FR-S1;WWW_St2068_FR-S1_Blinker;57;9616005;;;;0.03;;Betriebsstatus1;Streckenstation2217;SST_96_AS33_GIL_065;4;UZ Germering;
11449;67346;Querschnitt7743;WWQ_St2068_FR-S2;WWW_St2068_FR-S2_PW1;173;9616005;;;;0.03;;Betriebsstatus1;Streckenstation2217;SST_96_AS33_GIL_065;4;UZ Germering;
11450;67226;Querschnitt7744;WWQ_St2068_FR-W;WWW_St2068_FR-W_Blinker;58;9616005;;;;0.03;;Betriebsstatus1;Streckenstation2217;SST_96_AS33_GIL_065;4;UZ Germering;
11453;67374;Querschnitt7745;WZGT_96_AS33_GIL_065;WZGT_96_AS33_GIL_065_Temp;2;9616005;;;;0.07;;Betriebsstatus1;Streckenstation2217;SST_96_AS33_GIL_065;6;UZ Germering;
11456;66733;Querschnitt7485;BMS_B2_ASKre_1586_BC;BMS_B2_ASKre_1586_BC_Netz;4;9516063;48.1015942;11.50060174;;1.586;;Betriebsstatus1;Streckenstation2160;SST_B2_1586_BC;6;UZ Germering;A95 Richtung M.-Zentrum
11459;66448;Querschnitt7488;WUD_B2_ASKre_1556_BC;WUD_B2_ASKre_1556_BC_HK;61;9516063;48.1015942;11.50060174;;1.556;;Betriebsstatus1;Streckenstation2160;SST_B2_1586_BC;3;UZ Germering;A95 Richtung M.-Zentrum
11460;66660;Querschnitt7484;WWQ_B2_ASKre_1556_BC;WZG_B2_ASKre_1556_BC_PW7;7;9516063;48.1015942;11.50060174;;1.556;;Betriebsstatus1;Streckenstation2160;SST_B2_1586_BC;4;UZ Germering;A95 Richtung M.-Zentrum
11472;64357;Querschnitt7002;AQ_A8O_54060_Sbg;AQ_A8O_45550_Sbg_GRA1;1;807361;;;;54.06;;Betriebsstatus1;Streckenstation2059;SST_A8O_45520_Sbg;4;UZ Holzkirchen;A8-Ost Richtung Salzburg
11473;64364;Querschnitt7001;BM_A8O_45520_Sbg_;BM_A8O_45520_Sbg_Tuer;1;807361;;;;45.52;;Betriebsstatus1;Streckenstation2059;SST_A8O_45520_Sbg;6;UZ Holzkirchen;A8-Ost Richtung Salzburg
11476;64363;Querschnitt7003;MU_A8O_45550_Sbg;MU_A8O_45550_Sbg_HK;1;807361;;;;45.55;;Betriebsstatus1;Streckenstation2059;SST_A8O_45520_Sbg;3;UZ Holzkirchen;A8-Ost Richtung Salzburg
11477;64380;Querschnitt7004;AQ_A8O_54060_Sbg;AQ_A8O_54060_Sbg_W1;2;807429;;;;54.06;;Betriebsstatus1;Streckenstation2060;SST_A8O_54030_Sbg;4;UZ Holzkirchen;A8-Ost Richtung Salzburg
11480;64385;Querschnitt7005;BM_A8O_54030_Sbg_;BM_A8O_54030_Sbg_Spann;3;807429;;;;54.03;;Betriebsstatus1;Streckenstation2060;SST_A8O_54030_Sbg;6;UZ Holzkirchen;A8-Ost Richtung Salzburg
11483;64373;Querschnitt7006;MU_A8O_54060_Sbg;MU_A8O_54060_Sbg_HK;1;807429;;;;54.06;;Betriebsstatus1;Streckenstation2060;SST_A8O_54030_Sbg;3;UZ Holzkirchen;A8-Ost Richtung Salzburg
11484;64328;Querschnitt7007;AQ_A8O_54950_Sbg;AQ_A8O_54950_Sbg_W2;3;807436;;;;54.95;;Betriebsstatus1;Streckenstation2061;SST_A8O_54920_Sbg;4;UZ Holzkirchen;A8-Ost Richtung Salzburg
11487;64381;Querschnitt7008;BM_A8O_54920_Sbg_;BM_A8O_54920_Sbg_Tuer;1;807436;;;;54.92;;Betriebsstatus1;Streckenstation2061;SST_A8O_54920_Sbg;6;UZ Holzkirchen;A8-Ost Richtung Salzburg
11490;64351;Querschnitt7010;MU_A8O_54950_Sbg;MU_A8O_54950_Sbg_HK;1;807436;;;;54.95;;Betriebsstatus1;Streckenstation2061;SST_A8O_54920_Sbg;3;UZ Holzkirchen;A8-Ost Richtung Salzburg
11491;63136;Querschnitt4515;AQ8-100-Mch;WZG8-100-Mch_W3;36;806403;47.99987124;11.67518302;4515;12.68;;Betriebsstatus1;Streckenstation1197;SST8-100;4;UZ Holzkirchen;A8-Ost Richtung M.-Zentrum
11503;55303;Querschnitt4510;BMS8-100;BMS8-100_Tuer;1;806403;47.99968112;11.67530143;4510;12.69;;Betriebsstatus1;Streckenstation1197;SST8-100;6;UZ Holzkirchen;A8-Ost Richtung M.-Zentrum
11506;50592;Querschnitt4516;AQ8-110-Mch;WZG8-110-Mch_W5;38;806378;48.00631769;11.67074657;4516;11.89;;Betriebsstatus1;Streckenstation1198;SST8-110;4;UZ Holzkirchen;A8-Ost Richtung M.-Zentrum
11519;57723;Querschnitt4511;BMS8-110;BMS8-110_Tuer;1;806378;48.00609875;11.67091763;4511;11.92;;Betriebsstatus1;Streckenstation1198;SST8-110;6;UZ Holzkirchen;A8-Ost Richtung M.-Zentrum
11522;54209;Querschnitt6029;GMA_HK_110_Mch;WUD_HK_110_Mch;33;806378;48.0063282;11.67080204;6029;11.89;;Betriebsstatus1;Streckenstation1198;SST8-110;3;UZ Holzkirchen;A8-Ost Richtung M.-Zentrum
11523;54986;Querschnitt4517;AQ8-120-Mch;WZG8-120-Mch_W6;39;806362;48.01037336;11.66790403;4517;11.383;;Betriebsstatus1;Streckenstation1199;SST8-120;4;UZ Holzkirchen;A8-Ost Richtung M.-Zentrum
11536;55873;Querschnitt4512;BMS8-120;BMS8-120_Temp;2;806362;48.0102724;11.66807435;4512;11.413;;Betriebsstatus1;Streckenstation1199;SST8-120;6;UZ Holzkirchen;A8-Ost Richtung M.-Zentrum
11539;53048;Querschnitt6030;GMA_HK_120_Mch;WUD_HK_120_Mch;33;806362;48.01040058;11.66801184;6030;11.383;;Betriebsstatus1;Streckenstation1199;SST8-120;3;UZ Holzkirchen;A8-Ost Richtung M.-Zentrum
11540;63019;Querschnitt4518;AQ8-130-Mch;WZG8-130-Mch_WTA3;44;806353;48.01287371;11.66631757;4518;11.088;;Betriebsstatus1;Streckenstation1200;SST8-130;4;UZ Holzkirchen;A8-Ost Richtung M.-Zentrum
11553;62075;Querschnitt4513;BMS8-130;BMS8-130_Temp;2;806353;48.01264205;11.66638848;4513;11.118;;Betriebsstatus1;Streckenstation1200;SST8-130;6;UZ Holzkirchen;A8-Ost Richtung M.-Zentrum
11556;56739;Querschnitt5465;GMA_HK_130_Mch;WUD_HK_130_Mch;33;806353;48.01281359;11.6662871;5465;11.088;;Betriebsstatus1;Streckenstation1200;SST8-130;3;UZ Holzkirchen;A8-Ost Richtung M.-Zentrum
11557;62878;Querschnitt5436;MQ8-130-Mch_A;DET8-130-Mch_A2;98;806353;48.01284228;11.66618509;5436;11.21;;Betriebsstatus1;Streckenstation1200;SST8-130;1;UZ Holzkirchen;A8-Ost Richtung M.-Zentrum
11560;59908;Querschnitt5435;MQ8-130-Mch_H;DET8-130-Mch_H2;34;806353;48.0127985;11.66607893;5435;11.21;;Betriebsstatus1;Streckenstation1200;SST8-130;1;UZ Holzkirchen;A8-Ost Richtung M.-Zentrum
11562;59455;Querschnitt4519;AQ8-140-Mch;WZG8-140-Mch_BL1;33;806324;48.01917771;11.66284101;4519;0.09;;Betriebsstatus1;Streckenstation1201;SST8-140;4;UZ Holzkirchen;A8-Ost Richtung M.-Zentrum
11572;60383;Querschnitt4514;BMS8-140;BMS8-140_Temp;2;806324;48.01893403;11.66304625;4514;0.06;;Betriebsstatus1;Streckenstation1201;SST8-140;6;UZ Holzkirchen;A8-Ost Richtung M.-Zentrum
11575;56402;Querschnitt6031;GMA_HK_140_Mch;WUD_HK_140_Mch;33;806324;48.01919037;11.66292116;6031;0.09;;Betriebsstatus1;Streckenstation1201;SST8-140;3;UZ Holzkirchen;A8-Ost Richtung M.-Zentrum
11576;57371;Querschnitt322;AQB10_Mch_H;AQB10_Mch_A3;35;817374;47.82188725;11.97595334;322;47.15;;Betriebsstatus1;Streckenstation113;SSTB10;4;UZ Holzkirchen;A8-Ost Richtung M.-Zentrum
11583;53041;Querschnitt4817;BMSB10;BMSB10_Tuer;1;817374;47.82191207;11.97627193;4817;47.18;;Betriebsstatus1;Streckenstation113;SSTB10;6;UZ Holzkirchen;A8-Ost Richtung M.-Zentrum
11586;63245;Querschnitt321;GMAB10_Mch_H;WUD_HK_B10_Mch_H;3;817374;47.82195327;11.97595331;321;47.15;;Betriebsstatus1;Streckenstation113;SSTB10;3;UZ Holzkirchen;A8-Ost Richtung M.-Zentrum
11587;60646;Querschnitt320;MQB10_Mch_H;DETB10_Mch_H1;33;817374;47.82182535;11.97592887;320;47.15;;Betriebsstatus1;Streckenstation113;SSTB10;1;UZ Holzkirchen;A8-Ost Richtung M.-Zentrum
11590;52999;Querschnitt318;AQB11_Mch_H;AQB11_Mch_A1;33;817359;47.82707448;11.95115948;318;45.17;;Betriebsstatus1;Streckenstation112;SSTB11;4;UZ Holzkirchen;A8-Ost Richtung M.-Zentrum
11597;59933;Querschnitt4818;BMSB11;BMSB11_Temp;2;817359;47.82707875;11.95148423;4818;45.2;;Betriebsstatus1;Streckenstation112;SSTB11;6;UZ Holzkirchen;A8-Ost Richtung M.-Zentrum
11600;59497;Querschnitt317;GMAB11_Mch_H;WUD_HK_B11_Mch_H;3;817359;47.82711988;11.95117168;317;45.17;;Betriebsstatus1;Streckenstation112;SSTB11;3;UZ Holzkirchen;A8-Ost Richtung M.-Zentrum
11601;62274;Querschnitt319;MQB11_Mch_H;DETB11_Mch_H3;35;817359;47.82700021;11.95115954;319;45.2;;Betriebsstatus1;Streckenstation112;SSTB11;1;UZ Holzkirchen;A8-Ost Richtung M.-Zentrum
11604;60405;Querschnitt314;AQB12_Mch_H;AQB12_Mch_B1;97;817350;47.82384119;11.93749305;314;44.037;;Betriebsstatus1;Streckenstation111;SSTB12;4;UZ Holzkirchen;A8-Ost Richtung M.-Zentrum
11611;62321;Querschnitt4819;BMSB12;BMSB12_Temp;2;817350;47.8240064;11.93778695;4819;44.037;;Betriebsstatus1;Streckenstation111;SSTB12;6;UZ Holzkirchen;A8-Ost Richtung M.-Zentrum
11614;54619;Querschnitt316;GMAB12_Mch_H;WUD_HK_B12_Mch_H;3;817350;47.82391964;11.93758486;316;44.037;;Betriebsstatus1;Streckenstation111;SSTB12;3;UZ Holzkirchen;A8-Ost Richtung M.-Zentrum
11615;59772;Querschnitt315;MQB12_Mch_H;DETB12_Mch_H1;33;817350;47.82375872;11.93760956;315;44.037;;Betriebsstatus1;Streckenstation111;SSTB12;1;UZ Holzkirchen;A8-Ost Richtung M.-Zentrum
11618;55714;Querschnitt313;AQB13_Mch_H;AQB13_Mch_B2;98;817335;47.82778505;11.91651391;313;42.2;;Betriebsstatus1;Streckenstation110;SSTB13;4;UZ Holzkirchen;A8-Ost Richtung M.-Zentrum
11625;54247;Querschnitt4820;BMSB13;BMSB13_Tuer;1;817335;47.82777282;11.91671002;4820;42.2;;Betriebsstatus1;Streckenstation110;SSTB13;6;UZ Holzkirchen;A8-Ost Richtung M.-Zentrum
11628;56186;Querschnitt311;GMAB13_Mch_H;WUD_HK_B13_Mch_H;3;817335;47.82783877;11.916618;311;42.2;;Betriebsstatus1;Streckenstation110;SSTB13;3;UZ Holzkirchen;A8-Ost Richtung M.-Zentrum
11629;50602;Querschnitt312;MQB13_Mch_H;DETB13_Mch_H2;34;817335;47.82778505;11.91651391;312;42.2;;Betriebsstatus1;Streckenstation110;SSTB13;1;UZ Holzkirchen;A8-Ost Richtung M.-Zentrum
11632;53222;Querschnitt309;AQB13a_Mch_E;AQB13a_Mch_A1;162;817329;47.83081477;11.90705993;309;41.4;;Betriebsstatus1;Streckenstation109;SSTB13a;4;UZ Holzkirchen;A8-Ost Richtung M.-Zentrum
11633;61778;Querschnitt4821;BMSB13a;BMSB13a_Temp;2;817329;47.83071583;11.90717041;4821;41.4;;Betriebsstatus1;Streckenstation109;SSTB13a;6;UZ Holzkirchen;A8-Ost Richtung M.-Zentrum
11636;60525;Querschnitt5834;NMGB13a_Mch_E;WUD_SW_B13a_Mch_E;1;817329;47.83074068;11.90728066;5834;41.4;;Betriebsstatus1;Streckenstation109;SSTB13a;3;UZ Holzkirchen;A8-Ost Richtung M.-Zentrum
11637;62552;Querschnitt310;WS_GMAB13a_Mch_E;WUD_NS_B13a_Mch_E;3;817329;47.83072399;11.90704783;310;41.4;;Betriebsstatus1;Streckenstation109;SSTB13a;3;UZ Holzkirchen;A8-Ost Richtung M.-Zentrum
11640;53254;Querschnitt306;AQB14_Mch_H;AQB14_Mch_A1;33;817325;47.82927856;11.90061021;306;40.9;;Betriebsstatus1;Streckenstation108;SSTB14;4;UZ Holzkirchen;A8-Ost Richtung M.-Zentrum
11647;54997;Querschnitt4822;BMSB14;BMSB14_Netz;3;817325;47.82938613;11.90094703;4822;40.93;;Betriebsstatus1;Streckenstation108;SSTB14;6;UZ Holzkirchen;A8-Ost Richtung M.-Zentrum
11650;51646;Querschnitt308;GMAB14_Mch_H;WUD_HK_B14_Mch_H;3;817325;47.82930756;11.90074496;308;40.9;;Betriebsstatus1;Streckenstation108;SSTB14;3;UZ Holzkirchen;A8-Ost Richtung M.-Zentrum
11651;56534;Querschnitt307;MQB14_Mch_H;DETB14_Mch_H2;34;817325;47.82920846;11.90067162;307;40.93;;Betriebsstatus1;Streckenstation108;SSTB14;1;UZ Holzkirchen;A8-Ost Richtung M.-Zentrum
11654;53640;Querschnitt303;AQB15_Mch_H;AQB15_Mch_A2;34;817310;47.83528671;11.87929041;303;39.0;;Betriebsstatus1;Streckenstation107;SSTB15;4;UZ Holzkirchen;A8-Ost Richtung M.-Zentrum
11661;57296;Querschnitt4823;BMSB15;BMSB15_Temp;2;817310;47.83508905;11.87967082;4823;39.03;;Betriebsstatus1;Streckenstation107;SSTB15;6;UZ Holzkirchen;A8-Ost Richtung M.-Zentrum
11664;61104;Querschnitt305;GMAB15_Mch_H;WUD_HK_B15_Mch_H;3;817310;47.83525377;11.87935789;305;39.0;;Betriebsstatus1;Streckenstation107;SSTB15;3;UZ Holzkirchen;A8-Ost Richtung M.-Zentrum
11665;60608;Querschnitt304;MQB15_Mch_H;DETB15_Mch_H1;33;817310;47.83521644;11.87917413;304;39.0;81369019;Betriebsstatus1;Streckenstation107;SSTB15;1;UZ Holzkirchen;A8-Ost Richtung M.-Zentrum
11668;60351;Querschnitt300;AQB16_Mch_H;AQB16_Mch_B1;97;817297;47.84654225;11.86721954;300;37.4;;Betriebsstatus1;Streckenstation106;SSTB16;4;UZ Holzkirchen;A8-Ost Richtung M.-Zentrum
11675;61036;Querschnitt4824;BMSB16;BMSB16_Tuer;1;817297;47.84634428;11.86729973;4824;37.4;;Betriebsstatus1;Streckenstation106;SSTB16;6;UZ Holzkirchen;A8-Ost Richtung Salzburg
11678;52848;Querschnitt301;MQB16_Mch_H;DETB16_Mch_H3;35;817297;47.84654208;11.86706631;301;37.4;;Betriebsstatus1;Streckenstation106;SSTB16;1;UZ Holzkirchen;A8-Ost Richtung M.-Zentrum
11681;52672;Querschnitt302;NMGB16_Mch_H;WUD_SW_B16_Mch_H;1;817297;47.84627006;11.8673367;302;37.4;;Betriebsstatus1;Streckenstation106;SSTB16;3;UZ Holzkirchen;A8-Ost Richtung Salzburg
11682;51107;Querschnitt6028;WS_GMAB16_Mch_H;WUD_NI_B16_Mch_H;2;817297;47.84645567;11.86728106;6028;37.4;;Betriebsstatus1;Streckenstation106;SSTB16;3;UZ Holzkirchen;A8-Ost Richtung Salzburg
11685;51560;Querschnitt299;AQB17_Mch_H;AQB17_Mch_A2;34;817280;47.86063501;11.84845238;299;35.25;;Betriebsstatus1;Streckenstation105;SSTB17;4;UZ Holzkirchen;A8-Ost Richtung M.-Zentrum
11692;51768;Querschnitt4825;BMSB17;BMSB17_Temp;2;817280;47.86049937;11.84885744;4825;35.28;;Betriebsstatus1;Streckenstation105;SSTB17;6;UZ Holzkirchen;A8-Ost Richtung M.-Zentrum
11695;56293;Querschnitt297;GMAB17_Mch_H;WUD_HK_B17_Mch_H;3;817280;47.860697;11.84852578;297;35.25;;Betriebsstatus1;Streckenstation105;SSTB17;3;UZ Holzkirchen;A8-Ost Richtung M.-Zentrum
11696;57906;Querschnitt298;MQB17_Mch_H;DETB17_Mch_H1;33;817280;47.86060009;11.84839998;298;35.25;;Betriebsstatus1;Streckenstation105;SSTB17;1;UZ Holzkirchen;A8-Ost Richtung M.-Zentrum
11699;52794;Querschnitt294;AQB18_Mch_H;AQB18_Mch_A1;33;817265;47.86531708;11.82434645;294;33.37;;Betriebsstatus1;Streckenstation104;SSTB18;4;UZ Holzkirchen;A8-Ost Richtung M.-Zentrum
11706;56498;Querschnitt4826;BMSB18;BMSB18_Temp;2;817265;47.86534229;11.8246407;4826;33.4;;Betriebsstatus1;Streckenstation104;SSTB18;6;UZ Holzkirchen;A8-Ost Richtung M.-Zentrum
11709;54070;Querschnitt296;GMAB18_Mch_H;WUD_HK_B18_Mch_H;3;817265;47.86537484;11.82434013;296;33.37;;Betriebsstatus1;Streckenstation104;SSTB18;3;UZ Holzkirchen;A8-Ost Richtung M.-Zentrum
11710;61531;Querschnitt295;MQB18_Mch_H;DETB18_Mch_H2;34;817265;47.86524281;11.8243467;295;33.4;;Betriebsstatus1;Streckenstation104;SSTB18;1;UZ Holzkirchen;A8-Ost Richtung M.-Zentrum
11713;59973;Querschnitt291;AQB19_Mch_H;AQB19_Mch_B1;97;817245;47.86736095;11.7906065;291;30.79;;Betriebsstatus1;Streckenstation103;SSTB19;4;UZ Holzkirchen;A8-Ost Richtung M.-Zentrum
11720;61720;Querschnitt4827;BMSB19;BMSB19_Temp;2;817245;47.867242;11.79099945;4827;30.82;;Betriebsstatus1;Streckenstation103;SSTB19;6;UZ Holzkirchen;A8-Ost Richtung M.-Zentrum
11723;59901;Querschnitt293;GMAB19_Mch_H;WUD_HK_B19_Mch_H;3;817245;47.86743534;11.79067366;293;30.79;;Betriebsstatus1;Streckenstation103;SSTB19;3;UZ Holzkirchen;A8-Ost Richtung M.-Zentrum
11724;60686;Querschnitt292;MQB19_Mch_H;DETB19_Mch_H1;33;817245;47.86731544;11.79053924;292;30.82;81369018;Betriebsstatus1;Streckenstation103;SSTB19;1;UZ Holzkirchen;A8-Ost Richtung M.-Zentrum
11727;60098;Querschnitt288;AQB20_Mch_H;AQB20_Mch_B1;97;817228;47.8772666;11.76627256;288;28.65;;Betriebsstatus1;Streckenstation102;SSTB20;4;UZ Holzkirchen;A8-Ost Richtung M.-Zentrum
11734;60619;Querschnitt4828;BMSB20;BMSB20_Tuer;1;817228;47.87715175;11.7666104;4828;28.68;;Betriebsstatus1;Streckenstation102;SSTB20;6;UZ Holzkirchen;A8-Ost Richtung M.-Zentrum
11737;59848;Querschnitt290;GMAB20_Mch_H;WUD_HK_B20_Mch_H;3;817228;47.87732454;11.76635817;290;28.65;;Betriebsstatus1;Streckenstation102;SSTB20;3;UZ Holzkirchen;A8-Ost Richtung M.-Zentrum
11738;52072;Querschnitt289;MQB20_Mch_H;DETB20_Mch_H2;34;817228;47.87718399;11.76622387;289;28.68;;Betriebsstatus1;Streckenstation102;SSTB20;1;UZ Holzkirchen;A8-Ost Richtung M.-Zentrum
11741;52942;Querschnitt285;AQB21_Mch_H;AQB21_Mch_B2;98;817217;47.88365796;11.75046087;285;27.27;;Betriebsstatus1;Streckenstation101;SSTB21;4;UZ Holzkirchen;A8-Ost Richtung M.-Zentrum
11748;59759;Querschnitt4829;BMSB21;BMSB21_Tuer;1;817217;47.88358624;11.75068511;4829;27.3;;Betriebsstatus1;Streckenstation101;SSTB21;6;UZ Holzkirchen;A8-Ost Richtung M.-Zentrum
11751;51213;Querschnitt287;GMAB21_Mch_H;WUD_HK_B21_Mch_H;3;817217;47.88368073;11.75049755;287;27.27;;Betriebsstatus1;Streckenstation101;SSTB21;3;UZ Holzkirchen;A8-Ost Richtung M.-Zentrum
11752;55202;Querschnitt286;MQB21_Mch_H;DETB21_Mch_H3;35;817217;47.88358888;11.75042;286;27.3;;Betriebsstatus1;Streckenstation101;SSTB21;1;UZ Holzkirchen;A8-Ost Richtung M.-Zentrum
11755;59095;Querschnitt282;AQB22_Mch_H;AQB22_Mch_C2;106;817204;47.89110534;11.73190522;282;25.66;;Betriebsstatus1;Streckenstation100;SSTB22;4;UZ Holzkirchen;A8-Ost Richtung M.-Zentrum
11762;60334;Querschnitt4830;BMSB22;BMSB22_Temp;2;817204;47.89101917;11.73211426;4830;25.69;;Betriebsstatus1;Streckenstation100;SSTB22;6;UZ Holzkirchen;A8-Ost Richtung M.-Zentrum
11765;57258;Querschnitt284;GMAB22_Mch_H;WUD_HK_B22_Mch_H;3;817204;47.89110534;11.73190522;284;25.66;;Betriebsstatus1;Streckenstation100;SSTB22;3;UZ Holzkirchen;A8-Ost Richtung M.-Zentrum
11766;51902;Querschnitt283;MQB22_Mch_H;DETB22_Mch_H3;35;817204;47.89102889;11.73188001;283;25.69;;Betriebsstatus1;Streckenstation100;SSTB22;1;UZ Holzkirchen;A8-Ost Richtung M.-Zentrum
11769;61510;Querschnitt5287;AQB22a_Mch_H;AQB22a_Mch_PW1;161;817194;47.8992593;11.72170825;5287;24.457;;Betriebsstatus1;Streckenstation1421;SSTB22a;4;UZ Holzkirchen;A8-Ost Richtung M.-Zentrum
11770;59921;Querschnitt5286;BMSB22a;BMSB22a_Temp;2;817194;47.8991646;11.72178852;5286;24.457;;Betriebsstatus1;Streckenstation1421;SSTB22a;6;UZ Holzkirchen;A8-Ost Richtung M.-Zentrum
11773;54881;Querschnitt5488;MQB22b_Mch_A;DETB22b_Mch_A1;97;817199;47.89300006;11.72639998;5488;25.13;;Betriebsstatus1;Streckenstation1493;SSTB22b;1;UZ Holzkirchen;A8-Ost Richtung M.-Zentrum
11774;58353;Querschnitt5487;MQB22b_Mch_E;DETB22b_Mch_E1;161;817199;47.89613605;11.72526517;5487;25.13;;Betriebsstatus1;Streckenstation1493;SSTB22b;1;UZ Holzkirchen;A8-Ost Richtung M.-Zentrum
11775;53210;Querschnitt5486;MQB22b_Sbg_A;DETB22b_Sbg_A1;65;817199;47.89380007;11.72550006;5486;25.13;;Betriebsstatus1;Streckenstation1493;SSTB22b;1;UZ Holzkirchen;A8-Ost Richtung Salzburg
11776;54007;Querschnitt5485;MQB22b_Sbg_E;DETB22b_Sbg_E1;129;817199;47.89300006;11.72639998;5485;25.13;;Betriebsstatus1;Streckenstation1493;SSTB22b;1;UZ Holzkirchen;A8-Ost Richtung Salzburg
11777;57315;Querschnitt279;AQB23_Mch_H;AQB23_Mch_B1;97;817191;47.90308607;11.71988676;279;23.99;;Betriebsstatus1;Streckenstation99;SSTB23;4;UZ Holzkirchen;A8-Ost Richtung M.-Zentrum
11789;53031;Querschnitt4831;BMSB23;BMSB23_Netz;3;817191;47.90290694;11.72003192;4831;24.01;;Betriebsstatus1;Streckenstation99;SSTB23;6;UZ Holzkirchen;A8-Ost Richtung M.-Zentrum
11792;55465;Querschnitt281;GMAB23_Mch_H;WUD_HK_B23_Mch_H;3;817191;47.90310485;11.71997257;281;23.99;;Betriebsstatus1;Streckenstation99;SSTB23;3;UZ Holzkirchen;A8-Ost Richtung M.-Zentrum
11793;58925;Querschnitt280;MQB23_Mch_H;DETB23_Mch_H3;35;817191;47.90303843;11.71980723;280;23.887;;Betriebsstatus1;Streckenstation99;SSTB23;1;UZ Holzkirchen;A8-Ost Richtung M.-Zentrum
11797;55288;Querschnitt276;AQB24_Mch_H;AQB24_Mch_A4;36;817174;47.9211595;11.71266761;276;21.91;;Betriebsstatus1;Streckenstation98;SSTB24;4;UZ Holzkirchen;A8-Ost Richtung M.-Zentrum
11809;61969;Querschnitt4832;BMSB24;BMSB24_Temp;2;817174;47.92091984;11.71286297;4832;21.94;;Betriebsstatus1;Streckenstation98;SSTB24;6;UZ Holzkirchen;A8-Ost Richtung M.-Zentrum
11812;52853;Querschnitt277;MQB24_Mch_H;DETB24_Mch_H2;34;817174;47.9211324;11.71259385;277;21.91;;Betriebsstatus1;Streckenstation98;SSTB24;1;UZ Holzkirchen;A8-Ost Richtung M.-Zentrum
11816;56231;Querschnitt5835;NMGB24_Mch_H;WUD_SW_B24_Mch_H;1;817174;47.92098808;11.71283179;5835;21.91;;Betriebsstatus1;Streckenstation98;SSTB24;3;UZ Holzkirchen;A8-Ost Richtung M.-Zentrum
11817;60658;Querschnitt278;WS_GMAB24_Mch_H;WUD_NI_B24_Mch_H;2;817174;47.92116178;11.71275076;278;21.91;;Betriebsstatus1;Streckenstation98;SSTB24;3;UZ Holzkirchen;A8-Ost Richtung M.-Zentrum
11820;57237;Querschnitt273;AQB25_Mch_H;AQB25_Mch_PW1;161;817160;47.93655851;11.7047203;273;20.09;;Betriebsstatus1;Streckenstation97;SSTB25;4;UZ Holzkirchen;A8-Ost Richtung M.-Zentrum
11832;60806;Querschnitt4833;BMSB25;BMSB25_Netz;3;817160;47.93640773;11.70485671;4833;20.12;;Betriebsstatus1;Streckenstation97;SSTB25;6;UZ Holzkirchen;A8-Ost Richtung M.-Zentrum
11835;50796;Querschnitt275;GMAB25_Mch_H;WUD_HK_B25_Mch_H;3;817160;47.9365752;11.7047695;275;20.09;;Betriebsstatus1;Streckenstation97;SSTB25;3;UZ Holzkirchen;A8-Ost Richtung M.-Zentrum
11836;59966;Querschnitt274;MQB25_Mch_H;DETB25_Mch_H4;36;817160;47.93653889;11.70465001;274;20.09;80369171;Betriebsstatus1;Streckenstation97;SSTB25;1;UZ Holzkirchen;A8-Ost Richtung M.-Zentrum
11840;61825;Querschnitt271;AQB26_Mch_H;AQB26_Mch_A4;36;817149;47.94744849;11.69775597;271;18.775;;Betriebsstatus1;Streckenstation96;SSTB26;4;UZ Holzkirchen;A8-Ost Richtung M.-Zentrum
11852;62860;Querschnitt4834;BMSB26;BMSB26_Tuer;1;817149;47.9472997;11.69786159;4834;18.805;;Betriebsstatus1;Streckenstation96;SSTB26;6;UZ Holzkirchen;A8-Ost Richtung M.-Zentrum
11855;62187;Querschnitt270;GMAB26_Mch_H;WUD_HK_B26_Mch_H;3;817149;47.94741961;11.69779619;270;18.775;;Betriebsstatus1;Streckenstation96;SSTB26;3;UZ Holzkirchen;A8-Ost Richtung M.-Zentrum
11856;54318;Querschnitt272;MQB26_Mch_H;DETB26_Mch_H3;35;817149;47.94741705;11.69761132;272;18.775;;Betriebsstatus1;Streckenstation96;SSTB26;1;UZ Holzkirchen;A8-Ost Richtung M.-Zentrum
11860;51178;Querschnitt5293;AQB26a_Mch_H;AQB26a_Mch_PW1;161;817146;47.95136269;11.69517231;5293;18.31;;Betriebsstatus1;Streckenstation1422;SSTB26a;4;UZ Holzkirchen;A8-Ost Richtung M.-Zentrum
11862;51681;Querschnitt5292;BMSB26a;BMSB26a_Tuer;1;817146;47.95123887;11.69532096;5292;18.34;;Betriebsstatus1;Streckenstation1422;SSTB26a;6;UZ Holzkirchen;A8-Ost Richtung M.-Zentrum
11865;60530;Querschnitt5294;GMAB26a_Mch_H;WUD_HK_B26a_Mch_H;3;817146;47.95138357;11.69523998;5294;18.31;;Betriebsstatus1;Streckenstation1422;SSTB26a;3;UZ Holzkirchen;A8-Ost Richtung M.-Zentrum
11866;59342;Querschnitt5296;AQB26b_Mch_H;AQB26b_Mch_PW1;161;817140;47.95756722;11.69131106;5296;17.55;;Betriebsstatus1;Streckenstation1423;SSTB26b;4;UZ Holzkirchen;A8-Ost Richtung M.-Zentrum
11868;57078;Querschnitt5297;BMSB26b;BMSB26b_Tuer;1;817140;47.95738951;11.69143233;5297;17.58;;Betriebsstatus1;Streckenstation1423;SSTB26b;6;UZ Holzkirchen;A8-Ost Richtung M.-Zentrum
11871;57714;Querschnitt5295;GMAB26b_Mch_H;WUD_HK_B26b_Mch_H;3;817140;47.95754251;11.69136052;5295;17.55;;Betriebsstatus1;Streckenstation1423;SSTB26b;3;UZ Holzkirchen;A8-Ost Richtung M.-Zentrum
11872;60064;Querschnitt268;AQB27_Mch_H;AQB27_Mch_A2;34;817132;47.96579594;11.68808096;268;16.6;;Betriebsstatus1;Streckenstation95;SSTB27;4;UZ Holzkirchen;A8-Ost Richtung M.-Zentrum
11884;57629;Querschnitt4835;BMSB27;BMSB27_Temp;2;817132;47.96559548;11.68820856;4835;16.63;;Betriebsstatus1;Streckenstation95;SSTB27;6;UZ Holzkirchen;A8-Ost Richtung M.-Zentrum
11887;51963;Querschnitt267;GMAB27_Mch_H;WUD_HK_B27_Mch_H;3;817132;47.9657982;11.68815184;267;16.6;;Betriebsstatus1;Streckenstation95;SSTB27;3;UZ Holzkirchen;A8-Ost Richtung M.-Zentrum
11888;59465;Querschnitt269;MQB27_Mch_H;DETB27_Mch_H3;35;817132;47.96578952;11.68800394;269;16.6;;Betriebsstatus1;Streckenstation95;SSTB27;1;UZ Holzkirchen;A8-Ost Richtung M.-Zentrum
11892;52023;Querschnitt5299;AQB27b_Mch_H;AQB27b_Mch_W1;167;817126;47.97198937;11.68630806;5299;15.9;;Betriebsstatus1;Streckenstation1424;SSTB27b;4;UZ Holzkirchen;A8-Ost Richtung M.-Zentrum
11893;53278;Querschnitt5300;BMSB27b;BMSB27b_Tuer;1;817126;47.97173637;11.68652986;5300;15.93;;Betriebsstatus1;Streckenstation1424;SSTB27b;6;UZ Holzkirchen;A8-West Richtung M.-Zentrum
11896;54416;Querschnitt5301;AQB27c_Mch_H;AQB27c_Mch_W1;167;817122;47.97638746;11.68513763;5301;15.43;;Betriebsstatus1;Streckenstation1425;SSTB27c;4;UZ Holzkirchen;A8-Ost Richtung M.-Zentrum
11897;58548;Querschnitt5302;BMSB27c;BMSB27c_Tuer;1;817122;47.97608143;11.68526898;5302;15.43;;Betriebsstatus1;Streckenstation1425;SSTB27c;6;UZ Holzkirchen;A8-Ost Richtung M.-Zentrum
11900;51697;Querschnitt5306;AQB27d_Mch_H;AQB27d_Mch_PW1;161;817120;47.97911594;11.68435486;5306;15.079;;Betriebsstatus1;Streckenstation1426;SSTB27d;4;UZ Holzkirchen;A8-Ost Richtung M.-Zentrum
11903;61115;Querschnitt5307;BMSB27d;BMSB27d_Netz;3;817120;47.97906235;11.68444151;5307;15.095;;Betriebsstatus1;Streckenstation1426;SSTB27d;6;UZ Holzkirchen;A8-Ost Richtung M.-Zentrum
11906;56419;Querschnitt5305;GMAB27d_Mch_H;WUD_HK_B27d_Mch_H;3;817120;47.97911612;11.68442269;5305;15.079;;Betriebsstatus1;Streckenstation1426;SSTB27d;3;UZ Holzkirchen;A8-Ost Richtung M.-Zentrum
11907;51553;Querschnitt5303;MQB27d_Mch_A;DETB27d_Mch_A;97;817120;47.97890001;11.68459997;5303;15.079;;Betriebsstatus1;Streckenstation1426;SSTB27d;1;UZ Holzkirchen;A8-Ost Richtung M.-Zentrum
11908;57245;Querschnitt5304;MQB27d_Mch_E;DETB27d_Mch_E;161;817120;47.97940005;11.68460001;5304;15.079;;Betriebsstatus1;Streckenstation1426;SSTB27d;1;UZ Holzkirchen;A8-Ost Richtung M.-Zentrum
11909;60087;Querschnitt264;AQB28_Mch_H;AQB28_Mch_A2;34;817116;47.98348484;11.68311951;264;14.6;;Betriebsstatus1;Streckenstation94;SSTB28;4;UZ Holzkirchen;A8-Ost Richtung M.-Zentrum
11921;59691;Querschnitt4836;BMSB28;BMSB28_Temp;2;817116;47.98330722;11.68326861;4836;14.63;;Betriebsstatus1;Streckenstation94;SSTB28;6;UZ Holzkirchen;A8-Ost Richtung M.-Zentrum
11924;53042;Querschnitt266;GMAB28_Mch_H;WUD_HK_B28_Mch_H;3;817116;47.98344365;11.68319376;266;14.6;;Betriebsstatus1;Streckenstation94;SSTB28;3;UZ Holzkirchen;A8-Ost Richtung M.-Zentrum
11925;53214;Querschnitt265;MQB28_Mch_H;DETB28_Mch_H2;34;817116;47.98345975;11.68302715;265;14.6;80369016;Betriebsstatus1;Streckenstation94;SSTB28;1;UZ Holzkirchen;A8-Ost Richtung M.-Zentrum
11929;59202;Querschnitt5310;AQB28a_Mch_H;AQB28a_Mch_DLZ1;33;817105;47.99610226;11.67770341;5310;13.145;;Betriebsstatus1;Streckenstation1427;SSTB28a;4;UZ Holzkirchen;A8-Ost Richtung M.-Zentrum
11931;56515;Querschnitt5312;BMSB28a;BMSB28a_Temp;2;817105;47.99593296;11.67786639;5312;13.175;;Betriebsstatus1;Streckenstation1427;SSTB28a;6;UZ Holzkirchen;A8-Ost Richtung M.-Zentrum
11934;53899;Querschnitt5311;GMAB28a_Mch_H;WUD_HK_B28a_Mch_H;3;817105;47.99611491;11.67778353;5311;13.145;;Betriebsstatus1;Streckenstation1427;SSTB28a;3;UZ Holzkirchen;A8-Ost Richtung M.-Zentrum
11935;62234;Querschnitt5994;MQB28a_Mch_A;DETB28a_Mch_A1;97;817105;47.99566448;11.67809784;5994;13.5;;Betriebsstatus1;Streckenstation1427;SSTB28a;1;UZ Holzkirchen;A8-Ost Richtung M.-Zentrum
11936;62071;Querschnitt5309;MQB28a_Mch_H;DETB28a_Mch_H4;36;817105;47.99559763;11.67788236;5309;13.5;;Betriebsstatus1;Streckenstation1427;SSTB28a;1;UZ Holzkirchen;A8-Ost Richtung M.-Zentrum
11940;63075;Querschnitt261;AQB29_Mch_H;AQB29_Mch_B1;97;817099;48.00142079;11.67408135;261;12.5;;Betriebsstatus1;Streckenstation93;SSTB29;4;UZ Holzkirchen;A8-Ost Richtung M.-Zentrum
11952;60772;Querschnitt4837;BMSB29;BMSB29_Tuer;1;817099;48.0010986;11.67434865;4837;12.53;;Betriebsstatus1;Streckenstation93;SSTB29;6;UZ Holzkirchen;A8-Ost Richtung M.-Zentrum
11955;60961;Querschnitt263;GMAB29_Mch_H;WUD_HK_B29_Mch_H;3;817099;48.00115651;11.67432978;263;12.5;;Betriebsstatus1;Streckenstation93;SSTB29;3;UZ Holzkirchen;A8-Ost Richtung M.-Zentrum
11956;63166;Querschnitt262;MQB29_Mch_H;DETB29_Mch_H2;34;817099;48.00137492;11.67396442;262;12.5;;Betriebsstatus1;Streckenstation93;SSTB29;1;UZ Holzkirchen;A8-Ost Richtung M.-Zentrum
11960;52769;Querschnitt258;AQB29a_Mch_H;AQB29a_Mch_A2;162;817089;48.01165476;11.66687668;258;11.2;;Betriebsstatus1;Streckenstation92;SSTB29a;4;UZ Holzkirchen;A8-Ost Richtung M.-Zentrum
11962;52964;Querschnitt4729;BMSB29a;BMSB29a_Netz;3;817089;48.01165476;11.66687668;4729;11.21;;Betriebsstatus1;Streckenstation92;SSTB29a;6;UZ Holzkirchen;A8-Ost Richtung M.-Zentrum
11965;58870;Querschnitt257;GMAB29a_Mch_H;WUD_HK_B29a_Mch_H;3;817089;48.01165476;11.66687668;257;11.2;;Betriebsstatus1;Streckenstation92;SSTB29a;3;UZ Holzkirchen;A8-Ost Richtung M.-Zentrum
11966;61317;Querschnitt254;AQB30_Mch_APT;AQB30_Mch_A1;33;817080;48.02205198;11.66194714;254;10.01;;Betriebsstatus1;Streckenstation91;SSTB30;4;UZ Holzkirchen;A8-Ost Richtung M.-Zentrum
11970;55763;Querschnitt4728;BMSB30;BMSB30_Netz;3;817080;48.02184676;11.6620878;4728;10.04;;Betriebsstatus1;Streckenstation91;SSTB30;6;UZ Holzkirchen;A8-Ost Richtung M.-Zentrum
11973;60158;Querschnitt253;GMAB30_Mch_APT;WUD_HK_B30_Mch_APT;3;817080;48.02193075;11.66204546;253;10.01;;Betriebsstatus1;Streckenstation91;SSTB30;3;UZ Holzkirchen;A8-Ost Richtung M.-Zentrum
11974;55005;Querschnitt252;MQB30_Mch_ANF;DETB30_Mch_ANF2;106;817080;48.021924;11.66133493;252;10.04;;Betriebsstatus1;Streckenstation91;SSTB30;1;UZ Holzkirchen;A8-Ost Richtung M.-Zentrum
11976;59621;Querschnitt256;MQB30_Mch_APT;DETB30_Mch_APT1;97;817080;48.02202336;11.66175227;256;10.04;;Betriebsstatus1;Streckenstation91;SSTB30;1;UZ Holzkirchen;A8-Ost Richtung M.-Zentrum
11978;52496;Querschnitt4727;BMSB30a;BMSB30a_Tuer;1;817073;48.02784158;11.6576128;4727;9.25;;Betriebsstatus1;Streckenstation90;SSTB30a;6;UZ Holzkirchen;A8-Ost Richtung M.-Zentrum
11981;55925;Querschnitt251;MQB30a_Mch_APT;DETB30a_Mch_APT1;33;817073;48.02870005;11.66269996;251;9.25;;Betriebsstatus1;Streckenstation90;SSTB30a;1;UZ Holzkirchen;A8-Ost Richtung M.-Zentrum
11983;56480;Querschnitt764;WS_GMABRUN2_Sbg_H;WUD_TT1_BRUN2_Sbg_H;41;9906999;48.02297398;11.65923117;764;54.36;;Betriebsstatus1;Streckenstation295;SSTBRUN2;3;UZ Holzkirchen;A99 Richtung Lindau
11992;59453;Querschnitt710;WS_GMAFORST_Mch_H;WUD_FBT_FORST_Mch_H;1;9416480;48.1741529;11.89808637;710;21.1;;Betriebsstatus1;Streckenstation271;SSTFORST;3;UZ Holzkirchen;A94 Richtung M.-Zentrum
12004;59949;Querschnitt45;WS_GMAPERL_Sbg_H;WUD_RLF_PERL_Sbg_H;13;807011;48.08427434;11.61737792;45;1.38;;Betriebsstatus1;Streckenstation21;SSTPERL;3;UZ Holzkirchen;A8-Ost Richtung M.-Zentrum
12014;58780;Querschnitt919;AQQ11_Sbg_A;AQQ11_Sbg_A2;34;9916980;48.03103384;11.6657938;919;52.749;;Betriebsstatus1;Streckenstation349;SSTQ11;4;UZ Holzkirchen;A99 Richtung Salzburg
12018;52871;Querschnitt4709;BMSQ11;BMSQ11_Netz;3;9916980;48.03112329;11.66601966;4709;52.74;;Betriebsstatus1;Streckenstation349;SSTQ11;6;UZ Holzkirchen;A99 Richtung Salzburg
12021;59672;Querschnitt921;GMAQ11_Sbg_A;WUD_HK_Q11_Sbg_A;93;9916980;48.0310902;11.6658875;921;52.77;;Betriebsstatus1;Streckenstation349;SSTQ11;3;UZ Holzkirchen;A99 Richtung Salzburg
12022;62822;Querschnitt920;MQQ11_Sbg_A;DETQ11_Sbg_A2;106;9916980;48.03097785;11.66582204;920;52.734;;Betriebsstatus1;Streckenstation349;SSTQ11;1;UZ Holzkirchen;A99 Richtung Salzburg
12024;59429;Querschnitt46;AQQ21_Sbg_H;AQQ21_Sbg_B1;65;807072;48.02911109;11.65635979;46;9.13;;Betriebsstatus1;Streckenstation22;SSTQ21;4;UZ Holzkirchen;A8-Ost Richtung Salzburg
12028;57103;Querschnitt4686;BMSQ21;BMSQ21_Tuer;1;807072;48.02922517;11.65629995;4686;9.13;;Betriebsstatus1;Streckenstation22;SSTQ21;6;UZ Holzkirchen;A8-Ost Richtung Salzburg
12031;52302;Querschnitt47;GMAQ21_Sbg_H;WUD_HK_Q21_Sbg_H;93;807072;48.02916695;11.65632467;47;9.1;;Betriebsstatus1;Streckenstation22;SSTQ21;3;UZ Holzkirchen;A8-Ost Richtung Salzburg
12032;55204;Querschnitt48;MQQ21_Sbg_H;DETQ21_Sbg_H1;1;807072;48.02912889;11.65645001;48;9.1;;Betriebsstatus1;Streckenstation22;SSTQ21;1;UZ Holzkirchen;A8-Ost Richtung Salzburg
12034;52861;Querschnitt1009;AQQ23_Sbg_E;AQQ23_Sbg_A2;34;10916926;48.02041489;11.66085488;1009;10.19;;Betriebsstatus1;Streckenstation388;SSTQ23;4;UZ Holzkirchen;A8-Ost Richtung Salzburg
12038;50591;Querschnitt4713;BMSQ23;BMSQ23_Temp;2;10916926;48.02041489;11.66085488;4713;10.19;;Betriebsstatus1;Streckenstation388;SSTQ23;6;UZ Holzkirchen;A8-Ost Richtung Salzburg
12041;51898;Querschnitt1010;GMAQ23_Sbg_E;WUD_HK_Q23_Sbg_E;93;10916926;48.02041489;11.66085488;1010;10.19;;Betriebsstatus1;Streckenstation388;SSTQ23;3;UZ Holzkirchen;A8-Ost Richtung Salzburg
12042;56179;Querschnitt1011;MQQ23_Sbg_E;DETQ23_Sbg_E1;65;10916926;48.02697963;11.64699868;1011;10.19;;Betriebsstatus1;Streckenstation388;SSTQ23;1;UZ Holzkirchen;A8-Ost Richtung Salzburg
12044;60418;Querschnitt4685;BMSQ25;BMSQ25_Netz;3;807079;48.02194299;11.65985099;4685;9.97;;Betriebsstatus1;Streckenstation23;SSTQ25;6;UZ Holzkirchen;A8-Ost Richtung Salzburg
12047;54131;Querschnitt5861;MQQ25_Mch_H;DETQ25_Mch_H1;33;807079;48.02230361;11.66011334;5861;9.97;;Betriebsstatus1;Streckenstation23;SSTQ25;1;UZ Holzkirchen;A8-Ost Richtung M.-Zentrum
12049;61307;Querschnitt51;MQQ25_Sbg_E;DETQ25_Sbg_E1;129;807079;48.02211956;11.65950848;51;9.97;;Betriebsstatus1;Streckenstation23;SSTQ25;1;UZ Holzkirchen;A8-Ost Richtung Salzburg
12051;61746;Querschnitt50;MQQ25_Sbg_H;DETQ25_Sbg_H2;2;807079;48.02226088;11.65988374;50;9.97;;Betriebsstatus1;Streckenstation23;SSTQ25;1;UZ Holzkirchen;A8-Ost Richtung Salzburg
12053;59295;Querschnitt6016;NMGQ25_Sbg_H;WUD_SW_Q25_Sbg_H;1;807079;48.02206908;11.6598223;6016;9.996;;Betriebsstatus1;Streckenstation23;SSTQ25;3;UZ Holzkirchen;A8-Ost Richtung Salzburg
12054;55597;Querschnitt49;WS_GMAQ25_Sbg_H;WUD_LT_Q25_Sbg_H;10;807079;48.02180308;11.65994944;49;9.99;;Betriebsstatus1;Streckenstation23;SSTQ25;3;UZ Holzkirchen;A8-Ost Richtung Salzburg
12064;61990;Querschnitt56;AQQ13_Sbg_E;AQQ13_Sbg_EA1;33;807085;48.01499876;11.66381852;56;54.784;;Betriebsstatus1;Streckenstation24;SSTQ27;4;UZ Holzkirchen;A8-Ost Richtung Salzburg
12068;52859;Querschnitt55;AQQ27_Sbg_H;AQQ27_Sbg_B1;65;807085;48.01513652;11.66420641;55;10.798;;Betriebsstatus1;Streckenstation24;SSTQ27;4;UZ Holzkirchen;A8-Ost Richtung Salzburg
12075;55460;Querschnitt4714;BMSQ27;BMSQ27_Tuer;1;807085;48.01527674;11.66401419;4714;10.77;;Betriebsstatus1;Streckenstation24;SSTQ27;6;UZ Holzkirchen;A8-Ost Richtung Salzburg
12078;57138;Querschnitt6017;GMAQ13_Sbg_E;WUD_HK_Q13_Sbg_E;94;807085;48.01508657;11.66411416;6017;10.8;;Betriebsstatus1;Streckenstation24;SSTQ27;3;UZ Holzkirchen;A8-Ost Richtung Salzburg
12079;60760;Querschnitt53;GMAQ27_Sbg_H;WUD_HK_Q27_Sbg_H;93;807085;48.01538398;11.66387774;53;10.8;;Betriebsstatus1;Streckenstation24;SSTQ27;3;UZ Holzkirchen;A8-Ost Richtung Salzburg
12080;54396;Querschnitt4816;MQQ13_Sbg_E;DETQ13_Sbg_E1;137;807085;48.01504472;11.66396016;4816;54.74;;Betriebsstatus1;Streckenstation24;SSTQ27;1;UZ Holzkirchen;A8-Ost Richtung Salzburg
12082;59660;Querschnitt54;MQQ27_Sbg_H;DETQ27_Sbg_H1;1;807085;48.0119;11.66649994;54;10.773;;Betriebsstatus1;Streckenstation24;SSTQ27;1;UZ Holzkirchen;A8-Ost Richtung Salzburg
12085;59112;Querschnitt60;AQQ29_Sbg_H;AQQ29_Sbg_C3;75;807093;48.00723131;11.66952836;60;11.76;;Betriebsstatus1;Streckenstation25;SSTQ29;4;UZ Holzkirchen;A8-Ost Richtung Salzburg
12095;59592;Querschnitt4684;BMSQ29;BMSQ29_Temp;2;807093;48.00745411;11.66925546;4684;11.72;;Betriebsstatus1;Streckenstation25;SSTQ29;6;UZ Holzkirchen;A8-Ost Richtung Salzburg
12098;51206;Querschnitt58;MQQ29_Sbg_H;DETQ29_Sbg_H1;1;807093;48.00724608;11.6696239;58;11.72;;Betriebsstatus1;Streckenstation25;SSTQ29;1;UZ Holzkirchen;A8-Ost Richtung Salzburg
12102;52208;Querschnitt5837;NMGQ29_Sbg_H;WUD_SW_Q29_Sbg_H;1;807093;48.00740243;11.66928356;5837;11.72;;Betriebsstatus1;Streckenstation25;SSTQ29;3;UZ Holzkirchen;A8-Ost Richtung Salzburg
12103;64354;Querschnitt5836;WS_GMAQ29_Mch_H;WUD_WFD_Q29_Mch_H;102;807093;48.00744957;11.66983855;5836;11.72;;Betriebsstatus1;Streckenstation25;SSTQ29;3;UZ Holzkirchen;A8-Ost Richtung M.-Zentrum
12110;62479;Querschnitt59;WS_GMAQ29_Sbg_H;WUD_NS_Q29_Sbg_H;3;807093;48.00735698;11.6693147;59;11.72;;Betriebsstatus1;Streckenstation25;SSTQ29;3;UZ Holzkirchen;A8-Ost Richtung Salzburg
12125;53998;Querschnitt64;AQQ31_Sbg_H;AQQ31_Sbg_C3;75;807107;47.99302182;11.67919679;64;13.495;;Betriebsstatus1;Streckenstation26;SSTQ31;4;UZ Holzkirchen;A8-Ost Richtung Salzburg
12135;61583;Querschnitt4687;BMSQ31;BMSQ31_Tuer;1;807107;47.99316618;11.67899851;4687;13.47;;Betriebsstatus1;Streckenstation26;SSTQ31;6;UZ Holzkirchen;A8-Ost Richtung Salzburg
12138;61020;Querschnitt62;MQQ31_Sbg_H;DETQ31_Sbg_H2;2;807107;47.99304689;11.67927991;62;13.467;80369016;Betriebsstatus1;Streckenstation26;SSTQ31;1;UZ Holzkirchen;A8-Ost Richtung Salzburg
12142;54928;Querschnitt6018;NMGQ31_Sbg_H;WUD_SW_Q31_Sbg_H;1;807107;47.99320957;11.67897048;6018;13.47;;Betriebsstatus1;Streckenstation26;SSTQ31;3;UZ Holzkirchen;A8-Ost Richtung Salzburg
12143;53274;Querschnitt65;WS_GMAQ31_Sbg_H;WUD_NI_Q31_Sbg_H;2;807107;47.99325503;11.67893936;65;13.47;;Betriebsstatus1;Streckenstation26;SSTQ31;3;UZ Holzkirchen;A8-Ost Richtung Salzburg
12146;52318;Querschnitt4751;AQQ31a_Sbg_H;AQQ31a_Sbg_PW1;129;807121;47.9778732;11.68413271;4751;15.25;;Betriebsstatus1;Streckenstation1292;SSTQ31a;4;UZ Holzkirchen;A8-Ost Richtung Salzburg
12148;59017;Querschnitt4755;BMSQ31a;BMSQ31a_Tuer;1;807121;47.97827438;11.68397303;4755;15.22;;Betriebsstatus1;Streckenstation1292;SSTQ31a;6;UZ Holzkirchen;A8-Ost Richtung Salzburg
12151;52374;Querschnitt4788;AQQ32_Sbg_H;AQQ32_Sbg_PW1;129;807123;47.97576527;11.68472517;4788;15.465;;Betriebsstatus1;Streckenstation1317;SSTQ32;4;UZ Holzkirchen;A8-Ost Richtung Salzburg
12153;59675;Querschnitt4787;BMSQ32;BMSQ32_Temp;3;807123;47.97599884;11.68459427;4787;15.435;;Betriebsstatus1;Streckenstation1317;SSTQ32;6;UZ Holzkirchen;A8-Ost Richtung Salzburg
12156;58958;Querschnitt67;AQQ33_Sbg_H;AQQ33_Sbg_C3;75;807124;47.97404637;11.68525665;67;15.652;;Betriebsstatus1;Streckenstation27;SSTQ33;4;UZ Holzkirchen;A8-Ost Richtung Salzburg
12166;55604;Querschnitt4789;AQQ33_Sbg_PW;AQQ33_Sbg_PW1;129;807124;47.97404205;11.68518885;4789;15.652;;Betriebsstatus1;Streckenstation27;SSTQ33;4;UZ Holzkirchen;A8-Ost Richtung Salzburg
12168;61494;Querschnitt4683;BMSQ33;BMSQ33_Temp;2;807124;47.97440199;11.68509109;4683;15.62;;Betriebsstatus1;Streckenstation27;SSTQ33;6;UZ Holzkirchen;A8-Ost Richtung Salzburg
12171;51340;Querschnitt69;MQQ33_Sbg_H;DETQ33_Sbg_H4;4;807124;47.97405888;11.68539001;69;15.62;;Betriebsstatus1;Streckenstation27;SSTQ33;1;UZ Holzkirchen;A8-Ost Richtung Salzburg
12175;54136;Querschnitt5839;NMGQ33_Sbg_H;WUD_SW_Q33_Sbg_H;1;807124;47.97446814;11.68505369;5839;15.62;;Betriebsstatus1;Streckenstation27;SSTQ33;3;UZ Holzkirchen;A8-Ost Richtung Salzburg
12176;59582;Querschnitt5838;WS_GMAQ33_Mch_H;WUD_GT_Q33_Mch_H;26;807124;47.97436812;11.68557534;5838;15.65;;Betriebsstatus1;Streckenstation27;SSTQ33;3;UZ Holzkirchen;A8-Ost Richtung M.-Zentrum
12183;62782;Querschnitt68;WS_GMAQ33_Sbg_H;WUD_TT3_Q33_Sbg_H;23;807124;47.97433574;11.68508841;68;15.62;;Betriebsstatus1;Streckenstation27;SSTQ33;3;UZ Holzkirchen;A8-Ost Richtung Salzburg
12198;62997;Querschnitt4791;AQQ34_Sbg_H;AQQ34_Sbg_PW1;129;807127;47.97119619;11.68620188;4791;16.055;;Betriebsstatus1;Streckenstation1318;SSTQ34;4;UZ Holzkirchen;A8-Ost Richtung Salzburg
12200;54295;Querschnitt4790;BMSQ34;BMSQ34_Netz;2;807127;47.97129508;11.68602556;4790;16.025;;Betriebsstatus1;Streckenstation1318;SSTQ34;6;UZ Holzkirchen;A8-Ost Richtung Salzburg
12203;52431;Querschnitt4795;GMAQ34_Sbg_H;WUD_HK_Q34_Sbg_H;1;807127;47.97119578;11.68605391;4795;16.055;;Betriebsstatus1;Streckenstation1318;SSTQ34;3;UZ Holzkirchen;A8-Ost Richtung Salzburg
12204;57010;Querschnitt4793;AQQ35_Sbg_H;AQQ35_Sbg_B2;65;807143;47.95278328;11.69376793;4793;18.115;;Betriebsstatus1;Streckenstation28;SSTQ35;4;UZ Holzkirchen;A8-Ost Richtung Salzburg
12216;58034;Querschnitt4682;BMSQ35;BMSQ35_Temp;2;807143;47.95293605;11.69360987;4682;18.07;;Betriebsstatus1;Streckenstation28;SSTQ35;6;UZ Holzkirchen;A8-Ost Richtung Salzburg
12219;61121;Querschnitt4792;MQQ35_Sbg_H;DETQ35_Sbg_H2;2;807143;47.95280214;11.69385411;4792;18.115;;Betriebsstatus1;Streckenstation28;SSTQ35;1;UZ Holzkirchen;A8-Ost Richtung Salzburg
12223;51557;Querschnitt71;NMGQ35_Sbg_H;WUD_SW_Q35_Sbg_H;1;807143;47.95288227;11.6936256;71;18.07;;Betriebsstatus1;Streckenstation28;SSTQ35;3;UZ Holzkirchen;A8-Ost Richtung Salzburg
12224;54330;Querschnitt6019;WS_GMAQ35_Sbg_H;WUD_HK_Q35_Sbg_H;93;807143;47.95276653;11.69369716;6019;18.07;;Betriebsstatus1;Streckenstation28;SSTQ35;3;UZ Holzkirchen;A8-Ost Richtung Salzburg
12227;63325;Querschnitt4799;AQQ36_Sbg_H;AQQ36_Sbg_DLZ1;7;807153;47.94328266;11.69993088;4799;19.265;;Betriebsstatus1;Streckenstation1319;SSTQ36;4;UZ Holzkirchen;A8-Ost Richtung Salzburg
12229;53524;Querschnitt4796;BMSQ36;BMSQ36_Temp;3;807153;47.94340854;11.699773;4796;19.25;;Betriebsstatus1;Streckenstation1319;SSTQ36;6;UZ Holzkirchen;A8-Ost Richtung Salzburg
12232;53745;Querschnitt4797;GMAQ36_Sbg_H;WUD_HK_Q36_Sbg_H;1;807153;47.94326386;11.69986628;4797;19.265;;Betriebsstatus1;Streckenstation1319;SSTQ36;3;UZ Holzkirchen;A8-Ost Richtung Salzburg
12233;53635;Querschnitt73;AQQ37_Sbg_H;AQQ37_Sbg_C2;73;807160;47.93588571;11.70473028;73;20.165;;Betriebsstatus1;Streckenstation29;SSTQ37;4;UZ Holzkirchen;A8-Ost Richtung Salzburg
12245;62963;Querschnitt4715;BMSQ37;BMSQ37_Tuer;1;807160;47.93600137;11.7046218;4715;20.12;;Betriebsstatus1;Streckenstation29;SSTQ37;6;UZ Holzkirchen;A8-Ost Richtung Salzburg
12248;58401;Querschnitt75;MQQ37_Sbg_H;DETQ37_Sbg_H3;3;807160;47.93589422;11.70481958;75;20.165;80369171;Betriebsstatus1;Streckenstation29;SSTQ37;1;UZ Holzkirchen;A8-Ost Richtung Salzburg
12252;51609;Querschnitt5833;NMGQ37_Sbg_H;WUD_SW_Q37_Sbg_H;1;807160;47.93592888;11.70460989;5833;20.12;;Betriebsstatus1;Streckenstation29;SSTQ37;3;UZ Holzkirchen;A8-Ost Richtung Salzburg
12253;52797;Querschnitt5832;WS_GMAQ37_Mch_H;WUD_FBT_Q37_Mch_H;28;807160;47.93604165;11.70499126;5832;20.12;;Betriebsstatus1;Streckenstation29;SSTQ37;3;UZ Holzkirchen;A8-Ost Richtung M.-Zentrum
12260;59271;Querschnitt74;WS_GMAQ37_Sbg_H;WUD_FBT_Q37_Sbg_H;20;807160;47.93595181;11.70467137;74;20.12;;Betriebsstatus1;Streckenstation29;SSTQ37;3;UZ Holzkirchen;A8-Ost Richtung Salzburg
12274;51275;Querschnitt76;AQQ39_Sbg_H;AQQ39_Sbg_A2;1;807174;47.92059595;11.71248594;76;21.933;;Betriebsstatus1;Streckenstation30;SSTQ39;4;UZ Holzkirchen;A8-Ost Richtung Salzburg
12286;55612;Querschnitt4716;BMSQ39;BMSQ39_Temp;2;807174;47.92072809;11.71234662;4716;21.92;;Betriebsstatus1;Streckenstation30;SSTQ39;6;UZ Holzkirchen;A8-Ost Richtung Salzburg
12289;52430;Querschnitt77;GMAQ39_Sbg_H;WUD_HK_Q39_Sbg_H;93;807174;47.92058336;11.71242441;77;21.95;;Betriebsstatus1;Streckenstation30;SSTQ39;3;UZ Holzkirchen;A8-Ost Richtung Salzburg
12290;51400;Querschnitt78;MQQ39_Sbg_H;DETQ39_Sbg_H2;2;807174;47.9206065;11.71257211;78;21.933;;Betriebsstatus1;Streckenstation30;SSTQ39;1;UZ Holzkirchen;A8-Ost Richtung Salzburg
12294;57649;Querschnitt4690;BMSQ41;BMSQ41_Temp;2;807183;47.91159481;11.71587772;4690;23.025;;Betriebsstatus1;Streckenstation31;SSTQ41;6;UZ Holzkirchen;A8-Ost Richtung Salzburg
12297;60809;Querschnitt4691;BMSQ43;BMSQ43_Tuer;1;807185;47.9089712;11.71698291;4691;23.3;;Betriebsstatus1;Streckenstation32;SSTQ43;6;UZ Holzkirchen;A8-Ost Richtung Salzburg
12300;55354;Querschnitt5831;WS_GMAQ43_Mch_H;WUD_FBT_Q43_Mch_H;28;807185;47.90892976;11.71749734;5831;23.3;;Betriebsstatus1;Streckenstation32;SSTQ43;3;UZ Holzkirchen;A8-Ost Richtung M.-Zentrum
12307;64361;Querschnitt80;WS_GMAQ43_Sbg_H;WUD_WFD_Q43_Sbg_H;82;807185;47.90886405;11.71703566;80;23.3;;Betriebsstatus1;Streckenstation32;SSTQ43;3;UZ Holzkirchen;A8-Ost Richtung Salzburg
12320;52365;Querschnitt4802;AQQ44_Sbg_H;AQQ44_Sbg_PW1;129;807187;47.90644047;11.7181105;4802;23.6;;Betriebsstatus1;Streckenstation1320;SSTQ44;4;UZ Holzkirchen;A8-Ost Richtung Salzburg
12322;56826;Querschnitt4800;BMSQ44;BMSQ44_Netz;2;807187;47.9065681;11.71799628;4800;23.57;;Betriebsstatus1;Streckenstation1320;SSTQ44;6;UZ Holzkirchen;A8-Ost Richtung Salzburg
12325;57303;Querschnitt4801;GMAQ44_Sbg_H;WUD_HK_Q44_Sbg_H;1;807187;47.90643622;11.71805836;4801;23.6;;Betriebsstatus1;Streckenstation1320;SSTQ44;3;UZ Holzkirchen;A8-Ost Richtung Salzburg
12326;57614;Querschnitt82;AQQ45_Sbg_H;AQQ45_Sbg_A5;4;807190;47.90363523;11.71919344;82;23.935;;Betriebsstatus1;Streckenstation33;SSTQ45;4;UZ Holzkirchen;A8-Ost Richtung Salzburg
12339;59346;Querschnitt4717;BMSQ45;BMSQ45_Tuer;1;807190;47.90378345;11.71906071;4717;23.887;;Betriebsstatus1;Streckenstation33;SSTQ45;6;UZ Holzkirchen;A8-Ost Richtung Salzburg
12342;52498;Querschnitt6020;GMAQ45_Sbg_H;WUD_HK_Q45_Sbg_H;93;807190;47.90362272;11.71913829;6020;23.917;;Betriebsstatus1;Streckenstation33;SSTQ45;3;UZ Holzkirchen;A8-Ost Richtung Salzburg
12343;51762;Querschnitt81;MQQ45_Sbg_H;DETQ45_Sbg_H3;3;807190;47.90363146;11.71933767;81;23.935;;Betriebsstatus1;Streckenstation33;SSTQ45;1;UZ Holzkirchen;A8-Ost Richtung Salzburg
12348;62799;Querschnitt83;NMGQ45_Sbg_H;WUD_SW_Q45_Sbg_H;1;807190;47.90384117;11.71904199;83;23.895;;Betriebsstatus1;Streckenstation33;SSTQ45;3;UZ Holzkirchen;A8-Ost Richtung Salzburg
12349;60666;Querschnitt4804;AQQ45b_Sbg_H;AQQ45b_Sbg_W6;6;807193;47.89971135;11.7209511;4804;24.31;;Betriebsstatus1;Streckenstation1321;SSTQ45b;4;UZ Holzkirchen;A8-Ost Richtung Salzburg
12359;52986;Querschnitt4803;BMSQ45b;BMSQ45b_Tuer;1;807193;47.90002425;11.72066717;4803;24.28;;Betriebsstatus1;Streckenstation1321;SSTQ45b;6;UZ Holzkirchen;A8-Ost Richtung Salzburg
12362;59668;Querschnitt4806;AQQ45c_Sbg_H;AQQ45c_Sbg_W4;4;807197;47.8963835;11.72349067;4806;24.795;;Betriebsstatus1;Streckenstation1322;SSTQ45c;4;UZ Holzkirchen;A8-Ost Richtung Salzburg
12367;54013;Querschnitt4805;BMSQ45c;BMSQ45c_Temp;3;807197;47.89657663;11.72315833;4805;24.765;;Betriebsstatus1;Streckenstation1322;SSTQ45c;6;UZ Holzkirchen;A8-Ost Richtung Salzburg
12370;57657;Querschnitt4808;AQQ46_Sbg_H;AQQ46_Sbg_DLZ1;7;807200;47.89323164;11.72718855;4808;25.25;;Betriebsstatus1;Streckenstation1325;SSTQ46;4;UZ Holzkirchen;A8-Ost Richtung Salzburg
12372;62781;Querschnitt4807;BMSQ46;BMSQ46_Netz;2;807200;47.89339179;11.72686254;4807;25.22;;Betriebsstatus1;Streckenstation1325;SSTQ46;6;UZ Holzkirchen;A8-Ost Richtung Salzburg
12375;58380;Querschnitt4811;GMAQ46_Sbg_H;WUD_HK_Q46_Sbg_H;1;807200;47.89326023;11.7270657;4811;25.25;;Betriebsstatus1;Streckenstation1325;SSTQ46;3;UZ Holzkirchen;A8-Ost Richtung Salzburg
12376;52049;Querschnitt4810;AQQ46a_Sbg_H;AQQ46a_Sbg_PW1;129;807199;47.89418171;11.72588902;4810;25.11;;Betriebsstatus1;Streckenstation1324;SSTQ46a;4;UZ Holzkirchen;A8-Ost Richtung Salzburg
12377;55477;Querschnitt4809;BMSQ46a;BMSQ46a_Temp;3;807199;47.89432146;11.72566128;4809;25.09;;Betriebsstatus1;Streckenstation1324;SSTQ46a;6;UZ Holzkirchen;A8-Ost Richtung Salzburg
12380;60580;Querschnitt4681;BMSQ47;BMSQ47_Netz;3;807203;47.89112389;11.73101556;4681;25.89;;Betriebsstatus1;Streckenstation34;SSTQ47;6;UZ Holzkirchen;A8-Ost Richtung Salzburg
12383;54306;Querschnitt86;NMGQ47_Sbg_H;WUD_SW_Q47_Sbg_H;1;807203;47.89115248;11.73089271;86;25.62;;Betriebsstatus1;Streckenstation34;SSTQ47;3;UZ Holzkirchen;A8-Ost Richtung Salzburg
12384;62887;Querschnitt6021;WS_GMAQ47_Sbg_H;WUD_NI_Q47_Sbg_H;2;807203;47.89107051;11.73112626;6021;25.62;;Betriebsstatus1;Streckenstation34;SSTQ47;3;UZ Holzkirchen;A8-Ost Richtung Salzburg
12386;51689;Querschnitt4815;AQQ48_Sbg_H;AQQ48_Sbg_PW1;129;807204;47.89026628;11.7330629;4815;25.78;;Betriebsstatus1;Streckenstation1326;SSTQ48;4;UZ Holzkirchen;A8-Ost Richtung Salzburg
12395;56604;Querschnitt4812;BMSQ48;BMSQ48_Tuer;1;807204;47.89044233;11.73247304;4812;25.75;;Betriebsstatus1;Streckenstation1326;SSTQ48;6;UZ Holzkirchen;A8-Ost Richtung Salzburg
12398;63153;Querschnitt4814;GMAQ48_Sbg_H;WUD_HK_Q48_Sbg_H;1;807204;47.89031959;11.73292152;4814;25.78;;Betriebsstatus1;Streckenstation1326;SSTQ48;3;UZ Holzkirchen;A8-Ost Richtung Salzburg
12399;57045;Querschnitt4813;MQQ48_Sbg_H;DETQ48_Sbg_H1;1;807204;47.89035311;11.7331422;4813;25.78;;Betriebsstatus1;Streckenstation1326;SSTQ48;1;UZ Holzkirchen;A8-Ost Richtung Salzburg
12402;54942;Querschnitt4692;BMSQ49;BMSQ49_Temp;2;807217;47.88318355;11.75051221;4692;27.3;;Betriebsstatus1;Streckenstation35;SSTQ49;6;UZ Holzkirchen;A8-Ost Richtung Salzburg
12405;50943;Querschnitt5830;NMGQ49_Sbg_H;WUD_SW_Q49_Sbg_H;1;807217;47.88321023;11.75044767;5830;27.3;;Betriebsstatus1;Streckenstation35;SSTQ49;3;UZ Holzkirchen;A8-Ost Richtung Salzburg
12406;61368;Querschnitt5829;WS_GMAQ49_Mch_H;WUD_TT1_Q49_Mch_H;30;807217;47.883481;11.7506764;5829;27.3;;Betriebsstatus1;Streckenstation35;SSTQ49;3;UZ Holzkirchen;A8-Ost Richtung M.-Zentrum
12413;52467;Querschnitt88;WS_GMAQ49_Sbg_H;WUD_RS_Q49_Sbg_H;21;807217;47.8832991;11.75051779;88;27.3;;Betriebsstatus1;Streckenstation35;SSTQ49;3;UZ Holzkirchen;A8-Ost Richtung Salzburg
12426;60457;Querschnitt90;AQQ51_Sbg_H;AQQ51_Sbg_A3;3;807223;47.87958423;11.75961946;90;28.101;;Betriebsstatus1;Streckenstation36;SSTQ51;4;UZ Holzkirchen;A8-Ost Richtung Salzburg
12433;61313;Querschnitt4693;BMSQ51;BMSQ51_Temp;2;807223;47.87965794;11.75934923;4693;28.07;;Betriebsstatus1;Streckenstation36;SSTQ51;6;UZ Holzkirchen;A8-Ost Richtung Salzburg
12436;55360;Querschnitt91;GMAQ51_Sbg_H;WUD_HK_Q51_Sbg_H;93;807223;47.87953874;11.7595706;91;28.1;;Betriebsstatus1;Streckenstation36;SSTQ51;3;UZ Holzkirchen;A8-Ost Richtung Salzburg
12437;53383;Querschnitt89;MQQ51_Sbg_H;DETQ51_Sbg_H1;1;807223;47.87963383;11.75966217;89;28.071;;Betriebsstatus1;Streckenstation36;SSTQ51;1;UZ Holzkirchen;A8-Ost Richtung Salzburg
12440;55588;Querschnitt4694;BMSQ53;BMSQ53_Tuer;1;807237;47.87165121;11.77901691;4694;29.8;;Betriebsstatus1;Streckenstation37;SSTQ53;6;UZ Holzkirchen;A8-Ost Richtung Salzburg
12443;54984;Querschnitt93;MQQ53_Sbg_H;DETQ53_Sbg_H2;2;807237;47.87177495;11.77899186;93;29.802;;Betriebsstatus1;Streckenstation37;SSTQ53;1;UZ Holzkirchen;A8-Ost Richtung Salzburg
12446;61383;Querschnitt92;NMGQ53_Sbg_H;WUD_SW_Q53_Sbg_H;1;807237;47.87170463;11.77890016;92;29.8;;Betriebsstatus1;Streckenstation37;SSTQ53;3;UZ Holzkirchen;A8-Ost Richtung Salzburg
12447;62969;Querschnitt6022;WS_GMAQ53_Sbg_H;WUD_NI_Q53_Sbg_H;2;807237;47.87174153;11.77877736;6022;29.8;;Betriebsstatus1;Streckenstation37;SSTQ53;3;UZ Holzkirchen;A8-Ost Richtung Salzburg
12449;53134;Querschnitt4695;BMSQ55;BMSQ55_Temp;2;807243;47.86868615;11.78648026;4695;30.45;;Betriebsstatus1;Streckenstation38;SSTQ55;6;UZ Holzkirchen;A8-Ost Richtung Salzburg
12452;52060;Querschnitt5828;WS_GMAQ55_Mch_H;WUD_GT_Q55_Mch_H;26;807243;47.86889268;11.78659593;5828;30.45;;Betriebsstatus1;Streckenstation38;SSTQ55;3;UZ Holzkirchen;A8-Ost Richtung M.-Zentrum
12457;61606;Querschnitt94;WS_GMAQ55_Sbg_H;WUD_WFD_Q55_Sbg_H;82;807243;47.86873163;11.78652913;94;30.45;;Betriebsstatus1;Streckenstation38;SSTQ55;3;UZ Holzkirchen;A8-Ost Richtung Salzburg
12467;56798;Querschnitt95;AQQ57_Sbg_H;AQQ57_Sbg_B2;66;807250;47.86472429;11.7998946;95;31.549;;Betriebsstatus1;Streckenstation39;SSTQ57;4;UZ Holzkirchen;A8-Ost Richtung Salzburg
12474;60631;Querschnitt4696;BMSQ57;BMSQ57_Netz;3;807250;47.86473199;11.79957571;4696;31.52;;Betriebsstatus1;Streckenstation39;SSTQ57;6;UZ Holzkirchen;A8-Ost Richtung Salzburg
12477;61441;Querschnitt97;MQQ57_Sbg_H;DETQ57_Sbg_H2;2;807250;47.86479447;11.79991272;97;31.52;81369018;Betriebsstatus1;Streckenstation39;SSTQ57;1;UZ Holzkirchen;A8-Ost Richtung Salzburg
12480;57380;Querschnitt96;NMGQ57_Sbg_H;WUD_SW_Q57_Sbg_H;1;807250;47.86479749;11.79927499;96;31.52;;Betriebsstatus1;Streckenstation39;SSTQ57;3;UZ Holzkirchen;A8-Ost Richtung Salzburg
12481;62391;Querschnitt6023;WS_GMAQ57_Sbg_H;WUD_NS_Q57_Sbg_H;3;807250;47.86474052;11.7997351;6023;31.52;;Betriebsstatus1;Streckenstation39;SSTQ57;3;UZ Holzkirchen;A8-Ost Richtung Salzburg
12484;50633;Querschnitt4698;BMSQ59;BMSQ59_Netz;3;807262;47.86549028;11.81894363;4698;33.0;;Betriebsstatus1;Streckenstation40;SSTQ59;6;UZ Holzkirchen;A8-Ost Richtung Salzburg
12487;61702;Querschnitt98;NMGQ59_Sbg_H;WUD_SW_Q59_Sbg_H;1;807262;47.86553242;11.81907044;98;33.0;;Betriebsstatus1;Streckenstation40;SSTQ59;3;UZ Holzkirchen;A8-Ost Richtung Salzburg
12488;55045;Querschnitt5826;WS_GMAQ59_Mch_H;WUD_FBZ_Q59_Mch_H;25;807262;47.86575877;11.81912665;5826;33.0;;Betriebsstatus1;Streckenstation40;SSTQ59;3;UZ Holzkirchen;A8-Ost Richtung M.-Zentrum
12495;59920;Querschnitt5827;WS_GMAQ59_Sbg_H;WUD_FBZ_Q59_Sbg_H;17;807262;47.86553242;11.81907044;5827;33.0;;Betriebsstatus1;Streckenstation40;SSTQ59;3;UZ Holzkirchen;A8-Ost Richtung Salzburg
12508;59931;Querschnitt99;AQQ61_Sbg_H;AQQ61_Sbg_C1;73;807265;47.86490954;11.82497328;99;33.43;;Betriebsstatus1;Streckenstation41;SSTQ61;4;UZ Holzkirchen;A8-Ost Richtung Salzburg
12515;55805;Querschnitt4680;BMSQ61;BMSQ61_Netz;3;807265;47.86489647;11.82451955;4680;33.4;;Betriebsstatus1;Streckenstation41;SSTQ61;6;UZ Holzkirchen;A8-Ost Richtung Salzburg
12518;58338;Querschnitt100;GMAQ61_Sbg_H;WUD_HK_Q61_Sbg_H;93;807265;47.86481872;11.82494292;100;33.43;;Betriebsstatus1;Streckenstation41;SSTQ61;3;UZ Holzkirchen;A8-Ost Richtung Salzburg
12519;55252;Querschnitt101;MQQ61_Sbg_H;DETQ61_Sbg_H3;3;807265;47.86498385;11.82499756;101;33.392;;Betriebsstatus1;Streckenstation41;SSTQ61;1;UZ Holzkirchen;A8-Ost Richtung Salzburg
12522;59557;Querschnitt4699;BMSQ62;BMSQ62_Netz;3;807281;47.85992615;11.84909822;4699;35.37;;Betriebsstatus1;Streckenstation42;SSTQ62;6;UZ Holzkirchen;A8-Ost Richtung Salzburg
12525;50630;Querschnitt5825;NMGQ62_Sbg_H;WUD_SW_Q62_Sbg_H;1;807281;47.85986033;11.84925784;5825;35.375;;Betriebsstatus1;Streckenstation42;SSTQ62;3;UZ Holzkirchen;A8-Ost Richtung Salzburg
12526;53103;Querschnitt5824;WS_GMAQ62_Mch_H;WUD_RS_Q62_Mch_H;29;807281;47.86008761;11.84951469;5824;35.375;;Betriebsstatus1;Streckenstation42;SSTQ62;3;UZ Holzkirchen;A8-Ost Richtung M.-Zentrum
12533;64344;Querschnitt102;WS_GMAQ62_Sbg_H;WUD_WFD_Q62_Sbg_H;82;807281;47.85992644;11.84932508;102;35.375;;Betriebsstatus1;Streckenstation42;SSTQ62;3;UZ Holzkirchen;A8-Ost Richtung Salzburg
12549;61870;Querschnitt103;AQQ63_Sbg_H;AQQ63_Sbg_A2;2;807283;47.85824778;11.85308829;103;35.7;;Betriebsstatus1;Streckenstation43;SSTQ63;4;UZ Holzkirchen;A8-Ost Richtung Salzburg
12556;62633;Querschnitt4679;BMSQ63;BMSQ63_Temp;2;807283;47.85838369;11.85288558;4679;35.67;;Betriebsstatus1;Streckenstation43;SSTQ63;6;UZ Holzkirchen;A8-Ost Richtung Salzburg
12559;52832;Querschnitt104;GMAQ63_Sbg_H;WUD_HK_Q63_Sbg_H;93;807283;47.85820644;11.85302096;104;35.7;;Betriebsstatus1;Streckenstation43;SSTQ63;3;UZ Holzkirchen;A8-Ost Richtung Salzburg
12560;55502;Querschnitt105;MQQ63_Sbg_H;DETQ63_Sbg_H2;2;807283;47.85835109;11.85320449;105;35.671;;Betriebsstatus1;Streckenstation43;SSTQ63;1;UZ Holzkirchen;A8-Ost Richtung Salzburg
12563;60276;Querschnitt106;AQQ65_Sbg_H;AQQ65_Sbg_A2;2;807292;47.85138621;11.86346163;106;36.8;;Betriebsstatus1;Streckenstation44;SSTQ65;4;UZ Holzkirchen;A8-Ost Richtung Salzburg
12570;55100;Querschnitt4678;BMSQ65;BMSQ65_Temp;2;807292;47.85151388;11.86325287;4678;36.77;;Betriebsstatus1;Streckenstation44;SSTQ65;6;UZ Holzkirchen;A8-Ost Richtung Salzburg
12573;56422;Querschnitt107;GMAQ65_Sbg_H;WUD_HK_Q65_Sbg_H;93;807292;47.85134898;11.86338817;107;36.8;;Betriebsstatus1;Streckenstation44;SSTQ65;3;UZ Holzkirchen;A8-Ost Richtung Salzburg
12574;61261;Querschnitt108;MQQ65_Sbg_H;DETQ65_Sbg_H2;2;807292;47.85141934;11.86355964;108;36.77;;Betriebsstatus1;Streckenstation44;SSTQ65;1;UZ Holzkirchen;A8-Ost Richtung Salzburg
12577;52104;Querschnitt110;AQQ67_Sbg_H;AQQ67_Sbg_B1;65;807303;47.83978418;11.87150856;110;38.25;;Betriebsstatus1;Streckenstation45;SSTQ67;4;UZ Holzkirchen;A8-Ost Richtung Salzburg
12584;62108;Querschnitt4677;BMSQ67;BMSQ67_Temp;2;807303;47.83989119;11.87126315;4677;38.22;;Betriebsstatus1;Streckenstation45;SSTQ67;6;UZ Holzkirchen;A8-Ost Richtung Salzburg
12587;51151;Querschnitt111;GMAQ67_Sbg_H;WUD_HK_Q67_Sbg_H;93;807303;47.83974694;11.87141672;111;38.25;;Betriebsstatus1;Streckenstation45;SSTQ67;3;UZ Holzkirchen;A8-Ost Richtung Salzburg
12588;56319;Querschnitt109;MQQ67_Sbg_H;DETQ67_Sbg_H2;2;807303;47.83980901;11.87156979;109;38.211;;Betriebsstatus1;Streckenstation45;SSTQ67;1;UZ Holzkirchen;A8-Ost Richtung Salzburg
12591;59464;Querschnitt4675;BMSQ69;BMSQ69_Temp;2;807310;47.83496461;11.87904601;4675;39.05;;Betriebsstatus1;Streckenstation46;SSTQ69;6;UZ Holzkirchen;A8-Ost Richtung Salzburg
12594;53122;Querschnitt113;MQQ69_Sbg_H;DETQ69_Sbg_H3;3;807310;47.83498133;11.87926047;113;39.05;;Betriebsstatus1;Streckenstation46;SSTQ69;1;UZ Holzkirchen;A8-Ost Richtung Salzburg
12597;58395;Querschnitt6024;NMGQ69_Sbg_H;WUD_SW_Q69_Sbg_H;1;807310;47.83490281;11.87913808;6024;39.05;;Betriebsstatus1;Streckenstation46;SSTQ69;3;UZ Holzkirchen;A8-Ost Richtung Salzburg
12598;63084;Querschnitt5840;WS_GMAQ69_Mch_H;WUD_RS_Q69_Mch_H;29;807310;47.83501872;11.87949938;5840;39.05;;Betriebsstatus1;Streckenstation46;SSTQ69;3;UZ Holzkirchen;A8-Ost Richtung M.-Zentrum
12605;57719;Querschnitt112;WS_GMAQ69_Sbg_H;WUD_GT_Q69_Sbg_H;18;807310;47.83496018;11.87919256;112;39.05;;Betriebsstatus1;Streckenstation46;SSTQ69;3;UZ Holzkirchen;A8-Ost Richtung Salzburg
12618;53653;Querschnitt116;AQQ73_Sbg_H;AQQ73_Sbg_B1;65;807316;47.82998523;11.88824305;116;39.897;;Betriebsstatus1;Streckenstation47;SSTQ73;4;UZ Holzkirchen;A8-Ost Richtung Salzburg
12625;53532;Querschnitt4674;BMSQ73;BMSQ73_Tuer;1;807316;47.8301088;11.88802218;4674;39.87;;Betriebsstatus1;Streckenstation47;SSTQ73;6;UZ Holzkirchen;A8-Ost Richtung Salzburg
12628;62824;Querschnitt115;GMAQ73_Sbg_H;WUD_HK_Q73_Sbg_H;93;807316;47.83003052;11.88813877;115;39.9;;Betriebsstatus1;Streckenstation47;SSTQ73;3;UZ Holzkirchen;A8-Ost Richtung Salzburg
12629;62218;Querschnitt114;MQQ73_Sbg_H;DETQ73_Sbg_H3;3;807316;47.83003889;11.88833;114;39.868;81369019;Betriebsstatus1;Streckenstation47;SSTQ73;1;UZ Holzkirchen;A8-Ost Richtung Salzburg
12632;56937;Querschnitt4700;BMSQ75;BMSQ75_Tuer;1;807327;47.83009869;11.90430982;4700;41.225;;Betriebsstatus1;Streckenstation48;SSTQ75;6;UZ Holzkirchen;A8-Ost Richtung Salzburg
12635;52373;Querschnitt5823;WS_GMAQ75_Mch_H;WUD_FBT_Q75_Mch_H;28;807327;47.8303838;11.90480566;5823;41.227;;Betriebsstatus1;Streckenstation48;SSTQ75;3;UZ Holzkirchen;A8-Ost Richtung M.-Zentrum
12642;59333;Querschnitt117;WS_GMAQ75_Sbg_H;WUD_NI_Q75_Sbg_H;2;807327;47.83018554;11.90456091;117;41.227;;Betriebsstatus1;Streckenstation48;SSTQ75;3;UZ Holzkirchen;A8-Ost Richtung Salzburg
12655;61706;Querschnitt118;AQQ77_Sbg_H;AQQ77_Sbg_A1;1;807331;47.82995545;11.91095871;118;41.714;;Betriebsstatus1;Streckenstation49;SSTQ77;4;UZ Holzkirchen;A8-Ost Richtung Salzburg
12662;54389;Querschnitt4672;BMSQ77;BMSQ77_Netz;3;807331;47.83001716;11.91071962;4672;41.68;;Betriebsstatus1;Streckenstation49;SSTQ77;6;UZ Holzkirchen;A8-Ost Richtung Salzburg
12665;61628;Querschnitt119;GMAQ77_Sbg_H;WUD_HK_Q77_Sbg_H;93;807331;47.82997599;11.91084838;119;41.7;;Betriebsstatus1;Streckenstation49;SSTQ77;3;UZ Holzkirchen;A8-Ost Richtung Salzburg
12666;61282;Querschnitt120;MQQ77_Sbg_H;DETQ77_Sbg_H2;2;807331;47.83005865;11.91101982;120;41.714;;Betriebsstatus1;Streckenstation49;SSTQ77;1;UZ Holzkirchen;A8-Ost Richtung Salzburg
12669;54933;Querschnitt121;AQQ79_Sbg_H;AQQ79_Sbg_B1;65;807339;47.82427367;11.92254856;121;42.798;;Betriebsstatus1;Streckenstation50;SSTQ79;4;UZ Holzkirchen;A8-Ost Richtung Salzburg
12676;56482;Querschnitt4671;BMSQ79;BMSQ79_Netz;3;807339;47.82442196;11.92215621;4671;42.77;;Betriebsstatus1;Streckenstation50;SSTQ79;6;UZ Holzkirchen;A8-Ost Richtung Salzburg
12679;55449;Querschnitt6025;GMAQ79_Sbg_H;WUD_HK_Q79_Sbg_H;93;807339;47.8242241;11.92246285;6025;42.8;;Betriebsstatus1;Streckenstation50;SSTQ79;3;UZ Holzkirchen;A8-Ost Richtung Salzburg
12680;57734;Querschnitt123;MQQ79_Sbg_H;DETQ79_Sbg_H2;2;807339;47.82430677;11.92267105;123;42.798;;Betriebsstatus1;Streckenstation50;SSTQ79;1;UZ Holzkirchen;A8-Ost Richtung Salzburg
12683;52325;Querschnitt122;NMGQ79_Sbg_H;WUD_SW_Q79_Sbg_H;1;807339;47.82433539;11.92229113;122;42.77;;Betriebsstatus1;Streckenstation50;SSTQ79;3;UZ Holzkirchen;A8-Ost Richtung Salzburg
12684;60990;Querschnitt4670;BMSQ81;BMSQ81_Netz;3;807346;47.82195258;11.93231814;4670;43.6;;Betriebsstatus1;Streckenstation51;SSTQ81;6;UZ Holzkirchen;A8-Ost Richtung Salzburg
12687;62161;Querschnitt124;MQQ81_Sbg_H;DETQ81_Sbg_H1;1;807346;47.82204337;11.93233026;124;43.584;;Betriebsstatus1;Streckenstation51;SSTQ81;1;UZ Holzkirchen;A8-Ost Richtung Salzburg
12690;53546;Querschnitt127;AQQ83_Sbg_H;AQQ83_Sbg_B1;65;807351;47.82518377;11.94042637;127;44.3;;Betriebsstatus1;Streckenstation52;SSTQ83;4;UZ Holzkirchen;A8-Ost Richtung Salzburg
12697;58854;Querschnitt4669;BMSQ83;BMSQ83_Tuer;1;807351;47.82500204;11.94009572;4669;44.27;;Betriebsstatus1;Streckenstation52;SSTQ83;6;UZ Holzkirchen;A8-Ost Richtung Salzburg
12700;54719;Querschnitt4668;MQQ83_Sbg_H;DETQ83_Sbg_H1;1;807351;47.82524562;11.94033439;4668;44.3;;Betriebsstatus1;Streckenstation52;SSTQ83;1;UZ Holzkirchen;A8-Ost Richtung Salzburg
12703;54613;Querschnitt126;NMGQ83_Sbg_H;WUD_SW_Q83_Sbg_H;1;807351;47.82503923;11.94017533;126;44.3;;Betriebsstatus1;Streckenstation52;SSTQ83;3;UZ Holzkirchen;A8-Ost Richtung Salzburg
12704;54042;Querschnitt5822;WS_GMAQ83_Mch_H;WUD_TT1_Q83_Mch_H;30;807351;47.82552632;11.94057304;5822;44.3;;Betriebsstatus1;Streckenstation52;SSTQ83;3;UZ Holzkirchen;A8-Ost Richtung M.-Zentrum
12711;50895;Querschnitt5821;WS_GMAQ83_Sbg_H;WUD_ZRG_Q83_Sbg_H;19;807351;47.82541496;11.94066508;5821;44.3;;Betriebsstatus1;Streckenstation52;SSTQ83;3;UZ Holzkirchen;A8-Ost Richtung Salzburg
12726;62554;Querschnitt4701;BMSQ85;BMSQ85_Temp;2;807359;47.82663343;11.95225668;4701;45.2;;Betriebsstatus1;Streckenstation53;SSTQ85;6;UZ Holzkirchen;A8-Ost Richtung Salzburg
12729;51804;Querschnitt128;MQQ85_Sbg_H;DETQ85_Sbg_H3;3;807359;47.82670007;11.95230007;128;45.256;;Betriebsstatus1;Streckenstation53;SSTQ85;1;UZ Holzkirchen;A8-Ost Richtung Salzburg
12732;52756;Querschnitt129;AQQ87_Sbg_H;AQQ87_Sbg_A3;3;807366;47.82386473;11.96377802;129;46.207;;Betriebsstatus1;Streckenstation54;SSTQ87;4;UZ Holzkirchen;A8-Ost Richtung Salzburg
12739;59853;Querschnitt4702;BMSQ87;BMSQ87_Netz;3;807366;47.82400489;11.96336129;4702;46.17;;Betriebsstatus1;Streckenstation54;SSTQ87;6;UZ Holzkirchen;A8-Ost Richtung Salzburg
12742;52291;Querschnitt6026;GMAQ87_Sbg_H;WUD_HK_Q87_Sbg_H;93;807366;47.82382757;11.96371677;6026;46.2;;Betriebsstatus1;Streckenstation54;SSTQ87;3;UZ Holzkirchen;A8-Ost Richtung Salzburg
12743;63129;Querschnitt131;MQQ87_Sbg_H;DETQ87_Sbg_H2;2;807366;47.82389776;11.96383314;131;46.174;;Betriebsstatus1;Streckenstation54;SSTQ87;1;UZ Holzkirchen;A8-Ost Richtung Salzburg
12746;53979;Querschnitt130;NMGQ87_Sbg_H;WUD_SW_Q87_Sbg_H;1;807366;47.82395954;11.96346548;130;46.2;;Betriebsstatus1;Streckenstation54;SSTQ87;3;UZ Holzkirchen;A8-Ost Richtung Salzburg
12747;54398;Querschnitt4703;BMSQ89;BMSQ89_Tuer;1;807373;47.82156492;11.97372334;4703;47.02;;Betriebsstatus1;Streckenstation55;SSTQ89;6;UZ Holzkirchen;A8-Ost Richtung Salzburg
12750;55355;Querschnitt5820;WS_GMAQ89_Mch_H;WUD_GT_Q89_Mch_H;26;807373;47.82183317;11.97390702;5820;47.02;;Betriebsstatus1;Streckenstation55;SSTQ89;3;UZ Holzkirchen;A8-Ost Richtung M.-Zentrum
12757;59547;Querschnitt132;WS_GMAQ89_Sbg_H;WUD_RLF_Q89_Sbg_H;11;807373;47.82155671;11.97388878;132;47.02;;Betriebsstatus1;Streckenstation55;SSTQ89;3;UZ Holzkirchen;A8-Ost Richtung Salzburg
12770;54703;Querschnitt133;AQQ91_Sbg_H;AQQ91_Sbg_B2;66;807384;47.82163773;11.99257542;133;48.404;;Betriebsstatus1;Streckenstation56;SSTQ91;4;UZ Holzkirchen;A8-Ost Richtung Salzburg
12777;59192;Querschnitt4704;BMSQ91;BMSQ91_Netz;3;807384;47.82165833;11.99208527;4704;48.37;;Betriebsstatus1;Streckenstation56;SSTQ91;6;UZ Holzkirchen;A8-Ost Richtung Salzburg
12780;61009;Querschnitt135;MQQ91_Sbg_H;DETQ91_Sbg_H3;3;807384;47.82171613;11.99261216;135;48.374;;Betriebsstatus1;Streckenstation56;SSTQ91;1;UZ Holzkirchen;A8-Ost Richtung Salzburg
12783;61432;Querschnitt134;NMGQ91_Sbg_H;WUD_SW_Q91_Sbg_H;1;807384;47.82164596;11.99223232;134;48.4;;Betriebsstatus1;Streckenstation56;SSTQ91;3;UZ Holzkirchen;A8-Ost Richtung Salzburg
12784;53703;Querschnitt6027;WS_GMAQ91_Sbg_H;WUD_NS_Q91_Sbg_H;3;807384;47.82162122;11.99245901;6027;48.4;;Betriebsstatus1;Streckenstation56;SSTQ91;3;UZ Holzkirchen;A8-Ost Richtung Salzburg
12787;55599;Querschnitt4705;BMSQ93;BMSQ93_Netz;3;817397;;;4705;49.967;;Betriebsstatus1;Streckenstation114;SSTQ93;6;UZ Holzkirchen;A8-Ost Richtung M.-Zentrum
12790;61187;Querschnitt323;MQQ93_Mch_A;DETQ93_Mch_A2;98;817397;47.82080001;12.01319997;323;49.953;;Betriebsstatus1;Streckenstation114;SSTQ93;1;UZ Holzkirchen;A8-Ost Richtung M.-Zentrum
12792;52346;Querschnitt324;MQQ93_Mch_E;DETQ93_Mch_E1;161;817397;47.82090001;12.01249997;324;49.953;;Betriebsstatus1;Streckenstation114;SSTQ93;1;UZ Holzkirchen;A8-Ost Richtung M.-Zentrum
12793;62309;Querschnitt325;MQQ93_Mch_H;DETQ93_Mch_H3;35;817397;47.82060008;12.01320005;325;49.953;81389020;Betriebsstatus1;Streckenstation114;SSTQ93;1;UZ Holzkirchen;A8-Ost Richtung M.-Zentrum
12796;60032;Querschnitt326;MQQ93_Sbg_A;DETQ93_Sbg_A1;65;817397;47.82020008;12.01279999;326;49.953;;Betriebsstatus1;Streckenstation114;SSTQ93;1;UZ Holzkirchen;A8-Ost Richtung Salzburg
12797;58347;Querschnitt327;MQQ93_Sbg_E;DETQ93_Sbg_E1;129;817397;47.82020008;12.0135;327;49.953;;Betriebsstatus1;Streckenstation114;SSTQ93;1;UZ Holzkirchen;A8-Ost Richtung Salzburg
12798;52094;Querschnitt328;MQQ93_Sbg_H;DETQ93_Sbg_H1;1;817397;47.82040007;12.01309997;328;49.953;81389020;Betriebsstatus1;Streckenstation114;SSTQ93;1;UZ Holzkirchen;A8-Ost Richtung Salzburg
12801;53319;Querschnitt5919;Virtuell_A8-Ost_Mch_Muenchen-S_FG4;Virtuell_A8-Ost_Mch_Muenchen-S_FG4_DE193;193;850100;47.99960915;11.6751952;5919;12.68;;Betriebsstatus1;Streckenstation1239;Virtuell A8O Mch München-S;4;UZ Holzkirchen;A8-Ost Richtung M.-Zentrum
12802;57249;Querschnitt5920;Virtuell_A8-Ost_SGM_Keep_Alive_FG4;Virtuell_A8-Ost_SGM_Keep_Alive_FG4_DE222;222;850000;47.99960915;11.6751952;5920;12.68;;Betriebsstatus1;Streckenstation1290;Virtuell A8O SGM Keep Alive;4;UZ Holzkirchen;A8-Ost Richtung M.-Zentrum
12803;52162;Querschnitt5343;Querschnitt5343;Geraet19367;6;30041;;;5343;0.0;;Betriebsstatus1;Streckenstation1456;SST_LHM_3004.1;4;UZ LHM;B2R Richtung Uhrzeigersinn
12811;56137;Querschnitt5346;Querschnitt5346;Geraet19372;35;30051;;;5346;0.0;;Betriebsstatus1;Streckenstation1455;SST_LHM_3005.1;4;UZ LHM;B13-Nord Richtung Süd
12814;56021;Querschnitt5338;Querschnitt5338;Geraet19074;1;30232;;;5338;0.0010;;Betriebsstatus1;Streckenstation1439;SST_LHM_3023.2;4;UZ LHM;B304-West Richtung Ost
12818;61532;Querschnitt5339;Querschnitt5339;Geraet19079;2;30323;;;5339;0.0020;;Betriebsstatus1;Streckenstation1440;SST_LHM_3023.3;4;UZ LHM;B304-West Richtung Ost
12820;51273;Querschnitt5340;Querschnitt5340;Geraet19320;1;30241;;;5340;0.0010;;Betriebsstatus1;Streckenstation1441;SST_LHM_3024.1;4;UZ LHM;B304-West Richtung West
12822;56592;Querschnitt5341;Querschnitt5341;Geraet19323;2;30242;;;5341;0.0020;;Betriebsstatus1;Streckenstation1442;SST_LHM_3024.2;4;UZ LHM;B304-West Richtung West
12824;59403;Querschnitt5342;Querschnitt5342;Geraet19325;2;30243;;;5342;0.0030;;Betriebsstatus1;Streckenstation1443;SST_LHM_3024.3;4;UZ LHM;B304-West Richtung West
12826;61691;Querschnitt5347;Querschnitt5347;Geraet19330;4;30251;;;5347;0.0;;Betriebsstatus1;Streckenstation1444;SST_LHM_3025.1;4;UZ LHM;B13-Nord Richtung Nord
12832;62520;Querschnitt5349;Querschnitt5349;Geraet19333;1;30253;;;5349;0.0020;;Betriebsstatus1;Streckenstation1446;SST_LHM_3025.3;4;UZ LHM;B13-Nord Richtung Nord
12833;53314;Querschnitt5348;Querschnitt5348;Geraet19335;2;30254;;;5348;0.0010;;Betriebsstatus1;Streckenstation1445;SST_LHM_3025.4;4;UZ LHM;B13-Nord Richtung Nord
12835;61326;Querschnitt5350;Querschnitt5350;Geraet19338;35;30261;;;5350;0.0;;Betriebsstatus1;Streckenstation1447;SST_LHM_3026.1;4;UZ LHM;St2088_(Föhringer Ring) Richtung West
12839;59609;Querschnitt5351;Querschnitt5351;Geraet19343;36;30263;;;5351;0.0010;;Betriebsstatus1;Streckenstation1448;SST_LHM_3026.3;4;UZ LHM;St2088_(Föhringer Ring) Richtung West
12843;61067;Querschnitt5352;Querschnitt5352;Geraet19345;34;30271;;;5352;0.0;;Betriebsstatus1;Streckenstation1449;SST_LHM_3027.1;4;UZ LHM;St2088_(Föhringer Ring) Richtung West
12847;62320;Querschnitt5353;Querschnitt5353;Geraet19348;33;30272;;;5353;0.0010;;Betriebsstatus1;Streckenstation1450;SST_LHM_3027.2;4;UZ LHM;St2088_(Föhringer Ring) Richtung West
12849;55643;Querschnitt5354;Querschnitt5354;Geraet19351;33;30281;;;5354;0.0;;Betriebsstatus1;Streckenstation1451;SST_LHM_3028.1;4;UZ LHM;B2R Richtung gegen Uhrzeigersinn
12851;51798;Querschnitt5359;Querschnitt5359;Geraet19353;36;30281;;;5359;0.0;;Betriebsstatus1;Streckenstation1451;SST_LHM_3028.1;4;UZ LHM;B2R Richtung gegen Uhrzeigersinn
12853;51108;Querschnitt5355;Querschnitt5355;Geraet19355;34;30282;;;5355;0.0010;;Betriebsstatus1;Streckenstation1452;SST_LHM_3028.2;4;UZ LHM;B2R Richtung gegen Uhrzeigersinn
12857;51238;Querschnitt5356;Querschnitt5356;Geraet19361;36;30283;48.1748161316;11.5949802399;5356;0.0020;;Betriebsstatus1;Streckenstation1453;SST_LHM_3028.3;4;UZ LHM;B2R Richtung gegen Uhrzeigersinn
12861;55139;Querschnitt5357;Querschnitt5357;Geraet19363;34;30284;;;5357;0.0030;;Betriebsstatus1;Streckenstation1454;SST_LHM_3028.4;4;UZ LHM;B2R Richtung gegen Uhrzeigersinn
12863;65641;Querschnitt7165;AQ_3_AK44_0297_AM;WZG_3_AK44_0297_AM_gesperrt1;163;9316715;48.99601426;12.05999376;;0.297;;Betriebsstatus1;Streckenstation2096;SST_3_AK44_0267_AM;4;UZ Regensburg;A93-Nord Richtung M.-Zentrum
12865;64995;Querschnitt7166;BMS_3_AK44_0267_AM;BMS_3_AK44_0267_AM_Temp;34;9316715;;;;199.8;;Betriebsstatus1;Streckenstation2096;SST_3_AK44_0267_AM;6;UZ Regensburg;A93-Nord Richtung M.-Zentrum
12870;65101;Querschnitt7167;GMA_3_AK44_0297_AM;WUD_3_AK44_0297_AM_HK;33;9316715;48.99601426;12.05999376;;0.297;;Betriebsstatus1;Streckenstation2096;SST_3_AK44_0267_AM;3;UZ Regensburg;A93-Nord Richtung M.-Zentrum
12871;62840;Querschnitt5032;AQ_93_186650_Mch;AQ_93_186650_Mch_A2;34;9316246;49.1012188;12.09373097;5032;186.65;;Betriebsstatus1;Streckenstation1368;SST_93_186650_Mch;4;UZ Regensburg;A93-Nord Richtung M.-Zentrum
12877;58069;Querschnitt5031;BMS_93_186650_Mch;BMS_93_186650_Mch_Tuer;1;9316246;49.10148423;12.09386733;5031;186.65;;Betriebsstatus1;Streckenstation1368;SST_93_186650_Mch;6;UZ Regensburg;A93-Nord Richtung M.-Zentrum
12880;52061;Querschnitt5035;GMA_93_186650_Mch_HK;WUD_HK_93_186650_Mch;33;9316246;49.10127894;12.09375636;5035;186.65;;Betriebsstatus1;Streckenstation1368;SST_93_186650_Mch;3;UZ Regensburg;A93-Nord Richtung M.-Zentrum
12881;60726;Querschnitt5033;MQ_93_186650_Mch;DET_93_186650_Mch_H2;34;9316246;49.10120524;12.09385278;5033;186.65;;Betriebsstatus1;Streckenstation1368;SST_93_186650_Mch;1;UZ Regensburg;A93-Nord Richtung M.-Zentrum
12883;58506;Querschnitt5037;AQ_93_188090_Mch;AQ_93_188090_Mch_A1;33;9316297;49.08885646;12.09695007;5037;188.09;;Betriebsstatus1;Streckenstation1369;SST_93_188090_Mch;4;UZ Regensburg;A93-Nord Richtung M.-Zentrum
12889;55999;Querschnitt5036;BMS_93_188090_Mch;BMS_93_188090_Mch_Tuer;1;9316297;49.08898516;12.09685872;5036;188.09;;Betriebsstatus1;Streckenstation1369;SST_93_188090_Mch;6;UZ Regensburg;A93-Nord Richtung M.-Zentrum
12892;63315;Querschnitt5039;GMA_93_188090_Mch_HK;WUD_HK_93_188090_Mch;33;9316297;49.08889589;12.0969312;5039;188.09;;Betriebsstatus1;Streckenstation1369;SST_93_188090_Mch;3;UZ Regensburg;A93-Nord Richtung M.-Zentrum
12893;61147;Querschnitt5038;MQ_93_188090_Mch;DET_93_188090_Mch_H2;34;9316297;49.08886889;12.09705;5038;188.09;;Betriebsstatus1;Streckenstation1369;SST_93_188090_Mch;1;UZ Regensburg;A93-Nord Richtung M.-Zentrum
12895;60107;Querschnitt5040;AQ_93_190130_Mch;AQ_93_190130_Mch_B1;97;9316370;49.07184717;12.09543876;5040;190.13;;Betriebsstatus1;Streckenstation1370;SST_93_190130_Mch;4;UZ Regensburg;A93-Nord Richtung M.-Zentrum
12901;62073;Querschnitt5042;BMS_93_190130_Mch;BMS_93_190130_Mch_Tuer;1;9316370;49.07200266;12.0955559;5042;190.13;;Betriebsstatus1;Streckenstation1370;SST_93_190130_Mch;6;UZ Regensburg;A93-Nord Richtung M.-Zentrum
12904;51362;Querschnitt5043;GMA_93_190130_Mch_HK;WUD_HK_93_190130_Mch;33;9316370;49.07188448;12.09547042;5043;190.13;;Betriebsstatus1;Streckenstation1370;SST_93_190130_Mch;3;UZ Regensburg;A93-Nord Richtung M.-Zentrum
12905;55903;Querschnitt5041;MQ_93_190130_Mch;DET_93_190130_Mch_H1;33;9316370;49.07182235;12.09550877;5041;190.13;;Betriebsstatus1;Streckenstation1370;SST_93_190130_Mch;1;UZ Regensburg;A93-Nord Richtung M.-Zentrum
12907;51307;Querschnitt5045;AQ_93_191950_Mch;AQ_93_191950_Mch_A1;33;9316435;49.05607148;12.092573;5045;191.95;;Betriebsstatus1;Streckenstation1371;SST_93_191950_Mch;4;UZ Regensburg;A93-Nord Richtung M.-Zentrum
12913;52016;Querschnitt5047;BMS_93_191950_Mch;Geraet18082;2;9316435;49.05621669;12.09258274;5047;191.95;;Betriebsstatus1;Streckenstation1371;SST_93_191950_Mch;6;UZ Regensburg;A93-Nord Richtung M.-Zentrum
12916;62677;Querschnitt5046;GMA_93_191950_Mch_HK;WUD_HK_93_191950_Mch;33;9316435;49.05611296;12.09258255;5046;191.95;;Betriebsstatus1;Streckenstation1371;SST_93_191950_Mch;3;UZ Regensburg;A93-Nord Richtung M.-Zentrum
12917;58613;Querschnitt5044;MQ_93_191950_Mch;DET_93_191950_Mch_H1;33;9316435;49.05609835;12.09269143;5044;191.95;;Betriebsstatus1;Streckenstation1371;SST_93_191950_Mch;1;UZ Regensburg;A93-Nord Richtung M.-Zentrum
12919;65034;Querschnitt7075;AQ_93_192450_Mch;WZG_93_192450_Mch_Bl2;162;9316453;49.05155;12.09181;;192.45;;Betriebsstatus1;Streckenstation2081;SST_93_192450_Mch;4;UZ Regensburg;A93-Nord Richtung M.-Zentrum
12923;65592;Querschnitt7076;BMS_93_192450_Mch;BMS_93_192450_Mch_Netz;35;9316453;49.0516;12.09174;;192.45;;Betriebsstatus1;Streckenstation2081;SST_93_192450_Mch;6;UZ Regensburg;A93-Nord Richtung M.-Zentrum
12926;65460;Querschnitt7077;GMA_93_192450_Mch;WUD_93_192450_Mch_HK;33;9316453;49.05155;12.09181;;192.45;;Betriebsstatus1;Streckenstation2081;SST_93_192450_Mch;3;UZ Regensburg;A93-Nord Richtung M.-Zentrum
12927;61070;Querschnitt5049;AQ_93_193085_Mch;AQ_93_193085_Mch_C1;105;9316475;49.04618481;12.09475047;5049;193.085;;Betriebsstatus1;Streckenstation1372;SST_93_193085_Mch;4;UZ Regensburg;A93-Nord Richtung M.-Zentrum
12933;61135;Querschnitt5051;BMS_93_193085_Mch;BMS_93_193085_Mch_Tuer;1;9316475;49.04645898;12.09435018;5051;193.085;;Betriebsstatus1;Streckenstation1372;SST_93_193085_Mch;6;UZ Regensburg;A93-Nord Richtung M.-Zentrum
12936;54424;Querschnitt5050;GMA_93_193085_Mch_HK;WUD_HK_93_193085_Mch;33;9316475;49.04622011;12.09470952;5050;193.085;;Betriebsstatus1;Streckenstation1372;SST_93_193085_Mch;3;UZ Regensburg;A93-Nord Richtung M.-Zentrum
12937;61058;Querschnitt5048;MQ_93_193085_Mch;DET_93_193085_Mch_H1;33;9316475;49.0462138;12.09482312;5048;193.085;;Betriebsstatus1;Streckenstation1372;SST_93_193085_Mch;1;UZ Regensburg;A93-Nord Richtung M.-Zentrum
12939;64887;Querschnitt7079;AQ_93_193470_Mch;WZG_93_193470_Mch_C1;105;9316489;49.04297394;12.09594947;;193.47;;Betriebsstatus1;Streckenstation2082;SST_93_193462_Mch;4;UZ Regensburg;A93-Nord Richtung M.-Zentrum
12943;64997;Querschnitt7080;AQ_B16_AS38_0010_FG;WZG_B16_AS38_0010_FG_Bl1;161;9316489;49.04309;12.09417;;0.01;;Betriebsstatus1;Streckenstation2082;SST_93_193462_Mch;4;UZ Regensburg;A93-Nord Richtung M.-Zentrum
12945;65279;Querschnitt7084;AQ_B16_AS38_0050_GK;WUD_B16_AS38_0050_GK_HK;41;9316489;49.04270162;12.09546186;;0.05;;Betriebsstatus1;Streckenstation2082;SST_93_193462_Mch;3;UZ Regensburg;A93-Nord Richtung M.-Zentrum
12946;64931;Querschnitt7110;AQ_B16_AS38_0050_GK;WZG_B16_AS38_0050_GK_gesperrt1;164;9316489;49.04270162;12.09546186;;0.05;;Betriebsstatus1;Streckenstation2082;SST_93_193462_Mch;4;UZ Regensburg;A93-Nord Richtung M.-Zentrum
12948;64909;Querschnitt7081;BMS_93_193462_Mch;BMS_93_193462_Mch_ReduFG4;37;9316489;49.04308;12.09592;;193.462;;Betriebsstatus1;Streckenstation2082;SST_93_193462_Mch;6;UZ Regensburg;A93-Nord Richtung M.-Zentrum
12953;64983;Querschnitt7082;GMA_93_193462_Mch;WUD_93_193462_Mch_TT3;56;9316489;49.04317;12.09594;;193.462;;Betriebsstatus1;Streckenstation2082;SST_93_193462_Mch;3;UZ Regensburg;A93-Nord Richtung M.-Zentrum
12967;65223;Querschnitt7085;GMA_93_193470_Mch;WUD_93_193470_Mch_HK;40;9316489;49.04296495;12.0960441;;193.47;;Betriebsstatus1;Streckenstation2082;SST_93_193462_Mch;3;UZ Regensburg;A93-Nord Richtung M.-Zentrum
12968;65274;Querschnitt7083;GMA_B16_AS38_0010_FG;WUD_B16_AS38_0010_FG_HK;33;9316489;49.04309;12.09417;;0.01;;Betriebsstatus1;Streckenstation2082;SST_93_193462_Mch;3;UZ Regensburg;A93-Nord Richtung M.-Zentrum
12969;65143;Querschnitt7078;MQ_93_193470_Mch;DET_93_193470_Mch_H2;34;9316489;49.04296495;12.0960441;;193.47;;Betriebsstatus1;Streckenstation2082;SST_93_193462_Mch;1;UZ Regensburg;A93-Nord Richtung M.-Zentrum
12971;65272;Querschnitt7086;AQ_93_193918_Mch;WZG_93_193918_Mch_A3;35;9316505;49.03948392;12.09340858;;193.918;;Betriebsstatus1;Streckenstation2083;SST_93_193918_Mch;4;UZ Regensburg;A93-Nord Richtung M.-Zentrum
12984;65396;Querschnitt7087;BMS_93_193918_Mch;BMS_93_193918_Mch_Tuer;33;9316505;49.03953;12.09341;;193.918;;Betriebsstatus1;Streckenstation2083;SST_93_193918_Mch;6;UZ Regensburg;A93-Nord Richtung M.-Zentrum
12989;65023;Querschnitt7089;GMA_93_193918_Mch;WUD_93_193918_Mch_HK;33;9316505;49.03948392;12.09340858;;193.918;;Betriebsstatus1;Streckenstation2083;SST_93_193918_Mch;3;UZ Regensburg;A93-Nord Richtung M.-Zentrum
12990;65494;Querschnitt7088;MQ_93_193918_Mch;DET_93_193918_Mch_H2;34;9316505;49.03941272;12.09350761;;193.918;;Betriebsstatus1;Streckenstation2083;SST_93_193918_Mch;1;UZ Regensburg;A93-Nord Richtung M.-Zentrum
12992;65099;Querschnitt7111;MQ_93_193918_Mch_E;DET_93_193918_Mch_H1;33;9316505;49.03947;12.09348;;193.918;;Betriebsstatus1;Streckenstation2083;SST_93_193918_Mch;1;UZ Regensburg;A93-Nord Richtung M.-Zentrum
12993;65041;Querschnitt7091;AQ_93_194040_Mch;WZG_93_194040_Mch_A3;35;9316508;49.03885346;12.09223062;;194.04;;Betriebsstatus1;Streckenstation2084;SST_93_194000_Mch;4;UZ Regensburg;A93-Nord Richtung M.-Zentrum
13006;64818;Querschnitt7092;BMS_93_194000_Mch;BMS_93_194000_Mch_Netz;35;9316508;49.03909;12.09264;;194.0;;Betriebsstatus1;Streckenstation2084;SST_93_194000_Mch;6;UZ Regensburg;A93-Nord Richtung M.-Zentrum
13011;65609;Querschnitt7112;GMA_93_194040_Mch;WUD_93_194040_Mch_HK;33;9316508;49.03877337;12.09229802;;194.04;;Betriebsstatus1;Streckenstation2084;SST_93_194000_Mch;3;UZ Regensburg;A93-Nord Richtung M.-Zentrum
13012;65370;Querschnitt7090;MQ_93_194040_Mch;DET_93_194040_Mch_H1;33;9316508;49.03877338;12.09229803;;194.04;;Betriebsstatus1;Streckenstation2084;SST_93_194000_Mch;1;UZ Regensburg;A93-Nord Richtung M.-Zentrum
13015;64868;Querschnitt7115;AQ_93_194050_Hof;WZG_93_194050_Hof_B2;66;9306525;49.03854809;12.09234726;;194.05;;Betriebsstatus1;Streckenstation2088;SST_93_194080_Hof;4;UZ Regensburg;A93-Nord Richtung Hof
13025;65566;Querschnitt7117;BMS_93_194080_Hof;BMS_93_194080_Hof_Tuer;1;9306525;49.03842;12.09214;;194.48;;Betriebsstatus1;Streckenstation2088;SST_93_194080_Hof;6;UZ Regensburg;A93-Nord Richtung Hof
13028;65292;Querschnitt7116;DLZ_93_194050_Hof;DLZ_93_194050_Hof_DLZ1_GV;33;9306525;49.03852;12.09216;;194.05;;Betriebsstatus1;Streckenstation2088;SST_93_194080_Hof;4;UZ Regensburg;A93-Nord Richtung Hof
13030;64791;Querschnitt7118;GMA_93_194050_Hof;WUD_93_194050_Hof_HK;1;9306525;49.03854809;12.09234726;;194.05;;Betriebsstatus1;Streckenstation2088;SST_93_194080_Hof;3;UZ Regensburg;A93-Nord Richtung Hof
13031;64984;Querschnitt7119;GMA_93_194050_Hof_GV;WUD_93_194050_Hof_HK_GV;2;9306525;49.03854810;12.09234727;;194.05;;Betriebsstatus1;Streckenstation2088;SST_93_194080_Hof;3;UZ Regensburg;A93-Nord Richtung Hof
13032;65236;Querschnitt7113;MQ_93_194060_Hof;DET_93_194060_Hof_H2;2;9306525;49.03859851;12.09227063;;194.06;;Betriebsstatus1;Streckenstation2088;SST_93_194080_Hof;1;UZ Regensburg;A93-Nord Richtung Hof
13034;64685;Querschnitt7114;MQ_93_194060_Hof_A;DET_93_194060_Hof_H3;65;9306525;49.03852;12.0921;;194.06;;Betriebsstatus1;Streckenstation2088;SST_93_194080_Hof;1;UZ Regensburg;A93-Nord Richtung Hof
13035;58389;Querschnitt6033;BMS_93_194145_Mch;BMS_93_194145_Mch_Tuer;33;9316514;49.03835119;12.09074218;6033;194.145;;Betriebsstatus1;Streckenstation1628;SST_93_194145_Mch;6;UZ Regensburg;A93-Nord Richtung M.-Zentrum
13036;61213;Querschnitt6032;MQ_93_194150_Mch;DET_93_194150_Mch_H2;34;9316514;49.03824889;12.09079001;6032;194.15;;Betriebsstatus1;Streckenstation1628;SST_93_194145_Mch;1;UZ Regensburg;A93-Nord Richtung M.-Zentrum
13038;65006;Querschnitt7093;AQ_93_194180_Mch;AQ_93_194180_Mch_LSA2;162;9316515;49.03811969;12.09046616;;194.18;;Betriebsstatus1;Streckenstation2085;SST_93_194150_Mch;4;UZ Regensburg;A93-Nord Richtung M.-Zentrum
13041;65201;Querschnitt7096;BMS_93_194150_Mch;BMS_93_194188_Mch_QuitHS1;38;9316515;49.03835;12.09072;;194.15;;Betriebsstatus1;Streckenstation2085;SST_93_194150_Mch;6;UZ Regensburg;A93-Nord Richtung M.-Zentrum
13048;65499;Querschnitt7097;GMA_93_194180_Mch;WUD_93_194180_Mch_HK;33;9316515;49.03811969;12.09046616;;194.18;;Betriebsstatus1;Streckenstation2085;SST_93_194150_Mch;3;UZ Regensburg;A93-Nord Richtung M.-Zentrum
13049;65388;Querschnitt7094;HS_93_194188_Mch;HS_93_194188_Mch_HS1;167;9316515;49.03807;12.09052;;194.188;;Betriebsstatus1;Streckenstation2085;SST_93_194150_Mch;4;UZ Regensburg;A93-Nord Richtung M.-Zentrum
13050;65019;Querschnitt7095;HS_93_194203_Mch;HS_93_194203_Mch_HS1;168;9316515;49.03813;12.09023;;194.203;;Betriebsstatus1;Streckenstation2085;SST_93_194150_Mch;4;UZ Regensburg;A93-Nord Richtung M.-Zentrum
13051;65145;Querschnitt7100;AQ_93_194600_Mch;WZG_93_194600_Mch_DLZ1_GV;3;9316524;49.03496956;12.08539276;;194.6;;Betriebsstatus1;Streckenstation2086;SST_93_194450_Mch_1;4;UZ Regensburg;A93-Nord Richtung M.-Zentrum
13059;65162;Querschnitt7103;BMS_93_194450_Mch_1;BMS_93_194450_Mch_1_Tuer;33;9316524;49.03674;12.08703;;194.45;;Betriebsstatus1;Streckenstation2086;SST_93_194450_Mch_1;6;UZ Regensburg;A93-Nord Richtung M.-Zentrum
13064;65050;Querschnitt7101;DLZ_93_194469_Mch;DLZ_93_194469_Mch_DLZ2_GV;2;9316524;49.03688267;12.08779479;;194.469;;Betriebsstatus1;Streckenstation2086;SST_93_194450_Mch_1;4;UZ Regensburg;A93-Nord Richtung M.-Zentrum
13068;64768;Querschnitt7102;LSA_93_194452_Mch;LSA_93_194452_Mch_LSA2;34;9316524;49.03707889;12.08813007;;194.452;;Betriebsstatus1;Streckenstation2086;SST_93_194450_Mch_1;4;UZ Regensburg;A93-Nord Richtung M.-Zentrum
13070;64960;Querschnitt7098;MQ_93_194420_Mch;DET_93_194420_Mch_H2;34;9316524;49.03685;12.0877;;194.42;;Betriebsstatus1;Streckenstation2086;SST_93_194450_Mch_1;1;UZ Regensburg;A93-Nord Richtung M.-Zentrum
13072;64918;Querschnitt7099;MQ_93_194583_Mch;DET_93_194583_Mch_H1;35;9316524;49.03512356;12.08556438;;194.583;;Betriebsstatus1;Streckenstation2086;SST_93_194450_Mch_1;1;UZ Regensburg;A93-Nord Richtung M.-Zentrum
13074;65496;Querschnitt7106;AQ_93_194873_Hof;WZG_93_194873_Hof_DLZ2_GV;38;9316525;49.03410891;12.08507003;;194.873;;Betriebsstatus1;Streckenstation2087;SST_93_194450_Mch_2;4;UZ Regensburg;A93-Nord Richtung Hof
13082;64923;Querschnitt7109;BMS_93_194450_Mch_2;BMS_93_194450_Mch_2_Tuer;1;9316525;49.03678;12.08696;;194.45;;Betriebsstatus1;Streckenstation2087;SST_93_194450_Mch_2;6;UZ Regensburg;A93-Nord Richtung M.-Zentrum
13087;65245;Querschnitt7107;DLZ_93_194470_Hof;DLZ_93_194470_Hof_DLZ1_GV;35;9316525;49.03671051;12.08810111;;194.47;;Betriebsstatus1;Streckenstation2087;SST_93_194450_Mch_2;4;UZ Regensburg;A93-Nord Richtung Hof
13091;65106;Querschnitt7108;LSA_93_194453_Hof;LSA_93_194453_Hof_LSA2_GV;34;9316525;49.03690593;12.088426;;194.453;;Betriebsstatus1;Streckenstation2087;SST_93_194450_Mch_2;4;UZ Regensburg;A93-Nord Richtung Hof
13093;65254;Querschnitt7104;MQ_93_194415_Hof;DET_93_194415_Hof_H2;2;9316525;49.03664;12.08807;;194.415;;Betriebsstatus1;Streckenstation2087;SST_93_194450_Mch_2;1;UZ Regensburg;A93-Nord Richtung Hof
13095;64929;Querschnitt7105;MQ_93_194880_Hof;DET_93_194880_Hof_H2;4;9316525;49.03395605;12.08494928;;194.88;;Betriebsstatus1;Streckenstation2087;SST_93_194450_Mch_2;1;UZ Regensburg;A93-Nord Richtung Hof
13097;64981;Querschnitt7123;AQ_93_195178_Hof;WZG_93_195178_Hof_C1;73;9306557;49.03191186;12.0831695;;195.178;;Betriebsstatus1;Streckenstation2089;SST_93_195360_Hof_1;4;UZ Regensburg;A93-Nord Richtung Hof
13105;65301;Querschnitt7124;AQ_B8_FRO;WZG_B8_FRO_gesperrt1;131;9306557;49.02957;12.08007;;0.0010;;Betriebsstatus1;Streckenstation2089;SST_93_195360_Hof_1;4;UZ Regensburg;A93-Nord Richtung Hof
13107;64745;Querschnitt7127;BMS_93_195360_Hof_1;BMS_93_195360_Hof_1_Temp;2;9306557;49.02991;12.0803;;195.36;;Betriebsstatus1;Streckenstation2089;SST_93_195360_Hof_1;6;UZ Regensburg;A93-Nord Richtung Hof
13112;64688;Querschnitt7125;DLZ_93_195317_Hof;DLZ_93_195317_Hof_DLZ2_GV;36;9306557;49.03032168;12.08085416;;195.317;;Betriebsstatus1;Streckenstation2089;SST_93_195360_Hof_1;4;UZ Regensburg;A93-Nord Richtung Hof
13116;64965;Querschnitt7128;GMA_B8_FRO;WUD_B8_FRO_HK;1;9306557;49.02957;12.08007;;0.0010;;Betriebsstatus1;Streckenstation2089;SST_93_195360_Hof_1;3;UZ Regensburg;A93-Nord Richtung Hof
13117;64975;Querschnitt7129;GMA_B8_FRW;WUD_B8_FRW_HK;2;9306557;49.02929;12.08322;;0.0020;;Betriebsstatus1;Streckenstation2089;SST_93_195360_Hof_1;3;UZ Regensburg;A93-Nord Richtung Hof
13118;65007;Querschnitt7126;LSA_93_195326_Hof;LSA_93_195326_Hof_LSA1;21;9306557;49.03025657;12.08073221;;195.326;;Betriebsstatus1;Streckenstation2089;SST_93_195360_Hof_1;4;UZ Regensburg;A93-Nord Richtung Hof
13120;65519;Querschnitt7120;MQ_93_195161_Hof;DET_93_195161_Hof_H2;2;9306557;49.03197136;12.08297118;;195.161;;Betriebsstatus1;Streckenstation2089;SST_93_195360_Hof_1;1;UZ Regensburg;A93-Nord Richtung Hof
13122;64822;Querschnitt7121;MQ_93_195339_Hof;DET_93_195339_Hof_H1;3;9306557;49.029848;12.0799246;;195.339;;Betriebsstatus1;Streckenstation2089;SST_93_195360_Hof_1;1;UZ Regensburg;A93-Nord Richtung Hof
13124;65153;Querschnitt7122;MQ_93_195339_Hof_E;DET_93_195339_Hof_H3;129;9306557;49.02979761;12.07997867;;195.339;;Betriebsstatus1;Streckenstation2089;SST_93_195360_Hof_1;1;UZ Regensburg;A93-Nord Richtung Hof
13125;64820;Querschnitt7133;AQ_93_195019_Mch;WZG_93_195019_Mch_DLZ2_GV;2;9306558;49.03271243;12.08302657;;195.019;;Betriebsstatus1;Streckenstation2090;SST_93_195360_Hof_2;4;UZ Regensburg;A93-Nord Richtung M.-Zentrum
13133;64872;Querschnitt7136;BMS_93_195360_Hof_2;BMS_93_195360_Hof_2_ReduFG4;5;9306558;49.02995;12.08045;;195.36;;Betriebsstatus1;Streckenstation2090;SST_93_195360_Hof_2;6;UZ Regensburg;A93-Nord Richtung Hof
13138;64971;Querschnitt7134;DLZ_93_195307_Mch;DLZ_93_195307_Mch_DLZ2_GV;4;9306558;49.0304226;12.08068298;;195.307;;Betriebsstatus1;Streckenstation2090;SST_93_195360_Hof_2;4;UZ Regensburg;A93-Nord Richtung M.-Zentrum
13142;65456;Querschnitt7135;LSA_93_195317_Mch;LSA_93_195317_Mch_LSA2_GV;6;9306558;49.03035452;12.08056567;;195.317;;Betriebsstatus1;Streckenstation2090;SST_93_195360_Hof_2;4;UZ Regensburg;A93-Nord Richtung M.-Zentrum
13144;65570;Querschnitt7130;MQ_93_195017_Mch;DET_93_195017_Mch_H2;34;9306558;49.03262929;12.08322473;;195.017;;Betriebsstatus1;Streckenstation2090;SST_93_195360_Hof_2;1;UZ Regensburg;A93-Nord Richtung M.-Zentrum
13146;65275;Querschnitt7131;MQ_93_195330_Mch;DET_93_195330_Mch_H2;36;9306558;49.03006441;12.07996105;;195.33;;Betriebsstatus1;Streckenstation2090;SST_93_195360_Hof_2;1;UZ Regensburg;A93-Nord Richtung M.-Zentrum
13148;65216;Querschnitt7132;MQ_93_195330_Mch_A;DET_93_195330_Mch_H3;97;9306558;49.0302334;12.0799162;;195.33;;Betriebsstatus1;Streckenstation2090;SST_93_195360_Hof_2;1;UZ Regensburg;A93-Nord Richtung M.-Zentrum
13149;65203;Querschnitt7137;AQ_93_195453_Hof;WZG_93_195453_Hof_BRAND1;225;9306560;49.02960825;12.07945094;;195.453;;Betriebsstatus1;Streckenstation2091;SST_93_195453_Hof;4;UZ Regensburg;A93-Nord Richtung Hof
13152;65617;Querschnitt7141;BMS_93_195453_Hof;BMS_93_195453_Hof_Tuer;1;9306560;49.02956;12.07936;;195.453;;Betriebsstatus1;Streckenstation2091;SST_93_195453_Hof;6;UZ Regensburg;A93-Nord Richtung Hof
13158;65574;Querschnitt7142;BMS_93_AS39_0210_SZ;BMS_93_AS39_0210_SZ_QuitHS1;7;9306560;49.0294;12.0805;;195.453;;Betriebsstatus1;Streckenstation2091;SST_93_195453_Hof;6;UZ Regensburg;A93-Nord Richtung Hof
13159;65684;Querschnitt7143;GMA_93_195453_Hof;WUD_93_195453_Hof_HK;1;9306560;49.02960825;12.07945094;;195.453;;Betriebsstatus1;Streckenstation2091;SST_93_195453_Hof;3;UZ Regensburg;A93-Nord Richtung Hof
13160;64728;Querschnitt7138;HS_93_195452_Hof;HS_93_195452_Hof_HS1;130;9306560;49.02956;12.07941;;195.452;;Betriebsstatus1;Streckenstation2091;SST_93_195453_Hof;4;UZ Regensburg;A93-Nord Richtung Hof
13161;65299;Querschnitt7139;HS_93_AS39_0210_SZ;HS_93_AS39_0210_SZ_HS1;139;9306560;49.02953;12.07976;;0.21;;Betriebsstatus1;Streckenstation2091;SST_93_195453_Hof;4;UZ Regensburg;A93-Nord Richtung Hof
13162;64845;Querschnitt7140;LSA_93_195453_Hof;LSA_93_AS39_0205_SZ_LSA1;137;9306560;49.02960825;12.07945094;;0.205;;Betriebsstatus1;Streckenstation2091;SST_93_195453_Hof;4;UZ Regensburg;A93-Nord Richtung Hof
13164;65011;Querschnitt7146;AQ_93_195592_Hof;WZG_93_195592_Hof_B2;66;9306565;49.02894244;12.07767371;;195.592;;Betriebsstatus1;Streckenstation2092;SST_93_195592_Hof;4;UZ Regensburg;A93-Nord Richtung Hof
13177;65105;Querschnitt7147;BMS_93_195592_Hof;BMS_93_195592_Hof_ReduSM;4;9306565;49.02894;12.07761;;195.592;;Betriebsstatus1;Streckenstation2092;SST_93_195592_Hof;6;UZ Regensburg;A93-Nord Richtung Hof
13182;65005;Querschnitt7148;GMA_93_195592_Hof;WUD_93_195592_Hof_HK;1;9306565;49.02894244;12.07767371;;195.592;;Betriebsstatus1;Streckenstation2092;SST_93_195592_Hof;3;UZ Regensburg;A93-Nord Richtung Hof
13183;65140;Querschnitt7145;MQ_93_195592_Hof;DET_93_195592_Hof_H1;1;9306565;49.02905519;12.07756572;;195.592;;Betriebsstatus1;Streckenstation2092;SST_93_195592_Hof;1;UZ Regensburg;A93-Nord Richtung Hof
13185;64692;Querschnitt7144;MQ_93_195592_Hof_A;DET_93_195592_Hof_H3;65;9306565;49.02905519;12.07756572;;195.592;;Betriebsstatus1;Streckenstation2092;SST_93_195592_Hof;1;UZ Regensburg;A93-Nord Richtung Hof
13186;65550;Querschnitt7150;AQ_93_195865_Hof;WZG_93_195865_Hof_Z131_Bl2;130;9306575;49.02794862;12.07447596;;195.865;;Betriebsstatus1;Streckenstation2093;SST_93_195865_Hof;4;UZ Regensburg;A93-Nord Richtung Hof
13199;65314;Querschnitt7151;BMS_93_195865_Hof;BMS_93_195865_Hof_Netz;3;9306575;49.02788;12.07428;;195.865;;Betriebsstatus1;Streckenstation2093;SST_93_195865_Hof;6;UZ Regensburg;A93-Nord Richtung Hof
13204;64838;Querschnitt7152;GMA_93_195865_Hof;WUD_93_195865_Hof_HK;1;9306575;49.02794862;12.07447596;;195.865;;Betriebsstatus1;Streckenstation2093;SST_93_195865_Hof;3;UZ Regensburg;A93-Nord Richtung Hof
13205;65070;Querschnitt7149;MQ_93_195865_Hof;DET_93_195865_Hof_H1;1;9306575;49.02801682;12.074404;;195.865;;Betriebsstatus1;Streckenstation2093;SST_93_195865_Hof;1;UZ Regensburg;A93-Nord Richtung Hof
13208;64781;Querschnitt7159;AQ_93_195865_Mch;WZG_93_195865_Mch_A_seitl2;164;9316581;49.02812;12.07449;;195.865;;Betriebsstatus1;Streckenstation2095;SST_93_196045_Mch;4;UZ Regensburg;A93-Nord Richtung M.-Zentrum
13216;64760;Querschnitt7160;AQ_93_196059_Mch;WZG_93_196059_Mch_Z131_Bl1;167;9316581;49.02712324;12.07180612;;196.059;;Betriebsstatus1;Streckenstation2095;SST_93_196045_Mch;4;UZ Regensburg;A93-Nord Richtung M.-Zentrum
13229;65108;Querschnitt7161;BMS_93_196045_Mch_;BMS_93_196045_Mch_ReduFG4;37;9316581;49.02714;12.07183;;196.045;;Betriebsstatus1;Streckenstation2095;SST_93_196045_Mch;6;UZ Regensburg;A93-Nord Richtung M.-Zentrum
13235;65303;Querschnitt7162;GMA_93_195865_Mch;WUD_93_195865_Mch_HK;33;9316581;49.02812;12.07449;;195.865;;Betriebsstatus1;Streckenstation2095;SST_93_196045_Mch;3;UZ Regensburg;A93-Nord Richtung M.-Zentrum
13236;65097;Querschnitt7163;GMA_93_196052_Mch;WUD_93_196052_Mch_SW;34;9316581;49.02718;12.07189;;196.052;;Betriebsstatus1;Streckenstation2095;SST_93_196045_Mch;3;UZ Regensburg;A93-Nord Richtung M.-Zentrum
13250;65369;Querschnitt7164;GMA_93_196059_Mch;WUD_93_196059_Mch_HK;40;9316581;49.02712324;12.07180612;;196.059;;Betriebsstatus1;Streckenstation2095;SST_93_196045_Mch;3;UZ Regensburg;A93-Nord Richtung M.-Zentrum
13251;65636;Querschnitt7158;MQ_93_196045_Mch_A;DET_93_196045_Mch_H1;33;9316581;49.02707273;12.0719097;;196.045;;Betriebsstatus1;Streckenstation2095;SST_93_196045_Mch;1;UZ Regensburg;A93-Nord Richtung M.-Zentrum
13254;65211;Querschnitt7155;AQ_93_196085_Hof;WZG_93_196085_Hof_A2;2;9306583;49.02671705;12.07184601;;196.085;;Betriebsstatus1;Streckenstation2094;SST_93_196085_Hof;4;UZ Regensburg;A93-Nord Richtung Hof
13261;65484;Querschnitt7156;BMS_93_196085_Hof;BMS_93_196085_Hof_Temp;2;9306583;49.02668;12.07198;;196.085;;Betriebsstatus1;Streckenstation2094;SST_93_196085_Hof;6;UZ Regensburg;A93-Nord Richtung Hof
13266;64880;Querschnitt7157;GMA_93_196085_Hof;WUD_93_196085_Hof_HK;1;9306583;49.02671705;12.07184601;;196.085;;Betriebsstatus1;Streckenstation2094;SST_93_196085_Hof;3;UZ Regensburg;A93-Nord Richtung Hof
13267;64886;Querschnitt7153;MQ_93_196095_Hof;DET_93_196095_Hof_H2;2;9306583;49.02676161;12.07176499;;196.095;;Betriebsstatus1;Streckenstation2094;SST_93_196085_Hof;1;UZ Regensburg;A93-Nord Richtung Hof
13269;65057;Querschnitt7154;MQ_93_196095_Hof_E;DET_93_196095_Hof_H3;129;9306583;49.02676;12.07184;;196.095;;Betriebsstatus1;Streckenstation2094;SST_93_196085_Hof;1;UZ Regensburg;A93-Nord Richtung Hof
13270;58360;Querschnitt5494;BMS_93_196230_Hof;BMS_93_196230_Hof_Temp;2;9306588;49.02554889;12.07073001;5494;196.23;;Betriebsstatus1;Streckenstation1498;SST_93_196230_Hof;6;UZ Regensburg;A93-Nord Richtung Hof
13273;60473;Querschnitt5495;GMA_93_196195_Hof_HK;WUD_HK_93_196195_Hof;1;9306588;49.02581931;12.07093855;5495;196.195;;Betriebsstatus1;Streckenstation1498;SST_93_196230_Hof;3;UZ Regensburg;A93-Nord Richtung Hof
13274;55113;Querschnitt5969;MQ_196195_Nord_ZUF_Gelb;MQ_196195_Nord_ES_V_Z_Gelbanforderung_ZUFFS1;148;9306588;49.0257281;12.07087165;5969;196.195;;Betriebsstatus1;Streckenstation1498;SST_93_196230_Hof;1;UZ Regensburg;A93-Nord Richtung Hof
13275;58881;Querschnitt5970;MQ_196195_Nord_ZUF_Gruen;MQ_196195_Nord_ES_V_Z_Grünanforderung_ZUFFS1;147;9306588;49.02500846;12.07046682;5970;196.195;;Betriebsstatus1;Streckenstation1498;SST_93_196230_Hof;1;UZ Regensburg;A93-Nord Richtung Hof
13276;53218;Querschnitt5968;MQ_196380_Nord_ZUF_Stau;MQ_196380_Nord_ES_V_Z_Stauschleife_ZUFFS2;146;9306588;49.0243759;12.07017569;5968;196.38;;Betriebsstatus1;Streckenstation1498;SST_93_196230_Hof;1;UZ Regensburg;A93-Nord Richtung Hof
13278;56061;Querschnitt5490;MQ_93_195948_Hof;DET_93_195948_Hof_H2;10;9306588;49.02748186;12.07301943;5490;195.948;;Betriebsstatus1;Streckenstation1498;SST_93_196230_Hof;1;UZ Regensburg;A93-Nord Richtung Hof
13280;51945;Querschnitt5966;MQ_93_195948_Hof_E;DET_93_195948_Hof_E1;129;9306588;49.02620006;12.0712;5966;195.948;;Betriebsstatus1;Streckenstation1498;SST_93_196230_Hof;1;UZ Regensburg;A93-Nord Richtung Hof
13281;59594;Querschnitt5491;MQ_93_196230_Hof;DET_93_196230_Hof_H2;2;9306588;49.02587575;12.07072111;5491;196.23;;Betriebsstatus1;Streckenstation1498;SST_93_196230_Hof;1;UZ Regensburg;A93-Nord Richtung Hof
13283;58742;Querschnitt5492;VZ_93_196195_Hof_V_Z;VZ_93_196195_Hof_V_Z_PW1;2;9306588;49.02576955;12.07089747;5492;196.195;;Betriebsstatus1;Streckenstation1498;SST_93_196230_Hof;4;UZ Regensburg;A93-Nord Richtung Hof
13284;56550;Querschnitt5493;VZ_93_196380_Hof_V_Z;VZ_93_196380_Hof_V_Z_PW1;129;9306588;49.0245836;12.07024461;5493;196.38;;Betriebsstatus1;Streckenstation1498;SST_93_196230_Hof;4;UZ Regensburg;A93-Nord Richtung Hof
13286;57952;Querschnitt5971;ZFR_196230_Nord;ZFR_196230_Nord;1;9306588;49.02561195;12.07077105;5971;196.23;;Betriebsstatus1;Streckenstation1498;SST_93_196230_Hof;9;UZ Regensburg;A93-Nord Richtung Hof
13287;65182;Querschnitt7169;AQ_93_196250_Mch;WZG_93_196250_Mch_Z131_Bl2;162;9316588;49.0257191;12.07014973;;196.25;;Betriebsstatus1;Streckenstation2097;SST_93_196250_Mch;4;UZ Regensburg;A93-Nord Richtung M.-Zentrum
13297;65518;Querschnitt7170;BMS_93_196250_Mch;BMS_93_196250_Mch_Netz;35;9316588;49.0257;12.07015;;196.25;;Betriebsstatus1;Streckenstation2097;SST_93_196250_Mch;6;UZ Regensburg;A93-Nord Richtung M.-Zentrum
13302;65394;Querschnitt7171;GMA_93_196250_Mch;WUD_93_196250_Mch_HK;33;9316588;49.0257191;12.07014973;;196.25;;Betriebsstatus1;Streckenstation2097;SST_93_196250_Mch;3;UZ Regensburg;A93-Nord Richtung M.-Zentrum
13303;65104;Querschnitt7168;MQ_93_196250_Mch;DET_93_196250_Mch_H2;34;9316588;49.02568353;12.07023528;;196.25;;Betriebsstatus1;Streckenstation2097;SST_93_196250_Mch;1;UZ Regensburg;A93-Nord Richtung M.-Zentrum
13305;65159;Querschnitt7173;AQ_93_196360_Mch;WZG_93_196360_Mch_Z131_Bl2;162;9316592;49.02482124;12.06957145;;196.36;;Betriebsstatus1;Streckenstation2098;SST_93_196360_Mch;4;UZ Regensburg;A93-Nord Richtung M.-Zentrum
13315;65593;Querschnitt7174;BMS_93_196360_Mch;BMS_93_196360_Mch_Temp;34;9316592;49.0248;12.06957;;196.36;;Betriebsstatus1;Streckenstation2098;SST_93_196360_Mch;6;UZ Regensburg;A93-Nord Richtung M.-Zentrum
13320;65445;Querschnitt7175;GMA_93_196360_Mch;WUD_93_196360_Mch_HK;33;9316592;49.02482124;12.06957145;;196.36;;Betriebsstatus1;Streckenstation2098;SST_93_196360_Mch;3;UZ Regensburg;A93-Nord Richtung M.-Zentrum
13321;65163;Querschnitt7172;MQ_93_196360_Mch;DET_93_196360_Mch_H2;34;9316592;49.02480049;12.06969311;;196.36;;Betriebsstatus1;Streckenstation2098;SST_93_196360_Mch;1;UZ Regensburg;A93-Nord Richtung M.-Zentrum
13323;64863;Querschnitt7178;AQ_93_196490_Mch;AQ_93_196490_Mch_LSA2;162;9316597;49.02366234;12.06930839;;196.49;;Betriebsstatus1;Streckenstation2099;SST_93_196485_Mch;4;UZ Regensburg;A93-Nord Richtung M.-Zentrum
13326;64897;Querschnitt7182;BMS_93_196485_Mch;BMS_93_196506_Mch_QuitHS1;39;9316597;49.02366;12.06917;;196.485;;Betriebsstatus1;Streckenstation2099;SST_93_196485_Mch;6;UZ Regensburg;A93-Nord Richtung M.-Zentrum
13334;64829;Querschnitt7179;DLZ_93_196490_Hof;DLZ_93_196490_Hof_DLZ2;2;9316597;49.02364739;12.06948858;;196.49;;Betriebsstatus1;Streckenstation2099;SST_93_196485_Mch;4;UZ Regensburg;A93-Nord Richtung Hof
13336;65147;Querschnitt7183;GMA_93_196490_Hof;WUD_93_196490_Hof_HK;1;9316597;49.02364739;12.06948858;;196.49;;Betriebsstatus1;Streckenstation2099;SST_93_196485_Mch;3;UZ Regensburg;A93-Nord Richtung Hof
13337;65474;Querschnitt7184;GMA_93_196490_Mch;WUD_93_196490_Mch_HK;33;9316597;49.02366234;12.06930839;;196.49;;Betriebsstatus1;Streckenstation2099;SST_93_196485_Mch;3;UZ Regensburg;A93-Nord Richtung M.-Zentrum
13338;65639;Querschnitt7180;HS_93_196491_Mch;HS_93_196491_Mch_HS1;167;9316597;49.02362;12.0693;;196.491;;Betriebsstatus1;Streckenstation2099;SST_93_196485_Mch;4;UZ Regensburg;A93-Nord Richtung M.-Zentrum
13339;64955;Querschnitt7181;HS_93_196506_Mch;HS_93_196506_Mch_HS1;168;9316597;49.02352;12.0691;;196.506;;Betriebsstatus1;Streckenstation2099;SST_93_196485_Mch;4;UZ Regensburg;A93-Nord Richtung M.-Zentrum
13340;65107;Querschnitt7177;MQ_93_196490_Hof;DET_93_196490_Hof_H2;2;9316597;49.02364734;12.06957882;;196.49;;Betriebsstatus1;Streckenstation2099;SST_93_196485_Mch;1;UZ Regensburg;A93-Nord Richtung Hof
13342;65629;Querschnitt7176;MQ_93_AS40_0052_HM;DET_93_AS40_0052_HM_E2;162;9316597;49.02338;12.0688;;0.052;;Betriebsstatus1;Streckenstation2099;SST_93_196485_Mch;1;UZ Regensburg;A93-Nord Richtung M.-Zentrum
13344;65378;Querschnitt7203;AQ_93_196840_Mch;WZG_93_196840_Mch_B1;97;9306607;49.02011753;12.06839738;;196.84;;Betriebsstatus1;Streckenstation2103;SST_93_196780_Hof_1;4;UZ Regensburg;A93-Nord Richtung M.-Zentrum
13350;64807;Querschnitt7204;AQ_CLFE_FRO;WZG_CLFE_FRO_Bl;162;9306607;49.02383;12.06844;;0.01;;Betriebsstatus1;Streckenstation2103;SST_93_196780_Hof_1;4;UZ Regensburg;A93-Nord Richtung Hof
13352;65262;Querschnitt7205;AQ_CLFE_FRW;WZG_CLFE_FRW_Bl;161;9306607;49.02406;12.07123;;0.0;;Betriebsstatus1;Streckenstation2103;SST_93_196780_Hof_1;4;UZ Regensburg;A93-Nord Richtung Hof
13354;65556;Querschnitt7208;BMS_93_196780_Hof_1;BMS_93_196780_Hof_1_ReduFG4;37;9306607;49.02116;12.06937;;196.78;;Betriebsstatus1;Streckenstation2103;SST_93_196780_Hof_1;6;UZ Regensburg;A93-Nord Richtung Hof
13359;64912;Querschnitt7206;DLZ_93_196840_Mch;DLZ_93_196840_Mch_DLZ1_GV;1;9306607;49.02021525;12.06843812;;196.84;;Betriebsstatus1;Streckenstation2103;SST_93_196780_Hof_1;4;UZ Regensburg;A93-Nord Richtung M.-Zentrum
13362;65055;Querschnitt7210;GMA_CLFE_FRO;WUD_CLFE_FRW_HK;34;9306607;49.02406;12.07123;;0.01;;Betriebsstatus1;Streckenstation2103;SST_93_196780_Hof_1;3;UZ Regensburg;A93-Nord Richtung Hof
13363;64892;Querschnitt7209;GMA_CLFE_FRO;WUD_CLFE_FRO_HK;33;9306607;49.02383;12.06844;;0.01;;Betriebsstatus1;Streckenstation2103;SST_93_196780_Hof_1;3;UZ Regensburg;A93-Nord Richtung Hof
13364;64756;Querschnitt7207;LSA_93_196780_Mch;DLZ_93_196780_Mch_DLZ3;40;9306607;49.02100065;12.06881328;;196.78;;Betriebsstatus1;Streckenstation2103;SST_93_196780_Hof_1;4;UZ Regensburg;A93-Nord Richtung M.-Zentrum
13368;65587;Querschnitt7201;MQ_93_196780_Mch;DET_93_196780_Mch_H2;34;9306607;49.02112506;12.06888113;;0.042;;Betriebsstatus1;Streckenstation2103;SST_93_196780_Hof_1;1;UZ Regensburg;A93-Nord Richtung M.-Zentrum
13370;65646;Querschnitt7202;MQ_93_196780_Mch_E;DET_93_196780_Mch_H3;161;9306607;49.02112219;12.06872786;;198.4;;Betriebsstatus1;Streckenstation2103;SST_93_196780_Hof_1;1;UZ Regensburg;A93-Nord Richtung M.-Zentrum
13371;64802;Querschnitt7214;AQ_93_196950_Hof;WZG_93_196950_Hof_A2;16;9306608;49.01925491;12.06828353;;196.95;;Betriebsstatus1;Streckenstation2104;SST_93_196780_Hof_2;4;UZ Regensburg;A93-Nord Richtung Hof
13377;64967;Querschnitt7218;BMS_93_196780_Hof_2;BMS_93_196780_Hof_2_Temp;2;9306608;49.02116;12.06937;;196.78;;Betriebsstatus1;Streckenstation2104;SST_93_196780_Hof_2;6;UZ Regensburg;A93-Nord Richtung Hof
13382;65462;Querschnitt7215;DLZ_93_196950_Hof;DLZ_93_196950_Hof_DLZ3_GV;11;9306608;49.01964;12.06835;;196.95;;Betriebsstatus1;Streckenstation2104;SST_93_196780_Hof_2;4;UZ Regensburg;A93-Nord Richtung Hof
13388;65467;Querschnitt7217;LSA_93_196780_Hof;DLZ_93_196780_Hof_DLZ1;6;9306608;49.02101238;12.0690568;;196.78;;Betriebsstatus1;Streckenstation2104;SST_93_196780_Hof_2;4;UZ Regensburg;A93-Nord Richtung Hof
13395;65409;Querschnitt7211;MQ_93_196780_Hof;DET_93_196780_Hof_H1;1;9306608;49.02112202;12.0689983;;196.78;;Betriebsstatus1;Streckenstation2104;SST_93_196780_Hof_2;1;UZ Regensburg;A93-Nord Richtung Hof
13397;65090;Querschnitt7212;MQ_93_196780_Hof_A;DET_93_196780_Hof_H3;65;9306608;49.02111603;12.0690929;;196.78;;Betriebsstatus1;Streckenstation2104;SST_93_196780_Hof_2;1;UZ Regensburg;A93-Nord Richtung Hof
13398;65138;Querschnitt7213;MQ_93_197085_Hof;DET_93_197085_Hof_H1;3;9306608;49.01873889;12.06791998;;197.085;;Betriebsstatus1;Streckenstation2104;SST_93_196780_Hof_2;1;UZ Regensburg;A93-Nord Richtung Hof
13401;65427;Querschnitt7221;AQ_93_197380_Hof;WZG_93_197380_Hof_A1;1;9306631;49.01597773;12.0659264;;197.38;;Betriebsstatus1;Streckenstation2105;SST_93_197440_Hof_1;4;UZ Regensburg;A93-Nord Richtung Hof
13407;64703;Querschnitt7222;AQ_PRUEF_FRO;WZG_PRUEF_FRO_gesperrt1;132;9306631;49.01566;12.06614;;0.0020;;Betriebsstatus1;Streckenstation2105;SST_93_197440_Hof_1;4;UZ Regensburg;A93-Nord Richtung Hof
13409;65004;Querschnitt7223;AQ_PRUEF_FRW;WZG_PRUEF_FRW_Bl1;129;9306631;49.01614;12.06885;;0.0010;;Betriebsstatus1;Streckenstation2105;SST_93_197440_Hof_1;4;UZ Regensburg;A93-Nord Richtung Hof
13411;65287;Querschnitt7226;BMS_93_197440_Hof;BMS_93_197440_Hof_1_Netz;3;9306631;49.01550667;12.06539398;;197.44;;Betriebsstatus1;Streckenstation2105;SST_93_197440_Hof_1;6;UZ Regensburg;A93-Nord Richtung Hof
13416;64723;Querschnitt7224;DLZ_93_197380_Hof;DLZ_93_197380_Hof_DLZ1_GV;33;9306631;49.01599253;12.06581828;;197.38;;Betriebsstatus1;Streckenstation2105;SST_93_197440_Hof_1;4;UZ Regensburg;A93-Nord Richtung Hof
13419;65543;Querschnitt7225;LSA_93_197440_Hof;LSA_93_197440_Hof_LSA1;3;9306631;49.01550958;12.06548872;;197.44;;Betriebsstatus1;Streckenstation2105;SST_93_197440_Hof_1;4;UZ Regensburg;A93-Nord Richtung Hof
13423;64987;Querschnitt7219;MQ_93_197440_Hof;DET_93_197440_Hof_H1;1;9306631;49.01523707;12.06512322;;0.0020;;Betriebsstatus1;Streckenstation2105;SST_93_197440_Hof_1;1;UZ Regensburg;A93-Nord Richtung Hof
13425;65252;Querschnitt7220;MQ_93_197440_Hof_E;DET_93_197440_Hof_H3;129;9306631;49.01519547;12.0652179;;197.44;;Betriebsstatus1;Streckenstation2105;SST_93_197440_Hof_1;1;UZ Regensburg;A93-Nord Richtung Hof
13426;65557;Querschnitt7231;AQ_93_197250_Mch;WZG_93_197250_Mch_C1;105;9306632;49.01657347;12.06603546;;197.25;;Betriebsstatus1;Streckenstation2106;SST_93_197440_Hof_2;4;UZ Regensburg;A93-Nord Richtung M.-Zentrum
13432;65142;Querschnitt7235;BMS_93_197440_Hof_2;BMS_93_197440_Hof_2_ReduSM;36;9306632;49.01484;12.06522;;197.44;;Betriebsstatus1;Streckenstation2106;SST_93_197440_Hof_2;6;UZ Regensburg;A93-Nord Richtung Hof
13437;65331;Querschnitt7232;DLZ_93_197250_Mch;DLZ_93_197250_Mch_DLZ2;37;9306632;49.0165497;12.06609394;;197.25;;Betriebsstatus1;Streckenstation2106;SST_93_197440_Hof_2;4;UZ Regensburg;A93-Nord Richtung M.-Zentrum
13443;65353;Querschnitt7233;LSA_93_197460_Mch;DLZ_93_197460_Mch_DLZ1;46;9306632;49.01554828;12.06512363;;197.46;;Betriebsstatus1;Streckenstation2106;SST_93_197440_Hof_2;4;UZ Regensburg;A93-Nord Richtung M.-Zentrum
13450;64686;Querschnitt7230;MQ_93_197085_Mch;DET_93_197085_Mch_H3;35;9306632;49.0188225;12.06765199;;197.085;;Betriebsstatus1;Streckenstation2106;SST_93_197440_Hof_2;1;UZ Regensburg;A93-Nord Richtung M.-Zentrum
13453;65373;Querschnitt7229;MQ_93_197470_Mch;DET_93_197470_Mch_H1;36;9306632;49.01497;12.06494;;197.47;;Betriebsstatus1;Streckenstation2106;SST_93_197440_Hof_2;1;UZ Regensburg;A93-Nord Richtung M.-Zentrum
13455;65180;Querschnitt7228;MQ_93_197470_Mch_A;DET_93_197470_Mch_H3;97;9306632;49.01495;12.06501;;197.47;;Betriebsstatus1;Streckenstation2106;SST_93_197440_Hof_2;1;UZ Regensburg;A93-Nord Richtung M.-Zentrum
13456;65040;Querschnitt7239;AQ_93_197574_Hof;WZG_93_197574_Hof_BRAND1;225;9306636;49.01453721;12.06466652;;197.574;;Betriebsstatus1;Streckenstation2107;SST_93_197590_Hof;4;UZ Regensburg;A93-Nord Richtung Hof
13459;65069;Querschnitt7240;AQ_93_AS41_0329_SZ;WZG_93_AS41_0329_SZ_BRAND1;226;9306636;49.01458489;12.06510882;;0.329;;Betriebsstatus1;Streckenstation2107;SST_93_197590_Hof;4;UZ Regensburg;A93-Nord Richtung Hof
13464;65701;Querschnitt7243;BMS_93_197590_Hof;BMS_93_197590_Hof_Temp;2;9306636;49.01439492;12.06456709;;197.59;;Betriebsstatus1;Streckenstation2107;SST_93_197590_Hof;6;UZ Regensburg;A93-Nord Richtung Hof
13471;65680;Querschnitt7244;BMS_93_AS41_0339_SZ_Qu;BMS_93_AS41_0339_SZ_QuitHS1;8;9306636;49.01451;12.06526;;197.59;;Betriebsstatus1;Streckenstation2107;SST_93_197590_Hof;6;UZ Regensburg;A93-Nord Richtung Hof
13472;64896;Querschnitt7245;GMA_93_197574_Hof;WUD_93_197574_Hof_HK;1;9306636;49.01453721;12.06466652;;197.574;;Betriebsstatus1;Streckenstation2107;SST_93_197590_Hof;3;UZ Regensburg;A93-Nord Richtung Hof
13473;64757;Querschnitt7246;GMA_93_AS41_0329_SZ;WUD_93_AS41_0329_SZ_HK;2;9306636;49.01451;12.06526;;0.329;;Betriebsstatus1;Streckenstation2107;SST_93_197590_Hof;3;UZ Regensburg;A93-Nord Richtung Hof
13474;65291;Querschnitt7241;HS_93_197567_Hof;HS_93_197552_Hof_HS1;129;9306636;49.01457288;12.06455379;;197.552;;Betriebsstatus1;Streckenstation2107;SST_93_197590_Hof;4;UZ Regensburg;A93-Nord Richtung Hof
13476;65618;Querschnitt7242;HS_93_AS41_0339_SZ;HS_93_AS41_0339_SZ_HS1;132;9306636;49.01456;12.0651;;0.339;;Betriebsstatus1;Streckenstation2107;SST_93_197590_Hof;4;UZ Regensburg;A93-Nord Richtung Hof
13477;65596;Querschnitt7238;MQ_93_AS41_0331_SZ;DET_93_AS41_0069_SZ_H1;129;9306636;49.01445;12.06527;;0.069;;Betriebsstatus1;Streckenstation2107;SST_93_197590_Hof;1;UZ Regensburg;A93-Nord Richtung Hof
13481;65662;Querschnitt7249;AQ_93_197672_Hof;WZG_93_197672_Hof_Z131_B2;132;9306641;49.01378109;12.06399802;;197.672;;Betriebsstatus1;Streckenstation2108;SST_93_197709_Hof;4;UZ Regensburg;A93-Nord Richtung Hof
13491;64837;Querschnitt7250;BMS_93_197709_Hof;BMS_93_197709_Hof_Tuer;1;9306641;49.0135113;12.06373602;;197.709;;Betriebsstatus1;Streckenstation2108;SST_93_197709_Hof;6;UZ Regensburg;A93-Nord Richtung Hof
13496;65251;Querschnitt7251;GMA_93_197672_Hof;WUD_93_197672_Hof_HK;1;9306641;49.01378109;12.06399802;;197.672;;Betriebsstatus1;Streckenstation2108;SST_93_197709_Hof;3;UZ Regensburg;A93-Nord Richtung Hof
13497;65560;Querschnitt7247;MQ_93_197672_Hof;DET_93_197672_Hof_H2;2;9306641;49.01382269;12.0638898;;197.672;;Betriebsstatus1;Streckenstation2108;SST_93_197709_Hof;1;UZ Regensburg;A93-Nord Richtung Hof
13499;65536;Querschnitt7248;MQ_93_197672_Hof_A;DET_93_197672_Hof_H3;65;9306641;49.01382269;12.0638898;;197.672;;Betriebsstatus1;Streckenstation2108;SST_93_197709_Hof;1;UZ Regensburg;A93-Nord Richtung Hof
13500;65154;Querschnitt7187;AQ_93_197789_Mch;WZG_93_197789_Mch_A3;35;9316642;49.0130609;12.06273643;;197.789;;Betriebsstatus1;Streckenstation2100;SST_93_197750_Mch;4;UZ Regensburg;A93-Nord Richtung M.-Zentrum
13507;65604;Querschnitt7188;BMS_93_197750_Mch;BMS_93_197750_Mch_Netz;35;9316642;49.01320613;12.06288097;;197.75;;Betriebsstatus1;Streckenstation2100;SST_93_197750_Mch;6;UZ Regensburg;A93-Nord Richtung M.-Zentrum
13510;65693;Querschnitt7189;GMA_93_197789_Mch;WUD_93_197789_Mch_HK;33;9316642;49.0130609;12.06273643;;197.789;;Betriebsstatus1;Streckenstation2100;SST_93_197750_Mch;3;UZ Regensburg;A93-Nord Richtung M.-Zentrum
13511;64790;Querschnitt7185;MQ_93_197767_Mch;DET_93_197767_Mch_H2;34;9316642;49.01303713;12.06280407;;197.767;;Betriebsstatus1;Streckenstation2100;SST_93_197750_Mch;1;UZ Regensburg;A93-Nord Richtung M.-Zentrum
13513;65642;Querschnitt7186;MQ_93_197767_Mch_E;DET_93_197767_Mch_H3;161;9316642;49.01321;12.06296;;197.767;;Betriebsstatus1;Streckenstation2100;SST_93_197750_Mch;1;UZ Regensburg;A93-Nord Richtung M.-Zentrum
13514;64808;Querschnitt7253;AQ_93_197805_Hof;WZG_93_197805_Hof_B2;66;9306645;49.01272542;12.06304276;;197.805;;Betriebsstatus1;Streckenstation2109;SST_93_197830_Hof;4;UZ Regensburg;A93-Nord Richtung Hof
13527;64749;Querschnitt7254;BMS_93_197830_Hof;BMS_93_197830_Hof_Tuer;1;9306645;49.01259502;12.06291629;;197.83;;Betriebsstatus1;Streckenstation2109;SST_93_197830_Hof;6;UZ Regensburg;A93-Nord Richtung Hof
13532;65493;Querschnitt7255;GMA_93_197805_Hof;WUD_93_197805_Hof_HK;1;9306645;49.01272542;12.06304276;;197.805;;Betriebsstatus1;Streckenstation2109;SST_93_197830_Hof;3;UZ Regensburg;A93-Nord Richtung Hof
13533;65342;Querschnitt7252;MQ_93_197815_Hof;DET_93_197815_Hof_H1;1;9306645;49.01275812;12.06293905;;197.815;;Betriebsstatus1;Streckenstation2109;SST_93_197830_Hof;1;UZ Regensburg;A93-Nord Richtung Hof
13536;65150;Querschnitt7258;AQ_93_198150_Hof;WZG_93_198150_Hof_A1;1;9306657;49.0098694;12.06119447;;198.15;;Betriebsstatus1;Streckenstation2110;SST_93_198180_Hof;4;UZ Regensburg;A93-Nord Richtung Hof
13549;64925;Querschnitt7259;BMS_93_198180_Hof;BMS_93_198180_Hof_Netz;3;9306657;49.00967665;12.06112657;;198.18;;Betriebsstatus1;Streckenstation2110;SST_93_198180_Hof;6;UZ Regensburg;A93-Nord Richtung Hof
13555;64736;Querschnitt7260;GMA_93_198150_Hof;WUD_93_198150_Hof_HK;1;9306657;49.00983093;12.06116735;;198.15;;Betriebsstatus1;Streckenstation2110;SST_93_198180_Hof;3;UZ Regensburg;A93-Nord Richtung Hof
13556;65266;Querschnitt7257;MQ_93_198150_Hof;DET_93_198150_Hof_H2;2;9306657;49.00988726;12.06109976;;198.15;;Betriebsstatus1;Streckenstation2110;SST_93_198180_Hof;1;UZ Regensburg;A93-Nord Richtung Hof
13558;65697;Querschnitt7256;MQ_93_198150_Hof_E;DET_93_198150_Hof_H3;129;9306657;49.00988726;12.06109976;;198.15;;Betriebsstatus1;Streckenstation2110;SST_93_198180_Hof;1;UZ Regensburg;A93-Nord Richtung Hof
13559;64961;Querschnitt7195;BMS_93_198290_Mch;BMS_93_198290_Mch_Temp;34;9316661;49.00862;12.06038;;198.29;;Betriebsstatus1;Streckenstation2101;SST_93_198290_Mch;6;UZ Regensburg;A93-Nord Richtung M.-Zentrum
13562;65281;Querschnitt7196;GMA_93_AS42_0186_EM;WUD_93_AS42_0186_EM_HK;33;9316661;49.0085;12.06038;;0.186;;Betriebsstatus1;Streckenstation2101;SST_93_198290_Mch;3;UZ Regensburg;A93-Nord Richtung M.-Zentrum
13563;64823;Querschnitt7194;LSA_93_AS42_0186_EM;LSA_93_AS42_0186_EM_ZFR_LSA2;164;9316661;49.0085;12.06038;;0.186;;Betriebsstatus1;Streckenstation2101;SST_93_198290_Mch;4;UZ Regensburg;A93-Nord Richtung M.-Zentrum
13565;65115;Querschnitt7193;MQ_93_AS42_0064_EM;DET_93_AS42_0064_EM_H1;161;9316661;49.00911;12.05901;;0.064;;Betriebsstatus1;Streckenstation2101;SST_93_198290_Mch;1;UZ Regensburg;A93-Nord Richtung M.-Zentrum
13566;65627;Querschnitt7191;MQ_93_AS42_0144_EM;DET_93_AS42_0144_EM_H1;162;9316661;49.00873;12.05996;;0.144;;Betriebsstatus1;Streckenstation2101;SST_93_198290_Mch;1;UZ Regensburg;A93-Nord Richtung M.-Zentrum
13567;64932;Querschnitt7190;MQ_93_AS42_0184_EM;DET_93_AS42_0184_EM_H1;163;9316661;49.00849;12.06028;;0.184;;Betriebsstatus1;Streckenstation2101;SST_93_198290_Mch;1;UZ Regensburg;A93-Nord Richtung M.-Zentrum
13568;65249;Querschnitt7192;MQ_93_AS42_0188_EM;DET_93_AS42_0188_EM_H1;164;9316661;49.00846;12.06031;;0.188;;Betriebsstatus1;Streckenstation2101;SST_93_198290_Mch;1;UZ Regensburg;A93-Nord Richtung M.-Zentrum
13569;64746;Querschnitt7264;AQ_93_198740_Hof;WZG_93_198740_Hof_A1;1;9306678;49.00476564;12.06168319;;198.74;;Betriebsstatus1;Streckenstation2111;SST_93_198770_Hof;4;UZ Regensburg;A93-Nord Richtung Hof
13576;65533;Querschnitt7265;BMS_93_198770_Hof;BMS_93_198770_Hof_Temp;2;9306678;49.00454167;12.06181153;;198.77;;Betriebsstatus1;Streckenstation2111;SST_93_198770_Hof;6;UZ Regensburg;A93-Nord Richtung Hof
13579;64869;Querschnitt7266;GMA_93_198740_Hof;WUD_93_198740_Hof_HK;1;9306678;49.00476564;12.06168319;;198.74;;Betriebsstatus1;Streckenstation2111;SST_93_198770_Hof;3;UZ Regensburg;A93-Nord Richtung Hof
13580;65451;Querschnitt7262;MQ_93_198740_Hof;DET_93_198750_Hof_H2;2;9306678;49.00476812;12.06159408;;198.75;;Betriebsstatus1;Streckenstation2111;SST_93_198770_Hof;1;UZ Regensburg;A93-Nord Richtung Hof
13582;65343;Querschnitt7263;MQ_93_198740_Hof_E;DET_93_198750_Hof_H3;129;9306678;49.00476812;12.06159408;;198.75;;Betriebsstatus1;Streckenstation2111;SST_93_198770_Hof;1;UZ Regensburg;A93-Nord Richtung Hof
13583;64859;Querschnitt7261;MQ_93_198740_Mch;DET_93_198740_Mch_H3;35;9306678;49.00474526;12.061292;;198.74;;Betriebsstatus1;Streckenstation2111;SST_93_198770_Hof;1;UZ Regensburg;A93-Nord Richtung M.-Zentrum
13586;65421;Querschnitt7273;BMS_93_198945_Hof;BMS_93_198945_Hof_Temp;2;9306685;49.003;12.06261;;198.945;;Betriebsstatus1;Streckenstation2112;SST_93_198945_Hof;6;UZ Regensburg;A93-Nord Richtung Hof
13589;65226;Querschnitt7274;GMA_93_AS43_0347_SZ;WUD_93_AS43_0347_SZ_HK;1;9306685;49.00314;12.06252;;0.347;;Betriebsstatus1;Streckenstation2112;SST_93_198945_Hof;3;UZ Regensburg;A93-Nord Richtung Hof
13590;65448;Querschnitt7272;LSA_93_AS43_0347_SZ;LSA_93_AS43_0347_SZ_ZFR_LSA2;132;9306685;49.00314;12.06252;;0.347;;Betriebsstatus1;Streckenstation2112;SST_93_198945_Hof;4;UZ Regensburg;A93-Nord Richtung Hof
13591;64729;Querschnitt7271;LSA_93_AS43_0347_SZ;LSA_93_AS43_0347_SZ_ZFR_LSA1;131;9306685;49.00314;12.06252;;0.347;;Betriebsstatus1;Streckenstation2112;SST_93_198945_Hof;4;UZ Regensburg;A93-Nord Richtung Hof
13592;65206;Querschnitt7270;MQ_93_AS43_0135_SZ;DET_93_AS43_0135_SZ_H1;129;9306685;49.00207;12.0646;;0.135;;Betriebsstatus1;Streckenstation2112;SST_93_198945_Hof;1;UZ Regensburg;A93-Nord Richtung Hof
13593;65382;Querschnitt7267;MQ_93_AS43_0317_SZ;DET_93_AS43_0317_SZ_H1;130;9306685;49.00289;12.06288;;0.317;;Betriebsstatus1;Streckenstation2112;SST_93_198945_Hof;1;UZ Regensburg;A93-Nord Richtung Hof
13594;65541;Querschnitt7268;MQ_93_AS43_0345_SZ;DET_93_AS43_0345_SZ_H1;131;9306685;49.00313;12.06269;;0.345;;Betriebsstatus1;Streckenstation2112;SST_93_198945_Hof;1;UZ Regensburg;A93-Nord Richtung Hof
13595;65125;Querschnitt7269;MQ_93_AS43_0349_SZ;DET_93_AS43_0349_SZ_H1;132;9306685;49.00316;12.06266;;0.349;;Betriebsstatus1;Streckenstation2112;SST_93_198945_Hof;1;UZ Regensburg;A93-Nord Richtung Hof
13596;65290;Querschnitt7276;AQ_93_199480_Hof;WZG_93_199480_Hof_A1;1;9306704;48.99825706;12.06378374;;199.48;;Betriebsstatus1;Streckenstation2113;SST_93_199490_Hof;4;UZ Regensburg;A93-Nord Richtung Hof
13603;64974;Querschnitt7277;BMS_93_199490_Hof;BMS_93_199490_Hof_Netz;3;9306704;48.99812524;12.06379054;;199.49;;Betriebsstatus1;Streckenstation2113;SST_93_199490_Hof;6;UZ Regensburg;A93-Nord Richtung Hof
13606;65407;Querschnitt7278;GMA_93_199480_Hof;WUD_93_199480_Hof_HK;1;9306704;48.99825706;12.06378374;;199.48;;Betriebsstatus1;Streckenstation2113;SST_93_199490_Hof;3;UZ Regensburg;A93-Nord Richtung Hof
13607;64753;Querschnitt7275;MQ_93_199480_Hof;DET_93_199480_Hof_H2;2;9306704;48.99825706;12.06378374;;199.48;;Betriebsstatus1;Streckenstation2113;SST_93_199490_Hof;1;UZ Regensburg;A93-Nord Richtung Hof
13610;65288;Querschnitt7281;AQ_93_200170_Mch;WZG_93_200170_Hof_A4;4;9306729;48.99206187;12.06159261;;200.17;;Betriebsstatus1;Streckenstation2114;SST_93_200190_Hof;4;UZ Regensburg;A93-Nord Richtung Hof
13620;65305;Querschnitt7282;BMS_93_200190_Hof;BMS_93_200190_Hof_Tuer;1;9306729;48.99196;12.0615;;200.19;;Betriebsstatus1;Streckenstation2114;SST_93_200190_Hof;6;UZ Regensburg;A93-Nord Richtung Hof
13623;64926;Querschnitt7283;GMA_93_200170_Hof;WUD_93_200170_Hof_HK;1;9306729;48.99206187;12.06159261;;200.17;;Betriebsstatus1;Streckenstation2114;SST_93_200190_Hof;3;UZ Regensburg;A93-Nord Richtung Hof
13624;65307;Querschnitt7284;GMA_93_200180_Hof;WUD_93_200180_Hof_TPT;7;9306729;48.99189;12.0616;;200.18;;Betriebsstatus1;Streckenstation2114;SST_93_200190_Hof;3;UZ Regensburg;A93-Nord Richtung Hof
13638;65315;Querschnitt7279;MQ_93_200170_Hof;DET_93_200170_Hof_H3;3;9306729;48.99209156;12.06138986;;200.17;;Betriebsstatus1;Streckenstation2114;SST_93_200190_Hof;1;UZ Regensburg;A93-Nord Richtung Hof
13640;65403;Querschnitt7280;MQ_93_200170_Hof_E;DET_93_200170_Hof_H1;1;9306729;48.99207965;12.06147102;;200.17;;Betriebsstatus1;Streckenstation2114;SST_93_200190_Hof;1;UZ Regensburg;A93-Nord Richtung Hof
13642;61196;Querschnitt5498;BMS_93_200430_Hof;BMS_93_200430_Hof_Temp;2;9306738;48.98954587;12.06080341;5498;200.43;;Betriebsstatus1;Streckenstation1497;SST_93_200430_Hof;6;UZ Regensburg;A93-Nord Richtung Hof
13645;55103;Querschnitt5497;MQ_93_200420_Hof;DET_93_200420_Hof_H1;1;9306738;48.99110008;12.06110005;5497;200.42;;Betriebsstatus1;Streckenstation1497;SST_93_200430_Hof;1;UZ Regensburg;A93-Nord Richtung Hof
13647;57929;Querschnitt5496;MQ_93_200420_Hof_G_L;DET_93_200420_Hof_G_L1;65;9306738;48.99100008;12.06259996;5496;200.42;;Betriebsstatus1;Streckenstation1497;SST_93_200430_Hof;1;UZ Regensburg;A93-Nord Richtung Hof
13649;65399;Querschnitt7286;AQ_93_201570_Hof;WZG_93_201570_Hof_A2;2;9306779;48.979889;12.06338794;;201.57;;Betriebsstatus1;Streckenstation2115;SST_93_201575_Hof;4;UZ Regensburg;A93-Nord Richtung Hof
13656;65659;Querschnitt7287;BMS_93_201575_Hof;BMS_93_201575_Hof_Netz;3;9306779;;;;201.575;;Betriebsstatus1;Streckenstation2115;SST_93_201575_Hof;6;UZ Regensburg;A93-Nord Richtung Hof
13659;65047;Querschnitt7288;GMA_93_201570_Hof;WUD_93_201570_Hof_HK;1;9306779;48.979889;12.06338794;;201.57;;Betriebsstatus1;Streckenstation2115;SST_93_201575_Hof;3;UZ Regensburg;A93-Nord Richtung Hof
13660;65501;Querschnitt7285;MQ_93_201570_Hof;DET_93_201570_Hof_H1;1;9306779;48.97988015;12.06329776;;201.57;;Betriebsstatus1;Streckenstation2115;SST_93_201575_Hof;1;UZ Regensburg;A93-Nord Richtung Hof
13663;55015;Querschnitt5500;AQ_93_202916_Hof;AQ_93_202916_Hof_B1;131;9306828;48.96968263;12.07230709;5500;202.916;;Betriebsstatus1;Streckenstation1496;SST_93_202949_Hof;4;UZ Regensburg;A93-Nord Richtung Hof
13669;59974;Querschnitt5502;BMS_93_202949_Hof;BMS_93_202949_Hof_Netz;1;9306828;48.96956;12.07266929;5502;202.949;;Betriebsstatus1;Streckenstation1496;SST_93_202949_Hof;6;UZ Regensburg;A93-Nord Richtung Hof
13672;52190;Querschnitt5501;GMA_93_202916_Hof_HK;WUD_HK_93_202916_Hof;1;9306828;48.96969712;12.07236068;5501;202.916;;Betriebsstatus1;Streckenstation1496;SST_93_202949_Hof;3;UZ Regensburg;A93-Nord Richtung Hof
13673;50985;Querschnitt5499;MQ_93_202935_Hof;DET_93_202935_Hof_H1;1;9306828;48.97500005;12.06620007;5499;202.935;;Betriebsstatus1;Streckenstation1496;SST_93_202949_Hof;1;UZ Regensburg;A93-Nord Richtung Hof
13675;51821;Querschnitt5504;AQ_93_204300_Hof;AQ_93_204300_Hof_B2;132;9306877;48.96511219;12.08948605;5504;204.3;;Betriebsstatus1;Streckenstation1495;SST_93_204330_Hof;4;UZ Regensburg;A93-Nord Richtung Hof
13681;60736;Querschnitt5506;BMS_93_204330_Hof;BMS_93_204330_Hof_Tuer;3;9306877;48.96490033;12.08980705;5506;204.33;;Betriebsstatus1;Streckenstation1495;SST_93_204330_Hof;6;UZ Regensburg;A93-Nord Richtung Hof
13684;51021;Querschnitt5505;GMA_93_204300_Hof_HK;WUD_HK_93_204300_Hof;1;9306877;48.9650935;12.08951436;5505;204.3;;Betriebsstatus1;Streckenstation1495;SST_93_204330_Hof;3;UZ Regensburg;A93-Nord Richtung Hof
13685;57447;Querschnitt5503;MQ_93_204330_Hof;DET_93_204330_Hof_H2;2;9306877;48.96485272;12.08968408;5503;204.33;;Betriebsstatus1;Streckenstation1495;SST_93_204330_Hof;1;UZ Regensburg;A93-Nord Richtung Hof
13687;61468;Querschnitt5508;AQ_93_206000_Hof;AQ_93_206000_Hof_A1;129;9306939;48.95031746;12.0920744;5508;206.0;;Betriebsstatus1;Streckenstation1494;SST_93_206060_Hof;4;UZ Regensburg;A93-Nord Richtung Hof
13693;58021;Querschnitt5510;BMS_93_206060_Hof;BMS_93_206060_Hof_Tuer;3;9306939;48.94966599;12.09212674;5510;206.06;;Betriebsstatus1;Streckenstation1494;SST_93_206060_Hof;6;UZ Regensburg;A93-Nord Richtung Hof
13696;55681;Querschnitt5509;GMA_93_206000_Hof_HK;WUD_HK_93_206000_Hof;1;9306939;48.9503112;12.0921248;5509;206.0;;Betriebsstatus1;Streckenstation1494;SST_93_206060_Hof;3;UZ Regensburg;A93-Nord Richtung Hof
13697;63195;Querschnitt5507;MQ_93_206060_Hof;DET_93_206060_Hof_H2;2;9306939;48.9496674;12.09202971;5507;206.06;;Betriebsstatus1;Streckenstation1494;SST_93_206060_Hof;1;UZ Regensburg;A93-Nord Richtung Hof
13699;65171;Querschnitt7197;AQ_93_AS40_0214_HM;AQ_93_AS40_0214_HM_LSA2;162;9316605;49.02198;12.06884;;0.214;;Betriebsstatus1;Streckenstation2102;SST_93_AS40_0204_HM;4;UZ Regensburg;A93-Nord Richtung M.-Zentrum
13703;65027;Querschnitt7199;BMS_93_AS40_0204_HM;BMS_93_AS40_0204_HM_Netz;35;9316605;49.02206;12.06889;;196.7;;Betriebsstatus1;Streckenstation2102;SST_93_AS40_0204_HM;6;UZ Regensburg;A93-Nord Richtung M.-Zentrum
13709;65356;Querschnitt7200;GMA_93_AS40_0214_HM;WUD_93_AS40_0214_HM_HK;33;9316605;49.02198;12.06884;;0.214;;Betriebsstatus1;Streckenstation2102;SST_93_AS40_0204_HM;3;UZ Regensburg;A93-Nord Richtung M.-Zentrum
13710;65018;Querschnitt7198;HS_93_AS40_0222_HM;HS_93_AS40_0222_HM_HS1;168;9316605;49.0219;12.06887;;0.222;;Betriebsstatus1;Streckenstation2102;SST_93_AS40_0204_HM;4;UZ Regensburg;A93-Nord Richtung M.-Zentrum
13711;65658;Querschnitt7290;AQ_93_AS41_0059_SZ;WZG_93_AS41_0059_SZ_ZFR_AQ1;131;9306630;49.01565;12.06706;;0.059;;Betriebsstatus1;Streckenstation2116;SST_93_AS41_0029_SZ;4;UZ Regensburg;A93-Nord Richtung Hof
13713;65402;Querschnitt7291;BMS_93_AS41_0029_SZ_;BMS_93_AS41_0029_SZ_Temp;2;9306630;49.01568;12.06703;;197.4;;Betriebsstatus1;Streckenstation2116;SST_93_AS41_0029_SZ;6;UZ Regensburg;A93-Nord Richtung Hof
13719;65567;Querschnitt7292;GMA_93_AS41_0059_SZ;WUD_93_AS41_0059_SZ_HK;1;9306630;49.01565;12.06706;;0.059;;Betriebsstatus1;Streckenstation2116;SST_93_AS41_0029_SZ;3;UZ Regensburg;A93-Nord Richtung Hof
13720;65657;Querschnitt7289;MQ_93_AS41_0059_SZ;DET_93_AS41_0059_SZ_E1;129;9306630;49.01569;12.06714;;0.059;;Betriebsstatus1;Streckenstation2116;SST_93_AS41_0029_SZ;1;UZ Regensburg;A93-Nord Richtung Hof
13721;65663;Querschnitt7293;AQ_93_AS41_0209_SZ;WZG_93_AS41_0209_SZ_C_seitl;134;9306626;49.01439;12.06635;;0.209;;Betriebsstatus1;Streckenstation2117;SST_93_AS41_0199_SZ;4;UZ Regensburg;A93-Nord Richtung Hof
13725;65458;Querschnitt7294;BMS_93_AS41_0199_SZ;BMS_93_AS41_0199_SZ_Temp;2;9306626;49.01443;12.06652;;197.3;;Betriebsstatus1;Streckenstation2117;SST_93_AS41_0199_SZ;6;UZ Regensburg;A93-Nord Richtung Hof
13730;65457;Querschnitt7295;GMA_93_AS41_0209_SZ;WUD_93_AS41_0209_SZ_HK;1;9306626;49.01439;12.06635;;0.209;;Betriebsstatus1;Streckenstation2117;SST_93_AS41_0199_SZ;3;UZ Regensburg;A93-Nord Richtung Hof
13731;65375;Querschnitt7296;AQ_93_AS43_0095_SZ;WZG_93_AS43_0095_SZ_ZFR_AQ1;131;9306690;49.00211;12.06516;;0.095;;Betriebsstatus1;Streckenstation2118;SST_93_AS43_0045_SZ;4;UZ Regensburg;A93-Nord Richtung Hof
13733;65528;Querschnitt7297;BMS_93_AS43_0045_SZ;BMS_93_AS43_0045_SZ_Netz;3;9306690;49.00212;12.06545;;199.1;;Betriebsstatus1;Streckenstation2118;SST_93_AS43_0045_SZ;6;UZ Regensburg;A93-Nord Richtung Hof
13736;64842;Querschnitt7298;GMA_93_AS43_0095_SZ;WUD_93_AS43_0095_SZ_HK;1;9306690;49.00211;12.06516;;0.095;;Betriebsstatus1;Streckenstation2118;SST_93_AS43_0045_SZ;3;UZ Regensburg;A93-Nord Richtung Hof
13737;57199;Querschnitt5173;AQAQ01-Mch;WZGAQ01-Mch_A2;34;9416276;48.14837808;11.78427607;5173;12.01;;Betriebsstatus1;Streckenstation1397;SSTAQ01;4;UZ Riem;A94 Richtung M.-Zentrum
13744;62935;Querschnitt5175;BMSAQ01;BMSAQ01_Tuer;1;9416276;48.1486119;11.78461644;5175;12.04;;Betriebsstatus1;Streckenstation1397;SSTAQ01;6;UZ Riem;A94 Richtung M.-Zentrum
13747;61412;Querschnitt5174;GMAAQ01-Mch;WUD_HK_AQ01-Mch;1;9416276;48.14843746;11.7842225;5174;12.01;;Betriebsstatus1;Streckenstation1397;SSTAQ01;3;UZ Riem;A94 Richtung M.-Zentrum
13748;59808;Querschnitt5171;MQAQ01-Mch;DETAQ01-Mch-H2;34;9416276;48.14829449;11.78411287;5171;11.925;;Betriebsstatus1;Streckenstation1397;SSTAQ01;1;UZ Riem;A94 Richtung M.-Zentrum
13750;63421;Querschnitt5171_1;MQAQ01-Mch-A;DETAQ01-Mch-A1;65;9416276;48.14836576;11.78404856;6960;11.925;;Betriebsstatus1;Streckenstation1397;SSTAQ01;1;UZ Riem;A94 Richtung M.-Zentrum
13751;57947;Querschnitt5172;MQAQ01-Pas;DETAQ01-Pas-H1;1;9416276;48.14823051;11.78425536;5172;11.925;;Betriebsstatus1;Streckenstation1397;SSTAQ01;1;UZ Riem;A94 Richtung Passau
13753;58867;Querschnitt667;AQAQ06-Mch;WZGAQ06-Mch_B1;97;9416128;48.14225888;11.7009;667;5.615;;Betriebsstatus1;Streckenstation257;SSTAQ06;4;UZ Riem;A94 Richtung M.-Zentrum
13765;61515;Querschnitt5113;BMSAQ06;BMSAQ06_Heiz;2;9416128;48.14235347;11.70126058;5113;5.645;;Betriebsstatus1;Streckenstation257;SSTAQ06;6;UZ Riem;A94 Richtung M.-Zentrum
13767;60672;Querschnitt669;GMAAQ06-Mch;WUD_HK_AQ06-Mch;1;9416128;48.14231446;11.70089818;669;5.615;;Betriebsstatus1;Streckenstation257;SSTAQ06;3;UZ Riem;A94 Richtung M.-Zentrum
13768;58995;Querschnitt668;MQAQ06-Mch;DETAQ06-Mch-H2;34;9416128;48.1422624;11.70100869;668;5.645;;Betriebsstatus1;Streckenstation257;SSTAQ06;1;UZ Riem;A94 Richtung M.-Zentrum
13771;60704;Querschnitt659;AQAQ07-Mch;WZGAQ07-Mch_RGR;161;9416109;48.14053635;11.68986617;659;4.765;;Betriebsstatus1;Streckenstation254;SSTAQ07;4;UZ Riem;A94 Richtung M.-Zentrum
13779;51427;Querschnitt5111;BMSAQ07;BMSAQ07_Heiz;2;9416109;48.14079408;11.69014193;5111;4.795;;Betriebsstatus1;Streckenstation254;SSTAQ07;6;UZ Riem;A94 Richtung M.-Zentrum
13781;57985;Querschnitt661;GMAAQ07-Mch;WUD_HK_AQ07-Mch;1;9416109;48.14058381;11.68981611;661;4.765;;Betriebsstatus1;Streckenstation254;SSTAQ07;3;UZ Riem;A94 Richtung M.-Zentrum
13782;50772;Querschnitt658;MQAQ07-Mch-A;DETAQ07-Mch-A1;97;9416109;48.14100003;11.69050002;658;4.795;;Betriebsstatus1;Streckenstation254;SSTAQ07;1;UZ Riem;A94 Richtung M.-Zentrum
13783;61428;Querschnitt660;MQAQ07-Mch-E;DETAQ07-Mch-E1;161;9416109;48.1405;11.68930003;660;4.766;;Betriebsstatus1;Streckenstation254;SSTAQ07;1;UZ Riem;A94 Richtung M.-Zentrum
13784;57180;Querschnitt656;AQAQ08-Mch;WZGAQ08-Mch_A2;34;9416097;48.1382782;11.6837367;656;4.245;;Betriebsstatus1;Streckenstation253;SSTAQ08;4;UZ Riem;A94 Richtung M.-Zentrum
13796;56323;Querschnitt5193;BMSAQ08;BMSAQ08_Heiz;2;9416097;48.13846984;11.68420479;5193;4.275;;Betriebsstatus1;Streckenstation253;SSTAQ08;6;UZ Riem;A94 Richtung M.-Zentrum
13798;59645;Querschnitt655;GMAAQ08-Mch;WUD_HK_AQ08-Mch;1;9416097;48.13832806;11.6836973;655;4.245;;Betriebsstatus1;Streckenstation253;SSTAQ08;3;UZ Riem;A94 Richtung M.-Zentrum
13799;56062;Querschnitt657;MQAQ08-Mch;DETAQ08-Mch-H2;34;9416097;48.13828888;11.68392;657;4.275;;Betriebsstatus1;Streckenstation253;SSTAQ08;1;UZ Riem;A94 Richtung M.-Zentrum
13802;62361;Querschnitt649;AQAQ09-Mch;WZGAQ09-Mch_RGR;161;9416072;48.13827581;11.66933185;649;3.135;;Betriebsstatus1;Streckenstation250;SSTAQ09;4;UZ Riem;A94 Richtung M.-Zentrum
13811;62317;Querschnitt5189;BMSAQ09;BMSAQ09_Tuer;1;9416072;48.13824345;11.66966268;5189;3.165;;Betriebsstatus1;Streckenstation250;SSTAQ09;6;UZ Riem;A94 Richtung M.-Zentrum
13813;60514;Querschnitt648;GMA03-Mch;WUD_TPT_03-Mch;5;9416072;48.13817545;11.67001505;648;3.2;;Betriebsstatus1;Streckenstation250;SSTAQ09;3;UZ Riem;A94 Richtung M.-Zentrum
13825;55112;Querschnitt651;GMAAQ09-Mch;WUD_HK_AQ09-Mch;1;9416072;48.13830677;11.66934232;651;3.135;;Betriebsstatus1;Streckenstation250;SSTAQ09;3;UZ Riem;A94 Richtung M.-Zentrum
13826;57129;Querschnitt650;MQAQ09-Mch;DETAQ09-Mch-H1;33;9416072;48.13820706;11.66942117;650;3.165;;Betriebsstatus1;Streckenstation250;SSTAQ09;1;UZ Riem;A94 Richtung M.-Zentrum
13829;59227;Querschnitt645;AQAQ10-Mch;WZGAQ10-Mch_A1;34;9416046;48.13947104;11.65418666;645;2.01;;Betriebsstatus1;Streckenstation249;SSTAQ10;4;UZ Riem;A94 Richtung M.-Zentrum
13835;61113;Querschnitt5187;BMSAQ10;BMSAQ10_Heiz;2;9416046;48.13951503;11.65457386;5187;2.04;;Betriebsstatus1;Streckenstation249;SSTAQ10;6;UZ Riem;A94 Richtung M.-Zentrum
13837;57660;Querschnitt647;GMAAQ10-Mch;WUD_HK_AQ10-Mch;1;9416046;48.13952336;11.65417564;647;2.01;;Betriebsstatus1;Streckenstation249;SSTAQ10;3;UZ Riem;A94 Richtung M.-Zentrum
13838;55281;Querschnitt646;MQAQ10-Mch;DETAQ10-Mch-H2;35;9416046;48.13942345;11.65418698;646;2.04;;Betriebsstatus1;Streckenstation249;SSTAQ10;1;UZ Riem;A94 Richtung M.-Zentrum
13840;52714;Querschnitt577;AQAQ11-Pas;WZGAQ11-Pas_A2;3;9406038;48.13918447;11.64990827;577;1.7;;Betriebsstatus1;Streckenstation225;SSTAQ11;4;UZ Riem;A94 Richtung Passau
13846;52267;Querschnitt5186;BMSAQ11;BMSAQ11_Tuer;1;9406038;48.139141;11.64969883;5186;1.68;;Betriebsstatus1;Streckenstation225;SSTAQ11;6;UZ Riem;A94 Richtung Passau
13848;51383;Querschnitt579;GMAAQ11-Pas;WUD_HK_AQ11-Pas;1;9406038;48.13914401;11.649905;579;1.7;;Betriebsstatus1;Streckenstation225;SSTAQ11;3;UZ Riem;A94 Richtung Passau
13849;61038;Querschnitt578;MQAQ11-Pas;DETAQ11-Pas-H1;2;9406038;48.13920828;11.64991167;578;1.68;;Betriebsstatus1;Streckenstation225;SSTAQ11;1;UZ Riem;A94 Richtung Passau
13851;55578;Querschnitt615;AQAQ115A-Pas;WZGAQ115A-Pas_RGL;130;9406140;48.14201074;11.70865751;615;6.19;;Betriebsstatus1;Streckenstation239;SSTAQ115A;4;UZ Riem;A94 Richtung Passau
13857;55568;Querschnitt6034;AQAQ115B-Pas;WZGAQ115B-Pas_D1;165;9406140;48.14181537;11.70855906;6034;6.19;;Betriebsstatus1;Streckenstation239;SSTAQ115A;4;UZ Riem;A94 Richtung Passau
13861;52184;Querschnitt5203;BMSAQ115A;BMSAQ115A_Tuer;1;9406140;48.14191484;11.70837719;5203;6.15;;Betriebsstatus1;Streckenstation239;SSTAQ115A;6;UZ Riem;A94 Richtung Passau
13863;57805;Querschnitt617;GMAAQ115A-Pas;WUD_HK_AQ115A-Pas;1;9406140;48.14193698;11.70866503;617;6.19;;Betriebsstatus1;Streckenstation239;SSTAQ115A;3;UZ Riem;A94 Richtung Passau
13864;55205;Querschnitt5817;GMAAQ115B-Pas;WUD_HK_AQ115B-Pas;2;9406140;48.14183691;11.70860872;5817;6.19;;Betriebsstatus1;Streckenstation239;SSTAQ115A;3;UZ Riem;A94 Richtung Passau
13865;57156;Querschnitt616;MQAQ115A-Pas;DETAQ115A-Pas-H1;1;9406140;48.14201521;11.70854371;616;6.19;;Betriebsstatus1;Streckenstation239;SSTAQ115A;1;UZ Riem;A94 Richtung Passau
13867;54705;Querschnitt625;AQAQ115C-Pas;WZGAQ115C-Pas_A1;1;9406156;48.14183484;11.71829676;625;6.91;;Betriebsstatus1;Streckenstation242;SSTAQ115C;4;UZ Riem;A94 Richtung Passau
13876;54426;Querschnitt5205;BMSAQ115C;BMSAQ115C_Tuer;1;9406156;48.14171659;11.71762547;5205;6.88;;Betriebsstatus1;Streckenstation242;SSTAQ115C;6;UZ Riem;A94 Richtung Passau
13878;59240;Querschnitt624;GMAAQ115C-Pas;WUD_HK_AQ115C-Pas;1;9406156;48.14173965;11.71829728;624;6.91;;Betriebsstatus1;Streckenstation242;SSTAQ115C;3;UZ Riem;A94 Richtung Passau
13879;54607;Querschnitt626;MQAQ115C-Pas;DETAQ115C-Pas-H1;1;9406156;48.14183927;11.7181652;626;6.91;;Betriebsstatus1;Streckenstation242;SSTAQ115C;1;UZ Riem;A94 Richtung Passau
13882;61658;Querschnitt627;NMGSWM02-Pas;WUD_SW_SWM02-Pas;2;9406156;48.14171397;11.71752595;627;6.9;;Betriebsstatus1;Streckenstation242;SSTAQ115C;3;UZ Riem;A94 Richtung Passau
13883;59057;Querschnitt628;AQAQ116-Pas;WZGAQ116-Pas_C2;74;9406179;48.14264922;11.73150382;628;7.895;;Betriebsstatus1;Streckenstation243;SSTAQ116;4;UZ Riem;A94 Richtung Passau
13892;54177;Querschnitt5210;BMSAQ116;BMSAQ116_Tuer;1;9406179;48.14253627;11.73102444;5210;7.858;;Betriebsstatus1;Streckenstation243;SSTAQ116;6;UZ Riem;A94 Richtung Passau
13894;63271;Querschnitt630;GMAAQ116-Pas;WUD_HK_AQ116-Pas;1;9406179;48.14253981;11.73152216;630;7.895;;Betriebsstatus1;Streckenstation243;SSTAQ116;3;UZ Riem;A94 Richtung Passau
13895;61930;Querschnitt629;MQAQ116-Pas;DETAQ116-Pas-H3;3;9406179;48.14265126;11.73135804;629;7.858;78369112;Betriebsstatus1;Streckenstation243;SSTAQ116;1;UZ Riem;A94 Richtung Passau
13898;50763;Querschnitt632;AQAQ117-Pas;WZGAQ117-Pas_RGL;130;9406200;48.14299681;11.74413052;632;8.843;;Betriebsstatus1;Streckenstation244;SSTAQ117;4;UZ Riem;A94 Richtung Passau
13910;56145;Querschnitt5213;BMSAQ117;BMSAQ117_Heiz;2;9406200;48.14286995;11.74379339;5213;8.82;;Betriebsstatus1;Streckenstation244;SSTAQ117;6;UZ Riem;A94 Richtung Passau
13912;54234;Querschnitt631;GMAAQ117-Pas;WUD_HK_AQ117-Pas;1;9406200;48.1428731;11.7441418;631;8.843;;Betriebsstatus1;Streckenstation244;SSTAQ117;3;UZ Riem;A94 Richtung Passau
13913;60788;Querschnitt633;MQAQ117-Pas;DETAQ117-Pas-H4;4;9406200;48.14299187;11.74404876;633;8.843;;Betriebsstatus1;Streckenstation244;SSTAQ117;1;UZ Riem;A94 Richtung Passau
13917;61939;Querschnitt634;MQAQ117a-Pas-A;DETAQ117a-Pas-A1;65;9406200;48.14270005;11.74049995;634;8.55;;Betriebsstatus1;Streckenstation244;SSTAQ117;1;UZ Riem;A94 Richtung Passau
13918;59141;Querschnitt643;AQAQ118-Pas;WZGAQ118-Pas_C1;74;9406242;48.14259889;11.76908001;643;10.698;;Betriebsstatus1;Streckenstation248;SSTAQ118;4;UZ Riem;A94 Richtung Passau
13922;52243;Querschnitt5221;BMSAQ118;BMSAQ118_Heiz;2;9406242;48.14246345;11.76872863;5221;10.668;;Betriebsstatus1;Streckenstation248;SSTAQ118;6;UZ Riem;A94 Richtung Passau
13924;59584;Querschnitt642;GMAAQ118-Pas;WUD_HK_AQ118-Pas;1;9406242;48.14251422;11.76913015;642;10.698;;Betriebsstatus1;Streckenstation248;SSTAQ118;3;UZ Riem;A94 Richtung Passau
13925;61171;Querschnitt644;MQAQ118-Pas;DETAQ118-Pas-H2;3;9406242;48.14259251;11.76901248;644;10.668;78369840;Betriebsstatus1;Streckenstation248;SSTAQ118;1;UZ Riem;A94 Richtung Passau
13927;53787;Querschnitt641;NMGSWM04-Pas;WUD_SW_SWM04-Pas;2;9406242;48.1425335;11.7682635;641;10.678;;Betriebsstatus1;Streckenstation248;SSTAQ118;3;UZ Riem;A94 Richtung Passau
13928;54873;Querschnitt580;AQAQ12-Pas;WZGAQ12-Pas_B2;66;9406057;48.13905168;11.66120003;580;2.54;;Betriebsstatus1;Streckenstation226;SSTAQ12;4;UZ Riem;A94 Richtung Passau
13937;62764;Querschnitt5115;BMSAQ12;BMSAQ12_Tuer;1;9406057;48.13904856;11.6609512;5115;2.51;;Betriebsstatus1;Streckenstation226;SSTAQ12;6;UZ Riem;A94 Richtung Passau
13939;63206;Querschnitt582;GMAAQ12-Pas;WUD_HK_AQ12-Pas;1;9406057;48.13900641;11.66117899;582;2.54;;Betriebsstatus1;Streckenstation226;SSTAQ12;3;UZ Riem;A94 Richtung Passau
13940;55534;Querschnitt581;MQAQ12-Pas;DETAQ12-Pas-H2;2;9406057;48.13909687;11.66119263;581;2.51;;Betriebsstatus1;Streckenstation226;SSTAQ12;1;UZ Riem;A94 Richtung Passau
13943;61672;Querschnitt587;AQAQ13-Pas;WZGAQ13-Pas_B2;66;9406077;48.13740073;11.67286753;587;3.41;;Betriebsstatus1;Streckenstation229;SSTAQ13;4;UZ Riem;A94 Richtung Passau
13952;56095;Querschnitt5116;BMSAQ13;BMSAQ13_Heiz;2;9406077;48.13738527;11.67245169;5116;3.38;;Betriebsstatus1;Streckenstation229;SSTAQ13;6;UZ Riem;A94 Richtung Passau
13954;60808;Querschnitt589;GMAAQ13-Pas;WUD_HK_AQ13-Pas;1;9406077;48.13735786;11.67285357;589;3.41;;Betriebsstatus1;Streckenstation229;SSTAQ13;3;UZ Riem;A94 Richtung Passau
13955;52315;Querschnitt588;MQAQ13-Pas;DETAQ13-Pas-H1;2;9406077;48.13746889;11.67277001;588;3.38;;Betriebsstatus1;Streckenstation229;SSTAQ13;1;UZ Riem;A94 Richtung Passau
13957;53902;Querschnitt586;MQAQ13-Pas-A;DETAQ13-Pas-A1;65;9406077;48.13718699;11.67134026;586;3.267;;Betriebsstatus1;Streckenstation229;SSTAQ13;1;UZ Riem;A94 Richtung Passau
13958;54326;Querschnitt5190;MQAQ13-Pas-E;DETAQ13-Pas-E1;1;9406077;48.13727889;11.67177;5190;3.38;;Betriebsstatus1;Streckenstation229;SSTAQ13;1;UZ Riem;A94 Richtung Passau
13959;62367;Querschnitt607;AQAQ14-Pas;WZGAQ14-Pas_B2;66;9406115;48.1414451;11.69423363;607;5.105;;Betriebsstatus1;Streckenstation235;SSTAQ14;4;UZ Riem;A94 Richtung Passau
13971;60221;Querschnitt5196;BMSAQ14;BMSAQ14_Tuer;1;9406115;48.14125635;11.6938816;5196;5.075;;Betriebsstatus1;Streckenstation235;SSTAQ14;6;UZ Riem;A94 Richtung Passau
13973;54328;Querschnitt609;GMAAQ14-Pas;WUD_HK_AQ14-Pas;1;9406115;48.14140943;11.6942445;609;5.105;;Betriebsstatus1;Streckenstation235;SSTAQ14;3;UZ Riem;A94 Richtung Passau
13974;57647;Querschnitt608;MQAQ14-Pas;DETAQ14-Pas-H1;1;9406115;48.14150211;11.69419774;608;5.075;78369111;Betriebsstatus1;Streckenstation235;SSTAQ14;1;UZ Riem;A94 Richtung Passau
13977;52235;Querschnitt4498;AQAQ188-Mch;WZGAQ188-Mch_W1;1;9416271;48.14733829;11.7817737;4498;11.784;;Betriebsstatus1;Streckenstation1192;SSTAQ188;4;UZ Riem;A94 Richtung M.-Zentrum
13987;54447;Querschnitt4497;BMSAQ188;BMSAQ188_Netz;2;9416271;48.14756716;11.78200742;4497;11.81;;Betriebsstatus1;Streckenstation1192;SSTAQ188;6;UZ Riem;A94 Richtung M.-Zentrum
13990;53827;Querschnitt4496;AQAQ190-Mch;WZGAQ190-Mch_W3;3;9416261;48.14483987;11.77682797;4496;11.32;;Betriebsstatus1;Streckenstation1191;SSTAQ190;4;UZ Riem;A94 Richtung M.-Zentrum
14000;59702;Querschnitt4495;BMSAQ190;BMSAQ190_Netz;2;9416261;48.14502815;11.77698004;4495;11.35;;Betriebsstatus1;Streckenstation1191;SSTAQ190;6;UZ Riem;A94 Richtung M.-Zentrum
14003;59634;Querschnitt4500;AQAQ194-Mch;WZGAQ194-Mch_BL1;9;9416247;48.14281729;11.7695661;4500;10.73;;Betriebsstatus1;Streckenstation1193;SSTAQ194;4;UZ Riem;A94 Richtung M.-Zentrum
14013;56490;Querschnitt4499;BMSAQ194;BMSAQ194_Netz;2;9416247;48.14298692;11.76990666;4499;10.76;;Betriebsstatus1;Streckenstation1193;SSTAQ194;6;UZ Riem;A94 Richtung M.-Zentrum
14016;61134;Querschnitt5882;AQAQ195-Mch;WZGAQ195-Mch_W3;3;9416238;48.1426226;11.76389628;5882;10.305;;Betriebsstatus1;Streckenstation1615;SSTAQ195;4;UZ Riem;A94 Richtung M.-Zentrum
14022;55245;Querschnitt5881;BMSAQ195;BMSAQ195_Netz;2;9416238;48.14275911;11.76432584;5881;10.335;;Betriebsstatus1;Streckenstation1615;SSTAQ195;6;UZ Riem;A94 Richtung M.-Zentrum
14025;63427;Querschnitt5882_3;MQAQ195-Mch-A;DETAQ195-Mch-A1;65;9416238;48.14271541;11.76390651;6962;10.305;;Betriebsstatus1;Streckenstation1615;SSTAQ195;1;UZ Riem;A94 Richtung M.-Zentrum
14026;63420;Querschnitt5882_1;MQAQ195-Mch-H;DETAQ195-Mch-H2;2;9416238;48.14258453;11.76390356;6963;10.305;;Betriebsstatus1;Streckenstation1615;SSTAQ195;1;UZ Riem;A94 Richtung M.-Zentrum
14028;63415;Querschnitt5882_2;MQAQ195-Mch-P;DETAQ195-Mch-P1;81;9416238;48.14266068;11.76390321;6964;10.305;;Betriebsstatus1;Streckenstation1615;SSTAQ195;1;UZ Riem;A94 Richtung M.-Zentrum
14029;54288;Querschnitt4504;AQAQ196-Mch;WZGAQ196-Mch_W3;3;9416231;48.14284898;11.76059946;4504;10.055;;Betriebsstatus1;Streckenstation1195;SSTAQ196;4;UZ Riem;A94 Richtung M.-Zentrum
14035;55556;Querschnitt4503;BMSAQ196;BMSAQ196_Tuer;1;9416231;48.14289581;11.7602366;4503;10.03;;Betriebsstatus1;Streckenstation1195;SSTAQ196;6;UZ Riem;A94 Richtung M.-Zentrum
14038;62864;Querschnitt4649;AQAQ198a-Mch;WZGAQ198a-Mch_W3;3;9416230;48.14291394;11.75865795;4649;9.92;;Betriebsstatus1;Streckenstation1391;SSTAQ198a;4;UZ Riem;A94 Richtung M.-Zentrum
14043;52210;Querschnitt5385;BMSAQ198a;BMSAQ198a_Netz;2;9416230;48.14292384;11.75883923;5385;10.03;;Betriebsstatus1;Streckenstation1391;SSTAQ198a;6;UZ Riem;A94 Richtung M.-Zentrum
14046;54766;Querschnitt4502;AQAQ198b-Mch;WZGAQ198b-Mch_W2;2;9416221;48.14299385;11.75557053;4502;9.68;;Betriebsstatus1;Streckenstation1194;SSTAQ198b;4;UZ Riem;A94 Richtung M.-Zentrum
14051;51486;Querschnitt4501;BMSAQ198b;BMSAQ198b_Temp;3;9416221;48.14301465;11.75536959;4501;9.62;;Betriebsstatus1;Streckenstation1194;SSTAQ198b;6;UZ Riem;A94 Richtung M.-Zentrum
14054;57632;Querschnitt5390;AQAQ202-Mch;WZGAQ202-Mch_A1;33;9416255;48.14371337;11.77387121;5390;11.075;;Betriebsstatus1;Streckenstation1461;SSTAQ202;4;UZ Riem;A94 Richtung M.-Zentrum
14061;58457;Querschnitt5389;BMSAQ202;BMSAQ94-202_Netz;3;9416255;48.14389947;11.77412282;5389;11.095;;Betriebsstatus1;Streckenstation1461;SSTAQ202;6;UZ Riem;A94 Richtung M.-Zentrum
14064;53256;Querschnitt5392;GMA201-Mch;WUD_RS_201-Mch;12;9416255;48.14385883;11.77403056;5392;11.095;;Betriebsstatus1;Streckenstation1461;SSTAQ202;3;UZ Riem;A94 Richtung M.-Zentrum
14078;63240;Querschnitt5892;GMA201-Pas;WUD_GT_201-Mch;19;9416255;48.14368069;11.77419489;5892;11.095;;Betriebsstatus1;Streckenstation1461;SSTAQ202;3;UZ Riem;A94 Richtung Passau
14084;57930;Querschnitt5391;GMAAQ_HK_202-Mch;WUD_HK_AQAQ202-Mch;1;9416255;48.14380131;11.77381749;5391;11.075;;Betriebsstatus1;Streckenstation1461;SSTAQ202;3;UZ Riem;A94 Richtung M.-Zentrum
14085;63417;Geraet5393_1;MQAQ202-Mch-A;DETAQ202-Mch-A1;65;9416255;48.14377303;11.77395984;6961;11.095;;Betriebsstatus1;Streckenstation1461;SSTAQ202;1;UZ Riem;A94 Richtung M.-Zentrum
14086;54024;Querschnitt5393;MQAQ202-Mch-H;DETAQ202-Mch-H1;33;9416255;48.14373028;11.77400269;5393;11.095;;Betriebsstatus1;Streckenstation1461;SSTAQ202;1;UZ Riem;A94 Richtung M.-Zentrum
14088;54291;Querschnitt699;AQAQ202B-Mch;WZGAQ202B-Mch_C1;131;9416229;48.14309919;11.7596277;699;10.0;;Betriebsstatus1;Streckenstation268;SSTAQ202B;4;UZ Riem;A94 Richtung M.-Zentrum
14092;55661;Querschnitt5733;AQAQ202C-Mch;WZGAQ202C-Mch_B1;135;9416229;48.1428639;11.7597639;5733;10.0;;Betriebsstatus1;Streckenstation268;SSTAQ202B;4;UZ Riem;A94 Richtung M.-Zentrum
14095;55585;Querschnitt5219;BMSAQ202B;BMSAQ202B_Tuer;1;9416229;48.14289024;11.75984554;5219;10.0;;Betriebsstatus1;Streckenstation268;SSTAQ202B;6;UZ Riem;A94 Richtung M.-Zentrum
14097;54726;Querschnitt5732;GMAAQ_HK_202C-Mch;WUD_HK_AQAQ202C-Mch;2;9416229;48.14290912;11.75976723;5732;10.0;;Betriebsstatus1;Streckenstation268;SSTAQ202B;3;UZ Riem;A94 Richtung M.-Zentrum
14098;62406;Querschnitt701;GMAAQ202B-Mch;WUD_HK_AQ202B-Mch;1;9416229;48.14307995;11.75953179;701;10.0;;Betriebsstatus1;Streckenstation268;SSTAQ202B;3;UZ Riem;A94 Richtung M.-Zentrum
14099;52551;Querschnitt698;MQAQ202B-Mch-A;DETAQ202B-Mch-A1;97;9416229;48.14290002;11.76080006;698;10.07;;Betriebsstatus1;Streckenstation268;SSTAQ202B;1;UZ Riem;A94 Richtung M.-Zentrum
14100;53553;Querschnitt5220;MQAQ202B-Mch-H;DETAQ202B-Mch-H1;33;9416229;48.14270006;11.761;5220;10.07;;Betriebsstatus1;Streckenstation268;SSTAQ202B;1;UZ Riem;A94 Richtung M.-Zentrum
14101;54464;Querschnitt700;MQAQ203-Mch-E;DETAQ203-Mch-E1;161;9416229;48.14293888;11.75958001;700;10.0;;Betriebsstatus1;Streckenstation268;SSTAQ202B;1;UZ Riem;A94 Richtung M.-Zentrum
14102;55117;Querschnitt5399;AQAQ202D-Mch;WZGAQ202D-Mch_B1;98;9418749;48.14329889;11.75472001;5399;9.61;;Betriebsstatus1;Streckenstation1462;SSTAQ202D_E;4;UZ Riem;A94 Richtung M.-Zentrum
14106;56890;Querschnitt5396;AQAQ202E-Mch;WZGAQ202E-Mch_A1;129;9418749;48.14302041;11.75475299;5396;9.62;;Betriebsstatus1;Streckenstation1462;SSTAQ202D_E;4;UZ Riem;A94 Richtung M.-Zentrum
14109;58916;Querschnitt5395;BMSAQ202D_E;BMSAQ02D_Tuer;1;9418749;48.14347015;11.75499689;5395;9.62;;Betriebsstatus1;Streckenstation1462;SSTAQ202D_E;6;UZ Riem;A94 Richtung M.-Zentrum
14111;59741;Querschnitt5398;GMAAQ_HK_202D-Mch;WUD_HK_AQAQ202D-Mch;1;9418749;48.14335028;11.7546281;5398;9.61;;Betriebsstatus1;Streckenstation1462;SSTAQ202D_E;3;UZ Riem;A94 Richtung M.-Zentrum
14112;51256;Querschnitt5397;GMAAQ_HK_202E-Mch;WUD_HK_AQAQ202E-Mch;2;9418749;48.14298975;11.7547496;5397;9.62;;Betriebsstatus1;Streckenstation1462;SSTAQ202D_E;3;UZ Riem;A94 Richtung M.-Zentrum
14113;61759;Querschnitt5400;MQAQ204A-Mch-H;DETAQ204A-Mch-H1;33;9418749;48.1429258;11.7557294;5400;9.68;;Betriebsstatus1;Streckenstation1462;SSTAQ202D_E;1;UZ Riem;A94 Richtung M.-Zentrum
14114;57594;Querschnitt5402;MQAQ204B-Mch-A;DETAQ204B-Mch-A1;97;9418749;48.14330005;11.76019997;5402;9.68;;Betriebsstatus1;Streckenstation1462;SSTAQ202D_E;1;UZ Riem;A94 Richtung M.-Zentrum
14115;52513;Querschnitt5401;MQAQ205-Mch-E;DETAQ205-Mch-E2;162;9418749;48.14332926;11.75472685;5401;9.61;;Betriebsstatus1;Streckenstation1462;SSTAQ202D_E;1;UZ Riem;A94 Richtung M.-Zentrum
14117;62572;Querschnitt6035;AQAQ203-Mch;WZGAQAQ203-Mch_A1;129;9416211;48.14315154;11.74739354;6035;9.07;;Betriebsstatus1;Streckenstation266;SSTAQ203;4;UZ Riem;A94 Richtung M.-Zentrum
14121;57324;Querschnitt694;AQRG203-Mch;WZGAQRG203-Mch_A2;34;9416211;48.14339166;11.74729638;694;9.07;;Betriebsstatus1;Streckenstation266;SSTAQ203;4;UZ Riem;A94 Richtung M.-Zentrum
14133;56681;Querschnitt5215;BMSAQ203;BMSAQ203_Tuer;1;9416211;48.14307585;11.74814519;5215;9.12;;Betriebsstatus1;Streckenstation266;SSTAQ203;6;UZ Riem;A94 Richtung M.-Zentrum
14135;58614;Querschnitt6036;GMAAQ203-Mch;WUD_HK_AQAQ203-Mch;3;9416211;48.14322059;11.74741454;6036;9.07;;Betriebsstatus1;Streckenstation266;SSTAQ203;3;UZ Riem;A94 Richtung M.-Zentrum
14136;58609;Querschnitt693;GMAAQRG203-Mch;WUD_HK_AQRG203-Mch;1;9416211;48.14337996;11.74738888;693;9.07;;Betriebsstatus1;Streckenstation266;SSTAQ203;3;UZ Riem;A94 Richtung M.-Zentrum
14137;53543;Querschnitt5176;MQAQ206-Mch-A;DETAQ206-Mch-A1;97;9416211;48.14330007;11.74839994;5176;9.12;;Betriebsstatus1;Streckenstation266;SSTAQ203;1;UZ Riem;A94 Richtung M.-Zentrum
14138;55772;Querschnitt5214;MQAQ206-Mch-E;DETAQ206-Mch-E1;161;9416211;48.14330007;11.74700002;5214;9.08;;Betriebsstatus1;Streckenstation266;SSTAQ203;1;UZ Riem;A94 Richtung M.-Zentrum
14139;55224;Querschnitt695;MQAQ207-Mch_H;DETAQ207-Mch-H3;35;9416211;48.14330007;11.74839994;695;9.07;;Betriebsstatus1;Streckenstation266;SSTAQ203;1;UZ Riem;A94 Richtung M.-Zentrum
14143;57709;Querschnitt6037;NMG203-Mch;WUD_SW_203-Mch;2;9416211;48.14307585;11.74814519;6037;9.11;;Betriebsstatus1;Streckenstation266;SSTAQ203;3;UZ Riem;A94 Richtung M.-Zentrum
14144;57808;Querschnitt684;AQAQ204-Mch;WZGAQ204-Mch_A1;33;9416187;48.14296107;11.73464154;684;8.18;;Betriebsstatus1;Streckenstation263;SSTAQ204;4;UZ Riem;A94 Richtung M.-Zentrum
14153;55406;Querschnitt5211;BMSAQ204;BMSAQ204_Heiz;2;9416187;48.14306919;11.73509607;5211;8.21;;Betriebsstatus1;Streckenstation263;SSTAQ204;6;UZ Riem;A94 Richtung M.-Zentrum
14155;53056;Querschnitt683;GMAAQ204-Mch;WUD_HK_AQ204-Mch;1;9416187;48.1430515;11.73464819;683;8.18;;Betriebsstatus1;Streckenstation263;SSTAQ204;3;UZ Riem;A94 Richtung M.-Zentrum
14156;58355;Querschnitt682;MQAQ208-Mch;DETAQ208-Mch-H1;33;9416187;48.14295892;11.73473755;682;8.21;78369112;Betriebsstatus1;Streckenstation263;SSTAQ204;1;UZ Riem;A94 Richtung M.-Zentrum
14159;53514;Querschnitt677;AQAQ205-Mch;WZGAQ205-Mch_RGL;162;9416169;48.14226408;11.72459081;677;7.38;;Betriebsstatus1;Streckenstation261;SSTAQ205;4;UZ Riem;A94 Richtung M.-Zentrum
14168;61594;Querschnitt5208;BMSAQ205;BMSAQ205_Heiz;2;9416169;48.14241029;11.72503089;5208;7.417;;Betriebsstatus1;Streckenstation261;SSTAQ205;6;UZ Riem;A94 Richtung M.-Zentrum
14170;62033;Querschnitt679;GMAAQ205-Mch;WUD_HK_AQ205-Mch;1;9416169;48.14237104;11.72454047;679;7.38;;Betriebsstatus1;Streckenstation261;SSTAQ205;3;UZ Riem;A94 Richtung M.-Zentrum
14171;58209;Querschnitt678;MQAQ209-Mch;DETAQ209-Mch-H2;34;9416169;48.14227881;11.72477561;678;7.417;;Betriebsstatus1;Streckenstation261;SSTAQ205;1;UZ Riem;A94 Richtung M.-Zentrum
14174;62713;Querschnitt601;AQFSA09-Pas;WZGFSA09-Pas_DLZFS2;11;9406103;48.13959313;11.68797429;601;4.57;;Betriebsstatus1;Streckenstation233;SSTFSA09;4;UZ Riem;A94 Richtung Passau
14176;61682;Querschnitt5195;BMSFSA09;BMSFSA09_Heiz;2;9406103;48.13942594;11.68752649;5195;4.537;;Betriebsstatus1;Streckenstation233;SSTFSA09;6;UZ Riem;A94 Richtung Passau
14178;56019;Querschnitt603;GMAFSA09-Pas;WUD_HK_FSA09-Pas;1;9406103;48.13959313;11.68797429;603;4.57;;Betriebsstatus1;Streckenstation233;SSTFSA09;3;UZ Riem;A94 Richtung Passau
14179;51007;Querschnitt602;MQFSA09-Pas-A;DETFSA09-Pas-A1;65;9406103;48.13940951;11.68761191;602;4.513;;Betriebsstatus1;Streckenstation233;SSTFSA09;1;UZ Riem;A94 Richtung Passau
14180;55327;Querschnitt4571;AQMo94_1-Mch;WZGMo94_1-Mch_RTLED;2;9416264;48.14584589;11.7788648;4571;11.5;;Betriebsstatus1;Streckenstation1216;SSTMo94_1;4;UZ Riem;A94 Richtung M.-Zentrum
14182;57220;Querschnitt6038;AQMo94_2-Mch;WZGMo94_1-Mch_WSLED;3;9416264;48.1458001;11.77873669;6038;11.5;;Betriebsstatus1;Streckenstation1216;SSTMo94_1;4;UZ Riem;A94 Richtung M.-Zentrum
14183;53333;Querschnitt4570;BMSMo94_1;BMSMo94_1_Netz;3;9416264;48.14601457;11.77889576;4570;11.47;;Betriebsstatus1;Streckenstation1216;SSTMo94_1;6;UZ Riem;A94 Richtung M.-Zentrum
14186;62684;Querschnitt4569;GMAMo94_1-Mch;WUD_HK_Mo94_1-Mch;33;9416264;48.14586895;11.77865461;4569;11.5;;Betriebsstatus1;Streckenstation1216;SSTMo94_1;3;UZ Riem;A94 Richtung M.-Zentrum
14187;57347;Querschnitt5818;GMAMo94_2-Mch;WUD_HK_Mo94_2-Mch;34;9416264;48.14590003;11.77872559;5818;11.5;;Betriebsstatus1;Streckenstation1216;SSTMo94_1;3;UZ Riem;A94 Richtung M.-Zentrum
14188;55583;Querschnitt5381;BMSMQ01;BMSMQ01_Heiz;2;9406006;48.13841004;11.63082386;5381;0.26;;Betriebsstatus1;Streckenstation223;SSTMQ01;6;UZ Riem;A94 Richtung Passau
14190;51946;Querschnitt571;MQMQ01-Mch;DETMQ01-Mch-H2;35;9406006;48.138639;11.63089471;571;0.26;;Betriebsstatus1;Streckenstation223;SSTMQ01;1;UZ Riem;A94 Richtung M.-Zentrum
14192;51060;Querschnitt570;MQMQ01-Pas;DETMQ01-Pas-H1;2;9406006;48.13850007;11.63089999;570;0.26;;Betriebsstatus1;Streckenstation223;SSTMQ01;1;UZ Riem;A94 Richtung Passau
14194;59577;Querschnitt576;AQAQ10B-Mch;WZGAQ10B-Mch_A2;35;9406023;48.13893872;11.64042864;576;0.99;;Betriebsstatus1;Streckenstation224;SSTMQ02;4;UZ Riem;A94 Richtung M.-Zentrum
14196;52938;Querschnitt5382;BMSMQ02;BMSMQ02_Heiz;2;9406023;48.13877777;11.64070349;5382;1.0;;Betriebsstatus1;Streckenstation224;SSTMQ02;6;UZ Riem;A94 Richtung Passau
14198;51684;Querschnitt572;GMA04-Pas;WUD_ZRG_04-Pas;14;9406023;48.1387853;11.64082787;572;1.01;;Betriebsstatus1;Streckenstation224;SSTMQ02;3;UZ Riem;A94 Richtung Passau
14210;62590;Querschnitt575;GMAAQ10B-Mch;WUD_HK_AQ10B-Mch;1;9406023;48.13901486;11.64042811;575;0.99;;Betriebsstatus1;Streckenstation224;SSTMQ02;3;UZ Riem;A94 Richtung M.-Zentrum
14211;55146;Querschnitt573;MQMQ02-Mch;DETMQ02-Mch-H2;35;9406023;48.13900656;11.64081922;573;1.0;;Betriebsstatus1;Streckenstation224;SSTMQ02;1;UZ Riem;A94 Richtung M.-Zentrum
14213;59428;Querschnitt574;MQMQ02-Pas;DETMQ02-Pas-H1;2;9406023;48.13888051;11.64083788;574;1.0;;Betriebsstatus1;Streckenstation224;SSTMQ02;1;UZ Riem;A94 Richtung Passau
14215;60090;Querschnitt5216;BMSMQ112;BMSMQ112_Tuer;1;9406214;48.1426637;11.75175474;5216;9.4;;Betriebsstatus1;Streckenstation245;SSTMQ112;6;UZ Riem;A94 Richtung Passau
14217;56851;Querschnitt636;MQMQ112A-Pas;DETMQ112A-Pas-H1;1;9406214;48.14280002;11.75199997;636;9.4;;Betriebsstatus1;Streckenstation245;SSTMQ112;1;UZ Riem;A94 Richtung Passau
14219;50683;Querschnitt635;MQMQ112B-Pas;DETMQ112B-Pas-H1;65;9406214;48.14274274;11.75199256;635;9.49;;Betriebsstatus1;Streckenstation245;SSTMQ112;1;UZ Riem;A94 Richtung Passau
14221;55699;Querschnitt5217;BMSMQ113;BMSMQ113_Tuer;1;9406221;48.14254568;11.75553813;5217;9.725;;Betriebsstatus1;Streckenstation246;SSTMQ113;6;UZ Riem;A94 Richtung Passau
14223;59420;Querschnitt637;MQMQ113-Pas-A;DETMQ113-Pas-A1;65;9406221;48.14237888;11.75526;637;9.725;;Betriebsstatus1;Streckenstation246;SSTMQ113;1;UZ Riem;A94 Richtung Passau
14224;54262;Querschnitt638;MQMQ113-Pas-E;DETMQ113-Pas-E1;129;9406221;48.14233889;11.75587;638;9.75;;Betriebsstatus1;Streckenstation246;SSTMQ113;1;UZ Riem;A94 Richtung Passau
14225;59013;Querschnitt5218;BMSMQ114;BMSMQ114_Heiz;2;9406230;48.14241764;11.76028504;5218;10.1;;Betriebsstatus1;Streckenstation247;SSTMQ114;6;UZ Riem;A94 Richtung Passau
14227;51161;Querschnitt640;MQMQ114-Pas-A;DETMQ114-Pas-A1;65;9406230;48.14231889;11.76005001;640;10.1;;Betriebsstatus1;Streckenstation247;SSTMQ114;1;UZ Riem;A94 Richtung Passau
14228;53504;Querschnitt639;MQMQ114-Pas-E;DETMQ114-Pas-E1;129;9406230;48.14219255;11.76074827;639;10.125;;Betriebsstatus1;Streckenstation247;SSTMQ114;1;UZ Riem;A94 Richtung Passau
14229;58424;Querschnitt5114;BMSWWQ02B;BMSWWQ02B_Heiz;2;9416144;48.14215916;11.71090004;5114;6.355;;Betriebsstatus1;Streckenstation258;SSTWWQ02B;6;UZ Riem;A94 Richtung M.-Zentrum
14231;54221;Querschnitt671;MQWWQ02B-Mch-A;DETWWQ02B-Mch-A2;98;9416144;48.14230002;11.71110002;671;6.394;;Betriebsstatus1;Streckenstation258;SSTWWQ02B;1;UZ Riem;A94 Richtung M.-Zentrum
14233;59482;Querschnitt670;MQWWQ02B-Mch-E;DETWWQ02B-Mch-E1;161;9416144;48.14222807;11.7099184;670;6.293;;Betriebsstatus1;Streckenstation258;SSTWWQ02B;1;UZ Riem;A94 Richtung M.-Zentrum
14234;51082;Querschnitt5731;AQFSA02-Mch;WZGFSA02-Mch_DLZFS2;42;9416123;48.14212817;11.69809617;5731;5.4;;Betriebsstatus1;Streckenstation256;SSTWWQ03;4;UZ Riem;A94 Richtung M.-Zentrum
14237;53955;Querschnitt665;AQWWQ03-Mch;WZGWWQ03-Mch_WTA4;229;9416123;48.14212817;11.69809617;665;5.4;;Betriebsstatus1;Streckenstation256;SSTWWQ03;4;UZ Riem;A94 Richtung M.-Zentrum
14242;62868;Querschnitt5198;BMSWWQ03;BMSWWQ03_Tuer;1;9416123;48.14218176;11.69837471;5198;5.43;;Betriebsstatus1;Streckenstation256;SSTWWQ03;6;UZ Riem;A94 Richtung M.-Zentrum
14244;53303;Querschnitt666;GMAFSA02-Mch;WUD_HK_FSA02-Mch;1;9416123;48.14212817;11.69809617;666;5.4;;Betriebsstatus1;Streckenstation256;SSTWWQ03;3;UZ Riem;A94 Richtung M.-Zentrum
14245;56113;Querschnitt5727;AQFSA03-Mch;WZGFSA03-Mch_DLZFS3;43;9416118;48.14177007;11.69474721;5727;5.15;;Betriebsstatus1;Streckenstation255;SSTWWQ04;4;UZ Riem;A94 Richtung M.-Zentrum
14248;56009;Querschnitt662;AQWWQ04-Mch;WZGWWQ04-Mch_WTA4;229;9416118;48.14172017;11.69477239;662;5.15;;Betriebsstatus1;Streckenstation255;SSTWWQ04;4;UZ Riem;A94 Richtung M.-Zentrum
14253;57645;Querschnitt5197;BMSWWQ04;BMSWWQ04_Tuer;1;9416118;48.14187123;11.69520523;5197;5.18;;Betriebsstatus1;Streckenstation255;SSTWWQ04;6;UZ Riem;A94 Richtung M.-Zentrum
14255;51809;Querschnitt664;GMAFSA03-Mch;WUD_HK_FSA03-Mch;1;9416118;48.14177024;11.69481121;664;5.15;;Betriebsstatus1;Streckenstation255;SSTWWQ04;3;UZ Riem;A94 Richtung M.-Zentrum
14256;50881;Querschnitt663;MQWWQ04-Mch;DETWWQ04-Mch-H2;34;9416118;48.14172277;11.69485415;663;5.18;78369111;Betriebsstatus1;Streckenstation255;SSTWWQ04;1;UZ Riem;A94 Richtung M.-Zentrum
14259;53388;Querschnitt654;AQWWQ05-Mch;WZGWWQ05-Mch_WTA1;226;9416092;48.13762641;11.68121668;654;4.038;;Betriebsstatus1;Streckenstation252;SSTWWQ05;4;UZ Riem;A94 Richtung M.-Zentrum
14261;58710;Querschnitt5192;BMSWWQ05;BMSWWQ05_Tuer;1;9416092;48.13778219;11.68162098;5192;4.066;;Betriebsstatus1;Streckenstation252;SSTWWQ05;6;UZ Riem;A94 Richtung M.-Zentrum
14263;62581;Querschnitt653;AQWWQ06-Mch;WZGWWQ06-Mch_WTA2;227;9416085;48.13725016;11.67684644;653;3.71;;Betriebsstatus1;Streckenstation251;SSTWWQ06;4;UZ Riem;A94 Richtung M.-Zentrum
14265;51211;Querschnitt5112;BMSWWQ06;BMSWWQ06_Heiz;2;9416085;48.13733454;11.67723696;5112;3.74;;Betriebsstatus1;Streckenstation251;SSTWWQ06;6;UZ Riem;A94 Richtung M.-Zentrum
14267;53995;Querschnitt652;MQWWQ06-Mch-A;DETWWQ06-Mch-A1;97;9416085;48.13750007;11.67410005;652;3.547;;Betriebsstatus1;Streckenstation251;SSTWWQ06;1;UZ Riem;A94 Richtung M.-Zentrum
14268;56389;Querschnitt583;AQWWQ07-Pas;WZGWWQ07-Pas_WTA1;226;9406063;48.13877378;11.66462536;583;2.8;;Betriebsstatus1;Streckenstation227;SSTWWQ07;4;UZ Riem;A94 Richtung Passau
14272;54890;Querschnitt5188;BMSWWQ07;BMSWWQ07_Heiz;2;9406063;48.1387326;11.66437321;5188;2.77;;Betriebsstatus1;Streckenstation227;SSTWWQ07;6;UZ Riem;A94 Richtung Passau
14274;52197;Querschnitt5548;AQWWQ08-Pas;WZGWWQ08-Pas_WTA4;229;9406069;48.13821282;11.66811645;5548;3.05;;Betriebsstatus1;Streckenstation1541;SSTWWQ08;4;UZ Riem;A94 Richtung Passau
14278;51300;Querschnitt5549;BMSWWQ08;BMSWWQ08_Tuer;1;9406069;48.13827551;11.66757569;5549;3.02;;Betriebsstatus1;Streckenstation1541;SSTWWQ08;6;UZ Riem;A94 Richtung Passau
14280;63242;Querschnitt5547;MQWWQ08-Pas;DETWWQ08-Pas-H2;2;9406069;48.13828857;11.66797732;5547;3.05;;Betriebsstatus1;Streckenstation1541;SSTWWQ08;1;UZ Riem;A94 Richtung Passau
14283;62158;Querschnitt5734;AQFSA06-Pas;WZGFSA06-Pas_DLZFS2;10;9406083;48.13712588;11.6766517;5734;3.7;;Betriebsstatus1;Streckenstation230;SSTWWQ09;4;UZ Riem;A94 Richtung Passau
14286;57875;Querschnitt590;AQWWQ09-Pas;WZGWWQ09-Pas_WTA2;226;9406083;48.1370783;11.67665555;590;3.7;;Betriebsstatus1;Streckenstation230;SSTWWQ09;4;UZ Riem;A94 Richtung Passau
14292;59297;Querschnitt5191;BMSWWQ09;BMSWWQ09_Tuer;1;9406083;48.13702964;11.67627193;5191;3.67;;Betriebsstatus1;Streckenstation230;SSTWWQ09;6;UZ Riem;A94 Richtung Passau
14294;60645;Querschnitt591;GMAFSA06-Pas;WUD_HK_FSA06-Pas;1;9406083;48.13701406;11.67665596;591;3.7;;Betriebsstatus1;Streckenstation230;SSTWWQ09;3;UZ Riem;A94 Richtung Passau
14295;61967;Querschnitt5736;AQFSA07-Pas;WZGFSA07-Pas_DLZFS1;9;9406090;48.13731475;11.68037964;5736;4.0;;Betriebsstatus1;Streckenstation231;SSTWWQ10;4;UZ Riem;A94 Richtung Passau
14298;50682;Querschnitt594;AQWWQ10-Pas;WZGWWQ10-Pas_WTA1;225;9406090;48.13735282;11.6803794;594;4.0;;Betriebsstatus1;Streckenstation231;SSTWWQ10;4;UZ Riem;A94 Richtung Passau
14304;61677;Querschnitt5107;BMSWWQ10;BMSWWQ10_Heiz;2;9406090;48.13721407;11.68011365;5107;3.95;;Betriebsstatus1;Streckenstation231;SSTWWQ10;6;UZ Riem;A94 Richtung Passau
14306;60837;Querschnitt592;GMAFSA07-Pas;WUD_HK_FSA07-Pas;1;9406090;48.13727441;11.680419;592;3.95;;Betriebsstatus1;Streckenstation231;SSTWWQ10;3;UZ Riem;A94 Richtung Passau
14307;50819;Querschnitt593;MQWWQ10-Mch;DETWWQ10-Mch-H3;35;9406090;48.13743557;11.68018693;593;3.95;78369100;Betriebsstatus1;Streckenstation231;SSTWWQ10;1;UZ Riem;A94 Richtung M.-Zentrum
14310;57270;Querschnitt595;MQWWQ10-Pas;DETWWQ10-Pas-H2;2;9406090;48.13732617;11.68020538;595;3.95;78369100;Betriebsstatus1;Streckenstation231;SSTWWQ10;1;UZ Riem;A94 Richtung Passau
14313;62349;Querschnitt596;NMGSWM01-Pas;WUD_SW_SWM01-Pas;2;9406090;48.13718001;11.67984368;596;3.92;;Betriebsstatus1;Streckenstation231;SSTWWQ10;3;UZ Riem;A94 Richtung Passau
14314;52193;Querschnitt5735;AQFSA08-Pas;WZGFSA08-Pas_DLZFS1;9;9406097;48.1382054;11.68406486;5735;4.29;;Betriebsstatus1;Streckenstation232;SSTWWQ11;4;UZ Riem;A94 Richtung Passau
14317;57802;Querschnitt5384;AQWWQ11-Pas;WZGWWQ11-Pas_WTA5;229;9406097;48.1382054;11.68406486;5384;4.29;;Betriebsstatus1;Streckenstation232;SSTWWQ11;4;UZ Riem;A94 Richtung Passau
14323;54856;Querschnitt5194;BMSWWQ11;BMSWWQ11_Heiz;2;9406097;48.13801578;11.68376123;5194;4.26;;Betriebsstatus1;Streckenstation232;SSTWWQ11;6;UZ Riem;A94 Richtung Passau
14325;62832;Querschnitt598;GMAFSA08-Pas;WUD_HK_FSA08-Pas;1;9406097;48.1382054;11.68406486;598;4.29;;Betriebsstatus1;Streckenstation232;SSTWWQ11;3;UZ Riem;A94 Richtung Passau
14326;61474;Querschnitt600;MQWWQ11-Pas-A;DETWWQ11-Pas-A2;66;9406097;48.13790007;11.68380002;600;4.26;;Betriebsstatus1;Streckenstation232;SSTWWQ11;1;UZ Riem;A94 Richtung Passau
14328;53246;Querschnitt597;MQWWQ11-Pas-ASTAU;DETWWQ11-Pas-ASTAU;67;9406097;48.13760006;11.68229998;597;4.26;;Betriebsstatus1;Streckenstation232;SSTWWQ11;1;UZ Riem;A94 Richtung Passau
14329;55725;Querschnitt622;AQWWQ114-Pas;WZGWWQ114-Pas_W2;2;9406144;48.14088681;11.71117381;622;6.5;;Betriebsstatus1;Streckenstation241;SSTWWQ114;4;UZ Riem;A94 Richtung Passau
14335;61188;Querschnitt5204;BMSWWQ114;BMSWWQ114_Heiz;2;9406144;48.14181761;11.71133925;5204;6.5;;Betriebsstatus1;Streckenstation241;SSTWWQ114;6;UZ Riem;A94 Richtung Passau
14337;52276;Querschnitt623;MQWWQ114-Pas;DETWWQ114-Pas-H1;1;9406144;48.14186549;11.71240556;623;6.5;;Betriebsstatus1;Streckenstation241;SSTWWQ114;1;UZ Riem;A94 Richtung Passau
14339;52376;Querschnitt612;AQWWQ12-Pas;WZGWWQ12-Pas_WTA1;226;9406125;48.14206622;11.69968727;612;5.52;;Betriebsstatus1;Streckenstation237;SSTWWQ12;4;UZ Riem;A94 Richtung Passau
14341;60790;Querschnitt5199;BMSWWQ12;BMSWWQ12_Tuer;1;9406125;48.14197949;11.69927892;5199;5.49;;Betriebsstatus1;Streckenstation237;SSTWWQ12;6;UZ Riem;A94 Richtung Passau
14343;55868;Querschnitt614;AQWWQ13-Pas;WZGWWQ13-Pas_WTA1;226;9406133;48.14214289;11.70448999;614;5.884;;Betriebsstatus1;Streckenstation238;SSTWWQ13;4;UZ Riem;A94 Richtung Passau
14345;58797;Querschnitt5200;BMSWWQ13;BMSWWQ13_Tuer;1;9406133;48.14204659;11.7040568;5200;5.854;;Betriebsstatus1;Streckenstation238;SSTWWQ13;6;UZ Riem;A94 Richtung Passau
14347;59791;Querschnitt613;MQWWQ13-Pas;DETWWQ13-Pas-H2;2;9406133;48.14213784;11.7043798;613;5.854;;Betriebsstatus1;Streckenstation238;SSTWWQ13;1;UZ Riem;A94 Richtung Passau
14350;51381;Querschnitt675;AQWWQ201-Mch;WZGWWQ201-Mch_WTA3;228;9416160;48.14200888;11.71987001;675;7.015;;Betriebsstatus1;Streckenstation260;SSTWWQ201;4;UZ Riem;A94 Richtung M.-Zentrum
14354;59230;Querschnitt5207;BMSWWQ201;BMSWWQ201_Heiz;2;9416160;48.14210593;11.72017957;5207;7.045;;Betriebsstatus1;Streckenstation260;SSTWWQ201;6;UZ Riem;A94 Richtung M.-Zentrum
14356;58264;Querschnitt676;MQWWQ201-Mch;DETWWQ201-Mch-H1;33;9416160;48.14205514;11.7198421;676;7.015;;Betriebsstatus1;Streckenstation260;SSTWWQ201;1;UZ Riem;A94 Richtung M.-Zentrum
14357;53898;Querschnitt672;AQWWQ202-Mch;WZGWWQ202-Mch_WTA3;228;9416152;48.1419521;11.71470532;672;6.64;;Betriebsstatus1;Streckenstation259;SSTWWQ202;4;UZ Riem;A94 Richtung M.-Zentrum
14361;57341;Querschnitt5206;BMSWWQ202;BMSWWQ202_Tuer;1;9416152;48.14206739;11.71513842;5206;6.67;;Betriebsstatus1;Streckenstation259;SSTWWQ202;6;UZ Riem;A94 Richtung M.-Zentrum
14363;50884;Querschnitt674;GMA202-Mch;WUD_WFD_202-Mch;10;9416152;48.14209583;11.71509206;674;6.68;;Betriebsstatus1;Streckenstation259;SSTWWQ202;3;UZ Riem;A94 Richtung M.-Zentrum
14375;59268;Querschnitt673;MQWWQ202-Mch-A;DETWWQ202-Mch-A1;97;9416152;48.14200685;11.71470858;673;6.64;;Betriebsstatus1;Streckenstation259;SSTWWQ202;1;UZ Riem;A94 Richtung M.-Zentrum
14377;59528;Querschnitt604;AQZFR01-Pas;WZGZFR01-Pas_W2;2;9406108;48.14002617;11.68950662;604;4.716;;Betriebsstatus1;Streckenstation234;SSTZFR01;4;UZ Riem;A94 Richtung Passau
14380;54117;Querschnitt5222;BMSZFR01;BMSZFR01_Tuer;1;9406108;48.14031856;11.69028343;5222;4.787;;Betriebsstatus1;Streckenstation234;SSTZFR01;6;UZ Riem;A94 Richtung Passau
14383;62418;Querschnitt606;MQZFR01-Pas-E;DETZFR01-Pas-E1;129;9406108;48.14029891;11.69005602;606;4.725;;Betriebsstatus1;Streckenstation234;SSTZFR01;1;UZ Riem;A94 Richtung Passau
14384;55682;Querschnitt610;AQZFR02-Pas;WZGZFR02-Pas_W1;1;9406122;48.14105054;11.69261124;610;5.025;;Betriebsstatus1;Streckenstation236;SSTZFR02;4;UZ Riem;A94 Richtung Passau
14388;59601;Querschnitt5223;BMSZFR02;BMSZFR02_Heiz;2;9406122;48.14117836;11.69362516;5223;5.0;;Betriebsstatus1;Streckenstation236;SSTZFR02;6;UZ Riem;A94 Richtung Passau
14391;51342;Querschnitt620;AQZFR03-Pas;WZGZFR03-Pas_W2;2;9406141;48.1419016;11.70878255;620;6.2;;Betriebsstatus1;Streckenstation240;SSTZFR03;4;UZ Riem;A94 Richtung Passau
14394;57726;Querschnitt5224;BMSZFR03;BMSZFR03_Heiz;2;9406141;48.14175186;11.70885095;5224;6.172;;Betriebsstatus1;Streckenstation240;SSTZFR03;6;UZ Riem;A94 Richtung Passau
14397;63257;Querschnitt621;MQZFR03-Pas-A;DETZFR03-Pas-A1;65;9406141;48.14190007;11.7076;621;6.172;;Betriebsstatus1;Streckenstation240;SSTZFR03;1;UZ Riem;A94 Richtung Passau
14398;54003;Querschnitt618;MQZFR03-Pas-E;DETZFR03-Pas-E1;129;9406141;48.14174888;11.70861001;618;6.189;;Betriebsstatus1;Streckenstation240;SSTZFR03;1;UZ Riem;A94 Richtung Passau
14399;56529;Querschnitt5917;Virtuell_A94_Mch_Muenchen-O_FG4;Virtuell_A94_Mch_Muenchen-O_FG4_DE194;194;9450100;48.14747987;11.78210994;5917;11.784;;Betriebsstatus1;Streckenstation1254;Virtuell A94 Mch München-O;4;UZ Riem;A94 Richtung M.-Zentrum
14401;58846;Querschnitt5915;Virtuell_A94_Mch_Parsdorf_FG4;Virtuell_A94_Mch_Parsdorf_FG4_DE193;193;9460100;48.14584589;11.7788648;5915;11.5;;Betriebsstatus1;Streckenstation1437;Virtuell A94 Mch Parsdorf;4;UZ Riem;A94 Richtung M.-Zentrum
14402;61184;Querschnitt5918;Virtuell_A94_SGM_Keep_Alive_FG4;Virtuell_A94_SGM_Keep_Alive_FG4_DE222;222;9450000;48.14747987;11.78210994;5918;11.784;;Betriebsstatus1;Streckenstation1288;Virtuell A94 SGM Keep Alive;4;UZ Riem;A94 Richtung M.-Zentrum
14403;57625;Querschnitt6044;AQQ218_Mch_E;AQQ218_Sbg_B1;163;809038;47.82828486;12.59209717;6044;95.68;;Betriebsstatus1;Streckenstation1629;SST218;4;UZ Siegsdorf;A8-Ost Richtung M.-Zentrum
14406;59294;Querschnitt6046;BMSQ218;BMSQ218_Mch_Netz;3;809038;47.82829794;12.59233078;6046;95.71;;Betriebsstatus1;Streckenstation1629;SST218;6;UZ Siegsdorf;A8-Ost Richtung M.-Zentrum
14409;54716;Querschnitt6045;GMA_HK_Q218_Mch_E;WUD_HK_Q218_Mch_E;33;809038;47.82829879;12.59216706;6045;95.68;;Betriebsstatus1;Streckenstation1629;SST218;3;UZ Siegsdorf;A8-Ost Richtung M.-Zentrum
14410;51824;Querschnitt5121;BMSQ201;BMSQ201_Tür;1;818776;47.83798903;12.48857011;5121;87.435;;Betriebsstatus1;Streckenstation115;SSTQ201;6;UZ Siegsdorf;A8-Ost Richtung Salzburg
14413;57643;Querschnitt329;MQQ201_Mch_A;DETQ201_Mch_A1;97;818776;47.83830006;12.48860003;329;87.435;;Betriebsstatus1;Streckenstation115;SSTQ201;1;UZ Siegsdorf;A8-Ost Richtung M.-Zentrum
14414;60494;Querschnitt330;MQQ201_Mch_E;DETQ201_Mch_E1;161;818776;47.83860006;12.48810003;330;87.435;;Betriebsstatus1;Streckenstation115;SSTQ201;1;UZ Siegsdorf;A8-Ost Richtung M.-Zentrum
14415;58777;Querschnitt331;MQQ201_Mch_H;DETQ201_Mch_H1;33;818776;47.83823312;12.48830858;331;87.435;;Betriebsstatus1;Streckenstation115;SSTQ201;1;UZ Siegsdorf;A8-Ost Richtung M.-Zentrum
14417;61848;Querschnitt332;MQQ201_Sbg_A;DETQ201_Sbg_A1;65;818776;47.83800004;12.48829999;332;87.435;;Betriebsstatus1;Streckenstation115;SSTQ201;1;UZ Siegsdorf;A8-Ost Richtung Salzburg
14418;51020;Querschnitt333;MQQ201_Sbg_E;DETQ201_Sbg_E1;129;818776;47.8378;12.48899996;333;87.435;;Betriebsstatus1;Streckenstation115;SSTQ201;1;UZ Siegsdorf;A8-Ost Richtung Salzburg
14419;61451;Querschnitt334;MQQ201_Sbg_H;DETQ201_Sbg_H1;1;818776;47.83806252;12.48857384;334;87.435;;Betriebsstatus1;Streckenstation115;SSTQ201;1;UZ Siegsdorf;A8-Ost Richtung Salzburg
14421;56940;Querschnitt335;AQQ203_Mch_H;AQQ203_Mch_C1;105;818837;47.83150275;12.51600794;335;89.66;;Betriebsstatus1;Streckenstation116;SSTQ203;4;UZ Siegsdorf;A8-Ost Richtung M.-Zentrum
14425;62096;Querschnitt5227;BMSQ203;BMSQ203_Temp;2;818837;47.83143141;12.51643478;5227;89.66;;Betriebsstatus1;Streckenstation116;SSTQ203;6;UZ Siegsdorf;A8-Ost Richtung M.-Zentrum
14428;55453;Querschnitt6039;GMAQ203_Mch;WUD_HK_Q203_Mch;93;818837;47.8315333;12.51602644;6039;89.65;;Betriebsstatus1;Streckenstation116;SSTQ203;3;UZ Siegsdorf;A8-Ost Richtung M.-Zentrum
14431;61675;Querschnitt336;MQQ203_Mch_H;DETQ203_Mch_H2;34;818837;47.83145594;12.51597413;336;89.66;;Betriebsstatus1;Streckenstation116;SSTQ203;1;UZ Siegsdorf;A8-Ost Richtung M.-Zentrum
14433;54279;Querschnitt337;NMGQ203_Mch;WUD_SW_Q203_Mch;1;818837;47.83148542;12.51622912;337;89.65;;Betriebsstatus1;Streckenstation116;SSTQ203;3;UZ Siegsdorf;A8-Ost Richtung M.-Zentrum
14434;58826;Querschnitt341;AQQ205_Mch_E;AQQ205_Mch_A1;162;818862;47.83053096;12.52230663;341;90.15;;Betriebsstatus1;Streckenstation117;SSTQ205;4;UZ Siegsdorf;A8-Ost Richtung M.-Zentrum
14437;51380;Querschnitt5228;BMSQ205;BMSQ205_Tuer;1;818862;47.8304338;12.52256945;5228;90.16;;Betriebsstatus1;Streckenstation117;SSTQ205;6;UZ Siegsdorf;A8-Ost Richtung M.-Zentrum
14440;51484;Querschnitt338;GMAQ205_Mch;WUD_FBT_Q205_Mch;20;818862;47.83036406;12.52219276;338;90.155;;Betriebsstatus1;Streckenstation117;SSTQ205;3;UZ Siegsdorf;A8-Ost Richtung M.-Zentrum
14453;51491;Querschnitt5816;GMAQ205_Sbg;WUD_ZRG_Q205_Sbg;27;818862;47.83024462;12.52196718;5816;90.15;;Betriebsstatus1;Streckenstation117;SSTQ205;3;UZ Siegsdorf;A8-Ost Richtung Salzburg
14459;62631;Querschnitt339;MQQ205_Mch_A;DETQ205_Mch_A1;97;818862;47.83080005;12.52290003;339;90.16;;Betriebsstatus1;Streckenstation117;SSTQ205;1;UZ Siegsdorf;A8-Ost Richtung M.-Zentrum
14460;51109;Querschnitt340;MQQ205_Mch_E;DETQ205_Mch_E1;161;818862;47.83060006;12.52230005;340;90.16;;Betriebsstatus1;Streckenstation117;SSTQ205;1;UZ Siegsdorf;A8-Ost Richtung M.-Zentrum
14461;56786;Querschnitt342;AQQ207_Mch_H;AQQ207_Mch_A2;34;818910;47.82825458;12.54207051;342;91.65;;Betriebsstatus1;Streckenstation118;SSTQ207;4;UZ Siegsdorf;A8-Ost Richtung M.-Zentrum
14465;52862;Querschnitt5229;BMSQ207;BMSQ207_Tuer;1;818910;47.82819535;12.5425065;5229;91.68;;Betriebsstatus1;Streckenstation118;SSTQ207;6;UZ Siegsdorf;A8-Ost Richtung M.-Zentrum
14468;61321;Querschnitt6040;GMAQ207_Mch;WUD_HK_Q207_Mch;93;818910;47.82822899;12.54230067;6040;91.675;;Betriebsstatus1;Streckenstation118;SSTQ207;3;UZ Siegsdorf;A8-Ost Richtung M.-Zentrum
14471;53075;Querschnitt343;MQQ207_Mch_H;DETQ207_Mch_H2;34;818910;47.82819137;12.54205469;343;91.65;;Betriebsstatus1;Streckenstation118;SSTQ207;1;UZ Siegsdorf;A8-Ost Richtung M.-Zentrum
14473;50887;Querschnitt344;NMGQ207_Mch;WUD_SW_Q207_Mch;1;818910;47.82822032;12.54240671;344;91.675;;Betriebsstatus1;Streckenstation118;SSTQ207;3;UZ Siegsdorf;A8-Ost Richtung M.-Zentrum
14474;54020;Querschnitt345;AQQ209_Mch_H;AQQ209_Mch_A2;34;818965;47.82650686;12.56449735;345;93.347;;Betriebsstatus1;Streckenstation119;SSTQ209;4;UZ Siegsdorf;A8-Ost Richtung M.-Zentrum
14478;50821;Querschnitt5230;BMSQ209;BMSQ209_Tuer;1;818965;47.82656197;12.56491636;5230;93.384;;Betriebsstatus1;Streckenstation119;SSTQ209;6;UZ Siegsdorf;A8-Ost Richtung M.-Zentrum
14481;63250;Querschnitt6041;GMAQ209_Mch;WUD_NI_Q209_Mch;2;818965;47.8265226;12.56461879;6041;93.38;;Betriebsstatus1;Streckenstation119;SSTQ209;3;UZ Siegsdorf;A8-Ost Richtung M.-Zentrum
14484;57181;Querschnitt346;MQQ209_Mch_H;DETQ209_Mch_H2;34;818965;47.8264334;12.56449049;346;93.384;81419030;Betriebsstatus1;Streckenstation119;SSTQ209;1;UZ Siegsdorf;A8-Ost Richtung M.-Zentrum
14486;58966;Querschnitt347;NMGQ209_Mch;WUD_SW_Q209_Mch;1;818965;47.82654645;12.56475246;347;93.38;;Betriebsstatus1;Streckenstation119;SSTQ209;3;UZ Siegsdorf;A8-Ost Richtung M.-Zentrum
14487;53575;Querschnitt5412;BMSQ211;BMSQ211_Tuer;1;818997;47.82808493;12.57886787;5412;94.4;;Betriebsstatus1;Streckenstation120;SSTQ211;6;UZ Siegsdorf;A8-Ost Richtung M.-Zentrum
14490;51091;Querschnitt6042;GMAQ211_Mch;WUD_NS_Q211_Mch;3;818997;47.8288961;12.6079495;6042;97.405;;Betriebsstatus1;Streckenstation120;SSTQ211;3;UZ Siegsdorf;A8-Ost Richtung M.-Zentrum
14492;52755;Querschnitt348;NMGQ211_Mch;WUD_SW_Q211_Mch;1;818997;47.82808561;12.57873448;348;94.405;;Betriebsstatus1;Streckenstation120;SSTQ211;3;UZ Siegsdorf;A8-Ost Richtung M.-Zentrum
14493;61739;Querschnitt136;AQQ213_Sbg_H;AQQ213_Sbg_B1;65;809007;47.82825059;12.58284617;136;94.745;;Betriebsstatus1;Streckenstation57;SSTQ213;4;UZ Siegsdorf;A8-Ost Richtung Salzburg
14497;56730;Querschnitt5231;BMSQ213;BMSQ213_Netz;3;809007;47.8281832;12.58244519;5231;94.72;;Betriebsstatus1;Streckenstation57;SSTQ213;6;UZ Siegsdorf;A8-Ost Richtung Salzburg
14500;57621;Querschnitt137;GMA_HK_Q213_Sbg;WUD_HK_Q213_Sbg;93;809007;47.82821799;12.58283065;137;94.745;;Betriebsstatus1;Streckenstation57;SSTQ213;3;UZ Siegsdorf;A8-Ost Richtung Salzburg
14501;51592;Querschnitt138;MQQ213_Sbg_H;DETQ213_Sbg_H1;1;809007;47.8282833;12.58283745;138;94.745;81419030;Betriebsstatus1;Streckenstation57;SSTQ213;1;UZ Siegsdorf;A8-Ost Richtung Salzburg
14503;55692;Querschnitt6043;AQQ215_Mch_E;AQQ215_Mch_E_A1;162;819010;47.82862206;12.58327179;6043;94.8;;Betriebsstatus1;Streckenstation121;SSTQ215;4;UZ Siegsdorf;A8-Ost Richtung M.-Zentrum
14506;53699;Querschnitt349;AQQ215_Mch_H;AQQ215_Mch_B1;97;819010;47.82853656;12.58362254;349;94.8;;Betriebsstatus1;Streckenstation121;SSTQ215;4;UZ Siegsdorf;A8-Ost Richtung M.-Zentrum
14510;57416;Querschnitt5232;BMSQ215;BMSQ215_Temp;2;819010;47.82853085;12.58394085;5232;94.83;;Betriebsstatus1;Streckenstation121;SSTQ215;6;UZ Siegsdorf;A8-Ost Richtung M.-Zentrum
14513;53766;Querschnitt351;GMA_HK_Q215_Mch;WUD_HK_Q215_Mch;93;819010;47.82853419;12.58368618;351;94.8;;Betriebsstatus1;Streckenstation121;SSTQ215;3;UZ Siegsdorf;A8-Ost Richtung M.-Zentrum
14514;54615;Querschnitt350;MQQ215_Mch_H;DETQ215_Mch_H2;34;819010;47.8284896;12.58362201;350;94.8;;Betriebsstatus1;Streckenstation121;SSTQ215;1;UZ Siegsdorf;A8-Ost Richtung M.-Zentrum
14516;58316;Querschnitt139;AQQ217_Sbg_E;AQQ217_Sbg_A1;129;809029;47.82785808;12.59171332;139;95.43;;Betriebsstatus1;Streckenstation58;SSTQ217;4;UZ Siegsdorf;A8-Ost Richtung Salzburg
14519;54406;Querschnitt5233;BMSQ217;BMSQ217_Tuer;1;809029;47.82785688;12.59154957;5233;95.42;;Betriebsstatus1;Streckenstation58;SSTQ217;6;UZ Siegsdorf;A8-Ost Richtung Salzburg
14522;59353;Querschnitt140;GMA_HK_Q217_Sbg;WUD_HK_Q217_Sbg;93;809029;47.82785032;12.59163439;140;95.43;;Betriebsstatus1;Streckenstation58;SSTQ217;3;UZ Siegsdorf;A8-Ost Richtung Salzburg
14523;61816;Querschnitt5234;BMSQ219;BMSQ219_Netz;3;819044;47.827826;12.59672175;5234;95.9;;Betriebsstatus1;Streckenstation122;SSTQ219;6;UZ Siegsdorf;A8-Ost Richtung M.-Zentrum
14526;53311;Querschnitt354;MQQ219_Mch_A;DETQ219_Mch_A1;97;819044;47.82830001;12.59800004;354;95.9;;Betriebsstatus0;Streckenstation122;SSTQ219;1;UZ Siegsdorf;A8-Ost Richtung M.-Zentrum
14527;52611;Querschnitt355;MQQ219_Mch_E;DETQ219_Mch_E1;161;819044;47.82830002;12.59709997;355;95.9;;Betriebsstatus0;Streckenstation122;SSTQ219;1;UZ Siegsdorf;A8-Ost Richtung M.-Zentrum
14528;56172;Querschnitt142;AQQ220_Sbg_E;AQQ220_Sbg_C1;134;809045;47.82782008;12.59864092;142;95.92;;Betriebsstatus1;Streckenstation59;SSTQ220;4;UZ Siegsdorf;A8-Ost Richtung Salzburg
14531;58022;Querschnitt5122;BMSQ220;BMSQ220_Temp;2;809045;47.82781305;12.59842254;5122;95.915;;Betriebsstatus1;Streckenstation59;SSTQ220;6;UZ Siegsdorf;A8-Ost Richtung Salzburg
14534;53644;Querschnitt143;GMAQ220_Sbg;WUD_HK_Q220_Sbg;93;809045;47.82781044;12.59853166;143;95.92;;Betriebsstatus1;Streckenstation59;SSTQ220;3;UZ Siegsdorf;A8-Ost Richtung Salzburg
14535;55231;Querschnitt144;MQQ220_Sbg_A;DETQ220_Sbg_A1;65;809045;47.82780008;12.59819997;144;95.915;;Betriebsstatus0;Streckenstation59;SSTQ220;1;UZ Siegsdorf;A8-Ost Richtung Salzburg
14536;62480;Querschnitt141;MQQ220_Sbg_E;DETQ220_Sbg_E1;129;809045;47.82770008;12.59879997;141;95.915;;Betriebsstatus0;Streckenstation59;SSTQ220;1;UZ Siegsdorf;A8-Ost Richtung Salzburg
14537;55523;Querschnitt360;AQQ221_Mch_H;AQQ221_Mch_A1;33;819068;47.82890964;12.60809217;360;96.62;;Betriebsstatus1;Streckenstation123;SSTQ221;4;UZ Siegsdorf;A8-Ost Richtung M.-Zentrum
14541;55512;Querschnitt359;AQQ221_Sbg_H;AQQ221_Sbg_A2;1;819068;47.82856994;12.6078517;359;96.62;;Betriebsstatus1;Streckenstation123;SSTQ221;4;UZ Siegsdorf;A8-Ost Richtung Salzburg
14545;52889;Querschnitt5235;BMSQ221;BMSQ221_Temp;2;819068;47.82852246;12.60756614;5235;96.657;;Betriebsstatus1;Streckenstation123;SSTQ221;6;UZ Siegsdorf;A8-Ost Richtung Salzburg
14548;59374;Querschnitt5798;GMAQ221_Mch;WUD_NI_Q221_Mch;2;819068;47.82867267;12.60773163;5798;96.62;;Betriebsstatus1;Streckenstation123;SSTQ221;3;UZ Siegsdorf;A8-Ost Richtung M.-Zentrum
14551;60053;Querschnitt357;GMAQ221_Sbg;WUD_HK_Q221_Sbg;94;819068;47.82853574;12.60775732;357;96.65;;Betriebsstatus1;Streckenstation123;SSTQ221;3;UZ Siegsdorf;A8-Ost Richtung Salzburg
14552;59757;Querschnitt356;MQQ221_Mch_H;DETQ221_Mch_H1;33;819068;47.8288341;12.60809129;356;96.657;;Betriebsstatus0;Streckenstation123;SSTQ221;1;UZ Siegsdorf;A8-Ost Richtung M.-Zentrum
14554;56874;Querschnitt358;MQQ221_Sbg_H;DETQ221_Sbg_H1;1;819068;47.82862099;12.6078523;358;96.62;;Betriebsstatus0;Streckenstation123;SSTQ221;1;UZ Siegsdorf;A8-Ost Richtung Salzburg
14556;52717;Querschnitt5799;NMGQ221_Mch;WUD_SW_Q221_NMG;1;819068;47.82851985;12.60767222;5799;96.62;;Betriebsstatus1;Streckenstation123;SSTQ221;3;UZ Siegsdorf;A8-Ost Richtung M.-Zentrum
14557;66407;Querschnitt7311;GMAQ222_Sbg;WUD_NI_Q222_SBG;2;809048;;;;96.0;;Betriebsstatus1;Steckenstation2156;SSTQ222;3;UZ Siegsdorf;A8-Ost Richtung Salzburg
14566;60641;Querschnitt5257;BMSQ223;BMSQ223_Tuer;1;809078;47.82849004;12.6121259;5257;96.95;;Betriebsstatus1;Streckenstation60;SSTQ223;6;UZ Siegsdorf;A8-Ost Richtung Salzburg
14569;61580;Querschnitt5810;GMAQ223_Mch;WUD_FBZ_Q223_Mch;25;809078;47.82866888;12.61227001;5810;96.95;;Betriebsstatus1;Streckenstation60;SSTQ223;3;UZ Siegsdorf;A8-Ost Richtung M.-Zentrum
14575;54009;Querschnitt145;GMAQ223_Sbg;WUD_TT3_Q223_Sbg;23;809078;47.82848001;12.61220994;145;96.95;;Betriebsstatus1;Streckenstation60;SSTQ223;3;UZ Siegsdorf;A8-Ost Richtung Salzburg
14589;60815;Querschnitt361;AQQ225_Mch_H;AQQ225_Mch_C1;105;819117;47.82907201;12.62908943;361;98.15;;Betriebsstatus1;Streckenstation124;SSTQ225;4;UZ Siegsdorf;A8-Ost Richtung M.-Zentrum
14593;55756;Querschnitt5236;BMSQ225;BMSQ225_Temp;2;819117;47.82918979;12.62957901;5236;98.18;;Betriebsstatus1;Streckenstation124;SSTQ225;6;UZ Siegsdorf;A8-Ost Richtung M.-Zentrum
14596;55269;Querschnitt5814;GMAQ225_Mch;WUD_GT_Q225_Mch;18;819117;47.82910661;12.62948099;5814;98.175;;Betriebsstatus1;Streckenstation124;SSTQ225;3;UZ Siegsdorf;A8-Ost Richtung M.-Zentrum
14610;51858;Querschnitt363;GMAQ225_Sbg;WUD_RS_Q225_Sbg;29;819117;47.82897369;12.62951879;363;98.175;;Betriebsstatus1;Streckenstation124;SSTQ225;3;UZ Siegsdorf;A8-Ost Richtung Salzburg
14616;62350;Querschnitt362;MQQ225_Mch_H;DETQ225_Mch_H2;34;819117;47.82904738;12.62911339;362;98.15;;Betriebsstatus1;Streckenstation124;SSTQ225;1;UZ Siegsdorf;A8-Ost Richtung M.-Zentrum
14618;59251;Querschnitt5815;NMGQ225_Mch;WUD_SW_Q225_Mch;1;819117;47.82918624;12.62948195;5815;98.175;;Betriebsstatus1;Streckenstation124;SSTQ225;3;UZ Siegsdorf;A8-Ost Richtung M.-Zentrum
14619;61369;Querschnitt5123;BMSQ227;BMSQ227_Tuer;1;809128;47.82912637;12.63294078;5123;98.545;;Betriebsstatus1;Streckenstation61;SSTQ227;6;UZ Siegsdorf;A8-Ost Richtung Salzburg
14622;57931;Querschnitt149;MQQ227_Mch_A;DETQ227_Mch_A1;97;809128;47.82950006;12.63330005;149;98.545;;Betriebsstatus1;Streckenstation61;SSTQ227;1;UZ Siegsdorf;A8-Ost Richtung M.-Zentrum
14623;61079;Querschnitt146;MQQ227_Mch_E;DETQ227_Mch_E1;161;809128;47.82950002;12.63290003;146;98.545;;Betriebsstatus1;Streckenstation61;SSTQ227;1;UZ Siegsdorf;A8-Ost Richtung M.-Zentrum
14624;51059;Querschnitt147;MQQ227_Sbg_A;DETQ227_Sbg_A1;65;809128;47.82900006;12.63280005;147;98.545;;Betriebsstatus1;Streckenstation61;SSTQ227;1;UZ Siegsdorf;A8-Ost Richtung Salzburg
14625;55495;Querschnitt148;MQQ227_Sbg_E;DETQ227_Sbg_E1;129;809128;47.82910003;12.63319995;148;98.545;;Betriebsstatus1;Streckenstation61;SSTQ227;1;UZ Siegsdorf;A8-Ost Richtung Salzburg
14626;58678;Querschnitt150;AQQ229_Sbg_H;AQQ229_Sbg_A2;2;809140;47.82883019;12.63848882;150;98.95;;Betriebsstatus1;Streckenstation62;SSTQ229;4;UZ Siegsdorf;A8-Ost Richtung Salzburg
14630;57259;Querschnitt5237;BMSQ229;BMSQ229_Temp;2;809140;47.82883935;12.63831004;5237;98.92;;Betriebsstatus1;Streckenstation62;SSTQ229;6;UZ Siegsdorf;A8-Ost Richtung Salzburg
14633;51265;Querschnitt151;GMAQ229_Sbg;WUD_HK_Q229_Sbg;93;809140;47.82884703;12.63839807;151;98.95;;Betriebsstatus1;Streckenstation62;SSTQ229;3;UZ Siegsdorf;A8-Ost Richtung Salzburg
14634;57316;Querschnitt152;MQQ229_Sbg_H;DETQ229_Sbg_H2;2;809140;47.82887303;12.63849541;152;98.95;81419032;Betriebsstatus1;Streckenstation62;SSTQ229;1;UZ Siegsdorf;A8-Ost Richtung Salzburg
14636;59250;Querschnitt364;AQQ231_Mch_H;AQQ231_Mch_A1;33;819154;47.82830963;12.64358831;364;99.35;;Betriebsstatus1;Streckenstation125;SSTQ231;4;UZ Siegsdorf;A8-Ost Richtung M.-Zentrum
14640;57476;Querschnitt5238;BMSQ231;BMSQ231_Netz;3;819154;47.82824176;12.64403924;5238;99.365;;Betriebsstatus1;Streckenstation125;SSTQ231;6;UZ Siegsdorf;A8-Ost Richtung M.-Zentrum
14643;56424;Querschnitt5813;GMA231_Mch;WUD_GT_Q231_Mch;18;819154;47.82833198;12.64360678;5813;98.48;;Betriebsstatus1;Streckenstation125;SSTQ231;3;UZ Siegsdorf;A8-Ost Richtung M.-Zentrum
14656;54927;Querschnitt5812;GMAQ231_Sbg;WUD_FBZ_Q231_Sbg;25;819154;47.82806397;12.64406736;5812;99.48;;Betriebsstatus1;Streckenstation125;SSTQ231;3;UZ Siegsdorf;A8-Ost Richtung Salzburg
14662;62934;Querschnitt365;MQQ231_Mch_H;DETQ231_Mch_H2;34;819154;47.82827492;12.64358788;365;99.35;81419032;Betriebsstatus1;Streckenstation125;SSTQ231;1;UZ Siegsdorf;A8-Ost Richtung M.-Zentrum
14664;62611;Querschnitt366;NMGQ231_Mch;WUD_SW_Q231_Mch;1;819154;47.82821853;12.64417539;366;99.36;;Betriebsstatus1;Streckenstation125;SSTQ231;3;UZ Siegsdorf;A8-Ost Richtung M.-Zentrum
14665;63244;Querschnitt156;AQQ233_Sbg_E;AQQ233_Sbg_C1;134;809165;47.82681059;12.64801151;156;99.7;;Betriebsstatus1;Streckenstation63;SSTQ233;4;UZ Siegsdorf;A8-Ost Richtung Salzburg
14668;61615;Querschnitt5117;BMSQ233;BMSQ233_Tuer;1;809165;47.82682668;12.64769336;5117;99.69;;Betriebsstatus1;Streckenstation63;SSTQ233;6;UZ Siegsdorf;A8-Ost Richtung Salzburg
14671;58222;Querschnitt157;GMAQ233_Sbg;WUD_HK_Q233_Sbg;93;809165;47.82682627;12.64776612;157;99.7;;Betriebsstatus1;Streckenstation63;SSTQ233;3;UZ Siegsdorf;A8-Ost Richtung Salzburg
14672;53446;Querschnitt158;MQQ233_Mch_A;DETQ233_Mch_A1;97;809165;47.82700006;12.64819999;158;99.66;;Betriebsstatus1;Streckenstation63;SSTQ233;1;UZ Siegsdorf;A8-Ost Richtung M.-Zentrum
14673;62139;Querschnitt153;MQQ233_Mch_E;DETQ233_Mch_E1;161;809165;47.82740002;12.64750005;153;99.66;;Betriebsstatus1;Streckenstation63;SSTQ233;1;UZ Siegsdorf;A8-Ost Richtung M.-Zentrum
14674;54055;Querschnitt154;MQQ233_Sbg_A;DETQ233_Sbg_A1;65;809165;47.82700002;12.64729995;154;99.69;;Betriebsstatus1;Streckenstation63;SSTQ233;1;UZ Siegsdorf;A8-Ost Richtung Salzburg
14675;59023;Querschnitt155;MQQ233_Sbg_E;DETQ233_Sbg_E1;129;809165;47.82670008;12.64800006;155;99.69;;Betriebsstatus1;Streckenstation63;SSTQ233;1;UZ Siegsdorf;A8-Ost Richtung Salzburg
14676;50627;Querschnitt163;AQQ235_Mch_H;AQQ235_Mch_A1;33;809202;47.82541926;12.66352623;163;100.9;;Betriebsstatus1;Streckenstation64;SSTQ235;4;UZ Siegsdorf;A8-Ost Richtung M.-Zentrum
14680;57911;Querschnitt162;AQQ235_Sbg_H;AQQ235_Sbg_C1;73;809202;47.8252825;12.66351842;162;100.9;;Betriebsstatus1;Streckenstation64;SSTQ235;4;UZ Siegsdorf;A8-Ost Richtung Salzburg
14684;61279;Querschnitt5239;BMSQ235;BMSQ235_Temp;2;809202;47.82524081;12.66331476;5239;100.87;;Betriebsstatus1;Streckenstation64;SSTQ235;6;UZ Siegsdorf;A8-Ost Richtung Salzburg
14687;61882;Querschnitt5808;GMAQ235_Mch;WUD_HK_Q235_Mch;94;809202;47.82545401;12.66351758;5808;100.875;;Betriebsstatus1;Streckenstation64;SSTQ235;3;UZ Siegsdorf;A8-Ost Richtung M.-Zentrum
14688;58738;Querschnitt159;GMAQ235_Sbg;WUD_NS_Q235_Sbg;3;809202;47.82524231;12.66340877;159;100.875;;Betriebsstatus1;Streckenstation64;SSTQ235;3;UZ Siegsdorf;A8-Ost Richtung Salzburg
14691;62421;Querschnitt161;MQQ235_Mch_H;DETQ235_Mch_H2;34;809202;47.82541926;12.66352623;161;100.9;;Betriebsstatus1;Streckenstation64;SSTQ235;1;UZ Siegsdorf;A8-Ost Richtung M.-Zentrum
14693;53918;Querschnitt160;MQQ235_Sbg_H;DETQ235_Sbg_H2;2;809202;47.82531355;12.66344606;160;100.9;;Betriebsstatus1;Streckenstation64;SSTQ235;1;UZ Siegsdorf;A8-Ost Richtung Salzburg
14695;53288;Querschnitt5809;NMGQ235_Sbg;WUD_SW_Q235_Sbg;1;809202;47.8252413;12.66322988;5809;100.875;;Betriebsstatus1;Streckenstation64;SSTQ235;3;UZ Siegsdorf;A8-Ost Richtung Salzburg
14696;54504;Querschnitt167;AQQ237_Mch_H;AQQ237_Mch_C1;105;809253;47.82607889;12.68414001;167;102.5;;Betriebsstatus1;Streckenstation65;SSTQ237;4;UZ Siegsdorf;A8-Ost Richtung M.-Zentrum
14700;61617;Querschnitt166;AQQ237_Sbg_H;AQQ237_Sbg_B1;65;809253;47.82597889;12.68420001;166;102.5;;Betriebsstatus1;Streckenstation65;SSTQ237;4;UZ Siegsdorf;A8-Ost Richtung Salzburg
14704;53406;Querschnitt5240;BMSQ237;BMSQ237_Netz;3;809253;47.82583642;12.6839223;5240;102.47;;Betriebsstatus1;Streckenstation65;SSTQ237;6;UZ Siegsdorf;A8-Ost Richtung Salzburg
14707;57512;Querschnitt5413;GMAQ237_Mch;WUD_HK_Q237_Mch;94;809253;47.82610892;12.68410476;5413;102.5;;Betriebsstatus1;Streckenstation65;SSTQ237;3;UZ Siegsdorf;A8-Ost Richtung M.-Zentrum
14708;54784;Querschnitt6047;GMAQ237_Sbg;WUD_NI_Q237_Sbg;2;809253;47.82594095;12.68419654;6047;102.475;;Betriebsstatus1;Streckenstation65;SSTQ237;3;UZ Siegsdorf;A8-Ost Richtung Salzburg
14711;52215;Querschnitt165;MQQ237_Mch_H;DETQ237_Mch_H2;34;809253;47.82611812;12.68427466;165;102.5;;Betriebsstatus1;Streckenstation65;SSTQ237;1;UZ Siegsdorf;A8-Ost Richtung M.-Zentrum
14713;54688;Querschnitt164;MQQ237_Sbg_H;DETQ237_Sbg_H1;1;809253;47.82601137;12.68437028;164;102.5;;Betriebsstatus1;Streckenstation65;SSTQ237;1;UZ Siegsdorf;A8-Ost Richtung Salzburg
14715;60443;Querschnitt168;NMGQ237_Sbg;WUD_SW_Q237_Sbg;1;809253;47.82580205;12.68386424;168;102.475;;Betriebsstatus1;Streckenstation65;SSTQ237;3;UZ Siegsdorf;A8-Ost Richtung Salzburg
14716;50740;Querschnitt5258;BMSQ238;BMSQ238_Temp;2;809278;47.82801774;12.69331829;5258;103.26;;Betriebsstatus1;Streckenstation66;SSTQ238;6;UZ Siegsdorf;A8-Ost Richtung Salzburg
14719;62336;Querschnitt5807;GMAQ238_Mch;WUD_FBZ_Q238_Mch;25;809278;47.8281804;12.6934296;5807;103.26;;Betriebsstatus1;Streckenstation66;SSTQ238;3;UZ Siegsdorf;A8-Ost Richtung M.-Zentrum
14725;55248;Querschnitt169;GMAQ238_Sbg;WUD_GT_Q238_Sbg;18;809278;47.82808233;12.69344042;169;103.26;;Betriebsstatus1;Streckenstation66;SSTQ238;3;UZ Siegsdorf;A8-Ost Richtung Salzburg
14737;52103;Querschnitt173;AQQ239_Mch_H;AQQ239_Mch_A1;33;809301;47.82914889;12.70384;173;104.025;;Betriebsstatus1;Streckenstation67;SSTQ239;4;UZ Siegsdorf;A8-Ost Richtung M.-Zentrum
14741;56460;Querschnitt172;AQQ239_Sbg_H;AQQ239_Sbg_C1;73;809301;47.82903889;12.70385001;172;104.025;;Betriebsstatus1;Streckenstation67;SSTQ239;4;UZ Siegsdorf;A8-Ost Richtung Salzburg
14745;61084;Querschnitt5241;BMSQ239;BMSQ239_Netz;3;809301;47.82894961;12.70357293;5241;103.995;;Betriebsstatus1;Streckenstation67;SSTQ239;6;UZ Siegsdorf;A8-Ost Richtung Salzburg
14748;53229;Querschnitt5806;GMAQ239_Mch;WUD_HK_Q239_Mch;94;809301;47.82920544;12.70380683;5806;104.025;;Betriebsstatus1;Streckenstation67;SSTQ239;3;UZ Siegsdorf;A8-Ost Richtung M.-Zentrum
14749;58208;Querschnitt174;GMAQ239_Sbg;WUD_HK_Q239_Sbg;93;809301;47.82894393;12.70383361;174;104.025;;Betriebsstatus1;Streckenstation67;SSTQ239;3;UZ Siegsdorf;A8-Ost Richtung Salzburg
14750;58248;Querschnitt171;MQQ239_Mch_H;DETQ239_Mch_H1;33;809301;47.82915101;12.7040244;171;104.025;;Betriebsstatus1;Streckenstation67;SSTQ239;1;UZ Siegsdorf;A8-Ost Richtung M.-Zentrum
14752;62195;Querschnitt170;MQQ239_Sbg_H;DETQ239_Sbg_H2;2;809301;47.8290202;12.70404689;170;104.025;;Betriebsstatus1;Streckenstation67;SSTQ239;1;UZ Siegsdorf;A8-Ost Richtung Salzburg
14754;59430;Querschnitt5259;BMSQ241;BMSQ241_Tuer;1;809316;47.82907551;12.70898988;5259;104.45;;Betriebsstatus1;Streckenstation68;SSTQ241;6;UZ Siegsdorf;A8-Ost Richtung Salzburg
14757;51820;Querschnitt6048;GMAQ241_Sbg;WUD_NI_Q241_Sbg;2;809316;47.82905412;12.70914724;6048;104.445;;Betriebsstatus1;Streckenstation68;SSTQ241;3;UZ Siegsdorf;A8-Ost Richtung Salzburg
14759;54271;Querschnitt175;NMGQ241_Sbg;WUD_SW_Q241_Sbg;1;809316;47.82909533;12.70908717;175;104.445;;Betriebsstatus1;Streckenstation68;SSTQ241;3;UZ Siegsdorf;A8-Ost Richtung Salzburg
14760;50636;Querschnitt5260;BMSQ243;BMSQ243_Tuer;1;809365;47.83001187;12.72962699;5260;106.0;;Betriebsstatus1;Streckenstation69;SSTQ243;6;UZ Siegsdorf;A8-Ost Richtung Salzburg
14763;51374;Querschnitt6049;GMAQ243_Sbg;WUD_NS_Q243_Sbg;3;809365;47.83005077;12.72993074;6049;106.005;;Betriebsstatus1;Streckenstation69;SSTQ243;3;UZ Siegsdorf;A8-Ost Richtung Salzburg
14765;56158;Querschnitt176;NMGQ243_Sbg;WUD_SW_Q243_Sbg;1;809365;47.82998636;12.72978429;176;106.005;;Betriebsstatus1;Streckenstation69;SSTQ243;3;UZ Siegsdorf;A8-Ost Richtung Salzburg
14766;56637;Querschnitt180;AQQ245_Mch_H;AQQ245_Mch_B1;97;809373;47.83084888;12.73356001;180;106.27;;Betriebsstatus1;Streckenstation70;SSTQ245;4;UZ Siegsdorf;A8-Ost Richtung M.-Zentrum
14770;56291;Querschnitt179;AQQ245_Sbg_H;AQQ245_Sbg_B1;65;809373;47.83067683;12.733569;179;106.27;;Betriebsstatus1;Streckenstation70;SSTQ245;4;UZ Siegsdorf;A8-Ost Richtung Salzburg
14774;52110;Querschnitt5242;BMSQ245;BMSQ245_Temp;2;809373;47.83060173;12.73317982;5242;106.24;;Betriebsstatus1;Streckenstation70;SSTQ245;6;UZ Siegsdorf;A8-Ost Richtung Salzburg
14777;59110;Querschnitt5860;GMAQ245_Mch;WUD_HK_Q245_Mch;94;809373;47.83090999;12.73350557;5860;106.27;;Betriebsstatus1;Streckenstation70;SSTQ245;3;UZ Siegsdorf;A8-Ost Richtung M.-Zentrum
14778;57987;Querschnitt181;GMAQ245_Sbg;WUD_HK_Q245_Sbg;93;809373;47.83060753;12.73354983;181;106.27;;Betriebsstatus1;Streckenstation70;SSTQ245;3;UZ Siegsdorf;A8-Ost Richtung Salzburg
14779;62744;Querschnitt178;MQQ245_Mch_H;DETQ245_Mch_H2;34;809373;47.83084888;12.73356001;178;106.27;81429033;Betriebsstatus1;Streckenstation70;SSTQ245;1;UZ Siegsdorf;A8-Ost Richtung M.-Zentrum
14781;51230;Querschnitt177;MQQ245_Sbg_H;DETQ245_Sbg_H2;2;809373;47.83073411;12.73355162;177;106.27;81429033;Betriebsstatus1;Streckenstation70;SSTQ245;1;UZ Siegsdorf;A8-Ost Richtung Salzburg
14783;51083;Querschnitt185;AQQ247_Sbg_E;AQQ247_Sbg_A1;130;809388;47.83100502;12.73969253;185;106.74;;Betriebsstatus1;Streckenstation71;SSTQ247;4;UZ Siegsdorf;A8-Ost Richtung Salzburg
14786;54368;Querschnitt5118;BMSQ247;BMSQ247_Temp;2;809388;47.83100297;12.73937716;5118;106.715;;Betriebsstatus1;Streckenstation71;SSTQ247;6;UZ Siegsdorf;A8-Ost Richtung Salzburg
14789;55093;Querschnitt186;GMAQ247_Sbg;WUD_HK_Q247_Sbg;93;809388;47.83099374;12.73954075;186;106.74;;Betriebsstatus1;Streckenstation71;SSTQ247;3;UZ Siegsdorf;A8-Ost Richtung Salzburg
14790;57910;Querschnitt183;MQQ247_Mch_A;DETQ247_Mch_A1;97;809388;47.83130006;12.73989995;183;106.715;;Betriebsstatus1;Streckenstation71;SSTQ247;1;UZ Siegsdorf;A8-Ost Richtung M.-Zentrum
14791;59784;Querschnitt184;MQQ247_Mch_E;DETQ247_Mch_E1;161;809388;47.83140005;12.7389;184;106.715;;Betriebsstatus1;Streckenstation71;SSTQ247;1;UZ Siegsdorf;A8-Ost Richtung M.-Zentrum
14792;54161;Querschnitt187;MQQ247_Sbg_A;DETQ247_Sbg_A1;65;809388;47.83100007;12.73899997;187;106.715;;Betriebsstatus1;Streckenstation71;SSTQ247;1;UZ Siegsdorf;A8-Ost Richtung Salzburg
14793;61599;Querschnitt182;MQQ247_Sbg_E;DETQ247_Sbg_E1;129;809388;47.83100001;12.74;182;106.715;;Betriebsstatus1;Streckenstation71;SSTQ247;1;UZ Siegsdorf;A8-Ost Richtung Salzburg
14794;62062;Querschnitt191;AQQ249_Mch_H;AQQ249_Mch_C1;105;809415;47.82799555;12.75006004;191;107.615;;Betriebsstatus1;Streckenstation72;SSTQ249;4;UZ Siegsdorf;A8-Ost Richtung M.-Zentrum
14798;53234;Querschnitt190;AQQ249_Sbg_H;AQQ249_Sbg_A1;1;809415;47.82785976;12.74990649;190;107.615;;Betriebsstatus1;Streckenstation72;SSTQ249;4;UZ Siegsdorf;A8-Ost Richtung Salzburg
14802;61708;Querschnitt5243;BMSQ249;BMSQ249_Netz;3;809415;47.82793867;12.74970448;5243;107.585;;Betriebsstatus1;Streckenstation72;SSTQ249;6;UZ Siegsdorf;A8-Ost Richtung Salzburg
14805;59744;Querschnitt5804;GMAQ249_Mch;WUD_GT_Q249_Mch;26;809415;47.8279727;12.75012036;5804;107.6;;Betriebsstatus1;Streckenstation72;SSTQ249;3;UZ Siegsdorf;A8-Ost Richtung M.-Zentrum
14812;60814;Querschnitt192;GMAQ249_Sbg;WUD_NS_Q249_Sbg;3;809415;47.82789948;12.74976456;192;107.6;;Betriebsstatus1;Streckenstation72;SSTQ249;3;UZ Siegsdorf;A8-Ost Richtung Salzburg
14826;59059;Querschnitt189;MQQ249_Mch_H;DETQ249_Mch_H2;34;809415;47.82796889;12.75002;189;107.615;;Betriebsstatus1;Streckenstation72;SSTQ249;1;UZ Siegsdorf;A8-Ost Richtung M.-Zentrum
14828;51940;Querschnitt188;MQQ249_Sbg_H;DETQ249_Sbg_H2;2;809415;47.82788806;12.74994934;188;107.615;;Betriebsstatus1;Streckenstation72;SSTQ249;1;UZ Siegsdorf;A8-Ost Richtung Salzburg
14830;55256;Querschnitt5805;NMGQ249_Sbg;WUD_SW_Q249_Sbg;1;809415;47.82795538;12.74964712;5805;107.6;;Betriebsstatus1;Streckenstation72;SSTQ249;3;UZ Siegsdorf;A8-Ost Richtung Salzburg
14831;55124;Querschnitt5261;BMSQ251;BMSQ251_Tuer;1;819448;47.82663496;12.76225901;5261;108.6;;Betriebsstatus1;Streckenstation126;SSTQ251;6;UZ Siegsdorf;A8-Ost Richtung Salzburg
14834;51432;Querschnitt5811;GMAQ251_Mch;WUD_TT1_Q251_Mch;30;819448;47.8268337;12.76246203;5811;108.6;;Betriebsstatus1;Streckenstation126;SSTQ251;3;UZ Siegsdorf;A8-Ost Richtung M.-Zentrum
14840;56525;Querschnitt367;GMAQ251_Sbg;WUD_RLF_Q251_Sbg;11;819448;47.82666225;12.76245346;367;108.6;;Betriebsstatus1;Streckenstation126;SSTQ251;3;UZ Siegsdorf;A8-Ost Richtung Salzburg
14851;57749;Querschnitt196;AQQ253_Mch_H;AQQ253_Mch_A1;33;809477;47.82686199;12.77560127;196;109.57;;Betriebsstatus1;Streckenstation73;SSTQ253;4;UZ Siegsdorf;A8-Ost Richtung M.-Zentrum
14855;52676;Querschnitt195;AQQ253_Sbg_H;AQQ253_Sbg_B1;65;809477;47.8267091;12.77556564;195;109.57;;Betriebsstatus1;Streckenstation73;SSTQ253;4;UZ Siegsdorf;A8-Ost Richtung Salzburg
14859;55334;Querschnitt5244;BMSQ253;BMSQ253_Temp;2;809477;47.82672962;12.7752476;5244;109.545;;Betriebsstatus1;Streckenstation73;SSTQ253;6;UZ Siegsdorf;A8-Ost Richtung Salzburg
14862;51608;Querschnitt5416;GMAQ253_Mch;WUD_HK_Q253_Mch;94;809477;47.82687164;12.77568328;5416;109.57;;Betriebsstatus1;Streckenstation73;SSTQ253;3;UZ Siegsdorf;A8-Ost Richtung M.-Zentrum
14863;52549;Querschnitt6050;GMAQ253_Sbg;WUD_HK_Q253_Sbg;93;809477;47.82670763;12.77548073;6050;109.545;;Betriebsstatus1;Streckenstation73;SSTQ253;3;UZ Siegsdorf;A8-Ost Richtung Salzburg
14866;52256;Querschnitt194;MQQ253_Mch_H;DETQ253_Mch_H1;33;809477;47.82682881;12.77567658;194;109.57;;Betriebsstatus1;Streckenstation73;SSTQ253;1;UZ Siegsdorf;A8-Ost Richtung M.-Zentrum
14868;56862;Querschnitt193;MQQ253_Sbg_H;DETQ253_Sbg_H1;1;809477;47.82671448;12.77567487;193;109.57;;Betriebsstatus1;Streckenstation73;SSTQ253;1;UZ Siegsdorf;A8-Ost Richtung Salzburg
14870;53335;Querschnitt197;NMGQ253_Sbg;WUD_SW_Q253_Sbg;1;809477;47.82674046;12.77515376;197;109.545;;Betriebsstatus1;Streckenstation73;SSTQ253;3;UZ Siegsdorf;A8-Ost Richtung Salzburg
14871;61519;Querschnitt202;AQQ255_Mch_H;AQQ255_Mch_B1;97;809517;47.82847438;12.79182234;202;110.825;;Betriebsstatus1;Streckenstation74;SSTQ255;4;UZ Siegsdorf;A8-Ost Richtung M.-Zentrum
14875;57733;Querschnitt201;AQQ255_Sbg_H;AQQ255_Sbg_B1;65;809517;47.82826964;12.79190411;201;110.825;;Betriebsstatus1;Streckenstation74;SSTQ255;4;UZ Siegsdorf;A8-Ost Richtung Salzburg
14879;62819;Querschnitt5246;BMSQ255;BMSQ255_Tuer;1;809517;47.82817025;12.79151451;5246;110.788;;Betriebsstatus1;Streckenstation74;SSTQ255;6;UZ Siegsdorf;A8-Ost Richtung Salzburg
14882;51727;Querschnitt5803;GMAQ255_Mch;WUD_HK_Q255_Mch;94;809517;47.82849813;12.79193186;5803;110.825;;Betriebsstatus1;Streckenstation74;SSTQ255;3;UZ Siegsdorf;A8-Ost Richtung M.-Zentrum
14883;62408;Querschnitt198;GMAQ255_Sbg;WUD_HK_Q255_Sbg;93;809517;47.82822548;12.79179429;198;110.825;;Betriebsstatus1;Streckenstation74;SSTQ255;3;UZ Siegsdorf;A8-Ost Richtung Salzburg
14884;51173;Querschnitt200;MQQ255_Mch_H;DETQ255_Mch_H2;34;809517;47.82839259;12.79183928;200;110.825;;Betriebsstatus1;Streckenstation74;SSTQ255;1;UZ Siegsdorf;A8-Ost Richtung M.-Zentrum
14886;58960;Querschnitt199;MQQ255_Sbg_H;DETQ255_Sbg_H2;2;809517;47.82831068;12.79187442;199;110.788;;Betriebsstatus1;Streckenstation74;SSTQ255;1;UZ Siegsdorf;A8-Ost Richtung Salzburg
14888;59698;Querschnitt5262;BMSQ256;BMSQ256_Temp;2;809523;47.82868597;12.79429363;5262;110.97;;Betriebsstatus1;Streckenstation75;SSTQ256;6;UZ Siegsdorf;A8-Ost Richtung Salzburg
14891;53341;Querschnitt5802;GMAQ256_Mch;WUD_FBZ_Q256_Mch;25;809523;47.82887149;12.79425168;5802;110.97;;Betriebsstatus1;Streckenstation75;SSTQ256;3;UZ Siegsdorf;A8-Ost Richtung M.-Zentrum
14897;60946;Querschnitt203;GMAQ256_Sbg;WUD_TPT_Q256_Sbg;12;809523;47.82874679;12.79435519;203;110.97;;Betriebsstatus1;Streckenstation75;SSTQ256;3;UZ Siegsdorf;A8-Ost Richtung Salzburg
14909;54377;Querschnitt207;AQQ257_Mch_H;AQQ257_Mch_A2;34;809581;47.82679184;12.81802889;207;112.83;;Betriebsstatus1;Streckenstation76;SSTQ257;4;UZ Siegsdorf;A8-Ost Richtung M.-Zentrum
14913;60718;Querschnitt206;AQQ257_Sbg_H;AQQ257_Sbg_B1;65;809581;47.82662204;12.81778973;206;112.83;;Betriebsstatus1;Streckenstation76;SSTQ257;4;UZ Siegsdorf;A8-Ost Richtung Salzburg
14917;61411;Querschnitt5247;BMSQ257;BMSQ257_Netz;3;809581;47.82676428;12.81731292;5247;112.8;;Betriebsstatus1;Streckenstation76;SSTQ257;6;UZ Siegsdorf;A8-Ost Richtung Salzburg
14920;60942;Querschnitt5417;GMAQ257_Mch;WUD_HK_Q257_Mch;94;809581;47.82674989;12.81818589;5417;112.83;;Betriebsstatus1;Streckenstation76;SSTQ257;3;UZ Siegsdorf;A8-Ost Richtung M.-Zentrum
14921;59019;Querschnitt6051;GMAQ257_Sbg;WUD_NS_Q257_Sbg;3;809581;47.82673058;12.81745793;6051;112.805;;Betriebsstatus1;Streckenstation76;SSTQ257;3;UZ Siegsdorf;A8-Ost Richtung Salzburg
14924;55388;Querschnitt205;MQQ257_Mch_H;DETQ257_Mch_H2;34;809581;47.82673485;12.81800374;205;112.83;;Betriebsstatus1;Streckenstation76;SSTQ257;1;UZ Siegsdorf;A8-Ost Richtung M.-Zentrum
14926;51878;Querschnitt204;MQQ257_Sbg_H;DETQ257_Sbg_H1;1;809581;47.82664888;12.81793001;204;112.83;;Betriebsstatus1;Streckenstation76;SSTQ257;1;UZ Siegsdorf;A8-Ost Richtung Salzburg
14928;58266;Querschnitt208;NMGQ257_Sbg;WUD_SW_Q257_Sbg;1;809581;47.82666404;12.81762667;208;112.805;;Betriebsstatus1;Streckenstation76;SSTQ257;3;UZ Siegsdorf;A8-Ost Richtung Salzburg
14929;62152;Querschnitt212;AQQ259_Mch_H;AQQ259_Mch_C1;105;809634;47.81530971;12.83213769;212;114.5;;Betriebsstatus1;Streckenstation77;SSTQ259;4;UZ Siegsdorf;A8-Ost Richtung M.-Zentrum
14933;52403;Querschnitt211;AQQ259_Sbg_H;AQQ259_Sbg_A2;2;809634;47.81520531;12.83189353;211;114.5;;Betriebsstatus1;Streckenstation77;SSTQ259;4;UZ Siegsdorf;A8-Ost Richtung Salzburg
14937;59215;Querschnitt5248;BMSQ259;BMSQ259_Temp;2;809634;47.81536178;12.83171415;5248;114.47;;Betriebsstatus1;Streckenstation77;SSTQ259;6;UZ Siegsdorf;A8-Ost Richtung Salzburg
14940;57372;Querschnitt5418;GMAQ259_Mch;WUD_HK_Q259_Mch;94;809634;47.81525991;12.83224603;5418;114.5;;Betriebsstatus1;Streckenstation77;SSTQ259;3;UZ Siegsdorf;A8-Ost Richtung M.-Zentrum
14941;60508;Querschnitt213;GMAQ259_Sbg;WUD_HK_Q259_Sbg;93;809634;47.81525088;12.83180332;213;114.5;;Betriebsstatus1;Streckenstation77;SSTQ259;3;UZ Siegsdorf;A8-Ost Richtung Salzburg
14942;55197;Querschnitt210;MQQ259_Mch_H;DETQ259_Mch_H1;33;809634;47.81527757;12.83206443;210;114.5;81429034;Betriebsstatus1;Streckenstation77;SSTQ259;1;UZ Siegsdorf;A8-Ost Richtung M.-Zentrum
14944;54297;Querschnitt209;MQQ259_Sbg_H;DETQ259_Sbg_H2;2;809634;47.81526203;12.83195505;209;114.5;81429034;Betriebsstatus1;Streckenstation77;SSTQ259;1;UZ Siegsdorf;A8-Ost Richtung Salzburg
14946;57832;Querschnitt217;AQQ261_Mch_H;AQQ261_Mch_C1;105;809674;47.80693101;12.84323575;217;115.76;;Betriebsstatus1;Streckenstation78;SSTQ261;4;UZ Siegsdorf;A8-Ost Richtung M.-Zentrum
14950;60506;Querschnitt216;AQQ261_Sbg_H;AQQ261_Sbg_C1;73;809674;47.80679801;12.8429972;216;115.76;;Betriebsstatus1;Streckenstation78;SSTQ261;4;UZ Siegsdorf;A8-Ost Richtung Salzburg
14954;51605;Querschnitt5249;BMSQ261;BMSQ261_Temp;2;809674;47.80690999;12.84276263;5249;115.723;;Betriebsstatus1;Streckenstation78;SSTQ261;6;UZ Siegsdorf;A8-Ost Richtung Salzburg
14957;51790;Querschnitt5419;GMAQ261_Mch;WUD_HK_Q261_Mch;94;809674;47.80689356;12.84333214;5419;115.76;;Betriebsstatus1;Streckenstation78;SSTQ261;3;UZ Siegsdorf;A8-Ost Richtung M.-Zentrum
14958;58863;Querschnitt6052;GMAQ261_Sbg;WUD_HK_Q261_Sbg;93;809674;47.80685238;12.84282231;6052;115.73;;Betriebsstatus1;Streckenstation78;SSTQ261;3;UZ Siegsdorf;A8-Ost Richtung Salzburg
14961;54846;Querschnitt215;MQQ261_Mch_H;DETQ261_Mch_H2;34;809674;47.80692889;12.84317001;215;115.797;;Betriebsstatus1;Streckenstation78;SSTQ261;1;UZ Siegsdorf;A8-Ost Richtung M.-Zentrum
14963;59591;Querschnitt214;MQQ261_Sbg_H;DETQ261_Sbg_H2;2;809674;47.80683018;12.84306441;214;115.723;;Betriebsstatus1;Streckenstation78;SSTQ261;1;UZ Siegsdorf;A8-Ost Richtung Salzburg
14965;56219;Querschnitt218;NMGQ261_Sbg;WUD_SW_Q261_Sbg;1;809674;47.80696809;12.84263627;218;115.73;;Betriebsstatus1;Streckenstation78;SSTQ261;3;UZ Siegsdorf;A8-Ost Richtung Salzburg
14966;60673;Querschnitt370;AQQ263_Mch_E;AQQ263_Mch_B1;164;819712;47.80018472;12.85459494;370;116.91;;Betriebsstatus1;Streckenstation127;SSTQ263;4;UZ Siegsdorf;A8-Ost Richtung M.-Zentrum
14969;60902;Querschnitt5119;BMSQ263;BMSQ263_Tuer;1;819712;47.80004253;12.8547714;5119;116.92;;Betriebsstatus1;Streckenstation127;SSTQ263;6;UZ Siegsdorf;A8-Ost Richtung M.-Zentrum
14972;56587;Querschnitt369;GMAQ263_Mch;WUD_HK_Q263_Mch;93;819712;47.80018717;12.85454044;369;116.91;;Betriebsstatus1;Streckenstation127;SSTQ263;3;UZ Siegsdorf;A8-Ost Richtung M.-Zentrum
14973;57915;Querschnitt371;MQQ263_Mch_A;DETQ263_Mch_A1;97;819712;47.8000149;12.85491641;371;116.92;;Betriebsstatus1;Streckenstation127;SSTQ263;1;UZ Siegsdorf;A8-Ost Richtung M.-Zentrum
14974;54074;Querschnitt368;MQQ263_Mch_E;DETQ263_Mch_E1;161;819712;47.80013923;12.85467299;368;116.92;;Betriebsstatus1;Streckenstation127;SSTQ263;1;UZ Siegsdorf;A8-Ost Richtung M.-Zentrum
14975;60744;Querschnitt222;AQQ265_Mch_H;AQQ265_Mch_B1;97;809730;47.79645386;12.86068191;222;117.51;;Betriebsstatus1;Streckenstation79;SSTQ265;4;UZ Siegsdorf;A8-Ost Richtung M.-Zentrum
14979;62729;Querschnitt221;AQQ265_Sbg_H;AQQ265_Sbg_B1;65;809730;47.79631685;12.86043723;221;117.51;;Betriebsstatus1;Streckenstation79;SSTQ265;4;UZ Siegsdorf;A8-Ost Richtung Salzburg
14983;58983;Querschnitt5250;BMSQ265;BMSQ265_Tuer;1;809730;47.79644111;12.86020293;5250;117.48;;Betriebsstatus1;Streckenstation79;SSTQ265;6;UZ Siegsdorf;A8-Ost Richtung Salzburg
14986;60485;Querschnitt5420;GMAQ265_Mch;WUD_HK_Q265_Mch;94;809730;47.79641211;12.86080242;5420;117.51;;Betriebsstatus1;Streckenstation79;SSTQ265;3;UZ Siegsdorf;A8-Ost Richtung M.-Zentrum
14987;51543;Querschnitt223;GMAQ265_Sbg;WUD_HK_Q265_Sbg;93;809730;47.79637102;12.86029268;223;117.51;;Betriebsstatus1;Streckenstation79;SSTQ265;3;UZ Siegsdorf;A8-Ost Richtung Salzburg
14988;62019;Querschnitt220;MQQ265_Mch_H;DETQ265_Mch_H2;34;809730;47.79641211;12.86080242;220;117.51;;Betriebsstatus1;Streckenstation79;SSTQ265;1;UZ Siegsdorf;A8-Ost Richtung M.-Zentrum
14990;54028;Querschnitt219;MQQ265_Sbg_H;DETQ265_Sbg_H2;2;809730;47.79625447;12.8605877;219;117.51;;Betriebsstatus1;Streckenstation79;SSTQ265;1;UZ Siegsdorf;A8-Ost Richtung Salzburg
14992;55874;Querschnitt5263;BMSQ267;BMSQ267_Netz;3;809746;47.79307338;12.86439531;5263;118.0;;Betriebsstatus1;Streckenstation80;SSTQ267;6;UZ Siegsdorf;A8-Ost Richtung Salzburg
14995;51120;Querschnitt5797;GMA_Q267_Mch;WUD_TT1_Q267_Mch;30;809746;47.79301297;12.86482456;5797;117.995;;Betriebsstatus1;Streckenstation80;SSTQ267;3;UZ Siegsdorf;A8-Ost Richtung M.-Zentrum
15001;59317;Querschnitt5796;GMA_Q267_Sbg;WUD_TT1_Q267_Sbg;22;809746;47.79292506;12.86456859;5796;117.995;;Betriebsstatus1;Streckenstation80;SSTQ267;3;UZ Siegsdorf;A8-Ost Richtung Salzburg
15014;61635;Querschnitt224;NMG_Q267_Sbg;WUD_SW_Q267_Sbg;1;809746;47.79300351;12.86445474;224;117.995;;Betriebsstatus1;Streckenstation80;SSTQ267;3;UZ Siegsdorf;A8-Ost Richtung Salzburg
15015;56103;Querschnitt228;AQQ269_Mch_H;AQQ269_Mch_A1;33;809779;47.78503343;12.87295957;228;119.08;;Betriebsstatus1;Streckenstation81;SSTQ269;4;UZ Siegsdorf;A8-Ost Richtung M.-Zentrum
15019;58111;Querschnitt227;AQQ269_Sbg_H;AQQ269_Sbg_C1;73;809779;47.78494215;12.87261269;227;119.08;;Betriebsstatus1;Streckenstation81;SSTQ269;4;UZ Siegsdorf;A8-Ost Richtung Salzburg
15023;61037;Querschnitt5251;BMSQ269;BMSQ269_Tuer;1;809779;47.78508621;12.87246362;5251;119.043;;Betriebsstatus1;Streckenstation81;SSTQ269;6;UZ Siegsdorf;A8-Ost Richtung Salzburg
15026;52144;Querschnitt5801;GMAQ269_Mch;WUD_HK_Q268_Mch;94;809779;47.78495108;12.87304907;5801;119.08;;Betriebsstatus1;Streckenstation81;SSTQ269;3;UZ Siegsdorf;A8-Ost Richtung M.-Zentrum
15027;57711;Querschnitt229;GMAQ269_Sbg;WUD_HK_Q269_Sbg;93;809779;47.78501193;12.87256537;229;119.08;;Betriebsstatus1;Streckenstation81;SSTQ269;3;UZ Siegsdorf;A8-Ost Richtung Salzburg
15028;58150;Querschnitt226;MQQ269_Mch_H;DETQ269_Mch_H2;34;809779;47.7850015;12.8728621;226;119.117;;Betriebsstatus1;Streckenstation81;SSTQ269;1;UZ Siegsdorf;A8-Ost Richtung M.-Zentrum
15030;52415;Querschnitt225;MQQ269_Sbg_H;DETQ269_Sbg_H2;2;809779;47.78495889;12.87271001;225;119.043;;Betriebsstatus1;Streckenstation81;SSTQ269;1;UZ Siegsdorf;A8-Ost Richtung Salzburg
15032;58640;Querschnitt230;AQQ271_Sbg_H;AQQ271_Sbg_B1;65;809809;47.77870092;12.88083826;230;120.0;;Betriebsstatus1;Streckenstation82;SSTQ271;4;UZ Siegsdorf;A8-Ost Richtung Salzburg
15036;61298;Querschnitt5252;BMSQ271;BMSQ271_Tuer;1;809809;47.77885835;12.88054407;5252;119.97;;Betriebsstatus1;Streckenstation82;SSTQ271;6;UZ Siegsdorf;A8-Ost Richtung Salzburg
15039;61450;Querschnitt231;GMAQ271_Sbg;WUD_HK_Q271_Sbg;93;809809;47.7787797;12.88068207;231;120.0;;Betriebsstatus1;Streckenstation82;SSTQ271;3;UZ Siegsdorf;A8-Ost Richtung Salzburg
15040;55069;Querschnitt232;MQQ271_Sbg_H;DETQ271_Sbg_H1;1;809809;47.77881021;12.88095898;232;120.0;;Betriebsstatus1;Streckenstation82;SSTQ271;1;UZ Siegsdorf;A8-Ost Richtung Salzburg
15042;52071;Querschnitt5264;BMSQ273;BMSQ273_Tuer;1;809826;47.77564604;12.88566323;5264;120.52;;Betriebsstatus1;Streckenstation83;SSTQ273;6;UZ Siegsdorf;A8-Ost Richtung Salzburg
15045;57980;Querschnitt6053;GMAQ273_GMA;WUD_NI_Q273_Sbg;2;809826;47.77574567;12.88545289;6053;120.515;;Betriebsstatus1;Streckenstation83;SSTQ273;3;UZ Siegsdorf;A8-Ost Richtung Salzburg
15047;62806;Querschnitt233;NMGQ273_Sbg;WUD_SW_Q273_Sbg;1;809826;47.7756919;12.88554286;233;120.515;;Betriebsstatus1;Streckenstation83;SSTQ273;3;UZ Siegsdorf;A8-Ost Richtung Salzburg
15048;54030;Querschnitt237;AQQ275_Mch_H;AQQ275_Mch_A1;33;809848;47.77112497;12.89311572;237;121.25;;Betriebsstatus1;Streckenstation84;SSTQ275;4;UZ Siegsdorf;A8-Ost Richtung M.-Zentrum
15052;51818;Querschnitt236;AQQ275_Sbg_H;AQQ275_Sbg_C1;73;809848;47.77098822;12.89284685;236;121.25;;Betriebsstatus1;Streckenstation84;SSTQ275;4;UZ Siegsdorf;A8-Ost Richtung Salzburg
15056;51600;Querschnitt5253;BMSQ275;BMSQ275_Temp;2;809848;47.77114174;12.8925345;5253;121.22;;Betriebsstatus1;Streckenstation84;SSTQ275;6;UZ Siegsdorf;A8-Ost Richtung Salzburg
15059;52682;Querschnitt5800;GMAQ275_Mch;WUD_ZRG_Q275_Mch;27;809848;47.77105035;12.89325982;5800;121.25;;Betriebsstatus1;Streckenstation84;SSTQ275;3;UZ Siegsdorf;A8-Ost Richtung M.-Zentrum
15066;50595;Querschnitt235;GMAQ275_Sbg;WUD_RLF_Q275_Sbg;11;809848;47.77105478;12.8926905;235;121.24;;Betriebsstatus1;Streckenstation84;SSTQ275;3;UZ Siegsdorf;A8-Ost Richtung Salzburg
15079;55673;Querschnitt234;MQQ275_Mch_H;DETQ275_Mch_H2;34;809848;47.77107888;12.89305001;234;121.25;;Betriebsstatus1;Streckenstation84;SSTQ275;1;UZ Siegsdorf;A8-Ost Richtung M.-Zentrum
15081;56930;Querschnitt238;MQQ275_Sbg_H;DETQ275_Sbg_H1;1;809848;47.77103889;12.89288001;238;121.25;;Betriebsstatus1;Streckenstation84;SSTQ275;1;UZ Siegsdorf;A8-Ost Richtung Salzburg
15083;63235;Querschnitt5124;BMSQ277;BMSQ277_Netz;3;809867;47.76778198;12.89972719;5124;121.8;;Betriebsstatus1;Streckenstation85;SSTQ277;6;UZ Siegsdorf;A8-Ost Richtung Salzburg
15086;53942;Querschnitt240;MQQ277_Sbg_A;DETQ277_Sbg_A2;66;809867;47.76751211;12.90029188;240;121.9;;Betriebsstatus1;Streckenstation85;SSTQ277;1;UZ Siegsdorf;A8-Ost Richtung Salzburg
15089;63246;Querschnitt239;MQQ277_Sbg_H;DETQ277_Sbg_H2;2;809867;47.7675151;12.90095215;239;121.9;82439035;Betriebsstatus1;Streckenstation85;SSTQ277;1;UZ Siegsdorf;A8-Ost Richtung Salzburg
15091;56513;Querschnitt375;AQQ279_Mch_E;AQQ279_Mch_A1;161;819877;47.7675899;12.90182564;375;122.075;;Betriebsstatus1;Streckenstation128;SSTQ279;4;UZ Siegsdorf;A8-Ost Richtung M.-Zentrum
15094;56754;Querschnitt5120;BMSQ279;BMSQ279_Tuer;1;819877;47.76734418;12.90295404;5120;122.12;;Betriebsstatus1;Streckenstation128;SSTQ279;6;UZ Siegsdorf;A8-Ost Richtung M.-Zentrum
15097;60630;Querschnitt374;GMAQ279_Mch;WUD_HK_Q279_Mch;93;819877;47.76761939;12.90171107;374;122.075;;Betriebsstatus1;Streckenstation128;SSTQ279;3;UZ Siegsdorf;A8-Ost Richtung M.-Zentrum
15098;60943;Querschnitt376;MQQ279_Mch_A;DETQ279_Mch_A1;97;819877;47.76720003;12.90370001;376;122.15;;Betriebsstatus1;Streckenstation128;SSTQ279;1;UZ Siegsdorf;A8-Ost Richtung M.-Zentrum
15099;54841;Querschnitt372;MQQ279_Mch_E;DETQ279_Mch_E1;161;819877;47.76770003;12.90300002;372;122.15;;Betriebsstatus1;Streckenstation128;SSTQ279;1;UZ Siegsdorf;A8-Ost Richtung M.-Zentrum
15100;51190;Querschnitt373;MQQ279_Mch_H;DETQ279_Mch_H2;34;819877;47.76714378;12.90299296;373;122.15;82439035;Betriebsstatus1;Streckenstation128;SSTQ279;1;UZ Siegsdorf;A8-Ost Richtung M.-Zentrum
15102;56556;Querschnitt241;AQQ281_Sbg_E;AQQ281_Sbg_A1;129;809881;47.76642762;12.9047431;241;122.27;;Betriebsstatus1;Streckenstation86;SSTQ281;4;UZ Siegsdorf;A8-Ost Richtung Salzburg
15105;59952;Querschnitt5125;BMSQ281;BMSQ281_Temp;2;809881;47.76643904;12.90433143;5125;122.26;;Betriebsstatus1;Streckenstation86;SSTQ281;6;UZ Siegsdorf;A8-Ost Richtung Salzburg
15108;55479;Querschnitt243;GMAQ281_Sbg;WUD_HK_Q281_Sbg;93;809881;47.76641647;12.9046036;243;122.27;;Betriebsstatus1;Streckenstation86;SSTQ281;3;UZ Siegsdorf;A8-Ost Richtung Salzburg
15109;63200;Querschnitt242;MQQ281_Sbg_E;DETQ281_Sbg_E1;129;809881;47.76670003;12.90359996;242;122.2;;Betriebsstatus1;Streckenstation86;SSTQ281;1;UZ Siegsdorf;A8-Ost Richtung Salzburg
15110;58783;Querschnitt5126;BMSQ282;BMSQ282_Tuer;1;809885;47.76618182;12.90587751;5126;122.38;;Betriebsstatus1;Streckenstation87;SSTQ282;6;UZ Siegsdorf;A8-Ost Richtung Salzburg
15113;60939;Querschnitt244;MQQ282_Sbg_E;DETQ282_Sbg_E1;129;809885;47.76595463;12.90620669;244;122.4;;Betriebsstatus1;Streckenstation87;SSTQ282;1;UZ Siegsdorf;A8-Ost Richtung Salzburg
15114;55070;Querschnitt245;AQQ283_Sbg_H;AQQ283_Sbg_A1;1;809898;47.7660757;12.9120536;245;122.835;;Betriebsstatus1;Streckenstation88;SSTQ283;4;UZ Siegsdorf;A8-Ost Richtung Salzburg
15118;54629;Querschnitt5254;BMSQ283;BMSQ283_Tuer;1;809898;47.76604146;12.91173804;5254;122.78;;Betriebsstatus1;Streckenstation88;SSTQ283;6;UZ Siegsdorf;A8-Ost Richtung Salzburg
15121;54532;Querschnitt6054;GMAQ283_Sbg;WUD_NI_Q283_Sbg;2;809898;47.76605256;12.9118836;6054;122.775;;Betriebsstatus1;Streckenstation88;SSTQ283;3;UZ Siegsdorf;A8-Ost Richtung Salzburg
15124;63229;Querschnitt246;MQQ283_Sbg_H;DETQ283_Sbg_H2;2;809898;47.76614889;12.91209;246;122.835;;Betriebsstatus1;Streckenstation88;SSTQ283;1;UZ Siegsdorf;A8-Ost Richtung Salzburg
15126;51409;Querschnitt247;NMGQ283_Sbg;WUD_SW_Q283_Sbg;1;809898;47.76603244;12.91133208;247;122.775;;Betriebsstatus1;Streckenstation88;SSTQ283;3;UZ Siegsdorf;A8-Ost Richtung Salzburg
15127;53145;Querschnitt377;AQQ285_Mch_H;AQQ285_Mch_B1;97;819913;47.76684046;12.91754239;377;123.25;;Betriebsstatus1;Streckenstation129;SSTQ285;4;UZ Siegsdorf;A8-Ost Richtung M.-Zentrum
15131;52766;Querschnitt5255;BMSQ285;BMSQ285_Netz;3;819913;47.76686978;12.91796084;5255;123.25;;Betriebsstatus1;Streckenstation129;SSTQ285;6;UZ Siegsdorf;A8-Ost Richtung M.-Zentrum
15134;54353;Querschnitt379;GMAQ285_Mch;WUD_HK_Q285_Mch;93;819913;47.76685515;12.91774859;379;123.25;;Betriebsstatus1;Streckenstation129;SSTQ285;3;UZ Siegsdorf;A8-Ost Richtung M.-Zentrum
15135;54427;Querschnitt378;MQQ285_Mch_H;DETQ285_Mch_H1;33;819913;47.76677504;12.91755335;378;123.25;82439036;Betriebsstatus1;Streckenstation129;SSTQ285;1;UZ Siegsdorf;A8-Ost Richtung M.-Zentrum
15137;58396;Querschnitt248;AQQ287_Sbg_H;AQQ287_Sbg_A2;2;809928;47.76717698;12.92445321;248;123.768;;Betriebsstatus1;Streckenstation89;SSTQ287;4;UZ Siegsdorf;A8-Ost Richtung Salzburg
15141;57605;Querschnitt5256;BMSQ287;BMSQ287_Temp;2;809928;47.76714666;12.92416194;5256;123.731;;Betriebsstatus1;Streckenstation89;SSTQ287;6;UZ Siegsdorf;A8-Ost Richtung Salzburg
15144;55488;Querschnitt250;GMAQ287_Sbg;WUD_HK_Q287_Sbg;93;809928;47.76715779;12.92430144;250;123.768;;Betriebsstatus1;Streckenstation89;SSTQ287;3;UZ Siegsdorf;A8-Ost Richtung Salzburg
15145;51807;Querschnitt249;MQQ287_Sbg_H;DETQ287_Sbg_H1;1;809928;47.76724236;12.92444831;249;123.731;82439036;Betriebsstatus1;Streckenstation89;SSTQ287;1;UZ Siegsdorf;A8-Ost Richtung Salzburg
15147;63076;Querschnitt6856;BMS_94_108319_Mch;BMS_94_108319_Mch_HÖK;36;9418490;48.24650122;12.41450677;6856;108.319;;Betriebsstatus1;Streckenstation2007;SST_94_108319_Mch;6;UZ Wimpasing;A94a Richtung München-Riem
15151;62652;Querschnitt6857;MQ_94_108329_Mch;DET_94_108329_Mch_H1;33;9418490;48.24639787;12.41439721;6857;108.329;;Betriebsstatus1;Streckenstation2007;SST_94_108319_Mch;1;UZ Wimpasing;A94a Richtung München-Riem
15153;56182;Querschnitt6862;AQ_94_108794_Mch;WZG_94_108794_Mch_C1;105;9418500;48.24714644;12.40829241;6862;108.794;;Betriebsstatus1;Streckenstation2009;SST_94_108764_Mch;4;UZ Wimpasing;A94a Richtung München-Riem
15158;59474;Querschnitt6858;BMS_94_108764_Mch;BMS_94_108764_Mch_Temp;34;9418500;48.24714695;12.40873354;6858;108.764;;Betriebsstatus1;Streckenstation2009;SST_94_108764_Mch;6;UZ Wimpasing;A94a Richtung München-Riem
15161;52230;Querschnitt6860;GMA_94_108754_Mch;WUD_94_108754_Mch_TSK;52;9418500;48.24712581;12.4088421;6860;108.754;;Betriebsstatus1;Streckenstation2009;SST_94_108764_Mch;3;UZ Wimpasing;A94a Richtung München-Riem
15176;51069;Querschnitt6861;GMA_AQ_94_108794_Mch;WUD_AQ_94_108794_Mch_HK;40;9418500;48.24721065;12.40832398;6861;108.794;;Betriebsstatus1;Streckenstation2009;SST_94_108764_Mch;3;UZ Wimpasing;A94a Richtung München-Riem
15177;52776;Querschnitt6859;MQ_94_108794_Mch;DET_94_108794_Mch_H2;34;9418500;48.24713372;12.40836997;6859;108.794;;Betriebsstatus1;Streckenstation2009;SST_94_108764_Mch;1;UZ Wimpasing;A94a Richtung München-Riem
15179;56596;Querschnitt6863;MQ_94_108860_Pas;DET_94_108860_Pas_H2;2;9418500;48.24654736;12.41080743;6863;108.86;;Betriebsstatus1;Streckenstation2009;SST_94_108764_Mch;1;UZ Wimpasing;A94a Richtung Passau
15182;57525;Querschnitt6867;AQ_94_108895_Mch;WZG_94_108895_Mch_A2;34;9418503;48.24750566;12.40704955;6867;108.895;;Betriebsstatus1;Streckenstation2010;SST_94_108865_Mch;4;UZ Wimpasing;A94a Richtung München-Riem
15187;52614;Querschnitt6864;BMS_94_108865_Mch;BMS_94_108865_Mch_Netz;33;9418503;48.24746879;12.40749969;6864;108.865;;Betriebsstatus1;Streckenstation2010;SST_94_108865_Mch;6;UZ Wimpasing;A94a Richtung München-Riem
15190;51993;Querschnitt6866;GMA_AQ_94_108895_Mch;WUD_AQ_94_108895_Mch_HK;33;9418503;48.24752783;12.40723301;6866;108.895;;Betriebsstatus1;Streckenstation2010;SST_94_108865_Mch;3;UZ Wimpasing;A94a Richtung München-Riem
15191;53170;Querschnitt6865;MQ_94_108895_Mch;DET_94_108895_Mch_H1;33;9418503;48.24748877;12.40713329;6865;108.895;;Betriebsstatus1;Streckenstation2010;SST_94_108865_Mch;1;UZ Wimpasing;A94a Richtung München-Riem
15193;53551;Querschnitt6871;AQ_94_108999_Mch;WZG_94_108999_Mch_B1;97;9418505;48.24787328;12.4057448;6871;108.999;;Betriebsstatus1;Streckenstation2011;SST_94_108969_Mch;4;UZ Wimpasing;A94a Richtung München-Riem
15198;54787;Querschnitt6868;BMS_94_108969_Mch;BMS_94_108969_Mch_Temp;34;9418505;48.24783852;12.40618565;6868;108.969;;Betriebsstatus1;Streckenstation2011;SST_94_108969_Mch;6;UZ Wimpasing;A94a Richtung München-Riem
15201;55784;Querschnitt6870;GMA_AQ_94_108999_Mch;WUD_AQ_94_108999_Mch_HK;33;9418505;48.24791465;12.4057824;6870;108.999;;Betriebsstatus1;Streckenstation2011;SST_94_108969_Mch;3;UZ Wimpasing;A94a Richtung München-Riem
15202;58648;Querschnitt6869;MQ_94_108999_Mch;DET_94_108999_Mch_H2;34;9418505;48.24785638;12.40583165;6869;108.999;;Betriebsstatus1;Streckenstation2011;SST_94_108969_Mch;1;UZ Wimpasing;A94a Richtung München-Riem
15204;62461;Querschnitt6874;AQ_94_109194_Mch;WTA_94_109194_Mch_WTA1;97;9418510;48.24862801;12.40333099;6874;109.194;;Betriebsstatus1;Streckenstation2012;SST_94_109164_Mch;4;UZ Wimpasing;A94a Richtung München-Riem
15207;62485;Querschnitt6872;BMS_94_109164_Mch;BMS_94_109164_Mch_Schranke;37;9418510;48.24860155;12.40377503;6872;109.164;;Betriebsstatus1;Streckenstation2012;SST_94_109164_Mch;6;UZ Wimpasing;A94a Richtung München-Riem
15212;57162;Querschnitt6873;GMA_AQ_94_109194_Mch;WUD_AQ_94_109194_Mch_HK;33;9418510;48.2486735;12.40337795;6873;109.194;;Betriebsstatus1;Streckenstation2012;SST_94_109164_Mch;3;UZ Wimpasing;A94a Richtung München-Riem
15213;50808;Querschnitt6875;HS_94_109199_Mch;HS_94_109199_Mch_HS1;161;9418510;48.24873633;12.40321068;6875;109.199;;Betriebsstatus1;Streckenstation2012;SST_94_109164_Mch;4;UZ Wimpasing;A94a Richtung München-Riem
15214;58746;Querschnitt6876;HS_94_109214_Mch;HS_94_109214_Mch_HS1;162;9418510;48.24867266;12.40302378;6876;109.214;;Betriebsstatus1;Streckenstation2012;SST_94_109164_Mch;4;UZ Wimpasing;A94a Richtung München-Riem
15215;61685;Querschnitt6877;MQ_94_109189_Pas;DET_94_109189_Pas_H2;2;9418510;48.24851396;12.40331145;6877;109.189;;Betriebsstatus1;Streckenstation2012;SST_94_109164_Mch;1;UZ Wimpasing;A94a Richtung Passau
15217;55982;Querschnitt6854;AQ_94_109324_Mch;WZG_94_109324_Mch_A1;161;9408512;48.24905886;12.40176242;6854;109.324;;Betriebsstatus1;Streckenstation2006;SST_94_109269_Pas;4;UZ Wimpasing;A94a Richtung München-Riem
15219;60496;Querschnitt6855;AQ_94_109641_Mch;WZG_94_109641_Mch_A1;167;9408512;48.24996616;12.39763277;6855;109.641;;Betriebsstatus1;Streckenstation2006;SST_94_109269_Pas;4;UZ Wimpasing;A94a Richtung München-Riem
15221;60238;Querschnitt6851;BMS_94_109269_Pas;BMS_94_109269_Pas_Redu;3;9408512;48.24866495;12.40226261;6851;109.269;;Betriebsstatus1;Streckenstation2006;SST_94_109269_Pas;6;UZ Wimpasing;A94a Richtung Passau
15224;62966;Querschnitt6853;LSA_94_109304_Mch;LSA_94_109304_Mch_LSA2;34;9408512;48.24898889;12.40202;6853;109.304;;Betriebsstatus1;Streckenstation2006;SST_94_109269_Pas;4;UZ Wimpasing;A94a Richtung München-Riem
15226;56988;Querschnitt6852;MQ_94_109641_Mch;DET_94_109641_Mch_H1;33;9408512;48.24996164;12.39773836;6852;109.641;;Betriebsstatus1;Streckenstation2006;SST_94_109269_Pas;1;UZ Wimpasing;A94a Richtung München-Riem
15228;57977;Querschnitt6848;AQ_94_109645_Pas;WZG_94_109645_Pas_A1;129;9408528;48.2498625;12.39760711;6848;109.645;;Betriebsstatus1;Streckenstation2005;SST_94_109984_Pas;4;UZ Wimpasing;A94a Richtung Passau
15230;61695;Querschnitt6849;AQ_94_109969_Pas;WZG_94_109969_Pas_A1;135;9408528;48.25041194;12.39333919;6849;109.969;;Betriebsstatus1;Streckenstation2005;SST_94_109984_Pas;4;UZ Wimpasing;A94a Richtung Passau
15232;51463;Querschnitt6846;BMS_94_109984_Pas;BMS_94_109984_Pas_Netz;1;9408528;48.25029794;12.39269834;6846;109.984;;Betriebsstatus1;Streckenstation2005;SST_94_109984_Pas;6;UZ Wimpasing;A94a Richtung Passau
15235;56984;Querschnitt6850;LSA_94_109984_Pas;LSA_94_109984_Pas_LSA2;2;9408528;48.25042523;12.39309387;6850;109.984;;Betriebsstatus1;Streckenstation2005;SST_94_109984_Pas;4;UZ Wimpasing;A94a Richtung Passau
15237;53591;Querschnitt6847;MQ_94_109645_Pas;DET_94_109645_Pas_H2;2;9408528;48.24987941;12.39752026;6847;109.645;;Betriebsstatus1;Streckenstation2005;SST_94_109984_Pas;1;UZ Wimpasing;A94a Richtung Passau
15239;59988;Querschnitt6844;AQ_94_110089_Pas;WTA_94_110089_Pas_WTA1;65;9408531;48.25054412;12.39169985;6844;110.089;;Betriebsstatus1;Streckenstation2004;SST_94_110119_Pas;4;UZ Wimpasing;A94a Richtung Passau
15242;51827;Querschnitt6840;BMS_94_110119_Pas;BMS_94_110119_Pas_Schranke;4;9408531;48.25047499;12.39128302;6840;110.119;;Betriebsstatus1;Streckenstation2004;SST_94_110119_Pas;6;UZ Wimpasing;A94a Richtung Passau
15247;60670;Querschnitt6843;GMA_AQ_94_110089_Pas;WUD_AQ_94_110089_Pas_HK;1;9408531;48.2504632;12.39169924;6843;110.089;;Betriebsstatus1;Streckenstation2004;SST_94_110119_Pas;3;UZ Wimpasing;A94a Richtung Passau
15248;53245;Querschnitt6842;HS _94_110084_Pas;HS _94_110084_Pas_HS1;130;9408531;48.25045035;12.39181408;6842;110.084;;Betriebsstatus1;Streckenstation2004;SST_94_110119_Pas;4;UZ Wimpasing;A94a Richtung Passau
15249;52737;Querschnitt6841;HS_94_110069_Pas;HS_94_110069_Pas_HS1;129;9408531;48.2505472;12.39201056;6841;110.069;;Betriebsstatus1;Streckenstation2004;SST_94_110119_Pas;4;UZ Wimpasing;A94a Richtung Passau
15250;57253;Querschnitt6845;MQ_94_110094_Mch;DET_94_110094_Mch_H1;33;9408531;48.25066073;12.39157647;6845;110.094;;Betriebsstatus1;Streckenstation2004;SST_94_110119_Pas;1;UZ Wimpasing;A94a Richtung München-Riem
15252;51458;Querschnitt6839;AQ_94_110189_Pas;WZG_94_110189_Pas_B1;65;9408534;48.25058942;12.39039969;6839;110.189;;Betriebsstatus1;Streckenstation2003;SST_94_110219_Pas;4;UZ Wimpasing;A94a Richtung Passau
15257;60326;Querschnitt6836;BMS_94_110219_Pas;BMS_94_110219_Pas_Temp;2;9408534;48.25052464;12.38992386;6836;110.219;;Betriebsstatus1;Streckenstation2003;SST_94_110219_Pas;6;UZ Wimpasing;A94a Richtung Passau
15260;52174;Querschnitt6838;GMA_AQ_94_110189_Pas;WUD_AQ_94_110189_Pas_HK;1;9408534;48.25051264;12.39040222;6838;110.189;;Betriebsstatus1;Streckenstation2003;SST_94_110219_Pas;3;UZ Wimpasing;A94a Richtung Passau
15261;52720;Querschnitt6837;MQ_94_110189_Pas;DET_94_110189_Pas_H1;1;9408534;48.25058974;12.3903065;6837;110.189;;Betriebsstatus1;Streckenstation2003;SST_94_110219_Pas;1;UZ Wimpasing;A94a Richtung Passau
15263;56867;Querschnitt6835;AQ_94_110284_Pas;WZG_94_110284_Pas_B1;65;9408535;48.25062484;12.38911815;6835;110.284;;Betriebsstatus1;Streckenstation2002;SST_94_110284_Pas;4;UZ Wimpasing;A94a Richtung Passau
15268;54862;Querschnitt6832;BMS_94_110284_Pas;BMS_94_110284_Pas_Redu;3;9408535;48.25050059;12.38904576;6832;110.284;;Betriebsstatus1;Streckenstation2002;SST_94_110284_Pas;6;UZ Wimpasing;A94a Richtung Passau
15271;52123;Querschnitt6834;GMA_AQ_94_110284_Pas;WUD_AQ_94_110284_Pas_HK;1;9408535;48.25053562;12.38911747;6834;110.284;;Betriebsstatus1;Streckenstation2002;SST_94_110284_Pas;3;UZ Wimpasing;A94a Richtung Passau
15272;51102;Querschnitt6833;MQ_94_110284_Pas;DET_94_110284_Pas_H1;1;9408535;48.25062304;12.38903737;6833;110.284;;Betriebsstatus1;Streckenstation2002;SST_94_110284_Pas;1;UZ Wimpasing;A94a Richtung Passau
15274;54566;Querschnitt6830;AQ_94_110384_Pas;WZG_94_110384_Pas_A1;1;9408538;48.25060913;12.38777498;6830;110.384;;Betriebsstatus1;Streckenstation2001;SST_94_110414_Pas;4;UZ Wimpasing;A94a Richtung Passau
15279;51412;Querschnitt6827;BMS_94_110414_Pas;BMS_94_110414_Pas_Temp;2;9408538;48.25047774;12.3873608;6827;110.414;;Betriebsstatus1;Streckenstation2001;SST_94_110414_Pas;6;UZ Wimpasing;A94a Richtung Passau
15282;56827;Querschnitt6829;GMA_AQ_94_110384_Pas;WUD_AQ_94_110384_Pas_HK;1;9408538;48.25054481;12.3877745;6829;110.384;;Betriebsstatus1;Streckenstation2001;SST_94_110414_Pas;3;UZ Wimpasing;A94a Richtung Passau
15283;57868;Querschnitt6828;MQ_94_110384_Pas;DET_94_110384_Pas_H2;2;9408538;48.25060945;12.38767868;6828;110.384;77409001;Betriebsstatus1;Streckenstation2001;SST_94_110414_Pas;1;UZ Wimpasing;A94a Richtung Passau
15285;55353;Querschnitt6831;MQ_94_110389_Mch;DET_94_110389_Mch_H2;34;9408538;48.25071938;12.38768883;6831;110.389;77409001;Betriebsstatus1;Streckenstation2001;SST_94_110414_Pas;1;UZ Wimpasing;A94a Richtung München-Riem
15287;60072;Querschnitt6825;BMS_94_111099_Pas;BMS_94_111099_Pas_Temp;2;9408554;48.24949511;12.37837878;6825;111.099;;Betriebsstatus1;Streckenstation2000;SST_94_111099_Pas;6;UZ Wimpasing;A94a Richtung Passau
15291;59093;Querschnitt6826;MQ_94_111069_Pas;DET_94_111069_Pas_H1;1;9408554;48.24965792;12.3787155;6826;111.069;;Betriebsstatus1;Streckenstation2000;SST_94_111099_Pas;1;UZ Wimpasing;A94a Richtung Passau
15293;54793;Querschnitt6881;AQ_94_Ampf_0166_EM;WZG_94_Ampf_0166_EM_LSA2;34;9418495;48.24667812;12.41378439;6881;108.551;;Betriebsstatus1;Streckenstation2008;SST_94_Ampf_0005_EM;4;UZ Wimpasing;A94a Richtung München-Riem
15296;55213;Querschnitt6878;BMS_94_Ampf_0005_EM;BMS_94_Ampf_0005_EM_Schranke;37;9418495;48.24631415;12.41161636;6878;108.551;;Betriebsstatus1;Streckenstation2008;SST_94_Ampf_0005_EM;6;UZ Wimpasing;A94a Richtung München-Riem
15301;58902;Querschnitt6882;GMA_AQ_94_Ampf_0166_EM;WUD_AQ_94_Ampf_0166_EM_HK;33;9418495;48.24651445;12.4114066;6882;108.551;;Betriebsstatus1;Streckenstation2008;SST_94_Ampf_0005_EM;3;UZ Wimpasing;A94a Richtung München-Riem
15302;59452;Querschnitt6880;HS_94_Ampf_0173_EM;HS_94_Ampf_0173_EM_HS1;161;9418495;48.24651445;12.4114066;6880;108.551;;Betriebsstatus1;Streckenstation2008;SST_94_Ampf_0005_EM;4;UZ Wimpasing;A94a Richtung München-Riem
15303;52117;Querschnitt6879;MQ_94_Ampf_0005_EM;DET_94_Ampf_0005_EM_E1;161;9418495;48.24743638;12.41295175;6879;108.551;;Betriebsstatus1;Streckenstation2008;SST_94_Ampf_0005_EM;1;UZ Wimpasing;A94a Richtung München-Riem
