Zeile;id_fuer_max_de_kanal;Querschnitt_ID;Querschnitt;Bezeichner;de_kanal_max;Knotennummer;Breite_WGS;Laenge_WGS;Nummer;Betriebs_km;DZ_Nummer;Betriebsstatus;SST_ID;Streckenstation;FG;Fahrbahnteil;Unterzentrale;Fahrtrichtung;Richtung
1;58306;Querschnitt5796;GMA_Q267_Sbg;WUD_TT3_Q267_Sbg;23;809746;47.7929707169716;12.8645574687589;5796;117.995;;Betriebsstatus1;Streckenstation80;SSTQ267;3;Fahrbahnteil1;UZ Siegsdorf;A8-Ost Richtung Salzburg;Richtungfalse
2;51120;Querschnitt5797;GMA_Q267_Mch;WUD_TT1_Q267_Mch;30;809746;47.7930920721344;12.8647871611345;5797;117.995;;Betriebsstatus1;Streckenstation80;SSTQ267;3;Fahrbahnteil1;UZ Siegsdorf;A8-Ost Richtung M.-Zentrum;Richtungtrue
3;54529;Querschnitt5798;GMAQ221_Mch;WUD_HK_Q221_Mch;93;819068;47.828928079835;12.6082583526882;5798;96.62;;Betriebsstatus1;Streckenstation123;SSTQ221;3;Fahrbahnteil1;UZ Siegsdorf;A8-Ost Richtung M.-Zentrum;Richtungtrue
4;52717;Querschnitt5799;NMGQ221_Mch;WUD_SW_Q221_NMG;1;819068;47.82851985;12.60767222;5799;96.62;;Betriebsstatus1;Streckenstation123;SSTQ221;3;Fahrbahnteil1;UZ Siegsdorf;A8-Ost Richtung M.-Zentrum;Richtungtrue
5;63246;Querschnitt239;MQQ277_Sbg_H;DETQ277_Sbg_H2;2;809867;47.7677558252924;12.9000925384331;239;121.9;82439035;Betriebsstatus1;Streckenstation85;SSTQ277;1;Fahrbahnteil1;UZ Siegsdorf;A8-Ost Richtung Salzburg;Richtungfalse
6;59733;Querschnitt684;AQAQ204-Mch;WZGAQ204-Mch_RGL;162;9416187;48.1429693950473;11.7346985048892;684;8.18;;Betriebsstatus1;Streckenstation263;SSTAQ204;4;Fahrbahnteil1;UZ Riem;A94 Richtung M.-Zentrum;Richtungtrue
7;56873;Querschnitt5800;GMAQ275_Mch;WUD_HK_Q275_Mch;94;809848;47.7711483925674;12.893068778873;5800;121.25;80000893;Betriebsstatus1;Streckenstation84;SSTQ275;3;Fahrbahnteil1;UZ Siegsdorf;A8-Ost Richtung M.-Zentrum;Richtungtrue
8;52144;Querschnitt5801;GMAQ269_Mch;WUD_HK_Q268_Mch;94;809779;47.78495108;12.87304907;5801;119.08;;Betriebsstatus1;Streckenstation81;SSTQ269;3;Fahrbahnteil1;UZ Siegsdorf;A8-Ost Richtung M.-Zentrum;Richtungtrue
9;61452;Querschnitt5802;GMAQ256_Mch;WUD_TT1_Q256_Mch;30;809523;47.8288517216637;12.7939530725194;5802;110.97;80000898;Betriebsstatus1;Streckenstation75;SSTQ256;3;Fahrbahnteil1;UZ Siegsdorf;A8-Ost Richtung M.-Zentrum;Richtungtrue
10;51727;Querschnitt5803;GMAQ255_Mch;WUD_HK_Q255_Mch;94;809517;47.8284936864966;12.7919924083065;5803;110.825;;Betriebsstatus1;Streckenstation74;SSTQ255;3;Fahrbahnteil1;UZ Siegsdorf;A8-Ost Richtung M.-Zentrum;Richtungtrue
11;55758;Querschnitt5804;GMAQ249_Mch;WUD_HK_Q249_Mch;94;809415;47.8279737881498;12.7501523286573;5804;107.6;80000895;Betriebsstatus1;Streckenstation72;SSTQ249;3;Fahrbahnteil1;UZ Siegsdorf;A8-Ost Richtung M.-Zentrum;Richtungtrue
12;55256;Querschnitt5805;NMGQ249_Sbg;WUD_SW_Q249_Sbg;1;809415;47.8278111902701;12.7499422249051;5805;107.6;;Betriebsstatus1;Streckenstation72;SSTQ249;3;Fahrbahnteil1;UZ Siegsdorf;A8-Ost Richtung Salzburg;Richtungfalse
13;53229;Querschnitt5806;GMAQ239_Mch;WUD_HK_Q239_Mch;94;809301;47.8291936186246;12.7038581860313;5806;104.025;;Betriebsstatus1;Streckenstation67;SSTQ239;3;Fahrbahnteil1;UZ Siegsdorf;A8-Ost Richtung M.-Zentrum;Richtungtrue
14;52154;Querschnitt5807;GMAQ238_Mch;WUD_TT1_Q238_Mch;30;809278;47.8282782898642;12.6937145039931;5807;103.26;80000891;Betriebsstatus1;Streckenstation66;SSTQ238;3;Fahrbahnteil1;UZ Siegsdorf;A8-Ost Richtung M.-Zentrum;Richtungtrue
15;61882;Querschnitt5808;GMAQ235_Mch;WUD_HK_Q235_Mch;94;809202;47.8254643786199;12.6635550136623;5808;100.875;;Betriebsstatus1;Streckenstation64;SSTQ235;3;Fahrbahnteil1;UZ Siegsdorf;A8-Ost Richtung M.-Zentrum;Richtungtrue
16;53288;Querschnitt5809;NMGQ235_Sbg;WUD_SW_Q235_Sbg;1;809202;47.8252620655326;12.6632072996468;5809;100.875;;Betriebsstatus1;Streckenstation64;SSTQ235;3;Fahrbahnteil1;UZ Siegsdorf;A8-Ost Richtung Salzburg;Richtungfalse
17;54813;Querschnitt5810;GMAQ223_Mch;WUD_TT1_Q223_Mch;30;809078;47.8287533685931;12.6122852646416;5810;96.95;80000886;Betriebsstatus1;Streckenstation60;SSTQ223;3;Fahrbahnteil1;UZ Siegsdorf;A8-Ost Richtung M.-Zentrum;Richtungtrue
18;51432;Querschnitt5811;GMAQ251_Mch;WUD_TT1_Q251_Mch;30;819448;47.8268618421495;12.7628378021242;5811;108.6;80000897;Betriebsstatus1;Streckenstation126;SSTQ251;3;Fahrbahnteil1;UZ Siegsdorf;A8-Ost Richtung M.-Zentrum;Richtungtrue
19;59795;Querschnitt5812;GMAQ231_Sbg;WUD_TT1_Q231_Sbg;30;819154;47.8276654535571;12.6452342508486;5812;99.48;80000890;Betriebsstatus1;Streckenstation125;SSTQ231;3;Fahrbahnteil1;UZ Siegsdorf;A8-Ost Richtung Salzburg;Richtungfalse
20;50596;Querschnitt5813;GMA231_Mch;WUD_HK_Q231_Mch;93;819154;47.8278719245012;12.6453743122724;5813;98.48;80000890;Betriebsstatus1;Streckenstation125;SSTQ231;3;Fahrbahnteil1;UZ Siegsdorf;A8-Ost Richtung M.-Zentrum;Richtungtrue
21;60914;Querschnitt694;AQRG203-Mch;WZGAQRG203-Mch_RGL;162;9416211;48.1431162718903;11.7473939609086;694;9.07;;Betriebsstatus1;Streckenstation266;SSTAQ203;4;Fahrbahnteil1;UZ Riem;A94 Richtung M.-Zentrum;Richtungtrue
22;60917;Querschnitt5814;GMAQ225_Mch;WUD_HK_Q225_Mch;93;819117;47.8289657760336;12.6281444655714;5814;98.175;80000889;Betriebsstatus1;Streckenstation124;SSTQ225;3;Fahrbahnteil1;UZ Siegsdorf;A8-Ost Richtung M.-Zentrum;Richtungtrue
23;59251;Querschnitt5815;NMGQ225_Mch;WUD_SW_Q225_Mch;1;819117;47.8289657760336;12.6281444655714;5815;98.175;;Betriebsstatus1;Streckenstation124;SSTQ225;3;Fahrbahnteil1;UZ Siegsdorf;A8-Ost Richtung M.-Zentrum;Richtungtrue
24;50727;Querschnitt699;AQAQ202B-Mch;WZGAQ202B-Mch_D1;133;9416229;48.142922620085;11.7597125018243;699;10.0;;Betriebsstatus1;Streckenstation268;SSTAQ202B;4;Fahrbahnteil1;UZ Riem;A94 Richtung M.-Zentrum;Richtungtrue
25;54107;Querschnitt5816;GMAQ205_Sbg;WUD_TT1_Q205_Sbg;30;818862;47.8301829316022;12.5220412832663;5816;90.15;80000885;Betriebsstatus1;Streckenstation117;SSTQ205;3;Fahrbahnteil1;UZ Siegsdorf;A8-Ost Richtung Salzburg;Richtungfalse
26;55205;Querschnitt5817;GMAAQ115B-Pas;WUD_HK_AQ115B-Pas;2;9406140;48.1419514202591;11.708665943799;5817;6.19;;Betriebsstatus1;Streckenstation239;SSTAQ115A;3;Fahrbahnteil1;UZ Riem;A94 Richtung Passau;Richtungfalse
27;57347;Querschnitt5818;GMAMo94_2-Mch;WUD_HK_Mo94_2-Mch;34;9416264;48.1458514493047;11.7786741743069;5818;11.5;;Betriebsstatus1;Streckenstation1216;SSTMo94_1;3;Fahrbahnteil1;UZ Riem;A94 Richtung M.-Zentrum;Richtungtrue
28;55345;Querschnitt240;MQQ277_Sbg_A;DETQ277_Sbg_A3;67;809867;47.7676277310888;12.9000352018418;240;121.9;;Betriebsstatus1;Streckenstation85;SSTQ277;1;Fahrbahnteil4;UZ Siegsdorf;A8-Ost Richtung Salzburg;Richtungfalse
29;63200;Querschnitt242;MQQ281_Sbg_E;DETQ281_Sbg_E1;129;809881;47.766619311766;12.9033444739139;242;122.2;;Betriebsstatus1;Streckenstation86;SSTQ281;1;Fahrbahnteil3;UZ Siegsdorf;A8-Ost Richtung Salzburg;Richtungfalse
30;54744;Querschnitt5844;GMA_99a_102685_Mch;GMA_99a_102685_Mch_RS;75;9909681;48.20487248;11.42215724;5844;102.7;80000746;Betriebsstatus1;Streckenstation330;SST_99a_102707_Stg;3;Fahrbahnteil1;UZ Aubing;A99a Richtung Salzburg;Richtungfalse
31;60939;Querschnitt244;MQQ282_Sbg_E;DETQ282_Sbg_E1;129;809885;47.7659848952161;12.9059984463171;244;122.4;;Betriebsstatus1;Streckenstation87;SSTQ282;1;Fahrbahnteil3;UZ Siegsdorf;A8-Ost Richtung Salzburg;Richtungfalse
32;62724;Querschnitt5862;MQ_TEU001_Mch;TEU001_H1;0;9990001;48.16700001;11.45359995;5862;0.0;;Betriebsstatus1;Streckenstation1601;TEU 001;1;Fahrbahnteil1;Concert Zentrale;A8-West Richtung M.-Zentrum;Richtungfalse
33;63229;Querschnitt246;MQQ283_Sbg_H;DETQ283_Sbg_H2;2;809898;47.7661546703544;12.9119257972645;246;122.835;;Betriebsstatus1;Streckenstation88;SSTQ283;1;Fahrbahnteil1;UZ Siegsdorf;A8-Ost Richtung Salzburg;Richtungfalse
34;55031;Querschnitt5848;GMA_8_7085_Mch;WUD_8_7085_Mch_RS;75;805130;48.21129424;11.38579595;5848;7.085;80000747;Betriebsstatus1;Streckenstation15;SST_8_7070_Stg;3;Fahrbahnteil1;UZ Aubing;A8-West Richtung M.-Zentrum;Richtungfalse
35;59110;Querschnitt5860;GMAQ245_Mch;WUD_HK_Q245_Mch;94;809373;47.8308831245879;12.7335000137202;5860;106.27;;Betriebsstatus1;Streckenstation70;SSTQ245;3;Fahrbahnteil1;UZ Siegsdorf;A8-Ost Richtung M.-Zentrum;Richtungtrue
36;53293;Querschnitt5881;BMSAQ195;BMSAQ195_Temp;3;9416238;48.14275911;11.76432584;5881;10.335;;Betriebsstatus1;Streckenstation1615;SSTAQ195;6;Fahrbahnteil1;UZ Riem;A94 Richtung M.-Zentrum;Richtungtrue
37;53890;Querschnitt5882;AQAQ195-Mch;WZGAQ195-Mch_CL1;99;9416238;48.1426510982142;11.7639106610629;5882;10.305;;Betriebsstatus1;Streckenstation1615;SSTAQ195;4;Fahrbahnteil1;UZ Riem;A94 Richtung M.-Zentrum;Richtungtrue
38;58128;Querschnitt5891;GMA_HK_99_10383_Sbg;WUD_99_10383_Sbg_HK;1;9906798;48.2045117441828;11.454033848659;5891;10.383;;Betriebsstatus1;Streckenstation1617;SST_99_10771_Sbg;3;Fahrbahnteil1;UZ Aubing;A99 Richtung Salzburg;Richtungfalse
39;58140;Querschnitt5175;BMSAQ01;BMSAQ01_Netz;3;9416276;48.1486119;11.78461644;5175;12.04;;Betriebsstatus1;Streckenstation1397;SSTAQ01;6;Fahrbahnteil1;UZ Riem;A94 Richtung M.-Zentrum;Richtungtrue
40;58457;Querschnitt5389;BMSAQ202;BMSAQ94-202_Netz;3;9416255;48.14389947;11.77412282;5389;11.095;;Betriebsstatus1;Streckenstation1461;SSTAQ202;6;Fahrbahnteil1;UZ Riem;A94 Richtung M.-Zentrum;Richtungtrue
41;56197;Querschnitt5892;GMA201-Pas;WUD_ZRG_201-Mch;22;9416255;48.1438545179093;11.7741033562753;5892;11.095;80000964;Betriebsstatus1;Streckenstation1461;SSTAQ202;3;Fahrbahnteil1;UZ Riem;A94 Richtung Passau;Richtungfalse
42;52028;Querschnitt5897;MQ112a_Mch_H;DET112a_Mch_H3;35;918553;48.4256;11.5893;5897;500.39;;Betriebsstatus3;Streckenstation1620;SSTDE112a;1;Fahrbahnteil1;UZ Freimann;A9 Richtung M.-Zentrum;Richtungtrue
43;58468;Querschnitt5899;MQ113a_Mch_H;DET113a_Mch_H3;35;918642;48.4004;11.5905;5899;502.23;;Betriebsstatus3;Streckenstation1621;SSTDE113a;1;Fahrbahnteil1;UZ Freimann;A9 Richtung M.-Zentrum;Richtungtrue
44;52565;Querschnitt249;MQQ287_Sbg_H;DETQ287_Sbg_H2;2;809928;47.7672507604567;12.9243210954242;249;123.731;82439036;Betriebsstatus1;Streckenstation89;SSTQ287;1;Fahrbahnteil1;UZ Siegsdorf;A8-Ost Richtung Salzburg;Richtungfalse
45;58846;Querschnitt5915;Virtuell_A94_Mch_Parsdorf_FG4;Virtuell_A94_Mch_Parsdorf_FG4_DE193;193;9460100;48.14584589;11.7788648;5915;11.5;;Betriebsstatus1;Streckenstation1437;Virtuell A94 Mch Parsdorf;4;Fahrbahnteil1;UZ Riem;A94 Richtung M.-Zentrum;Richtungtrue
46;56529;Querschnitt5917;Virtuell_A94_Mch_Muenchen-O_FG4;Virtuell_A94_Mch_Muenchen-O_FG4_DE194;194;9450100;48.14747987;11.78210994;5917;11.784;;Betriebsstatus1;Streckenstation1254;Virtuell A94 Mch München-O;4;Fahrbahnteil1;UZ Riem;A94 Richtung M.-Zentrum;Richtungtrue
47;61184;Querschnitt5918;Virtuell_A94_SGM_Keep_Alive_FG4;Virtuell_A94_SGM_Keep_Alive_FG4_DE222;222;9450000;48.14747987;11.78210994;5918;11.784;;Betriebsstatus1;Streckenstation1288;Virtuell A94 SGM Keep Alive;4;Fahrbahnteil1;UZ Riem;A94 Richtung M.-Zentrum;Richtungtrue
48;53319;Querschnitt5919;Virtuell_A8-Ost_Mch_Muenchen-S_FG4;Virtuell_A8-Ost_Mch_Muenchen-S_FG4_DE193;193;850100;47.99960915;11.6751952;5919;12.68;;Betriebsstatus1;Streckenstation1239;Virtuell A8O Mch München-S;4;Fahrbahnteil1;UZ Holzkirchen;A8-Ost Richtung M.-Zentrum;Richtungtrue
49;57249;Querschnitt5920;Virtuell_A8-Ost_SGM_Keep_Alive_FG4;Virtuell_A8-Ost_SGM_Keep_Alive_FG4_DE222;222;850000;47.99960915;11.6751952;5920;12.68;;Betriebsstatus1;Streckenstation1290;Virtuell A8O SGM Keep Alive;4;Fahrbahnteil1;UZ Holzkirchen;A8-Ost Richtung M.-Zentrum;Richtungtrue
50;60057;Querschnitt5921;Virtuell_A8-West_Mch_AD_Eschenried_FG4;Virtuell_A8-West_Mch_AD_Eschenried_FG4_DE193;193;851103;48.21688158;11.37622866;5921;8.01;;Betriebsstatus1;Streckenstation1377;Virtuell A8W Mch AD Eschenried;4;Fahrbahnteil1;UZ Aubing;A8-West Richtung M.-Zentrum;Richtungfalse
51;61561;Querschnitt5922;Virtuell_A8-West_Mch_AS_DAH_FFB_FG4;Virtuell_A8-West_Mch_AS_DAH_FFB_FG4_DE194;194;851101;48.24204691;11.33174948;5922;12.3;;Betriebsstatus1;Streckenstation1419;Virtuell A8W Mch AS DAH / FFB;4;Fahrbahnteil1;UZ Aubing;A8-West Richtung M.-Zentrum;Richtungfalse
52;52118;Querschnitt5923;Virtuell_A96_Mch_AD_M-SW_FG4;Virtuell_A96_Mch_AD_M-SW_FG4_DE194;194;9650101;48.1173166;11.38637857;5923;161.485;;Betriebsstatus1;Streckenstation1359;Virtuell A96 Mch AKSW;4;Fahrbahnteil1;UZ Aubing;A96 Richtung M.-Zentrum;Richtungfalse
53;61293;Querschnitt5924;Virtuell_A96_Keep_Alive_FG4;Virtuell_A96_Keep_Alive_FG4_DE222;222;9650000;48.1173166;11.38637857;5924;161.485;;Betriebsstatus1;Streckenstation1434;Virtuell A96 Keep Alive;4;Fahrbahnteil1;UZ Aubing;A96 Richtung M.-Zentrum;Richtungfalse
54;57009;Querschnitt5925;Virtuell_A92_Deg_Flughafen_FG4;Virtuell_A92_Deg_Flughafen_FG4_DE193;193;9250002;48.34187066;11.71406614;5925;20.772;;Betriebsstatus1;Streckenstation1113;Virtuell A92 Deg Flughafen;4;Fahrbahnteil1;UZ Freising;A92 Richtung Deggendorf;Richtungfalse
55;52088;Querschnitt5926;Virtuell_A92_Mch_Erding_FG4;Virtuell_A92_Mch_Erding_FG4_DE193;193;9250001;48.39754394;11.86016581;5926;34.46;;Betriebsstatus1;Streckenstation1111;Virtuell A92 Mch Erding;4;Fahrbahnteil1;UZ Freising;A92 Richtung M.-Zentrum;Richtungtrue
56;55976;Querschnitt5927;Virtuell_A92_Mch_Neufahrn_FG4;Virtuell_A92_Mch_Neufahrn_FG4_DE193;193;9250003;48.32964262;11.65316604;5927;15.9;;Betriebsstatus1;Streckenstation1112;Virtuell A92 Mch Neufahrn;4;Fahrbahnteil1;UZ Freising;A92 Richtung M.-Zentrum;Richtungtrue
57;60511;Querschnitt5928;Virtuell_A92_Mch_Unterschleissheim_FG4;Virtuell_A92_Mch_Unterschleissheim_FG4_DE193;193;9250005;48.30114345;11.58893631;5928;10.16;;Betriebsstatus1;Streckenstation1414;Virtuell A92 Mch U'schleißheim;4;Fahrbahnteil1;UZ Freising;A92 Richtung M.-Zentrum;Richtungtrue
58;62095;Querschnitt5929;Virtuell_A92_Mch_Feldmoching_FG4;Virtuell_A92_Mch_Feldmoching_FG4_DE194;194;9250004;48.23939128;11.53630793;5929;1.6;;Betriebsstatus1;Streckenstation1196;Virtuell A92 Mch Feldmoching;4;Fahrbahnteil1;UZ Freising;A92 Richtung M.-Zentrum;Richtungtrue
59;60148;Querschnitt5930;Virtuell_A92_SGM_Keep_Alive_FG4;Virtuell_A92_SGM_Keep_Alive_FG4_DE222;222;9250000;48.39868915;11.86451091;5930;34.46;;Betriebsstatus1;Streckenstation1286;Virtuell A92 SGM Keep Alive;4;Fahrbahnteil1;UZ Freising;A92 Richtung M.-Zentrum;Richtungtrue
60;53387;Querschnitt5931;Virtuell_A9_Mch_Frankfurter_R_FG4;Virt_WWW_Mch_ASFrank;193;950112;48.19416113;11.61576811;5931;527.04;;Betriebsstatus1;Streckenstation1263;Virtuell A9 Mch Frankfurter R;4;Fahrbahnteil1;UZ Freimann;A9 Richtung M.-Zentrum;Richtungtrue
61;51448;Querschnitt5932;Virtuell_A9_Mch_Freimann_FG4;Virt_PR_Mch_ASFreim;193;950110;48.20169668;11.61940646;5932;526.26;;Betriebsstatus1;Streckenstation1261;Virtuell A9 Mch Freimann;4;Fahrbahnteil1;UZ Freimann;A9 Richtung M.-Zentrum;Richtungtrue
62;56341;Querschnitt5933;Virtuell_A9_Mch_Fröttmaning-S_FG4;Virt_PR_Mch_ASFroetS;196;950108;48.21350997;11.62525803;5933;524.77;;Betriebsstatus1;Streckenstation1270;Virtuell A9 Mch Fröttmaning-S;4;Fahrbahnteil1;UZ Freimann;A9 Richtung M.-Zentrum;Richtungtrue
63;57288;Querschnitt5934;Virtuell_A9_Mch_Garching-N_FG4;Virt_DSZ_Mch_ASGarN;195;950102;48.27274279;11.64336254;5934;517.884;;Betriebsstatus1;Streckenstation1256;Virtuell A9 Mch Garching-N;4;Fahrbahnteil1;UZ Freimann;A9 Richtung M.-Zentrum;Richtungtrue
64;54244;Querschnitt5935;Virtuell_A9_Mch_Garching-S_FG4;Virt_DSZ_Mch_ASGarS;195;950104;48.2560072;11.64644586;5935;519.78;;Betriebsstatus1;Streckenstation1258;Virtuell A9 Mch Garching-S;4;Fahrbahnteil1;UZ Freimann;A9 Richtung M.-Zentrum;Richtungtrue
65;51991;Querschnitt5936;Virtuell_A9_Mch_München-N_FG4;Virt_PR_Mch_AKMchN;194;950106;48.24189324;11.63953766;5936;521.435;;Betriebsstatus1;Streckenstation1260;Virtuell A9 Mch München-N;4;Fahrbahnteil1;UZ Freimann;A9 Richtung M.-Zentrum;Richtungtrue
66;50815;Querschnitt5937;Virtuell_A9_Mch_Neufahrn_FG4;Virt_WWW_Mch_AKNeuf;193;950100;48.33244504;11.61180527;5937;510.84;;Betriebsstatus1;Streckenstation1255;Virtuell A9 Mch Neufahrn;4;Fahrbahnteil1;UZ Freimann;A9 Richtung M.-Zentrum;Richtungtrue
67;60966;Querschnitt5938;Virtuell_A9_Mch_Petueltunnel_FG4;Virt_WWW_Petuel;193;950116;48.19416113;11.61576811;5938;527.04;;Betriebsstatus1;Streckenstation1265;Virtuell A9 Mch Petueltunnel;4;Fahrbahnteil1;UZ Freimann;A9 Richtung M.-Zentrum;Richtungtrue
68;52609;Querschnitt5939;Virtuell_A9_Mch_Schwabing_FG4;Virt_WWW_Mch_ASSchwab;193;950114;48.18235128;11.59944998;5939;528.92;;Betriebsstatus1;Streckenstation1264;Virtuell A9 Mch Schwabing;4;Fahrbahnteil1;UZ Freimann;A9 Richtung M.-Zentrum;Richtungtrue
69;54208;Querschnitt5942;Virtuell_A9_Nbg_Garching-N_FG4;Virt_WWW_Nbg_ASGarN;193;950103;48.25531079;11.64666762;5942;519.81;;Betriebsstatus1;Streckenstation1267;Virtuell A9 Nbg Garching-N;4;Fahrbahnteil1;UZ Freimann;A9 Richtung Nürnberg;Richtungfalse
70;61562;Querschnitt5943;Virtuell_A9_Nbg_München-N_FG4;Virt_WWW_Nbg_AKMchN;193;950101;48.2052418;11.62148393;5943;525.67;;Betriebsstatus1;Streckenstation1266;Virtuell A9 Nbg München-N;4;Fahrbahnteil1;UZ Freimann;A9 Richtung Nürnberg;Richtungfalse
71;52957;Querschnitt5944;Virtuell_A9_Nbg_Neufahrn_FG4;Virt_DSZ_Nbg_AKNeuf;193;950107;48.2986157;11.63180704;5944;514.82;;Betriebsstatus1;Streckenstation1285;Virtuell A9 Nbg Neufahrn;4;Fahrbahnteil1;UZ Freimann;A9 Richtung Nürnberg;Richtungfalse
72;59775;Querschnitt5945;Virtuell_A9_SGM_Keep_Alive_FG4;SGMKeepAlive;222;950000;48.33244504;11.61180527;5945;510.84;;Betriebsstatus1;Streckenstation1289;Virtuell A9 SGM Keep Alive;4;Fahrbahnteil1;UZ Freimann;A9 Richtung M.-Zentrum;Richtungtrue
73;55321;Querschnitt5946;Virtuell_A99_Sbg_AK_M.-Ost_FG4;Virt_ DSZ_Sbg_AKOst_Ausf;194;9950108;48.16121054;11.74591934;5946;35.55;;Betriebsstatus1;Streckenstation1243;Virtuell A99 Sbg AK M.-Ost;4;Fahrbahnteil1;UZ Aschheim;A99 Richtung Salzburg;Richtungfalse
74;53738;Querschnitt5947;Virtuell_A99_Sbg_Aschheim_FG4;Virt_WWW_Sbg_ASAschh;194;9950104;48.19215548;11.69711706;5947;30.37;;Betriebsstatus1;Streckenstation1158;Virtuell A99 Sbg Aschheim;4;Fahrbahnteil1;UZ Aschheim;A99 Richtung Salzburg;Richtungfalse
75;62936;Querschnitt5948;Virtuell_A99_Sbg_Feldmoching_FG4;Virt_ DSZ_Sbg_ADFeldmo_Einf;194;9950100;48.22392267;11.52767461;5948;16.5;;Betriebsstatus1;Streckenstation1249;Virtuell A99 Sbg Feldmoching;4;Fahrbahnteil1;UZ Aschheim;A99 Richtung Salzburg;Richtungfalse
76;62193;Querschnitt5949;Virtuell_A99_Sbg_Fröttmaning-N_FG4;Virt_ WWW_Sbg_ASFroetN;193;9950112;48.22875618;11.59262851;5949;21.4;;Betriebsstatus1;Streckenstation1283;Virtuell A99 Sbg Fröttmaning-N;4;Fahrbahnteil1;UZ Aschheim;A99 Richtung Salzburg;Richtungfalse
77;59871;Querschnitt5950;Virtuell_A99_Sbg_Haar_FG4;Virt_WWW_Sbg_ASHaar;194;9950110;48.11657339;11.75732215;5950;40.7;;Betriebsstatus1;Streckenstation1160;Virtuell A99 Sbg Haar;4;Fahrbahnteil1;UZ Aschheim;A99 Richtung Salzburg;Richtungfalse
78;54938;Querschnitt5951;Virtuell_A99_Sbg_Kirchheim_FG4;Virt_ WWW_Sbg_ASKirchh;194;9950106;48.1851226;11.71833973;5951;32.15;;Betriebsstatus1;Streckenstation1157;Virtuell A99 Sbg Kirchheim;4;Fahrbahnteil1;UZ Aschheim;A99 Richtung Salzburg;Richtungfalse
79;56640;Querschnitt5952;Virtuell_A99_Sbg_Ludwigsfeld_FG4;Virt_WWW_Sbg_ASLudwig;193;9950098;48.20966713;11.47300337;5952;11.976;;Betriebsstatus1;Streckenstation1281;Virtuell A99 Sbg Ludwigsfeld;4;Fahrbahnteil1;UZ Aschheim;A99 Richtung Salzburg;Richtungfalse
80;52727;Querschnitt5953;Virtuell_A99_Sbg_Neuherberg_FG4;Virt_ WWW_Sbg_ASNeuh;193;9950102;48.22742922;11.57434679;5953;20.006;;Betriebsstatus1;Streckenstation1282;Virtuell A99 Sbg Neuherberg;4;Fahrbahnteil1;UZ Aschheim;A99 Richtung Salzburg;Richtungfalse
81;60938;Querschnitt5954;Virtuell_A99_Stg_AK_M.-Nord_FG4;Virt_WWW_Stg_AKNord;194;9950109;48.20264014;11.66106849;5954;27.4;;Betriebsstatus1;Streckenstation1163;Virtuell A99 Stg AK M.-Nord;4;Fahrbahnteil1;UZ Aschheim;A99 Richtung Lindau;Richtungtrue
82;54564;Querschnitt5955;Virtuell_A99_Stg_AK_M.-Ost_FG4;Virt_DSZ_Stg_AKOst_Einf;196;9950103;48.11921955;11.7582733;5955;40.415;;Betriebsstatus1;Streckenstation1161;Virtuell A99 Stg AK M.-Ost;4;Fahrbahnteil1;UZ Aschheim;A99 Richtung Lindau;Richtungtrue
83;52780;Querschnitt5956;Virtuell_A99_Stg_Aschheim_FG4;Virt_WWW_Stg_ASAschh;194;9950107;48.18508945;11.71900552;5956;32.14;;Betriebsstatus1;Streckenstation1162;Virtuell A99 Stg Aschheim;4;Fahrbahnteil1;UZ Aschheim;A99 Richtung Lindau;Richtungtrue
84;56207;Querschnitt5957;Virtuell_A99_Stg_Feldmoching_FG4;Virt_DSZ_Stg_ADFeldmo_Einf;193;9950111;48.22781974;11.57667313;5957;20.631;;Betriebsstatus1;Streckenstation1253;Virtuell A99 Stg Feldmoching;4;Fahrbahnteil1;UZ Aschheim;A99 Richtung Lindau;Richtungtrue
85;61689;Querschnitt5958;Virtuell_A99_Stg_Haar_FG4;Virt_WWW_Stg_ASHaar;193;9950101;48.0964295;11.74924516;5958;42.99;;Betriebsstatus1;Streckenstation1156;Virtuell A99 Stg Haar;4;Fahrbahnteil1;UZ Aschheim;A99 Richtung Lindau;Richtungtrue
86;53316;Querschnitt5959;Virtuell_A99_SGM_Keep_Alive_FG4;SGMKeepAlive;222;9950000;48.09650319;11.7492558;5959;42.99;;Betriebsstatus1;Streckenstation1287;Virtuell A99 SGM Keep Alive;4;Fahrbahnteil1;UZ Aschheim;A99 Richtung Lindau;Richtungtrue
87;50757;Querschnitt5960;Virtuell_A99_Stg_Kirchheim_FG4;Virt_WWW_Stg_ASKirchh;194;9950105;48.16012553;11.74736297;5960;35.648;;Betriebsstatus1;Streckenstation1155;Virtuell A99 Stg Kirchheim;4;Fahrbahnteil1;UZ Aschheim;A99 Richtung Lindau;Richtungtrue
88;57794;Querschnitt5961;Virtuell_A99_Stg_Ludwigsfeld_FG4;Virt_WWW_Stg_ASLudwig;193;9950113;48.21157216;11.49677303;5961;13.76;;Betriebsstatus1;Streckenstation1284;Virtuell A99 Stg Ludwigsfeld;4;Fahrbahnteil1;UZ Aschheim;A99 Richtung Lindau;Richtungtrue
89;54237;Querschnitt4313;MQDZ_Sulzemoos_(O)_Mch;DET_Sulzemoos_(O)_Mch_H3;3;806591;48.27430008;11.28300004;4313;17.531;77339003;Betriebsstatus1;Streckenstation1116;Sulzemoos (O);1;Fahrbahnteil1;LVE - UZ Augsburg;A8-West Richtung M.-Zentrum;Richtungfalse
90;56091;Querschnitt4317;MQDZ_Sulzemoos_(O)_Stg;DET_Sulzemoos_(O)_Stg_H3;35;806591;48.27450009;11.28300007;4317;17.531;77339003;Betriebsstatus1;Streckenstation1116;Sulzemoos (O);1;Fahrbahnteil1;LVE - UZ Augsburg;A8-West Richtung Stuttgart;Richtungtrue
91;62374;Querschnitt4315;MQDZ_Odelzhausen_(O)_Mch;DET_Odelzhausen_(O)_Mch_H3;3;816728;48.29530002;11.23039995;4315;21.65;76339001;Betriebsstatus1;Streckenstation1117;Odelzhausen (O);1;Fahrbahnteil1;LVE - UZ Augsburg;A8-West Richtung M.-Zentrum;Richtungfalse
92;52336;Querschnitt4318;MQDZ_Odelzhausen_(O)_Stg;DET_Odelzhausen_(O)_Stg_H3;35;816728;48.29540006;11.23050006;4318;21.65;76339001;Betriebsstatus1;Streckenstation1117;Odelzhausen (O);1;Fahrbahnteil1;LVE - UZ Augsburg;A8-West Richtung Stuttgart;Richtungtrue
93;57721;Querschnitt4540;MQDZ_Adelzhausen_Ost_Mch;DET_Adelzhausen_Ost_Mch_H3;3;807006;48.34200005;11.15180004;4540;29.538;76329133;Betriebsstatus1;Streckenstation1204;Adelzhausen (O);1;Fahrbahnteil1;LVE - UZ Augsburg;A8-West Richtung M.-Zentrum;Richtungfalse
94;62896;Querschnitt4539;MQDZ_Adelzhausen_Ost_Stg;DET_Adelzhausen_Ost_Stg_H3;35;807006;48.34220006;11.15179996;4539;29.538;76329133;Betriebsstatus1;Streckenstation1204;Adelzhausen (O);1;Fahrbahnteil1;LVE - UZ Augsburg;A8-West Richtung Stuttgart;Richtungtrue
95;55543;Querschnitt4320;MQDZ_Adelzhausen_(W)_Mch;DET_Adelzhausen_(W)_Mch_H3;3;807144;48.37270007;11.09850002;4320;34.0;76329132;Betriebsstatus1;Streckenstation1118;Adelzhausen (W);1;Fahrbahnteil1;LVE - UZ Augsburg;A8-West Richtung M.-Zentrum;Richtungfalse
96;56973;Querschnitt4321;MQDZ_Adelzhausen_(W)_Stg;DET_Adelzhausen_(W)_Stg_H3;35;807144;48.37260005;11.09889997;4321;34.0;76329132;Betriebsstatus1;Streckenstation1118;Adelzhausen (W);1;Fahrbahnteil1;LVE - UZ Augsburg;A8-West Richtung Stuttgart;Richtungtrue
97;52680;Querschnitt4542;MQDZ_Derching_(O)_Mch;DET_Derching_(O)_Mch_H3;3;807541;48.40150007;10.97519995;4542;45.3;75319008;Betriebsstatus1;Streckenstation1206;Derching (O);1;Fahrbahnteil1;LVE - UZ Augsburg;A8-West Richtung M.-Zentrum;Richtungfalse
98;63202;Querschnitt4543;MQDZ_Derching_(O)_Stg;DET_Derching_(O)_Stg_H3;35;807541;48.4017;10.97689995;4543;45.3;75319008;Betriebsstatus1;Streckenstation1206;Derching (O);1;Fahrbahnteil1;LVE - UZ Augsburg;A8-West Richtung Stuttgart;Richtungtrue
99;51601;Querschnitt4545;MQDZ_Augsburg-Ost_Mch;DET_Augsburg-Ost_Mch_H3;3;807628;48.40550005;10.94590005;4545;48.3;75319009;Betriebsstatus1;Streckenstation1207;Augsburg-Ost (O);1;Fahrbahnteil1;LVE - UZ Augsburg;A8-West Richtung M.-Zentrum;Richtungfalse
100;60607;Querschnitt4546;MQDZ_Augsburg-Ost_Stg;DET_Augsburg-Ost_Stg_H3;35;807628;48.40560005;10.94590001;4546;48.3;75319009;Betriebsstatus1;Streckenstation1207;Augsburg-Ost (O);1;Fahrbahnteil1;LVE - UZ Augsburg;A8-West Richtung Stuttgart;Richtungtrue
101;61589;Querschnitt4549;MQDZ_Augsburg-West_(O)_Mch;DET_Augsburg-West_(O)_Mch_H3;3;807770;48.41420005;10.88520002;4549;52.588;75319010;Betriebsstatus1;Streckenstation1208;Augsburg-West (O);1;Fahrbahnteil1;LVE - UZ Augsburg;A8-West Richtung M.-Zentrum;Richtungfalse
102;55369;Querschnitt4550;MQDZ_Augsburg-West_(O)_Stg;DET_Augsburg-West_(O)_Stg_H3;35;807770;48.41440006;10.88519997;4550;52.588;75319010;Betriebsstatus1;Streckenstation1208;Augsburg-West (O);1;Fahrbahnteil1;LVE - UZ Augsburg;A8-West Richtung Stuttgart;Richtungtrue
103;55150;Querschnitt5962;MQDZ_Augsburg-West_(O)_Mch_E;DET_Augsburg-West_(O)_Mch_E2;130;807770;48.41430007;10.87739999;5962;52.588;75319010;Betriebsstatus1;Streckenstation1208;Augsburg-West (O);1;Fahrbahnteil3;LVE - UZ Augsburg;A8-West Richtung M.-Zentrum;Richtungfalse
104;63407;Querschnitt5963;MQDZ_Zusmarshausen_Mch;DET_Zusmarshausen_Mch_H3;3;818618;48.40960002;10.60290005;5963;73.49;75309010;Betriebsstatus1;Streckenstation1623;Zusmarshausen;1;Fahrbahnteil1;LVE - UZ Augsburg;A8-West Richtung M.-Zentrum;Richtungfalse
105;63402;Querschnitt5964;MQDZ_Zusmarshausen_Stg;DET_Zusmarshausen_Stg_H3;35;818618;48.40980007;10.60280002;5964;73.49;75309010;Betriebsstatus1;Streckenstation1623;Zusmarshausen;1;Fahrbahnteil1;LVE - UZ Augsburg;A8-West Richtung Stuttgart;Richtungtrue
106;50558;Querschnitt5965;BMS_Zusmarshausen_Mch;BMS_Zusmarshausen_Mch_Netz;3;818618;48.40962943;10.60327126;5965;73.499;7530910;Betriebsstatus1;Streckenstation1623;Zusmarshausen;6;Fahrbahnteil1;LVE - UZ Augsburg;A8-West Richtung M.-Zentrum;Richtungfalse
107;62256;Querschnitt4329;MQDZ_Leipheim_(W)_Mch;DET_Leipheim_(W)_Mch_H3;3;809717;48.46264889;10.13889;4329;110.5;75279130;Betriebsstatus1;Streckenstation1121;Leipheim (W);1;Fahrbahnteil1;LVE - UZ Augsburg;A8-West Richtung M.-Zentrum;Richtungfalse
108;63102;Querschnitt4330;MQDZ_Leipheim_(W)_Stg;DET_Leipheim_(W)_Stg_H3;35;809717;48.46276975;10.13897368;4330;110.5;75279130;Betriebsstatus1;Streckenstation1121;Leipheim (W);1;Fahrbahnteil1;LVE - UZ Augsburg;A8-West Richtung Stuttgart;Richtungtrue
109;57952;Querschnitt5971;ZFR_196230_Nord;ZFR_196230_Nord;1;9306588;49.02561195;12.07077105;5971;196.23;;Betriebsstatus1;Streckenstation1498;SST_93_196230_Hof;9;Fahrbahnteil3;UZ Regensburg;A93-Nord Richtung Hof;Richtungfalse
110;51405;Querschnitt5972;MQ_Aicha vorm Wald_Rgb;DET_Aicha vorm Wald_Rgb_H2;2;319146;48.67090009;13.25660006;5972;591.35;73459094;Betriebsstatus1;Streckenstation1624;Aicha vorm Wald;1;Fahrbahnteil1;LVE - UZ Freimann;A3 Richtung Nürnberg;Richtungfalse
111;54958;Querschnitt5974;MQ_Aicha vorm Wald_Pas;DET_Aicha vorm Wald_Pas_H2;34;319146;48.67090001;13.25649999;5974;591.35;73459094;Betriebsstatus1;Streckenstation1624;Aicha vorm Wald;1;Fahrbahnteil1;LVE - UZ Freimann;A3 Richtung Passau;Richtungtrue
112;52947;Querschnitt5976;WIM_Aicha vorm Wald_Pas;WIM_Aicha vorm Wald_Pas_H1;1;319146;48.67311381;13.25098786;5976;591.35;;Betriebsstatus1;Streckenstation1624;Aicha vorm Wald;2;Fahrbahnteil1;LVE - UZ Freimann;A3 Richtung Passau;Richtungtrue
113;51376;Querschnitt5975;WIM_Aicha vorm Wald_Rgb;WIM_Aicha vorm Wald_Rgb_H1;33;319146;48.67298868;13.25174514;5975;591.35;;Betriebsstatus1;Streckenstation1624;Aicha vorm Wald;2;Fahrbahnteil1;LVE - UZ Freimann;A3 Richtung Nürnberg;Richtungfalse
114;62412;Querschnitt5977;BMA_Aicha vorm Wald_Rgb;BMS_Aicha vorm Wald_Rgb_Heizung;3;319146;48.67298868;13.25174514;5977;591.35;;Betriebsstatus1;Streckenstation1624;Aicha vorm Wald;6;Fahrbahnteil1;LVE - UZ Freimann;A3 Richtung Nürnberg;Richtungfalse
115;52830;Querschnitt5973;MQ_Gletschergarten_Kff;DET_Gletschergarten_Kff_H2;34;9319505;47.71088889;12.15105001;5973;12.26;82389192;Betriebsstatus1;Streckenstation1625;Gletschergarten;1;Fahrbahnteil1;LVE - UZ Freimann;A93-Süd Richtung Kiefersfelden;Richtungtrue
116;56306;Querschnitt5979;MQ_Gletschergarten_Ro;DET_Gletschergarten_Rhm_H2;2;9319505;47.70953401;12.15287374;5979;12.397;82389192;Betriebsstatus1;Streckenstation1625;Gletschergarten;1;Fahrbahnteil1;LVE - UZ Freimann;A93-Süd Richtung Rosenheim;Richtungfalse
117;56380;Querschnitt5980;WIM_Gletschergarten_Kff;WIM_Gletschergarten_Kff_H1;33;9319505;47.71141652;12.15053182;5980;12.26;;Betriebsstatus1;Streckenstation1625;Gletschergarten;2;Fahrbahnteil1;LVE - UZ Freimann;A93-Süd Richtung Kiefersfelden;Richtungtrue
118;59729;Querschnitt5981;WIM_Gletschergarten_Rhm;WIM_Gletschergarten_Rhm_H1;1;9319505;47.70954078;12.15257043;5981;12.397;;Betriebsstatus1;Streckenstation1625;Gletschergarten;2;Fahrbahnteil1;LVE - UZ Freimann;A93-Süd Richtung Rosenheim;Richtungfalse
119;57354;Querschnitt5982;BMS_Gletschergarten_Kff;BMS_Gletschergarten_Kff_Heizung;3;9319505;47.71135103;12.15030316;5982;12.26;;Betriebsstatus1;Streckenstation1625;Gletschergarten;6;Fahrbahnteil1;LVE - UZ Freimann;A93-Süd Richtung Kiefersfelden;Richtungtrue
120;52379;Querschnitt5995;MQ_2580_Ottenhofen_A92;DET_2580_Ottenhofen_H1;1;12580020;48.22850004;11.86489997;5995;20.5;77379391;Betriebsstatus1;Streckenstation1626;Ottenhofen;1;Fahrbahnteil1;LVE - UZ Freimann;St2580 Richtung BAB A92;Richtungfalse
121;51920;Querschnitt5996;MQ_2580_Ottenhofen_A94;DET_2580_Ottenhofen_H1;33;12580020;48.229;11.86500001;5996;20.5;77379391;Betriebsstatus1;Streckenstation1626;Ottenhofen;1;Fahrbahnteil1;LVE - UZ Freimann;St2580 Richtung BAB A94;Richtungtrue
122;62743;Querschnitt3506;AQ99-115-Sbg_PW2;WZG99-115-Sbg_PW2;162;9908003;48.20423491;11.65673686;3506;27.05;;Betriebsstatus3;Streckenstation721;SST99-115;4;Fahrbahnteil1;UZ Aschheim;A99 Richtung Salzburg;Richtungfalse
123;54756;Querschnitt6011;GMAB30b_Stg_H;WUD_NS_B30b_Stg_H;3;9919883;48.03208636;11.66938676;6011;52.42;;Betriebsstatus1;Streckenstation385;SSTB30b;3;Fahrbahnteil1;UZ Aschheim;A99 Richtung Lindau;Richtungtrue
124;57220;Querschnitt6038;AQMo94_2-Mch;WZGMo94_1-Mch_WSLED;3;9416264;48.1458116256957;11.7787674503691;6038;11.5;;Betriebsstatus1;Streckenstation1216;SSTMo94_1;4;Fahrbahnteil1;UZ Riem;A94 Richtung M.-Zentrum;Richtungtrue
125;55568;Querschnitt6034;AQAQ115B-Pas;WZGAQ115B-Pas_D1;165;9406140;48.1418222734726;11.7085726788356;6034;6.19;;Betriebsstatus1;Streckenstation239;SSTAQ115A;4;Fahrbahnteil3;UZ Riem;A94 Richtung Passau;Richtungfalse
126;53137;Querschnitt604;AQZFR01-Pas;WZGZFR01-Pas_LSA;241;9406108;48.14002511077;11.689552361203;604;4.716;;Betriebsstatus1;Streckenstation234;SSTZFR01;4;Fahrbahnteil1;UZ Riem;A94 Richtung Passau;Richtungfalse
127;51932;Querschnitt610;AQZFR02-Pas;WZGZFR02-Pas_LSA;241;9406122;48.1409647536247;11.6925997619774;610;5.025;;Betriebsstatus1;Streckenstation236;SSTZFR02;4;Fahrbahnteil1;UZ Riem;A94 Richtung Passau;Richtungfalse
128;52348;Querschnitt620;AQZFR03-Pas;WZGZFR03-Pas_LSA;241;9406141;48.1412297312657;11.7093996214413;620;6.2;;Betriebsstatus1;Streckenstation240;SSTZFR03;4;Fahrbahnteil1;UZ Riem;A94 Richtung Passau;Richtungfalse
129;53002;Querschnitt6035;AQAQ203-Mch;WZGAQAQ203-Mch_D1;133;9416211;48.143434789967;11.7472818071125;6035;9.07;;Betriebsstatus1;Streckenstation266;SSTAQ203;4;Fahrbahnteil3;UZ Riem;A94 Richtung M.-Zentrum;Richtungtrue
130;58614;Querschnitt6036;GMAAQ203-Mch;WUD_HK_AQAQ203-Mch;3;9416211;48.1434237122876;11.7473111373581;6036;9.07;;Betriebsstatus1;Streckenstation266;SSTAQ203;3;Fahrbahnteil3;UZ Riem;A94 Richtung M.-Zentrum;Richtungtrue
131;57709;Querschnitt6037;NMG203-Mch;WUD_SW_203-Mch;2;9416211;48.1432042382764;11.7479236363075;6037;9.11;;Betriebsstatus1;Streckenstation266;SSTAQ203;3;Fahrbahnteil1;UZ Riem;A94 Richtung M.-Zentrum;Richtungtrue
132;55453;Querschnitt6039;GMAQ203_Mch;WUD_HK_Q203_Mch;93;818837;47.8315507701819;12.5159557779911;6039;89.65;;Betriebsstatus1;Streckenstation116;SSTQ203;3;Fahrbahnteil1;UZ Siegsdorf;A8-Ost Richtung M.-Zentrum;Richtungtrue
133;61321;Querschnitt6040;GMAQ207_Mch;WUD_HK_Q207_Mch;93;818910;47.8282433041308;12.5421320000919;6040;91.675;;Betriebsstatus1;Streckenstation118;SSTQ207;3;Fahrbahnteil1;UZ Siegsdorf;A8-Ost Richtung M.-Zentrum;Richtungtrue
134;54975;Querschnitt6041;GMAQ209_Mch;WUD_HK_Q209_Mch;93;818965;47.8264982217399;12.5645322563856;6041;93.38;;Betriebsstatus1;Streckenstation119;SSTQ209;3;Fahrbahnteil1;UZ Siegsdorf;A8-Ost Richtung M.-Zentrum;Richtungtrue
135;51091;Querschnitt6042;GMAQ211_Mch;WUD_NS_Q211_Mch;3;818997;47.8280428219884;12.5783934628029;6042;97.405;;Betriebsstatus1;Streckenstation120;SSTQ211;3;Fahrbahnteil1;UZ Siegsdorf;A8-Ost Richtung M.-Zentrum;Richtungtrue
136;52691;Querschnitt6043;AQQ215_Mch_E;AQQ215_Mch_E_C1;166;819010;47.8286867103745;12.5835204650454;6043;94.8;;Betriebsstatus1;Streckenstation121;SSTQ215;4;Fahrbahnteil3;UZ Siegsdorf;A8-Ost Richtung M.-Zentrum;Richtungtrue
137;58115;Querschnitt6044;AQQ218_Mch_E;AQQ218_Mch_C1;171;809038;47.82828486;12.59209717;6044;95.68;;Betriebsstatus1;Streckenstation1629;SST218;4;Fahrbahnteil3;UZ Siegsdorf;A8-Ost Richtung M.-Zentrum;Richtungtrue
138;54716;Querschnitt6045;GMA_HK_Q218_Mch_E;WUD_HK_Q218_Mch_E;33;809038;47.8283193653798;12.5921141754707;6045;95.68;;Betriebsstatus1;Streckenstation1629;SST218;3;Fahrbahnteil3;UZ Siegsdorf;A8-Ost Richtung M.-Zentrum;Richtungtrue
139;59294;Querschnitt6046;BMSQ218;BMSQ218_Mch_Netz;3;809038;47.82829794;12.59233078;6046;95.71;;Betriebsstatus1;Streckenstation1629;SST218;6;Fahrbahnteil3;UZ Siegsdorf;A8-Ost Richtung M.-Zentrum;Richtungtrue
140;58676;Querschnitt6047;GMAQ237_Sbg;WUD_HK_Q237_Sbg;93;809253;47.8258560358223;12.6839547705349;6047;102.475;;Betriebsstatus1;Streckenstation65;SSTQ237;3;Fahrbahnteil1;UZ Siegsdorf;A8-Ost Richtung Salzburg;Richtungfalse
141;52695;Querschnitt6048;GMAQ241_Sbg;WUD_NS_Q241_Sbg;3;809316;47.8291324663879;12.709465874668;6048;104.445;;Betriebsstatus1;Streckenstation68;SSTQ241;3;Fahrbahnteil1;UZ Siegsdorf;A8-Ost Richtung Salzburg;Richtungfalse
142;51374;Querschnitt6049;GMAQ243_Sbg;WUD_NS_Q243_Sbg;3;809365;47.8301382031511;12.7301593776845;6049;106.005;;Betriebsstatus1;Streckenstation69;SSTQ243;3;Fahrbahnteil1;UZ Siegsdorf;A8-Ost Richtung Salzburg;Richtungfalse
143;52549;Querschnitt6050;GMAQ253_Sbg;WUD_HK_Q253_Sbg;93;809477;47.8267247647259;12.7754001963042;6050;109.545;;Betriebsstatus1;Streckenstation73;SSTQ253;3;Fahrbahnteil1;UZ Siegsdorf;A8-Ost Richtung Salzburg;Richtungfalse
144;57401;Querschnitt6051;GMAQ257_Sbg;WUD_HK_Q257_Sbg;93;809581;47.8267191365705;12.8176118915972;6051;112.805;80000899;Betriebsstatus1;Streckenstation76;SSTQ257;3;Fahrbahnteil1;UZ Siegsdorf;A8-Ost Richtung Salzburg;Richtungfalse
145;58863;Querschnitt6052;GMAQ261_Sbg;WUD_HK_Q261_Sbg;93;809674;47.8069867619866;12.8427506852071;6052;115.73;;Betriebsstatus1;Streckenstation78;SSTQ261;3;Fahrbahnteil1;UZ Siegsdorf;A8-Ost Richtung Salzburg;Richtungfalse
146;59644;Querschnitt6053;GMAQ273_GMA;WUD_NS_Q273_Sbg;3;809826;47.7755515353015;12.8858402192164;6053;120.515;;Betriebsstatus1;Streckenstation83;SSTQ273;3;Fahrbahnteil1;UZ Siegsdorf;A8-Ost Richtung Salzburg;Richtungfalse
147;51152;Querschnitt6054;GMAQ283_Sbg;WUD_HK_Q283_Sbg;93;809898;47.7660535485833;12.9113589297121;6054;122.775;;Betriebsstatus1;Streckenstation88;SSTQ283;3;Fahrbahnteil1;UZ Siegsdorf;A8-Ost Richtung Salzburg;Richtungfalse
148;52407;Querschnitt6055;MQ_A7_960_486_Ulm/B310_A;MQ_A7_960_486_Ulm_B310_DET_A1;65;709892;47.57510001;10.66230002;6055;960.486;;Betriebsstatus1;Streckenstation1568;SST_A7_960_483_Ulm;1;Fahrbahnteil4;UZ Füssen;A7 Richtung Fulda;Richtungfalse
149;62939;Querschnitt6065;WWQ_92_EOst_0010_XZ;WZG_92_EOst_0010_XZ_W10;43;9216420;48.32227957;11.63192886;6065;14.098;;Betriebsstatus1;Streckenstation1631;SST_92_EOst_0010_XZ;4;Fahrbahnteil3;UZ Freising;A92 Richtung M.-Zentrum;Richtungtrue
150;62918;Querschnitt6071;BMS_92_EOst_0625_FY;BMS_92_EOst_0625_FYM_Netz;3;9216416;48.32164865;11.63034103;6071;0.625;;Betriebsstatus1;Streckenstation1635;SST_92_EOst_0625_FY;6;Fahrbahnteil3;UZ Freising;A92 Richtung M.-Zentrum;Richtungtrue
151;56780;Querschnitt6072;WWQ_92_AKNeuf_1151_UM;WZG_92_AKNeuf_1151_UM_W4;37;9216411;48.32041496;11.62854644;6072;13.25;;Betriebsstatus1;Streckenstation1633;SST_92_AKNeuf_1151_UM;4;Fahrbahnteil4;UZ Freising;A92 Richtung M.-Zentrum;Richtungtrue
152;59934;Querschnitt6073;WWQ_92_AKNeuf_1427_UM;WZG_92_AKNeuf_1427_UM_W4;37;9216403;48.31901495;11.62530528;6073;13.0;;Betriebsstatus1;Streckenstation1634;SST_92_AKNeuf_1427_UM;4;Fahrbahnteil4;UZ Freising;A92 Richtung M.-Zentrum;Richtungtrue
153;55236;Querschnitt6075;GMA_92_EOst_0625_FY;GMA_92_EOst_0625_FY_HK;1;9216416;48.32133113;11.63020942;6075;13.5;;Betriebsstatus1;Streckenstation1635;SST_92_EOst_0625_FY;3;Fahrbahnteil3;UZ Freising;A92 Richtung M.-Zentrum;Richtungtrue
154;58785;Querschnitt6074;AQ_92_EOst_0625_FY;WZG_92_EOst_0625_FY_B1;167;9216416;48.32133113;11.63020942;6074;13.5;;Betriebsstatus1;Streckenstation1635;SST_92_EOst_0625_FY;4;Fahrbahnteil3;UZ Freising;A92 Richtung M.-Zentrum;Richtungtrue
155;63098;Querschnitt6085;BMS_9_AKNeuf_0808_HL;BMS_9_AKNeuf_0808_HL_Uespg;4;9130960;48.31622449;11.62079988;6085;512.75;;Betriebsstatus1;Streckenstation1637;SST_9_AKNeuf_0608_HL;6;Fahrbahnteil3;UZ Freising;A9 Richtung M.-Zentrum;Richtungtrue
156;60879;Querschnitt6086;BMS_9_AKNeuf_1730_UM;BMS_9_AKNeuf_17308_UML_Uespg;4;9130942;48.31842365;11.61954313;6086;512.5;;Betriebsstatus1;Streckenstation1638;SST_9_AKNeuf_1730_UM;6;Fahrbahnteil3;UZ Freising;A9 Richtung M.-Zentrum;Richtungtrue
157;50787;Querschnitt6087;GMA_9_AKNeuf_1730_UM;WUD_9_AKNeuf_1730_UM_HK;33;9130942;48.31842365;11.61954313;6087;512.5;;Betriebsstatus1;Streckenstation1638;SST_9_AKNeuf_1730_UM;3;Fahrbahnteil3;UZ Freising;A9 Richtung M.-Zentrum;Richtungtrue
158;56693;Querschnitt3221;MQ9-364-Nbg_E;DET9-364-Nbg_E2;130;9030959;48.3156677857335;11.6229471389328;3221;512.9;;Betriebsstatus1;Streckenstation832;SST9-364;1;Fahrbahnteil3;UZ Freimann;A9 Richtung Nürnberg;Richtungfalse
159;52102;Querschnitt6105;MQ_Schierling_Rbg;DET_Schierling_Rgb_H2;2;11015020;48.82160004;12.13310004;6105;19.1;71389254;Betriebsstatus1;Streckenstation1646;Schierling;1;Fahrbahnteil1;LVE - UZ Pentling;B15-Neu Richtung Regensburg;Richtungfalse
160;54265;Querschnitt6106;MQ_Schierling_Roh;DET_Schierling_Roh_H2;34;11015020;48.82160003;12.13280004;6106;19.1;71389254;Betriebsstatus1;Streckenstation1646;Schierling;1;Fahrbahnteil1;LVE - UZ Pentling;B15-Neu Richtung Rosenheim;Richtungtrue
161;63294;Querschnitt6107;BMS_Schierling_Roh;BMS_Schierling_Roh_Tür;1;11015020;48.82143037;12.13273083;6107;19.1;;Betriebsstatus1;Streckenstation1646;Schierling;6;Fahrbahnteil1;LVE - UZ Pentling;B15-Neu Richtung Rosenheim;Richtungtrue
162;50561;Querschnitt6178;NMG_9_475250_Mch;WUD_9_475250_Mch_SW;33;917329;48.6236965997538;11.5255646372957;6178;475.25;;Betriebsstatus1;Streckenstation1917;SST_9_475250_Mch;3;Fahrbahnteil1;UZ Freimann NSF;A9 Richtung M.-Zentrum;Richtungtrue
163;59813;Querschnitt6176;BMS_9_475250_Mch;BMS_9_475250_Mch_UeSS;37;917329;48.62389552;11.52555928;6176;475.25;;Betriebsstatus1;Streckenstation1917;SST_9_475250_Mch;6;Fahrbahnteil1;UZ Freimann NSF;A9 Richtung M.-Zentrum;Richtungtrue
164;54508;Querschnitt6180;GMA_9_475250_Mch;WUD_9_475250_Mch_TT3;56;917329;48.6236965997538;11.5255646372957;6180;475.25;80000630;Betriebsstatus1;Streckenstation1917;SST_9_475250_Mch;3;Fahrbahnteil1;UZ Freimann NSF;A9 Richtung M.-Zentrum;Richtungtrue
165;60595;Querschnitt6181;GMA_9_475250_Nbg;WUD_9_475250_Nbg_TT3;24;917329;48.6237665601988;11.5260381470099;6181;475.25;80000630;Betriebsstatus1;Streckenstation1917;SST_9_475250_Mch;3;Fahrbahnteil1;UZ Freimann NSF;A9 Richtung Nürnberg;Richtungfalse
166;55110;Querschnitt6182;BMS_9_477830_Mch;BMS_9_477830_Mch_UeSS;37;917455;48.6061697;11.54761084;6182;477.83;;Betriebsstatus1;Streckenstation1918;SST_9_477830_Mch;6;Fahrbahnteil1;UZ Freimann NSF;A9 Richtung M.-Zentrum;Richtungtrue
167;53136;Querschnitt6184;MQ_9_477875_Mch;DET_9_477875_Mch_H3;35;917455;48.6058310799106;11.5480816625322;6184;477.875;;Betriebsstatus1;Streckenstation1918;SST_9_477830_Mch;1;Fahrbahnteil1;UZ Freimann NSF;A9 Richtung M.-Zentrum;Richtungtrue
168;62118;Querschnitt6185;GMA_9_477875_Mch;WUD_9_477875_Mch_TPT;38;917455;48.6056790281621;11.5481084567608;6185;477.875;;Betriebsstatus1;Streckenstation1918;SST_9_477830_Mch;3;Fahrbahnteil1;UZ Freimann NSF;A9 Richtung M.-Zentrum;Richtungtrue
169;57130;Querschnitt6186;AQ_9_477875_Mch;WZG_9_477875_Mch_C2;106;917455;48.6057420958026;11.5481898848361;6186;477.875;;Betriebsstatus1;Streckenstation1918;SST_9_477830_Mch;4;Fahrbahnteil1;UZ Freimann NSF;A9 Richtung M.-Zentrum;Richtungtrue
170;52389;Querschnitt6187;NMG_9_477885_Mch;WUD_9_477885_Mch_SW;39;917455;48.6056127162628;11.5482002489936;6187;477.885;;Betriebsstatus1;Streckenstation1918;SST_9_477830_Mch;3;Fahrbahnteil1;UZ Freimann NSF;A9 Richtung M.-Zentrum;Richtungtrue
171;62601;Querschnitt6188;GMA_9_477890_Mch;WUD_9_477890_Mch_TT3;56;917455;48.6055795764168;11.5482461711413;6188;477.89;80000531;Betriebsstatus1;Streckenstation1918;SST_9_477830_Mch;3;Fahrbahnteil1;UZ Freimann NSF;A9 Richtung M.-Zentrum;Richtungtrue
172;61241;Querschnitt6189;GMA_9_477890_Nbg;WUD_9_477890_Nbg_TT3;24;917455;48.6057830804554;11.548654109293;6189;477.89;80000531;Betriebsstatus1;Streckenstation1918;SST_9_477830_Mch;3;Fahrbahnteil1;UZ Freimann NSF;A9 Richtung Nürnberg;Richtungfalse
173;50692;Querschnitt6190;BMS_9_479420_Mch;BMS_9_479420_Mch_UeSS;37;917532;48.59565894;11.56202086;6190;479.42;;Betriebsstatus1;Streckenstation1919;SST_9_479420_Mch;6;Fahrbahnteil1;UZ Freimann NSF;A9 Richtung M.-Zentrum;Richtungtrue
174;60268;Querschnitt6193;MQ_9_479450_Mch;DET_9_479450_Mch_H3;35;917532;48.5953891659375;11.5623909451688;6193;479.45;;Betriebsstatus1;Streckenstation1919;SST_9_479420_Mch;1;Fahrbahnteil1;UZ Freimann NSF;A9 Richtung M.-Zentrum;Richtungtrue
175;61840;Querschnitt6192;NMG_9_479420_Mch;WUD_9_479420_Mch_SW;33;917532;48.5954455088648;11.5621675662816;6192;479.42;;Betriebsstatus1;Streckenstation1919;SST_9_479420_Mch;3;Fahrbahnteil1;UZ Freimann NSF;A9 Richtung M.-Zentrum;Richtungtrue
176;56714;Querschnitt6194;GMA_9_479450_Mch;WUD_9_479450_Mch_TPT;39;917532;48.5952336739589;11.5624200692493;6194;479.45;;Betriebsstatus1;Streckenstation1919;SST_9_479420_Mch;3;Fahrbahnteil1;UZ Freimann NSF;A9 Richtung M.-Zentrum;Richtungtrue
177;56834;Querschnitt6195;AQ_9_479450_Mch;WZG_9_479450_Mch_C2;106;917532;48.5952942791254;11.5625103025816;6195;479.45;;Betriebsstatus1;Streckenstation1919;SST_9_479420_Mch;4;Fahrbahnteil1;UZ Freimann NSF;A9 Richtung M.-Zentrum;Richtungtrue
178;57671;Querschnitt6218;MQ_9_484325_Mch;DET_9_484325_Mch_H3;35;917769;48.5613992272758;11.5891799894126;6218;484.325;;Betriebsstatus1;Streckenstation1923;SST_9_484290_Mch;1;Fahrbahnteil1;UZ Freimann NSF;A9 Richtung M.-Zentrum;Richtungtrue
179;52792;Querschnitt6197;GMA_9_479465_Mch;WUD_9_479465_Mch_TT3;56;917532;48.5951277563092;11.5625463199456;6197;479.465;80000537;Betriebsstatus1;Streckenstation1919;SST_9_479420_Mch;3;Fahrbahnteil1;UZ Freimann NSF;A9 Richtung M.-Zentrum;Richtungtrue
180;54969;Querschnitt6198;GMA_9_479465_Nbg;WUD_9_479465_Nbg_TT3;24;917532;48.5953442229212;11.5631129199867;6198;479.465;80000537;Betriebsstatus1;Streckenstation1919;SST_9_479420_Mch;3;Fahrbahnteil1;UZ Freimann NSF;A9 Richtung Nürnberg;Richtungfalse
181;58474;Querschnitt6199;BMS_9_481020_Mch;BMS_9_481020_Mch_UeSS;37;917610;48.58488893;11.57691988;6199;481.02;;Betriebsstatus1;Streckenstation1920;SST_9_481020_Mch;6;Fahrbahnteil1;UZ Freimann NSF;A9 Richtung M.-Zentrum;Richtungtrue
182;62539;Querschnitt6202;MQ_9_481060_Mch;DET_9_481060_Mch_H3;35;917610;48.5847435255094;11.5775334467046;6202;481.06;73359056;Betriebsstatus1;Streckenstation1920;SST_9_481020_Mch;1;Fahrbahnteil1;UZ Freimann NSF;A9 Richtung M.-Zentrum;Richtungtrue
183;61396;Querschnitt6201;NMG_9_481025_Mch;WUD_9_481025_Mch_SW;33;917610;48.584757539627;11.5772436606602;6201;481.025;;Betriebsstatus1;Streckenstation1920;SST_9_481020_Mch;3;Fahrbahnteil1;UZ Freimann NSF;A9 Richtung M.-Zentrum;Richtungtrue
184;61774;Querschnitt6203;GMA_9_481060_Mch;WUD_9_481060_Mch_TPT;39;917610;48.5845970203126;11.5776522504723;6203;481.06;;Betriebsstatus1;Streckenstation1920;SST_9_481020_Mch;3;Fahrbahnteil1;UZ Freimann NSF;A9 Richtung M.-Zentrum;Richtungtrue
185;52136;Querschnitt6204;AQ_9_481060_Mch;WZG_9_481060_Mch_C2;106;917610;48.5846599376647;11.5777268711715;6204;481.06;;Betriebsstatus1;Streckenstation1920;SST_9_481020_Mch;4;Fahrbahnteil1;UZ Freimann NSF;A9 Richtung M.-Zentrum;Richtungtrue
186;55208;Querschnitt6211;AQ_9_ADHoll_0420_OM;WZG_9_ADHoll_0420_OM_C1;183;917659;48.5805033579676;11.588746335985;6211;482.03;;Betriebsstatus1;Streckenstation1921;SST_9_482030_Mch;4;Fahrbahnteil3;UZ Freimann NSF;A9 Richtung M.-Zentrum;Richtungtrue
187;61195;Querschnitt6205;GMA_9_481075_Mch;WUD_9_481075_Mch_TT3;56;917610;48.5845299542617;11.5778288858811;6205;481.075;80000631;Betriebsstatus1;Streckenstation1920;SST_9_481020_Mch;3;Fahrbahnteil1;UZ Freimann NSF;A9 Richtung M.-Zentrum;Richtungtrue
188;59339;Querschnitt6206;GMA_9_481075_Nbg;WUD_9_481075_Nbg_TT3;24;917610;48.584914568384;11.5778794451819;6206;481.075;80000631;Betriebsstatus1;Streckenstation1920;SST_9_481020_Mch;3;Fahrbahnteil1;UZ Freimann NSF;A9 Richtung Nürnberg;Richtungfalse
189;55448;Querschnitt6210;BMS_9_482030_Mch;BMS_9_482030_Mch_UeSS;37;917659;48.58052954;11.58865664;6210;482.03;;Betriebsstatus1;Streckenstation1921;SST_9_482030_Mch;6;Fahrbahnteil1;UZ Freimann NSF;A9 Richtung M.-Zentrum;Richtungtrue
190;51894;Querschnitt6208;MQ_9_ADHoll_0380_AO;DET_9_ADHoll_0380_AO_A2;98;917659;48.5813153150414;11.5873268720869;6208;481.931;;Betriebsstatus1;Streckenstation1921;SST_9_482030_Mch;1;Fahrbahnteil4;UZ Freimann NSF;A9 Richtung M.-Zentrum;Richtungtrue
191;54778;Querschnitt6213;BMS_9_483115_Mch;BMS_9_483115_Mch_UeSS;37;917712;48.57199102;11.59226108;6213;483.115;;Betriebsstatus1;Streckenstation1922;SST_9_483115_Mch;6;Fahrbahnteil1;UZ Freimann NSF;A9 Richtung M.-Zentrum;Richtungtrue
192;57563;Querschnitt6214;MQ_9_483145_Mch;DET_9_483145_Mch_H3;35;917712;48.5717559576266;11.59244591859;6214;483.145;;Betriebsstatus1;Streckenstation1922;SST_9_483115_Mch;1;Fahrbahnteil1;UZ Freimann NSF;A9 Richtung M.-Zentrum;Richtungtrue
193;57574;Querschnitt6215;AQ_9_483145_Mch;WZG_9_483145_Mch_C2;106;917712;48.5715699053197;11.5924415010781;6215;483.145;;Betriebsstatus1;Streckenstation1922;SST_9_483115_Mch;4;Fahrbahnteil1;UZ Freimann NSF;A9 Richtung M.-Zentrum;Richtungtrue
194;56286;Querschnitt6216;BMS_9_484290_Mch;BMS_9_484290_Mch_UeSS;37;917769;48.56158016;11.58903766;6216;484.29;;Betriebsstatus1;Streckenstation1923;SST_9_484290_Mch;6;Fahrbahnteil1;UZ Freimann NSF;A9 Richtung M.-Zentrum;Richtungtrue
195;62869;Querschnitt6219;AQ_9_484325_Mch;WZG_9_484325_Mch_C2;106;917769;48.5612125011139;11.589092693093;6219;484.325;;Betriebsstatus1;Streckenstation1923;SST_9_484290_Mch;4;Fahrbahnteil1;UZ Freimann NSF;A9 Richtung M.-Zentrum;Richtungtrue
196;62617;Querschnitt6207;MQ_9_481931_Mch;DET_9_481931_Mch_H3;35;917659;48.5813146817337;11.5881011643362;6207;481.88;;Betriebsstatus1;Streckenstation1921;SST_9_482030_Mch;1;Fahrbahnteil1;UZ Freimann NSF;A9 Richtung M.-Zentrum;Richtungtrue
197;51915;Querschnitt6212;MQ_9_ADHoll_0330_OM;DET_9_ADHoll_0330_OM_E1;161;917659;48.5804130687743;11.5886747423804;6212;482.031;;Betriebsstatus1;Streckenstation1921;SST_9_482030_Mch;1;Fahrbahnteil3;UZ Freimann NSF;A9 Richtung M.-Zentrum;Richtungtrue
198;56578;Querschnitt6712;MQ_9_481931_Nbg;DET_9_481931_Nbg_H3;3;917659;48.5814280590074;11.5882268309162;6712;481.931;;Betriebsstatus1;Streckenstation1921;SST_9_482030_Mch;1;Fahrbahnteil1;UZ Freimann NSF;A9 Richtung Nürnberg;Richtungfalse
199;53294;Querschnitt6223;BMS_9_485215_Mch;BMS_9_485215_Mch_UeSS;37;917814;48.55360181;11.58954304;6223;485.215;;Betriebsstatus1;Streckenstation1924;SST_9_485215_Mch;6;Fahrbahnteil1;UZ Freimann NSF;A9 Richtung M.-Zentrum;Richtungtrue
200;58184;Querschnitt6221;AQ_9_485215_Mch;WZG_9_485215_Mch_WVLT1;163;917814;48.5534765882473;11.5897009680071;6221;485.215;;Betriebsstatus1;Streckenstation1924;SST_9_485215_Mch;4;Fahrbahnteil1;UZ Freimann NSF;A9 Richtung M.-Zentrum;Richtungtrue
201;51420;Querschnitt6225;GMA_9_485350_Mch;WUD_9_485350_Mch_TT1;55;917814;48.5522060839665;11.5906044859699;6225;485.35;80000632;Betriebsstatus1;Streckenstation1924;SST_9_485215_Mch;3;Fahrbahnteil1;UZ Freimann NSF;A9 Richtung M.-Zentrum;Richtungtrue
202;53679;Querschnitt6226;GMA_9_485350_Nbg;WUD_9_485350_Nbg_TT1;23;917814;48.5523389053265;11.591107959352;6226;485.35;80000632;Betriebsstatus1;Streckenstation1924;SST_9_485215_Mch;3;Fahrbahnteil1;UZ Freimann NSF;A9 Richtung Nürnberg;Richtungfalse
203;57437;Querschnitt6230;BMS_9_485800_Mch;BMS_9_485800_Mch_UeSS;37;917843;48.54937722;11.59230031;6230;485.8;;Betriebsstatus1;Streckenstation1925;SST_9_485800_Mch;6;Fahrbahnteil1;UZ Freimann NSF;A9 Richtung M.-Zentrum;Richtungtrue
204;58125;Querschnitt6228;MQ_9_485750_Mch;DET_9_485750_Mch_H4;36;917843;48.5489515772284;11.5927559748481;6228;485.75;;Betriebsstatus1;Streckenstation1925;SST_9_485800_Mch;1;Fahrbahnteil1;UZ Freimann NSF;A9 Richtung M.-Zentrum;Richtungtrue
205;59325;Querschnitt6229;AQ_9_485750_Mch;WZG_9_485750_Mch_WVLT1;163;917843;48.5488301856235;11.5928109423892;6229;485.75;;Betriebsstatus1;Streckenstation1925;SST_9_485800_Mch;4;Fahrbahnteil1;UZ Freimann NSF;A9 Richtung M.-Zentrum;Richtungtrue
206;63293;Querschnitt6234;BMS_9_486925_Mch;BMS_9_486925_Mch_UeSS;37;917897;48.53844588;11.594748;6234;486.925;;Betriebsstatus1;Streckenstation1926;SST_9_486925_Mch;6;Fahrbahnteil1;UZ Freimann NSF;A9 Richtung M.-Zentrum;Richtungtrue
207;50921;Querschnitt6270;AQ_9_490845_Mch;WZG_9_490845_Mch_WVLT1;163;918088;48.5061129247276;11.5879596454475;6270;490.845;;Betriebsstatus1;Streckenstation1932;SST_9_490850_Mch;4;Fahrbahnteil1;UZ Freimann NSF;A9 Richtung M.-Zentrum;Richtungtrue
208;54296;Querschnitt6235;MQ_9_486950_Mch;DET_9_486950_Mch_H4;36;917897;48.5384235957952;11.5949754072665;6235;486.95;74359110;Betriebsstatus1;Streckenstation1926;SST_9_486925_Mch;1;Fahrbahnteil1;UZ Freimann NSF;A9 Richtung M.-Zentrum;Richtungtrue
209;61234;Querschnitt6236;AQ_9_486950_Mch;WZG_9_486950_Mch_WVLT1;163;917897;48.5382895990363;11.594988940786;6236;486.95;;Betriebsstatus1;Streckenstation1926;SST_9_486925_Mch;4;Fahrbahnteil1;UZ Freimann NSF;A9 Richtung M.-Zentrum;Richtungtrue
210;55328;Querschnitt6244;BMS_9_487836_Mch;BMS_9_487836_Mch_UeSS;37;917504;48.59966852;11.55701039;6244;478.836;;Betriebsstatus1;Streckenstation1927;SST_9_487836_Mch;6;Fahrbahnteil1;UZ Freimann NSF;A9 Richtung M.-Zentrum;Richtungtrue
211;51197;Querschnitt6240;NMG_9_487630_Mch;WUD_9_487630_Mch_SW;33;917504;48.5324048485159;11.593321269484;6240;487.63;;Betriebsstatus1;Streckenstation1927;SST_9_487836_Mch;3;Fahrbahnteil1;UZ Freimann NSF;A9 Richtung M.-Zentrum;Richtungtrue
212;56746;Querschnitt6241;GMA_9_487630_Mch;WUD_9_487630_Mch_TPT;38;917504;48.5324048485159;11.593321269484;6241;487.63;;Betriebsstatus1;Streckenstation1927;SST_9_487836_Mch;3;Fahrbahnteil1;UZ Freimann NSF;A9 Richtung M.-Zentrum;Richtungtrue
213;54407;Querschnitt6248;BMS_9_488770_Mch;BMS_9_488770_Mch_UeSS;37;917987;48.52405843;11.58440536;6248;488.77;;Betriebsstatus1;Streckenstation1928;SST_9_488770_Mch;6;Fahrbahnteil1;UZ Freimann NSF;A9 Richtung M.-Zentrum;Richtungtrue
214;59370;Querschnitt6250;MQ_9_488800_Mch;DET_9_488800_Mch_H4;36;917987;48.523904915352;11.5845682305957;6250;488.8;;Betriebsstatus1;Streckenstation1928;SST_9_488770_Mch;1;Fahrbahnteil1;UZ Freimann NSF;A9 Richtung M.-Zentrum;Richtungtrue
215;61245;Querschnitt6249;NMG_9_488770_Mch;WUD_9_488770_Mch_SW;33;917987;48.5240359769183;11.5844909272462;6249;488.77;;Betriebsstatus1;Streckenstation1928;SST_9_488770_Mch;3;Fahrbahnteil1;UZ Freimann NSF;A9 Richtung M.-Zentrum;Richtungtrue
216;55484;Querschnitt6251;AQ_9_488800_Mch;WZG_9_488800_Mch_WVLT1;163;917987;48.5237716297759;11.5844748255188;6251;488.8;;Betriebsstatus1;Streckenstation1928;SST_9_488770_Mch;4;Fahrbahnteil1;UZ Freimann NSF;A9 Richtung M.-Zentrum;Richtungtrue
217;51399;Querschnitt6253;BMS_9_489300_Mch;BMS_9_489300_Mch_UeSS;37;918013;48.51952672;11.58247049;6253;489.3;;Betriebsstatus1;Streckenstation1929;SST_9_489300_Mch;6;Fahrbahnteil1;UZ Freimann NSF;A9 Richtung M.-Zentrum;Richtungtrue
218;52557;Querschnitt6255;AQ_9_489350_Mch;WZG_9_489350_Mch_WVLT1;163;918013;48.5189502428132;11.582566990536;6255;489.35;;Betriebsstatus1;Streckenstation1929;SST_9_489300_Mch;4;Fahrbahnteil1;UZ Freimann NSF;A9 Richtung M.-Zentrum;Richtungtrue
219;55487;Querschnitt6257;BMS_9_489580_Mch;BMS_9_489580_Mch_UeSS;37;918027;48.51718569;11.58257851;6257;489.58;;Betriebsstatus1;Streckenstation1930;SST_9_489580_Mch;6;Fahrbahnteil1;UZ Freimann NSF;A9 Richtung M.-Zentrum;Richtungtrue
220;62546;Querschnitt6259;AQ_9_489776_Mch;WZG_9_489776_Mch_WVLT1;163;918027;48.5150920282493;11.5828121130085;6259;489.776;;Betriebsstatus1;Streckenstation1930;SST_9_489580_Mch;4;Fahrbahnteil1;UZ Freimann NSF;A9 Richtung M.-Zentrum;Richtungtrue
221;62258;Querschnitt6263;BMS_9_490258_Mch;BMS_9_490258_Mch_UeSS;37;918060;48.51074501;11.58405227;6263;490.258;;Betriebsstatus1;Streckenstation1931;SST_9_490258_Mch;6;Fahrbahnteil1;UZ Freimann NSF;A9 Richtung M.-Zentrum;Richtungtrue
222;53127;Querschnitt6265;MQ_9_490336_Mch;DET_9_490336_Mch_H4;36;918060;48.5103508631544;11.5844723530981;6265;490.336;;Betriebsstatus1;Streckenstation1931;SST_9_490258_Mch;1;Fahrbahnteil1;UZ Freimann NSF;A9 Richtung M.-Zentrum;Richtungtrue
223;56707;Querschnitt6261;WWQ_9_490127_Mch;WZG_9_490127_Mch_W2;226;918060;48.51204558;11.58340931;6261;490.127;;Betriebsstatus1;Streckenstation1931;SST_9_490258_Mch;4;Fahrbahnteil1;UZ Freimann NSF;A9 Richtung M.-Zentrum;Richtungtrue
224;59083;Querschnitt6266;AQ_9_490336_Mch;WZG_9_490336_Mch_WVLT1;164;918060;48.5102288464416;11.5845552868124;6266;490.336;;Betriebsstatus1;Streckenstation1931;SST_9_490258_Mch;4;Fahrbahnteil1;UZ Freimann NSF;A9 Richtung M.-Zentrum;Richtungtrue
225;54730;Querschnitt6272;BMS_9_490850_Mch;BMS_9_490850_Mch_UeSS;37;918088;48.50608756;11.58784125;6272;490.85;;Betriebsstatus1;Streckenstation1932;SST_9_490850_Mch;6;Fahrbahnteil1;UZ Freimann NSF;A9 Richtung M.-Zentrum;Richtungtrue
226;51302;Querschnitt6274;MQ_9_Pfaf_0050_EM;DET_9_Pfaf_0050_EM_E1;161;918088;48.5058878842347;11.5878575398124;6274;490.85;;Betriebsstatus1;Streckenstation1932;SST_9_490850_Mch;1;Fahrbahnteil3;UZ Freimann NSF;A9 Richtung M.-Zentrum;Richtungtrue
227;60702;Querschnitt6268;WWQ_9_490695_Mch;WZG_9_490695_Mch_W2;227;918088;48.5072668228902;11.5869990281133;6268;490.695;;Betriebsstatus1;Streckenstation1932;SST_9_490850_Mch;4;Fahrbahnteil1;UZ Freimann NSF;A9 Richtung M.-Zentrum;Richtungtrue
228;63001;Querschnitt6275;AQ_9_Pfaf_0070_EM;WZG_9_Pfaf_0070_EM_C1;183;918088;48.5059408800937;11.5879024341826;6275;490.864;;Betriebsstatus1;Streckenstation1932;SST_9_490850_Mch;4;Fahrbahnteil3;UZ Freimann NSF;A9 Richtung M.-Zentrum;Richtungtrue
229;62438;Querschnitt6276;BMS_9_491320_Mch;BMS_9_491320_Mch_UeSS;37;918111;48.50260799;11.59102339;6276;491.32;;Betriebsstatus1;Streckenstation1933;SST_9_491320_Mch;6;Fahrbahnteil1;UZ Freimann NSF;A9 Richtung M.-Zentrum;Richtungtrue
230;53359;Querschnitt6277;MQ_9_491350_Mch;DET_9_491350_Mch_H4;36;918111;48.5025524763671;11.5912723701988;6277;491.35;;Betriebsstatus1;Streckenstation1933;SST_9_491320_Mch;1;Fahrbahnteil1;UZ Freimann NSF;A9 Richtung M.-Zentrum;Richtungtrue
231;52351;Querschnitt6278;AQ_9_491350_Mch;WZG_9_491350_Mch_WVLT1;163;918111;48.502431801677;11.5913706233706;6278;491.35;;Betriebsstatus1;Streckenstation1933;SST_9_491320_Mch;4;Fahrbahnteil1;UZ Freimann NSF;A9 Richtung M.-Zentrum;Richtungtrue
232;55895;Querschnitt6282;BMS_9_492200_Mch;BMS_9_492200_Mch_UeSS;37;918154;48.49493507;11.59449419;6282;492.2;;Betriebsstatus1;Streckenstation1934;SST_9_492200_Mch;6;Fahrbahnteil1;UZ Freimann NSF;A9 Richtung M.-Zentrum;Richtungtrue
233;63122;Querschnitt6283;MQ_9_492226_Mch;DET_9_492226_Mch_H4;36;918154;48.4948646278885;11.5947311088614;6283;492.226;;Betriebsstatus1;Streckenstation1934;SST_9_492200_Mch;1;Fahrbahnteil1;UZ Freimann NSF;A9 Richtung M.-Zentrum;Richtungtrue
234;56093;Querschnitt6284;GMA_9_492226_Mch;WUD_9_492226_Mch_TPT;38;918154;48.4947115106878;11.5945794322836;6284;492.226;;Betriebsstatus1;Streckenstation1934;SST_9_492200_Mch;3;Fahrbahnteil1;UZ Freimann NSF;A9 Richtung M.-Zentrum;Richtungtrue
235;56164;Querschnitt6771;MQ_9_AKNeuf_0840_AI;DET_9_AKNeuf_0840_AI_P1;113;919139;48.3186386326383;11.619261062552;6771;512.44;;Betriebsstatus1;Streckenstation1962;SST_9_AKNeuf_0835_AF;1;Fahrbahnteil4;UZ Freimann NSF;A9 Richtung M.-Zentrum;Richtungtrue
236;57203;Querschnitt6285;AQ_9_492226_Mch;WZG_9_492226_Mch_WVLT1;163;918154;48.4946988577878;11.5947277366741;6285;492.226;;Betriebsstatus1;Streckenstation1934;SST_9_492200_Mch;4;Fahrbahnteil1;UZ Freimann NSF;A9 Richtung M.-Zentrum;Richtungtrue
237;61740;Querschnitt6287;GMA_9_492241_Mch;WUD_9_492241_Mch_TT3;56;918154;48.4945765610274;11.5945760836615;6287;492.241;80000633;Betriebsstatus1;Streckenstation1934;SST_9_492200_Mch;3;Fahrbahnteil1;UZ Freimann NSF;A9 Richtung M.-Zentrum;Richtungtrue
238;57889;Querschnitt6288;GMA_9_492241_Nbg;WUD_9_492241_Nbg_TT3;24;918154;48.4947736088033;11.5951216723171;6288;492.241;80000633;Betriebsstatus1;Streckenstation1934;SST_9_492200_Mch;3;Fahrbahnteil1;UZ Freimann NSF;A9 Richtung Nürnberg;Richtungfalse
239;50691;Querschnitt6293;BMS_9_493587_Mch;BMS_9_493587_Mch_UeSS;37;918222;48.48350956;11.58872338;6293;493.587;;Betriebsstatus1;Streckenstation1935;SST_9_493587_Mch;6;Fahrbahnteil1;UZ Freimann NSF;A9 Richtung M.-Zentrum;Richtungtrue
240;63119;Querschnitt6295;MQ_9_493593_Mch;DET_9_493593_Mch_H4;36;918222;48.4834977695136;11.5889698989216;6295;493.593;75359058;Betriebsstatus1;Streckenstation1935;SST_9_493587_Mch;1;Fahrbahnteil1;UZ Freimann NSF;A9 Richtung M.-Zentrum;Richtungtrue
241;53394;Querschnitt6296;AQ_9_493593_Mch;WZG_9_493593_Mch_WVLT1;163;918222;48.4833847127975;11.5888801366347;6296;493.593;;Betriebsstatus1;Streckenstation1935;SST_9_493587_Mch;4;Fahrbahnteil1;UZ Freimann NSF;A9 Richtung M.-Zentrum;Richtungtrue
242;52401;Querschnitt6301;BMS_9_495030_Mch;BMS_9_495030_Mch_UeSS;37;918292;48.47103603;11.58564717;6301;495.03;;Betriebsstatus1;Streckenstation1936;SST_9_495030_Mch;6;Fahrbahnteil1;UZ Freimann NSF;A9 Richtung M.-Zentrum;Richtungtrue
243;62232;Querschnitt6302;MQ_9_495030_Mch;DET_9_495030_Mch_H4;36;918292;48.4709768946717;11.5858714388577;6302;495.03;;Betriebsstatus1;Streckenstation1936;SST_9_495030_Mch;1;Fahrbahnteil1;UZ Freimann NSF;A9 Richtung M.-Zentrum;Richtungtrue
244;58782;Querschnitt6304;AQ_9_495035_Mch;WZG_9_495035_Mch_WVLT1;163;918292;48.4708372705019;11.5859118752884;6304;495.035;;Betriebsstatus1;Streckenstation1936;SST_9_495030_Mch;4;Fahrbahnteil1;UZ Freimann NSF;A9 Richtung M.-Zentrum;Richtungtrue
245;52733;Querschnitt6307;BMS_9_495720_Mch;BMS_9_495720_Mch_UeSS;37;918325;48.46486074;11.58809303;6307;495.72;;Betriebsstatus1;Streckenstation1937;SST_9_495720_Mch;6;Fahrbahnteil1;UZ Freimann NSF;A9 Richtung M.-Zentrum;Richtungtrue
246;57004;Querschnitt6308;AQ_9_495750_Mch;WZG_9_495750_Mch_WVLT1;163;918325;48.4646045414254;11.5882872511531;6308;495.75;;Betriebsstatus1;Streckenstation1937;SST_9_495720_Mch;4;Fahrbahnteil1;UZ Freimann NSF;A9 Richtung M.-Zentrum;Richtungtrue
247;52327;Querschnitt6313;BMS_9_496570_Mch;BMS_9_496570_Mch_UeSS;37;918367;48.45745573;11.59056236;6313;496.57;;Betriebsstatus1;Streckenstation1938;SST_9_496570_Mch;6;Fahrbahnteil1;UZ Freimann NSF;A9 Richtung M.-Zentrum;Richtungtrue
248;60632;Querschnitt6314;MQ_9_496600_Mch;DET_9_496600_Mch_H4;36;918367;48.4573021471754;11.5907618060011;6314;496.6;;Betriebsstatus1;Streckenstation1938;SST_9_496570_Mch;1;Fahrbahnteil1;UZ Freimann NSF;A9 Richtung M.-Zentrum;Richtungtrue
249;59643;Querschnitt6312;NMG_9_496450_Mch;WUD_9_496450_Mch_SW;33;918367;48.4585348477587;11.5904317082234;6312;496.45;;Betriebsstatus1;Streckenstation1938;SST_9_496570_Mch;3;Fahrbahnteil1;UZ Freimann NSF;A9 Richtung M.-Zentrum;Richtungtrue
250;51164;Querschnitt6315;GMA_9_496600_Mch;WUD_9_496600_Mch_TPT;39;918367;48.4571671864681;11.5906302646393;6315;496.6;;Betriebsstatus1;Streckenstation1938;SST_9_496570_Mch;3;Fahrbahnteil1;UZ Freimann NSF;A9 Richtung M.-Zentrum;Richtungtrue
251;61439;Querschnitt6316;AQ_9_496600_Mch;WZG_9_496600_Mch_WVLT1;163;918367;48.4571690804536;11.5907715685875;6316;496.6;;Betriebsstatus1;Streckenstation1938;SST_9_496570_Mch;4;Fahrbahnteil1;UZ Freimann NSF;A9 Richtung M.-Zentrum;Richtungtrue
252;61560;Querschnitt6318;GMA_9_496615_Mch;WUD_9_496615_Mch_TT3;56;918367;48.4570324056232;11.5906409985536;6318;496.615;80000640;Betriebsstatus1;Streckenstation1938;SST_9_496570_Mch;3;Fahrbahnteil1;UZ Freimann NSF;A9 Richtung M.-Zentrum;Richtungtrue
253;54622;Querschnitt6319;GMA_9_496615_Nbg;WUD_9_496615_Nbg_TT3;24;918367;48.4570781827975;11.591143624806;6319;496.615;80000640;Betriebsstatus1;Streckenstation1938;SST_9_496570_Mch;3;Fahrbahnteil1;UZ Freimann NSF;A9 Richtung Nürnberg;Richtungfalse
254;56203;Querschnitt6323;BMS_9_497994_Mch;BMS_9_497994_Mch_UeSS;37;918436;48.44465529;11.58913957;6323;497.994;;Betriebsstatus1;Streckenstation1939;SST_9_497994_Mch;6;Fahrbahnteil1;UZ Freimann NSF;A9 Richtung M.-Zentrum;Richtungtrue
255;51972;Querschnitt6325;MQ_9_498030_Mch;DET_9_498030_Mch_H4;36;918436;48.4445256262948;11.589320527716;6325;498.03;;Betriebsstatus1;Streckenstation1939;SST_9_497994_Mch;1;Fahrbahnteil1;UZ Freimann NSF;A9 Richtung M.-Zentrum;Richtungtrue
256;62872;Querschnitt6326;GMA_9_498030_Mch;WUD_9_498030_Mch_TPT;38;918436;48.4443974087705;11.5891524848128;6326;498.03;;Betriebsstatus1;Streckenstation1939;SST_9_497994_Mch;3;Fahrbahnteil1;UZ Freimann NSF;A9 Richtung M.-Zentrum;Richtungtrue
257;57200;Querschnitt6327;AQ_9_498030_Mch;WZG_9_498030_Mch_WVLT1;163;918436;48.4443823441707;11.5892954342327;6327;498.03;;Betriebsstatus1;Streckenstation1939;SST_9_497994_Mch;4;Fahrbahnteil1;UZ Freimann NSF;A9 Richtung M.-Zentrum;Richtungtrue
258;52920;Querschnitt6329;GMA_9_498045_Mch;WUD_9_498045_Mch_TT3;56;918436;48.4442627830457;11.58913800113;6329;498.045;80000634;Betriebsstatus1;Streckenstation1939;SST_9_497994_Mch;3;Fahrbahnteil1;UZ Freimann NSF;A9 Richtung M.-Zentrum;Richtungtrue
259;55141;Querschnitt6330;GMA_9_498045_Nbg;WUD_9_498045_Nbg_TT3;24;918436;48.4441755729325;11.5896540831403;6330;498.045;80000634;Betriebsstatus1;Streckenstation1939;SST_9_497994_Mch;3;Fahrbahnteil1;UZ Freimann NSF;A9 Richtung Nürnberg;Richtungfalse
260;50932;Querschnitt6331;BMS_9_498450_Mch;BMS_9_498450_Mch_UeSS;37;918458;48.44033984;11.58892955;6331;498.45;;Betriebsstatus1;Streckenstation1940;SST_9_498450_Mch;6;Fahrbahnteil1;UZ Freimann NSF;A9 Richtung M.-Zentrum;Richtungtrue
261;52158;Querschnitt6334;NMG_9_498650_Mch;WUD_9_498650_Mch_SW;33;918458;48.438813737695;11.5890156659238;6334;498.65;;Betriebsstatus1;Streckenstation1940;SST_9_498450_Mch;3;Fahrbahnteil1;UZ Freimann NSF;A9 Richtung M.-Zentrum;Richtungtrue
262;58893;Querschnitt6335;BMS_9_499005_Mch;BMS_9_499005_Mch_UeSS;37;918485;48.43558627;11.5889714;6335;499.005;;Betriebsstatus1;Streckenstation1941;SST_9_499005_Mch;6;Fahrbahnteil1;UZ Freimann NSF;A9 Richtung M.-Zentrum;Richtungtrue
263;62673;Querschnitt6336;MQ_9_499015_Mch;DET_9_499015_Mch_H4;36;918485;48.4355925881449;11.5891967536445;6336;499.015;;Betriebsstatus1;Streckenstation1941;SST_9_499005_Mch;1;Fahrbahnteil1;UZ Freimann NSF;A9 Richtung M.-Zentrum;Richtungtrue
264;52729;Querschnitt6337;WWQ_9_499015_Mch;WZG_9_499015_Mch_W1;226;918485;48.4354513837409;11.5891921171188;6337;499.015;;Betriebsstatus1;Streckenstation1941;SST_9_499005_Mch;4;Fahrbahnteil1;UZ Freimann NSF;A9 Richtung M.-Zentrum;Richtungtrue
265;56908;Querschnitt6339;NMG_9_499200_Mch;WUD_9_499200_Mch_SW;33;918485;48.4338606231242;11.5890950302318;6339;499.2;;Betriebsstatus1;Streckenstation1941;SST_9_499005_Mch;3;Fahrbahnteil1;UZ Freimann NSF;A9 Richtung M.-Zentrum;Richtungtrue
266;51024;Querschnitt6341;BMS_9_499600_Mch;BMS_9_499600_Mch_UeSS;37;918514;48.43022867;11.58907838;6341;499.6;;Betriebsstatus1;Streckenstation1942;SST_9_499600_Mch;6;Fahrbahnteil1;UZ Freimann NSF;A9 Richtung M.-Zentrum;Richtungtrue
267;57285;Querschnitt6342;WWQ_9_499630_Mch;WZG_9_499630_Mch_W2;227;918514;48.4298573366531;11.5892528165273;6342;499.63;;Betriebsstatus1;Streckenstation1942;SST_9_499600_Mch;4;Fahrbahnteil1;UZ Freimann NSF;A9 Richtung M.-Zentrum;Richtungtrue
268;56723;Querschnitt6346;BMS_9_499900_Mch;BMS_9_499900_Mch_UeSS;37;918529;48.4276748;11.58908475;6346;499.9;;Betriebsstatus1;Streckenstation1943;SST_9_499900_Mch;6;Fahrbahnteil1;UZ Freimann NSF;A9 Richtung M.-Zentrum;Richtungtrue
269;54112;Querschnitt6343;MQ_9_Allh_0320_AE;DET_9_Allh_0320_AE_A2;98;918529;48.4279443864603;11.588819970137;6343;499.86;;Betriebsstatus1;Streckenstation1943;SST_9_499900_Mch;1;Fahrbahnteil4;UZ Freimann NSF;A9 Richtung M.-Zentrum;Richtungtrue
270;62458;Querschnitt6352;MQ_9_Allh_0170_EM;DET_9_Allh_0170_EM_E1;161;918529;48.427395563816;11.5887865743813;6352;499.92;;Betriebsstatus1;Streckenstation1943;SST_9_499900_Mch;1;Fahrbahnteil3;UZ Freimann NSF;A9 Richtung M.-Zentrum;Richtungtrue
271;50626;Querschnitt6344;AQ_9_499865_Mch;WZG_9_499865_Mch_WVLT1;163;918529;48.4279425837559;11.5891584623155;6344;499.865;;Betriebsstatus1;Streckenstation1943;SST_9_499900_Mch;4;Fahrbahnteil1;UZ Freimann NSF;A9 Richtung M.-Zentrum;Richtungtrue
272;62090;Querschnitt6348;NMG_9_499900_Mch;WUD_9_499900_Mch_SW;34;918529;48.4276139377215;11.5891406661749;6348;499.9;;Betriebsstatus1;Streckenstation1943;SST_9_499900_Mch;3;Fahrbahnteil1;UZ Freimann NSF;A9 Richtung M.-Zentrum;Richtungtrue
273;58366;Querschnitt6350;GMA_9_499900_Mch;WUD_9_499900_Mch_TT3;56;918529;48.4276139377215;11.5891406661749;6350;499.9;80000536;Betriebsstatus1;Streckenstation1943;SST_9_499900_Mch;3;Fahrbahnteil1;UZ Freimann NSF;A9 Richtung M.-Zentrum;Richtungtrue
274;53167;Querschnitt6351;GMA_9_499900_Nbg;WUD_9_499900_Nbg_TT3;24;918529;48.427518641853;11.5896905755807;6351;499.9;80000536;Betriebsstatus1;Streckenstation1943;SST_9_499900_Mch;3;Fahrbahnteil1;UZ Freimann NSF;A9 Richtung Nürnberg;Richtungfalse
275;55666;Querschnitt6449;NMG_9_509785_Mch;WUD_9_509785_Mch_SW;33;919017;48.3409948789038;11.6067494222862;6449;509.785;;Betriebsstatus1;Streckenstation1957;SST_9_509940_Mch;3;Fahrbahnteil1;UZ Freimann NSF;A9 Richtung M.-Zentrum;Richtungtrue
276;63196;Querschnitt6356;BMS_9_500359_Mch;BMS_9_500359_Mch_UeSS;37;918551;48.4233994;11.58916347;6356;500.359;;Betriebsstatus1;Streckenstation1944;SST_9_500359_Mch;6;Fahrbahnteil1;UZ Freimann NSF;A9 Richtung M.-Zentrum;Richtungtrue
277;60754;Querschnitt6358;MQ_9_500390_Mch;DET_9_500390_Mch_H4;36;918551;48.4233092322246;11.589371906012;6358;500.39;;Betriebsstatus1;Streckenstation1944;SST_9_500359_Mch;1;Fahrbahnteil1;UZ Freimann NSF;A9 Richtung M.-Zentrum;Richtungtrue
278;59493;Querschnitt6353;NMG_9_500300_Mch;WUD_9_500300_Mch_SW;33;918551;48.4239729877409;11.5892143008785;6353;500.3;;Betriebsstatus1;Streckenstation1944;SST_9_500359_Mch;3;Fahrbahnteil1;UZ Freimann NSF;A9 Richtung M.-Zentrum;Richtungtrue
279;50608;Querschnitt6354;AQ_9_500350_Mch;WZG_9_500350_Mch_WVLT1;163;918551;48.423564008588;11.5892177457466;6354;500.35;;Betriebsstatus1;Streckenstation1944;SST_9_500359_Mch;4;Fahrbahnteil1;UZ Freimann NSF;A9 Richtung M.-Zentrum;Richtungtrue
280;56189;Querschnitt6359;AQ_9_500390_Mch;WZG_9_500390_Mch_C3;107;918551;48.4231783128459;11.5893614378108;6359;500.39;;Betriebsstatus1;Streckenstation1944;SST_9_500359_Mch;4;Fahrbahnteil1;UZ Freimann NSF;A9 Richtung M.-Zentrum;Richtungtrue
281;53687;Querschnitt6360;BMS_9_500790_Mch;BMS_9_500790_Mch_UeSS;37;918572;48.41956649;11.58924078;6360;500.79;;Betriebsstatus1;Streckenstation1945;SST_9_500790_Mch;6;Fahrbahnteil1;UZ Freimann NSF;A9 Richtung M.-Zentrum;Richtungtrue
282;54214;Querschnitt6363;NMG_9_500900_Mch;WUD_9_500900_Mch_SW;33;918572;48.4185733647207;11.5893043768617;6363;500.9;;Betriebsstatus1;Streckenstation1945;SST_9_500790_Mch;3;Fahrbahnteil1;UZ Freimann NSF;A9 Richtung M.-Zentrum;Richtungtrue
283;62055;Querschnitt6366;BMS_9_501467_Mch;BMS_9_501467_Mch_UeSS;37;918602;48.41344927;11.58928998;6366;501.4;;Betriebsstatus1;Streckenstation1946;SST_9_501467_Mch;6;Fahrbahnteil1;UZ Freimann NSF;A9 Richtung M.-Zentrum;Richtungtrue
284;55598;Querschnitt6364;MQ_9_501250_Mch;DET_9_501250_Mch_H4;36;918602;48.41542691692;11.5894844138318;6364;501.25;;Betriebsstatus1;Streckenstation1946;SST_9_501467_Mch;1;Fahrbahnteil1;UZ Freimann NSF;A9 Richtung M.-Zentrum;Richtungtrue
285;60980;Querschnitt6367;NMG_9_501467_Mch;WUD_9_501467_Mch_SW;33;918602;48.4134727203408;11.5893674241908;6367;501.45;;Betriebsstatus1;Streckenstation1946;SST_9_501467_Mch;3;Fahrbahnteil1;UZ Freimann NSF;A9 Richtung M.-Zentrum;Richtungtrue
286;54375;Querschnitt6370;BMS_9_502211_Mch;BMS_9_502211_Mch_UeSS;37;918641;48.40671844;11.58941914;6370;502.211;;Betriebsstatus1;Streckenstation1947;SST_9_502211_Mch;6;Fahrbahnteil1;UZ Freimann NSF;A9 Richtung M.-Zentrum;Richtungtrue
287;58357;Querschnitt6374;MQ_9_502250_Mch;DET_9_502250_Mch_H4;36;918641;48.4066404140548;11.5896000172846;6374;502.25;75359059;Betriebsstatus1;Streckenstation1947;SST_9_502211_Mch;1;Fahrbahnteil1;UZ Freimann NSF;A9 Richtung M.-Zentrum;Richtungtrue
288;56163;Querschnitt6369;NMG_9_502050_Mch;WUD_9_502050_Mch_SW;33;918641;48.4082364028895;11.5894431328882;6369;502.05;;Betriebsstatus1;Streckenstation1947;SST_9_502211_Mch;3;Fahrbahnteil1;UZ Freimann NSF;A9 Richtung M.-Zentrum;Richtungtrue
289;58559;Querschnitt6372;GMA_9_502211_Mch;WUD_9_502211_Mch_TT3;56;918641;48.4068335662883;11.5894535279566;6372;502.211;80000534;Betriebsstatus1;Streckenstation1947;SST_9_502211_Mch;3;Fahrbahnteil1;UZ Freimann NSF;A9 Richtung M.-Zentrum;Richtungtrue
290;56084;Querschnitt6375;GMA_9_502250_Mch;WUD_9_502250_Mch_TPT;39;918641;48.406482828364;11.5894585699296;6375;502.25;;Betriebsstatus1;Streckenstation1947;SST_9_502211_Mch;3;Fahrbahnteil1;UZ Freimann NSF;A9 Richtung M.-Zentrum;Richtungtrue
291;55302;Querschnitt6376;AQ_9_502250_Mch;WZG_9_502250_Mch_WVLT1;163;918641;48.406493264032;11.5895963543452;6376;502.25;;Betriebsstatus1;Streckenstation1947;SST_9_502211_Mch;4;Fahrbahnteil1;UZ Freimann NSF;A9 Richtung M.-Zentrum;Richtungtrue
292;55196;Querschnitt6373;GMA_9_502211_Nbg;WUD_9_502211_Nbg_TT3;24;918641;48.4067823144885;11.5899754056822;6373;502.211;80000534;Betriebsstatus1;Streckenstation1947;SST_9_502211_Mch;3;Fahrbahnteil1;UZ Freimann NSF;A9 Richtung Nürnberg;Richtungfalse
293;61116;Querschnitt6380;BMS_9_502863_Mch;BMS_9_502863_Mch_UeSS;37;918673;48.4010508;11.59010431;6380;502.863;;Betriebsstatus1;Streckenstation1948;SST_9_502863_Mch;6;Fahrbahnteil1;UZ Freimann NSF;A9 Richtung M.-Zentrum;Richtungtrue
294;60232;Querschnitt6378;NMG_9_502650_Mch;WUD_9_502650_Mch_SW;33;918673;48.4028270799012;11.5897049009134;6378;502.65;;Betriebsstatus1;Streckenstation1948;SST_9_502863_Mch;3;Fahrbahnteil1;UZ Freimann NSF;A9 Richtung M.-Zentrum;Richtungtrue
295;63251;Querschnitt6383;NMG_9_503200_Mch;WUD_9_503200_Mch_SW;34;918673;48.3980087752362;11.5915697770624;6383;503.2;;Betriebsstatus1;Streckenstation1948;SST_9_502863_Mch;3;Fahrbahnteil1;UZ Freimann NSF;A9 Richtung M.-Zentrum;Richtungtrue
296;53428;Querschnitt6384;BMS_9_503455_Mch;BMS_9_503455_Mch_UeSS;37;918702;48.39585278;11.59305792;6384;503.455;;Betriebsstatus1;Streckenstation1949;SST_9_503455_Mch;6;Fahrbahnteil1;UZ Freimann NSF;A9 Richtung M.-Zentrum;Richtungtrue
297;54172;Querschnitt6386;MQ_9_503485_Mch;DET_9_503485_Mch_H4;36;918702;48.3959658255962;11.5932302727173;6386;503.485;;Betriebsstatus1;Streckenstation1949;SST_9_503455_Mch;1;Fahrbahnteil1;UZ Freimann NSF;A9 Richtung M.-Zentrum;Richtungtrue
298;51445;Querschnitt6387;AQ_9_503485_Mch;WZG_9_503485_Mch_WVLT1;163;918702;48.3958379163048;11.5933114398816;6387;503.485;;Betriebsstatus1;Streckenstation1949;SST_9_503455_Mch;4;Fahrbahnteil1;UZ Freimann NSF;A9 Richtung M.-Zentrum;Richtungtrue
299;50729;Querschnitt6389;NMG_9_503650_Mch;WUD_9_503650_Mch_SW;34;918702;48.3943859442357;11.5942831666129;6389;503.65;;Betriebsstatus1;Streckenstation1949;SST_9_503455_Mch;3;Fahrbahnteil1;UZ Freimann NSF;A9 Richtung M.-Zentrum;Richtungtrue
300;55435;Querschnitt6391;BMS_9_504000_Mch;BMS_9_504000_Mch_UeSS;37;918728;48.39177166;11.59598871;6391;504.0;;Betriebsstatus1;Streckenstation1950;SST_9_504000_Mch;6;Fahrbahnteil1;UZ Freimann NSF;A9 Richtung M.-Zentrum;Richtungtrue
301;53719;Querschnitt6393;NMG_9_504000_Mch;WUD_9_504000_Mch_SW;33;918728;48.3914908138269;11.5960181736392;6393;504.0;;Betriebsstatus1;Streckenstation1950;SST_9_504000_Mch;3;Fahrbahnteil1;UZ Freimann NSF;A9 Richtung M.-Zentrum;Richtungtrue
302;57478;Querschnitt6400;BMS_9_504528_Mch;BMS_9_504528_Mch_UeSS;37;918754;48.38703655;11.59718726;6400;504.528;;Betriebsstatus1;Streckenstation1951;SST_9_504528_Mch;6;Fahrbahnteil1;UZ Freimann NSF;A9 Richtung M.-Zentrum;Richtungtrue
303;57535;Querschnitt6396;MQ_9_504520_Mch;DET_9_504520_Mch_H4;36;918754;48.3870443064513;11.5972227849796;6396;504.52;;Betriebsstatus1;Streckenstation1951;SST_9_504528_Mch;1;Fahrbahnteil1;UZ Freimann NSF;A9 Richtung M.-Zentrum;Richtungtrue
304;58733;Querschnitt6395;NMG_9_504325_Mch;WUD_9_504325_Mch_SW;33;918754;48.3886473913002;11.5969076135726;6395;504.325;;Betriebsstatus1;Streckenstation1951;SST_9_504528_Mch;3;Fahrbahnteil1;UZ Freimann NSF;A9 Richtung M.-Zentrum;Richtungtrue
305;53039;Querschnitt6397;GMA_9_504520_Mch;WUD_9_504520_Mch_TPT;39;918754;48.3869077443254;11.5970875227444;6397;504.52;;Betriebsstatus1;Streckenstation1951;SST_9_504528_Mch;3;Fahrbahnteil1;UZ Freimann NSF;A9 Richtung M.-Zentrum;Richtungtrue
306;55754;Querschnitt6398;AQ_9_504520_Mch;WZG_9_504520_Mch_WVLT1;163;918754;48.3868994628574;11.5972293842383;6398;504.52;;Betriebsstatus1;Streckenstation1951;SST_9_504528_Mch;4;Fahrbahnteil1;UZ Freimann NSF;A9 Richtung M.-Zentrum;Richtungtrue
307;55909;Querschnitt6402;GMA_9_504540_Mch;WUD_9_504540_Mch_TT3;56;918754;48.3867278926721;11.5970917718856;6402;504.54;80000635;Betriebsstatus1;Streckenstation1951;SST_9_504528_Mch;3;Fahrbahnteil1;UZ Freimann NSF;A9 Richtung M.-Zentrum;Richtungtrue
308;55905;Querschnitt6404;NMG_9_504800_Mch;WUD_9_504800_Mch_SW;40;918754;48.3844191602585;11.5969562236036;6404;504.8;;Betriebsstatus1;Streckenstation1951;SST_9_504528_Mch;3;Fahrbahnteil1;UZ Freimann NSF;A9 Richtung M.-Zentrum;Richtungtrue
309;53499;Querschnitt6403;GMA_9_504540_Nbg;WUD_9_504540_Nbg_TT3;24;918754;48.3867402976205;11.5976154868551;6403;504.54;80000635;Betriebsstatus1;Streckenstation1951;SST_9_504528_Mch;3;Fahrbahnteil1;UZ Freimann NSF;A9 Richtung Nürnberg;Richtungfalse
310;59895;Querschnitt6408;BMS_9_505200_Mch;BMS_9_505200_Mch_UeSS;37;918787;48.38092859;11.5962628;6408;505.2;;Betriebsstatus1;Streckenstation1952;SST_9_505200_Mch;6;Fahrbahnteil1;UZ Freimann NSF;A9 Richtung M.-Zentrum;Richtungtrue
311;58799;Querschnitt6406;AQ_9_505200_Mch;WZG_9_505200_Mch_WVLT1;163;918787;48.3807778507727;11.5965360879864;6406;505.2;;Betriebsstatus1;Streckenstation1952;SST_9_505200_Mch;4;Fahrbahnteil1;UZ Freimann NSF;A9 Richtung M.-Zentrum;Richtungtrue
312;58177;Querschnitt6410;NMG_9_505250_Mch;WUD_9_505250_Mch_SW;34;918787;48.3803429265432;11.5964867209187;6410;505.25;;Betriebsstatus1;Streckenstation1952;SST_9_505200_Mch;3;Fahrbahnteil1;UZ Freimann NSF;A9 Richtung M.-Zentrum;Richtungtrue
313;55609;Querschnitt6412;BMS_9_505720_Mch;BMS_9_505720_Mch_UeSS;37;918812;48.3761474;11.59598626;6412;505.72;;Betriebsstatus1;Streckenstation1953;SST_9_505720_Mch;6;Fahrbahnteil1;UZ Freimann NSF;A9 Richtung M.-Zentrum;Richtungtrue
314;58570;Querschnitt6414;MQ_9_505750_Mch;DET_9_505750_Mch_H4;36;918812;48.3760097685082;11.596142526422;6414;505.75;;Betriebsstatus1;Streckenstation1953;SST_9_505720_Mch;1;Fahrbahnteil1;UZ Freimann NSF;A9 Richtung M.-Zentrum;Richtungtrue
315;51506;Querschnitt6411;NMG_9_505600_Mch;WUD_9_505600_Mch_SW;33;918812;48.3772385749407;11.5960949476656;6411;505.6;;Betriebsstatus1;Streckenstation1953;SST_9_505720_Mch;3;Fahrbahnteil1;UZ Freimann NSF;A9 Richtung M.-Zentrum;Richtungtrue
316;60248;Querschnitt6415;AQ_9_505750_Mch;WZG_9_505750_Mch_WVLT1;163;918812;48.3758721446297;11.5961291741406;6415;505.75;;Betriebsstatus1;Streckenstation1953;SST_9_505720_Mch;4;Fahrbahnteil1;UZ Freimann NSF;A9 Richtung M.-Zentrum;Richtungtrue
317;62113;Querschnitt6417;NMG_9_506050_Mch;WUD_9_506050_Mch_SW;35;918812;48.3731984874286;11.5957116710839;6417;506.05;;Betriebsstatus1;Streckenstation1953;SST_9_505720_Mch;3;Fahrbahnteil1;UZ Freimann NSF;A9 Richtung M.-Zentrum;Richtungtrue
318;52831;Querschnitt6423;BMS_9_506705_Mch;BMS_9_506705_Mch_UeSS;37;918860;48.36753765;11.59500262;6423;506.705;;Betriebsstatus1;Streckenstation1954;SST_9_506705_Mch;6;Fahrbahnteil1;UZ Freimann NSF;A9 Richtung M.-Zentrum;Richtungtrue
319;52518;Querschnitt6420;MQ_9_506690_Mch;DET_9_506690_Mch_H4;36;918860;48.367612154648;11.5951921053538;6420;506.69;;Betriebsstatus1;Streckenstation1954;SST_9_506705_Mch;1;Fahrbahnteil1;UZ Freimann NSF;A9 Richtung M.-Zentrum;Richtungtrue
320;54922;Querschnitt6419;NMG_9_506400_Mch;WUD_9_506400_Mch_SW;33;918860;48.3700654918057;11.5953515801901;6419;506.4;;Betriebsstatus1;Streckenstation1954;SST_9_506705_Mch;3;Fahrbahnteil1;UZ Freimann NSF;A9 Richtung M.-Zentrum;Richtungtrue
321;57796;Querschnitt6421;AQ_9_506690_Mch;WZG_9_506690_Mch_WVLT1;163;918860;48.3674836844155;11.5951855736518;6421;506.69;;Betriebsstatus1;Streckenstation1954;SST_9_506705_Mch;4;Fahrbahnteil1;UZ Freimann NSF;A9 Richtung M.-Zentrum;Richtungtrue
322;53795;Querschnitt6426;GMA_9_506705_Mch;WUD_9_506705_Mch_TT3;56;918860;48.3673440189519;11.595022996866;6426;506.705;80000730;Betriebsstatus1;Streckenstation1954;SST_9_506705_Mch;3;Fahrbahnteil1;UZ Freimann NSF;A9 Richtung Nürnberg;Richtungfalse
323;53392;Querschnitt6428;NMG_9_506750_Mch;WUD_9_506750_Mch_SW;35;918860;48.3669404144558;11.5949779751543;6428;506.75;;Betriebsstatus1;Streckenstation1954;SST_9_506705_Mch;3;Fahrbahnteil1;UZ Freimann NSF;A9 Richtung M.-Zentrum;Richtungtrue
324;53936;Querschnitt6427;GMA_9_506750_Mch;WUD_9_506750_Mch_TPT;40;918860;48.3669404144558;11.5949779751543;6427;506.75;;Betriebsstatus1;Streckenstation1954;SST_9_506705_Mch;3;Fahrbahnteil1;UZ Freimann NSF;A9 Richtung M.-Zentrum;Richtungtrue
325;50659;Querschnitt6433;BMS_9_507680_Mch;BMS_9_507680_Mch_UeSS;37;918907;48.35856243;11.5963304;6433;507.68;;Betriebsstatus1;Streckenstation1955;SST_9_507680_Mch;6;Fahrbahnteil1;UZ Freimann NSF;A9 Richtung M.-Zentrum;Richtungtrue
326;61826;Querschnitt6434;MQ_9_507680_Mch;DET_9_507680_Mch_H4;36;918907;48.3586443104632;11.5965017955977;6434;507.68;;Betriebsstatus1;Streckenstation1955;SST_9_507680_Mch;1;Fahrbahnteil1;UZ Freimann NSF;A9 Richtung M.-Zentrum;Richtungtrue
327;59937;Querschnitt6430;NMG_9_507200_Mch;WUD_9_507200_Mch_SW;33;918907;48.3628513167025;11.594954671873;6430;507.2;;Betriebsstatus1;Streckenstation1955;SST_9_507680_Mch;3;Fahrbahnteil1;UZ Freimann NSF;A9 Richtung M.-Zentrum;Richtungtrue
328;59002;Querschnitt6435;NMG_9_507690_Mch;WUD_9_507690_Mch_SW;34;918907;48.3585368612032;11.5964131218934;6435;507.69;;Betriebsstatus1;Streckenstation1955;SST_9_507680_Mch;3;Fahrbahnteil1;UZ Freimann NSF;A9 Richtung M.-Zentrum;Richtungtrue
329;56045;Querschnitt6440;BMS_9_508547_Mch;BMS_9_508547_Mch_UeSS;37;918950;48.3512845;11.60062515;6440;508.547;;Betriebsstatus1;Streckenstation1956;SST_9_508547_Mch;6;Fahrbahnteil1;UZ Freimann NSF;A9 Richtung M.-Zentrum;Richtungtrue
330;55840;Querschnitt6442;MQ_9_508590_Mch;DET_9_508590_Mch_H4;36;918950;48.3511419030737;11.6009408147611;6442;508.59;;Betriebsstatus1;Streckenstation1956;SST_9_508547_Mch;1;Fahrbahnteil1;UZ Freimann NSF;A9 Richtung M.-Zentrum;Richtungtrue
331;52183;Querschnitt6437;NMG_9_508020_Mch;WUD_9_508020_Mch_SW;33;918950;48.3557706480304;11.5980354303524;6437;508.02;;Betriebsstatus1;Streckenstation1956;SST_9_508547_Mch;3;Fahrbahnteil1;UZ Freimann NSF;A9 Richtung M.-Zentrum;Richtungtrue
332;53374;Querschnitt6439;NMG_9_508400_Mch;WUD_9_508400_Mch_SW;34;918950;48.3525933822159;11.5999499815357;6439;508.4;;Betriebsstatus1;Streckenstation1956;SST_9_508547_Mch;3;Fahrbahnteil1;UZ Freimann NSF;A9 Richtung M.-Zentrum;Richtungtrue
333;55514;Querschnitt6443;AQ_9_508590_Mch;WZG_9_508590_Mch_WVLT1;163;918950;48.3510246765399;11.600998319559;6443;508.59;;Betriebsstatus1;Streckenstation1956;SST_9_508547_Mch;4;Fahrbahnteil1;UZ Freimann NSF;A9 Richtung M.-Zentrum;Richtungtrue
334;53702;Querschnitt6445;NMG_9_508800_Mch;WUD_9_508800_Mch_SW;36;918950;48.3492528678312;11.6019414670941;6445;508.8;;Betriebsstatus1;Streckenstation1956;SST_9_508547_Mch;3;Fahrbahnteil1;UZ Freimann NSF;A9 Richtung M.-Zentrum;Richtungtrue
335;54259;Querschnitt6447;NMG_9_509240_Mch;WUD_9_509240_Mch_SW;37;918950;48.3455784871098;11.6041145569053;6447;509.24;;Betriebsstatus1;Streckenstation1956;SST_9_508547_Mch;3;Fahrbahnteil1;UZ Freimann NSF;A9 Richtung M.-Zentrum;Richtungtrue
336;50694;Querschnitt6450;BMS_9_509940_Mch;BMS_9_509940_Mch_UeSS;37;919017;48.33972489;11.607425;6450;509.94;;Betriebsstatus1;Streckenstation1957;SST_9_509940_Mch;6;Fahrbahnteil1;UZ Freimann NSF;A9 Richtung M.-Zentrum;Richtungtrue
337;58904;Querschnitt6453;GMA_9_509940_Mch;WUD_9_509940_Mch_TT3;56;919017;48.3396983777258;11.6075035105026;6453;509.94;80000636;Betriebsstatus1;Streckenstation1957;SST_9_509940_Mch;3;Fahrbahnteil1;UZ Freimann NSF;A9 Richtung M.-Zentrum;Richtungtrue
338;56415;Querschnitt6456;AQ_9_510050_Mch;WZG_9_510050_Mch_WVLT1;163;919017;48.3387720616321;11.6080900392568;6456;510.05;;Betriebsstatus1;Streckenstation1957;SST_9_509940_Mch;4;Fahrbahnteil1;UZ Freimann NSF;A9 Richtung M.-Zentrum;Richtungtrue
339;57088;Querschnitt6457;NMG_9_510080_Mch;WUD_9_510080_Mch_SW;40;919017;48.3385214047288;11.6082104081005;6457;510.08;;Betriebsstatus1;Streckenstation1957;SST_9_509940_Mch;3;Fahrbahnteil1;UZ Freimann NSF;A9 Richtung M.-Zentrum;Richtungtrue
340;55528;Querschnitt6454;GMA_9_509940_Nbg;WUD_9_509940_Nbg_TT3;24;919017;48.3397873136152;11.6081056449739;6454;509.94;80000636;Betriebsstatus1;Streckenstation1957;SST_9_509940_Mch;3;Fahrbahnteil1;UZ Freimann NSF;A9 Richtung Nürnberg;Richtungfalse
341;60095;Querschnitt6458;BMS_9_510300_Mch;BMS_9_510300_Mch_UeSS;37;919035;48.33665896;11.60915795;6458;510.3;;Betriebsstatus1;Streckenstation1958;SST_9_510300_Mch;6;Fahrbahnteil1;UZ Freimann NSF;A9 Richtung M.-Zentrum;Richtungtrue
342;59458;Querschnitt6460;MQ_9_510320_Mch;DET_9_510320_Mch_H4;36;919035;48.3366531993594;11.6094354122524;6460;510.32;;Betriebsstatus1;Streckenstation1958;SST_9_510300_Mch;1;Fahrbahnteil1;UZ Freimann NSF;A9 Richtung M.-Zentrum;Richtungtrue
343;61968;Querschnitt6530;AQ_9_485020_Nbg;WZG_9_485020_Nbg_WVLT1;131;907806;48.5549909315401;11.5893274946985;6530;485.02;;Betriebsstatus1;Streckenstation1971;SST_9_485048_Nbg;4;Fahrbahnteil1;UZ Freimann NSF;A9 Richtung Nürnberg;Richtungfalse
344;52270;Querschnitt6461;AQ_9_510320_Mch;WZG_9_510320_Mch_WVLT1;163;919035;48.336512745837;11.609509464334;6461;510.32;;Betriebsstatus1;Streckenstation1958;SST_9_510300_Mch;4;Fahrbahnteil1;UZ Freimann NSF;A9 Richtung M.-Zentrum;Richtungtrue
345;57544;Querschnitt6463;NMG_9_510400_Mch;WUD_9_510400_Mch_SW;34;919035;48.3358137244944;11.6097370516036;6463;510.4;;Betriebsstatus1;Streckenstation1958;SST_9_510300_Mch;3;Fahrbahnteil1;UZ Freimann NSF;A9 Richtung M.-Zentrum;Richtungtrue
346;57211;Querschnitt6464;AQ_9_510415_Mch;WZG_9_510415_Mch_C1;183;919035;48.3357017979667;11.6097845877194;6464;510.415;;Betriebsstatus1;Streckenstation1958;SST_9_510300_Mch;4;Fahrbahnteil3;UZ Freimann NSF;A9 Richtung M.-Zentrum;Richtungtrue
347;56005;Querschnitt6465;BMS_9_510810_Mch;BMS_9_510810_Mch_UeSS;37;919060;48.33231524;11.61159267;6465;510.81;;Betriebsstatus1;Streckenstation1959;SST_9_510810_Mch;6;Fahrbahnteil1;UZ Freimann NSF;A9 Richtung M.-Zentrum;Richtungtrue
348;58345;Querschnitt6467;GMA_9_510820_Mch;WUD_9_510820_Mch_TPT;38;919060;48.3322395923318;11.6117460009149;6467;510.82;;Betriebsstatus1;Streckenstation1959;SST_9_510810_Mch;3;Fahrbahnteil1;UZ Freimann NSF;A9 Richtung M.-Zentrum;Richtungtrue
349;59433;Querschnitt6468;WWQ_9_510820_Mch;WZG_9_510820_Mch_W13;237;919060;48.332273123092;11.6119088808639;6468;510.82;;Betriebsstatus1;Streckenstation1959;SST_9_510810_Mch;4;Fahrbahnteil1;UZ Freimann NSF;A9 Richtung M.-Zentrum;Richtungtrue
350;53750;Querschnitt6470;NMG_9_510823_Mch;WUD_9_510823_Mch_SW;39;919060;48.3322143870583;11.6117604386647;6470;510.823;;Betriebsstatus1;Streckenstation1959;SST_9_510810_Mch;3;Fahrbahnteil1;UZ Freimann NSF;A9 Richtung M.-Zentrum;Richtungtrue
351;52194;Querschnitt6471;GMA_9_510835_Mch;WUD_9_510835_Mch_TT3;56;919060;48.3321135659479;11.6118181895259;6471;510.835;80000772;Betriebsstatus1;Streckenstation1959;SST_9_510810_Mch;3;Fahrbahnteil1;UZ Freimann NSF;A9 Richtung M.-Zentrum;Richtungtrue
352;63224;Querschnitt6472;GMA_9_510835_Nbg;WUD_9_510835_Nbg_TT3;24;919060;48.3322836664236;11.6123620985951;6472;510.835;80000772;Betriebsstatus1;Streckenstation1959;SST_9_510810_Mch;3;Fahrbahnteil1;UZ Freimann NSF;A9 Richtung Nürnberg;Richtungfalse
353;60531;Querschnitt6478;BMS_9_511358_Mch;BMS_9_511358_Mch_UeSS;37;919086;48.32803369;11.61413535;6478;511.358;;Betriebsstatus1;Streckenstation1960;SST_9_511358_Mch;6;Fahrbahnteil1;UZ Freimann NSF;A9 Richtung M.-Zentrum;Richtungtrue
354;50838;Querschnitt6476;MQ_9_511350_Mch;DET_9_511350_Mch_H4;36;919086;48.3279082127355;11.6143801241133;6476;511.35;;Betriebsstatus1;Streckenstation1960;SST_9_511358_Mch;1;Fahrbahnteil1;UZ Freimann NSF;A9 Richtung M.-Zentrum;Richtungtrue
355;62635;Querschnitt6474;NMG_9_511250_Mch;WUD_9_511250_Mch_SW;33;919086;48.3287100071682;11.6138202025558;6474;511.25;;Betriebsstatus1;Streckenstation1960;SST_9_511358_Mch;3;Fahrbahnteil1;UZ Freimann NSF;A9 Richtung M.-Zentrum;Richtungtrue
356;57265;Querschnitt6477;WWQ_9_511350_Mch;WZG_9_511350_Mch_W13;237;919086;48.3277010818154;11.6144837322476;6477;511.35;;Betriebsstatus1;Streckenstation1960;SST_9_511358_Mch;4;Fahrbahnteil1;UZ Freimann NSF;A9 Richtung M.-Zentrum;Richtungtrue
357;59856;Querschnitt6481;NMG_9_511630_Mch;WUD_9_511630_Mch_SW;35;919086;48.3254624665881;11.6154485691111;6481;511.63;;Betriebsstatus1;Streckenstation1960;SST_9_511358_Mch;3;Fahrbahnteil1;UZ Freimann NSF;A9 Richtung M.-Zentrum;Richtungtrue
358;52090;Querschnitt6484;BMS_9_511795_Mch;BMS_9_511795_Mch_UeSS;37;919108;48.32417565;11.61597332;6484;511.795;;Betriebsstatus1;Streckenstation1961;SST_9_511795_Mch;6;Fahrbahnteil1;UZ Freimann NSF;A9 Richtung M.-Zentrum;Richtungtrue
359;52679;Querschnitt6642;WWQ_9_500170_Nbg;WZG_9_500170_Nbg_W2;226;908542;48.4250291107168;11.5895997759243;6642;500.17;;Betriebsstatus1;Streckenstation1987;SST_9_500180_Nbg;4;Fahrbahnteil1;UZ Freimann NSF;A9 Richtung Nürnberg;Richtungfalse
360;57026;Querschnitt6482;WWQ_9_511805_Mch;WZG_9_511805_Mch_W11;236;919108;48.3240143148386;11.6163488682883;6482;511.805;;Betriebsstatus1;Streckenstation1961;SST_9_511795_Mch;4;Fahrbahnteil1;UZ Freimann NSF;A9 Richtung M.-Zentrum;Richtungtrue
361;54714;Querschnitt6487;BMS_9_AKNeuf_0835_AF;BMS_9_AKNeuf_0835_AF_UeSS;37;919139;48.31893531;11.61925618;6487;512.435;;Betriebsstatus1;Streckenstation1962;SST_9_AKNeuf_0835_AF;6;Fahrbahnteil4;UZ Freimann NSF;A9 Richtung M.-Zentrum;Richtungtrue
362;60331;Querschnitt6713;MQ_9_AKNeuf_0840_AF;DET_9_AKNeuf_0840_AF_A2;98;919139;48.3186153271625;11.6191697918337;6713;512.44;;Betriebsstatus1;Streckenstation1962;SST_9_AKNeuf_0835_AF;1;Fahrbahnteil4;UZ Freimann NSF;A9 Richtung M.-Zentrum;Richtungtrue
363;58315;Querschnitt6488;WWQ_9_AKNeuf_0840_AF;WZG_9_AKNeuf_0840_AF_W6;231;919139;48.3186802834953;11.6191414019233;6488;512.44;;Betriebsstatus1;Streckenstation1962;SST_9_AKNeuf_0835_AF;4;Fahrbahnteil4;UZ Freimann NSF;A9 Richtung M.-Zentrum;Richtungtrue
364;61254;Querschnitt6491;BMS_9_480033_Nbg;BMS_9_480033_Nbg_UeSS;5;907562;48.59133254;11.56771572;6491;480.033;;Betriebsstatus1;Streckenstation1963;SST_9_480033_Nbg;6;Fahrbahnteil1;UZ Freimann NSF;A9 Richtung Nürnberg;Richtungfalse
365;61841;Querschnitt6489;MQ_9_480000_Nbg;DET_9_480000_Nbg_H3;3;907562;48.5913592309767;11.5675175005056;6489;480.0;73359056;Betriebsstatus1;Streckenstation1963;SST_9_480033_Nbg;1;Fahrbahnteil1;UZ Freimann NSF;A9 Richtung Nürnberg;Richtungfalse
366;62491;Querschnitt6490;AQ_9_480000_Nbg;WZG_9_480000_Nbg_C2;74;907562;48.5914198705512;11.5674402649603;6490;480.0;;Betriebsstatus1;Streckenstation1963;SST_9_480033_Nbg;4;Fahrbahnteil1;UZ Freimann NSF;A9 Richtung Nürnberg;Richtungfalse
367;52274;Querschnitt6494;BMS_9_481280_Nbg;BMS_9_481280_Nbg_UeSS;5;907623;48.58410214;11.58035239;6494;481.28;;Betriebsstatus1;Streckenstation1964;SST_9_481280_Nbg;6;Fahrbahnteil1;UZ Freimann NSF;A9 Richtung Nürnberg;Richtungfalse
368;57468;Querschnitt6492;MQ_9_481250_Nbg;DET_9_481250_Nbg_H3;3;907623;48.5840646424381;11.5800926623285;6492;481.25;;Betriebsstatus1;Streckenstation1964;SST_9_481280_Nbg;1;Fahrbahnteil1;UZ Freimann NSF;A9 Richtung Nürnberg;Richtungfalse
369;60050;Querschnitt6493;AQ_9_481250_Nbg;WZG_9_481250_Nbg_WVLT1;131;907623;48.5841083583443;11.5799562089605;6493;481.25;;Betriebsstatus1;Streckenstation1964;SST_9_481280_Nbg;4;Fahrbahnteil1;UZ Freimann NSF;A9 Richtung Nürnberg;Richtungfalse
370;58438;Querschnitt6500;BMS_9_482565_Nbg;BMS_9_482565_Nbg_UeSS;5;907685;48.57675582;11.5927528;6500;482.565;;Betriebsstatus1;Streckenstation1965;SST_9_482565_Nbg;6;Fahrbahnteil1;UZ Freimann NSF;A9 Richtung Nürnberg;Richtungfalse
371;58149;Querschnitt6498;MQ_9_ADHoll_0830_TZ;DET_9_ADHoll_0830_TZ_E1;129;907685;48.5817738609894;11.5883668675597;6498;481.925;;Betriebsstatus1;Streckenstation1965;SST_9_482565_Nbg;1;Fahrbahnteil3;UZ Freimann NSF;A9 Richtung Nürnberg;Richtungfalse
372;53943;Querschnitt6504;MQ_9_ADHoll_0535_NS;DET_9_ADHoll_0535_NS_A2;66;907685;48.576532391646;11.5929448753137;6504;482.58;;Betriebsstatus1;Streckenstation1965;SST_9_482565_Nbg;1;Fahrbahnteil4;UZ Freimann NSF;A9 Richtung Nürnberg;Richtungfalse
373;56697;Querschnitt6502;AQ_9_482565_Nbg;WZG_9_482565_Nbg_WVLT1;131;907685;48.5766922279737;11.5928151763593;6502;482.565;;Betriebsstatus1;Streckenstation1965;SST_9_482565_Nbg;4;Fahrbahnteil1;UZ Freimann NSF;A9 Richtung Nürnberg;Richtungfalse
374;53767;Querschnitt6506;BMS_9_483005_Nbg;BMS_9_483005_Nbg_UeSS;5;907707;48.57269891;11.59287071;6506;483.005;;Betriebsstatus1;Streckenstation1966;SST_9_483005_Nbg;6;Fahrbahnteil1;UZ Freimann NSF;A9 Richtung Nürnberg;Richtungfalse
375;58662;Querschnitt6512;BMS_9_483230_Nbg;BMS_9_483230_Nbg_UeSS;5;907718;48.57073978;11.59284373;6512;483.23;;Betriebsstatus1;Streckenstation1967;SST_9_483230_Nbg;6;Fahrbahnteil1;UZ Freimann NSF;A9 Richtung Nürnberg;Richtungfalse
376;51277;Querschnitt6508;MQ_9_483200_Nbg;DET_9_483200_Nbg_H4;4;907718;48.5707822632965;11.5926712588754;6508;483.2;;Betriebsstatus1;Streckenstation1967;SST_9_483230_Nbg;1;Fahrbahnteil1;UZ Freimann NSF;A9 Richtung Nürnberg;Richtungfalse
377;58135;Querschnitt6509;GMA_9_483200_Nbg;WUD_9_483200_Nbg_TPT;6;907718;48.5709685627798;11.5928260449303;6509;483.2;;Betriebsstatus1;Streckenstation1967;SST_9_483230_Nbg;3;Fahrbahnteil1;UZ Freimann NSF;A9 Richtung Nürnberg;Richtungfalse
378;60509;Querschnitt6510;AQ_9_483200_Nbg;WZG_9_483200_Nbg_C3;75;907718;48.5709818671864;11.5926806518016;6510;483.2;;Betriebsstatus1;Streckenstation1967;SST_9_483230_Nbg;4;Fahrbahnteil1;UZ Freimann NSF;A9 Richtung Nürnberg;Richtungfalse
379;55399;Querschnitt6511;GMA_9_483215_Nbg;WUD_9_483215_Nbg_GT;22;907718;48.5708337337452;11.5928211651693;6511;483.215;80000540;Betriebsstatus1;Streckenstation1967;SST_9_483230_Nbg;3;Fahrbahnteil1;UZ Freimann NSF;A9 Richtung Nürnberg;Richtungfalse
380;52196;Querschnitt6514;NMG_9_483230_Nbg;WUD_9_483230_Nbg_SW;7;907718;48.570698904707;11.5928162854486;6514;483.23;;Betriebsstatus1;Streckenstation1967;SST_9_483230_Nbg;3;Fahrbahnteil1;UZ Freimann NSF;A9 Richtung Nürnberg;Richtungfalse
381;58618;Querschnitt6517;BMS_9_483495_Nbg;BMS_9_483495_Nbg_UeSS;5;907730;48.56828211;11.59267139;6517;483.495;;Betriebsstatus1;Streckenstation1968;SST_9_483495_Nbg;6;Fahrbahnteil1;UZ Freimann NSF;A9 Richtung Nürnberg;Richtungfalse
382;54079;Querschnitt6515;WWQ_9_483465_Nbg;WZG_9_483465_Nbg_W2;226;907730;48.5686441251847;11.5925101664269;6515;483.465;;Betriebsstatus1;Streckenstation1968;SST_9_483495_Nbg;4;Fahrbahnteil1;UZ Freimann NSF;A9 Richtung Nürnberg;Richtungfalse
383;60981;Querschnitt6520;BMS_9_484000_Nbg;BMS_9_484000_Nbg_UeSS;5;907755;48.56371022;11.59067042;6520;484.0;;Betriebsstatus1;Streckenstation1969;SST_9_484000_Nbg;6;Fahrbahnteil1;UZ Freimann NSF;A9 Richtung Nürnberg;Richtungfalse
384;50676;Querschnitt6518;WWQ_9_483970_Nbg;WZG_9_483970_Nbg_W2;226;907755;48.56391553;11.5906581;6518;483.97;;Betriebsstatus1;Streckenstation1969;SST_9_484000_Nbg;4;Fahrbahnteil1;UZ Freimann NSF;A9 Richtung Nürnberg;Richtungfalse
385;62780;Querschnitt6526;BMS_9_484500_Nbg;BMS_9_484500_Nbg_UeSS;5;907779;48.55954275;11.58890479;6526;484.5;;Betriebsstatus1;Streckenstation1970;SST_9_484500_Nbg;6;Fahrbahnteil1;UZ Freimann NSF;A9 Richtung Nürnberg;Richtungfalse
386;55859;Querschnitt6522;MQ_9_484470_Nbg;DET_9_484470_Nbg_H4;4;907779;48.5597062534378;11.5888177957524;6522;484.47;;Betriebsstatus1;Streckenstation1970;SST_9_484500_Nbg;1;Fahrbahnteil1;UZ Freimann NSF;A9 Richtung Nürnberg;Richtungfalse
387;58040;Querschnitt6523;GMA_9_484470_Nbg;WUD_9_484470_Nbg_TPT;6;907779;48.5598527846323;11.5890131807019;6523;484.47;80000641;Betriebsstatus1;Streckenstation1970;SST_9_484500_Nbg;3;Fahrbahnteil1;UZ Freimann NSF;A9 Richtung Nürnberg;Richtungfalse
388;54280;Querschnitt6524;AQ_9_484470_Nbg;WZG_9_484470_Nbg_WVLT1;131;907779;48.5598945157783;11.5888521478537;6524;484.47;;Betriebsstatus1;Streckenstation1970;SST_9_484500_Nbg;4;Fahrbahnteil1;UZ Freimann NSF;A9 Richtung Nürnberg;Richtungfalse
389;55580;Querschnitt6528;NMG_9_484500_Nbg;WUD_9_484500_Nbg_SW;7;907779;48.5595869566247;11.5889443895019;6528;484.5;;Betriebsstatus1;Streckenstation1970;SST_9_484500_Nbg;3;Fahrbahnteil1;UZ Freimann NSF;A9 Richtung Nürnberg;Richtungfalse
390;53516;Querschnitt6532;BMS_9_485048_Nbg;BMS_9_485048_Nbg_UeSS;5;907806;48.55459528;11.58948168;6532;485.048;;Betriebsstatus1;Streckenstation1971;SST_9_485048_Nbg;6;Fahrbahnteil1;UZ Freimann NSF;A9 Richtung Nürnberg;Richtungfalse
391;55910;Querschnitt6540;BMS_9_485930_Nbg;BMS_9_485930_Nbg_UeSS;5;907849;48.5473788;11.5938485;6540;485.93;;Betriebsstatus1;Streckenstation1972;SST_9_485930_Nbg;6;Fahrbahnteil1;UZ Freimann NSF;A9 Richtung Nürnberg;Richtungfalse
392;56652;Querschnitt6537;MQ_9_485900_Nbg;DET_9_485900_Nbg_H4;4;907849;48.5474701385546;11.5936841484113;6537;485.9;;Betriebsstatus1;Streckenstation1972;SST_9_485930_Nbg;1;Fahrbahnteil1;UZ Freimann NSF;A9 Richtung Nürnberg;Richtungfalse
393;58578;Querschnitt6538;AQ_9_485900_Nbg;WZG_9_485900_Nbg_WVLT1;131;907849;48.5476061906488;11.5936248363335;6538;485.9;;Betriebsstatus1;Streckenstation1972;SST_9_485930_Nbg;4;Fahrbahnteil1;UZ Freimann NSF;A9 Richtung Nürnberg;Richtungfalse
394;58671;Querschnitt6551;BMS_9_487785_Nbg;BMS_9_487785_Nbg_UeSS;5;907939;48.53087835;11.59225825;6551;487.785;;Betriebsstatus1;Streckenstation1973;SST_9_487785_Nbg;6;Fahrbahnteil1;UZ Freimann NSF;A9 Richtung Nürnberg;Richtungfalse
395;52008;Querschnitt6545;MQ_9_487755_Nbg;DET_9_487755_Nbg_H4;4;907939;48.5311292010857;11.5925137301251;6545;487.755;74359110;Betriebsstatus1;Streckenstation1973;SST_9_487785_Nbg;1;Fahrbahnteil1;UZ Freimann NSF;A9 Richtung Nürnberg;Richtungfalse
396;55300;Querschnitt6715;GMA_9_482031_Mch_HK;WUD_9_482031_Mch_HK;33;917659;48.5805351306315;11.5887632623673;6715;482.03;;Betriebsstatus1;Streckenstation1921;SST_9_482030_Mch;3;Fahrbahnteil1;UZ Freimann NSF;A9 Richtung M.-Zentrum;Richtungtrue
397;54104;Querschnitt6546;GMA_9_487755_Nbg;WUD_9_487755_Nbg_TPT;6;907939;48.5312188930128;11.5928057634495;6546;487.755;;Betriebsstatus1;Streckenstation1973;SST_9_487785_Nbg;3;Fahrbahnteil1;UZ Freimann NSF;A9 Richtung Nürnberg;Richtungfalse
398;57820;Querschnitt6547;AQ_9_487755_Nbg;WZG_9_487755_Nbg_WVLT1;131;907939;48.5312758566575;11.5926662375012;6547;487.755;;Betriebsstatus1;Streckenstation1973;SST_9_487785_Nbg;4;Fahrbahnteil1;UZ Freimann NSF;A9 Richtung Nürnberg;Richtungfalse
399;61071;Querschnitt6549;GMA_9_487770_Nbg;WUD_9_487770_Nbg_GT;22;907939;48.5311106346108;11.592684684871;6549;487.77;80000638;Betriebsstatus1;Streckenstation1973;SST_9_487785_Nbg;3;Fahrbahnteil1;UZ Freimann NSF;A9 Richtung Nürnberg;Richtungfalse
400;62785;Querschnitt6552;NMG_9_487785_Nbg;WUD_9_487785_Nbg_SW;7;907939;48.5310031615394;11.5925620044042;6552;487.785;;Betriebsstatus1;Streckenstation1973;SST_9_487785_Nbg;3;Fahrbahnteil1;UZ Freimann NSF;A9 Richtung Nürnberg;Richtungfalse
401;62136;Querschnitt6550;GMA_9_487770_Mch;WUD_9_487770_Mch_GT;54;907939;48.5313478872888;11.5922837074874;6550;487.77;80000638;Betriebsstatus1;Streckenstation1973;SST_9_487785_Nbg;3;Fahrbahnteil1;UZ Freimann NSF;A9 Richtung M.-Zentrum;Richtungtrue
402;58373;Querschnitt6560;BMS_9_489277_Nbg;BMS_9_489277_Nbg_UeSS;5;908012;48.51967558;11.58316564;6560;489.277;;Betriebsstatus1;Streckenstation1974;SST_9_489277_Nbg;6;Fahrbahnteil1;UZ Freimann NSF;A9 Richtung Nürnberg;Richtungfalse
403;52147;Querschnitt6556;MQ_9_489247_Nbg;DET_9_489247_Nbg_H4;4;908012;48.5196402951943;11.5830272085947;6556;489.247;;Betriebsstatus1;Streckenstation1974;SST_9_489277_Nbg;1;Fahrbahnteil1;UZ Freimann NSF;A9 Richtung Nürnberg;Richtungfalse
404;58906;Querschnitt6557;GMA_9_489247_Nbg;WUD_9_489247_Nbg_TPT;6;908012;48.5198438721181;11.5832058842463;6557;489.247;99000001;Betriebsstatus1;Streckenstation1974;SST_9_489277_Nbg;3;Fahrbahnteil1;UZ Freimann NSF;A9 Richtung Nürnberg;Richtungfalse
405;53219;Querschnitt6558;AQ_9_489247_Nbg;WZG_9_489247_Nbg_WVLT1;131;908012;48.5198462560998;11.5830550472788;6558;489.247;;Betriebsstatus1;Streckenstation1974;SST_9_489277_Nbg;4;Fahrbahnteil1;UZ Freimann NSF;A9 Richtung Nürnberg;Richtungfalse
406;52892;Querschnitt6561;NMG_9_489277_Nbg;WUD_9_489277_Nbg_SW;7;908012;48.5195759404483;11.5831591130564;6561;489.277;;Betriebsstatus1;Streckenstation1974;SST_9_489277_Nbg;3;Fahrbahnteil1;UZ Freimann NSF;A9 Richtung Nürnberg;Richtungfalse
407;52426;Querschnitt6572;BMS_9_490340_Nbg;BMS_9_490340_Nbg_UeSS;5;908064;48.51059414;11.58475686;6572;490.34;;Betriebsstatus1;Streckenstation1975;SST_9_490340_Nbg;6;Fahrbahnteil1;UZ Freimann NSF;A9 Richtung Nürnberg;Richtungfalse
408;58297;Querschnitt6566;MQ_9_490310_Nbg;DET_9_490310_Nbg_H4;4;908064;48.510649692122;11.5845647704262;6566;490.31;;Betriebsstatus1;Streckenstation1975;SST_9_490340_Nbg;1;Fahrbahnteil1;UZ Freimann NSF;A9 Richtung Nürnberg;Richtungfalse
409;61586;Querschnitt6567;GMA_9_490310_Nbg;WUD_9_490310_Nbg_TPT;6;908064;48.5108382427306;11.5845919744835;6567;490.31;;Betriebsstatus1;Streckenstation1975;SST_9_490340_Nbg;3;Fahrbahnteil1;UZ Freimann NSF;A9 Richtung Nürnberg;Richtungfalse
410;56883;Querschnitt6568;AQ_9_490310_Nbg;WZG_9_490310_Nbg_WVLT1;131;908064;48.5108146016304;11.5844539268933;6568;490.31;;Betriebsstatus1;Streckenstation1975;SST_9_490340_Nbg;4;Fahrbahnteil1;UZ Freimann NSF;A9 Richtung Nürnberg;Richtungfalse
411;52497;Querschnitt6570;GMA_9_490325_Nbg;WUD_9_490325_Nbg_GT;22;908064;48.5107142678292;11.5846718974622;6570;490.325;80000490;Betriebsstatus1;Streckenstation1975;SST_9_490340_Nbg;3;Fahrbahnteil1;UZ Freimann NSF;A9 Richtung Nürnberg;Richtungfalse
412;51890;Querschnitt6573;NMG_9_490340_Nbg;WUD_9_490340_Nbg_SW;7;908064;48.5105905725291;11.5847527746925;6573;490.34;;Betriebsstatus1;Streckenstation1975;SST_9_490340_Nbg;3;Fahrbahnteil1;UZ Freimann NSF;A9 Richtung Nürnberg;Richtungfalse
413;50678;Querschnitt6571;GMA_9_490325_Mch;WUD_9_490325_Mch_GT;54;908064;48.5102702746871;11.5843642647588;6571;490.325;80000641;Betriebsstatus1;Streckenstation1975;SST_9_490340_Nbg;3;Fahrbahnteil1;UZ Freimann NSF;A9 Richtung M.-Zentrum;Richtungtrue
414;54614;Querschnitt6578;BMS_9_490910_Nbg;BMS_9_490910_Nbg_UeSS;5;908091;48.50598433;11.5886768;6578;490.91;;Betriebsstatus1;Streckenstation1976;SST_9_490910_Nbg;6;Fahrbahnteil1;UZ Freimann NSF;A9 Richtung Nürnberg;Richtungfalse
415;57116;Querschnitt6575;MQ_9_Pfaf_0225_SZ;DET_9_Pfaf_0225_SZ_E1;129;908091;48.5064482946644;11.5884963071835;6575;490.89;;Betriebsstatus1;Streckenstation1976;SST_9_490910_Nbg;1;Fahrbahnteil3;UZ Freimann NSF;A9 Richtung Nürnberg;Richtungfalse
416;50963;Querschnitt6576;AQ_9_490904_Nbg;WZG_9_490904_Nbg_WVLT1;131;908091;48.5059956420849;11.5886075558351;6576;490.904;;Betriebsstatus1;Streckenstation1976;SST_9_490910_Nbg;4;Fahrbahnteil1;UZ Freimann NSF;A9 Richtung Nürnberg;Richtungfalse
417;53131;Querschnitt6582;BMS_9_491245_Nbg;BMS_9_491245_Nbg_UeSS;5;908108;48.5031773;11.59115379;6582;491.245;;Betriebsstatus1;Streckenstation1977;SST_9_491245_Nbg;6;Fahrbahnteil1;UZ Freimann NSF;A9 Richtung Nürnberg;Richtungfalse
418;62020;Querschnitt6580;WWQ_9_491125_Nbg;WZG_9_491125_Nbg_W2;226;908108;48.5042507156684;11.5901048125495;6580;491.125;;Betriebsstatus1;Streckenstation1977;SST_9_491245_Nbg;4;Fahrbahnteil1;UZ Freimann NSF;A9 Richtung Nürnberg;Richtungfalse
419;53257;Querschnitt6583;BMS_9_491620_Nbg;BMS_9_491620_Nbg_UeSS;5;908126;48.50015085;11.5936784;6583;491.62;;Betriebsstatus1;Streckenstation1978;SST_9_491620_Nbg;6;Fahrbahnteil1;UZ Freimann NSF;A9 Richtung Nürnberg;Richtungfalse
420;61332;Querschnitt6709;WWQ_9_491590_Nbg;WZG_9_491590_Nbg_W1;225;908126;48.5002494655705;11.5934185304931;6709;491.59;;Betriebsstatus1;Streckenstation1978;SST_9_491620_Nbg;4;Fahrbahnteil1;UZ Freimann NSF;A9 Richtung Nürnberg;Richtungfalse
421;57467;Querschnitt6587;BMS_9_491925_Nbg;BMS_9_491925_Nbg_UeSS;5;908141;48.49743802;11.59478324;6587;491.925;;Betriebsstatus1;Streckenstation1979;SST_9_491925_Nbg;6;Fahrbahnteil1;UZ Freimann NSF;A9 Richtung Nürnberg;Richtungfalse
422;51625;Querschnitt6584;MQ_9_491895_Nbg;DET_9_491895_Nbg_H4;4;908141;48.4975005798349;11.5946550286193;6584;491.895;;Betriebsstatus1;Streckenstation1979;SST_9_491925_Nbg;1;Fahrbahnteil1;UZ Freimann NSF;A9 Richtung Nürnberg;Richtungfalse
423;60375;Querschnitt6585;AQ_9_491895_Nbg;WZG_9_491895_Nbg_WVLT1;131;908141;48.4976774924684;11.5945997448257;6585;491.895;;Betriebsstatus1;Streckenstation1979;SST_9_491925_Nbg;4;Fahrbahnteil1;UZ Freimann NSF;A9 Richtung Nürnberg;Richtungfalse
424;59445;Querschnitt6599;BMS_9_493870_Nbg;BMS_9_493870_Nbg_UeSS;5;908235;48.48103939;11.58770663;6599;493.87;;Betriebsstatus1;Streckenstation1980;SST_9_493870_Nbg;6;Fahrbahnteil1;UZ Freimann NSF;A9 Richtung Nürnberg;Richtungfalse
425;56168;Querschnitt6595;MQ_9_493840_Nbg;DET_9_493840_Nbg_H4;4;908235;48.4811373242175;11.587640346289;6595;493.84;75359058;Betriebsstatus1;Streckenstation1980;SST_9_493870_Nbg;1;Fahrbahnteil1;UZ Freimann NSF;A9 Richtung Nürnberg;Richtungfalse
426;52073;Querschnitt6596;GMA_9_493840_Nbg;WUD_9_493840_Nbg_TPT;6;908235;48.4812493167115;11.5878591758382;6596;493.84;99000002;Betriebsstatus1;Streckenstation1980;SST_9_493870_Nbg;3;Fahrbahnteil1;UZ Freimann NSF;A9 Richtung Nürnberg;Richtungfalse
427;51476;Querschnitt6597;AQ_9_493840_Nbg;WZG_9_493840_Nbg_WVLT1;131;908235;48.4812962616795;11.5877338511032;6597;493.84;;Betriebsstatus1;Streckenstation1980;SST_9_493870_Nbg;4;Fahrbahnteil1;UZ Freimann NSF;A9 Richtung Nürnberg;Richtungfalse
428;59615;Querschnitt6601;NMG_9_493870_Nbg;WUD_9_493870_Nbg_SW;7;908235;48.4810026430834;11.58769427384;6601;493.87;;Betriebsstatus1;Streckenstation1980;SST_9_493870_Nbg;3;Fahrbahnteil1;UZ Freimann NSF;A9 Richtung Nürnberg;Richtungfalse
429;60330;Querschnitt6611;BMS_9_494870_Nbg;BMS_9_494870_Nbg_UeSS;5;908284;48.47224995;11.58584318;6611;494.87;;Betriebsstatus1;Streckenstation1981;SST_9_494870_Nbg;6;Fahrbahnteil1;UZ Freimann NSF;A9 Richtung Nürnberg;Richtungfalse
430;57972;Querschnitt6605;MQ_9_494840_Nbg;DET_9_494840_Nbg_H4;4;908284;48.4723321292422;11.5856529305529;6605;494.84;;Betriebsstatus1;Streckenstation1981;SST_9_494870_Nbg;1;Fahrbahnteil1;UZ Freimann NSF;A9 Richtung Nürnberg;Richtungfalse
431;50910;Querschnitt6606;GMA_9_494840_Nbg;WUD_9_494840_Nbg_TPT;6;908284;48.4725249425596;11.5857284650916;6606;494.84;;Betriebsstatus1;Streckenstation1981;SST_9_494870_Nbg;3;Fahrbahnteil1;UZ Freimann NSF;A9 Richtung Nürnberg;Richtungfalse
432;59276;Querschnitt6607;AQ_9_494840_Nbg;WZG_9_494840_Nbg_WVLT1;131;908284;48.4724925742485;11.5855920890177;6607;494.84;;Betriebsstatus1;Streckenstation1981;SST_9_494870_Nbg;4;Fahrbahnteil1;UZ Freimann NSF;A9 Richtung Nürnberg;Richtungfalse
433;61924;Querschnitt6609;GMA_9_494855_Nbg;WUD_9_494855_Nbg_GT;22;908284;48.4723918174311;11.5857618730284;6609;494.855;80000539;Betriebsstatus1;Streckenstation1981;SST_9_494870_Nbg;3;Fahrbahnteil1;UZ Freimann NSF;A9 Richtung Nürnberg;Richtungfalse
434;60387;Querschnitt6612;NMG_9_494870_Nbg;WUD_9_494870_Nbg_SW;7;908284;48.4722589633063;11.5857976570357;6612;494.87;;Betriebsstatus1;Streckenstation1981;SST_9_494870_Nbg;3;Fahrbahnteil1;UZ Freimann NSF;A9 Richtung Nürnberg;Richtungfalse
435;57280;Querschnitt6728;GMA_9_491350_Mch_HK;WUD_9_491350_Mch_HK;33;918111;48.5023786554428;11.591250771316;6728;491.35;;Betriebsstatus1;Streckenstation1933;SST_9_491320_Mch;3;Fahrbahnteil1;UZ Freimann NSF;A9 Richtung M.-Zentrum;Richtungtrue
436;53476;Querschnitt6610;GMA_9_494855_Mch;WUD_9_494855_Mch_GT;54;908284;48.4724530570126;11.5852254531832;6610;494.855;80000539;Betriebsstatus1;Streckenstation1981;SST_9_494870_Nbg;3;Fahrbahnteil1;UZ Freimann NSF;A9 Richtung M.-Zentrum;Richtungtrue
437;54880;Querschnitt6617;BMS_9_495900_Nbg;BMS_9_495900_Nbg_UeSS;5;908334;48.46340707;11.58949954;6617;495.9;;Betriebsstatus1;Streckenstation1982;SST_9_495900_Nbg;6;Fahrbahnteil1;UZ Freimann NSF;A9 Richtung Nürnberg;Richtungfalse
438;55761;Querschnitt6615;AQ_9_495893_Nbg;WZG_9_495893_Nbg_WVLT1;131;908334;48.4635320557335;11.5892105791941;6615;495.893;;Betriebsstatus1;Streckenstation1982;SST_9_495900_Nbg;4;Fahrbahnteil1;UZ Freimann NSF;A9 Richtung Nürnberg;Richtungfalse
439;61427;Querschnitt6624;BMS_9_496928_Nbg;BMS_9_496928_Nbg_UeSS;5;908384;48.45420716;11.59101425;6624;496.928;;Betriebsstatus1;Streckenstation1983;SST_9_496928_Nbg;6;Fahrbahnteil1;UZ Freimann NSF;A9 Richtung Nürnberg;Richtungfalse
440;53152;Querschnitt6621;MQ_9_496895_Nbg;DET_9_496895_Nbg_H4;4;908384;48.4543346909981;11.5909009818207;6621;496.895;;Betriebsstatus1;Streckenstation1983;SST_9_496928_Nbg;1;Fahrbahnteil1;UZ Freimann NSF;A9 Richtung Nürnberg;Richtungfalse
441;53889;Querschnitt6622;AQ_9_496895_Nbg;WZG_9_496895_Nbg_WVLT1;131;908384;48.4545178949153;11.5909132619128;6622;496.895;;Betriebsstatus1;Streckenstation1983;SST_9_496928_Nbg;4;Fahrbahnteil1;UZ Freimann NSF;A9 Richtung Nürnberg;Richtungfalse
442;51125;Querschnitt6630;BMS_9_498210_Nbg;BMS_9_498210_Nbg_UeSS;5;908447;48.44263878;11.58958152;6630;498.21;;Betriebsstatus1;Streckenstation1984;SST_9_498210_Nbg;6;Fahrbahnteil1;UZ Freimann NSF;A9 Richtung Nürnberg;Richtungfalse
443;57861;Querschnitt6627;MQ_9_498180_Nbg;DET_9_498180_Nbg_H4;4;908447;48.4427754952226;11.5894033869596;6627;498.18;;Betriebsstatus1;Streckenstation1984;SST_9_498210_Nbg;1;Fahrbahnteil1;UZ Freimann NSF;A9 Richtung Nürnberg;Richtungfalse
444;53862;Querschnitt6628;AQ_9_498180_Nbg;WZG_9_498180_Nbg_WVLT1;131;908447;48.4429559237509;11.5894127526305;6628;498.18;;Betriebsstatus1;Streckenstation1984;SST_9_498210_Nbg;4;Fahrbahnteil1;UZ Freimann NSF;A9 Richtung Nürnberg;Richtungfalse
445;52264;Querschnitt6635;BMS_9_499360_Nbg;BMS_9_499360_Nbg_UeSS;5;908502;48.43242339;11.58962821;6635;499.36;;Betriebsstatus1;Streckenstation1985;SST_9_499360_Nbg;6;Fahrbahnteil1;UZ Freimann NSF;A9 Richtung Nürnberg;Richtungfalse
446;58114;Querschnitt6632;MQ_9_499330_Nbg;DET_9_499330_Nbg_H4;4;908502;48.4326075084361;11.5894847169463;6632;499.33;;Betriebsstatus1;Streckenstation1985;SST_9_499360_Nbg;1;Fahrbahnteil1;UZ Freimann NSF;A9 Richtung Nürnberg;Richtungfalse
447;51503;Querschnitt6633;AQ_9_499330_Nbg;WZG_9_499330_Nbg_WVLT1;131;908502;48.4327514567863;11.5894718801979;6633;499.33;;Betriebsstatus1;Streckenstation1985;SST_9_499360_Nbg;4;Fahrbahnteil1;UZ Freimann NSF;A9 Richtung Nürnberg;Richtungfalse
448;58502;Querschnitt6641;BMS_9_499930_Nbg;BMS_9_499930_Nbg_UeSS;5;908530;48.42771012;11.58972284;6641;499.93;;Betriebsstatus1;Streckenstation1986;SST_9_499930_Nbg;6;Fahrbahnteil1;UZ Freimann NSF;A9 Richtung Nürnberg;Richtungfalse
449;57335;Querschnitt6637;MQ_9_Allh_0180_SZ;DET_9_Allh_0180_SZ_E1;129;908530;48.4279684116583;11.5900484556567;6637;499.87;;Betriebsstatus1;Streckenstation1986;SST_9_499930_Nbg;1;Fahrbahnteil3;UZ Freimann NSF;A9 Richtung Nürnberg;Richtungfalse
450;59836;Querschnitt6639;AQ_9_499925_Nbg;WZG_9_499925_Nbg_WVLT1;131;908530;48.4273202718771;11.5896469307862;6639;499.925;;Betriebsstatus1;Streckenstation1986;SST_9_499930_Nbg;4;Fahrbahnteil1;UZ Freimann NSF;A9 Richtung Nürnberg;Richtungfalse
451;53927;Querschnitt6644;BMS_9_500180_Nbg;BMS_9_500180_Nbg_UeSS;5;908542;48.42474562;11.58974667;6644;500.18;;Betriebsstatus1;Streckenstation1987;SST_9_500180_Nbg;6;Fahrbahnteil1;UZ Freimann NSF;A9 Richtung Nürnberg;Richtungfalse
452;61881;Querschnitt6648;BMS_9_500713_Nbg;BMS_9_500713_Nbg_UeSS;5;908568;48.42008257;11.58984073;6648;500.713;;Betriebsstatus1;Streckenstation1988;SST_9_500713_Nbg;6;Fahrbahnteil1;UZ Freimann NSF;A9 Richtung Nürnberg;Richtungfalse
453;60220;Querschnitt6646;WWQ_9_500693_Nbg;WZG_9_500693_Nbg_W1;225;908568;48.4203059641014;11.5896502650643;6646;500.693;;Betriebsstatus1;Streckenstation1988;SST_9_500713_Nbg;4;Fahrbahnteil1;UZ Freimann NSF;A9 Richtung Nürnberg;Richtungfalse
454;54495;Querschnitt6654;BMS_9_501024_Nbg;BMS_9_501024_Nbg_UeSS;5;908583;48.41744152;11.58985838;6654;501.024;;Betriebsstatus1;Streckenstation1989;SST_9_501024_Nbg;6;Fahrbahnteil1;UZ Freimann NSF;A9 Richtung Nürnberg;Richtungfalse
455;60780;Querschnitt6650;MQ_9_500994_Nbg;DET_9_500994_Nbg_H4;4;908583;48.4175450620619;11.5896995919847;6650;500.994;;Betriebsstatus1;Streckenstation1989;SST_9_501024_Nbg;1;Fahrbahnteil1;UZ Freimann NSF;A9 Richtung Nürnberg;Richtungfalse
456;62172;Querschnitt6651;GMA_9_500994_Nbg;WUD_9_500994_Nbg_TPT;6;908583;48.4177333070099;11.5898406061053;6651;500.994;99000003;Betriebsstatus1;Streckenstation1989;SST_9_501024_Nbg;3;Fahrbahnteil1;UZ Freimann NSF;A9 Richtung Nürnberg;Richtungfalse
457;62626;Querschnitt6734;GMA_9_500390_Mch_HK;WUD_9_500390_Mch_HK;35;918551;48.4231635945668;11.5892259330526;6734;500.39;;Betriebsstatus1;Streckenstation1944;SST_9_500359_Mch;3;Fahrbahnteil1;UZ Freimann NSF;A9 Richtung M.-Zentrum;Richtungtrue
458;53655;Querschnitt6652;AQ_9_500994_Nbg;WZG_9_500994_Nbg_WVLT1;131;908583;48.4177137646667;11.5896990013076;6652;500.994;;Betriebsstatus1;Streckenstation1989;SST_9_501024_Nbg;4;Fahrbahnteil1;UZ Freimann NSF;A9 Richtung Nürnberg;Richtungfalse
459;53049;Querschnitt6660;BMS_9_502530_Nbg;BMS_9_502530_Nbg_UeSS;5;908657;48.40385602;11.5900818;6660;502.53;;Betriebsstatus1;Streckenstation1990;SST_9_502530_Nbg;6;Fahrbahnteil1;UZ Freimann NSF;A9 Richtung Nürnberg;Richtungfalse
460;60077;Querschnitt6657;MQ_9_502505_Nbg;DET_9_502505_Nbg_H4;4;908657;48.403931164721;11.5899270862014;6657;502.505;75359059;Betriebsstatus1;Streckenstation1990;SST_9_502530_Nbg;1;Fahrbahnteil1;UZ Freimann NSF;A9 Richtung Nürnberg;Richtungfalse
461;52700;Querschnitt6658;AQ_9_502505_Nbg;WZG_9_502505_Nbg_WVLT1;131;908657;48.4041294903681;11.5899118084802;6658;502.505;;Betriebsstatus1;Streckenstation1990;SST_9_502530_Nbg;4;Fahrbahnteil1;UZ Freimann NSF;A9 Richtung Nürnberg;Richtungfalse
462;63297;Querschnitt6667;BMS_9_503950_Nbg;BMS_9_503950_Nbg_UeSS;5;908726;48.3919955;11.59636117;6667;503.95;;Betriebsstatus1;Streckenstation1991;SST_9_503950_Nbg;6;Fahrbahnteil1;UZ Freimann NSF;A9 Richtung Nürnberg;Richtungfalse
463;57731;Querschnitt6664;MQ_9_503930_Nbg;DET_9_503930_Nbg_H4;4;908726;48.3920110085182;11.5961758467333;6664;503.93;;Betriebsstatus1;Streckenstation1991;SST_9_503950_Nbg;1;Fahrbahnteil1;UZ Freimann NSF;A9 Richtung Nürnberg;Richtungfalse
464;52737;Querschnitt6841;HS_94_110069_Pas;HS_94_110069_Pas_HS1;129;9408531;48.2505741580636;12.3920218703427;6841;110.069;;Betriebsstatus1;Streckenstation2004;SST_94_110119_Pas;4;Fahrbahnteil1;UZ Wimpasing;A94a Richtung Passau;Richtungfalse
465;52080;Querschnitt6665;AQ_9_503930_Nbg;WZG_9_503930_Nbg_WVLT1;131;908726;48.3921646654989;11.5960884270684;6665;503.93;;Betriebsstatus1;Streckenstation1991;SST_9_503950_Nbg;4;Fahrbahnteil1;UZ Freimann NSF;A9 Richtung Nürnberg;Richtungfalse
466;50702;Querschnitt6671;BMS_9_504552_Nbg;BMS_9_504552_Nbg_UeSS;5;908755;48.3865705;11.59772932;6671;504.552;;Betriebsstatus1;Streckenstation1992;SST_9_504552_Nbg;6;Fahrbahnteil1;UZ Freimann NSF;A9 Richtung Nürnberg;Richtungfalse
467;51249;Querschnitt6669;AQ_9_504515_Nbg;WZG_9_504515_Nbg_WVLT1;131;908755;48.3869490854137;11.597578576313;6669;504.515;;Betriebsstatus1;Streckenstation1992;SST_9_504552_Nbg;4;Fahrbahnteil1;UZ Freimann NSF;A9 Richtung Nürnberg;Richtungfalse
468;62779;Querschnitt6677;BMS_9_505330_Nbg;BMS_9_505330_Nbg_UeSS;5;908793;48.37963429;11.59696952;6677;505.33;;Betriebsstatus1;Streckenstation1993;SST_9_505330_Nbg;6;Fahrbahnteil1;UZ Freimann NSF;A9 Richtung Nürnberg;Richtungfalse
469;55544;Querschnitt6673;MQ_9_505300_Nbg;DET_9_505300_Nbg_H4;4;908793;48.3797597050466;11.5968091767269;6673;505.3;;Betriebsstatus1;Streckenstation1993;SST_9_505330_Nbg;1;Fahrbahnteil1;UZ Freimann NSF;A9 Richtung Nürnberg;Richtungfalse
470;59834;Querschnitt6681;MQ_9_506950_Nbg;DET_9_506950_Nbg_H4;4;908873;48.3649705623184;11.5951982521123;6681;506.95;;Betriebsstatus1;Streckenstation1994;SST_9_506980_Nbg;1;Fahrbahnteil1;UZ Freimann NSF;A9 Richtung Nürnberg;Richtungfalse
471;55330;Querschnitt6674;GMA_9_505300_Nbg;WUD_9_505300_Nbg_TPT;6;908793;48.3798868822971;11.5969654402704;6674;505.3;99000008;Betriebsstatus1;Streckenstation1993;SST_9_505330_Nbg;3;Fahrbahnteil1;UZ Freimann NSF;A9 Richtung Nürnberg;Richtungfalse
472;62127;Querschnitt6675;AQ_9_505300_Nbg;WZG_9_505300_Nbg_WVLT1;131;908793;48.3799013371304;11.5968286796243;6675;505.3;;Betriebsstatus1;Streckenstation1993;SST_9_505330_Nbg;4;Fahrbahnteil1;UZ Freimann NSF;A9 Richtung Nürnberg;Richtungfalse
473;60598;Querschnitt6684;BMS_9_506980_Nbg;BMS_9_506980_Nbg_UeSS;5;908873;48.36475732;11.59534242;6684;506.98;;Betriebsstatus1;Streckenstation1994;SST_9_506980_Nbg;6;Fahrbahnteil1;UZ Freimann NSF;A9 Richtung Nürnberg;Richtungfalse
474;60140;Querschnitt6682;AQ_9_506950_Nbg;WZG_9_506950_Nbg_WVLT1;131;908873;48.3651439910199;11.5952049367901;6682;506.95;;Betriebsstatus1;Streckenstation1994;SST_9_506980_Nbg;4;Fahrbahnteil1;UZ Freimann NSF;A9 Richtung Nürnberg;Richtungfalse
475;57068;Querschnitt6691;BMS_9_508430_Nbg;BMS_9_508430_Nbg_UeSS;5;908944;48.35245756;11.6006267;6691;508.43;;Betriebsstatus1;Streckenstation1995;SST_9_508430_Nbg;6;Fahrbahnteil1;UZ Freimann NSF;A9 Richtung Nürnberg;Richtungfalse
476;52261;Querschnitt6688;MQ_9_508400_Nbg;DET_9_508400_Nbg_H4;4;908944;48.3525403201993;11.6003755348831;6688;508.4;;Betriebsstatus1;Streckenstation1995;SST_9_508430_Nbg;1;Fahrbahnteil1;UZ Freimann NSF;A9 Richtung Nürnberg;Richtungfalse
477;58796;Querschnitt6689;AQ_9_508400_Nbg;WZG_9_508400_Nbg_WVLT1;131;908944;48.3526776878445;11.6002879882195;6689;508.4;;Betriebsstatus1;Streckenstation1995;SST_9_508430_Nbg;4;Fahrbahnteil1;UZ Freimann NSF;A9 Richtung Nürnberg;Richtungfalse
478;51285;Querschnitt6696;BMS_9_509555_Nbg;BMS_9_509555_Nbg_UeSS;5;908999;48.34285722;11.60633023;6696;509.555;;Betriebsstatus1;Streckenstation1996;SST_9_509555_Nbg;6;Fahrbahnteil1;UZ Freimann NSF;A9 Richtung Nürnberg;Richtungfalse
479;50579;Querschnitt6693;MQ_9_509515_Nbg;DET_9_509515_Nbg_H4;4;908999;48.3430781843881;11.6060159379948;6693;509.515;;Betriebsstatus1;Streckenstation1996;SST_9_509555_Nbg;1;Fahrbahnteil1;UZ Freimann NSF;A9 Richtung Nürnberg;Richtungfalse
480;52098;Querschnitt6694;AQ_9_509515_Nbg;WZG_9_509515_Nbg_WVLT1;131;908999;48.3432017716935;11.6059392521198;6694;509.515;;Betriebsstatus1;Streckenstation1996;SST_9_509555_Nbg;4;Fahrbahnteil1;UZ Freimann NSF;A9 Richtung Nürnberg;Richtungfalse
481;61309;Querschnitt6700;BMS_9_510580_Nbg;BMS_9_510580_Nbg_UeSS;5;909048;48.33422953;11.61125699;6700;510.58;;Betriebsstatus1;Streckenstation1997;SST_9_510580_Nbg;6;Fahrbahnteil1;UZ Freimann NSF;A9 Richtung Nürnberg;Richtungfalse
482;51987;Querschnitt6698;AQ_9_510505_Nbg;WZG_9_510505_Nbg_WVLT1;131;909048;48.3349514749631;11.6107946129493;6698;510.505;;Betriebsstatus1;Streckenstation1997;SST_9_510580_Nbg;4;Fahrbahnteil1;UZ Freimann NSF;A9 Richtung Nürnberg;Richtungfalse
483;61890;Querschnitt6703;BMS_9_511120_Nbg;BMS_9_511120_Nbg_UeSS;5;909075;48.32988591;11.61373423;6703;511.12;;Betriebsstatus1;Streckenstation1998;SST_9_511120_Nbg;6;Fahrbahnteil1;UZ Freimann NSF;A9 Richtung Nürnberg;Richtungfalse
484;57897;Querschnitt6714;MQ_9_511090_Nbg;DET_9_511090_Nbg_H4;4;909075;48.3299836889527;11.6135268561001;6714;511.09;;Betriebsstatus1;Streckenstation1998;SST_9_511120_Nbg;1;Fahrbahnteil1;UZ Freimann NSF;A9 Richtung Nürnberg;Richtungfalse
485;61714;Querschnitt6701;AQ_9_511090_Nbg;WZG_9_511090_Nbg_WVLT1;131;909075;48.3301230425954;11.6134480049731;6701;511.09;;Betriebsstatus1;Streckenstation1998;SST_9_511120_Nbg;4;Fahrbahnteil1;UZ Freimann NSF;A9 Richtung Nürnberg;Richtungfalse
486;61575;Querschnitt6718;GMA_9_485215_Mch_HK;WUD_9_485215_Mch_HK;33;917814;48.553452493754;11.5896436570787;6718;485.215;;Betriebsstatus1;Streckenstation1924;SST_9_485215_Mch;3;Fahrbahnteil1;UZ Freimann NSF;A9 Richtung M.-Zentrum;Richtungtrue
487;59050;Querschnitt6708;BMS_9_511930_Nbg;BMS_9_511930_Nbg_UeSS;5;909114;48.32322599;11.61732195;6708;511.9;;Betriebsstatus1;Streckenstation1999;SST_9_511930_Nbg;6;Fahrbahnteil1;UZ Freimann NSF;A9 Richtung Nürnberg;Richtungfalse
488;55443;Querschnitt6705;MQ_9_511900_Nbg;DET_9_511900_Nbg_H5;5;909114;48.3232375975224;11.6171169219882;6705;511.9;;Betriebsstatus1;Streckenstation1999;SST_9_511930_Nbg;1;Fahrbahnteil1;UZ Freimann NSF;A9 Richtung Nürnberg;Richtungfalse
489;60794;Querschnitt6706;AQ_9_511900_Nbg;WZG_9_511900_Nbg_C4;76;909114;48.3233999079038;11.6170209695924;6706;511.9;;Betriebsstatus1;Streckenstation1999;SST_9_511930_Nbg;4;Fahrbahnteil1;UZ Freimann NSF;A9 Richtung Nürnberg;Richtungfalse
490;60080;Querschnitt6716;GMA_9_483145_Mch_HK;WUD_9_483145_Mch_HK;33;917712;48.5715588811576;11.5922547853649;6716;483.145;;Betriebsstatus1;Streckenstation1922;SST_9_483115_Mch;3;Fahrbahnteil1;UZ Freimann NSF;A9 Richtung M.-Zentrum;Richtungtrue
491;60956;Querschnitt6717;GMA_9_484325_Mch_HK;WUD_9_484325_Mch_HK;33;917769;48.561224190292;11.588949243145;6717;484.325;;Betriebsstatus1;Streckenstation1923;SST_9_484290_Mch;3;Fahrbahnteil1;UZ Freimann NSF;A9 Richtung M.-Zentrum;Richtungtrue
492;51112;Querschnitt6719;GMA_9_485750_Mch_HK;WUD_9_485750_Mch_HK;33;917843;48.548811366517;11.5926697919759;6719;485.75;;Betriebsstatus1;Streckenstation1925;SST_9_485800_Mch;3;Fahrbahnteil1;UZ Freimann NSF;A9 Richtung M.-Zentrum;Richtungtrue
493;53093;Querschnitt6720;GMA_9_486950_Mch_HK;WUD_9_486950_Mch_HK;33;917897;48.538262588667;11.5948359325575;6720;486.95;;Betriebsstatus1;Streckenstation1926;SST_9_486925_Mch;3;Fahrbahnteil1;UZ Freimann NSF;A9 Richtung M.-Zentrum;Richtungtrue
494;54408;Querschnitt6721;GMA_9_488800_Mch_HK;WUD_9_488800_Mch_HK;34;917987;48.5237911753082;11.5843204158463;6721;488.8;;Betriebsstatus1;Streckenstation1928;SST_9_488770_Mch;3;Fahrbahnteil1;UZ Freimann NSF;A9 Richtung M.-Zentrum;Richtungtrue
495;61256;Querschnitt6722;GMA_9_489350_Mch_HK;WUD_9_489350_Mch_HK;33;918013;48.518963103557;11.5825217919326;6722;489.35;;Betriebsstatus1;Streckenstation1929;SST_9_489300_Mch;3;Fahrbahnteil1;UZ Freimann NSF;A9 Richtung M.-Zentrum;Richtungtrue
496;62616;Querschnitt6723;GMA_9_489776_Mch_HK;WUD_9_489776_Mch_HK;33;918027;48.5150976599186;11.5826366438889;6723;489.776;;Betriebsstatus1;Streckenstation1930;SST_9_489580_Mch;3;Fahrbahnteil1;UZ Freimann NSF;A9 Richtung M.-Zentrum;Richtungtrue
497;52437;Querschnitt6724;GMA_9_490127_Mch_HK;WUD_9_490127_Mch_HK;33;918060;48.5119524163636;11.583418566814;6724;490.127;;Betriebsstatus1;Streckenstation1931;SST_9_490258_Mch;3;Fahrbahnteil1;UZ Freimann NSF;A9 Richtung M.-Zentrum;Richtungtrue
498;53852;Querschnitt6725;GMA_9_490336_Mch_HK;WUD_9_490336_Mch_HK;34;918060;48.5101793598767;11.5844228747777;6725;490.336;;Betriebsstatus1;Streckenstation1931;SST_9_490258_Mch;3;Fahrbahnteil1;UZ Freimann NSF;A9 Richtung M.-Zentrum;Richtungtrue
499;62149;Querschnitt6726;GMA_9_490845_Mch_HK;WUD_9_490845_Mch_HK;33;918088;48.5061002315965;11.5879220711394;6726;490.845;;Betriebsstatus1;Streckenstation1932;SST_9_490850_Mch;3;Fahrbahnteil1;UZ Freimann NSF;A9 Richtung M.-Zentrum;Richtungtrue
500;56967;Querschnitt6727;GMA_9_490864_Mch_HK;WUD_9_490864_Mch_HK;34;918088;48.505948101337;11.5878877713936;6727;490.864;;Betriebsstatus1;Streckenstation1932;SST_9_490850_Mch;3;Fahrbahnteil1;UZ Freimann NSF;A9 Richtung M.-Zentrum;Richtungtrue
501;63137;Querschnitt6729;GMA_9_493593_Mch_HK;WUD_9_493593_Mch_HK;33;918222;48.483416396324;11.5887506520609;6729;493.593;;Betriebsstatus1;Streckenstation1935;SST_9_493587_Mch;3;Fahrbahnteil1;UZ Freimann NSF;A9 Richtung M.-Zentrum;Richtungtrue
502;61772;Querschnitt6730;GMA_9_495035_Mch_HK;WUD_9_495035_Mch_HK;33;918292;48.4708169484835;11.585761961744;6730;495.035;;Betriebsstatus1;Streckenstation1936;SST_9_495030_Mch;3;Fahrbahnteil1;UZ Freimann NSF;A9 Richtung M.-Zentrum;Richtungtrue
503;60762;Querschnitt6731;GMA_9_495750_Mch_HK;WUD_9_495750_Mch_HK;33;918325;48.4646046686126;11.588243998552;6731;495.75;;Betriebsstatus1;Streckenstation1937;SST_9_495720_Mch;3;Fahrbahnteil1;UZ Freimann NSF;A9 Richtung M.-Zentrum;Richtungtrue
504;60919;Querschnitt6732;GMA_9_499865_Mch_HK;WUD_9_499865_Mch_HK;33;918529;48.4279287015385;11.589136142713;6732;499.865;;Betriebsstatus1;Streckenstation1943;SST_9_499900_Mch;3;Fahrbahnteil1;UZ Freimann NSF;A9 Richtung M.-Zentrum;Richtungtrue
505;59538;Querschnitt6733;GMA_9_500350_Mch_HK;WUD_9_500350_Mch_HK;34;918551;48.4235600828286;11.5892041975771;6733;500.35;;Betriebsstatus1;Streckenstation1944;SST_9_500359_Mch;3;Fahrbahnteil1;UZ Freimann NSF;A9 Richtung M.-Zentrum;Richtungtrue
506;60010;Querschnitt6735;GMA_9_503485_Mch_HK;WUD_9_503485_Mch_HK;33;918702;48.3957791652801;11.5931775796096;6735;503.485;;Betriebsstatus1;Streckenstation1949;SST_9_503455_Mch;3;Fahrbahnteil1;UZ Freimann NSF;A9 Richtung M.-Zentrum;Richtungtrue
507;57337;Querschnitt6736;GMA_9_505200_Mch_HK;WUD_9_505200_Mch_HK;33;918787;48.3807913739094;11.5965367762103;6736;505.2;;Betriebsstatus1;Streckenstation1952;SST_9_505200_Mch;3;Fahrbahnteil1;UZ Freimann NSF;A9 Richtung M.-Zentrum;Richtungtrue
508;55860;Querschnitt6737;GMA_9_505750_Mch_HK;WUD_9_505750_Mch_HK;34;918812;48.3758881455671;11.5959826553719;6737;505.75;;Betriebsstatus1;Streckenstation1953;SST_9_505720_Mch;3;Fahrbahnteil1;UZ Freimann NSF;A9 Richtung M.-Zentrum;Richtungtrue
509;54241;Querschnitt6738;GMA_9_506690_Mch_HK;WUD_9_506690_Mch_HK;34;918860;48.3674785537715;11.5950380042899;6738;506.69;;Betriebsstatus1;Streckenstation1954;SST_9_506705_Mch;3;Fahrbahnteil1;UZ Freimann NSF;A9 Richtung M.-Zentrum;Richtungtrue
510;57992;Querschnitt6739;GMA_9_508590_Mch_HK;WUD_9_508590_Mch_HK;35;918950;48.3509967895473;11.6008470994009;6739;508.59;;Betriebsstatus1;Streckenstation1956;SST_9_508547_Mch;3;Fahrbahnteil1;UZ Freimann NSF;A9 Richtung M.-Zentrum;Richtungtrue
511;56497;Querschnitt6740;GMA_9_510050_Mch_HK;WUD_9_510050_Mch_HK;39;919017;48.3387734533155;11.6080659957197;6740;510.05;;Betriebsstatus1;Streckenstation1957;SST_9_509940_Mch;3;Fahrbahnteil1;UZ Freimann NSF;A9 Richtung M.-Zentrum;Richtungtrue
512;54163;Querschnitt6741;GMA_9_510320_Mch_HK;WUD_9_510320_Mch_HK;33;919035;48.3364858583627;11.6093519881121;6741;510.32;;Betriebsstatus1;Streckenstation1958;SST_9_510300_Mch;3;Fahrbahnteil1;UZ Freimann NSF;A9 Richtung M.-Zentrum;Richtungtrue
513;57934;Querschnitt6742;GMA_9_510415_Mch_HK;WUD_9_510415_Mch_HK;35;919035;48.3356876992629;11.6098092499143;6742;510.415;;Betriebsstatus1;Streckenstation1958;SST_9_510300_Mch;3;Fahrbahnteil1;UZ Freimann NSF;A9 Richtung M.-Zentrum;Richtungtrue
514;54445;Querschnitt6743;GMA_9_511350_Mch_HK;WUD_9_511350_Mch_HK;34;919086;48.3276790700432;11.6143354124654;6743;511.35;;Betriebsstatus1;Streckenstation1960;SST_9_511358_Mch;3;Fahrbahnteil1;UZ Freimann NSF;A9 Richtung M.-Zentrum;Richtungtrue
515;53662;Querschnitt6744;GMA_9_480000_Nbg_HK;WUD_9_480000_Nbg_HK;1;907562;48.5914924376949;11.5675588343835;6744;480.0;;Betriebsstatus1;Streckenstation1963;SST_9_480033_Nbg;3;Fahrbahnteil1;UZ Freimann NSF;A9 Richtung Nürnberg;Richtungfalse
516;62322;Querschnitt6745;GMA_9_481250_Nbg_HK;WUD_9_481250_Nbg_HK;1;907623;48.5841951624193;11.579990860007;6745;481.25;;Betriebsstatus1;Streckenstation1964;SST_9_481280_Nbg;3;Fahrbahnteil1;UZ Freimann NSF;A9 Richtung Nürnberg;Richtungfalse
517;51533;Querschnitt6746;GMA_9_482565_Nbg_HK;WUD_9_482565_Nbg_HK;1;907685;48.576685203718;11.5928450424879;6746;482.565;;Betriebsstatus1;Streckenstation1965;SST_9_482565_Nbg;3;Fahrbahnteil1;UZ Freimann NSF;A9 Richtung Nürnberg;Richtungfalse
518;62197;Querschnitt6747;GMA_9_485020_Nbg_HK;WUD_9_485020_Nbg_HK;1;907806;48.5549830990916;11.5893784561802;6747;485.02;;Betriebsstatus1;Streckenstation1971;SST_9_485048_Nbg;3;Fahrbahnteil1;UZ Freimann NSF;A9 Richtung Nürnberg;Richtungfalse
519;51225;Querschnitt6748;GMA_9_485900_Nbg_HK;WUD_9_485900_Nbg_HK;1;907849;48.5476367512149;11.5937668673771;6748;485.9;;Betriebsstatus1;Streckenstation1972;SST_9_485930_Nbg;3;Fahrbahnteil1;UZ Freimann NSF;A9 Richtung Nürnberg;Richtungfalse
520;61626;Querschnitt6769;MQ_9_Pfaf_0330_NS;DET_9_Pfaf_0330_NS_A1;65;908091;48.5059814371795;11.5888375471717;6769;490.89;;Betriebsstatus1;Streckenstation1976;SST_9_490910_Nbg;1;Fahrbahnteil4;UZ Freimann NSF;A9 Richtung Nürnberg;Richtungfalse
521;58897;Querschnitt6749;GMA_9_490904_Nbg_HK;WUD_9_490904_Nbg_HK;1;908091;48.505994647049;11.5886517741509;6749;490.904;;Betriebsstatus1;Streckenstation1976;SST_9_490910_Nbg;3;Fahrbahnteil1;UZ Freimann NSF;A9 Richtung Nürnberg;Richtungfalse
522;50520;Querschnitt6750;GMA_9_491895_Nbg_HK;WUD_9_491895_Nbg_HK;1;908141;48.4977059778816;11.5947299610763;6750;491.895;;Betriebsstatus1;Streckenstation1979;SST_9_491925_Nbg;3;Fahrbahnteil1;UZ Freimann NSF;A9 Richtung Nürnberg;Richtungfalse
523;54755;Querschnitt6751;GMA_9_495893_Nbg_HK;WUD_9_495893_Nbg_HK;1;908334;48.4635246091291;11.5892443794698;6751;495.893;;Betriebsstatus1;Streckenstation1982;SST_9_495900_Nbg;3;Fahrbahnteil1;UZ Freimann NSF;A9 Richtung Nürnberg;Richtungfalse
524;56766;Querschnitt6752;GMA_9_496895_Nbg_HK;WUD_9_496895_Nbg_HK;1;908384;48.4545210446552;11.5910702171254;6752;496.895;;Betriebsstatus1;Streckenstation1983;SST_9_496928_Nbg;3;Fahrbahnteil1;UZ Freimann NSF;A9 Richtung Nürnberg;Richtungfalse
525;57053;Querschnitt6753;GMA_9_498180_Nbg_HK;WUD_9_498180_Nbg_HK;1;908447;48.4429628672218;11.5895497676539;6753;498.18;;Betriebsstatus1;Streckenstation1984;SST_9_498210_Nbg;3;Fahrbahnteil1;UZ Freimann NSF;A9 Richtung Nürnberg;Richtungfalse
526;52385;Querschnitt6754;GMA_9_499330_Nbg_HK;WUD_9_499330_Nbg_HK;1;908502;48.4327453733885;11.5896232752477;6754;499.33;;Betriebsstatus1;Streckenstation1985;SST_9_499360_Nbg;3;Fahrbahnteil1;UZ Freimann NSF;A9 Richtung Nürnberg;Richtungfalse
527;50611;Querschnitt6755;GMA_9_499925_Nbg_HK;WUD_9_499925_Nbg_HK;1;908530;48.4272938105705;11.5896938042207;6755;499.925;;Betriebsstatus1;Streckenstation1986;SST_9_499930_Nbg;3;Fahrbahnteil1;UZ Freimann NSF;A9 Richtung Nürnberg;Richtungfalse
528;54344;Querschnitt6756;GMA_9_502505_Nbg_HK;WUD_9_502505_Nbg_HK;1;908657;48.4041443133069;11.5900551437936;6756;502.505;;Betriebsstatus1;Streckenstation1990;SST_9_502530_Nbg;3;Fahrbahnteil1;UZ Freimann NSF;A9 Richtung Nürnberg;Richtungfalse
529;58241;Querschnitt6757;GMA_9_503930_Nbg_HK;WUD_9_503930_Nbg_HK;1;908726;48.3921903700324;11.5962232496124;6757;503.93;;Betriebsstatus1;Streckenstation1991;SST_9_503950_Nbg;3;Fahrbahnteil1;UZ Freimann NSF;A9 Richtung Nürnberg;Richtungfalse
530;56121;Querschnitt6758;GMA_9_504515_Nbg_HK;WUD_9_504515_Nbg_HK;1;908755;48.3869651010692;11.5976095047657;6758;504.515;;Betriebsstatus1;Streckenstation1992;SST_9_504552_Nbg;3;Fahrbahnteil1;UZ Freimann NSF;A9 Richtung Nürnberg;Richtungfalse
531;59656;Querschnitt6759;GMA_9_506950_Nbg_HK;WUD_9_506950_Nbg_HK;1;908873;48.3651274674749;11.5953445632827;6759;506.95;;Betriebsstatus1;Streckenstation1994;SST_9_506980_Nbg;3;Fahrbahnteil1;UZ Freimann NSF;A9 Richtung Nürnberg;Richtungfalse
532;53818;Querschnitt6760;GMA_9_508400_Nbg_HK;WUD_9_508400_Nbg_HK;1;908944;48.3527024496575;11.6004346967898;6760;508.4;;Betriebsstatus1;Streckenstation1995;SST_9_508430_Nbg;3;Fahrbahnteil1;UZ Freimann NSF;A9 Richtung Nürnberg;Richtungfalse
533;55315;Querschnitt6761;GMA_9_509515_Nbg_HK;WUD_9_509515_Nbg_HK;1;908999;48.3432497545918;11.6060640538648;6761;509.515;;Betriebsstatus1;Streckenstation1996;SST_9_509555_Nbg;3;Fahrbahnteil1;UZ Freimann NSF;A9 Richtung Nürnberg;Richtungfalse
534;54951;Querschnitt6762;GMA_9_510505_Nbg_HK;WUD_9_510505_Nbg_HK;1;909048;48.3349514001654;11.6108567790347;6762;510.505;;Betriebsstatus1;Streckenstation1997;SST_9_510580_Nbg;3;Fahrbahnteil1;UZ Freimann NSF;A9 Richtung Nürnberg;Richtungfalse
535;58397;Querschnitt6763;GMA_9_511090_Nbg_HK;WUD_9_511090_Nbg_HK;1;909075;48.3301632774629;11.6135603534272;6763;511.09;;Betriebsstatus1;Streckenstation1998;SST_9_511120_Nbg;3;Fahrbahnteil1;UZ Freimann NSF;A9 Richtung Nürnberg;Richtungfalse
536;56400;Querschnitt6764;GMA_9_511900_Nbg_HK;WUD_9_511900_Nbg_HK;1;909114;48.3234215910244;11.6171844869293;6764;511.9;;Betriebsstatus1;Streckenstation1999;SST_9_511930_Nbg;3;Fahrbahnteil1;UZ Freimann NSF;A9 Richtung Nürnberg;Richtungfalse
537;56448;Querschnitt6425;GMA_9_506705_Nbg;WUD_9_506705_Mch_TT3;24;918860;48.3673440189519;11.595022996866;6425;506.705;80000730;Betriebsstatus1;Streckenstation1954;SST_9_506705_Mch;3;Fahrbahnteil1;UZ Freimann NSF;A9 Richtung M.-Zentrum;Richtungtrue
538;54597;Querschnitt6765;WWQ_9_482975_Nbg;WZG_9_482975_Nbg_W3;227;907707;48.57297689;11.59271909;6765;482.975;;Betriebsstatus1;Streckenstation1966;SST_9_483005_Nbg;4;Fahrbahnteil1;UZ Freimann NSF;A9 Richtung Nürnberg;Richtungfalse
539;56117;Querschnitt6766;GMA_9_483215_Mch;WUD_9_483215_Mch_GT;54;907718;48.570929678791;11.5922320200233;6766;483.215;;Betriebsstatus1;Streckenstation1967;SST_9_483230_Nbg;3;Fahrbahnteil1;UZ Freimann NSF;A9 Richtung Nürnberg;Richtungfalse
540;59996;Querschnitt6768;MQ_9_Pfaf_0290_AE;DET_9_Pfaf_0290_AE_A1;97;918088;48.5061442123491;11.5876719536431;6768;490.85;;Betriebsstatus1;Streckenstation1932;SST_9_490850_Mch;1;Fahrbahnteil4;UZ Freimann NSF;A9 Richtung M.-Zentrum;Richtungtrue
541;56041;Querschnitt6770;MQ_9_Allh_0420_NS;DET_9_Allh_0420_NS_A1;65;908530;48.4274493398689;11.5900525749831;6770;499.87;;Betriebsstatus1;Streckenstation1986;SST_9_499930_Nbg;1;Fahrbahnteil4;UZ Freimann NSF;A9 Richtung Nürnberg;Richtungfalse
542;54641;Querschnitt6825;BMS_94_111099_Pas;SST_94_111099_Pas_T224;4;9408554;48.24949511;12.37837878;6825;111.099;;Betriebsstatus1;Streckenstation2000;SST_94_111099_Pas;6;Fahrbahnteil1;UZ Wimpasing;A94a Richtung Passau;Richtungfalse
543;56827;Querschnitt6829;GMA_AQ_94_110384_Pas;UQ_AQ_94_110384_Pas_T61;1;9408538;48.25054481;12.3877745;6829;110.384;;Betriebsstatus1;Streckenstation2001;SST_94_110414_Pas;3;Fahrbahnteil1;UZ Wimpasing;A94a Richtung Passau;Richtungfalse
544;52123;Querschnitt6834;GMA_AQ_94_110284_Pas;UQ_AQ_94_110284_Pas_T61;1;9408535;48.25053562;12.38911747;6834;110.284;;Betriebsstatus1;Streckenstation2002;SST_94_110284_Pas;3;Fahrbahnteil1;UZ Wimpasing;A94a Richtung Passau;Richtungfalse
545;52174;Querschnitt6838;GMA_AQ_94_110189_Pas;UQ_AQ_94_110189_Pas_T61;1;9408534;48.25051264;12.39040222;6838;110.189;;Betriebsstatus1;Streckenstation2003;SST_94_110219_Pas;3;Fahrbahnteil1;UZ Wimpasing;A94a Richtung Passau;Richtungfalse
546;57713;Querschnitt6840;BMS_94_110119_Pas;SST_94_110084_Pas_T129;5;9408531;48.25047499;12.39128302;6840;110.119;;Betriebsstatus1;Streckenstation2004;SST_94_110119_Pas;6;Fahrbahnteil1;UZ Wimpasing;A94a Richtung Passau;Richtungfalse
547;60670;Querschnitt6843;GMA_AQ_94_110089_Pas;UQ_AQ_94_110089_Pas_T61;1;9408531;48.2504632;12.39169924;6843;110.089;;Betriebsstatus1;Streckenstation2004;SST_94_110119_Pas;3;Fahrbahnteil1;UZ Wimpasing;A94a Richtung Passau;Richtungfalse
548;63076;Querschnitt6856;BMS_94_108319_Mch;SST_94_108319_Mch_T224;36;9418490;48.24650122;12.41450677;6856;108.319;;Betriebsstatus1;Streckenstation2007;SST_94_108319_Mch;6;Fahrbahnteil1;UZ Wimpasing;A94a Richtung München-Riem;Richtungtrue
549;51069;Querschnitt6861;GMA_AQ_94_108794_Mch;UQ_AQ_94_108794_Mch_T61;40;9418500;48.24721065;12.40832398;6861;108.794;;Betriebsstatus1;Streckenstation2009;SST_94_108764_Mch;3;Fahrbahnteil1;UZ Wimpasing;A94a Richtung München-Riem;Richtungtrue
550;59378;Querschnitt574;MQMQ02-Pas;DETMQ02-Pas-H2;3;9406023;48.1389032359884;11.6408330617051;574;1.0;;Betriebsstatus1;Streckenstation224;SSTMQ02;1;Fahrbahnteil1;UZ Riem;A94 Richtung Passau;Richtungfalse
551;51993;Querschnitt6866;GMA_AQ_94_108895_Mch;UQ_AQ_94_108895_Mch_T61;33;9418503;48.24752783;12.40723301;6866;108.895;;Betriebsstatus1;Streckenstation2010;SST_94_108865_Mch;3;Fahrbahnteil1;UZ Wimpasing;A94a Richtung München-Riem;Richtungtrue
552;55784;Querschnitt6870;GMA_AQ_94_108999_Mch;UQ_AQ_94_108999_Mch_T61;33;9418505;48.24791465;12.4057824;6870;108.999;;Betriebsstatus1;Streckenstation2011;SST_94_108969_Mch;3;Fahrbahnteil1;UZ Wimpasing;A94a Richtung München-Riem;Richtungtrue
553;62485;Querschnitt6872;BMS_94_109164_Mch;SST_94_109214_Mch_T129;37;9418510;48.24860155;12.40377503;6872;109.164;;Betriebsstatus1;Streckenstation2012;SST_94_109164_Mch;6;Fahrbahnteil1;UZ Wimpasing;A94a Richtung München-Riem;Richtungtrue
554;57162;Querschnitt6873;GMA_AQ_94_109194_Mch;UQ_AQ_94_109194_Mch_T61;33;9418510;48.2486735;12.40337795;6873;109.194;;Betriebsstatus1;Streckenstation2012;SST_94_109164_Mch;3;Fahrbahnteil1;UZ Wimpasing;A94a Richtung München-Riem;Richtungtrue
555;55728;Querschnitt6826;MQ_94_111069_Pas;MQ_94_111069_Pas_D2;2;9408554;48.24965792;12.3787155;6826;111.069;;Betriebsstatus1;Streckenstation2000;SST_94_111099_Pas;1;Fahrbahnteil1;UZ Wimpasing;A94a Richtung Passau;Richtungfalse
556;57868;Querschnitt6828;MQ_94_110384_Pas;MQ_94_110384_Pas_D2;2;9408538;48.25060945;12.38767868;6828;110.384;77409001;Betriebsstatus1;Streckenstation2001;SST_94_110414_Pas;1;Fahrbahnteil1;UZ Wimpasing;A94a Richtung Passau;Richtungfalse
557;52395;Querschnitt6830;AQ_94_110384_Pas;AQ_94_110384_Pas_Bl1;89;9408538;48.25060913;12.38777498;6830;110.384;;Betriebsstatus1;Streckenstation2001;SST_94_110414_Pas;4;Fahrbahnteil1;UZ Wimpasing;A94a Richtung Passau;Richtungfalse
558;55353;Querschnitt6831;MQ_94_110389_Mch;MQ_94_110389_Mch_D2;34;9408538;48.25071938;12.38768883;6831;110.389;77409001;Betriebsstatus1;Streckenstation2001;SST_94_110414_Pas;1;Fahrbahnteil1;UZ Wimpasing;A94a Richtung München-Riem;Richtungtrue
559;57933;Querschnitt6833;MQ_94_110284_Pas;MQ_94_110284_Pas_D2;2;9408535;48.25062304;12.38903737;6833;110.284;;Betriebsstatus1;Streckenstation2002;SST_94_110284_Pas;1;Fahrbahnteil1;UZ Wimpasing;A94a Richtung Passau;Richtungfalse
560;56251;Querschnitt6835;AQ_94_110284_Pas;AQ_94_110284_Pas_Bl1;89;9408535;48.25062484;12.38911815;6835;110.284;;Betriebsstatus1;Streckenstation2002;SST_94_110284_Pas;4;Fahrbahnteil1;UZ Wimpasing;A94a Richtung Passau;Richtungfalse
561;61688;Querschnitt6837;MQ_94_110189_Pas;MQ_94_110189_Pas_D2;2;9408534;48.25058974;12.3903065;6837;110.189;;Betriebsstatus1;Streckenstation2003;SST_94_110219_Pas;1;Fahrbahnteil1;UZ Wimpasing;A94a Richtung Passau;Richtungfalse
562;63217;Querschnitt6839;AQ_94_110189_Pas;AQ_94_110189_Pas_Bl1;89;9408534;48.25058942;12.39039969;6839;110.189;;Betriebsstatus1;Streckenstation2003;SST_94_110219_Pas;4;Fahrbahnteil1;UZ Wimpasing;A94a Richtung Passau;Richtungfalse
563;53245;Querschnitt6842;HS _94_110084_Pas;HS_94_110084_Pas_HS1;130;9408531;48.25045035;12.39181408;6842;110.084;;Betriebsstatus1;Streckenstation2004;SST_94_110119_Pas;4;Fahrbahnteil1;UZ Wimpasing;A94a Richtung Passau;Richtungfalse
564;59988;Querschnitt6844;AQ_94_110089_Pas;AQ_94_110089_Pas_TEXT1;65;9408531;48.25054412;12.39169985;6844;110.089;;Betriebsstatus1;Streckenstation2004;SST_94_110119_Pas;4;Fahrbahnteil1;UZ Wimpasing;A94a Richtung Passau;Richtungfalse
565;62988;Querschnitt6845;MQ_94_110094_Mch;MQ_94_110094_Mch_D2;34;9408531;48.25066073;12.39157647;6845;110.094;;Betriebsstatus1;Streckenstation2004;SST_94_110119_Pas;1;Fahrbahnteil1;UZ Wimpasing;A94a Richtung München-Riem;Richtungtrue
566;53591;Querschnitt6847;MQ_94_109645_Pas;MQ_94_109645_Pas_D2;2;9408528;48.24987941;12.39752026;6847;109.645;;Betriebsstatus1;Streckenstation2005;SST_94_109984_Pas;1;Fahrbahnteil1;UZ Wimpasing;A94a Richtung Passau;Richtungfalse
567;56984;Querschnitt6850;LSA_94_109984_Pas;LSA_94_109984_Pas_LSA2;2;9408528;48.2504700260907;12.3931514574848;6850;109.984;;Betriebsstatus1;Streckenstation2005;SST_94_109984_Pas;4;Fahrbahnteil1;UZ Wimpasing;A94a Richtung Passau;Richtungfalse
568;58540;Querschnitt6852;MQ_94_109641_Mch;MQ_94_109641_Mch_D2;34;9408512;48.24996164;12.39773836;6852;109.641;;Betriebsstatus1;Streckenstation2006;SST_94_109269_Pas;1;Fahrbahnteil1;UZ Wimpasing;A94a Richtung München-Riem;Richtungtrue
569;62966;Querschnitt6853;LSA_94_109304_Mch;LSA_94_109304_Mch_LSA2;34;9408512;48.2490027172488;12.4020199098323;6853;109.304;;Betriebsstatus1;Streckenstation2006;SST_94_109269_Pas;4;Fahrbahnteil1;UZ Wimpasing;A94a Richtung München-Riem;Richtungtrue
570;61442;Querschnitt6857;MQ_94_108329_Mch;MQ_94_108329_Mch_D2;34;9418490;48.24639787;12.41439721;6857;108.329;;Betriebsstatus1;Streckenstation2007;SST_94_108319_Mch;1;Fahrbahnteil1;UZ Wimpasing;A94a Richtung München-Riem;Richtungtrue
571;52776;Querschnitt6859;MQ_94_108794_Mch;MQ_94_108794_Mch_D2;34;9418500;48.24713372;12.40836997;6859;108.794;;Betriebsstatus1;Streckenstation2009;SST_94_108764_Mch;1;Fahrbahnteil1;UZ Wimpasing;A94a Richtung München-Riem;Richtungtrue
572;57578;Querschnitt6860;GMA_94_108754_Mch;UQ_94_108754_Mch_T69;56;9418500;48.24712581;12.4088421;6860;108.754;99000005;Betriebsstatus1;Streckenstation2009;SST_94_108764_Mch;3;Fahrbahnteil1;UZ Wimpasing;A94a Richtung München-Riem;Richtungtrue
573;59055;Querschnitt6862;AQ_94_108794_Mch;AQ_94_108794_Mch_Bl1;121;9418500;48.24714644;12.40829241;6862;108.794;;Betriebsstatus1;Streckenstation2009;SST_94_108764_Mch;4;Fahrbahnteil1;UZ Wimpasing;A94a Richtung München-Riem;Richtungtrue
574;51882;Querschnitt6863;MQ_94_108860_Pas;MQ_94_108860_Pas_D3;65;9418500;48.24654736;12.41080743;6863;108.86;;Betriebsstatus1;Streckenstation2009;SST_94_108764_Mch;1;Fahrbahnteil1;UZ Wimpasing;A94a Richtung Passau;Richtungfalse
575;54264;Querschnitt6865;MQ_94_108895_Mch;MQ_94_108895_Mch_D2;34;9418503;48.24748877;12.40713329;6865;108.895;;Betriebsstatus1;Streckenstation2010;SST_94_108865_Mch;1;Fahrbahnteil1;UZ Wimpasing;A94a Richtung München-Riem;Richtungtrue
576;55386;Querschnitt6867;AQ_94_108895_Mch;AQ_94_108895_Mch_Bl1;121;9418503;48.24750566;12.40704955;6867;108.895;;Betriebsstatus1;Streckenstation2010;SST_94_108865_Mch;4;Fahrbahnteil1;UZ Wimpasing;A94a Richtung München-Riem;Richtungtrue
577;58648;Querschnitt6869;MQ_94_108999_Mch;MQ_94_108999_Mch_D2;34;9418505;48.24785638;12.40583165;6869;108.999;;Betriebsstatus1;Streckenstation2011;SST_94_108969_Mch;1;Fahrbahnteil1;UZ Wimpasing;A94a Richtung München-Riem;Richtungtrue
578;61592;Querschnitt6871;AQ_94_108999_Mch;AQ_94_108999_Mch_Bl1;121;9418505;48.24787328;12.4057448;6871;108.999;;Betriebsstatus1;Streckenstation2011;SST_94_108969_Mch;4;Fahrbahnteil1;UZ Wimpasing;A94a Richtung München-Riem;Richtungtrue
579;62461;Querschnitt6874;AQ_94_109194_Mch;AQ_94_109194_Mch_TEXT1;97;9418510;48.24862801;12.40333099;6874;109.194;;Betriebsstatus1;Streckenstation2012;SST_94_109164_Mch;4;Fahrbahnteil1;UZ Wimpasing;A94a Richtung München-Riem;Richtungtrue
580;50808;Querschnitt6875;HS_94_109199_Mch;HS_94_109199_Mch_HS1;161;9418510;48.2487151831387;12.4033815198452;6875;109.199;;Betriebsstatus1;Streckenstation2012;SST_94_109164_Mch;4;Fahrbahnteil1;UZ Wimpasing;A94a Richtung München-Riem;Richtungtrue
581;58746;Querschnitt6876;HS_94_109214_Mch;HS_94_109214_Mch_HS1;162;9418510;48.2486559017376;12.4031264928874;6876;109.214;;Betriebsstatus1;Streckenstation2012;SST_94_109164_Mch;4;Fahrbahnteil1;UZ Wimpasing;A94a Richtung München-Riem;Richtungtrue
582;61685;Querschnitt6877;MQ_94_109189_Pas;MQ_94_109189_Pas_D2;2;9418510;48.24851396;12.40331145;6877;109.189;;Betriebsstatus1;Streckenstation2012;SST_94_109164_Mch;1;Fahrbahnteil1;UZ Wimpasing;A94a Richtung Passau;Richtungfalse
583;56749;Querschnitt6827;BMS_94_110414_Pas;SST_94_110414_Pas_T128;3;9408538;48.25047774;12.3873608;6827;110.414;;Betriebsstatus1;Streckenstation2001;SST_94_110414_Pas;6;Fahrbahnteil1;UZ Wimpasing;A94a Richtung Passau;Richtungfalse
584;54862;Querschnitt6832;BMS_94_110284_Pas;SST_94_110284_Pas_T128;3;9408535;48.25050059;12.38904576;6832;110.284;;Betriebsstatus1;Streckenstation2002;SST_94_110284_Pas;6;Fahrbahnteil1;UZ Wimpasing;A94a Richtung Passau;Richtungfalse
585;58566;Querschnitt6855;AQ_94_109641_Mch;AQ_94_109641_Mch_D2;168;9408512;48.24996616;12.39763277;6855;109.641;;Betriebsstatus1;Streckenstation2006;SST_94_109269_Pas;4;Fahrbahnteil1;UZ Wimpasing;A94a Richtung München-Riem;Richtungtrue
586;52353;Querschnitt6836;BMS_94_110219_Pas;SST_94_110219_Pas_T128;3;9408534;48.25052464;12.38992386;6836;110.219;;Betriebsstatus1;Streckenstation2003;SST_94_110219_Pas;6;Fahrbahnteil1;UZ Wimpasing;A94a Richtung Passau;Richtungfalse
587;58767;Querschnitt6846;BMS_94_109984_Pas;SST_94_109984_Pas_T128;3;9408528;48.25029794;12.39269834;6846;109.984;;Betriebsstatus1;Streckenstation2005;SST_94_109984_Pas;6;Fahrbahnteil1;UZ Wimpasing;A94a Richtung Passau;Richtungfalse
588;51964;Querschnitt6848;AQ_94_109645_Pas;AQ_94_109645_Pas_D2;130;9408528;48.2498625;12.39760711;6848;109.645;;Betriebsstatus1;Streckenstation2005;SST_94_109984_Pas;4;Fahrbahnteil1;UZ Wimpasing;A94a Richtung Passau;Richtungfalse
589;61768;Querschnitt6849;AQ_94_109969_Pas;AQ_94_109969_Pas_D2;136;9408528;48.25041194;12.39333919;6849;109.969;;Betriebsstatus1;Streckenstation2005;SST_94_109984_Pas;4;Fahrbahnteil1;UZ Wimpasing;A94a Richtung Passau;Richtungfalse
590;60238;Querschnitt6851;BMS_94_109269_Pas;SST_94_109269_Pas_T128;3;9408512;48.24866495;12.40226261;6851;109.269;;Betriebsstatus1;Streckenstation2006;SST_94_109269_Pas;6;Fahrbahnteil1;UZ Wimpasing;A94a Richtung Passau;Richtungfalse
591;61629;Querschnitt6854;AQ_94_109324_Mch;AQ_94_109324_Mch_D2;162;9408512;48.24905886;12.40176242;6854;109.324;;Betriebsstatus1;Streckenstation2006;SST_94_109269_Pas;4;Fahrbahnteil1;UZ Wimpasing;A94a Richtung München-Riem;Richtungtrue
592;57613;Querschnitt6858;BMS_94_108764_Mch;SST_94_108764_Mch_T128;35;9418500;48.24714695;12.40873354;6858;108.764;;Betriebsstatus1;Streckenstation2009;SST_94_108764_Mch;6;Fahrbahnteil1;UZ Wimpasing;A94a Richtung München-Riem;Richtungtrue
593;52157;Querschnitt6864;BMS_94_108865_Mch;SST_94_108865_Mch_T128;35;9418503;48.24746879;12.40749969;6864;108.865;;Betriebsstatus1;Streckenstation2010;SST_94_108865_Mch;6;Fahrbahnteil1;UZ Wimpasing;A94a Richtung München-Riem;Richtungtrue
594;61845;Querschnitt6868;BMS_94_108969_Mch;SST_94_108969_Mch_T128;35;9418505;48.24783852;12.40618565;6868;108.969;;Betriebsstatus1;Streckenstation2011;SST_94_108969_Mch;6;Fahrbahnteil1;UZ Wimpasing;A94a Richtung München-Riem;Richtungtrue
595;52117;Querschnitt6879;MQ_94_Ampf_0005_EM;MQ_94_Ampf_0005_EM_D1;161;9418495;48.24743638;12.41295175;6879;108.551;;Betriebsstatus1;Streckenstation2008;SST_94_Ampf_0005_EM;1;Fahrbahnteil3;UZ Wimpasing;A94a Richtung München-Riem;Richtungtrue
596;55213;Querschnitt6878;BMS_94_Ampf_0005_EM;SST_94_Ampf_0173_EM_T129;37;9418495;48.24631415;12.41161636;6878;108.551;;Betriebsstatus1;Streckenstation2008;SST_94_Ampf_0005_EM;6;Fahrbahnteil3;UZ Wimpasing;A94a Richtung München-Riem;Richtungtrue
597;59452;Querschnitt6880;HS_94_Ampf_0173_EM;HS_94_Ampf_0173_EM_HS1;161;9418495;48.2474208413738;12.4128130094149;6880;108.551;;Betriebsstatus1;Streckenstation2008;SST_94_Ampf_0005_EM;4;Fahrbahnteil3;UZ Wimpasing;A94a Richtung München-Riem;Richtungtrue
598;58902;Querschnitt6882;GMA_AQ_94_Ampf_0166_EM;UQ_AQ_94_Ampf_0166_EM_T61;33;9418495;48.24651445;12.4114066;6882;108.551;;Betriebsstatus1;Streckenstation2008;SST_94_Ampf_0005_EM;3;Fahrbahnteil3;UZ Wimpasing;A94a Richtung München-Riem;Richtungtrue
599;50965;Querschnitt6881;AQ_94_Ampf_0166_EM;AQ_94_Ampf_0166_EM_TEXT1;97;9418495;48.24667812;12.41378439;6881;108.551;;Betriebsstatus1;Streckenstation2008;SST_94_Ampf_0005_EM;4;Fahrbahnteil3;UZ Wimpasing;A94a Richtung München-Riem;Richtungtrue
600;53075;Querschnitt343;MQQ207_Mch_H;DETQ207_Mch_H2;34;818910;47.8281731691705;12.54221431691;343;91.65;;Betriebsstatus1;Streckenstation118;SSTQ207;1;Fahrbahnteil1;UZ Siegsdorf;A8-Ost Richtung M.-Zentrum;Richtungtrue
601;57643;Querschnitt329;MQQ201_Mch_A;DETQ201_Mch_A1;97;818776;47.8383862375252;12.4883500857518;329;87.435;;Betriebsstatus1;Streckenstation115;SSTQ201;1;Fahrbahnteil4;UZ Siegsdorf;A8-Ost Richtung M.-Zentrum;Richtungtrue
602;57621;Querschnitt137;GMA_HK_Q213_Sbg;WUD_HK_Q213_Sbg;93;809007;47.8282600127256;12.5829309053684;137;94.745;;Betriebsstatus1;Streckenstation57;SSTQ213;3;Fahrbahnteil1;UZ Siegsdorf;A8-Ost Richtung Salzburg;Richtungfalse
603;59353;Querschnitt140;GMA_HK_Q217_Sbg;WUD_HK_Q217_Sbg;93;809029;47.8279269116635;12.5920250791124;140;95.43;;Betriebsstatus1;Streckenstation58;SSTQ217;3;Fahrbahnteil1;UZ Siegsdorf;A8-Ost Richtung Salzburg;Richtungfalse
604;53644;Querschnitt143;GMAQ220_Sbg;WUD_HK_Q220_Sbg;93;809045;47.8275818501807;12.5986748658208;143;95.92;;Betriebsstatus1;Streckenstation59;SSTQ220;3;Fahrbahnteil1;UZ Siegsdorf;A8-Ost Richtung Salzburg;Richtungfalse
605;60494;Querschnitt330;MQQ201_Mch_E;DETQ201_Mch_E1;161;818776;47.8384608022528;12.4879185134271;330;87.435;;Betriebsstatus1;Streckenstation115;SSTQ201;1;Fahrbahnteil3;UZ Siegsdorf;A8-Ost Richtung M.-Zentrum;Richtungtrue
606;54009;Querschnitt145;GMAQ223_Sbg;WUD_TT3_Q223_Sbg;23;809078;47.8285024188854;12.6122346428684;145;96.95;80000886;Betriebsstatus1;Streckenstation60;SSTQ223;3;Fahrbahnteil1;UZ Siegsdorf;A8-Ost Richtung Salzburg;Richtungfalse
607;51265;Querschnitt151;GMAQ229_Sbg;WUD_HK_Q229_Sbg;93;809140;47.8288103693373;12.6384699188252;151;98.95;;Betriebsstatus1;Streckenstation62;SSTQ229;3;Fahrbahnteil1;UZ Siegsdorf;A8-Ost Richtung Salzburg;Richtungfalse
608;58222;Querschnitt157;GMAQ233_Sbg;WUD_HK_Q233_Sbg;93;809165;47.8267235217079;12.6477607254191;157;99.7;;Betriebsstatus1;Streckenstation63;SSTQ233;3;Fahrbahnteil1;UZ Siegsdorf;A8-Ost Richtung Salzburg;Richtungfalse
609;50877;Querschnitt159;GMAQ235_Sbg;WUD_HK_Q235_Sbg;93;809202;47.8252620655326;12.6632072996468;159;100.875;;Betriebsstatus1;Streckenstation64;SSTQ235;3;Fahrbahnteil1;UZ Siegsdorf;A8-Ost Richtung Salzburg;Richtungfalse
610;51094;Querschnitt331;MQQ201_Mch_H;DETQ201_Mch_H2;34;818776;47.8382776655679;12.488077991049;331;87.435;;Betriebsstatus1;Streckenstation115;SSTQ201;1;Fahrbahnteil1;UZ Siegsdorf;A8-Ost Richtung M.-Zentrum;Richtungtrue
611;60443;Querschnitt168;NMGQ237_Sbg;WUD_SW_Q237_Sbg;1;809253;47.8258560358223;12.6839547705349;168;102.475;;Betriebsstatus1;Streckenstation65;SSTQ237;3;Fahrbahnteil1;UZ Siegsdorf;A8-Ost Richtung Salzburg;Richtungfalse
612;61848;Querschnitt332;MQQ201_Sbg_A;DETQ201_Sbg_A1;65;818776;47.837925946688;12.4884333323033;332;87.435;;Betriebsstatus1;Streckenstation115;SSTQ201;1;Fahrbahnteil4;UZ Siegsdorf;A8-Ost Richtung Salzburg;Richtungfalse
613;61471;Querschnitt169;GMAQ238_Sbg;WUD_TT3_Q238_Sbg;23;809278;47.8280869861541;12.6937785083034;169;103.26;80000891;Betriebsstatus1;Streckenstation66;SSTQ238;3;Fahrbahnteil1;UZ Siegsdorf;A8-Ost Richtung Salzburg;Richtungfalse
614;51020;Querschnitt333;MQQ201_Sbg_E;DETQ201_Sbg_E1;129;818776;47.8378498648918;12.4888604119166;333;87.435;;Betriebsstatus1;Streckenstation115;SSTQ201;1;Fahrbahnteil3;UZ Siegsdorf;A8-Ost Richtung Salzburg;Richtungfalse
615;58208;Querschnitt174;GMAQ239_Sbg;WUD_HK_Q239_Sbg;93;809301;47.8289814848845;12.7038596646779;174;104.025;;Betriebsstatus1;Streckenstation67;SSTQ239;3;Fahrbahnteil1;UZ Siegsdorf;A8-Ost Richtung Salzburg;Richtungfalse
616;54271;Querschnitt175;NMGQ241_Sbg;WUD_SW_Q241_Sbg;1;809316;47.8291324663879;12.709465874668;175;104.445;;Betriebsstatus1;Streckenstation68;SSTQ241;3;Fahrbahnteil1;UZ Siegsdorf;A8-Ost Richtung Salzburg;Richtungfalse
617;56158;Querschnitt176;NMGQ243_Sbg;WUD_SW_Q243_Sbg;1;809365;47.8301382031511;12.7301593776845;176;106.005;;Betriebsstatus1;Streckenstation69;SSTQ243;3;Fahrbahnteil1;UZ Siegsdorf;A8-Ost Richtung Salzburg;Richtungfalse
618;57987;Querschnitt181;GMAQ245_Sbg;WUD_HK_Q245_Sbg;93;809373;47.8306976677153;12.7336108089136;181;106.27;;Betriebsstatus1;Streckenstation70;SSTQ245;3;Fahrbahnteil1;UZ Siegsdorf;A8-Ost Richtung Salzburg;Richtungfalse
619;55093;Querschnitt186;GMAQ247_Sbg;WUD_HK_Q247_Sbg;93;809388;47.8309523464107;12.7396050889731;186;106.74;;Betriebsstatus1;Streckenstation71;SSTQ247;3;Fahrbahnteil1;UZ Siegsdorf;A8-Ost Richtung Salzburg;Richtungfalse
620;60620;Querschnitt334;MQQ201_Sbg_H;DETQ201_Sbg_H2;2;818776;47.8380404268836;12.4887131527887;334;87.435;;Betriebsstatus1;Streckenstation115;SSTQ201;1;Fahrbahnteil1;UZ Siegsdorf;A8-Ost Richtung Salzburg;Richtungfalse
621;50720;Querschnitt192;GMAQ249_Sbg;WUD_HK_Q249_Sbg;93;809415;47.8278111902701;12.7499422249051;192;107.6;80000895;Betriebsstatus1;Streckenstation72;SSTQ249;3;Fahrbahnteil1;UZ Siegsdorf;A8-Ost Richtung Salzburg;Richtungfalse
622;53335;Querschnitt197;NMGQ253_Sbg;WUD_SW_Q253_Sbg;1;809477;47.8267247647259;12.7754001963042;197;109.545;;Betriebsstatus1;Streckenstation73;SSTQ253;3;Fahrbahnteil1;UZ Siegsdorf;A8-Ost Richtung Salzburg;Richtungfalse
623;61675;Querschnitt336;MQQ203_Mch_H;DETQ203_Mch_H2;34;818837;47.831428761657;12.5160897475294;336;89.66;;Betriebsstatus1;Streckenstation116;SSTQ203;1;Fahrbahnteil1;UZ Siegsdorf;A8-Ost Richtung M.-Zentrum;Richtungtrue
624;62408;Querschnitt198;GMAQ255_Sbg;WUD_HK_Q255_Sbg;93;809517;47.8283131536958;12.7920253844361;198;110.825;;Betriebsstatus1;Streckenstation74;SSTQ255;3;Fahrbahnteil1;UZ Siegsdorf;A8-Ost Richtung Salzburg;Richtungfalse
625;62350;Querschnitt362;MQQ225_Mch_H;DETQ225_Mch_H2;34;819117;47.8290941436582;12.6293480413693;362;98.15;;Betriebsstatus1;Streckenstation124;SSTQ225;1;Fahrbahnteil1;UZ Siegsdorf;A8-Ost Richtung M.-Zentrum;Richtungtrue
626;62631;Querschnitt339;MQQ205_Mch_A;DETQ205_Mch_A1;97;818862;47.8304519686895;12.5229087451211;339;90.16;;Betriebsstatus1;Streckenstation117;SSTQ205;1;Fahrbahnteil4;UZ Siegsdorf;A8-Ost Richtung M.-Zentrum;Richtungtrue
627;60368;Querschnitt203;GMAQ256_Sbg;WUD_TT3_Q256_Sbg;23;809523;47.8286799155192;12.794028619104;203;110.97;80000898;Betriebsstatus1;Streckenstation75;SSTQ256;3;Fahrbahnteil1;UZ Siegsdorf;A8-Ost Richtung Salzburg;Richtungfalse
628;51109;Querschnitt340;MQQ205_Mch_E;DETQ205_Mch_E1;161;818862;47.8305653793764;12.5221972589178;340;90.16;;Betriebsstatus1;Streckenstation117;SSTQ205;1;Fahrbahnteil3;UZ Siegsdorf;A8-Ost Richtung M.-Zentrum;Richtungtrue
629;58266;Querschnitt208;NMGQ257_Sbg;WUD_SW_Q257_Sbg;1;809581;47.8267191365705;12.8176118915972;208;112.805;;Betriebsstatus1;Streckenstation76;SSTQ257;3;Fahrbahnteil1;UZ Siegsdorf;A8-Ost Richtung Salzburg;Richtungfalse
630;60508;Querschnitt213;GMAQ259_Sbg;WUD_HK_Q259_Sbg;93;809634;47.8152102945142;12.8319366970003;213;114.5;;Betriebsstatus1;Streckenstation77;SSTQ259;3;Fahrbahnteil1;UZ Siegsdorf;A8-Ost Richtung Salzburg;Richtungfalse
631;56219;Querschnitt218;NMGQ261_Sbg;WUD_SW_Q261_Sbg;1;809674;47.8069867619866;12.8427506852071;218;115.73;;Betriebsstatus1;Streckenstation78;SSTQ261;3;Fahrbahnteil1;UZ Siegsdorf;A8-Ost Richtung Salzburg;Richtungfalse
632;51543;Querschnitt223;GMAQ265_Sbg;WUD_HK_Q265_Sbg;93;809730;47.7963323420613;12.8604257480501;223;117.51;;Betriebsstatus1;Streckenstation79;SSTQ265;3;Fahrbahnteil1;UZ Siegsdorf;A8-Ost Richtung Salzburg;Richtungfalse
633;61635;Querschnitt224;NMG_Q267_Sbg;WUD_SW_Q267_Sbg;1;809746;47.7929707169716;12.8645574687589;224;117.995;;Betriebsstatus1;Streckenstation80;SSTQ267;3;Fahrbahnteil1;UZ Siegsdorf;A8-Ost Richtung Salzburg;Richtungfalse
634;57711;Querschnitt229;GMAQ269_Sbg;WUD_HK_Q269_Sbg;93;809779;47.7848803452385;12.8726826078466;229;119.08;;Betriebsstatus1;Streckenstation81;SSTQ269;3;Fahrbahnteil1;UZ Siegsdorf;A8-Ost Richtung Salzburg;Richtungfalse
635;61450;Querschnitt231;GMAQ271_Sbg;WUD_HK_Q271_Sbg;93;809809;47.7787572913471;12.8808848756662;231;120.0;;Betriebsstatus1;Streckenstation82;SSTQ271;3;Fahrbahnteil1;UZ Siegsdorf;A8-Ost Richtung Salzburg;Richtungfalse
636;62806;Querschnitt233;NMGQ273_Sbg;WUD_SW_Q273_Sbg;1;809826;47.7755515353015;12.8858402192164;233;120.515;;Betriebsstatus1;Streckenstation83;SSTQ273;3;Fahrbahnteil1;UZ Siegsdorf;A8-Ost Richtung Salzburg;Richtungfalse
637;57181;Querschnitt346;MQQ209_Mch_H;DETQ209_Mch_H2;34;818965;47.8264456804343;12.5647066337972;346;93.384;81419030;Betriebsstatus1;Streckenstation119;SSTQ209;1;Fahrbahnteil1;UZ Siegsdorf;A8-Ost Richtung M.-Zentrum;Richtungtrue
638;60161;Querschnitt235;GMAQ275_Sbg;WUD_HK_Q275_Sbg;93;809848;47.7710241493774;12.8928439533734;235;121.24;80000993;Betriebsstatus1;Streckenstation84;SSTQ275;3;Fahrbahnteil1;UZ Siegsdorf;A8-Ost Richtung Salzburg;Richtungfalse
639;54615;Querschnitt350;MQQ215_Mch_H;DETQ215_Mch_H2;34;819010;47.8284980647504;12.5838298365945;350;94.8;;Betriebsstatus1;Streckenstation121;SSTQ215;1;Fahrbahnteil1;UZ Siegsdorf;A8-Ost Richtung M.-Zentrum;Richtungtrue
640;55479;Querschnitt243;GMAQ281_Sbg;WUD_HK_Q281_Sbg;93;809881;47.7664584304095;12.9044523847997;243;122.27;;Betriebsstatus1;Streckenstation86;SSTQ281;3;Fahrbahnteil1;UZ Siegsdorf;A8-Ost Richtung Salzburg;Richtungfalse
641;51409;Querschnitt247;NMGQ283_Sbg;WUD_SW_Q283_Sbg;1;809898;47.7660535485833;12.9113589297121;247;122.775;;Betriebsstatus1;Streckenstation88;SSTQ283;3;Fahrbahnteil1;UZ Siegsdorf;A8-Ost Richtung Salzburg;Richtungfalse
642;55488;Querschnitt250;GMAQ287_Sbg;WUD_HK_Q287_Sbg;93;809928;47.7672078323756;12.9245443460546;250;123.768;;Betriebsstatus1;Streckenstation89;SSTQ287;3;Fahrbahnteil1;UZ Siegsdorf;A8-Ost Richtung Salzburg;Richtungfalse
643;53311;Querschnitt354;MQQ219_Mch_A;DETQ219_Mch_A1;97;819044;47.8283472089412;12.5978364124382;354;95.9;;Betriebsstatus0;Streckenstation122;SSTQ219;1;Fahrbahnteil4;UZ Siegsdorf;A8-Ost Richtung M.-Zentrum;Richtungtrue
644;62719;Querschnitt363;GMAQ225_Sbg;WUD_TT1_Q225_Sbg;30;819117;47.8287537499981;12.628239712869;363;98.175;80000889;Betriebsstatus1;Streckenstation124;SSTQ225;3;Fahrbahnteil1;UZ Siegsdorf;A8-Ost Richtung Salzburg;Richtungfalse
645;52611;Querschnitt355;MQQ219_Mch_E;DETQ219_Mch_E1;161;819044;47.8283338709965;12.5974168819776;355;95.9;;Betriebsstatus0;Streckenstation122;SSTQ219;1;Fahrbahnteil3;UZ Siegsdorf;A8-Ost Richtung M.-Zentrum;Richtungtrue
646;54279;Querschnitt337;NMGQ203_Mch;WUD_SW_Q203_Mch;1;818837;47.8315507701819;12.5159557779911;337;89.65;;Betriebsstatus1;Streckenstation116;SSTQ203;3;Fahrbahnteil1;UZ Siegsdorf;A8-Ost Richtung M.-Zentrum;Richtungtrue
647;58204;Querschnitt356;MQQ221_Mch_H;DETQ221_Mch_H2;34;819068;47.8288057406863;12.6083430395215;356;96.657;;Betriebsstatus0;Streckenstation123;SSTQ221;1;Fahrbahnteil1;UZ Siegsdorf;A8-Ost Richtung M.-Zentrum;Richtungtrue
648;58019;Querschnitt893;MQ7_Lin_H;DET7_Lin_H3;3;9916802;48.20958477;11.46455062;893;10.824;;Betriebsstatus3;Streckenstation340;SST7;1;Fahrbahnteil1;UZ Aubing;A99 Richtung Lindau;Richtungtrue
649;59432;Querschnitt358;MQQ221_Sbg_H;DETQ221_Sbg_H2;2;819068;47.8286763393843;12.6078675370899;358;96.62;;Betriebsstatus0;Streckenstation123;SSTQ221;1;Fahrbahnteil1;UZ Siegsdorf;A8-Ost Richtung Salzburg;Richtungfalse
650;57754;Querschnitt338;GMAQ205_Mch;WUD_HK_Q205_Mch;93;818862;47.830393587678;12.5224150872035;338;90.155;80000885;Betriebsstatus1;Streckenstation117;SSTQ205;3;Fahrbahnteil1;UZ Siegsdorf;A8-Ost Richtung M.-Zentrum;Richtungtrue
651;50887;Querschnitt344;NMGQ207_Mch;WUD_SW_Q207_Mch;1;818910;47.8282433041308;12.5421320000919;344;91.675;;Betriebsstatus1;Streckenstation118;SSTQ207;3;Fahrbahnteil1;UZ Siegsdorf;A8-Ost Richtung M.-Zentrum;Richtungtrue
652;58966;Querschnitt347;NMGQ209_Mch;WUD_SW_Q209_Mch;1;818965;47.8264982217399;12.5645322563856;347;93.38;;Betriebsstatus1;Streckenstation119;SSTQ209;3;Fahrbahnteil1;UZ Siegsdorf;A8-Ost Richtung M.-Zentrum;Richtungtrue
653;52755;Querschnitt348;NMGQ211_Mch;WUD_SW_Q211_Mch;1;818997;47.8280428219884;12.5783934628029;348;94.405;;Betriebsstatus1;Streckenstation120;SSTQ211;3;Fahrbahnteil1;UZ Siegsdorf;A8-Ost Richtung M.-Zentrum;Richtungtrue
654;53766;Querschnitt351;GMA_HK_Q215_Mch;WUD_HK_Q215_Mch;93;819010;47.8285624335492;12.583658958988;351;94.8;;Betriebsstatus1;Streckenstation121;SSTQ215;3;Fahrbahnteil1;UZ Siegsdorf;A8-Ost Richtung M.-Zentrum;Richtungtrue
655;60053;Querschnitt357;GMAQ221_Sbg;WUD_HK_Q221_Sbg;94;819068;47.8285965664795;12.6078658251374;357;96.65;;Betriebsstatus1;Streckenstation123;SSTQ221;3;Fahrbahnteil1;UZ Siegsdorf;A8-Ost Richtung Salzburg;Richtungfalse
656;62934;Querschnitt365;MQQ231_Mch_H;DETQ231_Mch_H2;34;819154;47.8282560328873;12.643731033234;365;99.35;81419032;Betriebsstatus1;Streckenstation125;SSTQ231;1;Fahrbahnteil1;UZ Siegsdorf;A8-Ost Richtung M.-Zentrum;Richtungtrue
657;62611;Querschnitt366;NMGQ231_Mch;WUD_SW_Q231_Mch;1;819154;47.82833821317;12.6436591510329;366;99.36;;Betriebsstatus1;Streckenstation125;SSTQ231;3;Fahrbahnteil1;UZ Siegsdorf;A8-Ost Richtung M.-Zentrum;Richtungtrue
658;54074;Querschnitt368;MQQ263_Mch_E;DETQ263_Mch_E1;161;819712;47.8001067002807;12.8547714387896;368;116.92;;Betriebsstatus1;Streckenstation127;SSTQ263;1;Fahrbahnteil3;UZ Siegsdorf;A8-Ost Richtung M.-Zentrum;Richtungtrue
659;57915;Querschnitt371;MQQ263_Mch_A;DETQ263_Mch_A1;97;819712;47.8000133362557;12.8548968336121;371;116.92;;Betriebsstatus1;Streckenstation127;SSTQ263;1;Fahrbahnteil4;UZ Siegsdorf;A8-Ost Richtung M.-Zentrum;Richtungtrue
660;63415;Querschnitt5882_2;MQAQ195-Mch-P;DETAQ195-Mch-P1;81;9416238;48.1426703520789;11.7641642812875;6964;10.305;;Betriebsstatus1;Streckenstation1615;SSTAQ195;1;Fahrbahnteil2;UZ Riem;A94 Richtung M.-Zentrum;Richtungtrue
661;54841;Querschnitt372;MQQ279_Mch_E;DETQ279_Mch_E1;161;819877;47.7675748329235;12.9023730401845;372;122.15;;Betriebsstatus1;Streckenstation128;SSTQ279;1;Fahrbahnteil3;UZ Siegsdorf;A8-Ost Richtung M.-Zentrum;Richtungtrue
662;56483;Querschnitt367;GMAQ251_Sbg;WUD_TT1_Q251_Sbg;22;819448;47.826674966817;12.7628707213582;367;108.6;80000897;Betriebsstatus1;Streckenstation126;SSTQ251;3;Fahrbahnteil1;UZ Siegsdorf;A8-Ost Richtung Salzburg;Richtungfalse
663;56587;Querschnitt369;GMAQ263_Mch;WUD_HK_Q263_Mch;93;819712;47.8000664146531;12.8548247383334;369;116.91;;Betriebsstatus1;Streckenstation127;SSTQ263;3;Fahrbahnteil1;UZ Siegsdorf;A8-Ost Richtung M.-Zentrum;Richtungtrue
664;60630;Querschnitt374;GMAQ279_Mch;WUD_HK_Q279_Mch;93;819877;47.7674811547625;12.9022614314861;374;122.075;;Betriebsstatus1;Streckenstation128;SSTQ279;3;Fahrbahnteil1;UZ Siegsdorf;A8-Ost Richtung M.-Zentrum;Richtungtrue
665;54353;Querschnitt379;GMAQ285_Mch;WUD_HK_Q285_Mch;93;819913;47.7668298886188;12.9175964656898;379;123.25;;Betriebsstatus1;Streckenstation129;SSTQ285;3;Fahrbahnteil1;UZ Siegsdorf;A8-Ost Richtung M.-Zentrum;Richtungtrue
666;51190;Querschnitt373;MQQ279_Mch_H;DETQ279_Mch_H2;34;819877;47.7670745123551;12.9032683053395;373;122.15;82439035;Betriebsstatus1;Streckenstation128;SSTQ279;1;Fahrbahnteil1;UZ Siegsdorf;A8-Ost Richtung M.-Zentrum;Richtungtrue
667;60943;Querschnitt376;MQQ279_Mch_A;DETQ279_Mch_A1;97;819877;47.7672538316973;12.9035211841;376;122.15;;Betriebsstatus1;Streckenstation128;SSTQ279;1;Fahrbahnteil4;UZ Siegsdorf;A8-Ost Richtung M.-Zentrum;Richtungtrue
668;52377;Querschnitt378;MQQ285_Mch_H;DETQ285_Mch_H2;34;819913;47.7667819122012;12.91766075834;378;123.25;82439036;Betriebsstatus1;Streckenstation129;SSTQ285;1;Fahrbahnteil1;UZ Siegsdorf;A8-Ost Richtung M.-Zentrum;Richtungtrue
669;50609;Querschnitt704;Querschnitt704;Geraet730;35;9416240;48.1426239014;11.7669353485;704;10.552;;Betriebsstatus3;Streckenstation269;AQ94.02;1;Fahrbahnteil1;UZ Riem;A94 Richtung M.-Zentrum;Richtungtrue
670;51684;Querschnitt572;GMA04-Pas;WUD_ZRG_04-Pas;14;9406023;48.1388243073581;11.6409724506476;572;1.01;80000754;Betriebsstatus1;Streckenstation224;SSTMQ02;3;Fahrbahnteil1;UZ Riem;A94 Richtung Passau;Richtungfalse
671;62590;Querschnitt575;GMAAQ10B-Mch;WUD_HK_AQ10B-Mch;1;9406023;48.1390771455692;11.6404635206672;575;0.99;;Betriebsstatus1;Streckenstation224;SSTMQ02;3;Fahrbahnteil1;UZ Riem;A94 Richtung M.-Zentrum;Richtungtrue
672;51383;Querschnitt579;GMAAQ11-Pas;WUD_HK_AQ11-Pas;1;9406038;48.1391578142468;11.6499506297066;579;1.7;;Betriebsstatus1;Streckenstation225;SSTAQ11;3;Fahrbahnteil1;UZ Riem;A94 Richtung Passau;Richtungfalse
673;63206;Querschnitt582;GMAAQ12-Pas;WUD_HK_AQ12-Pas;1;9406057;48.1390294792894;11.6612505152425;582;2.54;;Betriebsstatus1;Streckenstation226;SSTAQ12;3;Fahrbahnteil1;UZ Riem;A94 Richtung Passau;Richtungfalse
674;60808;Querschnitt589;GMAAQ13-Pas;WUD_HK_AQ13-Pas;1;9406077;48.1373850560142;11.6728343744793;589;3.41;;Betriebsstatus1;Streckenstation229;SSTAQ13;3;Fahrbahnteil1;UZ Riem;A94 Richtung Passau;Richtungfalse
675;60645;Querschnitt591;GMAFSA06-Pas;WUD_HK_FSA06-Pas;1;9406083;48.1370377604673;11.6766124373911;591;3.7;;Betriebsstatus1;Streckenstation230;SSTWWQ09;3;Fahrbahnteil1;UZ Riem;A94 Richtung Passau;Richtungfalse
676;60837;Querschnitt592;GMAFSA07-Pas;WUD_HK_FSA07-Pas;1;9406090;48.1372773705741;11.6803933866865;592;3.95;;Betriebsstatus1;Streckenstation231;SSTWWQ10;3;Fahrbahnteil1;UZ Riem;A94 Richtung Passau;Richtungfalse
677;62349;Querschnitt596;NMGSWM01-Pas;WUD_SW_SWM01-Pas;2;9406090;48.1372305148489;11.6799906395742;596;3.92;;Betriebsstatus1;Streckenstation231;SSTWWQ10;3;Fahrbahnteil1;UZ Riem;A94 Richtung Passau;Richtungfalse
678;62832;Querschnitt598;GMAFSA08-Pas;WUD_HK_FSA08-Pas;1;9406097;48.1381490687208;11.6841583694637;598;4.29;;Betriebsstatus1;Streckenstation232;SSTWWQ11;3;Fahrbahnteil1;UZ Riem;A94 Richtung Passau;Richtungfalse
679;56019;Querschnitt603;GMAFSA09-Pas;WUD_HK_FSA09-Pas;1;9406103;48.1396077747319;11.6879635949419;603;4.57;;Betriebsstatus1;Streckenstation233;SSTFSA09;3;Fahrbahnteil1;UZ Riem;A94 Richtung Passau;Richtungfalse
680;54328;Querschnitt609;GMAAQ14-Pas;WUD_HK_AQ14-Pas;1;9406115;48.1414253120003;11.6942360659352;609;5.105;;Betriebsstatus1;Streckenstation235;SSTAQ14;3;Fahrbahnteil1;UZ Riem;A94 Richtung Passau;Richtungfalse
681;57805;Querschnitt617;GMAAQ115A-Pas;WUD_HK_AQ115A-Pas;1;9406140;48.1419514202591;11.708665943799;617;6.19;;Betriebsstatus1;Streckenstation239;SSTAQ115A;3;Fahrbahnteil1;UZ Riem;A94 Richtung Passau;Richtungfalse
682;59240;Querschnitt624;GMAAQ115C-Pas;WUD_HK_AQ115C-Pas;1;9406156;48.1417569163873;11.7183031432727;624;6.91;;Betriebsstatus1;Streckenstation242;SSTAQ115C;3;Fahrbahnteil1;UZ Riem;A94 Richtung Passau;Richtungfalse
683;61658;Querschnitt627;NMGSWM02-Pas;WUD_SW_SWM02-Pas;2;9406156;48.1417541039015;11.7181688526795;627;6.9;;Betriebsstatus1;Streckenstation242;SSTAQ115C;3;Fahrbahnteil1;UZ Riem;A94 Richtung Passau;Richtungfalse
684;63271;Querschnitt630;GMAAQ116-Pas;WUD_HK_AQ116-Pas;1;9406179;48.1425831695521;11.7315802734959;630;7.895;;Betriebsstatus1;Streckenstation243;SSTAQ116;3;Fahrbahnteil1;UZ Riem;A94 Richtung Passau;Richtungfalse
685;54234;Querschnitt631;GMAAQ117-Pas;WUD_HK_AQ117-Pas;1;9406200;48.1429021870603;11.7441465288465;631;8.843;;Betriebsstatus1;Streckenstation244;SSTAQ117;3;Fahrbahnteil1;UZ Riem;A94 Richtung Passau;Richtungfalse
686;53787;Querschnitt641;NMGSWM04-Pas;WUD_SW_SWM04-Pas;2;9406242;48.1425104639608;11.7688472493818;641;10.678;;Betriebsstatus1;Streckenstation248;SSTAQ118;3;Fahrbahnteil1;UZ Riem;A94 Richtung Passau;Richtungfalse
687;59584;Querschnitt642;GMAAQ118-Pas;WUD_HK_AQ118-Pas;1;9406242;48.1425369188324;11.7691154540309;642;10.698;;Betriebsstatus1;Streckenstation248;SSTAQ118;3;Fahrbahnteil1;UZ Riem;A94 Richtung Passau;Richtungfalse
688;57660;Querschnitt647;GMAAQ10-Mch;WUD_HK_AQ10-Mch;1;9416046;48.1395066346082;11.6542060979838;647;2.01;;Betriebsstatus1;Streckenstation249;SSTAQ10;3;Fahrbahnteil1;UZ Riem;A94 Richtung M.-Zentrum;Richtungtrue
689;56900;Querschnitt648;GMA03-Mch;WUD_ZRG_03-Mch;14;9416072;48.1381554213876;11.6701954956904;648;3.2;80000758;Betriebsstatus1;Streckenstation250;SSTAQ09;3;Fahrbahnteil1;UZ Riem;A94 Richtung M.-Zentrum;Richtungtrue
690;55112;Querschnitt651;GMAAQ09-Mch;WUD_HK_AQ09-Mch;1;9416072;48.1383128505976;11.6693259798895;651;3.135;;Betriebsstatus1;Streckenstation250;SSTAQ09;3;Fahrbahnteil1;UZ Riem;A94 Richtung M.-Zentrum;Richtungtrue
691;59645;Querschnitt655;GMAAQ08-Mch;WUD_HK_AQ08-Mch;1;9416097;48.138311599394;11.6837208575406;655;4.245;;Betriebsstatus1;Streckenstation253;SSTAQ08;3;Fahrbahnteil1;UZ Riem;A94 Richtung M.-Zentrum;Richtungtrue
692;57985;Querschnitt661;GMAAQ07-Mch;WUD_HK_AQ07-Mch;1;9416109;48.1406176062656;11.6898389810444;661;4.765;;Betriebsstatus1;Streckenstation254;SSTAQ07;3;Fahrbahnteil1;UZ Riem;A94 Richtung M.-Zentrum;Richtungtrue
693;51809;Querschnitt664;GMAFSA03-Mch;WUD_HK_FSA03-Mch;1;9416118;48.1418136202224;11.6947852345054;664;5.15;;Betriebsstatus1;Streckenstation255;SSTWWQ04;3;Fahrbahnteil1;UZ Riem;A94 Richtung M.-Zentrum;Richtungtrue
694;53303;Querschnitt666;GMAFSA02-Mch;WUD_HK_FSA02-Mch;1;9416123;48.1421966981451;11.6981033112438;666;5.4;;Betriebsstatus1;Streckenstation256;SSTWWQ03;3;Fahrbahnteil1;UZ Riem;A94 Richtung M.-Zentrum;Richtungtrue
695;60672;Querschnitt669;GMAAQ06-Mch;WUD_HK_AQ06-Mch;1;9416128;48.1423494168745;11.70094358792;669;5.615;;Betriebsstatus1;Streckenstation257;SSTAQ06;3;Fahrbahnteil1;UZ Riem;A94 Richtung M.-Zentrum;Richtungtrue
696;60226;Querschnitt674;GMA202-Mch;WUD_ZRG_202-Mch;14;9416152;48.1420738504729;11.7152708059026;674;6.68;80000763;Betriebsstatus1;Streckenstation259;SSTWWQ202;3;Fahrbahnteil1;UZ Riem;A94 Richtung M.-Zentrum;Richtungtrue
697;62033;Querschnitt679;GMAAQ205-Mch;WUD_HK_AQ205-Mch;1;9416169;48.1423671580632;11.7246437401818;679;7.38;;Betriebsstatus1;Streckenstation261;SSTAQ205;3;Fahrbahnteil1;UZ Riem;A94 Richtung M.-Zentrum;Richtungtrue
698;53056;Querschnitt683;GMAAQ204-Mch;WUD_HK_AQ204-Mch;1;9416187;48.1430521375988;11.7346944836661;683;8.18;;Betriebsstatus1;Streckenstation263;SSTAQ204;3;Fahrbahnteil1;UZ Riem;A94 Richtung M.-Zentrum;Richtungtrue
699;58609;Querschnitt693;GMAAQRG203-Mch;WUD_HK_AQRG203-Mch;1;9416211;48.1432180964768;11.7474218138799;693;9.07;;Betriebsstatus1;Streckenstation266;SSTAQ203;3;Fahrbahnteil1;UZ Riem;A94 Richtung M.-Zentrum;Richtungtrue
700;62406;Querschnitt701;GMAAQ202B-Mch;WUD_HK_AQ202B-Mch;1;9416229;48.1429458720082;11.7596828773929;701;10.0;;Betriebsstatus1;Streckenstation268;SSTAQ202B;3;Fahrbahnteil1;UZ Riem;A94 Richtung M.-Zentrum;Richtungtrue
701;61387;Querschnitt752;GMA44_HK;WUD_HK_44;3;9906784;48.20363053;11.45454352;752;10.584;;Betriebsstatus3;Streckenstation290;SST44;3;Fahrbahnteil1;UZ Aubing;A99 Richtung Salzburg;Richtungfalse
702;59979;Querschnitt753;GMA45_HK;WUD_HK_45;3;9906802;48.2036403;11.45490993;753;10.828;;Betriebsstatus3;Streckenstation291;SST45;3;Fahrbahnteil1;UZ Aubing;A99 Richtung Salzburg;Richtungfalse
703;51236;Querschnitt756;GMA46_HK;WUD_HK_46;3;9906817;48.20364546;11.45515021;756;11.028;;Betriebsstatus3;Streckenstation292;SST46;3;Fahrbahnteil1;UZ Aubing;A99 Richtung Salzburg;Richtungfalse
704;61958;Querschnitt760;GMA47_HK;WUD_HK_47;3;9906833;48.20363058;11.45540273;760;11.248;;Betriebsstatus3;Streckenstation293;SST47;3;Fahrbahnteil1;UZ Aubing;A99 Richtung Salzburg;Richtungfalse
705;57603;Querschnitt891;GMA8_HK;WUD_HK_8;3;9916784;48.20942797;11.4642977;891;10.588;;Betriebsstatus3;Streckenstation339;SST8;3;Fahrbahnteil1;UZ Aubing;A99 Richtung Lindau;Richtungtrue
706;62472;Querschnitt894;GMA7_HK;WUD_HK_7;3;9916802;48.20944145;11.46451796;894;10.824;;Betriebsstatus3;Streckenstation340;SST7;3;Fahrbahnteil1;UZ Aubing;A99 Richtung Lindau;Richtungtrue
707;53663;Querschnitt895;GMA6_HK;WUD_HK_6;3;9916824;48.20944882;11.46476313;895;11.124;;Betriebsstatus3;Streckenstation341;SST6;3;Fahrbahnteil1;UZ Aubing;A99 Richtung Lindau;Richtungtrue
708;55618;Querschnitt908;WS_GMAQ7a_Sbg_H;WUD_WFD_Q7a_Sbg_H;82;9916892;48.0587551555966;11.6998668101117;908;48.685;80000759;Betriebsstatus1;Streckenstation345;SSTQ7a;3;Fahrbahnteil1;UZ Aschheim;A99 Richtung Salzburg;Richtungfalse
709;60060;Querschnitt1001;NMGB30b_Stg_H;WUD_SW_B30b_Stg_H;1;9919883;48.03208636;11.66938676;1001;52.42;;Betriebsstatus1;Streckenstation385;SSTB30b;3;Fahrbahnteil1;UZ Aschheim;A99 Richtung Lindau;Richtungtrue
710;63421;Querschnitt5171_1;MQAQ01-Mch-A;DETAQ01-Mch-A1;65;9416276;48.1485009875984;11.7844342179299;6960;11.925;;Betriebsstatus1;Streckenstation1397;SSTAQ01;1;Fahrbahnteil4;UZ Riem;A94 Richtung M.-Zentrum;Richtungtrue
711;63420;Querschnitt5882_1;MQAQ195-Mch-H;DETAQ195-Mch-H2;2;9416238;48.1425841274112;11.7641568419485;6963;10.305;;Betriebsstatus1;Streckenstation1615;SSTAQ195;1;Fahrbahnteil1;UZ Riem;A94 Richtung M.-Zentrum;Richtungtrue
712;63427;Querschnitt5882_3;MQAQ195-Mch-A;DETAQ195-Mch-A1;65;9416238;48.1427049890616;11.7641689488429;6962;10.305;;Betriebsstatus1;Streckenstation1615;SSTAQ195;1;Fahrbahnteil4;UZ Riem;A94 Richtung M.-Zentrum;Richtungtrue
713;59232;Querschnitt570;MQMQ01-Pas;DETMQ01-Pas-H2;3;9406006;48.1385299823118;11.6308981872592;570;0.26;;Betriebsstatus1;Streckenstation223;SSTMQ01;1;Fahrbahnteil1;UZ Riem;A94 Richtung Passau;Richtungfalse
714;51946;Querschnitt571;MQMQ01-Mch;DETMQ01-Mch-H2;35;9406006;48.138636296257;11.6308899424314;571;0.26;;Betriebsstatus1;Streckenstation223;SSTMQ01;1;Fahrbahnteil1;UZ Riem;A94 Richtung M.-Zentrum;Richtungtrue
715;55146;Querschnitt573;MQMQ02-Mch;DETMQ02-Mch-H2;35;9406023;48.1390082326887;11.6408310839145;573;1.0;;Betriebsstatus1;Streckenstation224;SSTMQ02;1;Fahrbahnteil1;UZ Riem;A94 Richtung M.-Zentrum;Richtungtrue
716;59532;Querschnitt578;MQAQ11-Pas;DETAQ11-Pas-H2;3;9406038;48.1392287931751;11.6497449037462;578;1.68;;Betriebsstatus1;Streckenstation225;SSTAQ11;1;Fahrbahnteil1;UZ Riem;A94 Richtung Passau;Richtungfalse
717;61091;Querschnitt581;MQAQ12-Pas;DETAQ12-Pas-H3;3;9406057;48.1391286331353;11.6610321277286;581;2.51;;Betriebsstatus1;Streckenstation226;SSTAQ12;1;Fahrbahnteil1;UZ Riem;A94 Richtung Passau;Richtungfalse
718;53902;Querschnitt586;MQAQ13-Pas-A;DETAQ13-Pas-A1;65;9406077;48.1376010138399;11.6709687892754;586;3.267;;Betriebsstatus1;Streckenstation229;SSTAQ13;1;Fahrbahnteil4;UZ Riem;A94 Richtung Passau;Richtungfalse
719;56274;Querschnitt588;MQAQ13-Pas;DETAQ13-Pas-H2;3;9406077;48.1375079635892;11.6726514178906;588;3.38;;Betriebsstatus1;Streckenstation229;SSTAQ13;1;Fahrbahnteil1;UZ Riem;A94 Richtung Passau;Richtungfalse
720;50819;Querschnitt593;MQWWQ10-Mch;DETWWQ10-Mch-H3;35;9406090;48.137436087117;11.6799709021695;593;3.95;78369100;Betriebsstatus1;Streckenstation231;SSTWWQ10;1;Fahrbahnteil1;UZ Riem;A94 Richtung M.-Zentrum;Richtungtrue
721;52631;Querschnitt595;MQWWQ10-Pas;DETWWQ10-Pas-H3;3;9406090;48.1373291007853;11.6801687794019;595;3.95;78369100;Betriebsstatus1;Streckenstation231;SSTWWQ10;1;Fahrbahnteil1;UZ Riem;A94 Richtung Passau;Richtungfalse
722;53246;Querschnitt597;MQWWQ11-Pas-ASTAU;DETWWQ11-Pas-ASTAU;67;9406097;48.137557831786;11.6823152039384;597;4.26;;Betriebsstatus1;Streckenstation232;SSTWWQ11;1;Fahrbahnteil4;UZ Riem;A94 Richtung Passau;Richtungfalse
723;61474;Querschnitt600;MQWWQ11-Pas-A;DETWWQ11-Pas-A2;66;9406097;48.1379942653859;11.6841963821227;600;4.26;;Betriebsstatus1;Streckenstation232;SSTWWQ11;1;Fahrbahnteil4;UZ Riem;A94 Richtung Passau;Richtungfalse
724;51007;Querschnitt602;MQFSA09-Pas-A;DETFSA09-Pas-A1;65;9406103;48.1392319109426;11.6871181028104;602;4.513;;Betriebsstatus1;Streckenstation233;SSTFSA09;1;Fahrbahnteil4;UZ Riem;A94 Richtung Passau;Richtungfalse
725;62418;Querschnitt606;MQZFR01-Pas-E;DETZFR01-Pas-E1;129;9406108;48.1400295714703;11.6894841711766;606;4.725;;Betriebsstatus1;Streckenstation234;SSTZFR01;1;Fahrbahnteil3;UZ Riem;A94 Richtung Passau;Richtungfalse
726;59963;Querschnitt608;MQAQ14-Pas;DETAQ14-Pas-H3;3;9406115;48.1415108423741;11.6941713062126;608;5.075;78369111;Betriebsstatus1;Streckenstation235;SSTAQ14;1;Fahrbahnteil1;UZ Riem;A94 Richtung Passau;Richtungfalse
727;58285;Querschnitt613;MQWWQ13-Pas;DETWWQ13-Pas-H3;3;9406133;48.1421593650005;11.7042545483438;613;5.854;;Betriebsstatus1;Streckenstation238;SSTWWQ13;1;Fahrbahnteil1;UZ Riem;A94 Richtung Passau;Richtungfalse
728;53424;Querschnitt616;MQAQ115A-Pas;DETAQ115A-Pas-H2;2;9406140;48.1420422546311;11.7084581366922;616;6.19;;Betriebsstatus1;Streckenstation239;SSTAQ115A;1;Fahrbahnteil1;UZ Riem;A94 Richtung Passau;Richtungfalse
729;54003;Querschnitt618;MQZFR03-Pas-E;DETZFR03-Pas-E1;129;9406141;48.1418503732507;11.7087165468332;618;6.189;;Betriebsstatus1;Streckenstation240;SSTZFR03;1;Fahrbahnteil3;UZ Riem;A94 Richtung Passau;Richtungfalse
730;63257;Querschnitt621;MQZFR03-Pas-A;DETZFR03-Pas-A1;65;9406141;48.1418882051975;11.7077706648656;621;6.172;;Betriebsstatus1;Streckenstation240;SSTZFR03;1;Fahrbahnteil4;UZ Riem;A94 Richtung Passau;Richtungfalse
731;61063;Querschnitt623;MQWWQ114-Pas;DETWWQ114-Pas-H2;2;9406144;48.1418587553842;11.7131858481084;623;6.5;;Betriebsstatus1;Streckenstation241;SSTWWQ114;1;Fahrbahnteil1;UZ Riem;A94 Richtung Passau;Richtungfalse
732;54554;Querschnitt626;MQAQ115C-Pas;DETAQ115C-Pas-H3;3;9406156;48.1418436603491;11.7181498635062;626;6.91;;Betriebsstatus1;Streckenstation242;SSTAQ115C;1;Fahrbahnteil1;UZ Riem;A94 Richtung Passau;Richtungfalse
733;61930;Querschnitt629;MQAQ116-Pas;DETAQ116-Pas-H3;3;9406179;48.1426565285959;11.7312610695501;629;7.858;78369112;Betriebsstatus1;Streckenstation243;SSTAQ116;1;Fahrbahnteil1;UZ Riem;A94 Richtung Passau;Richtungfalse
734;60788;Querschnitt633;MQAQ117-Pas;DETAQ117-Pas-H4;4;9406200;48.1430023793608;11.7438445590274;633;8.843;;Betriebsstatus1;Streckenstation244;SSTAQ117;1;Fahrbahnteil1;UZ Riem;A94 Richtung Passau;Richtungfalse
735;61939;Querschnitt634;MQAQ117a-Pas-A;DETAQ117a-Pas-A1;65;9406200;48.1427719040771;11.740464974217;634;8.55;;Betriebsstatus1;Streckenstation244;SSTAQ117;1;Fahrbahnteil4;UZ Riem;A94 Richtung Passau;Richtungfalse
736;58271;Querschnitt635;MQMQ112B-Pas;DETMQ112B-Pas-H2;66;9406214;48.1427226472214;11.7526408074405;635;9.49;;Betriebsstatus1;Streckenstation245;SSTMQ112;1;Fahrbahnteil2;UZ Riem;A94 Richtung Passau;Richtungfalse
737;58847;Querschnitt636;MQMQ112A-Pas;DETMQ112A-Pas-H2;2;9406214;48.1428621992694;11.7517228787157;636;9.4;;Betriebsstatus1;Streckenstation245;SSTMQ112;1;Fahrbahnteil1;UZ Riem;A94 Richtung Passau;Richtungfalse
738;59420;Querschnitt637;MQMQ113-Pas-A;DETMQ113-Pas-A1;65;9406221;48.1424330258949;11.7551917505259;637;9.725;;Betriebsstatus1;Streckenstation246;SSTMQ113;1;Fahrbahnteil4;UZ Riem;A94 Richtung Passau;Richtungfalse
739;54262;Querschnitt638;MQMQ113-Pas-E;DETMQ113-Pas-E1;129;9406221;48.1423856927979;11.7559605573106;638;9.75;;Betriebsstatus1;Streckenstation246;SSTMQ113;1;Fahrbahnteil3;UZ Riem;A94 Richtung Passau;Richtungfalse
740;53504;Querschnitt639;MQMQ114-Pas-E;DETMQ114-Pas-E1;129;9406230;48.1422490737917;11.7608575396539;639;10.125;;Betriebsstatus1;Streckenstation247;SSTMQ114;1;Fahrbahnteil3;UZ Riem;A94 Richtung Passau;Richtungfalse
741;51161;Querschnitt640;MQMQ114-Pas-A;DETMQ114-Pas-A1;65;9406230;48.1422650286985;11.760106750906;640;10.1;;Betriebsstatus1;Streckenstation247;SSTMQ114;1;Fahrbahnteil4;UZ Riem;A94 Richtung Passau;Richtungfalse
742;61171;Querschnitt644;MQAQ118-Pas;DETAQ118-Pas-H2;3;9406242;48.1425868452536;11.7688125660013;644;10.668;78369840;Betriebsstatus1;Streckenstation248;SSTAQ118;1;Fahrbahnteil1;UZ Riem;A94 Richtung Passau;Richtungfalse
743;55281;Querschnitt646;MQAQ10-Mch;DETAQ10-Mch-H2;35;9416046;48.1394422763507;11.6544289736835;646;2.04;;Betriebsstatus1;Streckenstation249;SSTAQ10;1;Fahrbahnteil1;UZ Riem;A94 Richtung M.-Zentrum;Richtungtrue
744;51141;Querschnitt650;MQAQ09-Mch;DETAQ09-Mch-H3;35;9416072;48.1381923394692;11.669604144487;650;3.165;;Betriebsstatus1;Streckenstation250;SSTAQ09;1;Fahrbahnteil1;UZ Riem;A94 Richtung M.-Zentrum;Richtungtrue
745;53995;Querschnitt652;MQWWQ06-Mch-A;DETWWQ06-Mch-A1;97;9416085;48.1374462744128;11.674336749172;652;3.547;;Betriebsstatus1;Streckenstation251;SSTWWQ06;1;Fahrbahnteil4;UZ Riem;A94 Richtung M.-Zentrum;Richtungtrue
746;52867;Querschnitt657;MQAQ08-Mch;DETAQ08-Mch-H3;35;9416097;48.1383477384357;11.6840586554105;657;4.275;;Betriebsstatus1;Streckenstation253;SSTAQ08;1;Fahrbahnteil1;UZ Riem;A94 Richtung M.-Zentrum;Richtungtrue
747;50772;Querschnitt658;MQAQ07-Mch-A;DETAQ07-Mch-A1;97;9416109;48.1409985777031;11.6905205561688;658;4.795;;Betriebsstatus1;Streckenstation254;SSTAQ07;1;Fahrbahnteil4;UZ Riem;A94 Richtung M.-Zentrum;Richtungtrue
748;61428;Querschnitt660;MQAQ07-Mch-E;DETAQ07-Mch-E1;161;9416109;48.1406883799669;11.6894504098689;660;4.766;;Betriebsstatus1;Streckenstation254;SSTAQ07;1;Fahrbahnteil3;UZ Riem;A94 Richtung M.-Zentrum;Richtungtrue
749;55856;Querschnitt663;MQWWQ04-Mch;DETWWQ04-Mch-H3;35;9416118;48.1417954034459;11.6950750142249;663;5.18;78369111;Betriebsstatus1;Streckenstation255;SSTWWQ04;1;Fahrbahnteil1;UZ Riem;A94 Richtung M.-Zentrum;Richtungtrue
750;58372;Querschnitt668;MQAQ06-Mch;DETAQ06-Mch-H3;35;9416128;48.142290059572;11.7013498864432;668;5.645;;Betriebsstatus1;Streckenstation257;SSTAQ06;1;Fahrbahnteil1;UZ Riem;A94 Richtung M.-Zentrum;Richtungtrue
751;59482;Querschnitt670;MQWWQ02B-Mch-E;DETWWQ02B-Mch-E1;161;9416144;48.1422305770681;11.7099637842723;670;6.293;;Betriebsstatus1;Streckenstation258;SSTWWQ02B;1;Fahrbahnteil3;UZ Riem;A94 Richtung M.-Zentrum;Richtungtrue
752;58264;Querschnitt676;MQWWQ201-Mch;DETWWQ201-Mch-H1;33;9416160;48.1420812312677;11.7202820622981;676;7.015;;Betriebsstatus1;Streckenstation260;SSTWWQ201;1;Fahrbahnteil4;UZ Riem;A94 Richtung M.-Zentrum;Richtungtrue
753;56406;Querschnitt678;MQAQ209-Mch;DETAQ209-Mch-H3;35;9416169;48.1423137581582;11.7250348384191;678;7.417;;Betriebsstatus1;Streckenstation261;SSTAQ205;1;Fahrbahnteil1;UZ Riem;A94 Richtung M.-Zentrum;Richtungtrue
754;61726;Querschnitt682;MQAQ208-Mch;DETAQ208-Mch-H3;35;9416187;48.1429939020115;11.7352863701194;682;8.21;78369112;Betriebsstatus1;Streckenstation263;SSTAQ204;1;Fahrbahnteil1;UZ Riem;A94 Richtung M.-Zentrum;Richtungtrue
755;50830;Querschnitt689;Querschnitt689;Geraet719;98;9416205;48.1433105469;11.7479896545;689;9.03;;Betriebsstatus3;Streckenstation265;AQ94.03B;1;Fahrbahnteil4;UZ Riem;A94 Richtung M.-Zentrum;Richtungtrue
756;55736;Querschnitt691;Querschnitt691;Geraet720;161;9416205;48.1433792114;11.7466802597;691;9.03;;Betriebsstatus3;Streckenstation265;AQ94.03B;1;Fahrbahnteil3;UZ Riem;A94 Richtung M.-Zentrum;Richtungtrue
757;62509;Querschnitt695;MQAQ207-Mch_H;DETAQ207-Mch-H4;36;9416211;48.1431057726639;11.7476221390868;695;9.07;;Betriebsstatus1;Streckenstation266;SSTAQ203;1;Fahrbahnteil1;UZ Riem;A94 Richtung M.-Zentrum;Richtungtrue
758;61898;Querschnitt696;Querschnitt696;Geraet725;98;9416220;48.1430397034;11.7557001114;696;9.72;;Betriebsstatus3;Streckenstation267;AQ94.02D;1;Fahrbahnteil4;UZ Riem;A94 Richtung M.-Zentrum;Richtungtrue
759;51208;Querschnitt697;Querschnitt697;Geraet726;161;9416220;48.1431503296;11.7546100616;697;9.67;;Betriebsstatus3;Streckenstation267;AQ94.02D;1;Fahrbahnteil3;UZ Riem;A94 Richtung M.-Zentrum;Richtungtrue
760;52551;Querschnitt698;MQAQ202B-Mch-A;DETAQ202B-Mch-A1;97;9416229;48.1428966677078;11.7606998688591;698;10.07;;Betriebsstatus1;Streckenstation268;SSTAQ202B;1;Fahrbahnteil4;UZ Riem;A94 Richtung M.-Zentrum;Richtungtrue
761;54464;Querschnitt700;MQAQ203-Mch-E;DETAQ203-Mch-E1;161;9416229;48.1430116738457;11.7596022114254;700;10.0;;Betriebsstatus1;Streckenstation268;SSTAQ202B;1;Fahrbahnteil3;UZ Riem;A94 Richtung M.-Zentrum;Richtungtrue
762;61632;Querschnitt722;Querschnitt722;Geraet755;3;9906389;48.2097587585;11.6480369568;722;17.9;;Betriebsstatus3;Streckenstation278;SSTQ2;1;Fahrbahnteil1;UZ Holzkirchen;A99 Richtung Lindau;Richtungtrue
763;53237;Querschnitt727;Querschnitt727;Geraet758;3;9906448;48.1928253174;11.6959171295;727;20.63;;Betriebsstatus3;Streckenstation281;SSTQ8;1;Fahrbahnteil1;UZ Holzkirchen;A99 Richtung Lindau;Richtungtrue
764;51808;Querschnitt731;Querschnitt731;Geraet759;3;9906493;48.191242218;11.7029466629;731;22.66;;Betriebsstatus3;Streckenstation283;SSTQ12;1;Fahrbahnteil1;UZ Holzkirchen;A99 Richtung Lindau;Richtungtrue
765;51839;Querschnitt733;Querschnitt733;Geraet764;3;9906533;48.184753418;11.7200603485;733;24.5;;Betriebsstatus3;Streckenstation284;SSTQ14;1;Fahrbahnteil1;UZ Holzkirchen;A99 Richtung Lindau;Richtungtrue
766;60165;Querschnitt751;MQ44_Sbg_H;DET44_Sbg_H3;35;9906784;48.20415693;11.45459202;751;10.584;;Betriebsstatus3;Streckenstation290;SST44;1;Fahrbahnteil1;UZ Aubing;A99 Richtung Salzburg;Richtungfalse
767;55398;Querschnitt754;MQ45_Sbg_H;DET45_Sbg_H3;35;9906802;48.20413807;11.45485058;754;10.828;;Betriebsstatus3;Streckenstation291;SST45;1;Fahrbahnteil1;UZ Aubing;A99 Richtung Salzburg;Richtungfalse
768;55934;Querschnitt758;MQ46_Sbg_H;DET46_Sbg_H3;35;9906817;48.20412734;11.45512709;758;11.028;;Betriebsstatus3;Streckenstation292;SST46;1;Fahrbahnteil1;UZ Aubing;A99 Richtung Salzburg;Richtungfalse
769;63419;Querschnitt5390;AQAQ202-Mch;WZGAQ202-Mch_C2;108;9416255;48.1437146283328;11.77391446618;5390;11.075;;Betriebsstatus1;Streckenstation1461;SSTAQ202;4;Fahrbahnteil1;UZ Riem;A94 Richtung M.-Zentrum;Richtungtrue
770;63418;Querschnitt5173;AQAQ01-Mch;WZGAQ01-Mch_C2;108;9416276;48.1483999456059;11.7843223606799;5173;12.01;;Betriebsstatus1;Streckenstation1397;SSTAQ01;4;Fahrbahnteil1;UZ Riem;A94 Richtung M.-Zentrum;Richtungtrue
771;58749;Querschnitt879;Querschnitt879;Geraet886;3;9916617;48.1611404419;11.7467298508;879;28.4;;Betriebsstatus3;Streckenstation335;SSTQ1;1;Fahrbahnteil1;UZ Holzkirchen;A99 Richtung Lindau;Richtungtrue
772;56577;Querschnitt880;Querschnitt880;Geraet887;35;9916617;48.1526260376;11.7527303696;880;28.399;;Betriebsstatus3;Streckenstation335;SSTQ1;1;Fahrbahnteil1;UZ Holzkirchen;A99 Richtung Salzburg;Richtungfalse
773;60605;Querschnitt898;Querschnitt898;Geraet910;3;9916834;48.0738143921;11.7283763886;898;46.016;;Betriebsstatus3;Streckenstation342;SSTQ5;1;Fahrbahnteil1;UZ Holzkirchen;A99 Richtung Lindau;Richtungtrue
774;57800;Querschnitt899;Querschnitt899;Geraet913;35;9916834;48.0744018555;11.7278928757;899;46.016;;Betriebsstatus3;Streckenstation342;SSTQ5;1;Fahrbahnteil1;UZ Holzkirchen;A99 Richtung Salzburg;Richtungfalse
775;63221;Querschnitt1000;MQB30b_Stg_H;DETB30b_Stg_H3;3;9919883;48.0304777709708;11.6659473452601;1000;52.42;;Betriebsstatus1;Streckenstation385;SSTB30b;1;Fahrbahnteil1;UZ Aschheim;A99 Richtung Lindau;Richtungtrue
776;64330;Querschnitt5820;WS_GMAQ89_Mch_H;WUD_WFD_Q89_Mch_H;102;807373;47.8219297581253;11.9742248786818;5820;47.02;80000869;Betriebsstatus1;Streckenstation55;SSTQ89;3;Fahrbahnteil1;UZ Holzkirchen;A8-Ost Richtung M.-Zentrum;Richtungtrue
777;64379;Querschnitt132;WS_GMAQ89_Sbg_H;WUD_WFD_Q89_Sbg_H;82;807373;47.8215454477926;11.9741662622272;132;47.02;80000869;Betriebsstatus1;Streckenstation55;SSTQ89;3;Fahrbahnteil1;UZ Holzkirchen;A8-Ost Richtung Salzburg;Richtungfalse
778;63471;Querschnitt471_360_1;MQ_B471_360_000_Obs;DET_B471_360_000_Obs_H1;1;10471027;48.23974522;11.373411;6901;360.0;;Betriebsstatus1;Steckenstation471_360;SST_B471_360_000_Ffb;1;Fahrbahnteil1;UZ Aubing;B471 Richtung Ost;Richtungtrue
779;63453;Querschnitt471_360_2;MQ_B471_360_000_Ffb;DET_B471_360_000_Ffb_H1;33;10471027;48.24075001;11.37312482;6902;360.0;;Betriebsstatus1;Steckenstation471_360;SST_B471_360_000_Ffb;1;Fahrbahnteil1;UZ Aubing;B471 Richtung West;Richtungfalse
780;63459;Querschnitt471_360_3;BMS_B471_360_000_Ffb;BMS_B471_360_000_Ffb_Tuer;1;10471027;48.23892246;11.3741834;6903;360.0;;Betriebsstatus1;Steckenstation471_360;SST_B471_360_000_Ffb;6;;UZ Aubing;B471 Richtung West;Richtungfalse
781;63434;Querschnitt471_380_1;MQ_B471_380_000_Ffb;DET_B471_380_000_Ffb_H1;33;10471031;48.24051759;11.38316986;6904;380.0;;Betriebsstatus1;Steckenstation471_380;SST_B471_380_000_Obs;1;Fahrbahnteil1;UZ Aubing;B471 Richtung West;Richtungfalse
782;63451;Querschnitt471_380_5;BMS_B471_380_000_Obs;BMS_B471_380_000_Obs_Netz;4;10471031;48.24102391;11.37873185;6908;380.0;;Betriebsstatus1;Steckenstation471_380;SST_B471_380_000_Obs;6;;UZ Aubing;B471 Richtung Ost;Richtungtrue
783;68007;Querschnitt7665;GMA_99_27500_Sbg_HK;WUD_99_27500_Sbg_HK;33;9918035;48.2019538558429;11.6617361795666;;27.5;;Betriebsstatus1;Streckenstation2199;SST_99_27500_Sbg;3;;UZ Aschheim;;
784;67779;Querschnitt7666;MQ_99_27800_Sbg;DZ_99_27800_Sbg_H5;37;9918059;48.2006666558406;11.6653362120941;;27.8;;Betriebsstatus1;Streckenstation2200;SST_99_27800_Sbg;1;;UZ Aschheim;;
785;67937;Querschnitt7609;GMA_HK_99-9-B10-Stg;WUD_HK_99-9-B10-Stg;5;9917842;48.2190721330298;11.6344845991607;;24.736;;Betriebsstatus1;Streckenstation2187;SST99-784;3;;UZ Aschheim;;
786;67594;Querschnitt7610;WWQ_99_24425_Stg;WZG_99_24425_Stg_PW3;132;9907809;48.2203881699474;11.6310032059287;;24.425;;Betriebsstatus1;Streckenstation2188;SST_99_24435_Stg;4;;UZ Aschheim;;
787;67538;Querschnitt7611;BMS_99_24435_Stg;BMS_99_24435_Stg_Heiz;5;9907809;48.22041;11.63118;;24.435;;Betriebsstatus1;Streckenstation2188;SST_99_24435_Stg;6;;UZ Aschheim;;
788;67860;Querschnitt7612;WZG_99_24425_Stg_Bel;WZG_99_24425_Stg_BelUEW4;13;9907809;48.22047;11.63109;;24.435;;Betriebsstatus1;Streckenstation2188;SST_99_24435_Stg;6;;UZ Aschheim;;
789;67815;Querschnitt7613;GMA_99_24425_Stg_HK;WUD_99_24425_Stg_HK;1;9907809;48.2204918026701;11.6310709807948;;24.425;;Betriebsstatus1;Streckenstation2188;SST_99_24435_Stg;3;;UZ Aschheim;;
790;67903;Querschnitt7614;WWQ_99_24765_Stg;WZG_99_24765_Stg_PW3;132;9907835;48.2184655954344;11.6345627471318;;24.765;;Betriebsstatus1;Streckenstation2189;SST_99_24780_Stg;4;;UZ Aschheim;;
791;67790;Querschnitt7615;BMS_99_24780_Stg;BMS_99_24780_Stg_Heiz;5;9907835;48.21831;11.63508;;24.78;;Betriebsstatus1;Streckenstation2189;SST_99_24780_Stg;6;;UZ Aschheim;;
792;67718;Querschnitt7616;WZG_99_24765_Stg_Bel;WZG_99_24765_Stg_BelUEW4;13;9907835;48.21853;11.63467;;24.78;;Betriebsstatus1;Streckenstation2189;SST_99_24780_Stg;6;;UZ Aschheim;;
793;63995;Querschnitt6904;AQ_B471_25165_Dah;WZG_B471_25165_Dah_BL1;229;10471025;48.2328;11.34808;;25.165;;Betriebsstatus1;Streckenstation2020;SST_B471_25155_Dah;4;;UZ Aubing;;
794;63733;Querschnitt6905;BMS_B471_25155_Dah;BMS_B471_25155_Dah_Tür;35;10471025;48.23266;11.34798;;25.155;;Betriebsstatus1;Streckenstation2020;SST_B471_25155_Dah;6;;UZ Aubing;;
795;63891;Querschnitt6906;AQ_B471_24958_Dah;WZG_B471_24958_Dah_BL1;233;10471024;48.23126;11.34654;;24.958;;Betriebsstatus1;Streckenstation2021;SST_B471_24943_Dah;4;;UZ Aubing;;
796;63905;Querschnitt6907;BMS_B471_24943_Dah;BMS_B471_24943_Dah_Tür;35;10471024;48.23112;11.34646;;24.943;;Betriebsstatus1;Streckenstation2021;SST_B471_24943_Dah;6;;UZ Aubing;;
797;62976;QuerschnittVD_9901;VD_9901;9901;0;9907972;48.20636613;11.65244555;;26.5;;Betriebsstatus1;Streckenstation720;SST99-110;10;Fahrbahnteil1;UZ Aschheim;;
798;63853;Querschnitt6908;AQ_B471_24741_Dah;WZG_B471_24741_Dah_BL1;233;10471023;48.23004;11.34437;;24.741;;Betriebsstatus1;Streckenstation2022;SST_B471_24734_Dah;4;;UZ Aubing;;
799;63922;Querschnitt6909;BMS_B471_24734_Dah;BMS_B471_24734_Dah_Tür;35;10471023;48.22997;11.34431;;24.734;;Betriebsstatus1;Streckenstation2022;SST_B471_24734_Dah;6;;UZ Aubing;;
800;63805;Querschnitt6928;AQ_99_AS10_0350_RS;WZG_99_AS10_0350_RS_LSA2;132;9916963;48.2093756686565;11.4866277643075;;12.97;;Betriebsstatus1;Streckenstation2028;SST_99_AS10_0300_RS;4;;UZ Aubing;;
801;63997;Querschnitt6929;BMS_99_AS10_0300_RS;BMS_99_AS10_0300_RS_HOEKCL;9;9916963;48.20955;11.48655;;12.97;;Betriebsstatus1;Streckenstation2028;SST_99_AS10_0300_RS;6;;UZ Aubing;;
802;63876;Querschnitt6945;GMA_HK_99_10380_Sbg;WUD_99_10380_Sbg_HK;62;9906757;48.2045297194121;11.4540500106887;;10.38;;Betriebsstatus1;Streckenstation289;SST_99_10220_Sbg;3;;UZ Aubing;A99 Richtung Salzburg;Richtungfalse
803;64497;Querschnitt7069;MQ_B471_23250_Mch;DET_B471_23250_Mch_H1;33;9918229;48.20223;11.70228;;23.25;;Betriebsstatus1;Streckenstation2078;SST_B471_23250_Mch;1;Fahrbahnteil1;UZ Aschheim;;
804;64661;Querschnitt7070;BMS_B471_23250_Mch;BMS_B471_23250_Mch_Netz;4;9918229;48.2022;11.70219;;23.25;;Betriebsstatus1;Streckenstation2078;SST_B471_23250_Mch;6;;UZ Aschheim;;
805;64567;Querschnitt7056;MQ_99_ASAsh_0410_DC;DET_99_ASAsh_0410_DC_E1;161;9908207;48.1930708430133;11.6906904599111;;29.84;;Betriebsstatus1;Streckenstation2074;SST_99_ASAsh_0530_AM;1;Fahrbahnteil3;UZ Aschheim;;
806;64610;Querschnitt7055;MQ_99_ASAsh_0235_BE;DET_99_ASAsh_0235_BE_A1;97;9908207;48.1932518455521;11.6899483109128;;29.84;;Betriebsstatus1;Streckenstation2074;SST_99_ASAsh_0530_AM;1;Fahrbahnteil4;UZ Aschheim;;
807;64447;Querschnitt7052;MQ_99_ASAsh_0480_HL;DET_99_ASAsh_0480_HL_E1;97;9908237;48.1920904985895;11.6956881826847;;30.22;;Betriebsstatus1;Streckenstation2073;SST_99_ASAsh_0920_AM;1;Fahrbahnteil3;UZ Aschheim;;
808;64411;Querschnitt7054;WWQ_99_ASAsh_0530_AM;WZG_99_ASAsh_0530_AM_WTA1;34;9908207;48.1933;11.69007;;29.81;;Betriebsstatus1;Streckenstation2074;SST_99_ASAsh_0530_AM;6;Fahrbahnteil2;UZ Aschheim;;
809;64666;Querschnitt7036;MQ_99_ASAsh_0390_RQ;DET_99_ASAsh_0390_RQ_E1;129;9918241;48.1931521793986;11.6953589748028;;30.23;;Betriebsstatus1;Streckenstation2080;SST_99_ASAsh_0520_NZ;1;Fahrbahnteil3;UZ Aschheim;;
810;64435;Querschnitt7033;MQ_99_ASAsh_0600_VY;DET_99_ASAsh_0600_VY_E1;129;9918211;48.1941577304836;11.6903913421833;;29.85;;Betriebsstatus1;Streckenstation2069;SST_99_ASAsh_0920_NZ;1;Fahrbahnteil3;UZ Aschheim;;
811;64669;Querschnitt7026;MQ_GVS_1000_Mch;DET_GVS_1000_Mch_H1;33;9908375;48.1848711113541;11.7180417162148;;1.0;;Betriebsstatus1;Streckenstation2067;SST_GVS_1000_Mch;1;Fahrbahnteil1;UZ Aschheim;;
812;67705;Querschnitt7617;GMA_99_24765_Stg_HK;WUD_99_24765_Stg_HK;1;9907835;48.2185233455546;11.6347018715497;;24.765;;Betriebsstatus1;Streckenstation2189;SST_99_24780_Stg;3;;UZ Aschheim;;
813;67026;Querschnitt7597;MQDZ_Neubiberg_Mch;DET_Neubiberg_Mch_H2;34;0;48.07303;11.62617;;3.7;;;Streckenstation2182;Neubiberg;1;;LVE - UZ Freimann;;
814;67024;Querschnitt7596;MQDZ_Neubiberg_Sbg;DET_Neubiberg_Sbg_H2;2;0;48.07292;11.62595;;3.7;;;Streckenstation2182;Neubiberg;1;;LVE - UZ Freimann;;
815;67568;Querschnitt7603;AQ_9_AKMNo_0720_PS;WZG_9_AKMNo_0720_PS_A1;167;909694;48.218629888076;11.6327131743721;;0.72;;Betriebsstatus1;Streckenstation2186;SST_9_AKMNo_0730_PS;4;;UZ Aschheim;;
816;67854;Querschnitt7604;BMS_9_AKMNo_0730_PS;BMS_9_AKMNo_0730_PS_Heiz;5;909694;48.2186;11.6325;;0.73;;Betriebsstatus1;Streckenstation2186;SST_9_AKMNo_0730_PS;6;;UZ Aschheim;;
817;67789;Querschnitt7605;GMA_9_AKMNo_0720_PS_HK;WUD_9_AKMNo_0720_PS_HK;1;909694;48.2186255713237;11.6326829728056;;0.72;;Betriebsstatus1;Streckenstation2186;SST_9_AKMNo_0730_PS;3;;UZ Aschheim;;
818;67612;Querschnitt7606;MQ99-786-Stg_H;DET99-786-Stg_H2;66;9917842;48.2183131090574;11.6348291501909;;24.705;;Betriebsstatus1;Streckenstation2187;SST99-784;1;;UZ Aschheim;;
819;67675;Querschnitt7646;GMA_99_26040_Stg_HK;WUD_99_26040_Stg_HK;1;9907929;48.2105299741959;11.6470098352696;;26.04;;Betriebsstatus1;Streckenstation2195;SST_99_26050_Stg;3;;UZ Aschheim;;
820;68003;Querschnitt7656;AQ_99_26825_Stg;WZG_99_26825_Stg_WVLT;129;9907989;48.2056642597548;11.6545470559601;;26.825;;Betriebsstatus1;Streckenstation2197;SST_99_26855_Stg;4;;UZ Aschheim;;
821;67862;Querschnitt7679;AQ_99_31800_Sbg;WZG_99_31800_Sbg_WVLT;161;9918352;48.1868529691125;11.7148310184878;;31.8;;Betriebsstatus1;Streckenstation2202;SST_99_31760_Sbg;4;;UZ Aschheim;;
822;67539;Querschnitt7685;PW_99_32515_Stg;WZG_99_32135_Stg_PW1;163;9908376;48.1852081017732;11.7185839073358;;32.135;;Betriebsstatus1;Streckenstation2203;SST_99_32080_Stg;4;;UZ Aschheim;;
823;67416;Querschnitt7695;MQ_96_160972_Lin;DET_96_160972_Lin_H1;177;9619723;48.1171443663907;11.3800866523896;;160.97;;Betriebsstatus1;Streckenstation2205;SST_96_161002_Lin;1;;UZ Germering;;
824;67262;Querschnitt7700;GMA_96_160992_Lin;WUD_96_160992_Lin_SW;90;9619723;48.1172401138947;11.3801274887126;;160.99;99000010;Betriebsstatus1;Streckenstation2205;SST_96_161002_Lin;3;;UZ Germering;;
825;67108;Querschnitt7701;MQ_96_160770_Lin;DET_96_160770_Lin_H1;177;9619718;48.1171583551911;11.3771274116426;;160.77;;Betriebsstatus1;Streckenstation2206;SST_96_160800_Lin;4;;UZ Germering;;
826;67317;Querschnitt7722;BMS_96_159051_Lin;BMS_96_159051_Lin_ReduFG4-1;129;9619677;48.11258;11.35529;;159.05;;Betriebsstatus1;Streckenstation2212;SST_96_159051_Lin;6;;UZ Germering;;
827;67078;Querschnitt7723;WUD_96_159021_Lin;WUD_96_159021_Lin_HK;61;9619677;48.1124805136175;11.3549305268462;;159.02;;Betriebsstatus1;Streckenstation2212;SST_96_159051_Lin;3;;UZ Germering;;
828;67183;Querschnitt7724;MQ_96_155360_Lin;DET_96_155360_Lin_H1;177;9619593;48.0964664136682;11.3146289547119;;155.36;;Betriebsstatus1;Streckenstation2213;SST_96_155390_Lin;1;;UZ Germering;;
829;67125;Querschnitt7741;AQ_96_AS33_GIL_065;WZG_96_AS33_GIL_065_LSA2;164;9616005;48.0977918782097;11.3091912747892;;0.03;;Betriebsstatus1;Streckenstation2217;SST_96_AS33_GIL_065;4;;UZ Germering;;
830;67313;Querschnitt7751;MQ_96_153950_Lin;DET_96_153950_Lin_H1;177;9619558;48.0936960353978;11.295989244947;;153.95;;Betriebsstatus1;Streckenstation2219;SST_96_153900_Lin;1;;UZ Germering;;
831;67418;Querschnitt7763;BMS_96_153588_Lin;BMS_96_153588_Lin_ReduFG4;129;9619551;48.09329;11.29124;;153.59;;Betriebsstatus1;Streckenstation2220;SST_96_153588_Lin;6;;UZ Germering;;
832;67195;Querschnitt7764;WUD_96_153558_Lin;WUD_96_153558_Lin_HK;61;9619551;48.0932676447367;11.2907659505409;;153.56;;Betriebsstatus1;Streckenstation2220;SST_96_153588_Lin;3;;UZ Germering;;
833;68364;Querschnitt7876;VLT_B2n_010000_Mch;BMS_B2n_010000_Mch_HOEK;9;217313;47.543305;11.121179;;88.09;;Betriebsstatus1;Streckenstation2238;SST_B2n_010000_Mch;6;;UZ Oberau;;
834;68095;Querschnitt7887;AQ_B2n_009000_Mch;WZG_B2n_009000_Mch_WTA1;73;217299;47.550015;11.128744;;87.09;;Betriebsstatus1;Streckenstation2242;SST_B2n_009000_Mch;4;;UZ Oberau;;
835;63868;Querschnitt6917;AQ_99_10155_Sbg;HS_99_10165_Sbg_HS2;170;9906752;48.2044059420691;11.4510906330786;;10.155;;Betriebsstatus1;Streckenstation2033;SST_99_10155_Sbg;4;;UZ Aubing;A99 Richtung Salzburg;Richtungfalse
836;63841;Querschnitt5081;BMS_99_10220_Sbg;BMS_99_10220_Sbg_ReduFG4;129;9906757;48.20430749;11.45161918;5081;10.22;;Betriebsstatus1;Streckenstation289;SST_99_10220_Sbg;6;Fahrbahnteil1;UZ Aubing;A99 Richtung Salzburg;Richtungfalse
837;63480;Querschnitt_A7_963_2;MQ_A7_963_419_Fue;MQ_A7_963_419_Fue_DET1;33;719982;47.53745141;10.67220017;6898;963.419;;Betriebsstatus1;Steckenstation_A7_963;SST_A7_963_419_Fue;1;Fahrbahnteil1;UZ Füssen;A7 Richtung Füssen;Richtungtrue
838;64292;Querschnitt6985;GMA_Windach_Lin;WUD_WFD_Windach_Lin;82;9619105;48.07341;11.0362;;133.92;80000822;Betriebsstatus1;Streckenstation2050;Windach;3;;GMA - UZ Starnberg;A96 Richtung Lindau;Richtungtrue
839;66315;Querschnitt7350;BMS_96_140924_Lin_Re;BMS_96_140924_Lin_ReduFG4;129;9619258;48.07877;11.12794;;140.924;;Betriebsstatus1;Streckenstation2131;SST_96_140924_Lin;6;;UZ Eching/Etterschlag;A96 Richtung Lindau;Richtungtrue
840;67701;Querschnitt7618;WWQ_99_25130_Stg;WZG_99_25130_Stg_PW3;135;9907862;48.2162947037276;11.6382670692694;;25.13;;Betriebsstatus1;Streckenstation2190;SST_99_25150_Stg;4;;UZ Aschheim;;
841;67682;Querschnitt7619;BMS_99_25150_Stg;BMS_99_25150_Stg_Heiz;5;9907862;48.21625;11.63863;;25.15;;Betriebsstatus1;Streckenstation2190;SST_99_25150_Stg;6;;UZ Aschheim;;
842;67746;Querschnitt7620;WZG_99_25130_Stg_Bel;WZG_99_25130_Stg_BelUEW6;15;9907862;48.21638;11.63841;;25.15;;Betriebsstatus1;Streckenstation2190;SST_99_25150_Stg;6;;UZ Aschheim;;
843;67537;Querschnitt7621;GMA_99_25130_Stg_HK;WUD_99_25130_Stg_HK;1;9907862;48.216425650384;11.6383812256433;;25.13;;Betriebsstatus1;Streckenstation2190;SST_99_25150_Stg;3;;UZ Aschheim;;
844;67624;Querschnitt7622;MQ_99_25377_Sbg;DET_99_25377_Sbg_H3;35;9917879;48.2147034985325;11.6402582916676;;25.377;;Betriebsstatus1;Streckenstation2191;SST_99_25370_Sbg;1;;UZ Aschheim;;
845;67712;Querschnitt7623;MQ_99_25377_AT_Sbg;DET_99_25377_AT_Sbg_E2;162;9917879;48.2146053293313;11.6401164675506;;25.377;;Betriebsstatus1;Streckenstation2191;SST_99_25370_Sbg;1;;UZ Aschheim;;
846;67808;Querschnitt7624;AQ_99_25377_AT_Sbg;WZG_99_25377_AT_Sbg_PW1;161;9917879;48.2144948165843;11.6402756594643;;25.377;;Betriebsstatus1;Streckenstation2191;SST_99_25370_Sbg;4;;UZ Aschheim;;
847;67833;Querschnitt7634;GMA_99_25381_Stg_HK;WUD_99_25381_Stg_HK;1;9907880;48.2148039540283;11.6408577886991;;25.381;;Betriebsstatus1;Streckenstation2192;SST_99_25388_Stg;3;;UZ Aschheim;;
848;67952;Querschnitt7635;WWQ_99_25600_Stg;WZG_99_25600_Stg_PW3;135;9907896;48.2132999817019;11.6427273843115;;25.6;;Betriebsstatus1;Streckenstation2193;SST_99_25600_Stg;4;;UZ Aschheim;;
849;67999;Querschnitt7636;BMS_99_25600_Stg;BMS_99_25600_Stg_Heiz;5;9907896;48.21323;11.64323;;25.6;;Betriebsstatus1;Streckenstation2193;SST_99_25600_Stg;6;;UZ Aschheim;;
850;67717;Querschnitt7637;WZG_99_25600_Stg_Bel;WZG_99_25600_Stg_BelUEW6;15;9907896;48.21337;11.64288;;25.6;;Betriebsstatus1;Streckenstation2193;SST_99_25600_Stg;3;;UZ Aschheim;;
851;67579;Querschnitt7638;MQ_99_26020_Sbg;DET_99_26020_Sbg_H5;37;9917925;48.210530575378;11.6462360593659;;26.02;;Betriebsstatus1;Streckenstation2194;SST_99_25995_Sbg;1;;UZ Aschheim;;
852;63926;Querschnitt6912;AQ_99_18390_Stg;WZG_99_18390_Stg_WTA1;233;9917364;48.2267777090748;11.5526485898355;;18.39;;Betriebsstatus1;Streckenstation2024;SST_99_18420_Stg;4;;UZ Aubing;A99 Richtung Lindau;Richtungtrue
853;67547;Querschnitt7660;BMS_99_27370_Stg;BMS_99_27370_Stg_Heiz;5;9908027;48.20292;11.66062;;27.37;;Betriebsstatus1;Streckenstation2198;SST_99_27370_Stg;6;;UZ Aschheim;;
854;67621;Querschnitt7661;WZG_99_27350_Stg_Bel;WZG_99_27350_Stg_BelUEW6;15;9908027;48.203;11.66038;;27.37;;Betriebsstatus1;Streckenstation2198;SST_99_27370_Stg;6;;UZ Aschheim;;
855;67667;Querschnitt7662;GMA_99_27350_Stg_HK;WUD_99_27350_Stg_HK;1;9908027;48.2030223943292;11.6603858790849;;27.35;;Betriebsstatus1;Streckenstation2198;SST_99_27370_Stg;3;;UZ Aschheim;;
856;68023;Querschnitt7663;AQ_99_27500_Sbg;WZG_99_27500_Sbg_D1;33;9918035;48.2019614590881;11.6617503101915;;27.5;;Betriebsstatus1;Streckenstation2199;SST_99_27500_Sbg;4;;UZ Aschheim;;
857;67569;Querschnitt7664;BMS_99_27500_Sbg;BMS_99_27500_Sbg_Heiz;5;9918035;48.20188;11.66185;;27.5;;Betriebsstatus1;Streckenstation2199;SST_99_27500_Sbg;6;;UZ Aschheim;;
858;67972;Querschnitt7667;AQ_99_27814_Sbg;WZG_99_27814_Sbg_WVLT;161;9918059;48.2006041638696;11.6654947214287;;27.814;;Betriebsstatus1;Streckenstation2200;SST_99_27800_Sbg;4;;UZ Aschheim;;
859;67661;Querschnitt7668;BMS_99_27800_Sbg;BMS_99_27800_Sbg_Heiz;5;9918059;48.20055;11.66526;;27.8;;Betriebsstatus1;Streckenstation2200;SST_99_27800_Sbg;6;;UZ Aschheim;;
860;67581;Querschnitt7669;GMA_99_27814_Sbg_HK;WUD_99_27814_Sbg_HK;1;9918059;48.2005262631208;11.6653801643634;;27.814;;Betriebsstatus1;Streckenstation2200;SST_99_27800_Sbg;3;;UZ Aschheim;;
861;67613;Querschnitt7670;MQ_99_27900_Stg;DZ_99_27900_Stg_H5;5;9908067;48.2004511838859;11.6665978187274;;27.9;;Betriebsstatus1;Streckenstation2201;SST_99_27915_Stg;1;;UZ Aschheim;;
862;67902;Querschnitt7671;AQ_99_27885_Stg;WZG_99_27885_Stg_WVLT;129;9908067;48.2005099731964;11.6664517125118;;27.885;;Betriebsstatus1;Streckenstation2201;SST_99_27915_Stg;4;;UZ Aschheim;;
863;67604;Querschnitt7672;BMS_99_27915_Stg;BMS_99_27915_Stg_Heiz;5;9908067;48.20049;11.66679;;27.915;;Betriebsstatus1;Streckenstation2201;SST_99_27915_Stg;6;;UZ Aschheim;;
864;67510;Querschnitt7673;GMA_99_27885_Stg_HK;WUD_99_27885_Stg_HK;1;9908067;48.2005939693912;11.6665382404272;;27.885;;Betriebsstatus1;Streckenstation2201;SST_99_27915_Stg;3;;UZ Aschheim;;
865;67610;Querschnitt7677;WS_99_27900_Stg;WUD_99_27900_Stg_NS;17;9908067;48.2005404730789;11.6666817691517;;27.9;;Betriebsstatus1;Streckenstation2201;SST_99_27915_Stg;3;;UZ Aschheim;;
866;67837;Querschnitt7678;MQ_99_31800_Sbg;DET_99_31800_Sbg_H5;37;9918352;48.1869525477255;11.7146090711508;;31.8;;Betriebsstatus1;Streckenstation2202;SST_99_31760_Sbg;1;;UZ Aschheim;;
867;67654;Querschnitt7684;AQ_99_32050_Stg;WZG_99_32050_Stg_WVLT;129;9908376;48.1857394804922;11.7177726461591;;32.05;;Betriebsstatus1;Streckenstation2203;SST_99_32080_Stg;4;;UZ Aschheim;;
868;68017;Querschnitt7680;PW_99_32000_Sbg;WZG_99_32000_Sbg_PW1;164;9918352;48.1857678759941;11.7174025124764;;31.6;;Betriebsstatus1;Streckenstation2202;SST_99_31760_Sbg;4;;UZ Aschheim;;
869;67734;Querschnitt7681;BMS_99_31760_Sbg;BMS_99_31760_Sbg_Heiz;5;9918352;48.18694;11.71424;;31.76;;Betriebsstatus1;Streckenstation2202;SST_99_31760_Sbg;6;;UZ Aschheim;;
870;67872;Querschnitt7682;GMA_99_31800_Sbg_HK;WUD_99_31800_Sbg_HK;1;9918352;48.1867550592391;11.7146997550701;;31.8;;Betriebsstatus1;Streckenstation2202;SST_99_31760_Sbg;3;;UZ Aschheim;;
871;67818;Querschnitt7683;MQ_99_32050_Stg;DET_99_32050_Stg_H5;5;9908376;48.1856180447063;11.7180125213127;;32.05;;Betriebsstatus1;Streckenstation2203;SST_99_32080_Stg;1;;UZ Aschheim;;
872;67658;Querschnitt7686;BMS_99_32080_Stg;BMS_99_32080_Stg_Heiz;5;9908376;48.18568;11.71817;;32.08;;Betriebsstatus1;Streckenstation2203;SST_99_32080_Stg;6;;UZ Aschheim;;
873;67715;Querschnitt7687;GMA_99_32050_Stg_HK;WUD_99_32050_Stg_HK;1;9908376;48.1858447964809;11.7178377243114;;32.05;;Betriebsstatus1;Streckenstation2203;SST_99_32080_Stg;3;;UZ Aschheim;;
874;67730;Querschnitt7688;WS_99_32050_Stg;WUD_99_32060_Stg_NS;17;9908376;48.1858447964809;11.7178377243114;;32.05;;Betriebsstatus1;Streckenstation2203;SST_99_32080_Stg;3;;UZ Aschheim;;
875;67229;Querschnitt7747;WUD_96_AS33_GIL_065;WUD_96_AS33_GIL_065_HK1;61;9616005;48.097831691698;11.3091637542135;;0.03;;Betriebsstatus1;Streckenstation2217;SST_96_AS33_GIL_065;3;;UZ Germering;;
876;67463;Querschnitt7748;AQ_96_154530_Lin;WZG_96_154530_Lin_LSA1;178;9619574;48.0952925270563;11.3033946054854;;154.53;;Betriebsstatus1;Streckenstation2218;SST_96_154560_Lin;4;;UZ Germering;;
877;67354;Querschnitt7749;BMS_96_154560_Lin;BMS_96_154560_Lin_ReduFG4;129;9619574;48.09488;11.30141;;154.56;;Betriebsstatus1;Streckenstation2218;SST_96_154560_Lin;6;;UZ Germering;;
878;67263;Querschnitt7750;WUD_96_154530_Lin;WUD_96_154530_Lin_HK1;61;9619574;48.0953527693038;11.3033209469307;;154.53;;Betriebsstatus1;Streckenstation2218;SST_96_154560_Lin;3;;UZ Germering;;
879;67214;Querschnitt7752;AQ_96_153728_Lin;WZG_96_153728_Lin_DLZ1;179;9619558;48.0933661593875;11.2930814951864;;153.73;;Betriebsstatus1;Streckenstation2219;SST_96_153900_Lin;4;;UZ Germering;;
880;67492;Querschnitt7761;MQ_96_153588_Mch_DZ;DET_96_153588_Mch_DZ_H1;145;9619551;48.0930234799225;11.2912210186957;;153.59;;Betriebsstatus1;Streckenstation2220;SST_96_153588_Lin;1;;UZ Germering;;
881;67051;Querschnitt7762;AQ_96_153558_Lin;WZG_96_153558_Lin_DLZ1;177;9619551;48.0931753423021;11.2908105810239;;153.56;;Betriebsstatus1;Streckenstation2220;SST_96_153588_Lin;4;;UZ Germering;;
882;68324;Querschnitt7877;AQ_B2n_009600_Mch;WZG_B2n_009600_Mch_C1;73;217307;47.546074;11.123286;;87.69;;Betriebsstatus1;Streckenstation2239;SST_B2n_009600_Mch;4;;UZ Oberau;;
883;68732;Querschnitt7880;AQ_B2n_009400_Mch;WZG_B2n_009400_Mch_Z131_L;130;217304;47.547337;11.125127;;87.49;;Betriebsstatus1;Streckenstation2240;SST_B2n_009400_Mch;4;;UZ Oberau;;
884;63966;Querschnitt5066;WS_GMA_99_10180_Sbg;WUD_99_10180_Sbg_RS;75;9916754;48.20451745;11.4438974;5066;104.3;;Betriebsstatus3;Streckenstation338;SST_99_10180_Stg;3;Fahrbahnteil1;UZ Aubing;A99a Richtung Stuttgart;Richtungtrue
885;66754;Querschnitt6974;BMS_92_3240_Mch;BMS_92_3240_Mch_Tür;35;9216085;48.25402;11.53247;;3.24;;Betriebsstatus1;Streckenstation2043;SST_92_3240_Mch;6;;UZ Freising;A92 Richtung M.-Zentrum;Richtungtrue
886;66651;Querschnitt7478;WUD_95_2434_Mch;WUD_95_2434_Mch_HK;61;9506098;48.0969444358404;11.4911246756338;;2.434;;Betriebsstatus1;Streckenstation2158;SST_95_2440_Mch;3;;UZ Germering;A95 Richtung M.-Zentrum;Richtungfalse
887;64540;Querschnitt7049;GMA_HK_99_ASAsh_0920_AM;WUD_HK_99_ASAsh_0920_AM;33;9908237;48.1923561292158;11.6950398652488;;30.2;;Betriebsstatus1;Streckenstation2073;SST_99_ASAsh_0920_AM;3;Fahrbahnteil2;UZ Aschheim;;
888;67282;Querschnitt7690;MQ_96_161150_Lin;DET_96_161150_Lin_H4;35;9619727;48.117199671253;11.382477838151;;161.15;;Betriebsstatus1;Streckenstation2204;SST_96_161180_Lin;1;;UZ Germering;;
889;67101;Querschnitt7694;WUD_96_161150_Lin;WUD_96_161150_Lin_HK;61;9619727;48.1172917661496;11.382235070368;;161.15;;Betriebsstatus1;Streckenstation2204;SST_96_161180_Lin;3;;UZ Germering;;
890;63417;Geraet5393_1;MQAQ202-Mch-A;DETAQ202-Mch-A1;65;9416255;48.1438161851296;11.7740813793976;6961;11.095;;Betriebsstatus1;Streckenstation1461;SSTAQ202;1;Fahrbahnteil4;UZ Riem;A94 Richtung M.-Zentrum;Richtungtrue
891;63351;Querschnitt16004;MQ_2_89000_Gap;DET_VE201_Gap_H2;34;9519570;47.5358435;11.11877274;6942;89.0;;Betriebsstatus1;160;SST_2_89250_Gap;1;Fahrbahnteil1;Tunnel Farchant;B2-Süd Garmisch;Richtungtrue
892;63385;Querschnitt16602;MQ_2_90411_Gap;DET_VE205_Gap_H2;34;9519616;47.52439888;11.12252;6949;90.411;;Betriebsstatus1;166;SST_2_90400_Gap;1;Fahrbahnteil1;Tunnel Farchant;B2-Süd Garmisch;Richtungtrue
893;66311;Querschnitt7404;BMS_96_146447_Mch_Re;BMS_96_146447_Mch_ReduFG4;129;9619386;48.08473;11.19912;;146.447;;Betriebsstatus1;Streckenstation2140;SST_96_146447_Mch;6;;UZ Eching/Etterschlag;A96 Richtung M.-Zentrum;Richtungfalse
894;63347;Querschnitt16001;MQ_2_89000_Mch;DET_VE111_Mch_H2;2;9519570;47.53577496;11.11860831;6939;88.75;;Betriebsstatus1;160;SST_2_89250_Gap;1;Fahrbahnteil1;Tunnel Farchant;B2-Süd München;Richtungfalse
895;63345;Querschnitt16002;MQ_2_89360_Mch;DET_VE109_Mch_H2;10;9519570;47.53222469;11.12111453;6940;89.0;;Betriebsstatus1;160;SST_2_89250_Gap;1;Fahrbahnteil1;Tunnel Farchant;B2-Süd München;Richtungfalse
896;63341;Querschnitt16003;MQ_2_89407_Gap;DET_VE223_Gap_H2;18;9519591;47.53059888;11.12270001;6941;89.36;;Betriebsstatus1;165;SST_2_89770_Gap;1;Fahrbahnteil1;Tunnel Farchant;B2-Süd München;Richtungfalse
897;63352;Querschnitt16005;MQ_2_89360_Gap;DET_VE203_Gap_H2;42;9519570;47.53234304;11.12165229;6943;89.36;;Betriebsstatus1;160;SST_2_89250_Gap;1;Fahrbahnteil1;Tunnel Farchant;B2-Süd Garmisch;Richtungtrue
898;63367;Querschnitt16501;MQ_2_89682_Gap;DET_VE123_Mch_H2;2;9519591;47.53027337;11.12230665;6944;89.407;;Betriebsstatus1;165;SST_2_89770_Gap;1;Fahrbahnteil1;Tunnel Farchant;B2-Süd München;Richtungfalse
899;63371;Querschnitt16502;MQ_2_90127_Mch;DET_VE121_Mch_H2;10;9519591;47.52592889;11.12349;6945;90.127;;Betriebsstatus1;165;SST_2_89770_Gap;1;Fahrbahnteil1;Tunnel Farchant;B2-Süd München;Richtungfalse
900;63383;Querschnitt16503;MQ_2_90054_Gap;DET_VE221_Gap_H2;34;9519591;47.53577496;11.11860831;6946;89.682;;Betriebsstatus1;165;SST_2_89770_Gap;1;Fahrbahnteil1;Tunnel Farchant;B2-Süd Garmisch;Richtungtrue
901;63378;Querschnitt16601;MQ_2_90527_Mch;DET_VE105_Mch_H2;2;9519616;47.52422889;11.12302001;6948;90.527;;Betriebsstatus1;166;SST_2_90400_Gap;1;Fahrbahnteil1;Tunnel Farchant;B2-Süd München;Richtungfalse
902;63634;Querschnitt16701;MQ_2_90927_Mch;DET_VE163_Mch_H2;2;9519640;47.51977889;11.11972001;6950;90.927;;Betriebsstatus1;167;SST_2_91000_Gap;1;Fahrbahnteil1;Tunnel Farchant;B2-Süd München;Richtungfalse
903;63636;Querschnitt16702;MQ_2_91338_Mch;DET_VE161_Mch_H2;10;9519640;47.51798462;11.11719129;6951;91.338;;Betriebsstatus1;167;SST_2_91000_Gap;1;Fahrbahnteil1;Tunnel Farchant;B2-Süd München;Richtungfalse
904;63638;Querschnitt16703;MQ_2_90791_Gap;DET_VE261_Gap_H2;34;9519640;47.52217369;11.12130274;6952;90.791;;Betriebsstatus1;167;SST_2_91000_Gap;1;Fahrbahnteil1;Tunnel Farchant;B2-Süd Garmisch;Richtungtrue
905;63642;Querschnitt16801;MQ_2_91718_Mch;DET_VE103_Mch_H2;2;9519670;47.51607125;11.11198002;6954;91.718;;Betriebsstatus1;168;SST_2_91750_Gap;1;Fahrbahnteil1;Tunnel Farchant;B2-Süd München;Richtungfalse
906;63644;Querschnitt16802;MQ_2_91920_Mch;DET_VE101_Mch_H2;10;9519670;47.51528142;11.10914404;6955;91.92;;Betriebsstatus1;168;SST_2_91750_Gap;1;Fahrbahnteil1;Tunnel Farchant;B2-Süd München;Richtungfalse
907;63645;Querschnitt16803;MQ_2_91920_Mch_E;DET_VE111_Mch_E1;129;9519670;47.51507753;11.10919548;6956;91.92;;Betriebsstatus1;168;SST_2_91750_Gap;1;Fahrbahnteil3;Tunnel Farchant;B2-Süd München;Richtungfalse
908;63647;Querschnitt16804;MQ_2_90920_Gap;DET_VE207_Gap_H2;34;9519670;47.51998889;11.1193;6957;91.92;;Betriebsstatus1;168;SST_2_91750_Gap;1;Fahrbahnteil1;Tunnel Farchant;B2-Süd Garmisch;Richtungtrue
909;63919;Querschnitt6915;BMS_99_8080_Sbg;BMS_99_8080_Sbg_HOEKCL;9;9906599;48.19277;11.43784;;8.08;;Betriebsstatus1;Streckenstation2025;SST_99_8080_Sbg;6;;UZ Aubing;A99 Richtung Salzburg;Richtungfalse
910;63875;Querschnitt6919;BMS_99_10155_Sbg;BMS_99_10155_Sbg_ReduFG4;129;9906752;48.20433;11.45108;;10.155;;Betriebsstatus1;Streckenstation2033;SST_99_10155_Sbg;6;;UZ Aubing;A99 Richtung Salzburg;Richtungfalse
911;63758;Querschnitt5903;BMS_99_10770_Stg;BMS_99_10770_Stg_ReduFG4;129;9916798;48.20604454;11.45881118;5903;10.77;;Betriebsstatus1;Streckenstation1616;SST_99_10770_Stg;6;Fahrbahnteil1;UZ Aubing;A99 Richtung Lindau;Richtungtrue
912;63986;Querschnitt6923;BMS_99a_103310_Mch;BMS_99a_103310_Mch_HOEKCL;9;9915755;48.20431;11.43051;;103.31;;Betriebsstatus1;Streckenstation2026;SST_99a_103310_Mch;6;;UZ Aubing;A99a Richtung Salzburg;Richtungfalse
913;64025;Querschnitt5909;BMS_99_10771_Sbg;BMS_99_10771_Sbg_ReduFG4;129;9906798;48.20572774;11.45891966;5909;10.771;;Betriebsstatus1;Streckenstation1617;SST_99_10771_Sbg;6;Fahrbahnteil1;UZ Aubing;A99 Richtung Salzburg;Richtungfalse
914;63969;Querschnitt6926;BMS_99a_104045_Mch;BMS_99a_104045_Mch_ReduFG4;129;9915922;48.20404;11.43994;;104.045;;Betriebsstatus1;Streckenstation2027;SST_99a_104045_Mch;6;;UZ Aubing;A99a Richtung Salzburg;Richtungfalse
915;63903;Querschnitt6932;BMS_99_12760_Stg_H;BMS_99_12760_Stg_HOEKCL;9;9916945;48.20934;11.48368;;12.76;;Betriebsstatus1;Streckenstation2029;SST_99_12760_Stg;6;;UZ Aubing;A99 Richtung Lindau;Richtungtrue
916;63795;Querschnitt6935;BMS_99_12532_Stg_H;BMS_99_12532_Stg_HOEKCL;9;9916928;48.20957;11.48074;;12.532;;Betriebsstatus1;Streckenstation2030;SST_99_12532_Stg;6;;UZ Aubing;A99 Richtung Lindau;Richtungtrue
917;63737;Querschnitt6938;BMS_99_11964_Stg;BMS_99_11964_Stg_ReduFG4;129;9916886;48.20991;11.47312;;11.964;;Betriebsstatus1;Streckenstation2031;SST_99_11964_Stg;6;;UZ Aubing;A99 Richtung Lindau;Richtungtrue
918;63975;Querschnitt6942;BMS_99_11680_Stg;BMS_99_11680_Stg_ReduFG4;129;9916865;48.20987;11.46934;;11.68;;Betriebsstatus1;Streckenstation2032;SST_99_11680_Stg;6;;UZ Aubing;A99 Richtung Lindau;Richtungtrue
919;63831;Querschnitt5059;BMS_99_12270_Stg;BMS_99_12270_Stg_ReduFG4;129;9916909;48.20986778;11.47756255;5059;12.27;;Betriebsstatus1;Streckenstation346;SST_99_12270_Stg;6;Fahrbahnteil1;UZ Aubing;A99 Richtung Lindau;Richtungtrue
920;64043;Querschnitt5060;BMS_99_11610_Stg;BMS_99_11610_Stg_ReduFG4;129;9916860;48.20955644;11.46654615;5060;11.61;;Betriebsstatus1;Streckenstation343;SST_99_11610_Stg;6;Fahrbahnteil1;UZ Aubing;A99 Richtung Lindau;Richtungtrue
921;63964;Querschnitt5074;BMS_99a_103777_Mch;BMS_99a_103777_Mch_ReduFG4;129;9919717;48.20402882;11.43701934;5074;103.777;;Betriebsstatus1;Streckenstation382;SST_99a_103777_Mch;6;Fahrbahnteil1;UZ Aubing;A99a Richtung Salzburg;Richtungfalse
922;63950;Querschnitt5075;BMS_99a_104491_Mch;BMS_99a_104491_Mch_ReduFG4;129;9919740;48.20409348;11.44593286;5075;104.491;;Betriebsstatus1;Streckenstation383;SST_99a_104491_Mch;6;Fahrbahnteil1;UZ Aubing;A99a Richtung Salzburg;Richtungfalse
923;63882;Querschnitt5076;BMS_99_9770_Sbg;BMS_99_9770_Sbg_ReduFG4;129;9906724;48.20414768;11.44592777;5076;9.77;;Betriebsstatus1;Streckenstation288;SST_99_9770_Sbg;6;Fahrbahnteil1;UZ Aubing;A99 Richtung Salzburg;Richtungfalse
924;63920;Querschnitt5087;BMS_99_9130_Sbg;BMS_99_9130_Sbg_ReduFG4;129;9906676;48.20169748;11.43858069;5087;9.13;;Betriebsstatus1;Streckenstation287;SST_99_9130_Sbg;6;Fahrbahnteil1;UZ Aubing;A99 Richtung Salzburg;Richtungfalse
925;64357;Querschnitt7002;AQ_A8O_54060_Sbg;AQ_A8O_45550_Sbg_GRA1;1;807361;47.8262193548701;11.9561976144733;;54.06;;Betriebsstatus1;Streckenstation2059;SST_A8O_45520_Sbg;4;;UZ Holzkirchen;A8-Ost Richtung Salzburg;Richtungfalse
926;64553;Querschnitt7059;AQ_99_29595_Sbg;WZG_99_29595_Stg_LED1;161;9908191;48.1941698488444;11.6874727100351;;29.595;;Betriebsstatus1;Streckenstation2075;SST_99_29575_Sbg;4;Fahrbahnteil1;UZ Aschheim;A99 Richtung Salzburg;Richtungfalse
927;66148;Querschnitt7324;BMS_96_138841_Mch_H;BMS_96_138813_Mch_ReduFG4;129;9619210;48.07516;11.10019;;138.813;;Betriebsstatus1;Streckenstation2126;SST_96_138813_Mch;6;;UZ Eching/Etterschlag;A96 Richtung M.-Zentrum;Richtungfalse
928;66188;Querschnitt7330;BMS_96_139106_Mch_Re;BMS_96_139106_Mch_ReduFG4;129;9619216;48.07532;11.10412;;139.106;;Betriebsstatus1;Streckenstation2127;SST_96_139106_Mch;6;;UZ Eching/Etterschlag;A96 Richtung M.-Zentrum;Richtungfalse
929;66090;Querschnitt7334;BMS_96_139224_Mch_Re;BMS_96_139224_Mch_ReduFG4;129;9619219;48.0754;11.10569;;139.224;;Betriebsstatus1;Streckenstation2128;SST_96_139224_Mch;6;;UZ Eching/Etterschlag;A96 Richtung M.-Zentrum;Richtungfalse
930;66325;Querschnitt7339;BMS_96_139374_Mch_Re;BMS_96_139374_Mch_ReduFG4;129;9619223;48.07566;11.10772;;139.374;;Betriebsstatus1;Streckenstation2129;SST_96_139374_Mch;6;;UZ Eching/Etterschlag;A96 Richtung M.-Zentrum;Richtungfalse
931;66332;Querschnitt7356;BMS_96_140674_Lin_Re;BMS_96_140674_Lin_ReduFG4;129;9619253;48.07858;11.12456;;140.674;;Betriebsstatus1;Streckenstation2132;SST_96_140674_Lin;6;;UZ Eching/Etterschlag;A96 Richtung Lindau;Richtungtrue
932;65999;Querschnitt7360;BMS_96_140525_Lin_Re;BMS_96_140525_Lin_ReduFG4;129;9619249;48.07843;11.12259;;140.525;;Betriebsstatus1;Streckenstation2133;SST_96_140525_Lin;6;;UZ Eching/Etterschlag;A96 Richtung Lindau;Richtungtrue
933;65970;Querschnitt7365;BMS_96_140375_Lin_Re;BMS_96_140375_Lin_ReduFG4;129;9619246;48.07826;11.12057;;140.375;;Betriebsstatus1;Streckenstation2134;SST_96_140375_Lin;6;;UZ Eching/Etterschlag;A96 Richtung Lindau;Richtungtrue
934;66029;Querschnitt7377;BMS_96_145404_Mch_H;BMS_96_145374_Mch_ReduFG4;129;9619361;48.08444;11.18502;;145.374;;Betriebsstatus1;Streckenstation2136;SST_96_145374_Mch;6;;UZ Eching/Etterschlag;A96 Richtung M.-Zentrum;Richtungfalse
935;66071;Querschnitt7384;BMS_96_145830_Mch_Re;BMS_96_145830_Mch_ReduFG4;129;9619372;48.08444;11.19072;;145.83;;Betriebsstatus1;Streckenstation2137;SST_96_145830_Mch;6;;UZ Eching/Etterschlag;A96 Richtung M.-Zentrum;Richtungfalse
936;66261;Querschnitt7389;BMS_96_145985_Mch_Re;BMS_96_145985_Mch_ReduFG4;129;9619375;48.08441;11.19281;;145.985;;Betriebsstatus1;Streckenstation2138;SST_96_145985_Mch;6;;UZ Eching/Etterschlag;A96 Richtung M.-Zentrum;Richtungfalse
937;66292;Querschnitt7395;BMS_96_146118_Mch_Re;BMS_96_146118_Mch_ReduFG4;129;9619378;48.0844;11.19459;;146.118;;Betriebsstatus1;Streckenstation2139;SST_96_146118_Mch;6;;UZ Eching/Etterschlag;A96 Richtung M.-Zentrum;Richtungfalse
938;66047;Querschnitt7407;BMS_96_147662_Lin_Re;BMS_96_147662_Lin_ReduFG4;129;9619414;48.08669;11.21502;;147.662;;Betriebsstatus1;Streckenstation2141;SST_96_147662_Lin;6;;UZ Eching/Etterschlag;A96 Richtung Lindau;Richtungtrue
939;66319;Querschnitt7413;BMS_96_147403_Lin_Re;BMS_96_147403_Lin_ReduFG4;129;9619408;48.08633;11.21157;;147.403;;Betriebsstatus1;Streckenstation2142;SST_96_147403_Lin;6;;UZ Eching/Etterschlag;A96 Richtung Lindau;Richtungtrue
940;65860;Querschnitt7417;BMS_96_147250_Lin_Re;BMS_96_147250_Lin_ReduFG4;129;9619405;48.08601;11.20955;;147.25;;Betriebsstatus1;Streckenstation2143;SST_96_147250_Lin;6;;UZ Eching/Etterschlag;A96 Richtung Lindau;Richtungtrue
941;65943;Querschnitt7422;BMS_96_147080_Lin_Re;BMS_96_147080_Lin_ReduFG4;129;9619401;48.08564;11.20734;;147.08;;Betriebsstatus1;Streckenstation2144;SST_96_147080_Lin;6;;UZ Eching/Etterschlag;A96 Richtung Lindau;Richtungtrue
942;66277;Querschnitt7430;BMS_96_146447_Lin_Re;BMS_96_146447_Lin_ReduFG4;129;9619387;48.0847;11.19921;;146.447;;Betriebsstatus1;Streckenstation2145;SST_96_146447_Lin;6;;UZ Eching/Etterschlag;A96 Richtung Lindau;Richtungtrue
943;63887;Querschnitt6930;GMA_HK_99_AS10_0350_RS;WUD_99_AS10_0350_RS_HK;61;9916963;48.2093821633063;11.4865880351347;;12.97;;Betriebsstatus1;Streckenstation2028;SST_99_AS10_0300_RS;3;;UZ Aubing;;
944;63479;Querschnitt_A7_963_1;BMS_A7_963_419_Fue;BM_A7_963_419_Fue_Netz;4;719982;47.52981367;10.68553027;6897;963.419;;Betriebsstatus1;Steckenstation_A7_963;SST_A7_963_419_Fue;6;;UZ Füssen;A7 Richtung Füssen;Richtungtrue
945;67873;Querschnitt7647;WS_99_26040_Stg;WUD_99_26040_Sbg_FBT;36;9907929;48.2105299741959;11.6470098352696;;26.04;99000009;Betriebsstatus1;Streckenstation2195;SST_99_26050_Stg;3;;UZ Aschheim;;
946;67646;Querschnitt7648;WS_99_26055_Stg;WUD_99_26055_Stg_NS;17;9907929;48.2104333282477;11.6471507346883;;26.055;80000755;Betriebsstatus1;Streckenstation2195;SST_99_26050_Stg;3;;UZ Aschheim;;
947;67888;Querschnitt7649;WS_99_26180_Sbg;WUD_99_26180_Sbg_WFD;41;9907929;48.2093205127429;11.6477832013171;;26.18;80000755;Betriebsstatus1;Streckenstation2195;SST_99_26050_Stg;3;;UZ Aschheim;;
948;68033;Querschnitt7650;WS_99_26180_Stg;WUD_99_26180_Stg_WFD;14;9907929;48.2096139707891;11.6482710680009;;26.18;80000755;Betriebsstatus1;Streckenstation2195;SST_99_26050_Stg;3;;UZ Aschheim;;
949;67672;Querschnitt7651;WWQ_99_26545_Stg;WZG_99_26545_Stg_PW3;138;9907967;48.2072803900364;11.6516910556548;;26.545;;Betriebsstatus1;Streckenstation2196;SST_99_26565_Stg;4;;UZ Aschheim;;
950;67641;Querschnitt7652;BMS_99_26565_Stg;BMS_99_26565_Stg_Heiz;5;9907967;48.20715;11.65213;;26.565;;Betriebsstatus1;Streckenstation2196;SST_99_26565_Stg;6;;UZ Aschheim;;
951;67548;Querschnitt7653;WZG_99_26545_Stg_Bel;WZG_99_26545_Stg_BelUEW6;15;9907967;48.20734;11.6518;;26.565;;Betriebsstatus1;Streckenstation2196;SST_99_26565_Stg;6;;UZ Aschheim;;
952;67906;Querschnitt7654;GMA_99_26545_Stg_HK;WUD_99_26545_Stg_HK;1;9907967;48.2073456527833;11.6518293079151;;26.545;;Betriebsstatus1;Streckenstation2196;SST_99_26565_Stg;3;;UZ Aschheim;;
953;67912;Querschnitt7655;MQ_99_26825_Stg;DET_99_26825_Stg_H5;5;9907989;48.2055305005321;11.6548175696857;;26.825;;Betriebsstatus1;Streckenstation2197;SST_99_26855_Stg;1;;UZ Aschheim;;
954;67276;Querschnitt7698;GMA_96_160972_Lin;WUD_96_160972_Lin_RS;74;9619723;48.117236142323;11.3798590342627;;160.97;99000010;Betriebsstatus1;Streckenstation2205;SST_96_161002_Lin;3;;UZ Germering;;
955;67196;Querschnitt7699;GMA_96_160972_Lin_HK;WUD_96_160972_Lin_HK;61;9619723;48.117236142323;11.3798590342627;;160.97;;Betriebsstatus1;Streckenstation2205;SST_96_161002_Lin;3;;UZ Germering;;
956;63776;Querschnitt6916;AQ_99_10010_Sbg;WZG_99_10010_Sbg_BL2_L;166;9906752;48.204350365533;11.4491459307946;;10.01;;Betriebsstatus1;Streckenstation2033;SST_99_10155_Sbg;4;Fahrbahnteil1;UZ Aubing;A99 Richtung Salzburg;Richtungfalse
957;67274;Querschnitt7709;AQ_96_160146_Lin;WZG_96_160143_Lin_DLZ1;177;9619702;48.1164385364719;11.3688110807511;;160.13;;Betriebsstatus1;Streckenstation2208;SST_96_160110_Lin;4;;UZ Germering;;
958;67312;Querschnitt7710;BMS_96_160110_Lin;BMS_96_160110_Lin_ReduFG4-3;131;9619702;48.11641;11.36824;;160.11;;Betriebsstatus1;Streckenstation2208;SST_96_160110_Lin;6;;UZ Germering;;
959;67072;Querschnitt7711;MQ_96_159843_Lin;DET_96_159843_Lin_H1;177;9619697;48.1153733522277;11.3651114289858;;159.84;;Betriebsstatus1;Streckenstation2209;SST_96_159894_Lin;1;;UZ Germering;;
960;67424;Querschnitt7712;BMS_96_159894_Lin;BMS_96_159894_Lin_Netz;4;9619697;48.1156;11.36567;;159.89;;Betriebsstatus1;Streckenstation2209;SST_96_159894_Lin;6;;UZ Germering;;
961;67452;Querschnitt7713;MQ_96_159543_Lin;DET_96_159543_Lin_H1;177;9619690;48.1142938506269;11.3614202661987;;159.54;;Betriebsstatus1;Streckenstation2210;SST_96_159594_Lin;1;;UZ Germering;;
962;67110;Querschnitt7714;AQ_96_159650_Lin;WZG_96_159650_Lin_DLZ1;177;9619690;48.1146765487545;11.3627394442769;;159.56;;Betriebsstatus1;Streckenstation2210;SST_96_159594_Lin;4;;UZ Germering;;
963;67277;Querschnitt7715;BMS_96_159594_Lin;BMS_96_159594_Lin_ReduFG4-2;130;9619690;48.11446;11.36181;;159.59;;Betriebsstatus1;Streckenstation2210;SST_96_159594_Lin;6;;UZ Germering;;
964;67301;Querschnitt7716;MQ_96_159243_Lin;DET_96_159243_Lin_H1;177;9619683;48.1132083846873;11.357731153913;;159.24;;Betriebsstatus1;Streckenstation2211;SST_96_159294_Lin;1;;UZ Germering;;
965;67059;Querschnitt7718;BMS_96_159294_Lin;BMS_96_159294_Lin_ReduFG4-2;130;9619683;48.11333;11.3579;;159.29;;Betriebsstatus1;Streckenstation2211;SST_96_159294_Lin;6;;UZ Germering;;
966;67080;Querschnitt7719;MQ_96_158821_Lin;DET_96_158821_Lin_H1;178;9619677;48.1116575222309;11.3525571041957;;158.82;;Betriebsstatus1;Streckenstation2212;SST_96_159051_Lin;1;;UZ Germering;;
967;67386;Querschnitt7720;MQ_96_159121_Lin;DET_96_159121_Lin_H1;177;9619677;48.1127684031656;11.3562297403181;;159.12;;Betriebsstatus1;Streckenstation2212;SST_96_159051_Lin;1;;UZ Germering;;
968;67168;Querschnitt7721;AQ_96_159021_Lin;WZG_96_159021_Lin_DLZ1;177;9619677;48.112360097848;11.3549651058061;;159.02;;Betriebsstatus1;Streckenstation2212;SST_96_159051_Lin;4;;UZ Germering;;
969;67200;Querschnitt7732;GMA_96_155080_Lin;WUD_96_155080_Lin_SW;90;9619586;48.0965263846166;11.3106044582707;;155.08;80000748;Betriebsstatus1;Streckenstation2214;SST_96_155090_Lin;3;;UZ Germering;;
970;67211;Querschnitt7733;MQ_96_154790_Lin;DET_96_154790_Lin_H1;177;9619580;48.0960990643142;11.306896308214;;154.79;;Betriebsstatus1;Streckenstation2215;SST_96_154820_Lin;1;;UZ Germering;;
971;67135;Querschnitt7746;BMS_96_AS33_GIL_065_Redu;BMS_96_AS33_GIL_065_ReduFG4-2;130;9616005;48.09765;11.30902;;0.07;;Betriebsstatus1;Streckenstation2217;SST_96_AS33_GIL_065;6;;UZ Germering;;
972;67542;Querschnitt7608;BMS99-784;BMS99-784_Heiz;5;9917842;48.21809939;11.6352939;;24.87;;Betriebsstatus1;Streckenstation2187;SST99-784;6;;UZ Aschheim;;
973;67781;Querschnitt7607;AQ99-9-B10-Stg;WZG99-9-B10-Stg_C1;73;9917842;48.219054291524;11.6343525191396;;24.736;;Betriebsstatus1;Streckenstation2187;SST99-784;4;;UZ Aschheim;;
974;67817;Querschnitt7625;AQ_99_25377_Sbg;WZG_99_25377_Sbg_C2;106;9917879;48.2145947690693;11.6404306905893;;25.377;;Betriebsstatus1;Streckenstation2191;SST_99_25370_Sbg;4;;UZ Aschheim;;
975;67987;Querschnitt7626;BMS_99_25370_Sbg;BMS_99_25370_Sbg_Heiz;5;9917879;48.21447;11.64009;;25.37;;Betriebsstatus1;Streckenstation2191;SST_99_25370_Sbg;6;;UZ Aschheim;;
976;67861;Querschnitt7627;GMA_99_25377_AT_Sbg_HK;WUD_99_25377_AT_Sbg_HK;2;9917879;48.2144633956097;11.6401353961977;;25.377;;Betriebsstatus1;Streckenstation2191;SST_99_25370_Sbg;3;;UZ Aschheim;;
977;67765;Querschnitt7628;GMA_99_25377_Sbg_HK;WUD_99_25377_Sbg_HK;1;9917879;48.2144633956097;11.6401353961977;;25.377;;Betriebsstatus1;Streckenstation2191;SST_99_25370_Sbg;3;;UZ Aschheim;;
978;67609;Querschnitt7629;WS_99_25365_Sbg;WUD_99_25365_Sbg_NS;44;9917879;48.2144633956097;11.6401353961977;;25.377;;Betriebsstatus1;Streckenstation2191;SST_99_25370_Sbg;3;;UZ Aschheim;;
979;67957;Querschnitt7630;MQ_99_25381_UZ_Stg;DET_99_25381_UZ_Stg_A2;66;9907880;48.2146129697063;11.6409317873401;;25.381;;Betriebsstatus1;Streckenstation2192;SST_99_25388_Stg;1;;UZ Aschheim;;
980;67911;Querschnitt7631;MQ_99_25381_Stg;DET_99_25381_Stg_H3;3;9907880;48.2145555795434;11.6408459326122;;25.381;;Betriebsstatus1;Streckenstation2192;SST_99_25388_Stg;1;;UZ Aschheim;;
981;67842;Querschnitt7632;AQ_99_25381_Stg;WZG_99_25381_Stg_C4;132;9907880;48.2147236960438;11.6406812861413;;25.381;;Betriebsstatus1;Streckenstation2192;SST_99_25388_Stg;4;;UZ Aschheim;;
982;67908;Querschnitt7633;BMS_99_25388_Stg;BMS_99_25388_Stg_Heiz;5;9907880;48.21475;11.64087;;25.388;;Betriebsstatus1;Streckenstation2192;SST_99_25388_Stg;6;;UZ Aschheim;;
983;67898;Querschnitt7639;AQ_99_26020_Sbg;WZG_99_26020_Sbg_WVLT;161;9917925;48.2104182145203;11.6464026244266;;26.02;;Betriebsstatus1;Streckenstation2194;SST_99_25995_Sbg;4;;UZ Aschheim;;
984;67921;Querschnitt7640;PW_99_25750_Sbg;WZG_99_25750_Sbg_PW1;162;9917925;48.2120700218069;11.6437119748078;;25.75;;Betriebsstatus1;Streckenstation2194;SST_99_25995_Sbg;4;;UZ Aschheim;;
985;67589;Querschnitt7641;BMS_99_25995_Sbg;BMS_99_25995_Sbg_Heiz;5;9917925;48.21046;11.646;;25.995;;Betriebsstatus1;Streckenstation2194;SST_99_25995_Sbg;6;;UZ Aschheim;;
986;67886;Querschnitt7642;GMA_99_26020_Sbg_HK;WUD_99_26020_Sbg_HK;1;9917925;48.2103502134576;11.6462380011437;;26.02;;Betriebsstatus1;Streckenstation2194;SST_99_25995_Sbg;3;;UZ Aschheim;;
987;67945;Querschnitt7643;WWQ_99_26040_Stg;WZG_99_26040_Stg_PW3;135;9907929;48.2104525143507;11.6468209925483;;26.04;;Betriebsstatus1;Streckenstation2195;SST_99_26050_Stg;4;;UZ Aschheim;;
988;67700;Querschnitt7644;BMS_99_26050_Stg;BMS_99_26050_Stg_Heiz;5;9907929;48.21046;11.64704;;26.05;;Betriebsstatus1;Streckenstation2195;SST_99_26050_Stg;6;;UZ Aschheim;;
989;67933;Querschnitt7645;WZG_99_26040_Stg_Bel;WZG_99_26040_Stg_BelUEW6;15;9907929;48.21051;11.64697;;26.05;;Betriebsstatus1;Streckenstation2195;SST_99_26050_Stg;6;;UZ Aschheim;;
990;67590;Querschnitt7657;BMS_99_26855_Stg;BMS_99_26855_Stg_Heiz;5;9907989;48.20556;11.655;;26.855;;Betriebsstatus1;Streckenstation2197;SST_99_26855_Stg;6;;UZ Aschheim;;
991;67896;Querschnitt7658;GMA_99_26825_Stg_HK;WUD_99_26825_Stg_HK;1;9907989;48.2057462528729;11.6546836749172;;26.825;;Betriebsstatus1;Streckenstation2197;SST_99_26855_Stg;3;;UZ Aschheim;;
992;67533;Querschnitt7659;WWQ_99_27350_Stg;WZG_99_27350_Stg_PW3;138;9908027;48.2029408951944;11.6603083012033;;27.35;;Betriebsstatus1;Streckenstation2198;SST_99_27370_Stg;4;;UZ Aschheim;;
993;67459;Querschnitt7691;AQ_96_161150_Lin;WZG_96_161150_Lin_C2;106;9619727;48.1171854448169;11.3822193179127;;161.15;;Betriebsstatus1;Streckenstation2204;SST_96_161180_Lin;4;;UZ Germering;;
994;67369;Querschnitt7693;BMS_96_161180_Lin;BMS_96_161180_Lin_ReduFG4;129;9619727;48.1173;11.38263;;161.18;;Betriebsstatus1;Streckenstation2204;SST_96_161180_Lin;6;;UZ Germering;;
995;67240;Querschnitt7696;AQ_96_160972_Lin;WZG_96_160972_Lin_Z131_Z501_BL_L;166;9619723;48.1171550281192;11.3798347004463;;160.97;;Betriebsstatus1;Streckenstation2205;SST_96_161002_Lin;4;;UZ Germering;;
996;67119;Querschnitt7697;BMS_96_161002_Lin;BMS_96_161002_Lin_ReduFG4;129;9619723;48.11724;11.38035;;161.0;;Betriebsstatus1;Streckenstation2205;SST_96_161002_Lin;6;;UZ Germering;;
997;67104;Querschnitt7702;BMS_96_160800_Lin;BMS_96_160800_Lin_ReduFG4;129;9619718;48.11724;11.37755;;160.8;;Betriebsstatus1;Streckenstation2206;SST_96_160800_Lin;6;;UZ Germering;;
998;67075;Querschnitt7703;WUD_96_160770_Lin;WUD_96_160770_Lin_HK;61;9619718;48.1172651221834;11.3771567173236;;160.77;;Betriebsstatus1;Streckenstation2206;SST_96_160800_Lin;3;;UZ Germering;;
999;67157;Querschnitt7704;MQ_96_160392_Mch_DZ;DET_96_160392_Mch_DZ_H3;3;9619708;48.116877980583;11.3720875721042;;160.39;;Betriebsstatus1;Streckenstation2207;SST_96_160392_Lin;1;;UZ Germering;;
1000;67160;Querschnitt7705;MQ_96_160392_Lin_DZ;DET_96_160392_Lin_DZ_H1;177;9619708;48.1170486136627;11.3720455923286;;160.39;;Betriebsstatus1;Streckenstation2207;SST_96_160392_Lin;1;;UZ Germering;;
1001;67149;Querschnitt7706;AQ_96_160362_Lin;WZG_96_160362_Lin_LSA1;178;9619708;48.1170038037011;11.371645194158;;160.36;;Betriebsstatus1;Streckenstation2207;SST_96_160392_Lin;4;;UZ Germering;;
1002;67485;Querschnitt7707;BMS_96_160392_Lin;BMS_96_160392_Lin_ReduFG4;129;9619708;48.11715;11.37203;;160.39;;Betriebsstatus1;Streckenstation2207;SST_96_160392_Lin;6;;UZ Germering;;
1003;67146;Querschnitt7708;WUD_96_160362_Lin;WUD_96_160362_Lin_HK1;61;9619708;48.1170960904234;11.3716028554638;;160.36;;Betriebsstatus1;Streckenstation2207;SST_96_160392_Lin;3;;UZ Germering;;
1004;67132;Querschnitt7725;AQ_96_155360_Lin;WZG_96_155360_Lin_C2;106;9619593;48.0964600793294;11.314349253028;;155.36;;Betriebsstatus1;Streckenstation2213;SST_96_155390_Lin;4;;UZ Germering;;
1005;67136;Querschnitt7726;BMS_96_155390_Lin;BMS_96_155390_Lin_ReduFG4;129;9619593;48.09653;11.3147;;155.39;;Betriebsstatus1;Streckenstation2213;SST_96_155390_Lin;6;;UZ Germering;;
1006;67147;Querschnitt7727;WUD_96_155360_Lin;WUD_96_155360_Lin_HK;61;9619593;48.0965526979188;11.3143794042152;;155.36;;Betriebsstatus1;Streckenstation2213;SST_96_155390_Lin;3;;UZ Germering;;
1007;67086;Querschnitt7728;MQ_96_155060_Lin;DET_96_155060_Lin_H1;177;9619586;48.0964355812158;11.3105965221405;;155.06;;Betriebsstatus1;Streckenstation2214;SST_96_155090_Lin;4;;UZ Germering;;
1008;67202;Querschnitt7729;BMS_96_155090_Lin;BMS_96_155090_Lin_ReduFG4;129;9619586;48.09652;11.31065;;155.09;;Betriebsstatus1;Streckenstation2214;SST_96_155090_Lin;6;;UZ Germering;;
1009;67114;Querschnitt7730;GMA_96_155060_Lin;WUD_96_155060_Lin_RS;74;9619586;48.0965162757318;11.3103358844169;;155.06;80000748;Betriebsstatus1;Streckenstation2214;SST_96_155090_Lin;3;;UZ Germering;;
1010;67150;Querschnitt7731;GMA_96_155060_Lin_HK;WUD_96_155060_Lin_HK;61;9619586;48.0965162757318;11.3103358844169;;155.06;;Betriebsstatus1;Streckenstation2214;SST_96_155090_Lin;3;;UZ Germering;;
1011;67208;Querschnitt7734;AQ_96_154790_Lin;WZG_96_154790_Lin_Z131_BL_L;166;9619580;48.0960635826546;11.3067032992766;;154.79;;Betriebsstatus1;Streckenstation2215;SST_96_154820_Lin;4;;UZ Germering;;
1012;67267;Querschnitt7735;BMS_96_154820_Lin;BMS_96_154820_Lin_ReduFG4;129;9619580;48.09622;11.30703;;154.82;;Betriebsstatus1;Streckenstation2215;SST_96_154820_Lin;6;;UZ Germering;;
1013;67175;Querschnitt7736;WUD_96_154790_Lin;WUD_96_154790_Lin_HK;61;9619580;48.0961582379772;11.306695351645;;154.79;;Betriebsstatus1;Streckenstation2215;SST_96_154820_Lin;3;;UZ Germering;;
1014;67245;Querschnitt7737;MQ_96_AS33_0170_TZ_DS;DET_96_AS33_0170_TZ_DS_H1;161;9616004;48.0967838587318;11.3077432636481;;154.88;;Betriebsstatus1;Streckenstation2216;SST_96_AS33_0170_TZ;1;;UZ Germering;;
1015;67129;Querschnitt7738;AQ_96_AS33_0160_TZ;WZG_96_AS33_0160_TZ_C1;105;9616004;48.0968934980604;11.3078322413846;;154.89;;Betriebsstatus1;Streckenstation2216;SST_96_AS33_0170_TZ;4;;UZ Germering;;
1016;67439;Querschnitt7739;BMS_96_AS33_0170_TZ;BMS_96_AS33_0170_TZ_ReduFG4;129;9616004;48.09684;11.30769;;154.88;;Betriebsstatus1;Streckenstation2216;SST_96_AS33_0170_TZ;6;;UZ Germering;;
1017;67286;Querschnitt7740;WUD_96_AS33_0160_TZ;WUD_96_AS33_0160_TZ_HK;61;9616004;48.0969100414706;11.3078340309326;;154.88;;Betriebsstatus1;Streckenstation2216;SST_96_AS33_0170_TZ;3;;UZ Germering;;
1018;67383;Querschnitt7742;WWQ_St2068_FR-S1;WWW_St2068_FR-S1_PW2;167;9616005;48.0987727414962;11.3105246408307;;0.03;;Betriebsstatus1;Streckenstation2217;SST_96_AS33_GIL_065;4;;UZ Germering;;
1019;67346;Querschnitt7743;WWQ_St2068_FR-S2;WWW_St2068_FR-S2_PW1;173;9616005;48.0983074804447;11.3099079205989;;0.03;;Betriebsstatus1;Streckenstation2217;SST_96_AS33_GIL_065;4;;UZ Germering;;
1020;67325;Querschnitt7744;WWQ_St2068_FR-W;WWW_St2068_FR-W_PW2;171;9616005;48.0972298183953;11.3111099287658;;0.03;;Betriebsstatus1;Streckenstation2217;SST_96_AS33_GIL_065;4;;UZ Germering;;
1021;67315;Querschnitt7753;AQ_96_153990_Lin;WZG_96_153990_Lin_DLZ1;178;9619558;48.093770136778;11.2965148683359;;153.99;;Betriebsstatus1;Streckenstation2219;SST_96_153900_Lin;4;;UZ Germering;;
1022;67392;Querschnitt7754;AQ_96_154233_Lin;WZG_96_154233_Lin_A2;162;9619558;48.0943293871958;11.2996822792987;;154.23;;Betriebsstatus1;Streckenstation2219;SST_96_153900_Lin;4;;UZ Germering;;
1023;67063;Querschnitt7755;AQ_96_154253_Lin;WZG_96_154250_Lin_DLZ1;177;9619558;48.0943753205648;11.2999003950516;;154.25;;Betriebsstatus1;Streckenstation2219;SST_96_153900_Lin;4;;UZ Germering;;
1024;67307;Querschnitt7756;BMS_96_153900_Lin;BMS_96_153900_Lin_Netz;4;9619558;48.09384;11.29543;;153.9;;Betriebsstatus1;Streckenstation2219;SST_96_153900_Lin;6;;UZ Germering;;
1025;67381;Querschnitt7758;BMS_96_153900_Lin_Redu;BMS_96_153900_Lin_ReduFG4-6;134;9619558;48.09384;11.29543;;153.9;;Betriebsstatus1;Streckenstation2219;SST_96_153900_Lin;6;;UZ Germering;;
1026;67391;Querschnitt7759;MQ_96_153678_Lin;DET_96_153378_Lin_H1;178;9619551;48.093038791285;11.2883769344733;;153.38;;Betriebsstatus1;Streckenstation2220;SST_96_153588_Lin;1;;UZ Germering;;
1027;67130;Querschnitt7760;MQ_96_153588_Lin_DZ;DET_96_153588_Lin_DZ_H1;179;9619551;48.0931895231193;11.29118941314;;153.59;;Betriebsstatus1;Streckenstation2220;SST_96_153588_Lin;1;;UZ Germering;;
1028;68800;Querschnitt7884;AQ_B2n_009120_Mch;WZG_B2n_009120_Mch_C1;73;217300;47.549122;11.12779;;87.21;;Betriebsstatus1;Streckenstation2241;SST_B2n_009120_Mch;4;;UZ Oberau;;
1029;67180;Querschnitt7717;AQ_96_159170_Lin;WZG_96_159170_Lin_DLZ1;177;9619683;48.1129417278734;11.356840902705;;159.17;;Betriebsstatus1;Streckenstation2211;SST_96_159294_Lin;4;;UZ Germering;;
1030;64004;Querschnitt6931;AQ_99_AS10_0240_TZ;WZG_99_AS10_0240_TZ_LSA2;132;9916945;48.2094607227302;11.4825803056565;;12.68;;Betriebsstatus1;Streckenstation2029;SST_99_12760_Stg;4;;UZ Aubing;;
1031;63867;Querschnitt6933;GMA_HK_99_AS10_0240_TZ;WUD_99_AS10_0240_TZ_HK;61;9916945;48.2094868387849;11.4826069947696;;12.76;;Betriebsstatus1;Streckenstation2029;SST_99_12760_Stg;3;;UZ Aubing;;
1032;64568;Querschnitt7050;BMS_99_ASAsh_0920_AM_;BMS_99_ASAsh_0920_AM_Heiz;5;9908237;48.19227;11.69501;;30.2;;Betriebsstatus1;Streckenstation2073;SST_99_ASAsh_0920_AM;6;Fahrbahnteil2;UZ Aschheim;;
1033;52664;Querschnitt3067;MQ109_Mch_H;DET109_Mch_H1;6;916070;48.4711;11.5858;3067;495.04;;Betriebsstatus3;Streckenstation906;SSTDE109;1;Fahrbahnteil1;UZ Freimann;A9 Richtung M.-Zentrum;Richtungtrue
1034;66799;Querschnitt6975;AQ_92_3720_Mch;WZG_92_3720_Mch_BL1;232;9216112;48.2580970824612;11.5337841944845;;3.72;;Betriebsstatus1;Streckenstation2044;SST_92_3750_Mch;4;;UZ Freising;A92 Richtung M.-Zentrum;Richtungtrue
1035;64348;Querschnitt5826;WS_GMAQ59_Mch_H;WUD_WFD_Q59_Mch_H;102;807262;47.865846426329;11.8194166968824;5826;33.0;80000863;Betriebsstatus1;Streckenstation40;SSTQ59;3;Fahrbahnteil1;UZ Holzkirchen;A8-Ost Richtung M.-Zentrum;Richtungtrue
1036;60634;Querschnitt5871;MQTEU010_Hbm;TEU010_H2;1;9990010;48.3604564;11.8497565;5871;9.0;;Betriebsstatus1;Streckenstation1610;TEU 010;1;Fahrbahnteil1;Concert Zentrale;St2584 Richtung BAB A92;Richtungtrue
1037;63108;Querschnitt5866;MQTEU005_Fhm;TEU005_H1;0;9990005;48.36030889;11.74000001;5866;5.5;;Betriebsstatus1;Streckenstation1605;TEU 005;1;Fahrbahnteil1;Concert Zentrale;FS44 Richtung Süd;Richtungtrue
1038;64374;Querschnitt4515;AQ8-100-Mch;WZG8-100-Mch_CL1;99;806403;47.9998392198275;11.6750178391665;4515;12.68;;Betriebsstatus1;Streckenstation1197;SST8-100;4;Fahrbahnteil1;UZ Holzkirchen;A8-Ost Richtung M.-Zentrum;Richtungtrue
1039;63977;Querschnitt6937;AQ_99_11964_Stg;WZG_99_11964_Stg_BL2_L;134;9916886;48.2098596287235;11.4731336481914;;11.964;;Betriebsstatus1;Streckenstation2031;SST_99_11964_Stg;4;Fahrbahnteil1;UZ Aubing;A99 Richtung Lindau;Richtungtrue
1040;64377;Querschnitt4516;AQ8-110-Mch;WZG8-110-Mch_CL1;99;806378;48.0062576304731;11.6706706137563;4516;11.89;;Betriebsstatus1;Streckenstation1198;SST8-110;4;Fahrbahnteil1;UZ Holzkirchen;A8-Ost Richtung M.-Zentrum;Richtungtrue
1041;59150;Querschnitt1007;MQ99500_Stg_H;DET99500_Stg_H2;2;9919993;48.0262807583647;11.6490274587715;1007;53.87;;Betriebsstatus1;Streckenstation387;SST99500;1;Fahrbahnteil1;UZ Aschheim;A99 Richtung Lindau;Richtungtrue
1042;54479;Querschnitt1011;MQQ23_Sbg_E;DETQ23_Sbg_E2;66;10916926;48.0270176383868;11.6467851150754;1011;10.19;;Betriebsstatus1;Streckenstation388;SSTQ23;1;Fahrbahnteil3;UZ Holzkirchen;A8-Ost Richtung Salzburg;Richtungfalse
1043;63485;Querschnitt_A7_964_1;BMS_A7_964_319_Fue;BM_A7_964_319_Fue_Netz;4;719990;47.53787075;10.67199575;6899;964.319;;Betriebsstatus1;Steckenstation_A7_964;SST_A7_964_319_Fue;6;;UZ Füssen;A7 Richtung Füssen;Richtungtrue
1044;63481;Querschnitt_A7_964_2;MQ_A7_964_319_Fue;MQ_A7_964_319_Fue_DET1;33;719990;47.52948919;10.68737015;6900;964.319;;Betriebsstatus1;Steckenstation_A7_964;SST_A7_964_319_Fue;1;Fahrbahnteil1;UZ Füssen;A7 Richtung Füssen;Richtungtrue
1045;64113;Querschnitt6980;GMA_Leubas_Fue;WUD_WFD_Leubas_Fue;82;708645;47.7708;10.32556;;927.6;80000970;Betriebsstatus1;Streckenstation2045;Leubas;3;;GMA - UZ Sulzberg;A7 Richtung Füssen;Richtungtrue
1046;64210;Querschnitt5451;GMA_Leibi_Fld;GMA_WFD_Leibi_Fld;82;706069;48.4398307;10.11110379;5451;838.5;80000605;Betriebsstatus1;Streckenstation1484;Leibi;3;Fahrbahnteil1;GMA - UZ Memmingen;A7 Richtung Fulda;Richtungfalse
1047;63885;Querschnitt6911;BMS_99_18215_Stg;BMS_99_18215_Stg_Tür;3;9917349;48.22687;11.55042;;18.215;;Betriebsstatus1;Streckenstation2023;SST_99_18215_Stg;6;;UZ Aubing;A99 Richtung Lindau;Richtungtrue
1048;64594;Querschnitt7020;WS_GMA99-150-Sbg;WUD_TPT_99-150-Sbg;43;9908405;48.1829521215868;11.7221076918245;;32.5;;Betriebsstatus1;Streckenstation733;SST99-150;3;;UZ Aschheim;A99 Richtung Salzburg;Richtungfalse
1049;64335;Querschnitt5838;WS_GMAQ33_Mch_H;WUD_WFD_Q33_Mch_H;102;807124;47.9742160563281;11.6857705718033;5838;15.65;80000852;Betriebsstatus1;Streckenstation27;SSTQ33;3;Fahrbahnteil1;UZ Holzkirchen;A8-Ost Richtung M.-Zentrum;Richtungtrue
1050;64361;Querschnitt80;WS_GMAQ43_Sbg_H;WUD_WFD_Q43_Sbg_H;82;807185;47.909001733805;11.7169953121648;80;23.3;80000854;Betriebsstatus1;Streckenstation32;SSTQ43;3;Fahrbahnteil1;UZ Holzkirchen;A8-Ost Richtung Salzburg;Richtungfalse
1051;66644;Querschnitt7483;WUD_95_1990_Mch;WUD_95_1990_Mch_HK;61;9506080;48.0993618606593;11.495895627959;;1.99;;Betriebsstatus1;Streckenstation2159;SST_95_1998_Mch;3;;UZ Germering;A95 Richtung M.-Zentrum;Richtungfalse
1052;64177;Querschnitt6994;GMA_Ohu;WUD_WFD_Ohu;182;9208153;48.60126;12.23175;;72.29;86000044;Betriebsstatus1;Streckenstation2058;Ohu;3;;GMA - UZ München Nord;A92 Richtung Deggendorf;Richtungfalse
1053;63731;Querschnitt6913;BMS_99_18420_Stg;BMS_99_18420_Stg_Tür;3;9917364;48.2269;11.55279;;18.39;;Betriebsstatus1;Streckenstation2024;SST_99_18420_Stg;6;;UZ Aubing;A99 Richtung Lindau;Richtungtrue
1054;64359;Querschnitt73;AQQ37_Sbg_H;AQQ37_Sbg_PW1;129;807160;47.9359087063116;11.7048176283917;73;20.165;;Betriebsstatus1;Streckenstation29;SSTQ37;4;Fahrbahnteil1;UZ Holzkirchen;A8-Ost Richtung Salzburg;Richtungfalse
1055;63818;Querschnitt6940;AQ_99_11680_Stg;HS_99_11658_Stg_HS2;134;9916865;48.2098303364735;11.4693670449694;;11.68;;Betriebsstatus1;Streckenstation2032;SST_99_11680_Stg;4;;UZ Aubing;A99 Richtung Lindau;Richtungtrue
1056;64356;Querschnitt5832;WS_GMAQ37_Mch_H;WUD_WFD_Q37_Mch_H;102;807160;47.936350607184;11.7049482593411;5832;20.12;80000857;Betriebsstatus1;Streckenstation29;SSTQ37;3;Fahrbahnteil1;UZ Holzkirchen;A8-Ost Richtung M.-Zentrum;Richtungtrue
1057;64366;Querschnitt5831;WS_GMAQ43_Mch_H;WUD_WFD_Q43_Mch_H;102;807185;47.9090972790364;11.7175721721817;5831;23.3;80000854;Betriebsstatus1;Streckenstation32;SSTQ43;3;Fahrbahnteil1;UZ Holzkirchen;A8-Ost Richtung M.-Zentrum;Richtungtrue
1058;64226;Querschnitt6986;GMA_Eschenlohe_Mch;WUD_WFD_Eschenlohe_Mch;82;9508684;47.60266;11.1759;;67.1;99000006;Betriebsstatus1;Streckenstation2051;Eschenlohe;3;;GMA - UZ Starnberg;A95 Richtung M.-Zentrum;Richtungfalse
1059;64329;Querschnitt5829;WS_GMAQ49_Mch_H;WUD_WFD_Q49_Mch_H;102;807217;47.8835567118794;11.7508547863176;5829;27.3;80000859;Betriebsstatus1;Streckenstation35;SSTQ49;3;Fahrbahnteil1;UZ Holzkirchen;A8-Ost Richtung M.-Zentrum;Richtungtrue
1060;64367;Querschnitt88;WS_GMAQ49_Sbg_H;WUD_WFD_Q49_Sbg_H;82;807217;47.8832991;11.75051779;88;27.3;80000859;Betriebsstatus1;Streckenstation35;SSTQ49;3;Fahrbahnteil1;UZ Holzkirchen;A8-Ost Richtung Salzburg;Richtungfalse
1061;64360;Querschnitt5827;WS_GMAQ59_Sbg_H;WUD_WFD_Q59_Sbg_H;82;807262;47.8654648309716;11.8193890332699;5827;33.0;80000863;Betriebsstatus1;Streckenstation40;SSTQ59;3;Fahrbahnteil1;UZ Holzkirchen;A8-Ost Richtung Salzburg;Richtungfalse
1062;64150;Querschnitt6989;GMA_Flughafen Spange;WUD_WFD_Flughafen Spange;82;723459;48.35077;11.72698;;22.245;80000648;Betriebsstatus1;Streckenstation2054;Flughafen Spange;3;;GMA - UZ München Nord;A92a_(Flughafenzubringer) Richtung M.-Zentrum;Richtungtrue
1063;64337;Querschnitt5824;WS_GMAQ62_Mch_H;WUD_WFD_Q62_Mch_H;102;807281;47.86008761;11.84951469;5824;35.375;80000866;Betriebsstatus1;Streckenstation42;SSTQ62;3;Fahrbahnteil1;UZ Holzkirchen;A8-Ost Richtung M.-Zentrum;Richtungtrue
1064;64344;Querschnitt102;WS_GMAQ62_Sbg_H;WUD_WFD_Q62_Sbg_H;82;807281;47.8597547820597;11.8495529269707;102;35.375;80000866;Betriebsstatus1;Streckenstation42;SSTQ62;3;Fahrbahnteil1;UZ Holzkirchen;A8-Ost Richtung Salzburg;Richtungfalse
1065;66762;Querschnitt6970;BMS_92_2400_Deg;BMS_92_2400_Deg_Tür;3;9206071;48.24641;11.53354;;2.4;;Betriebsstatus1;Streckenstation2041;SST_92_2400_Deg;6;;UZ Freising;A92 Richtung Deggendorf;Richtungfalse
1066;64387;Querschnitt5840;WS_GMAQ69_Mch_H;WUD_WFD_Q69_Mch_H;102;807310;47.83501872;11.87949938;5840;39.05;80000871;Betriebsstatus1;Streckenstation46;SSTQ69;3;Fahrbahnteil1;UZ Holzkirchen;A8-Ost Richtung M.-Zentrum;Richtungtrue
1067;64365;Querschnitt112;WS_GMAQ69_Sbg_H;WUD_WFD_Q69_Sbg_H;82;807310;47.8347336173161;11.8794739665275;112;39.05;80000871;Betriebsstatus1;Streckenstation46;SSTQ69;3;Fahrbahnteil1;UZ Holzkirchen;A8-Ost Richtung Salzburg;Richtungfalse
1068;63959;Querschnitt6944;NMG_99a_104508_Mch;WUD_99a_104508_Mch_SW;90;9919740;48.2039528465185;11.4462409551656;;104.508;;Betriebsstatus1;Streckenstation383;SST_99a_104491_Mch;3;;UZ Aubing;A99a Richtung Salzburg;Richtungfalse
1069;64057;Querschnitt6993;GMA_Ohu;WUD_WFD_Ohu;82;9208153;48.60126;12.23175;;72.29;86000044;Betriebsstatus1;Streckenstation2058;Ohu;3;;GMA - UZ München Nord;A92 Richtung Deggendorf;Richtungfalse
1070;64342;Querschnitt5823;WS_GMAQ75_Mch_H;WUD_WFD_Q75_Mch_H;102;807327;47.8304721993248;11.904581197809;5823;41.227;80000867;Betriebsstatus1;Streckenstation48;SSTQ75;3;Fahrbahnteil1;UZ Holzkirchen;A8-Ost Richtung M.-Zentrum;Richtungtrue
1071;64016;Querschnitt4976;AQ_99_8468_Sbg;WZG_99_8468_Sbg_BL2_L;134;9916625;48.1961394563924;11.4369623738478;4976;8.468;;Betriebsstatus1;Streckenstation1352;SST_99_8443_Sbg;4;Fahrbahnteil1;UZ Aubing;A99 Richtung Salzburg;Richtungfalse
1072;64345;Querschnitt117;WS_GMAQ75_Sbg_H;WUD_WFD_Q75_Sbg_H;82;807327;47.8301310740564;11.904716387638;117;41.227;80000867;Betriebsstatus1;Streckenstation48;SSTQ75;3;Fahrbahnteil1;UZ Holzkirchen;A8-Ost Richtung Salzburg;Richtungfalse
1073;63732;Querschnitt6920;GMA_HK_99_10010_Sbg;WUD_99_10010_Sbg_HK;61;9906752;48.2042700530493;11.4492100614782;;10.01;;Betriebsstatus1;Streckenstation2033;SST_99_10155_Sbg;3;;UZ Aubing;A99 Richtung Salzburg;Richtungfalse
1074;63944;Querschnitt6901;WS_GMA_99_10180_Stg;WUD_99_10180_Stg_RS;74;9916754;48.2046931238788;11.451296950475;;10.18;80000749;Betriebsstatus1;Streckenstation338;SST_99_10180_Stg;3;;UZ Aubing;A99 Richtung Lindau;Richtungtrue
1075;64353;Querschnitt4517;AQ8-120-Mch;WZG8-120-Mch_CL1;99;806362;48.0103904648009;11.6678354819594;4517;11.383;;Betriebsstatus1;Streckenstation1199;SST8-120;4;Fahrbahnteil1;UZ Holzkirchen;A8-Ost Richtung M.-Zentrum;Richtungtrue
1076;63764;Querschnitt5170;AQ_96_162645_Mch;WZG_96_162645_Mch_SGMCL;99;9606330;48.1220080273895;11.40033809174;5170;162.645;;Betriebsstatus1;Streckenstation1396;SST_96_162615_Mch;4;Fahrbahnteil1;UZ Aubing;A96 Richtung M.-Zentrum;Richtungfalse
1077;63914;Querschnitt6921;GMA_HK_99_10155_Sbg;WUD_99_10155_Sbg_HK;62;9906752;48.2043104870726;11.4510748368341;;10.155;;Betriebsstatus1;Streckenstation2033;SST_99_10155_Sbg;3;;UZ Aubing;A99 Richtung Salzburg;Richtungfalse
1078;63833;Querschnitt5162;AQ_96_161485_Mch;WZG_96_161485_Mch_SGMCL;99;9606369;48.1173740770805;11.3867133829573;5162;161.485;;Betriebsstatus1;Streckenstation1393;SST_96_161460_Mch;4;Fahrbahnteil1;UZ Aubing;A96 Richtung M.-Zentrum;Richtungfalse
1079;63842;Querschnitt6927;GMA_HK_99a_104045_Mch;WUD_99a_104045_Mch_HK;61;9915922;48.2038617455659;11.4400513616232;;104.045;;Betriebsstatus1;Streckenstation2027;SST_99a_104045_Mch;3;;UZ Aubing;A99a Richtung Salzburg;Richtungfalse
1080;64358;Querschnitt4518;AQ8-130-Mch;WZG8-130-Mch_CL1;99;806353;48.0128240166259;11.6661857704894;4518;11.088;;Betriebsstatus1;Streckenstation1200;SST8-130;4;Fahrbahnteil1;UZ Holzkirchen;A8-Ost Richtung M.-Zentrum;Richtungtrue
1081;64000;Querschnitt5164;AQ_96_161787_Mch;WZG_96_161787_Mch_SGMCL;99;9606359;48.1179597135461;11.3906527504911;5164;161.787;;Betriebsstatus1;Streckenstation1394;SST_96_161780_Mch;4;Fahrbahnteil1;UZ Aubing;A96 Richtung M.-Zentrum;Richtungfalse
1082;63974;Querschnitt6936;MQ_99_11964_Stg;DET_99_11964_Stg_H3;3;9916886;48.2098574795703;11.4733316576163;;11.964;;Betriebsstatus1;Streckenstation2031;SST_99_11964_Stg;1;Fahrbahnteil1;UZ Aubing;A99 Richtung Lindau;Richtungtrue
1083;64333;Querschnitt45;WS_GMAPERL_Sbg_H;WUD_WFD_PERL_Sbg_H;82;807011;48.0855629374898;11.616990596367;45;1.38;80000756;Betriebsstatus1;Streckenstation21;SSTPERL;3;Fahrbahnteil1;UZ Holzkirchen;A8-Ost Richtung M.-Zentrum;Richtungtrue
1084;64011;Querschnitt5166;AQ_96_162376_Mch;WZG_96_162376_Mch_SGMCL;99;9606374;48.1202277030693;11.3978011203598;5166;162.376;;Betriebsstatus1;Streckenstation1395;SST_96_162346_Mch;4;Fahrbahnteil1;UZ Aubing;A96 Richtung M.-Zentrum;Richtungfalse
1085;64643;Querschnitt7023;AQ99-235-Sbg;WZG99-235-Sbg_PW2;162;9908769;48.145962357306;11.7565345446422;;37.388;;Betriebsstatus1;Streckenstation1416;SST99-235;4;;UZ Aschheim;A99 Richtung Salzburg;Richtungfalse
1086;63845;Querschnitt4492;AQ_8_12300_Mch;WZG_8_12300_Mch_SGMCL;99;806415;48.2418620307843;11.3321705380627;4492;12.3;;Betriebsstatus1;Streckenstation1190;SST_8_12330_Mch;4;Fahrbahnteil1;UZ Aubing;A8-West Richtung M.-Zentrum;Richtungfalse
1087;63738;Querschnitt6925;AQ_99a_104045_Mch;WZG_99a_104045_Mch_BL2_L;166;9915922;48.2039205608929;11.4400678544456;;104.045;;Betriebsstatus1;Streckenstation2027;SST_99a_104045_Mch;4;Fahrbahnteil1;UZ Aubing;A99a Richtung Salzburg;Richtungfalse
1088;64439;Querschnitt4478;AQ99-880-Stg;WZG99-880-Stg_CL1;99;9907021;48.2113904684997;11.4964724057816;4478;13.76;;Betriebsstatus1;Streckenstation1183;SST99-880;4;Fahrbahnteil1;UZ Aschheim;A99 Richtung Lindau;Richtungtrue
1089;63800;Querschnitt6939;GMA_HK_99_11964_Stg;WUD_99_11964_Stg_HK;61;9916886;48.2099478321439;11.473158973668;;11.964;;Betriebsstatus1;Streckenstation2031;SST_99_11964_Stg;3;;UZ Aubing;A99 Richtung Lindau;Richtungtrue
1090;63904;Querschnitt6910;AQ_99_18185_Stg;WZG_99_18185_Stg_WTA1;233;9917349;48.2267148537182;11.5502861933867;;18.185;;Betriebsstatus1;Streckenstation2023;SST_99_18215_Stg;4;;UZ Aubing;A99 Richtung Lindau;Richtungtrue
1091;66815;Querschnitt6954;WS_GMA92-570-Mch;WUD_NS_92-570-Mch;81;9216509;48.3330837138155;11.6898235884726;;18.65;;Betriebsstatus1;Streckenstation976;SST92-570;3;;UZ Freising;A92 Richtung M.-Zentrum;Richtungtrue
1092;63726;Querschnitt991;AQ_99a_103808_Mch;WZG_99a_103808_Mch_BL2_L;166;9919717;48.2040413585257;11.436841593796;991;103.808;;Betriebsstatus1;Streckenstation382;SST_99a_103777_Mch;4;Fahrbahnteil1;UZ Aubing;A99a Richtung Salzburg;Richtungfalse
1093;63752;Querschnitt6900;GMA_HK_99_AK8_530_BE;WUD_99_AK8_530_BE_HK;34;9906489;48.1801232663046;11.4310555172839;;6.56;;Betriebsstatus1;Streckenstation1355;SST_99_6600_Lin;3;;UZ Aubing;A99 Richtung Lindau;Richtungtrue
1094;64003;Querschnitt6943;GMA_HK_99_11680_Stg;WUD_99_11680_Stg_HK;61;9916865;48.2099196720524;11.4693397287405;;11.68;;Betriebsstatus1;Streckenstation2032;SST_99_11680_Stg;3;;UZ Aubing;A99 Richtung Lindau;Richtungtrue
1095;63932;Querschnitt909;AQ_99_12270_Stg;WZG_99_12270_Stg_BL2_L;134;9916909;48.209866145058;11.4770672371542;909;12.27;;Betriebsstatus1;Streckenstation346;SST_99_12270_Stg;4;Fahrbahnteil1;UZ Aubing;A99 Richtung Lindau;Richtungtrue
1096;63965;Querschnitt994;AQ_99a_104508_Mch;HS_99a_104518_Mch_HS2;172;9919740;48.2040176709249;11.4462398290412;994;104.508;;Betriebsstatus1;Streckenstation383;SST_99a_104491_Mch;4;Fahrbahnteil4;UZ Aubing;A99a Richtung Salzburg;Richtungfalse
1097;66756;Querschnitt6969;AQ_92_2430_Deg;WZG_92_2430_Deg_BL1;229;9206071;48.2466848445638;11.5335368210328;;2.43;;Betriebsstatus1;Streckenstation2041;SST_92_2400_Deg;4;;UZ Freising;A92 Richtung Deggendorf;Richtungfalse
1098;63912;Querschnitt742;AQ_99_9800_Sbg;HS_99_9810_Sbg_HS2;172;9906724;48.2043010206188;11.4463516762001;742;9.8;;Betriebsstatus1;Streckenstation288;SST_99_9770_Sbg;4;Fahrbahnteil1;UZ Aubing;A99 Richtung Salzburg;Richtungfalse
1099;64019;Querschnitt739;AQ_99_9140_Sbg;WZG_99_9140_Sbg_BL2_L;166;9906676;48.2019110315192;11.4386994046294;739;9.14;;Betriebsstatus1;Streckenstation287;SST_99_9130_Sbg;4;Fahrbahnteil1;UZ Aubing;A99 Richtung Salzburg;Richtungfalse
1100;66780;Querschnitt6971;AQ_92_2900_Deg;WZG_92_2900_Deg_BL1;229;9206086;48.2507496890743;11.5329121618453;;2.9;;Betriebsstatus1;Streckenstation2042;SST_92_2870_Deg;4;;UZ Freising;A92 Richtung Deggendorf;Richtungfalse
1101;66797;Querschnitt6972;BMS_92_2870_Deg;BMS_92_2870_Deg_Tür;3;9206086;48.25046;11.53296;;2.87;;Betriebsstatus1;Streckenstation2042;SST_92_2870_Deg;6;;UZ Freising;A92 Richtung Deggendorf;Richtungfalse
1102;66746;Querschnitt6973;AQ_92_3210_Mch;WZG_92_3210_Mch_BL1;230;9216085;48.2537830258982;11.532610695496;;3.21;;Betriebsstatus1;Streckenstation2043;SST_92_3240_Mch;4;;UZ Freising;A92 Richtung M.-Zentrum;Richtungtrue
1103;66791;Querschnitt6976;BMS_92_3750_Mch;BMS_92_3750_Mch_Tür;35;9216112;48.25838;11.53369;;3.75;;Betriebsstatus1;Streckenstation2044;SST_92_3750_Mch;6;;UZ Freising;A92 Richtung M.-Zentrum;Richtungtrue
1104;66803;Querschnitt6953;WS_GMA92-550-Mch;WUD_NS_92-550-Mch;81;9216555;48.3330837138155;11.6898235884726;;18.65;;Betriebsstatus1;Streckenstation978;SST92-550;3;;UZ Freising;A92 Richtung M.-Zentrum;Richtungtrue
1105;66821;Querschnitt6952;WS_GMA92-530-Mch;WUD_NS_92-530-Mch;81;9216635;48.3456805719456;11.7182402907477;;21.3;;Betriebsstatus1;Streckenstation981;SST92-530;3;;UZ Freising;A92 Richtung M.-Zentrum;Richtungtrue
1106;64297;Querschnitt5440;GMA_Durachbruecke_Fue;WUD_WFD_Durachbruecke_Fue;82;718940;47.69200429;10.36634672;5440;929.6;80000920;Betriebsstatus1;Streckenstation1473;Durachbruecke;3;Fahrbahnteil1;GMA - UZ Sulzberg;A7 Richtung Füssen;Richtungtrue
1107;66770;Querschnitt6951;WS_GMA92-510-Mch;WUD_NS_92-510-Mch;81;9216671;48.3531203434054;11.7294174050216;;22.5;;Betriebsstatus1;Streckenstation984;SST92-510;3;;UZ Freising;A92 Richtung M.-Zentrum;Richtungtrue
1108;66788;Querschnitt6967;BMS92-250_Mch;BMS92-250_Netz;3;9216670;48.35129638;11.73166122;3977;0.158;;Betriebsstatus1;Streckenstation2040;SST92-250;6;Fahrbahnteil3;UZ Freising;A92 Richtung M.-Zentrum;Richtungtrue
1109;66776;Querschnitt6968;GMA_HK_92-250-Mch;WUD_HK_92-250;1;9216670;48.3513616950343;11.73124402689;;0.2;;Betriebsstatus1;Streckenstation2040;SST92-250;3;Fahrbahnteil3;UZ Freising;A92 Richtung M.-Zentrum;Richtungtrue
1110;66827;Querschnitt5184;AQ92-622-Mch;WZG92-622-Mch_CL1;99;9216303;48.3011538601631;11.5889463048537;5184;10.16;;Betriebsstatus1;Streckenstation1402;SST92-622;4;Fahrbahnteil1;UZ Freising;A92 Richtung M.-Zentrum;Richtungtrue
1111;64110;Querschnitt6981;GMA_Memmingen-Sued_Fue;WUD_WFD_Memmingen-Sued_Fue;82;703725;47.9902;10.15069;;891.05;80000808;Betriebsstatus1;Streckenstation2046;Memmingen-Sued;3;;GMA - UZ Memmingen;A7 Richtung Füssen;Richtungtrue
1112;64326;Querschnitt6982;GMA_Buchloe_Mch;WUD_WFD_Buchloe_Mch;82;9608519;48.02651;10.72749;;108.65;80000823;Betriebsstatus1;Streckenstation2047;Buchloe;3;;GMA - UZ Memmingen;A96 Richtung M.-Zentrum;Richtungfalse
1113;64279;Querschnitt6983;GMA_Fuerstenried_Mch;WUD_WFD_Fuerstenried_Mch;82;9506184;48.0772;11.4874;;4.6;86000040;Betriebsstatus1;Streckenstation2048;Fuerstenried;3;;GMA - UZ Starnberg;A95 Richtung M.-Zentrum;Richtungfalse
1114;64130;Querschnitt6984;GMA_AD_Sued-West_Mch;WUD_WFD_AD_Sued-West_Mch;82;9609744;48.11723;11.38651;;161.47;80000731;Betriebsstatus1;Streckenstation2049;AD_Sued-West;3;;GMA - UZ Starnberg;A96 Richtung M.-Zentrum;Richtungfalse
1115;64283;Querschnitt6987;GMA_Tunnel_Farchant;WUD_WFD_Tunnel_Farchant_Gap;82;9519610;47.53507;11.11902;;90.25;86000048;Betriebsstatus1;Streckenstation2052;Tunnel_Farchant;3;;GMA - UZ Starnberg;B2-Süd Garmisch;Richtungtrue
1116;64262;Querschnitt6988;GMA_Priental_Bruecke_Sbg;WUD_WFD_Priental_Bruecke_Sbg;182;807570;47.80368;12.29807;;70.0;80000879;Betriebsstatus1;Streckenstation2053;Priental_Bruecke;3;;GMA - UZ Rosenheim;A8-Ost Richtung Salzburg;Richtungfalse
1117;64156;Querschnitt6990;GMA_AS-Neufahrn_Roh;WUD_WFD_AS-Neufahrn_Roh;82;11015044;48.7155;12.1688;;33.5;80000541;Betriebsstatus1;Streckenstation2055;GMA AS-Neufahrn;3;;GMA - UZ Pentling;B15-Neu Richtung Rosenheim;Richtungtrue
1118;64231;Querschnitt6991;GMA_Goldbachbruecke_Roh;WUD_WFD_Goldbachbruecke_Roh;82;11015049;48.67068;12.19082;;38.85;80000773;Betriebsstatus1;Streckenstation2056;GMA Goldbachbruecke;3;;GMA - UZ Pentling;B15-Neu Richtung Rosenheim;Richtungtrue
1119;64064;Querschnitt6992;GMA_Unterfraundorf_Nbg;WUD_WFD_Unterfraundorf_Nbg;82;306267;49.1395364623654;11.8621990136165;;466.59;80000340;Betriebsstatus1;Streckenstation2057;GMA Unterfraundorf_Nbg;3;;GMA - UZ Pentling;A3 Richtung Nürnberg;Richtungfalse
1120;64674;Querschnitt7061;GMA_HK_99_29277_Sbg;WUD_HK_99_29277_Sbg;33;9908166;48.194982786938;11.6832296617526;;29.227;;Betriebsstatus1;Streckenstation2076;SST_99_29247_Sbg;3;;UZ Aschheim;A99 Richtung Salzburg;Richtungfalse
1121;64363;Querschnitt7003;MU_A8O_45550_Sbg;MU_A8O_45550_Sbg_HK;1;807361;47.826124163252;11.9560926427489;;45.55;;Betriebsstatus1;Streckenstation2059;SST_A8O_45520_Sbg;3;;UZ Holzkirchen;A8-Ost Richtung Salzburg;Richtungfalse
1122;64383;Querschnitt7004;AQ_A8O_54060_Sbg;AQ_A8O_54060_Sbg_W2;3;807429;47.8145179816539;12.0648867328175;;54.06;;Betriebsstatus1;Streckenstation2060;SST_A8O_54030_Sbg;4;;UZ Holzkirchen;A8-Ost Richtung Salzburg;Richtungfalse
1123;64373;Querschnitt7006;MU_A8O_54060_Sbg;MU_A8O_54060_Sbg_HK;1;807429;47.8144152655466;12.0648778533183;;54.06;;Betriebsstatus1;Streckenstation2060;SST_A8O_54030_Sbg;3;;UZ Holzkirchen;A8-Ost Richtung Salzburg;Richtungfalse
1124;64328;Querschnitt7007;AQ_A8O_54950_Sbg;AQ_A8O_54950_Sbg_W2;3;807436;47.8125162092535;12.0785910986366;;54.95;;Betriebsstatus1;Streckenstation2061;SST_A8O_54920_Sbg;4;;UZ Holzkirchen;A8-Ost Richtung Salzburg;Richtungfalse
1125;64351;Querschnitt7010;MU_A8O_54950_Sbg;MU_A8O_54950_Sbg_HK;1;807436;47.8123855593693;12.0786482189111;;54.95;;Betriebsstatus1;Streckenstation2061;SST_A8O_54920_Sbg;3;;UZ Holzkirchen;A8-Ost Richtung Salzburg;Richtungfalse
1126;64440;Querschnitt7017;WS_GMA99-090-Sbg;WUD_TPT_99-090-Sbg;43;9907861;48.2159101289817;11.6382259510007;;25.16;;Betriebsstatus1;Streckenstation718;SST99-090;3;;UZ Aschheim;A99 Richtung Salzburg;Richtungfalse
1127;64354;Querschnitt5836;WS_GMAQ29_Mch_H;WUD_WFD_Q29_Mch_H;102;807093;48.0077079629923;11.6698769671776;5836;11.72;80000851;Betriebsstatus1;Streckenstation25;SSTQ29;3;Fahrbahnteil1;UZ Holzkirchen;A8-Ost Richtung M.-Zentrum;Richtungtrue
1128;66399;Querschnitt5529;GMA_Pfettrach Bruecke_Mch;WUD_WFD_Pfettrach Bruecke_Mch;82;9217809;48.56453877;12.0877542;5529;60.74;80000650;Betriebsstatus1;Streckenstation1515;Pfettrach Bruecke;3;Fahrbahnteil1;GMA - UZ München Nord;A92 Richtung M.-Zentrum;Richtungtrue
1129;66400;Querschnitt5520;GMA_Oberaudorf_Kff;WUD_WFD_Oberaudorf_Kff;82;9319750;47.66133434;12.18323333;5520;18.5;80000977;Betriebsstatus1;Streckenstation1506;Oberaudorf;3;Fahrbahnteil1;GMA - UZ Rosenheim;A93-Süd Richtung Kiefersfelden;Richtungtrue
1130;66403;Querschnitt5542;GMA_Schwarzach_Rgb;WUD_WFD_Schwarzach_Rgb;182;307069;48.90277053;12.79028832;5542;548.0;80000578;Betriebsstatus1;Streckenstation1528;Schwarzach;3;Fahrbahnteil1;GMA - UZ Pankofen;A3 Richtung Nürnberg;Richtungfalse
1131;66404;Querschnitt5523;GMA_Inntal Dreieck_Mch;WUD_WFD_Inntal Dreieck_Mch;82;817445;47.81050812;12.09325815;5523;56.045;80000865;Betriebsstatus1;Streckenstation1509;Inntal Dreieck;3;Fahrbahnteil1;GMA - UZ Rosenheim;A8-Ost Richtung M.-Zentrum;Richtungtrue
1132;64489;Querschnitt7065;WWQ_99_28850_Sbg;WZG_99_28850_Sbg-Sbg_W4;36;9908135;48.196528606671;11.6779909444126;;28.85;;Betriebsstatus1;Streckenstation2066;SST_99_28820_Sbg;4;;UZ Aschheim;A99 Richtung Salzburg;Richtungfalse
1133;64577;Querschnitt7064;BMS99_99_28820_Sbg;BMS99_99_28820_Sbg_Heiz;5;9908135;48.19646;11.67757;;28.82;;Betriebsstatus1;Streckenstation2066;SST_99_28820_Sbg;6;;UZ Aschheim;A99 Richtung Salzburg;Richtungfalse
1134;64600;Querschnitt7063;WWQ_99_29277_Sbg;WZG_99_29277_Sbg_WTA1;35;9908166;48.1951085014897;11.6833336214646;;29.227;;Betriebsstatus1;Streckenstation2076;SST_99_29247_Sbg;4;;UZ Aschheim;A99 Richtung Salzburg;Richtungfalse
1135;64426;Querschnitt7062;BMS_99_29247_Sbg_;BMS_99_29247_Sbg_Heiz;5;9908166;48.19502;11.68289;;29.247;;Betriebsstatus1;Streckenstation2076;SST_99_29247_Sbg;6;;UZ Aschheim;A99 Richtung Salzburg;Richtungfalse
1136;64396;Querschnitt7058;BMS_99_29575_Sbg_;BMS_99_29575_Sbg_Heiz;5;9908191;48.1941;11.68706;;29.575;;Betriebsstatus1;Streckenstation2075;SST_99_29575_Sbg;6;;UZ Aschheim;A99 Richtung Salzburg;Richtungfalse
1137;64438;Querschnitt7057;GMA_HK_99_29595_Sbg;WUD_HK_99_29595_Sbg;33;9908191;48.1940523914529;11.6873759887732;;29.55;;Betriebsstatus1;Streckenstation2075;SST_99_29575_Sbg;3;;UZ Aschheim;A99 Richtung Salzburg;Richtungfalse
1138;64660;Querschnitt7066;WS_99_29595_Sbg;WUD_NS_99_29595_Sbg;35;9908191;48.1940806661641;11.687248257637;;29.54;;Betriebsstatus1;Streckenstation2075;SST_99_29575_Sbg;3;;UZ Aschheim;A99 Richtung Salzburg;Richtungfalse
1139;64598;Querschnitt7046;BMS_99_30820_Sbg;BMS_99_30820_Sbg_Heiz;5;9908283;48.19068;11.70306;;30.82;;Betriebsstatus1;Streckenstation2072;SST_99_30820_Sbg;6;;UZ Aschheim;A99 Richtung Salzburg;Richtungfalse
1140;64448;Querschnitt7045;GMA_HK_99_30830_Sbg;WUD_HK_99_30830_Sbg;1;9908283;48.190688027865;11.7031563065413;;30.83;;Betriebsstatus1;Streckenstation2072;SST_99_30820_Sbg;3;;UZ Aschheim;A99 Richtung Salzburg;Richtungfalse
1141;64602;Querschnitt7044;WWQ_99_31150_Stg;WZG_99_31150_Stg_W4;4;9918276;48.189857365626;11.7074125260597;;31.15;;Betriebsstatus1;Streckenstation2071;SST_99_31180_Stg;4;;UZ Aschheim;A99 Richtung Lindau;Richtungtrue
1142;64398;Querschnitt7043;BMS_99_31180_Stg_;BMS_99_31180_Stg_Heiz;5;9918276;48.18991;11.70782;;31.18;;Betriebsstatus1;Streckenstation2071;SST_99_31180_Stg;6;;UZ Aschheim;A99 Richtung Lindau;Richtungtrue
1143;64593;Querschnitt7042;WWQ_99_30715_Stg;WZG_99_30715_Stg_W4;4;9918310;48.1914091378165;11.7017746478564;;30.715;;Betriebsstatus1;Steckenstation2079;SST_99_30730_Stg;4;;UZ Aschheim;A99 Richtung Lindau;Richtungtrue
1144;64477;Querschnitt7047;AQ_99_30830_Sbg;WZG_99_30830_Sbg_PW1;161;9908283;48.1908065779274;11.7032624260373;;30.83;;Betriebsstatus1;Streckenstation2072;SST_99_30820_Sbg;4;Fahrbahnteil1;UZ Aschheim;A99 Richtung Salzburg;Richtungfalse
1145;64534;Querschnitt7041;BMS_99_30730_Stg_;BMS_99_30730_Stg_Heiz;5;9918310;48.19145;11.70217;;30.73;;Betriebsstatus1;Steckenstation2079;SST_99_30730_Stg;6;;UZ Aschheim;A99 Richtung Lindau;Richtungtrue
1146;64474;Querschnitt7038;BMS_99_30475_Stg;BMS_99_30475_Stg_Heiz;5;9918257;48.19214;11.69901;;30.475;;Betriebsstatus1;Streckenstation2070;SST_99_30475_Stg;6;;UZ Aschheim;A99 Richtung Lindau;Richtungtrue
1147;64457;Querschnitt7039;AQ_99_30450_Stg;WZG_99_30450_Stg_LED1;129;9918257;48.1921099210687;11.6985891865112;;30.45;;Betriebsstatus1;Streckenstation2070;SST_99_30475_Stg;4;Fahrbahnteil1;UZ Aschheim;A99 Richtung Lindau;Richtungtrue
1148;64430;Querschnitt7037;GMA_HK_99_30450_Stg;WUD_HK_99_30450_Stg;1;9918257;48.1922356894717;11.6986132744988;;30.45;;Betriebsstatus1;Streckenstation2070;SST_99_30475_Stg;3;;UZ Aschheim;A99 Richtung Lindau;Richtungtrue
1149;64595;Querschnitt7035;WWQ_99_ASAsh_0535_NZ;WZG_99_ASAsh_0535_NZ_W3;131;9918241;48.1928918700018;11.6961006199621;;30.25;;Betriebsstatus1;Streckenstation2080;SST_99_ASAsh_0520_NZ;4;Fahrbahnteil2;UZ Aschheim;A99 Richtung Lindau;Richtungtrue
1150;64428;Querschnitt7034;BMS_99_ASAsh_0520_NZ;BMS_99_ASAsh_0520_NZ_Heiz;5;9918241;48.19296;11.69618;;30.27;;Betriebsstatus1;Streckenstation2080;SST_99_ASAsh_0520_NZ;6;Fahrbahnteil2;UZ Aschheim;A99 Richtung Lindau;Richtungtrue
1151;64638;Querschnitt7029;BMS_99_29245_Stg;BMS_99_29245_Stg_Heiz;5;9918173;48.1955;11.68322;;29.245;;Betriebsstatus1;Streckenstation2068;SST_99_29245_Stg;6;;UZ Aschheim;A99 Richtung Lindau;Richtungtrue
1152;64588;Querschnitt7027;NMG_99_29220_Stg;WUD_SW_99_29220_Stg;2;9918173;48.1955923528493;11.6828589301002;;29.22;;Betriebsstatus1;Streckenstation2068;SST_99_29245_Stg;3;;UZ Aschheim;A99 Richtung Lindau;Richtungtrue
1153;64472;Querschnitt7022;WS_GMA99510_Stg_H;WUD_NS_99510_Stg_H;5;9919926;48.0308375547769;11.6671116170812;;52.67;;Betriebsstatus1;Streckenstation386;SST99510;3;;UZ Aschheim;A99 Richtung Lindau;Richtungtrue
1154;64432;Querschnitt7030;AQ_99_29220_Stg;WZG_99_29220_Stg_PW1;129;9918173;48.1954693403971;11.6828358552427;;29.22;;Betriebsstatus1;Streckenstation2068;SST_99_29245_Stg;4;Fahrbahnteil1;UZ Aschheim;A99 Richtung Lindau;Richtungtrue
1155;64628;Querschnitt3780;GMA_HK_99_29220_Stg;WUD_HK_99_29220_Stg;1;9918173;48.1955923528493;11.6828589301002;3780;29.215;;Betriebsstatus1;Streckenstation2068;SST_99_29245_Stg;3;Fahrbahnteil1;UZ Aschheim;A99 Richtung Lindau;Richtungtrue
1156;64539;Querschnitt4480;AQ99-890-Stg;WZG99-890-Stg_CL1;99;9906986;48.2097910797609;11.4908658043456;4480;13.28;;Betriebsstatus1;Streckenstation1184;SST99-890;4;Fahrbahnteil1;UZ Aschheim;A99 Richtung Lindau;Richtungtrue
1157;65584;Querschnitt7075;AQ_93_192450_Mch;WZG_93_192450_Mch_gesperrt2;164;9316453;49.0515511036366;12.0920054028555;;192.45;;Betriebsstatus1;Streckenstation2081;SST_93_192450_Mch;4;;UZ Regensburg;A93-Nord Richtung M.-Zentrum;Richtungtrue
1158;65592;Querschnitt7076;BMS_93_192450_Mch;BMS_93_192450_Mch_Netz;35;9316453;49.0516;12.09174;;192.45;;Betriebsstatus1;Streckenstation2081;SST_93_192450_Mch;6;;UZ Regensburg;A93-Nord Richtung M.-Zentrum;Richtungtrue
1159;65460;Querschnitt7077;GMA_93_192450_Mch;WUD_93_192450_Mch_HK;33;9316453;49.0515838397437;12.0918011213001;;192.45;;Betriebsstatus1;Streckenstation2081;SST_93_192450_Mch;3;;UZ Regensburg;A93-Nord Richtung M.-Zentrum;Richtungtrue
1160;65638;Querschnitt7080;AQ_B16_AS38_0010_FG;WZG_B16_AS38_0010_FG_gesperrt1;163;9316489;49.0431422246064;12.0943033595533;;0.01;;Betriebsstatus1;Streckenstation2082;SST_93_193462_Mch;4;;UZ Regensburg;A93-Nord Richtung M.-Zentrum;Richtungtrue
1161;64931;Querschnitt7110;AQ_B16_AS38_0050_GK;WZG_B16_AS38_0050_GK_gesperrt1;164;9316489;49.0427058649623;12.0954589400689;;0.05;;Betriebsstatus1;Streckenstation2082;SST_93_193462_Mch;4;;UZ Regensburg;A93-Nord Richtung M.-Zentrum;Richtungtrue
1162;64909;Querschnitt7081;BMS_93_193462_Mch;BMS_93_193462_Mch_ReduFG4;37;9316489;49.04308;12.09592;;193.462;;Betriebsstatus1;Streckenstation2082;SST_93_193462_Mch;6;;UZ Regensburg;A93-Nord Richtung M.-Zentrum;Richtungtrue
1163;64983;Querschnitt7082;GMA_93_193462_Mch;WUD_93_193462_Mch_TT3;56;9316489;49.0430715202436;12.0959764045984;;193.462;86000046;Betriebsstatus1;Streckenstation2082;SST_93_193462_Mch;3;;UZ Regensburg;A93-Nord Richtung M.-Zentrum;Richtungtrue
1164;65223;Querschnitt7085;GMA_93_193470_Mch;WUD_93_193470_Mch_HK;40;9316489;49.0429998874605;12.0959694961308;;193.47;;Betriebsstatus1;Streckenstation2082;SST_93_193462_Mch;3;;UZ Regensburg;A93-Nord Richtung M.-Zentrum;Richtungtrue
1165;65274;Querschnitt7083;GMA_B16_AS38_0010_FG;WUD_B16_AS38_0010_FG_HK;33;9316489;49.0431201258395;12.0942906083293;;0.01;;Betriebsstatus1;Streckenstation2082;SST_93_193462_Mch;3;;UZ Regensburg;A93-Nord Richtung M.-Zentrum;Richtungtrue
1166;65279;Querschnitt7084;AQ_B16_AS38_0050_GK;WUD_B16_AS38_0050_GK_HK;41;9316489;49.0427046929291;12.0954851806223;;0.05;;Betriebsstatus1;Streckenstation2082;SST_93_193462_Mch;3;;UZ Regensburg;A93-Nord Richtung M.-Zentrum;Richtungtrue
1167;64944;Querschnitt7087;BMS_93_193918_Mch;BMS_93_193918_Mch_ReduFG4;37;9316505;49.03953;12.09341;;193.918;;Betriebsstatus1;Streckenstation2083;SST_93_193918_Mch;6;;UZ Regensburg;A93-Nord Richtung M.-Zentrum;Richtungtrue
1168;65023;Querschnitt7089;GMA_93_193918_Mch;WUD_93_193918_Mch_HK;33;9316505;49.0395176271194;12.0934740497604;;193.918;;Betriebsstatus1;Streckenstation2083;SST_93_193918_Mch;3;;UZ Regensburg;A93-Nord Richtung M.-Zentrum;Richtungtrue
1169;65124;Querschnitt7092;BMS_93_194000_Mch;BMS_93_194000_Mch_ReduFG4;37;9316508;49.03909;12.09264;;194.0;;Betriebsstatus1;Streckenstation2084;SST_93_194000_Mch;6;;UZ Regensburg;A93-Nord Richtung M.-Zentrum;Richtungtrue
1170;65609;Querschnitt7112;GMA_93_194040_Mch;WUD_93_194040_Mch_HK;33;9316508;49.0388627879977;12.0921864028743;;194.04;;Betriebsstatus1;Streckenstation2084;SST_93_194000_Mch;3;;UZ Regensburg;A93-Nord Richtung M.-Zentrum;Richtungtrue
1171;65264;Querschnitt7093;AQ_93_194180_Mch;WZG_93_194180_Mch_BRAND1;226;9316515;49.0381676795359;12.090573718033;;194.18;;Betriebsstatus1;Streckenstation2085;SST_93_194150_Mch;4;;UZ Regensburg;A93-Nord Richtung M.-Zentrum;Richtungtrue
1172;65388;Querschnitt7094;HS_93_194188_Mch;HS_93_194188_Mch_HS1;167;9316515;49.0380727578291;12.0905242873779;;194.188;;Betriebsstatus1;Streckenstation2085;SST_93_194150_Mch;4;;UZ Regensburg;A93-Nord Richtung M.-Zentrum;Richtungtrue
1173;65019;Querschnitt7095;HS_93_194203_Mch;HS_93_194203_Mch_HS1;168;9316515;49.038135856247;12.0902326303385;;194.203;;Betriebsstatus1;Streckenstation2085;SST_93_194150_Mch;4;;UZ Regensburg;A93-Nord Richtung M.-Zentrum;Richtungtrue
1174;65297;Querschnitt7096;BMS_93_194150_Mch;BMS_93_194203_Mch_QuitHS1;39;9316515;49.03835;12.09072;;194.15;;Betriebsstatus1;Streckenstation2085;SST_93_194150_Mch;6;;UZ Regensburg;A93-Nord Richtung M.-Zentrum;Richtungtrue
1175;65499;Querschnitt7097;GMA_93_194180_Mch;WUD_93_194180_Mch_HK;33;9316515;49.038242384811;12.0905369278439;;194.18;;Betriebsstatus1;Streckenstation2085;SST_93_194150_Mch;3;;UZ Regensburg;A93-Nord Richtung M.-Zentrum;Richtungtrue
1176;64770;Querschnitt7101;DLZ_93_194469_Mch;DLZ_93_194469_Mch_DLZ2;36;9316524;49.0365142925317;12.0872562423641;;194.469;;Betriebsstatus1;Streckenstation2086;SST_93_194450_Mch_1;4;;UZ Regensburg;A93-Nord Richtung M.-Zentrum;Richtungtrue
1177;64768;Querschnitt7102;LSA_93_194452_Mch;LSA_93_194452_Mch_LSA2;34;9316524;49.0365593706282;12.0873322858683;;194.452;;Betriebsstatus1;Streckenstation2086;SST_93_194450_Mch_1;4;;UZ Regensburg;A93-Nord Richtung M.-Zentrum;Richtungtrue
1178;64992;Querschnitt7103;BMS_93_194450_Mch_1;BMS_93_194450_Mch_1_ReduFG4;37;9316524;49.03674;12.08703;;194.45;;Betriebsstatus1;Streckenstation2086;SST_93_194450_Mch_1;6;;UZ Regensburg;A93-Nord Richtung M.-Zentrum;Richtungtrue
1179;65661;Querschnitt7134;DLZ_93_195307_Mch;DLZ_93_195307_Mch_DLZ2;52;9306558;49.0303597505559;12.0806421193945;;195.307;;Betriebsstatus1;Streckenstation2090;SST_93_195360_Hof_2;4;;UZ Regensburg;A93-Nord Richtung M.-Zentrum;Richtungtrue
1180;65456;Querschnitt7135;LSA_93_195317_Mch;LSA_93_195317_Mch_LSA2_GV;6;9306558;49.0303391233469;12.080588179005;;195.317;;Betriebsstatus1;Streckenstation2090;SST_93_195360_Hof_2;4;;UZ Regensburg;A93-Nord Richtung M.-Zentrum;Richtungtrue
1181;64872;Querschnitt7136;BMS_93_195360_Hof_2;BMS_93_195360_Hof_2_ReduFG4;5;9306558;49.02995;12.08045;;195.36;;Betriebsstatus1;Streckenstation2090;SST_93_195360_Hof_2;6;;UZ Regensburg;A93-Nord Richtung Hof;Richtungfalse
1182;65576;Querschnitt7159;AQ_93_195865_Mch;WZG_93_195865_Mch_C_seitl4;172;9316581;49.0282136756266;12.074691073277;;195.865;;Betriebsstatus1;Streckenstation2095;SST_93_196045_Mch;4;;UZ Regensburg;A93-Nord Richtung M.-Zentrum;Richtungtrue
1183;65602;Querschnitt7161;BMS_93_196045_Mch_;BMS_93_196045_Mch_HoeKo;38;9316581;49.02714;12.07183;;196.045;;Betriebsstatus1;Streckenstation2095;SST_93_196045_Mch;6;;UZ Regensburg;A93-Nord Richtung M.-Zentrum;Richtungtrue
1184;65303;Querschnitt7162;GMA_93_195865_Mch;WUD_93_195865_Mch_HK;33;9316581;49.0283362616674;12.0745590997053;;195.865;;Betriebsstatus1;Streckenstation2095;SST_93_196045_Mch;3;;UZ Regensburg;A93-Nord Richtung M.-Zentrum;Richtungtrue
1185;65048;Querschnitt7163;GMA_93_196052_Mch;WUD_93_196052_Mch_TT3;56;9316581;49.0271870639737;12.0719457635214;;196.052;99000004;Betriebsstatus1;Streckenstation2095;SST_93_196045_Mch;3;;UZ Regensburg;A93-Nord Richtung M.-Zentrum;Richtungtrue
1186;65369;Querschnitt7164;GMA_93_196059_Mch;WUD_93_196059_Mch_HK;40;9316581;49.027145158978;12.0718741697765;;196.059;;Betriebsstatus1;Streckenstation2095;SST_93_196045_Mch;3;;UZ Regensburg;A93-Nord Richtung M.-Zentrum;Richtungtrue
1187;64788;Querschnitt7170;BMS_93_196250_Mch;BMS_93_196250_Mch_ReduFG4;37;9316588;49.0257;12.07015;;196.25;;Betriebsstatus1;Streckenstation2097;SST_93_196250_Mch;6;;UZ Regensburg;A93-Nord Richtung M.-Zentrum;Richtungtrue
1188;65394;Querschnitt7171;GMA_93_196250_Mch;WUD_93_196250_Mch_HK;33;9316588;49.0257433843545;12.0701712661623;;196.25;;Betriebsstatus1;Streckenstation2097;SST_93_196250_Mch;3;;UZ Regensburg;A93-Nord Richtung M.-Zentrum;Richtungtrue
1189;65248;Querschnitt7174;BMS_93_196360_Mch;BMS_93_196360_Mch_ReduFG4;37;9316592;49.0248;12.06957;;196.36;;Betriebsstatus1;Streckenstation2098;SST_93_196360_Mch;6;;UZ Regensburg;A93-Nord Richtung M.-Zentrum;Richtungtrue
1190;65445;Querschnitt7175;GMA_93_196360_Mch;WUD_93_196360_Mch_HK;33;9316592;49.0248442965533;12.0695643842392;;196.36;;Betriebsstatus1;Streckenstation2098;SST_93_196360_Mch;3;;UZ Regensburg;A93-Nord Richtung M.-Zentrum;Richtungtrue
1191;64949;Querschnitt7178;AQ_93_196490_Mch;WZG_93_196490_Mch_BRAND1;226;9316597;49.0236966821423;12.0693237454361;;196.49;;Betriebsstatus1;Streckenstation2099;SST_93_196485_Mch;4;;UZ Regensburg;A93-Nord Richtung M.-Zentrum;Richtungtrue
1192;64829;Querschnitt7179;DLZ_93_196490_Hof;DLZ_93_196490_Hof_DLZ2;2;9316597;49.0236680936691;12.0695002026188;;196.49;;Betriebsstatus1;Streckenstation2099;SST_93_196485_Mch;4;;UZ Regensburg;A93-Nord Richtung Hof;Richtungfalse
1193;65639;Querschnitt7180;HS_93_196491_Mch;HS_93_196491_Mch_HS1;167;9316597;49.0236446267194;12.0693941460175;;196.491;;Betriebsstatus1;Streckenstation2099;SST_93_196485_Mch;4;;UZ Regensburg;A93-Nord Richtung M.-Zentrum;Richtungtrue
1194;64955;Querschnitt7181;HS_93_196506_Mch;HS_93_196506_Mch_HS1;168;9316597;49.0235618849796;12.0691651714358;;196.506;;Betriebsstatus1;Streckenstation2099;SST_93_196485_Mch;4;;UZ Regensburg;A93-Nord Richtung M.-Zentrum;Richtungtrue
1195;65079;Querschnitt7182;BMS_93_196485_Mch;BMS_93_196485_Mch_HoeKo;40;9316597;49.02366;12.06917;;196.485;;Betriebsstatus1;Streckenstation2099;SST_93_196485_Mch;6;;UZ Regensburg;A93-Nord Richtung M.-Zentrum;Richtungtrue
1196;65147;Querschnitt7183;GMA_93_196490_Hof;WUD_93_196490_Hof_HK;1;9316597;49.0236342504513;12.069651537256;;196.49;;Betriebsstatus1;Streckenstation2099;SST_93_196485_Mch;3;;UZ Regensburg;A93-Nord Richtung Hof;Richtungfalse
1197;65474;Querschnitt7184;GMA_93_196490_Mch;WUD_93_196490_Mch_HK;33;9316597;49.0237178908741;12.069214039859;;196.49;;Betriebsstatus1;Streckenstation2099;SST_93_196485_Mch;3;;UZ Regensburg;A93-Nord Richtung M.-Zentrum;Richtungtrue
1198;64911;Querschnitt7197;AQ_93_AS40_0214_HM;WZG_93_AS40_0214_HM_BRAND1;226;9316605;49.0220006815598;12.068778319443;;0.214;;Betriebsstatus1;Streckenstation2102;SST_93_AS40_0204_HM;4;;UZ Regensburg;A93-Nord Richtung M.-Zentrum;Richtungtrue
1199;65018;Querschnitt7198;HS_93_AS40_0222_HM;HS_93_AS40_0222_HM_HS1;168;9316605;49.0218957021528;12.0688256521134;;0.222;;Betriebsstatus1;Streckenstation2102;SST_93_AS40_0204_HM;4;;UZ Regensburg;A93-Nord Richtung M.-Zentrum;Richtungtrue
1200;64737;Querschnitt7199;BMS_93_AS40_0204_HM;BMS_93_AS40_0222_HM_QuitHS1;38;9316605;49.02206;12.06889;;196.7;;Betriebsstatus1;Streckenstation2102;SST_93_AS40_0204_HM;6;;UZ Regensburg;A93-Nord Richtung M.-Zentrum;Richtungtrue
1201;65356;Querschnitt7200;GMA_93_AS40_0214_HM;WUD_93_AS40_0214_HM_HK;33;9316605;49.0220008585808;12.0687518246884;;0.214;;Betriebsstatus1;Streckenstation2102;SST_93_AS40_0204_HM;3;;UZ Regensburg;A93-Nord Richtung M.-Zentrum;Richtungtrue
1202;65587;Querschnitt7201;MQ_93_196780_Mch;DET_93_196780_Mch_H2;34;9306607;49.0211749854121;12.0688727977224;;0.042;;Betriebsstatus1;Streckenstation2103;SST_93_196780_Hof_1;1;;UZ Regensburg;A93-Nord Richtung M.-Zentrum;Richtungtrue
1203;65646;Querschnitt7202;MQ_93_196780_Mch_E;DET_93_196780_Mch_H3;161;9306607;49.0211853307537;12.0687498910566;;198.4;;Betriebsstatus1;Streckenstation2103;SST_93_196780_Hof_1;1;;UZ Regensburg;A93-Nord Richtung M.-Zentrum;Richtungtrue
1204;65647;Querschnitt7204;AQ_CLFE_FRO;WZG_CLFE_FRO_gesperrt;163;9306607;49.0238453401869;12.0685294558685;;0.01;;Betriebsstatus1;Streckenstation2103;SST_93_196780_Hof_1;4;;UZ Regensburg;A93-Nord Richtung Hof;Richtungfalse
1205;65207;Querschnitt7205;AQ_CLFE_FRW;WZG_CLFE_FRW_gesperrt;164;9306607;49.024005605571;12.0692530649159;;0.0;;Betriebsstatus1;Streckenstation2103;SST_93_196780_Hof_1;4;;UZ Regensburg;A93-Nord Richtung Hof;Richtungfalse
1206;65259;Querschnitt7206;DLZ_93_196840_Mch;DLZ_93_196840_Mch_DLZ3_GV;3;9306607;49.0205628233682;12.0686403865689;;196.84;;Betriebsstatus1;Streckenstation2103;SST_93_196780_Hof_1;4;;UZ Regensburg;A93-Nord Richtung M.-Zentrum;Richtungtrue
1207;64756;Querschnitt7207;LSA_93_196780_Mch;DLZ_93_196780_Mch_DLZ3;40;9306607;49.0210674941609;12.0688361967968;;196.78;;Betriebsstatus1;Streckenstation2103;SST_93_196780_Hof_1;4;;UZ Regensburg;A93-Nord Richtung M.-Zentrum;Richtungtrue
1208;65556;Querschnitt7208;BMS_93_196780_Hof_1;BMS_93_196780_Hof_1_ReduFG4;37;9306607;49.02116;12.06937;;196.78;;Betriebsstatus1;Streckenstation2103;SST_93_196780_Hof_1;6;;UZ Regensburg;A93-Nord Richtung Hof;Richtungfalse
1209;64892;Querschnitt7209;GMA_CLFE_FRO;WUD_CLFE_FRO_HK;33;9306607;49.0238376454093;12.0685375131177;;0.01;;Betriebsstatus1;Streckenstation2103;SST_93_196780_Hof_1;3;;UZ Regensburg;A93-Nord Richtung Hof;Richtungfalse
1210;65055;Querschnitt7210;GMA_CLFE_FRO;WUD_CLFE_FRW_HK;34;9306607;49.0239960437241;12.0692610071481;;0.01;;Betriebsstatus1;Streckenstation2103;SST_93_196780_Hof_1;3;;UZ Regensburg;A93-Nord Richtung Hof;Richtungfalse
1211;65597;Querschnitt7232;DLZ_93_197250_Mch;DLZ_93_197250_Mch_DLZ3;38;9306632;49.0171273167474;12.0665071380022;;197.25;;Betriebsstatus1;Streckenstation2106;SST_93_197440_Hof_2;4;;UZ Regensburg;A93-Nord Richtung M.-Zentrum;Richtungtrue
1212;65620;Querschnitt7233;LSA_93_197460_Mch;DLZ_93_197460_Mch_DLZ3;48;9306632;49.0154914561361;12.0651742522044;;197.46;;Betriebsstatus1;Streckenstation2106;SST_93_197440_Hof_2;4;;UZ Regensburg;A93-Nord Richtung M.-Zentrum;Richtungtrue
1213;64697;Querschnitt7235;BMS_93_197440_Hof_2;BMS_93_197440_Hof_2_ReduFG4;37;9306632;49.01484;12.06522;;197.44;;Betriebsstatus1;Streckenstation2106;SST_93_197440_Hof_2;6;;UZ Regensburg;A93-Nord Richtung Hof;Richtungfalse
1214;65604;Querschnitt7188;BMS_93_197750_Mch;BMS_93_197750_Mch_Netz;35;9316642;49.01320613;12.06288097;;197.75;;Betriebsstatus1;Streckenstation2100;SST_93_197750_Mch;6;;UZ Regensburg;A93-Nord Richtung M.-Zentrum;Richtungtrue
1215;65693;Querschnitt7189;GMA_93_197789_Mch;WUD_93_197789_Mch_HK;33;9316642;49.0130812748724;12.0628019990616;;197.789;;Betriebsstatus1;Streckenstation2100;SST_93_197750_Mch;3;;UZ Regensburg;A93-Nord Richtung M.-Zentrum;Richtungtrue
1216;65485;Querschnitt7305;AQ_93_AS42_0042_EM;WZG_93_AS42_0042_EM_ZFR_AQ1;163;9316665;49.0092;12.05873;;;;;Streckenstation2122;SST_93_AS42_0034_EM;4;;UZ Regensburg;A93-Nord Richtung M.-Zentrum;Richtungtrue
1217;65065;Querschnitt7306;BMS_93_AS42_0034_EM;BMS_93_AS42_0034_EM_Netz;35;9316665;49.00922;12.05861;;;;;Streckenstation2122;SST_93_AS42_0034_EM;6;;UZ Regensburg;A93-Nord Richtung M.-Zentrum;Richtungtrue
1218;65526;Querschnitt7307;GMA_93_AS42_0042_EM;WUD_93_AS42_0042_EM_HK;33;9316665;49.0092;12.05873;;;;;Streckenstation2122;SST_93_AS42_0034_EM;3;;UZ Regensburg;A93-Nord Richtung M.-Zentrum;Richtungtrue
1219;64823;Querschnitt7194;LSA_93_AS42_0186_EM;LSA_93_AS42_0186_EM_ZFR_LSA2;164;9316661;49.0085248309383;12.0602664781041;;0.186;;Betriebsstatus1;Streckenstation2101;SST_93_198290_Mch;4;;UZ Regensburg;A93-Nord Richtung M.-Zentrum;Richtungtrue
1220;65439;Querschnitt7195;BMS_93_198290_Mch;BMS_93_198290_Mch_Netz;35;9316661;49.00862;12.06038;;198.29;;Betriebsstatus1;Streckenstation2101;SST_93_198290_Mch;6;;UZ Regensburg;A93-Nord Richtung M.-Zentrum;Richtungtrue
1221;65281;Querschnitt7196;GMA_93_AS42_0186_EM;WUD_93_AS42_0186_EM_HK;33;9316661;49.0085206811626;12.0602568598664;;0.186;;Betriebsstatus1;Streckenstation2101;SST_93_198290_Mch;3;;UZ Regensburg;A93-Nord Richtung M.-Zentrum;Richtungtrue
1222;65641;Querschnitt7165;AQ_3_AK44_0297_AM;WZG_3_AK44_0297_AM_gesperrt1;163;9316715;48.9969748256011;12.0596576425252;;0.297;;Betriebsstatus1;Streckenstation2096;SST_3_AK44_0267_AM;4;;UZ Regensburg;A93-Nord Richtung M.-Zentrum;Richtungtrue
1223;65101;Querschnitt7167;GMA_3_AK44_0297_AM;WUD_3_AK44_0297_AM_HK;33;9316715;48.9969895278032;12.0596353759125;;0.297;;Betriebsstatus1;Streckenstation2096;SST_3_AK44_0267_AM;3;;UZ Regensburg;A93-Nord Richtung M.-Zentrum;Richtungtrue
1224;65047;Querschnitt7288;GMA_93_201570_Hof;WUD_93_201570_Hof_HK;1;9306779;48.9798953077222;12.0634757586936;;201.57;;Betriebsstatus1;Streckenstation2115;SST_93_201575_Hof;3;;UZ Regensburg;A93-Nord Richtung Hof;Richtungfalse
1225;65069;Querschnitt7240;AQ_93_AS41_0329_SZ;WZG_93_AS41_0329_SZ_BRAND1;226;9306636;49.0144416852037;12.0652503161919;;0.329;;Betriebsstatus1;Streckenstation2107;SST_93_197590_Hof;4;;UZ Regensburg;A93-Nord Richtung Hof;Richtungfalse
1226;65096;Querschnitt7282;BMS_93_200190_Hof;BMS_93_200190_Hof_Netz;3;9306729;48.99196;12.0615;;200.19;;Betriebsstatus1;Streckenstation2114;SST_93_200190_Hof;6;;UZ Regensburg;A93-Nord Richtung Hof;Richtungfalse
1227;64926;Querschnitt7283;GMA_93_200170_Hof;WUD_93_200170_Hof_HK;1;9306729;48.9920545083443;12.06161344756;;200.17;;Betriebsstatus1;Streckenstation2114;SST_93_200190_Hof;3;;UZ Regensburg;A93-Nord Richtung Hof;Richtungfalse
1228;64936;Querschnitt7284;GMA_93_200180_Hof;WUD_93_200180_Hof_TT3;24;9306729;48.9921664111058;12.0616292659632;;200.18;86000049;Betriebsstatus1;Streckenstation2114;SST_93_200190_Hof;3;;UZ Regensburg;A93-Nord Richtung Hof;Richtungfalse
1229;64974;Querschnitt7277;BMS_93_199490_Hof;BMS_93_199490_Hof_Netz;3;9306704;48.99812524;12.06379054;;199.49;;Betriebsstatus1;Streckenstation2113;SST_93_199490_Hof;6;;UZ Regensburg;A93-Nord Richtung Hof;Richtungfalse
1230;65407;Querschnitt7278;GMA_93_199480_Hof;WUD_93_199480_Hof_HK;1;9306704;48.9982710283484;12.0637630164369;;199.48;;Betriebsstatus1;Streckenstation2113;SST_93_199490_Hof;3;;UZ Regensburg;A93-Nord Richtung Hof;Richtungfalse
1231;65375;Querschnitt7296;AQ_93_AS43_0095_SZ;WZG_93_AS43_0095_SZ_ZFR_AQ1;131;9306690;49.0019987396583;12.065092635548;;0.095;;Betriebsstatus1;Streckenstation2118;SST_93_AS43_0045_SZ;4;;UZ Regensburg;A93-Nord Richtung Hof;Richtungfalse
1232;65528;Querschnitt7297;BMS_93_AS43_0045_SZ;BMS_93_AS43_0045_SZ_Netz;3;9306690;49.00212;12.06545;;199.1;;Betriebsstatus1;Streckenstation2118;SST_93_AS43_0045_SZ;6;;UZ Regensburg;A93-Nord Richtung Hof;Richtungfalse
1233;64842;Querschnitt7298;GMA_93_AS43_0095_SZ;WUD_93_AS43_0095_SZ_HK;1;9306690;49.0019795662122;12.0650836297521;;0.095;;Betriebsstatus1;Streckenstation2118;SST_93_AS43_0045_SZ;3;;UZ Regensburg;A93-Nord Richtung Hof;Richtungfalse
1234;65430;Querschnitt7241;HS_93_197567_Hof;HS_93_197567_Hof_HS1;130;9306636;49.0147560086855;12.0648608502795;;197.552;;Betriebsstatus1;Streckenstation2107;SST_93_197590_Hof;4;;UZ Regensburg;A93-Nord Richtung Hof;Richtungfalse
1235;64729;Querschnitt7271;LSA_93_AS43_0347_SZ;LSA_93_AS43_0347_SZ_ZFR_LSA1;131;9306685;49.0032053041415;12.0627014970999;;0.347;;Betriebsstatus1;Streckenstation2112;SST_93_198945_Hof;4;;UZ Regensburg;A93-Nord Richtung Hof;Richtungfalse
1236;65448;Querschnitt7272;LSA_93_AS43_0347_SZ;LSA_93_AS43_0347_SZ_ZFR_LSA2;132;9306685;49.0031549954546;12.06254818881;;0.347;;Betriebsstatus1;Streckenstation2112;SST_93_198945_Hof;4;;UZ Regensburg;A93-Nord Richtung Hof;Richtungfalse
1237;65562;Querschnitt7273;BMS_93_198945_Hof;BMS_93_198945_Hof_Netz;3;9306685;49.003;12.06261;;198.945;;Betriebsstatus1;Streckenstation2112;SST_93_198945_Hof;6;;UZ Regensburg;A93-Nord Richtung Hof;Richtungfalse
1238;65226;Querschnitt7274;GMA_93_AS43_0347_SZ;WUD_93_AS43_0347_SZ_HK;1;9306685;49.0032193715422;12.0626939301258;;0.347;;Betriebsstatus1;Streckenstation2112;SST_93_198945_Hof;3;;UZ Regensburg;A93-Nord Richtung Hof;Richtungfalse
1239;64957;Querschnitt7265;BMS_93_198770_Hof;BMS_93_198770_Hof_Netz;3;9306678;49.00454167;12.06181153;;198.77;;Betriebsstatus1;Streckenstation2111;SST_93_198770_Hof;6;;UZ Regensburg;A93-Nord Richtung Hof;Richtungfalse
1240;64869;Querschnitt7266;GMA_93_198740_Hof;WUD_93_198740_Hof_HK;1;9306678;49.0047612164399;12.0617078641113;;198.74;;Betriebsstatus1;Streckenstation2111;SST_93_198770_Hof;3;;UZ Regensburg;A93-Nord Richtung Hof;Richtungfalse
1241;65606;Querschnitt7259;BMS_93_198180_Hof;BMS_93_198150_Hof_HoeKo;6;9306657;49.00967665;12.06112657;;198.18;;Betriebsstatus1;Streckenstation2110;SST_93_198180_Hof;6;;UZ Regensburg;A93-Nord Richtung Hof;Richtungfalse
1242;64736;Querschnitt7260;GMA_93_198150_Hof;WUD_93_198150_Hof_HK;1;9306657;49.0099082642248;12.0612123506588;;198.15;;Betriebsstatus1;Streckenstation2110;SST_93_198180_Hof;3;;UZ Regensburg;A93-Nord Richtung Hof;Richtungfalse
1243;65594;Querschnitt7254;BMS_93_197830_Hof;BMS_93_197830_Hof_ReduFG4;5;9306645;49.01259502;12.06291629;;197.83;;Betriebsstatus1;Streckenstation2109;SST_93_197830_Hof;6;;UZ Regensburg;A93-Nord Richtung Hof;Richtungfalse
1244;65493;Querschnitt7255;GMA_93_197805_Hof;WUD_93_197805_Hof_HK;1;9306645;49.0127380526824;12.0630107717063;;197.805;;Betriebsstatus1;Streckenstation2109;SST_93_197830_Hof;3;;UZ Regensburg;A93-Nord Richtung Hof;Richtungfalse
1245;65618;Querschnitt7242;HS_93_AS41_0339_SZ;HS_93_AS41_0339_SZ_HS1;132;9306636;49.0145620457518;12.0651308885894;;0.339;;Betriebsstatus1;Streckenstation2107;SST_93_197590_Hof;4;;UZ Regensburg;A93-Nord Richtung Hof;Richtungfalse
1246;65446;Querschnitt7250;BMS_93_197709_Hof;BMS_93_197709_Hof_ReduFG4;5;9306641;49.0135113;12.06373602;;197.709;;Betriebsstatus1;Streckenstation2108;SST_93_197709_Hof;6;;UZ Regensburg;A93-Nord Richtung Hof;Richtungfalse
1247;65251;Querschnitt7251;GMA_93_197672_Hof;WUD_93_197672_Hof_HK;1;9306641;49.0138037410881;12.0640180332636;;197.672;;Betriebsstatus1;Streckenstation2108;SST_93_197709_Hof;3;;UZ Regensburg;A93-Nord Richtung Hof;Richtungfalse
1248;65040;Querschnitt7239;AQ_93_197574_Hof;WZG_93_197574_Hof_BRAND1;225;9306636;49.0145930894105;12.0645752877959;;197.574;;Betriebsstatus1;Streckenstation2107;SST_93_197590_Hof;4;;UZ Regensburg;A93-Nord Richtung Hof;Richtungfalse
1249;65058;Querschnitt7243;BMS_93_197590_Hof;BMS_93_197567_Hof_QuitHS1;7;9306636;49.01439492;12.06456709;;197.59;;Betriebsstatus1;Streckenstation2107;SST_93_197590_Hof;6;;UZ Regensburg;A93-Nord Richtung Hof;Richtungfalse
1250;65680;Querschnitt7244;BMS_93_AS41_0339_SZ_Qu;BMS_93_AS41_0339_SZ_QuitHS1;8;9306636;49.01451;12.06526;;197.59;;Betriebsstatus1;Streckenstation2107;SST_93_197590_Hof;6;;UZ Regensburg;A93-Nord Richtung Hof;Richtungfalse
1251;64896;Querschnitt7245;GMA_93_197574_Hof;WUD_93_197574_Hof_HK;1;9306636;49.0145370451964;12.0646676624762;;197.574;;Betriebsstatus1;Streckenstation2107;SST_93_197590_Hof;3;;UZ Regensburg;A93-Nord Richtung Hof;Richtungfalse
1252;64757;Querschnitt7246;GMA_93_AS41_0329_SZ;WUD_93_AS41_0329_SZ_HK;2;9306636;49.0144170375125;12.0652077855856;;0.329;;Betriebsstatus1;Streckenstation2107;SST_93_197590_Hof;3;;UZ Regensburg;A93-Nord Richtung Hof;Richtungfalse
1253;65663;Querschnitt7293;AQ_93_AS41_0209_SZ;WZG_93_AS41_0209_SZ_C_seitl;134;9306626;49.014364777067;12.0662807168028;;0.209;;Betriebsstatus1;Streckenstation2117;SST_93_AS41_0199_SZ;4;;UZ Regensburg;A93-Nord Richtung Hof;Richtungfalse
1254;65658;Querschnitt7290;AQ_93_AS41_0059_SZ;WZG_93_AS41_0059_SZ_ZFR_AQ1;131;9306630;49.0153366068858;12.0671605320562;;0.059;;Betriebsstatus1;Streckenstation2116;SST_93_AS41_0029_SZ;4;Fahrbahnteil3;UZ Regensburg;A93-Nord Richtung Hof;Richtungfalse
1255;65036;Querschnitt7294;BMS_93_AS41_0199_SZ;BMS_93_AS41_0199_SZ_ReduFG4;5;9306626;49.01443;12.06652;;197.3;;Betriebsstatus1;Streckenstation2117;SST_93_AS41_0199_SZ;6;;UZ Regensburg;A93-Nord Richtung Hof;Richtungfalse
1256;65457;Querschnitt7295;GMA_93_AS41_0209_SZ;WUD_93_AS41_0209_SZ_HK;1;9306626;49.0143637493954;12.0662597735965;;0.209;;Betriebsstatus1;Streckenstation2117;SST_93_AS41_0199_SZ;3;;UZ Regensburg;A93-Nord Richtung Hof;Richtungfalse
1257;65008;Querschnitt7219;MQ_93_197440_Hof;DET_93_197440_Hof_H2;2;9306631;49.0152647048326;12.0651724404993;;0.0020;;Betriebsstatus1;Streckenstation2105;SST_93_197440_Hof_1;1;;UZ Regensburg;A93-Nord Richtung Hof;Richtungfalse
1258;64703;Querschnitt7222;AQ_PRUEF_FRO;WZG_PRUEF_FRO_gesperrt1;132;9306631;49.0158160792771;12.0669744638261;;0.0020;;Betriebsstatus1;Streckenstation2105;SST_93_197440_Hof_1;4;;UZ Regensburg;A93-Nord Richtung Hof;Richtungfalse
1259;65129;Querschnitt7223;AQ_PRUEF_FRW;WZG_PRUEF_FRW_gesperrt1;131;9306631;49.0159536462471;12.0673718133616;;0.0010;;Betriebsstatus1;Streckenstation2105;SST_93_197440_Hof_1;4;;UZ Regensburg;A93-Nord Richtung Hof;Richtungfalse
1260;65398;Querschnitt7224;DLZ_93_197380_Hof;DLZ_93_197380_Hof_DLZ3_GV;35;9306631;49.0160133367389;12.0658310097516;;197.38;;Betriebsstatus1;Streckenstation2105;SST_93_197440_Hof_1;4;;UZ Regensburg;A93-Nord Richtung Hof;Richtungfalse
1261;65221;Querschnitt7225;LSA_93_197440_Hof;DLZ_93_197440_Hof_DLZ3;10;9306631;49.0155409172536;12.0654196365638;;197.44;;Betriebsstatus1;Streckenstation2105;SST_93_197440_Hof_1;4;;UZ Regensburg;A93-Nord Richtung Hof;Richtungfalse
1262;65644;Querschnitt7226;BMS_93_197440_Hof;BMS_93_197440_Hof_1_ReduFG4;5;9306631;49.01550667;12.06539398;;197.44;;Betriebsstatus1;Streckenstation2105;SST_93_197440_Hof_1;6;;UZ Regensburg;A93-Nord Richtung Hof;Richtungfalse
1263;65404;Querschnitt7308;GMA_PRUEF_FRO;WUD_PRUEF_FRO_HK;2;9306631;49.01566;12.06614;;;;;Streckenstation2105;SST_93_197440_Hof_1;3;;UZ Regensburg;A93-Nord Richtung Hof;Richtungfalse
1264;64991;Querschnitt7309;GMA_PRUEF_FRW;WUD_PRUEF_FRW_HK;1;9306631;49.01614;12.06885;;;;;Streckenstation2105;SST_93_197440_Hof_1;3;;UZ Regensburg;A93-Nord Richtung Hof;Richtungfalse
1265;65497;Querschnitt7215;DLZ_93_196950_Hof;DLZ_93_196950_Hof_DLZ3;14;9306608;49.0195905276327;12.0683086825345;;196.95;;Betriebsstatus1;Streckenstation2104;SST_93_196780_Hof_2;4;;UZ Regensburg;A93-Nord Richtung Hof;Richtungfalse
1266;65690;Querschnitt7217;LSA_93_196780_Hof;DLZ_93_196780_Hof_DLZ3;8;9306608;49.0210824298227;12.0690159588678;;196.78;;Betriebsstatus1;Streckenstation2104;SST_93_196780_Hof_2;4;;UZ Regensburg;A93-Nord Richtung Hof;Richtungfalse
1267;64966;Querschnitt7218;BMS_93_196780_Hof_2;BMS_93_196780_Hof_2_ReduFG4;5;9306608;49.02116;12.06937;;196.78;;Betriebsstatus1;Streckenstation2104;SST_93_196780_Hof_2;6;;UZ Regensburg;A93-Nord Richtung Hof;Richtungfalse
1268;65517;Querschnitt7156;BMS_93_196085_Hof;BMS_93_196085_Hof_ReduFG4;5;9306583;49.02668;12.07198;;196.085;;Betriebsstatus1;Streckenstation2094;SST_93_196085_Hof;6;;UZ Regensburg;A93-Nord Richtung Hof;Richtungfalse
1269;64880;Querschnitt7157;GMA_93_196085_Hof;WUD_93_196085_Hof_HK;1;9306583;49.026767862655;12.0718943374;;196.085;;Betriebsstatus1;Streckenstation2094;SST_93_196085_Hof;3;;UZ Regensburg;A93-Nord Richtung Hof;Richtungfalse
1270;65626;Querschnitt7151;BMS_93_195865_Hof;BMS_93_195865_Hof_ReduFG4;5;9306575;49.02788;12.07428;;195.865;;Betriebsstatus1;Streckenstation2093;SST_93_195865_Hof;6;;UZ Regensburg;A93-Nord Richtung Hof;Richtungfalse
1271;64838;Querschnitt7152;GMA_93_195865_Hof;WUD_93_195865_Hof_HK;1;9306575;49.0279394686621;12.074366272785;;195.865;;Betriebsstatus1;Streckenstation2093;SST_93_195865_Hof;3;;UZ Regensburg;A93-Nord Richtung Hof;Richtungfalse
1272;64938;Querschnitt7147;BMS_93_195592_Hof;BMS_93_195592_Hof_ReduFG4;5;9306565;49.02894;12.07761;;195.592;;Betriebsstatus1;Streckenstation2092;SST_93_195592_Hof;6;;UZ Regensburg;A93-Nord Richtung Hof;Richtungfalse
1273;65005;Querschnitt7148;GMA_93_195592_Hof;WUD_93_195592_Hof_HK;1;9306565;49.0290004769072;12.0777454333346;;195.592;;Betriebsstatus1;Streckenstation2092;SST_93_195592_Hof;3;;UZ Regensburg;A93-Nord Richtung Hof;Richtungfalse
1274;65203;Querschnitt7137;AQ_93_195453_Hof;WZG_93_195453_Hof_BRAND1;225;9306560;49.0296158820289;12.0794362140091;;195.453;;Betriebsstatus1;Streckenstation2091;SST_93_195453_Hof;4;;UZ Regensburg;A93-Nord Richtung Hof;Richtungfalse
1275;64728;Querschnitt7138;HS_93_195452_Hof;HS_93_195452_Hof_HS1;130;9306560;49.0296200955767;12.0794483150706;;195.452;;Betriebsstatus1;Streckenstation2091;SST_93_195453_Hof;4;;UZ Regensburg;A93-Nord Richtung Hof;Richtungfalse
1276;65299;Querschnitt7139;HS_93_AS39_0210_SZ;HS_93_AS39_0210_SZ_HS1;139;9306560;49.0294943173141;12.0796835668588;;0.21;;Betriebsstatus1;Streckenstation2091;SST_93_195453_Hof;4;;UZ Regensburg;A93-Nord Richtung Hof;Richtungfalse
1277;64963;Querschnitt7140;LSA_93_195453_Hof;LSA_93_AS39_0205_SZ_LSA2;138;9306560;49.0294440436919;12.0797888619485;;0.205;;Betriebsstatus1;Streckenstation2091;SST_93_195453_Hof;4;;UZ Regensburg;A93-Nord Richtung Hof;Richtungfalse
1278;65685;Querschnitt7141;BMS_93_195453_Hof;BMS_93_195452_Hof_QuitHS1;6;9306560;49.02956;12.07936;;195.453;;Betriebsstatus1;Streckenstation2091;SST_93_195453_Hof;6;;UZ Regensburg;A93-Nord Richtung Hof;Richtungfalse
1279;65574;Querschnitt7142;BMS_93_AS39_0210_SZ;BMS_93_AS39_0210_SZ_QuitHS1;7;9306560;49.0294;12.0805;;195.453;;Betriebsstatus1;Streckenstation2091;SST_93_195453_Hof;6;;UZ Regensburg;A93-Nord Richtung Hof;Richtungfalse
1280;65684;Querschnitt7143;GMA_93_195453_Hof;WUD_93_195453_Hof_HK;1;9306560;49.0296066661392;12.0794120805012;;195.453;;Betriebsstatus1;Streckenstation2091;SST_93_195453_Hof;3;;UZ Regensburg;A93-Nord Richtung Hof;Richtungfalse
1281;65301;Querschnitt7124;AQ_B8_FRO;WZG_B8_FRO_gesperrt1;131;9306557;49.0295017966713;12.0810218446217;;0.0010;;Betriebsstatus1;Streckenstation2089;SST_93_195360_Hof_1;4;;UZ Regensburg;A93-Nord Richtung Hof;Richtungfalse
1282;64698;Querschnitt7310;AQ_B8_FRW;WZG_B8_FRW_gesperrt1;132;9306557;49.02929;12.08322;;;;;Streckenstation2089;SST_93_195360_Hof_1;4;;UZ Regensburg;A93-Nord Richtung Hof;Richtungfalse
1283;64688;Querschnitt7125;DLZ_93_195317_Hof;DLZ_93_195317_Hof_DLZ2_GV;36;9306557;49.0302860622539;12.0807991229752;;195.317;;Betriebsstatus1;Streckenstation2089;SST_93_195360_Hof_1;4;;UZ Regensburg;A93-Nord Richtung Hof;Richtungfalse
1284;65555;Querschnitt7126;LSA_93_195326_Hof;LSA_93_195326_Hof_LSA2;22;9306557;49.0302326474815;12.080707024115;;195.326;;Betriebsstatus1;Streckenstation2089;SST_93_195360_Hof_1;4;;UZ Regensburg;A93-Nord Richtung Hof;Richtungfalse
1285;64803;Querschnitt7127;BMS_93_195360_Hof_1;BMS_93_195360_Hof_1_ReduFG4;5;9306557;49.02991;12.0803;;195.36;;Betriebsstatus1;Streckenstation2089;SST_93_195360_Hof_1;6;;UZ Regensburg;A93-Nord Richtung Hof;Richtungfalse
1286;64965;Querschnitt7128;GMA_B8_FRO;WUD_B8_FRO_HK;1;9306557;49.0294920253864;12.081037593289;;0.0010;;Betriebsstatus1;Streckenstation2089;SST_93_195360_Hof_1;3;;UZ Regensburg;A93-Nord Richtung Hof;Richtungfalse
1287;64975;Querschnitt7129;GMA_B8_FRW;WUD_B8_FRW_HK;2;9306557;49.0295074906022;12.0819457623268;;0.0020;;Betriebsstatus1;Streckenstation2089;SST_93_195360_Hof_1;3;;UZ Regensburg;A93-Nord Richtung Hof;Richtungfalse
1288;65424;Querschnitt7107;DLZ_93_194470_Hof;DLZ_93_194470_Hof_DLZ2_GV;36;9316525;49.0362688953455;12.0874019117693;;194.47;;Betriebsstatus1;Streckenstation2087;SST_93_194450_Mch_2;4;;UZ Regensburg;A93-Nord Richtung Hof;Richtungfalse
1289;65106;Querschnitt7108;LSA_93_194453_Hof;LSA_93_194453_Hof_LSA2_GV;34;9316525;49.0363745393965;12.0875692473735;;194.453;;Betriebsstatus1;Streckenstation2087;SST_93_194450_Mch_2;4;;UZ Regensburg;A93-Nord Richtung Hof;Richtungfalse
1290;65516;Querschnitt7109;BMS_93_194450_Mch_2;BMS_93_194450_Mch_2_ReduFG4;5;9316525;49.03678;12.08696;;194.45;;Betriebsstatus1;Streckenstation2087;SST_93_194450_Mch_2;6;;UZ Regensburg;A93-Nord Richtung M.-Zentrum;Richtungtrue
1291;65785;Querschnitt7345;AQ_96_139930_Mch;DLZ_96_139930_Mch_DLZ2_GV;42;9619235;48.0773505592913;11.1147937451325;;139.93;;Betriebsstatus1;Streckenstation2130;SST_96_139925_Mch;4;;UZ Eching/Etterschlag;A96 Richtung M.-Zentrum;Richtungfalse
1292;65225;Querschnitt7116;DLZ_93_194050_Hof;DLZ_93_194050_Hof_DLZ2_GV;34;9306525;49.0386244776877;12.0922774767035;;194.05;;Betriebsstatus1;Streckenstation2088;SST_93_194080_Hof;4;;UZ Regensburg;A93-Nord Richtung Hof;Richtungfalse
1293;64795;Querschnitt7117;BMS_93_194080_Hof;BMS_93_194080_Hof_Netz;3;9306525;49.03842;12.09214;;194.48;;Betriebsstatus1;Streckenstation2088;SST_93_194080_Hof;6;;UZ Regensburg;A93-Nord Richtung Hof;Richtungfalse
1294;64791;Querschnitt7118;GMA_93_194050_Hof;WUD_93_194050_Hof_HK;1;9306525;49.038571498484;12.0923620354838;;194.05;;Betriebsstatus1;Streckenstation2088;SST_93_194080_Hof;3;;UZ Regensburg;A93-Nord Richtung Hof;Richtungfalse
1295;64984;Querschnitt7119;GMA_93_194050_Hof_GV;WUD_93_194050_Hof_HK_GV;2;9306525;49.038571498484;12.0923620354838;;194.05;;Betriebsstatus1;Streckenstation2088;SST_93_194080_Hof;3;;UZ Regensburg;A93-Nord Richtung Hof;Richtungfalse
1296;65865;Querschnitt7325;GMA_96_138813_Mch;WUD_96_138813_Mch_SW;90;9619210;48.0752630726517;11.1002410729467;;138.813;86000041;Betriebsstatus1;Streckenstation2126;SST_96_138813_Mch;3;;UZ Eching/Etterschlag;A96 Richtung M.-Zentrum;Richtungfalse
1297;65952;Querschnitt7326;GMA_96_138841_Mch_HK;WUD_96_138841_Mch_HK;61;9619210;48.075244192473;11.1006148498029;;138.841;;Betriebsstatus1;Streckenstation2126;SST_96_138813_Mch;3;;UZ Eching/Etterschlag;A96 Richtung M.-Zentrum;Richtungfalse
1298;65855;Querschnitt7331;GMA_96_139135_Mch_HK;WUD_96_139135_Mch_HK;61;9619216;48.0753781254574;11.1045665125369;;139.135;;Betriebsstatus1;Streckenstation2127;SST_96_139106_Mch;3;;UZ Eching/Etterschlag;A96 Richtung M.-Zentrum;Richtungfalse
1299;65988;Querschnitt7335;GMA_96_139252_Mch_HK;WUD_96_139252_Mch_HK;61;9619219;48.0754889566647;11.106136447738;;139.252;;Betriebsstatus1;Streckenstation2128;SST_96_139224_Mch;3;;UZ Eching/Etterschlag;A96 Richtung M.-Zentrum;Richtungfalse
1300;66397;Querschnitt7337;AQ_96_139409_Lin;DLZ_96_139409_Lin_DLZ2;34;9619223;48.0759198829356;11.1081557454808;;139.409;;Betriebsstatus1;Streckenstation2129;SST_96_139374_Mch;4;;UZ Eching/Etterschlag;A96 Richtung M.-Zentrum;Richtungfalse
1301;66227;Querschnitt7329;AQ_96_139135_Mch;WZG_96_139135_Mch_Z131_L;130;9619216;48.0754387941969;11.104528572368;;139.135;;Betriebsstatus1;Streckenstation2127;SST_96_139106_Mch;4;Fahrbahnteil1;UZ Eching/Etterschlag;A96 Richtung M.-Zentrum;Richtungfalse
1302;66123;Querschnitt7333;AQ_96_139252_Mch;WZG_96_139252_Mch_Z131_L;130;9619219;48.075546527344;11.1060916469386;;139.252;;Betriebsstatus1;Streckenstation2128;SST_96_139224_Mch;4;Fahrbahnteil1;UZ Eching/Etterschlag;A96 Richtung M.-Zentrum;Richtungfalse
1303;66067;Querschnitt7338;AQ_96_139409_Mch;HS_96_139428_Mch_HS1;130;9619223;48.0758261326814;11.1081865560342;;139.409;;Betriebsstatus1;Streckenstation2129;SST_96_139374_Mch;4;;UZ Eching/Etterschlag;A96 Richtung M.-Zentrum;Richtungfalse
1304;65905;Querschnitt7340;GMA_96_139409_Lin_HK;WUD_96_139409_Lin_HK;62;9619223;48.0759900708711;11.1081373662341;;139.409;;Betriebsstatus1;Streckenstation2129;SST_96_139374_Mch;3;;UZ Eching/Etterschlag;A96 Richtung M.-Zentrum;Richtungfalse
1305;66038;Querschnitt7341;GMA_96_139409_Mch_HK;WUD_96_139409_Mch_HK;61;9619223;48.0757481080976;11.1081862540608;;139.409;;Betriebsstatus1;Streckenstation2129;SST_96_139374_Mch;3;;UZ Eching/Etterschlag;A96 Richtung M.-Zentrum;Richtungfalse
1306;66299;Querschnitt7343;AQ_96_139729_Mch;WZG_96_139729_Mch_LSA2;132;9619235;48.0767756792005;11.1122314219826;;139.729;;Betriebsstatus1;Streckenstation2130;SST_96_139925_Mch;4;;UZ Eching/Etterschlag;A96 Richtung M.-Zentrum;Richtungfalse
1307;66340;Querschnitt7346;AQ_96_140129_Mch;WZG_96_140129_Mch_LSA2_GV;162;9619235;48.077745790356;11.1173885814575;;140.129;;Betriebsstatus1;Streckenstation2130;SST_96_139925_Mch;4;;UZ Eching/Etterschlag;A96 Richtung M.-Zentrum;Richtungfalse
1308;65836;Querschnitt7351;GMA_96_140915_Lin_HK;WUD_96_140915_Lin_HK;61;9619258;48.0787648703523;11.1278443208609;;140.915;;Betriebsstatus1;Streckenstation2131;SST_96_140924_Lin;3;;UZ Eching/Etterschlag;A96 Richtung Lindau;Richtungtrue
1309;65851;Querschnitt7352;GMA_96_140924_Lin;WUD_96_140924_Lin_SW;90;9619258;48.0787702503901;11.1279647466748;;140.924;86000050;Betriebsstatus1;Streckenstation2131;SST_96_140924_Lin;3;;UZ Eching/Etterschlag;A96 Richtung Lindau;Richtungtrue
1310;66138;Querschnitt7409;GMA_96_147662_Lin;WUD_96_147662_Lin_SW;90;9619414;48.0864399911629;11.2150207009257;;147.662;86000045;Betriebsstatus1;Streckenstation2141;SST_96_147662_Lin;3;;UZ Eching/Etterschlag;A96 Richtung Lindau;Richtungtrue
1311;66189;Querschnitt7355;AQ_96_140645_Lin;WZG_96_140645_Lin_Z131_L;162;9619253;48.078479823881;11.1242536562848;;140.645;;Betriebsstatus1;Streckenstation2132;SST_96_140674_Lin;4;Fahrbahnteil1;UZ Eching/Etterschlag;A96 Richtung Lindau;Richtungtrue
1312;65746;Querschnitt7357;GMA_96_140645_Lin_HK;WUD_96_140645_Lin_HK;61;9619253;48.0785492098768;11.1242134781634;;140.645;;Betriebsstatus1;Streckenstation2132;SST_96_140674_Lin;3;;UZ Eching/Etterschlag;A96 Richtung Lindau;Richtungtrue
1313;66210;Querschnitt7361;GMA_96_140495_Lin_HK;WUD_96_140495_Lin_HK;61;9619249;48.0783987649916;11.1222082285049;;140.495;;Betriebsstatus1;Streckenstation2133;SST_96_140525_Lin;3;;UZ Eching/Etterschlag;A96 Richtung Lindau;Richtungtrue
1314;65784;Querschnitt7363;AQ_96_140345_Lin;HS_96_140335_Lin_HS1;162;9619246;48.0781518064721;11.120242628968;;140.345;;Betriebsstatus1;Streckenstation2134;SST_96_140375_Lin;4;;UZ Eching/Etterschlag;A96 Richtung Lindau;Richtungtrue
1315;65917;Querschnitt7364;AQ_96_140345_Mch;DLZ_96_140345_Mch_DLZ2_GV;42;9619246;48.0780515180005;11.1202606398291;;140.345;;Betriebsstatus1;Streckenstation2134;SST_96_140375_Lin;4;;UZ Eching/Etterschlag;A96 Richtung Lindau;Richtungtrue
1316;66084;Querschnitt7359;AQ_96_140495_Lin;WZG_96_140495_Lin_Z131_L;162;9619249;48.0783334917468;11.1222557510317;;140.495;;Betriebsstatus1;Streckenstation2133;SST_96_140525_Lin;4;Fahrbahnteil1;UZ Eching/Etterschlag;A96 Richtung Lindau;Richtungtrue
1317;66016;Querschnitt7366;GMA_96_140345_Lin_HK;WUD_96_140345_Lin_HK;61;9619246;48.0782255282103;11.1202106303577;;140.345;;Betriebsstatus1;Streckenstation2134;SST_96_140375_Lin;3;;UZ Eching/Etterschlag;A96 Richtung Lindau;Richtungtrue
1318;66066;Querschnitt7367;GMA_96_140345_Mch_HK;WUD_96_140345_Mch_HK;62;9619246;48.07797964826;11.1202413260774;;140.345;;Betriebsstatus1;Streckenstation2134;SST_96_140375_Lin;3;;UZ Eching/Etterschlag;A96 Richtung Lindau;Richtungtrue
1319;66310;Querschnitt7369;AQ_96_139729_Lin;WZG_96_139729_Lin_LSA2_GV;130;9619236;48.0768646819976;11.1121782910204;;139.729;;Betriebsstatus1;Streckenstation2135;SST_96_139925_Lin;4;;UZ Eching/Etterschlag;A96 Richtung Lindau;Richtungtrue
1320;65934;Querschnitt7370;AQ_96_139930_Lin;DLZ_96_139930_Lin_DLZ2;42;9619236;48.0773990001716;11.1147721546562;;139.93;;Betriebsstatus1;Streckenstation2135;SST_96_139925_Lin;4;;UZ Eching/Etterschlag;A96 Richtung Lindau;Richtungtrue
1321;66051;Querschnitt7372;AQ_96_140129_Lin;WZG_96_140129_Lin_LSA2;164;9619236;48.0778369683757;11.1173750026912;;140.129;;Betriebsstatus1;Streckenstation2135;SST_96_139925_Lin;4;;UZ Eching/Etterschlag;A96 Richtung Lindau;Richtungtrue
1322;66252;Querschnitt7376;AQ_96_145456_Lin;WZG_A96_145456_Lin_BAG_A;161;9619361;48.0847046711873;11.185761942351;;145.456;;Betriebsstatus1;Streckenstation2136;SST_96_145374_Mch;4;;UZ Eching/Etterschlag;A96 Richtung M.-Zentrum;Richtungfalse
1323;66225;Querschnitt7378;GMA_96_145404_Mch_HK;WUD_96_145404_Mch_HK;61;9619361;48.0844418995514;11.1850232141514;;145.404;;Betriebsstatus1;Streckenstation2136;SST_96_145374_Mch;3;;UZ Eching/Etterschlag;A96 Richtung M.-Zentrum;Richtungfalse
1324;66114;Querschnitt7379;GMA_96_145456_Lin_HK;WUD_96_145456_Lin_HK;62;9619361;48.0847175197925;11.1857438477691;;145.456;;Betriebsstatus1;Streckenstation2136;SST_96_145374_Mch;3;;UZ Eching/Etterschlag;A96 Richtung M.-Zentrum;Richtungfalse
1325;65783;Querschnitt7385;GMA_96_145860_Lin_HK;WUD_96_145860_Lin_HK;62;9619372;48.0846968870895;11.1911610486092;;145.86;;Betriebsstatus1;Streckenstation2137;SST_96_145830_Mch;3;;UZ Eching/Etterschlag;A96 Richtung M.-Zentrum;Richtungfalse
1326;65881;Querschnitt7386;GMA_96_145861_Mch_HK;WUD_96_145861_Mch_HK;61;9619372;48.0844526530792;11.1911409909328;;145.861;;Betriebsstatus1;Streckenstation2137;SST_96_145830_Mch;3;;UZ Eching/Etterschlag;A96 Richtung M.-Zentrum;Richtungfalse
1327;65892;Querschnitt7383;AQ_96_145861_Mch;WZG_96_145861_Mch_Z131_L;130;9619372;48.0845259847954;11.1912013724813;;145.861;;Betriebsstatus1;Streckenstation2137;SST_96_145830_Mch;4;Fahrbahnteil1;UZ Eching/Etterschlag;A96 Richtung M.-Zentrum;Richtungfalse
1328;65752;Querschnitt7388;AQ_96_146011_Mch;WZG_96_146011_Mch_Z131_L;130;9619375;48.084504840749;11.1932152628461;;146.011;;Betriebsstatus1;Streckenstation2138;SST_96_145985_Mch;4;Fahrbahnteil1;UZ Eching/Etterschlag;A96 Richtung M.-Zentrum;Richtungfalse
1329;66064;Querschnitt7390;GMA_96_146011_Mch_HK;WUD_96_146011_Mch_HK;61;9619375;48.0844343913782;11.1931559634818;;146.011;;Betriebsstatus1;Streckenstation2138;SST_96_145985_Mch;3;;UZ Eching/Etterschlag;A96 Richtung M.-Zentrum;Richtungfalse
1330;66348;Querschnitt7393;AQ_96_146145_Mch;HS_96_146151_Mch_HS1;130;9619378;48.0844831839737;11.1950278966302;;146.145;;Betriebsstatus1;Streckenstation2139;SST_96_146118_Mch;4;;UZ Eching/Etterschlag;A96 Richtung M.-Zentrum;Richtungfalse
1331;65717;Querschnitt7394;AQ_96_146158_Lin;WTA_96_146158_Lin_WTA1;161;9619378;48.0846631626159;11.195194386986;;146.158;;Betriebsstatus1;Streckenstation2139;SST_96_146118_Mch;4;;UZ Eching/Etterschlag;A96 Richtung M.-Zentrum;Richtungfalse
1332;66378;Querschnitt7396;GMA_96_146145_Lin_HK;WUD_96_146145_Lin_HK;62;9619378;48.0846631061872;11.1950303354051;;146.145;;Betriebsstatus1;Streckenstation2139;SST_96_146118_Mch;3;;UZ Eching/Etterschlag;A96 Richtung M.-Zentrum;Richtungfalse
1333;66251;Querschnitt7397;GMA_96_146145_Mch_HK;WUD_96_146145_Mch_HK;61;9619378;48.0844374238262;11.1949759016216;;146.145;;Betriebsstatus1;Streckenstation2139;SST_96_146118_Mch;3;;UZ Eching/Etterschlag;A96 Richtung M.-Zentrum;Richtungfalse
1334;65731;Querschnitt7398;GMA_96_146158_Lin_HK;WUD_96_146158_Lin_HK;65;9619378;48.084684493967;11.1951879857068;;146.158;;Betriebsstatus1;Streckenstation2139;SST_96_146118_Mch;3;;UZ Eching/Etterschlag;A96 Richtung M.-Zentrum;Richtungfalse
1335;65944;Querschnitt7400;AQ_96_146350_Mch;WZG_96_146350_Mch_LSA2;132;9619386;48.0844825186633;11.1977802916869;;146.35;;Betriebsstatus1;Streckenstation2140;SST_96_146447_Mch;4;;UZ Eching/Etterschlag;A96 Richtung M.-Zentrum;Richtungfalse
1336;66236;Querschnitt7402;AQ_96_146600_Mch;DLZ_96_146600_Mch_DLZ2_GV;42;9619386;48.0846301291905;11.2010613339304;;146.6;;Betriebsstatus1;Streckenstation2140;SST_96_146447_Mch;4;;UZ Eching/Etterschlag;A96 Richtung M.-Zentrum;Richtungfalse
1337;66160;Querschnitt7403;AQ_96_146848_Mch;WZG_96_146848_Mch_LSA2_GV;162;9619386;48.085005319606;11.2044573732274;;146.848;;Betriebsstatus1;Streckenstation2140;SST_96_146447_Mch;4;;UZ Eching/Etterschlag;A96 Richtung M.-Zentrum;Richtungfalse
1338;66204;Querschnitt7408;GMA_96_147630_Lin_HK;WUD_96_147630_Lin_HK;61;9619414;48.0866607348152;11.2146672772067;;147.63;;Betriebsstatus1;Streckenstation2141;SST_96_147662_Lin;3;;UZ Eching/Etterschlag;A96 Richtung Lindau;Richtungtrue
1339;65742;Querschnitt7414;GMA_96_147369_Lin_HK;WUD_96_147369_Lin_HK;61;9619408;48.0862433362833;11.211162925448;;147.369;;Betriebsstatus1;Streckenstation2142;SST_96_147403_Lin;3;;UZ Eching/Etterschlag;A96 Richtung Lindau;Richtungtrue
1340;66287;Querschnitt7412;AQ_96_147369_Lin;WZG_96_147369_Lin_Z131_L;162;9619408;48.0861952768943;11.2112474875793;;147.369;;Betriebsstatus1;Streckenstation2142;SST_96_147403_Lin;4;Fahrbahnteil1;UZ Eching/Etterschlag;A96 Richtung Lindau;Richtungtrue
1341;65857;Querschnitt7416;AQ_96_147221_Lin;WZG_96_147221_Lin_Z131_L;162;9619405;48.0858817904796;11.2092675071254;;147.221;;Betriebsstatus1;Streckenstation2143;SST_96_147250_Lin;4;Fahrbahnteil1;UZ Eching/Etterschlag;A96 Richtung Lindau;Richtungtrue
1342;66322;Querschnitt7418;GMA_96_147221_Lin_HK;WUD_96_147221_Lin_HK;61;9619405;48.0859392362199;11.2091977829207;;147.221;;Betriebsstatus1;Streckenstation2143;SST_96_147250_Lin;3;;UZ Eching/Etterschlag;A96 Richtung Lindau;Richtungtrue
1343;66214;Querschnitt7420;AQ_96_147050_Lin;HS_96_147045_Lin_HS1;162;9619401;48.0855174452558;11.2070470510314;;147.05;;Betriebsstatus1;Streckenstation2144;SST_96_147080_Lin;4;;UZ Eching/Etterschlag;A96 Richtung Lindau;Richtungtrue
1344;65978;Querschnitt7421;AQ_96_147043_Mch;DLZ_96_147050_Mch_DLZ2_GV;42;9619401;48.0854148247627;11.2070850070567;;147.05;;Betriebsstatus1;Streckenstation2144;SST_96_147080_Lin;4;;UZ Eching/Etterschlag;A96 Richtung Lindau;Richtungtrue
1345;66337;Querschnitt7423;GMA_96_147050_Lin_HK;WUD_96_147050_Lin_HK;61;9619401;48.085576822734;11.2069774075213;;147.05;;Betriebsstatus1;Streckenstation2144;SST_96_147080_Lin;3;;UZ Eching/Etterschlag;A96 Richtung Lindau;Richtungtrue
1346;65745;Querschnitt7424;GMA_96_147050_Mch_HK;WUD_96_147050_Mch_HK;62;9619401;48.0853374496723;11.2070508963961;;147.05;;Betriebsstatus1;Streckenstation2144;SST_96_147080_Lin;3;;UZ Eching/Etterschlag;A96 Richtung Lindau;Richtungtrue
1347;66185;Querschnitt7426;AQ_96_146350_Lin;WZG_96_146350_Lin_LSA2_GV;130;9619387;48.0845732261037;11.1977725036934;;146.35;;Betriebsstatus1;Streckenstation2145;SST_96_146447_Lin;4;;UZ Eching/Etterschlag;A96 Richtung Lindau;Richtungtrue
1348;66022;Querschnitt7427;AQ_96_146600_Lin;DLZ_96_146600_Lin_DLZ2;42;9619387;48.0847142268432;11.2010475995214;;146.6;;Betriebsstatus1;Streckenstation2145;SST_96_146447_Lin;4;;UZ Eching/Etterschlag;A96 Richtung Lindau;Richtungtrue
1349;65877;Querschnitt7429;AQ_96_146848_Lin;WZG_96_146848_Lin_LSA2;164;9619387;48.0851000138114;11.2044414442774;;146.848;;Betriebsstatus1;Streckenstation2145;SST_96_146447_Lin;4;;UZ Eching/Etterschlag;A96 Richtung Lindau;Richtungtrue
1350;66130;Querschnitt7432;AQ_96_145758_Lin;WTA_96_145758_Lin_WTA1;7;9619368;48.0847136551089;11.1898167134733;;145.758;;Betriebsstatus1;Streckenstation2146;SST_96_145667_Lin;4;;UZ Eching/Etterschlag;A96 Richtung Lindau;Richtungtrue
1351;65773;Querschnitt7433;BMS_96_145667_Lin;BMS_96_145667_Lin_Netz;4;9619368;48.08472;11.18855;;145.667;;Betriebsstatus1;Streckenstation2146;SST_96_145667_Lin;6;;UZ Eching/Etterschlag;A96 Richtung Lindau;Richtungtrue
1352;65916;Querschnitt7434;GMA_96_145638_Lin_HK;WUD_96_145638_Lin_HK;61;9619368;48.0847236912402;11.188161868721;;145.638;;Betriebsstatus1;Streckenstation2146;SST_96_145667_Lin;3;;UZ Eching/Etterschlag;A96 Richtung Lindau;Richtungtrue
1353;66302;Querschnitt7435;GMA_96_145758_Lin_HK;WUD_96_145758_Lin_HK;62;9619368;48.0847179129488;11.1897715641664;;145.758;;Betriebsstatus1;Streckenstation2146;SST_96_145667_Lin;3;;UZ Eching/Etterschlag;A96 Richtung Lindau;Richtungtrue
1354;65983;Querschnitt7438;AQ_96_143377_Mch;WTA_96_143377_Mch_WTA1;7;9619312;48.0844974366011;11.1584924786951;;143.377;;Betriebsstatus1;Streckenstation2147;SST_96_143255_Mch;4;;UZ Eching/Etterschlag;A96 Richtung M.-Zentrum;Richtungfalse
1355;66346;Querschnitt7439;BMS_96_143255_Mch;BMS_96_143255_Mch_Netz;4;9619312;48.0847;11.1569;;143.255;;Betriebsstatus1;Streckenstation2147;SST_96_143255_Mch;6;;UZ Eching/Etterschlag;A96 Richtung M.-Zentrum;Richtungfalse
1356;65859;Querschnitt7440;GMA_96_143281_Mch_HK;WUD_96_143281_Mch_HK;61;9619312;48.0846782277601;11.1572715741805;;143.281;;Betriebsstatus1;Streckenstation2147;SST_96_143255_Mch;3;;UZ Eching/Etterschlag;A96 Richtung M.-Zentrum;Richtungfalse
1357;66249;Querschnitt7441;GMA_96_143377_Mch_HK;WUD_96_143377_Mch_HK;62;9619312;48.0844816129338;11.1584833187472;;143.377;;Betriebsstatus1;Streckenstation2147;SST_96_143255_Mch;3;;UZ Eching/Etterschlag;A96 Richtung M.-Zentrum;Richtungfalse
1358;66096;Querschnitt7443;BMS_96_143610_Mch;BMS_96_143610_Mch_Netz;4;9619320;48.0837;11.1614;;143.61;;Betriebsstatus1;Streckenstation2148;SST_96_143610_Mch;6;;UZ Eching/Etterschlag;A96 Richtung M.-Zentrum;Richtungfalse
1359;66102;Querschnitt7444;GMA_96_143610_Mch;WUD_96_143610_Mch_SW;90;9619320;48.0837610141058;11.1614190124229;;143.61;86000042;Betriebsstatus1;Streckenstation2148;SST_96_143610_Mch;3;;UZ Eching/Etterschlag;A96 Richtung M.-Zentrum;Richtungfalse
1360;66057;Querschnitt7445;GMA_96_143619_Mch_HK;WUD_96_143619_Mch_HK;61;9619320;48.0837280770055;11.1615292845159;;143.619;;Betriebsstatus1;Streckenstation2148;SST_96_143610_Mch;3;;UZ Eching/Etterschlag;A96 Richtung M.-Zentrum;Richtungfalse
1361;66255;Querschnitt7447;AQ_96_143879_Mch;WTA_96_143879_Mch_WTA1;129;9619327;48.0828901490362;11.1648354149798;;143.879;;Betriebsstatus1;Streckenstation2149;SST_96_143911_Mch;4;;UZ Eching/Etterschlag;A96 Richtung M.-Zentrum;Richtungfalse
1362;65927;Querschnitt7465;BMS_96_136970_Mch;BMS_96_136970_Mch_Netz;4;9619167;48.07205;11.07645;;136.97;;Betriebsstatus1;Streckenstation2154;SST_96_136970_Mch;6;;UZ Eching/Etterschlag;A96 Richtung M.-Zentrum;Richtungfalse
1363;65779;Querschnitt7449;BMS_96_143911_Mch;BMS_96_143911_Mch_Netz;4;9619327;48.08279;11.16526;;143.911;;Betriebsstatus1;Streckenstation2149;SST_96_143911_Mch;6;;UZ Eching/Etterschlag;A96 Richtung M.-Zentrum;Richtungfalse
1364;65839;Querschnitt7450;GMA_96_143879_Mch_HK;WUD_96_143879_Mch_HK;62;9619327;48.0828699347248;11.164828100263;;143.879;;Betriebsstatus1;Streckenstation2149;SST_96_143911_Mch;3;;UZ Eching/Etterschlag;A96 Richtung M.-Zentrum;Richtungfalse
1365;65921;Querschnitt7451;GMA_96_143948_Mch_HK;WUD_96_143948_Mch_HK;61;9619327;48.082773907466;11.1657313814006;;143.948;;Betriebsstatus1;Streckenstation2149;SST_96_143911_Mch;3;;UZ Eching/Etterschlag;A96 Richtung M.-Zentrum;Richtungfalse
1366;66152;Querschnitt7452;AQ_96_144149_Mch;WZG_A96_144149_Mch_BAG_A;129;9619333;48.082593167651;11.1684371988799;;144.149;;Betriebsstatus1;Streckenstation2150;SST_96_144142_Mch;4;;UZ Eching/Etterschlag;A96 Richtung M.-Zentrum;Richtungfalse
1367;65822;Querschnitt7453;BMS_96_144142_Mch;BMS_96_144142_Mch_Netz;4;9619333;48.08272;11.17102;;144.142;;Betriebsstatus1;Streckenstation2150;SST_96_144142_Mch;6;;UZ Eching/Etterschlag;A96 Richtung M.-Zentrum;Richtungfalse
1368;66364;Querschnitt7454;GMA_96_144149_Mch_HK;WUD_96_144149_Mch_HK;61;9619333;48.0825900944049;11.1684567290637;;144.149;;Betriebsstatus1;Streckenstation2150;SST_96_144142_Mch;3;;UZ Eching/Etterschlag;A96 Richtung M.-Zentrum;Richtungfalse
1369;65935;Querschnitt7455;AQ_96_144347_Mch;WTA_96_144347_Mch_WTA1;129;9619337;48.0827737591463;11.1711092193589;;144.347;;Betriebsstatus1;Streckenstation2151;SST_96_144338_Mch;4;;UZ Eching/Etterschlag;A96 Richtung M.-Zentrum;Richtungfalse
1370;66171;Querschnitt7457;GMA_96_144347_Mch_HK;WUD_96_144347_Mch_HK;61;9619337;48.0827575954526;11.1711114260933;;144.347;;Betriebsstatus1;Streckenstation2151;SST_96_144338_Mch;3;;UZ Eching/Etterschlag;A96 Richtung M.-Zentrum;Richtungfalse
1371;66276;Querschnitt7458;AQ_96_145061_Mch;WZG_A96_145061_Mch_BAG_E;129;9619354;48.0841183129747;11.1804944966717;;145.061;;Betriebsstatus1;Streckenstation2152;SST_96_145041_Mch;4;;UZ Eching/Etterschlag;A96 Richtung M.-Zentrum;Richtungfalse
1372;66168;Querschnitt7459;BMS_96_145041_Mch;BMS_96_145041_Mch_Netz;4;9619354;48.08405;11.18021;;145.041;;Betriebsstatus1;Streckenstation2152;SST_96_145041_Mch;6;;UZ Eching/Etterschlag;A96 Richtung M.-Zentrum;Richtungfalse
1373;66069;Querschnitt7460;GMA_96_145061_Mch_HK;WUD_96_145061_Mch_HK;61;9619354;48.0841066961974;11.1804949678969;;145.061;;Betriebsstatus1;Streckenstation2152;SST_96_145041_Mch;3;;UZ Eching/Etterschlag;A96 Richtung M.-Zentrum;Richtungfalse
1374;66389;Querschnitt7461;AQ_96_145229_Lin;WTA_96_145229_Lin_WTA1;161;9619358;48.0845804875037;11.182692858691;;145.229;;Betriebsstatus1;Streckenstation2153;SST_96_145239_Lin;4;;UZ Eching/Etterschlag;A96 Richtung Lindau;Richtungtrue
1375;65759;Querschnitt7462;BMS_96_145239_Lin;BMS_96_145239_Lin_Netz;4;9619358;48.08459;11.1828;;145.239;;Betriebsstatus1;Streckenstation2153;SST_96_145239_Lin;6;;UZ Eching/Etterschlag;A96 Richtung Lindau;Richtungtrue
1376;65866;Querschnitt7463;GMA_96_145229_Lin_HK;WUD_96_145229_Lin_HK;61;9619358;48.0845902351607;11.1826889402811;;145.229;;Betriebsstatus1;Streckenstation2153;SST_96_145239_Lin;3;;UZ Eching/Etterschlag;A96 Richtung Lindau;Richtungtrue
1377;66108;Querschnitt7466;GMA_96_137000_Mch_HK;WUD_96_137000_Mch_HK;61;9619167;48.0720694057858;11.0764826083242;;137.0;;Betriebsstatus1;Streckenstation2154;SST_96_136970_Mch;3;;UZ Eching/Etterschlag;A96 Richtung M.-Zentrum;Richtungfalse
1378;66381;Querschnitt7468;BMS_96_142450_Lin;BMS_96_142450_Lin_Netz;4;9619294;48.08371;11.14665;;142.45;;Betriebsstatus1;Streckenstation2155;SST_96_142450_Lin;6;;UZ Eching/Etterschlag;A96 Richtung Lindau;Richtungtrue
1379;66058;Querschnitt7469;GMA_96_142470_Lin_HK;WUD_96_142470_Lin_HK;61;9619294;48.0837487065698;11.1466696172928;;142.47;;Betriebsstatus1;Streckenstation2155;SST_96_142450_Lin;3;;UZ Eching/Etterschlag;A96 Richtung Lindau;Richtungtrue
1380;66387;Querschnitt7471;BMS_96_149500_Lin;BMS_96_149500_Lin_Netz;4;9619457;48.09161;11.23754;;149.5;;Betriebsstatus1;Streckenstation2156;SST_96_149500_Lin;6;;UZ Eching/Etterschlag;A96 Richtung Lindau;Richtungtrue
1381;65721;Querschnitt7472;GMA_96_149480_Lin_HK;WUD_96_149480_Lin_HK;61;9619457;48.0916218921881;11.2375313366213;;149.48;;Betriebsstatus1;Streckenstation2156;SST_96_149500_Lin;3;;UZ Eching/Etterschlag;A96 Richtung Lindau;Richtungtrue
1382;66616;Querschnitt7474;WWQ_95_2434_Mch;WZG_95_2434_Mch_LED1;74;9506098;48.0970118633747;11.4910932776696;;2.434;;Betriebsstatus1;Streckenstation2158;SST_95_2440_Mch;4;;UZ Germering;A95 Richtung M.-Zentrum;Richtungfalse
1383;66689;Querschnitt7475;BMS_95_2440_Mch;BMS_95_2440_Mch_Netz;4;9506098;48.09696579;11.49113495;;2.44;;Betriebsstatus1;Streckenstation2158;SST_95_2440_Mch;6;;UZ Germering;A95 Richtung M.-Zentrum;Richtungfalse
1384;66512;Querschnitt7479;WWQ_95_1990_Mch;WZG_95_1990_Mch_LED1;74;9506080;48.0994256121996;11.4958553921165;;1.99;;Betriebsstatus1;Streckenstation2159;SST_95_1998_Mch;4;;UZ Germering;A95 Richtung M.-Zentrum;Richtungfalse
1385;66528;Querschnitt7480;BMS_95_1998_Mch;BMS_95_1998_Mch_Netz;4;9506080;48.09937314;11.49588998;;1.998;;Betriebsstatus1;Streckenstation2159;SST_95_1998_Mch;6;;UZ Germering;A95 Richtung M.-Zentrum;Richtungfalse
1386;66476;Querschnitt7484;WWQ_B2_ASKre_1556_BC;WZG_B2_ASKre_1556_BC_BL2;27;9516063;48.1015630046644;11.5006815695896;;1.556;;Betriebsstatus1;Streckenstation2160;SST_B2_1586_BC;4;;UZ Germering;A95 Richtung M.-Zentrum;Richtungfalse
1387;66733;Querschnitt7485;BMS_B2_ASKre_1586_BC;BMS_B2_ASKre_1586_BC_Netz;4;9516063;48.1015942;11.50060174;;1.586;;Betriebsstatus1;Streckenstation2160;SST_B2_1586_BC;6;;UZ Germering;A95 Richtung M.-Zentrum;Richtungfalse
1388;66448;Querschnitt7488;WUD_B2_ASKre_1556_BC;WUD_B2_ASKre_1556_BC_HK;61;9516063;48.1015942;11.50060174;;1.556;;Betriebsstatus1;Streckenstation2160;SST_B2_1586_BC;3;;UZ Germering;A95 Richtung M.-Zentrum;Richtungfalse
1389;66470;Querschnitt7491;BMS_96_168208_Mch;BMS_96_168208_Mch_Netz;4;9609889;48.12364936;11.46784185;;168.208;;Betriebsstatus1;Streckenstation2161;SST_96_168208_Mch;6;;UZ Germering;A96 Richtung M.-Zentrum;Richtungfalse
1390;66699;Querschnitt7494;WUD_96_168238_Mch;WUD_96_168238_Mch_HK;61;9609889;48.1236601210275;11.4679100534614;;168.238;;Betriebsstatus1;Streckenstation2161;SST_96_168208_Mch;3;;UZ Germering;A96 Richtung M.-Zentrum;Richtungfalse
1391;66707;Querschnitt7498;BMS_96_168866_Mch;BMS_96_168866_Mch_Netz;4;9609904;48.12342;11.47638;;168.866;;Betriebsstatus1;Streckenstation2162;SST_96_168866_Mch;6;;UZ Germering;A96 Richtung M.-Zentrum;Richtungfalse
1392;66431;Querschnitt7502;BMS_96_169258_Mch;BMS_96_169258_Mch_Netz;4;9609913;48.12351242;11.48203876;;169.258;;Betriebsstatus1;Streckenstation2163;SST_96_169258_Mch;6;;UZ Germering;A96 Richtung M.-Zentrum;Richtungfalse
1393;66618;Querschnitt7505;WWQ_96_169700_Mch;WZG_96_169700_Mch_LED1;74;9609923;48.1236821346742;11.4875208623286;;169.7;;Betriebsstatus1;Streckenstation2164;SST_96_169680_Mch;4;;UZ Germering;A96 Richtung M.-Zentrum;Richtungfalse
1394;66648;Querschnitt7506;BMS_96_169680_Mch;BMS_96_169680_Mch_Netz;4;9609923;48.12358839;11.48749586;;169.68;;Betriebsstatus1;Streckenstation2164;SST_96_169680_Mch;6;;UZ Germering;A96 Richtung M.-Zentrum;Richtungfalse
1395;66472;Querschnitt7509;WUD_96_169700_Mch;WUD_96_169700_Mch_HK;61;9609923;48.1236025983799;11.4875419424663;;169.7;;Betriebsstatus1;Streckenstation2164;SST_96_169680_Mch;3;;UZ Germering;A96 Richtung M.-Zentrum;Richtungfalse
1396;66608;Querschnitt7512;BMS_96_169895_Mch;BMS_96_169895_Mch_Netz;4;9609928;48.12376967;11.49054713;;169.895;;Betriebsstatus1;Streckenstation2165;SST_96_169895_Mch;6;;UZ Germering;A96 Richtung M.-Zentrum;Richtungfalse
1397;66637;Querschnitt7515;WUD_96_169925_Mch;WUD_96_169925_Mch_HK;61;9609928;48.1237573970421;11.4905475445051;;169.925;;Betriebsstatus1;Streckenstation2165;SST_96_169895_Mch;3;;UZ Germering;A96 Richtung M.-Zentrum;Richtungfalse
1398;66621;Querschnitt7516;WWQ_96_170371_Mch;WZG_96_170371_Mch_LED1;74;9609939;48.124951410811;11.4963562540308;;170.371;;Betriebsstatus1;Streckenstation2166;SST_96_170371_Mch;4;;UZ Germering;A96 Richtung M.-Zentrum;Richtungfalse
1399;66495;Querschnitt7517;BMS_96_170371_Mch;BMS_96_170371_Mch_Netz;4;9609939;48.12485297;11.49638048;;170.371;;Betriebsstatus1;Streckenstation2166;SST_96_170371_Mch;6;;UZ Germering;A96 Richtung M.-Zentrum;Richtungfalse
1400;66673;Querschnitt7520;WUD_96_170371_Mch;WUD_96_170371_Mch_HK;61;9609939;48.1248488932369;11.496366454033;;170.371;;Betriebsstatus1;Streckenstation2166;SST_96_170371_Mch;3;;UZ Germering;A96 Richtung M.-Zentrum;Richtungfalse
1401;66467;Querschnitt7524;BMS_96_170564_Mch;BMS_96_170564_Mch_Netz;4;9609944;48.12542818;11.4996987;;170.564;;Betriebsstatus1;Streckenstation2167;SST_96_170564_Mch;6;;UZ Germering;A96 Richtung M.-Zentrum;Richtungfalse
1402;66499;Querschnitt7527;WUD_96_170635_Mch;WUD_96_170635_Mch_HK;61;9609944;48.1255029005063;11.499720088361;;170.635;;Betriebsstatus1;Streckenstation2167;SST_96_170564_Mch;3;;UZ Germering;A96 Richtung M.-Zentrum;Richtungfalse
1403;66601;Querschnitt7529;WWQ_96_171060_Mch;WZG_96_171060_Mch_LED1;74;9609955;48.1255782852035;11.5053319316686;;171.06;;Betriebsstatus1;Streckenstation2168;SST_96_171045_Mch;4;;UZ Germering;A96 Richtung M.-Zentrum;Richtungfalse
1404;66731;Querschnitt7530;BMS_96_171045_Mch;BMS_96_171045_Mch_Netz;4;9609955;48.12547;11.5051;;171.045;;Betriebsstatus1;Streckenstation2168;SST_96_171045_Mch;6;;UZ Germering;A96 Richtung M.-Zentrum;Richtungfalse
1405;66473;Querschnitt7533;WUD_96_171060_Mch;WUD_96_171060_Mch_HK;61;9609955;48.125499508929;11.5052847526073;;171.06;;Betriebsstatus1;Streckenstation2168;SST_96_171045_Mch;3;;UZ Germering;A96 Richtung M.-Zentrum;Richtungfalse
1406;66902;Querschnitt7569;GMA_B17_780_0820_Lgb;WUD_B17_780_0820_LBG_HK;61;1706392;48.33312089;10.88717806;;10.9;;Betriebsstatus1;Streckenstation2176;SSt_B17_780_0840_LBG;3;;UZ B17 Augsburg;B17 Richtung Landsberg;Richtungtrue
1407;66604;Querschnitt7537;BMS_96_171202_Mch;BMS_96_171202_Mch_Netz;4;9609958;48.1251;11.50714;;171.202;;Betriebsstatus1;Streckenstation2169;SST_96_171202_Mch;6;;UZ Germering;A96 Richtung M.-Zentrum;Richtungfalse
1408;66634;Querschnitt7540;WUD_96_171210_Mch;WUD_96_171210_Mch_HK;61;9609958;48.1252435141027;11.5072791449999;;171.21;;Betriebsstatus1;Streckenstation2169;SST_96_171202_Mch;3;;UZ Germering;A96 Richtung M.-Zentrum;Richtungfalse
1409;66494;Querschnitt7541;WWQ_96_171584_Mch;WZG_96_171584_Mch_LED1;74;9609967;48.1246486853457;11.5122370188445;;171.584;;Betriebsstatus1;Streckenstation2170;SST_96_171559_Mch;4;;UZ Germering;A96 Richtung M.-Zentrum;Richtungfalse
1410;66670;Querschnitt7542;BMS_96_171559_Mch;BMS_96_171559_Mch_Netz;4;9609967;48.12457;11.51188;;171.559;;Betriebsstatus1;Streckenstation2170;SST_96_171559_Mch;6;;UZ Germering;A96 Richtung M.-Zentrum;Richtungfalse
1411;66722;Querschnitt7545;WUD_96_171584_Mch;WUD_96_171584_Mch_HK;61;9609967;48.1245603629637;11.5122283746498;;171.584;;Betriebsstatus1;Streckenstation2170;SST_96_171559_Mch;3;;UZ Germering;A96 Richtung M.-Zentrum;Richtungfalse
1412;66522;Querschnitt7546;WWQ_96_171575_Lin;WZG_96_171575_Lin_LED1;106;9619967;48.1248412616519;11.51218112589;;171.575;;Betriebsstatus1;Streckenstation2171;SST_96_171590_Lin;4;;UZ Germering;A96 Richtung Lindau;Richtungtrue
1413;66701;Querschnitt7547;BMS_96_171590_Lin;BMS_96_171590_Lin_Netz;4;9619967;48.12491;11.51242;;171.59;;Betriebsstatus1;Streckenstation2171;SST_96_171590_Lin;6;;UZ Germering;A96 Richtung Lindau;Richtungtrue
1414;66661;Querschnitt7550;WUD_96_171575_Lin;WUD_96_171575_Lin_HK;61;9619967;48.1249175477328;11.5121761792174;;171.575;;Betriebsstatus1;Streckenstation2171;SST_96_171590_Lin;3;;UZ Germering;A96 Richtung Lindau;Richtungtrue
1415;66645;Querschnitt7553;BMS_96_171887_Mch;BMS_96_171887_Mch_Netz;4;9609974;48.124;11.51615;;171.887;;Betriebsstatus1;Streckenstation2172;SST_96_171887_Mch;6;;UZ Germering;A96 Richtung M.-Zentrum;Richtungfalse
1416;66927;Querschnitt7562;AQ_B17_800_0350_Aug;AQ_B17_800_0350_AUG;194;1706359;48.34083288;10.88938581;;10.0;;Betriebsstatus1;Streckenstation2175;SSt_B17_800_0370_LBG;4;Fahrbahnteil1;UZ B17 Augsburg;B17 Richtung Landsberg;Richtungtrue
1417;66952;Querschnitt7594;GMA_B17_800_0350_Aug;WUD_B17_800_0350_AUG_HK;61;1706359;48.34083288;10.88938581;;;;Betriebsstatus1;Streckenstation2175;SSt_B17_800_0370_LBG;3;Fahrbahnteil1;UZ B17 Augsburg;B17 Richtung Augsburg;Richtungfalse
1418;66854;Querschnitt7563;AQ_B17_800_0350_Lbg;AQ_B17_800_0350_LBG;193;1706359;48.34078341;10.88905895;;10.0;;Betriebsstatus1;Streckenstation2175;SSt_B17_800_0370_LBG;4;Fahrbahnteil1;UZ B17 Augsburg;B17 Richtung Landsberg;Richtungtrue
1419;66970;Querschnitt7564;GMA_B17_800_0350_Lbg;WUD_B17_800_0350_LBG_HK;62;1706359;48.34078341;10.88905895;;10.0;;Betriebsstatus1;Streckenstation2175;SSt_B17_800_0370_LBG;3;;UZ B17 Augsburg;B17 Richtung Landsberg;Richtungtrue
1420;66876;Querschnitt7565;BMS_B17_800_037;BMS_B17_800_0370_LBG_Netz;4;1706359;48.34110737;10.88884755;;9.983;;Betriebsstatus1;Streckenstation2175;SSt_B17_800_0370_LBG;6;;UZ B17 Augsburg;B17 Richtung Landsberg;Richtungtrue
1421;66987;Querschnitt7578;GMA_B17_740_0470_Aug;WUD_B17_740_0470_AUG_HK;61;1716579;48.28799897;10.87438084;;16.058;;Betriebsstatus1;Streckenstation2178;SSt_B17_740_0450_AUG;3;;UZ B17 Augsburg;B17 Richtung Augsburg;Richtungfalse
1422;66929;Querschnitt7568;AQ_B17_780_0820_Lgb;AQ_B17_780_0820_LBG;193;1706392;48.33312089;10.88717806;;10.9;;Betriebsstatus1;Streckenstation2176;SSt_B17_780_0840_LBG;4;Fahrbahnteil1;UZ B17 Augsburg;B17 Richtung Landsberg;Richtungtrue
1423;66994;Querschnitt7570;BMS_B17_780_084;BMS_B17_780_0840_LBG_Netz;4;1706392;48.33332275;10.88723019;;10.88;;Betriebsstatus1;Streckenstation2176;SSt_B17_780_0840_LBG;6;;UZ B17 Augsburg;B17 Richtung Landsberg;Richtungtrue
1424;66917;Querschnitt7573;GMA_B17_720_1220_AUG;WUD_B17_720_1220_AUG_HK;61;1716657;48.26918;10.86757;;18.232;;Betriebsstatus1;Streckenstation2177;SSt_B17_720_1200_AUG;3;;UZ B17 Augsburg;B17 Richtung Augsburg;Richtungfalse
1425;66928;Querschnitt7574;BMS_B17_720_120;BMS_B17_720_1200_AUG_Netz;4;1716657;48.2689;10.86755;;18.252;;Betriebsstatus1;Streckenstation2177;SSt_B17_720_1200_AUG;6;;UZ B17 Augsburg;B17 Richtung Augsburg;Richtungfalse
1426;66990;Querschnitt7572;AQ_B17_720_1220_AUG;AQ_B17_720_1220_AUG;194;1716657;48.26918;10.86757;;18.232;;Betriebsstatus1;Streckenstation2177;SSt_B17_720_1200_AUG;4;Fahrbahnteil1;UZ B17 Augsburg;B17 Richtung Augsburg;Richtungfalse
1427;66973;Querschnitt7577;AQ_B17_740_0470_Aug;AQ_B17_740_0470_AUG;194;1716579;48.28799897;10.87438084;;16.058;;Betriebsstatus1;Streckenstation2178;SSt_B17_740_0450_AUG;4;Fahrbahnteil1;UZ B17 Augsburg;B17 Richtung Augsburg;Richtungfalse
1428;66834;Querschnitt7579;BMS_B17_740_045;BMS_B17_740_0450_AUG_Netz;4;1716579;48.28775006;10.87431017;;16.078;;Betriebsstatus1;Streckenstation2178;SSt_B17_740_0450_AUG;6;;UZ B17 Augsburg;B17 Richtung Augsburg;Richtungfalse
1429;66883;Querschnitt7582;GMA_B17_740_2270_Aug;WUD_B17_740_2270_AUG_HK;61;1716514;48.3036739;10.88126467;;14.251;;Betriebsstatus1;Streckenstation2179;SSt_B17_740_2250_AUG;3;;UZ B17 Augsburg;B17 Richtung Augsburg;Richtungfalse
1430;66916;Querschnitt7583;BMS_B17_740_225;BMS_B17_740_2250_AUG_Netz;4;1716514;48.30335881;10.88114808;;14.271;;Betriebsstatus1;Streckenstation2179;SSt_B17_740_2250_AUG;6;;UZ B17 Augsburg;B17 Richtung Augsburg;Richtungfalse
1431;66877;Querschnitt7581;AQ_B17_740_2270_Aug;AQ_B17_740_2270_AUG;194;1716514;48.3036739;10.88126467;;14.251;;Betriebsstatus1;Streckenstation2179;SSt_B17_740_2250_AUG;4;Fahrbahnteil1;UZ B17 Augsburg;B17 Richtung Augsburg;Richtungfalse
1432;66946;Querschnitt7585;AQ_B17_760_0480_Aug;AQ_B17_760_0480_AUG;194;1716469;48.31437213;10.88576886;;13.017;;Betriebsstatus1;Streckenstation2180;SSt_B17_760_0460_AUG;4;Fahrbahnteil1;UZ B17 Augsburg;B17 Richtung Augsburg;Richtungfalse
1433;66848;Querschnitt7586;GMA_B17_760_0480_Aug;WUD_B17_760_0480_AUG_HK;61;1716469;48.31437213;10.88576886;;13.017;;Betriebsstatus1;Streckenstation2180;SSt_B17_760_0460_AUG;3;;UZ B17 Augsburg;B17 Richtung Augsburg;Richtungfalse
1434;66953;Querschnitt7587;BMS_B17_760_046;BMS_B17_760_0460_AUG_Netz;4;1716469;48.31409801;10.88569447;;13.037;;Betriebsstatus1;Streckenstation2180;SSt_B17_760_0460_AUG;6;;UZ B17 Augsburg;B17 Richtung Augsburg;Richtungfalse
1435;66892;Querschnitt7591;GMA_B17_780_0520_Aug;WUD_B17_780_0520_AUG_HK;61;1716404;48.33047741;10.88695489;;11.2;;Betriebsstatus1;Streckenstation2181;SSt_B17_780_0500_AUG;3;;UZ B17 Augsburg;B17 Richtung Augsburg;Richtungfalse
1436;66900;Querschnitt7590;AQ_B17_780_0520_Aug;AQ_B17_780_0520_AUG;194;1716404;48.33047741;10.88695489;;11.2;;Betriebsstatus1;Streckenstation2181;SSt_B17_780_0500_AUG;4;Fahrbahnteil1;UZ B17 Augsburg;B17 Richtung Augsburg;Richtungfalse
1437;66909;Querschnitt7592;GMA_B17_780_0390_Lbg;WUD_B17_780_0520_LBG_TT3;15;1716404;48.33023325;10.88650947;;11.33;99000009;Betriebsstatus1;Streckenstation2181;SSt_B17_780_0500_AUG;3;;UZ B17 Augsburg;B17 Richtung Augsburg;Richtungfalse
1438;66864;Querschnitt7593;BMS_B17_780_0500;BMS_B17_780_0500_AUG_Netz;4;1716404;48.33023744;10.88697063;;11.22;;Betriebsstatus1;Streckenstation2181;SSt_B17_780_0500_AUG;6;;UZ B17 Augsburg;B17 Richtung Augsburg;Richtungfalse
1439;63405;Querschnitt4324_1;BMS_Augsburg-West_(W)_Mch;BMS_Augsburg_(W)_Mch_Netz;3;818459;48.41499525;10.85059729;6965;54.595;75319131;Betriebsstatus1;Streckenstation1119;Augsburg-West (W);6;;LVE - UZ Augsburg;A8-West Richtung M.-Zentrum;Richtungfalse
1440;63472;Querschnitt471_420_3;BMS_B471_420_000_Ffb;BMS_B471_420_000_Ffb_Tuer;1;10471035;48.23034889;11.43056001;6911;420.0;;Betriebsstatus1;Steckenstation471_420;SST_B471_420_000_Ffb;6;;UZ Aubing;B471 Richtung West;Richtungfalse
1441;63429;Querschnitt471_421_3;BMS_B471_420_130_Ffb;BMS_B471_420_130_Ffb_Tuer;1;10471036;48.25232207;11.5193405;6914;420.13;;Betriebsstatus1;Steckenstation471_421;SST_B471_420_130_Ffb;6;;UZ Aubing;B471 Richtung West;Richtungfalse
1442;63439;Querschnitt471_422_3;BMS_B471_420_125_Ffbs;BMS_B471_420_125_Ffb_Netz;4;10471038;48.24696566;11.47803868;6917;420.125;;Betriebsstatus1;Steckenstation471_422;SST_B471_420_125_Ffb;6;;UZ Aubing;B471 Richtung West;Richtungfalse
1443;63396;Querschnitt16504;MQ_2_88750_Mch;DET_VE107_Mch_H2;18;9519570;47.53832819;11.1180564;6947;90.054;;Betriebsstatus1;160;SST_2_89250_Gap;1;Fahrbahnteil1;Tunnel Farchant;B2-Süd München;Richtungfalse
1444;63640;Querschnitt16704;MQ_2_91200_Gap;DET_VE263_Gap_H2;42;9519640;47.51834722;11.11682711;6953;91.2;;Betriebsstatus1;167;SST_2_91000_Gap;1;Fahrbahnteil1;Tunnel Farchant;B2-Süd Garmisch;Richtungtrue
1445;60906;Querschnitt5863;MQTEU002_Krh;TEU002_Kch_H2;1;9990002;48.15675889;11.71995001;5863;12.1;;Betriebsstatus1;Streckenstation1602;TEU 002;1;Fahrbahnteil1;Concert Zentrale;St2082 Richtung Kirchheim;Richtungfalse
1446;54403;Querschnitt5864;MQTEU003_Mch;TEU003_H2;1;9990003;48.10470003;11.74320001;5864;14.18;;Betriebsstatus1;Streckenstation1603;TEU 003;1;Fahrbahnteil1;Concert Zentrale;B304-Ost Richtung West;Richtungfalse
1447;64196;Querschnitt5439;GMA_Allgaeuer Tor_Fue;WUD_WFD_Allgaeuer Tor_Fue;82;718314;47.85889405;10.27777753;5439;909.3;80000805;Betriebsstatus1;Streckenstation1472;Allgaeuer Tor;3;Fahrbahnteil1;GMA - UZ Sulzberg;A7 Richtung Füssen;Richtungtrue
1448;54221;Querschnitt671;MQWWQ02B-Mch-A;DETWWQ02B-Mch-A2;98;9416144;48.1421247166563;11.7116463992888;671;6.394;;Betriebsstatus1;Streckenstation258;SSTWWQ02B;1;Fahrbahnteil4;UZ Riem;A94 Richtung M.-Zentrum;Richtungtrue
1449;64322;Querschnitt5455;GMA_Streitheim_Mch;WUD_WFD_Streitheim_Mch;82;818560;48.4198402;10.68194422;5455;67.45;80000878;Betriebsstatus1;Streckenstation1487;Streitheim;3;Fahrbahnteil1;GMA - UZ Augsburg;A8-West Richtung M.-Zentrum;Richtungfalse
1450;52305;Querschnitt5865;MQTEU004_Mch;TEU004_H2;1;9990004;48.10620001;11.73609997;5865;13.1;;Betriebsstatus1;Streckenstation1604;TEU 004;1;Fahrbahnteil1;Concert Zentrale;B304-Ost Richtung West;Richtungfalse
1451;64155;Querschnitt5513;GMA_Wolfratshausen_Mch;WUD_WFD_Wolfratshausen_Mch;82;9507300;47.85451005;11.38675995;5513;32.5;80000847;Betriebsstatus1;Streckenstation1501;Wolfratshausen;3;Fahrbahnteil1;GMA - UZ Starnberg;A95 Richtung M.-Zentrum;Richtungfalse
1452;64133;Querschnitt5512;GMA_Starnberg_Mch;WUD_WFD_Starnberg_Mch;82;9527632;48.00409299;11.39170552;5512;1.97;80000841;Betriebsstatus1;Streckenstation1500;Starnberg;3;Fahrbahnteil1;GMA - UZ Starnberg;A952 Richtung M.-Zentrum;Richtungfalse
1453;64265;Querschnitt5517;GMA_Schöffelding_Lin;WUD_WFD_Schöffelding_Lin;182;9608072;48.06028008;10.98070634;5517;129.5;80000738;Betriebsstatus1;Streckenstation1504;Schöffelding;3;Fahrbahnteil1;GMA - UZ Starnberg;A96 Richtung Lindau;Richtungtrue
1454;64224;Querschnitt5518;GMA_Eching_Lin;WUD_FBZ_Eching_Lin;111;9618192;48.07499457;11.0960437;5518;138.5;80000739;Betriebsstatus1;Streckenstation1505;Eching;3;Fahrbahnteil1;GMA - UZ Starnberg;A96 Richtung Lindau;Richtungtrue
1455;54307;Querschnitt896;MQ6_Lin_H;DET6_Lin_H3;3;9916824;48.20959405;11.46476161;896;11.124;;Betriebsstatus3;Streckenstation341;SST6;1;Fahrbahnteil1;UZ Aubing;A99 Richtung Lindau;Richtungtrue
1456;63455;Querschnitt471_380_2;MQ_B471_380_000_Ffb_A;DET_B471_380_000_Ffb_A1;97;10471031;48.24099409;11.37490404;6905;380.0;;Betriebsstatus1;Steckenstation471_380;SST_B471_380_000_Obs;1;Fahrbahnteil4;UZ Aubing;B471 Richtung West;Richtungfalse
1457;63430;Querschnitt471_380_3;MQ_B471_380_000_Obs;DET_B471_380_000_Obs_H2;2;10471031;48.23929378;11.38012389;6906;380.0;;Betriebsstatus1;Steckenstation471_380;SST_B471_380_000_Obs;1;Fahrbahnteil1;UZ Aubing;B471 Richtung Ost;Richtungtrue
1458;63437;Querschnitt471_380_4;MQ_B471_380_000_Obs_E;DET__B471_380_000_Obs_E1;129;10471031;48.23968604;11.38163087;6907;380.0;;Betriebsstatus1;Steckenstation471_380;SST_B471_380_000_Obs;1;Fahrbahnteil3;UZ Aubing;B471 Richtung Ost;Richtungtrue
1459;63649;Querschnitt16805;MQ_2_91591_Gap;DET_VE210_Gap_H2;42;9519670;47.51592382;11.11038325;6958;91.591;;Betriebsstatus1;168;SST_2_91750_Gap;1;Fahrbahnteil1;Tunnel Farchant;B2-Süd Garmisch;Richtungtrue
1460;63650;Querschnitt16806;MQ_2_91591_Gap_A;DET_VE211_Gap_A1;97;9519670;47.51601057;11.11035725;6959;91.591;;Betriebsstatus1;168;SST_2_91750_Gap;1;Fahrbahnteil4;Tunnel Farchant;B2-Süd Garmisch;Richtungtrue
1461;64134;Querschnitt5519;GMA_Eching_Mch;WUD_WFD_Eching_Mch;182;9618192;48.07488783;11.0961094;5519;138.5;80000739;Betriebsstatus1;Streckenstation1505;Eching;3;Fahrbahnteil1;GMA - UZ Starnberg;A96 Richtung M.-Zentrum;Richtungfalse
1462;64172;Querschnitt5425;GMA_Hausen_Mch;WUD_WFD_Hausen_Mch;82;9317549;48.8328790626816;11.9742597699562;5425;223.15;80000552;Betriebsstatus1;Streckenstation1468;GMA Hausen;3;Fahrbahnteil1;GMA - UZ Pentling;A93-Nord Richtung M.-Zentrum;Richtungtrue
1463;64407;Querschnitt7032;WWQ_99_ASAsh_0930_NZ;WZG_99_ASAsh_0930_NZ_W2;130;9918211;48.1939032531174;11.6910343126576;;29.86;;Betriebsstatus1;Streckenstation2069;SST_99_ASAsh_0920_NZ;4;Fahrbahnteil2;UZ Aschheim;A99 Richtung Lindau;Richtungtrue
1464;64442;Querschnitt7016;MQ99-090-Stg_H;DET99-090-Stg_H2;2;9907861;48.2160953908169;11.6385014886035;;25.16;;Betriebsstatus1;Streckenstation718;SST99-090;1;Fahrbahnteil1;UZ Aschheim;A99 Richtung Lindau;Richtungtrue
1465;64478;Querschnitt7018;MQ99-110-Stg_H;DET99-110-Stg_H3;3;9907972;48.2068222703379;11.6524183302416;;26.62;;Betriebsstatus1;Streckenstation720;SST99-110;1;Fahrbahnteil1;UZ Aschheim;A99 Richtung Lindau;Richtungtrue
1466;51446;Querschnitt5941;Virtuell_A9_Nbg_Eching_FG4;Virt_WWW_Nbg_ASEch;193;950105;48.29134402;11.63582128;5941;515.67;;Betriebsstatus1;Streckenstation1268;Virtuell A9 Nbg Eching;4;;UZ Freimann;A9 Richtung Nürnberg;Richtungfalse
1467;57806;Querschnitt255;MQB30_Mch_H;DETB30_Mch_H2;34;817080;48.02320003;11.65970006;255;9.9;;Betriebsstatus3;Streckenstation91;SSTB30;1;Fahrbahnteil1;UZ Holzkirchen;A8-Ost Richtung M.-Zentrum;Richtungtrue
1468;64649;Querschnitt7015;MQ99-090-Sbg_E;DET99-090-Sbg_E2;170;9907861;48.2157276015686;11.6379565821306;;25.16;;Betriebsstatus1;Streckenstation718;SST99-090;1;;UZ Aschheim;A99 Richtung Salzburg;Richtungfalse
1469;52848;Querschnitt301;MQB16_Mch_H;DETB16_Mch_H3;35;817297;47.8464640174492;11.8671114208652;301;37.4;;Betriebsstatus1;Streckenstation106;SSTB16;1;Fahrbahnteil1;UZ Holzkirchen;A8-Ost Richtung M.-Zentrum;Richtungtrue
1470;64468;Querschnitt7053;GMA_HK_99_ASAsh_0530_AM;WUD_HK_99_ASAsh_0530_AM;33;9908207;48.1933673792005;11.69000708505;;29.8;;Betriebsstatus1;Streckenstation2074;SST_99_ASAsh_0530_AM;3;Fahrbahnteil2;UZ Aschheim;;
1471;64520;Querschnitt7051;WWQ_99_ASAsh_0920_AM;WZG_99_ASAsh_0920_AM_WTA1;34;9908237;48.1923148058614;11.6950576733442;;30.2;;Betriebsstatus1;Streckenstation2073;SST_99_ASAsh_0920_AM;4;Fahrbahnteil2;UZ Aschheim;;
1472;66806;Querschnitt5156;AQ92-623-Mch;WZG92-623-Mch_CL1;99;9216288;48.2984239022927;11.5833022767331;5156;9.64;;Betriebsstatus1;Streckenstation1390;SST92-623;4;Fahrbahnteil1;UZ Freising;A92 Richtung M.-Zentrum;Richtungtrue
1473;64077;Querschnitt6108;GMA_Illerkanal-Bruecke_Fue;WUD_WFD_Illerkanal_Fue;82;717459;48.07189962;10.1385712;6108;881.55;80000704;Betriebsstatus1;Streckenstation1647;Illerkanal-Bruecke;3;Fahrbahnteil1;GMA - UZ Memmingen;A7 Richtung Füssen;Richtungtrue
1474;66794;Querschnitt4486;AQ92-684-Mch;WZG92-684-Mch_CL1;99;9216048;48.2394375328621;11.5364253441522;4486;1.6;;Betriebsstatus1;Streckenstation1187;SST92-684;4;Fahrbahnteil1;UZ Freising;A92 Richtung M.-Zentrum;Richtungtrue
1475;64320;Querschnitt5450;GMA_Kirchdorfer Berg_Mch;WUD_WFD_Kirchdorfer Berg_Mch;82;9607520;48.03796996;10.55238676;5450;95.0;80000709;Betriebsstatus1;Streckenstation1483;Kirchdorfer Berg;3;Fahrbahnteil1;GMA - UZ Memmingen;A96 Richtung M.-Zentrum;Richtungfalse
1476;66748;Querschnitt4488;AQ92-686-Mch;WZG92-686-Mch_CL1;99;9216032;48.2349004479557;11.5399532354539;4488;1.03;;Betriebsstatus1;Streckenstation1188;SST92-686;4;Fahrbahnteil1;UZ Freising;A92 Richtung M.-Zentrum;Richtungtrue
1477;66822;Querschnitt4490;AQ92-696-Mch;WZG92-696-Mch_CL1;99;9216023;48.2324963591414;11.5418202905009;4490;0.73;;Betriebsstatus1;Streckenstation1189;SST92-696;4;Fahrbahnteil1;UZ Freising;A92 Richtung M.-Zentrum;Richtungtrue
1478;64323;Querschnitt5444;GMA_Rottachtalbruecke_Fue;WUD_WFD_Rottachtalbruecke_Fue;82;719149;47.65773846;10.42661317;5444;936.4;80000921;Betriebsstatus1;Streckenstation1478;Rottachtalbruecke;3;Fahrbahnteil1;GMA - UZ Sulzberg;A7 Richtung Füssen;Richtungtrue
1479;64092;Querschnitt5441;GMA_Sulzbergbruecke_Wal;WUD_WFD_Sulzbergbruecke_Wal;82;9807121;47.68198769;10.32045866;5441;3.6;80000912;Betriebsstatus1;Streckenstation1474;Sulzbergbruecke;3;Fahrbahnteil1;GMA - UZ Sulzberg;A980 Richtung Waltenhofen;Richtungfalse
1480;64180;Querschnitt5442;GMA_Rohrbachtobelbruecke_Wal;WUD_WFD_Rohrbachtobelbruecke_Wal;82;9808770;47.66816368;10.25541429;5442;8.9;80000911;Betriebsstatus1;Streckenstation1476;Rohrbachtobelbruecke;3;Fahrbahnteil1;GMA - UZ Sulzberg;A980 Richtung Waltenhofen;Richtungfalse
1481;64258;Querschnitt5443;GMA_Hellengerst_Wal;WUD_WFD_Hellengerst_Wal;82;9809984;47.66699151;10.2006357;5443;13.0;80000910;Betriebsstatus1;Streckenstation1477;Hellengerst;3;Fahrbahnteil1;GMA - UZ Sulzberg;A980 Richtung Waltenhofen;Richtungfalse
1482;64121;Querschnitt5445;GMA_Hittistetten_Fld;WUD_WFD_Hittistetten_Fld;82;706539;48.3249659;10.08911678;5445;851.7;80000700;Betriebsstatus1;Streckenstation1479;Hittistetten;3;Fahrbahnteil1;GMA - UZ Memmingen;A7 Richtung Fulda;Richtungfalse
1483;64151;Querschnitt5446;GMA_Illertalbruecke_Fue;WUD_WFD_Illertalbruecke_Fue;82;717233;48.13357408;10.11023641;5446;874.2;80000706;Betriebsstatus1;Streckenstation1480;Illertalbruecke;3;Fahrbahnteil1;GMA - UZ Memmingen;A7 Richtung Füssen;Richtungtrue
1484;64138;Querschnitt5449;GMA_Kohlberg Tunnel_Lin;WUD_WFD_Kohlberg Tunnel_Mch;182;9607304;48.03749751;10.38772325;5449;81.5;80000810;Betriebsstatus1;Streckenstation1482;Kohlberg Tunnel;3;Fahrbahnteil1;GMA - UZ Memmingen;A96 Richtung Lindau;Richtungtrue
1485;64123;Querschnitt5452;GMA_Memmingen West_Lin;WUD_WFD_Memmingen West_Lin;82;9616892;47.95851712;10.1082884;5452;58.1;80000806;Betriebsstatus1;Streckenstation1485;Memmingen West;3;Fahrbahnteil1;GMA - UZ Memmingen;A96 Richtung Lindau;Richtungtrue
1486;64047;Querschnitt5453;GMA_Memmingen West_Mch;WUD_WFD_Memmingen West_Mch;182;9616892;47.95843837;10.10855383;5453;58.1;80000806;Betriebsstatus1;Streckenstation1485;Memmingen West;3;Fahrbahnteil1;GMA - UZ Memmingen;A96 Richtung M.-Zentrum;Richtungfalse
1487;64149;Querschnitt5448;GMA_Memmingen Ost_Lin;WUD_WFD_Memmingen Ost_Lin;82;9617058;47.99891429;10.18538651;5448;66.1;80000802;Betriebsstatus1;Streckenstation1481;Memmingen Ost;3;Fahrbahnteil1;GMA - UZ Memmingen;A96 Richtung Lindau;Richtungtrue
1488;64235;Querschnitt5511;GMA_Oberpfaffenhofen_Mch;WUD_WFD_Oberpfaffenhofen_Mch;82;9619554;48.09284372;11.28853654;5511;153.25;;Betriebsstatus1;Streckenstation1499;Oberpfaffenhofen;3;Fahrbahnteil1;GMA - UZ Starnberg;A96 Richtung M.-Zentrum;Richtungfalse
1489;64148;Querschnitt5531;GMA_Köschinger Forst_Nbg;WUD_WFD_Köschinger Forst_Nbg;82;906095;48.83562533;11.47084853;5531;450.59;80000533;Betriebsstatus1;Streckenstation1517;Köschinger Forst;3;Fahrbahnteil1;GMA - UZ München Nord;A9 Richtung Nürnberg;Richtungfalse
1490;64237;Querschnitt5533;GMA_Moosburg_Mch;WUD_WFD_Moosburg_Mch;82;9217491;48.49689331;12.00529891;5533;50.05;80000654;Betriebsstatus1;Streckenstation1519;Moosburg;3;Fahrbahnteil1;GMA - UZ München Nord;A92 Richtung M.-Zentrum;Richtungtrue
1491;64109;Querschnitt5535;GMA_Langenpreising_Mch;WUD_WFD_Langenpreising_Mch;82;9216471;48.43793612;11.95273108;5535;42.5;80000646;Betriebsstatus1;Streckenstation1521;Langenpreising;3;Fahrbahnteil1;GMA - UZ München Nord;A92 Richtung M.-Zentrum;Richtungtrue
1492;64062;Querschnitt5530;GMA_Landshut West_Mch;WUD_WFD_Landshut West_Mch;82;9217685;48.53143196;12.07120777;5530;56.6;80000653;Betriebsstatus1;Streckenstation1516;Landshut West;3;Fahrbahnteil1;GMA - UZ München Nord;A92 Richtung M.-Zentrum;Richtungtrue
1493;64136;Querschnitt5534;GMA_Wolnzach_Hof;WUD_WFD_Wolnzach_Hof;82;9307375;48.60930351;11.66694448;5534;258.81;80000643;Betriebsstatus1;Streckenstation1520;Wolnzach;3;Fahrbahnteil1;GMA - UZ München Nord;A93-Nord Richtung Hof;Richtungfalse
1494;64212;Querschnitt5528;GMA_Feldmoching_Lin;WUD_WFD_Feldmoching_Lin;82;9917174;48.22231653;11.51965243;5528;15.848;80000752;Betriebsstatus1;Streckenstation1514;Feldmoching;3;Fahrbahnteil1;GMA - UZ München Nord;A99 Richtung Lindau;Richtungtrue
1495;64214;Querschnitt5423;GMA_Parsberg_Pas;WUD_WFD_Parsberg_Nbg;82;306062;49.1721145469376;11.8014434272787;5423;460.405;80000442;Betriebsstatus1;Streckenstation1464;GMA Parsberg;3;Fahrbahnteil1;GMA - UZ Pentling;A3 Richtung Nürnberg;Richtungfalse
1496;64259;Querschnitt5431;GMA_Wörth Donaubruecke_Rgb;WUD_WFD_Wörth_Donaubruecke_Nbg;82;306664;48.99824577;12.34535577;5431;512.75;80000459;Betriebsstatus1;Streckenstation1469;GMA Wörth Donaubruecke;3;Fahrbahnteil1;GMA - UZ Pentling;A3 Richtung Nürnberg;Richtungfalse
1497;64173;Querschnitt5426;GMA_Laaber_Pas;WUD_WFD_Laaber_Pas;82;316434;49.0824757885823;11.9014040512978;5426;473.8;80000445;Betriebsstatus1;Streckenstation1467;GMA Laaber;3;Fahrbahnteil1;GMA - UZ Pentling;A3 Richtung Passau;Richtungtrue
1498;64236;Querschnitt5430;GMA_Sinzing_Pas;WUD_WFD_Sinzing_Pas;82;316787;48.9989503370551;12.0402961004257;5430;489.1;80000457;Betriebsstatus1;Streckenstation1470;GMA Sinzing;3;Fahrbahnteil1;GMA - UZ Pentling;A3 Richtung Passau;Richtungtrue
1499;64253;Querschnitt5428;GMA_Regendorf_Hof;WUD_WFD_Regendorf_Hof;82;9306140;49.0892950889623;12.0970793639858;5428;188.05;80000455;Betriebsstatus1;Streckenstation1465;GMA Regendorf;3;Fahrbahnteil1;GMA - UZ Pentling;A93-Nord Richtung Hof;Richtungfalse
1500;64194;Querschnitt5429;GMA_Siegenburg_Hof;WUD_WFD_Siegenburg_Hof;82;9306995;48.7382291281188;11.8550262360047;5429;237.04;80000547;Betriebsstatus1;Streckenstation1471;GMA Siegenburg;3;Fahrbahnteil1;GMA - UZ Pentling;A93-Nord Richtung Hof;Richtungfalse
1501;64168;Querschnitt5427;GMA_Pentling_Mch;WUD_WFD_Pentling_Mch;82;9317084;48.9689240893622;12.073746242466;5427;203.05;80000550;Betriebsstatus1;Streckenstation1466;GMA Pentling;3;Fahrbahnteil1;GMA - UZ Pentling;A93-Nord Richtung M.-Zentrum;Richtungtrue
1502;64063;Querschnitt6102;GMA_Schierling_Roh;WUD_WFD_Schierling_Roh;82;11015019;48.82182185;12.13270378;6102;19.1;80000665;Betriebsstatus1;Streckenstation1643;GMA Schierling;3;Fahrbahnteil1;GMA - UZ Pentling;B15-Neu Richtung Rosenheim;Richtungtrue
1503;64255;Querschnitt6103;GMA_Grafenschlag_Roh;WUD_WFD_Grafenschlag_Roh;82;11015027;48.76087889;12.13450001;6103;26.8;80000667;Betriebsstatus1;Streckenstation1644;GMA Grafenschlag;3;Fahrbahnteil1;GMA - UZ Pentling;B15-Neu Richtung Rosenheim;Richtungtrue
1504;64313;Querschnitt6104;GMA_Laaberbruecke_Roh;WUD_WFD_Laaberbruecke_Roh;82;11015032;48.73180889;12.15995;6104;33.5;80000670;Betriebsstatus1;Streckenstation1645;GMA Laaberbruecke;3;Fahrbahnteil1;GMA - UZ Pentling;B15-Neu Richtung Rosenheim;Richtungtrue
1505;64386;Querschnitt5822;WS_GMAQ83_Mch_H;WUD_WFD_Q83_Mch_H;102;807351;47.8254307169299;11.9401613880007;5822;44.3;80000872;Betriebsstatus1;Streckenstation52;SSTQ83;3;Fahrbahnteil1;UZ Holzkirchen;A8-Ost Richtung M.-Zentrum;Richtungtrue
1506;64211;Querschnitt5540;GMA_Bayerischer Wald_Rgb;WUD_WFD_Bayerischer Wald_Rgb;82;306987;48.93203706;12.7059803;5540;540.86;80000458;Betriebsstatus1;Streckenstation1526;Bayerischer Wald;3;Fahrbahnteil1;GMA - UZ Pankofen;A3 Richtung Nürnberg;Richtungfalse
1507;64117;Querschnitt5544;GMA_Suben Innbruecke_Rgb;WUD_WFD_Suben Innbruecke_Rgb;82;307992;48.4111627;13.42567246;5544;628.3;80000698;Betriebsstatus1;Streckenstation1530;Suben Innbruecke;3;Fahrbahnteil1;GMA - UZ Pankofen;A3 Richtung Nürnberg;Richtungfalse
1508;64058;Querschnitt5536;GMA_Galgenberg_Rbg;WUD_WFD_Galgenberg_Rbg;82;309259;48.63949793;13.29398539;5536;596.25;80000589;Betriebsstatus1;Streckenstation1522;Galgenberg;3;Fahrbahnteil1;GMA - UZ Pankofen;A3 Richtung Nürnberg;Richtungfalse
1509;64289;Querschnitt5541;GMA_Passau Sued_Pas;WUD_WFD_Passau_Sued_Pas;82;317802;48.53779892;13.39964289;5541;611.79;80000692;Betriebsstatus1;Streckenstation1527;Passau Sued;3;Fahrbahnteil1;GMA - UZ Pankofen;A3 Richtung Passau;Richtungtrue
1510;64252;Querschnitt5537;GMA_Deggenaubruecke_Pas;WUD_WFD_Deggenaubruecke_Pas;82;318541;48.80922685;12.96955139;5537;565.13;80000459;Betriebsstatus1;Streckenstation1523;Deggenaubruecke;3;Fahrbahnteil1;GMA - UZ Pankofen;A3 Richtung Passau;Richtungtrue
1511;64203;Querschnitt5539;GMA_Pilsting_Mch;WUD_WFD_Pilsting_Mch;82;9217163;48.68880215;12.64891784;5539;104.74;80000569;Betriebsstatus1;Streckenstation1525;Pilsting;3;Fahrbahnteil1;GMA - UZ Pankofen;A92 Richtung M.-Zentrum;Richtungtrue
1512;64278;Querschnitt5538;GMA_Dingolfing_Mch;WUD_WFD_Dingolfing_Mch;82;9218005;48.6606021;12.51285172;5538;94.21;80000567;Betriebsstatus1;Streckenstation1524;Dingolfing;3;Fahrbahnteil1;GMA - UZ Pankofen;A92 Richtung M.-Zentrum;Richtungtrue
1513;64222;Querschnitt6100;GMA_Saalhaupt_Roh;WUD_WFD_Saalhaupt_Roh;82;11015011;48.88992706;12.07505526;6100;10.92;80000450;Betriebsstatus1;Streckenstation1641;GMA Saalhaupt;3;Fahrbahnteil1;GMA - UZ Pentling;B15-Neu Richtung Rosenheim;Richtungtrue
1514;64191;Querschnitt6101;GMA_Saalhaupt_Mch;WUD_WFD_Saalhaupt_Mch;102;11015011;48.8904880739855;12.0751269670209;6101;212.908;80000454;Betriebsstatus1;Streckenstation1641;GMA Saalhaupt;3;Fahrbahnteil1;GMA - UZ Pentling;A93-Nord Richtung M.-Zentrum;Richtungtrue
1515;64352;Querschnitt4519;AQ8-140-Mch;WZG8-140-Mch_CL1;99;806324;48.0191970573014;11.6628163895588;4519;0.09;;Betriebsstatus1;Streckenstation1201;SST8-140;4;Fahrbahnteil4;UZ Holzkirchen;A8-Ost Richtung M.-Zentrum;Richtungtrue
1516;64615;Querschnitt7031;BMS_99_ASAsh_0920_NZ;BMS_99_ASAsh_0920_NZ_Heiz;5;9918211;48.19396;11.69111;;29.87;;Betriebsstatus1;Streckenstation2069;SST_99_ASAsh_0920_NZ;6;Fahrbahnteil2;UZ Aschheim;A99 Richtung Lindau;Richtungtrue
1517;65066;Querschnitt7291;BMS_93_AS41_0029_SZ_;BMS_93_AS41_0029_SZ_HoeKo;6;9306630;49.01568;12.06703;;197.4;;Betriebsstatus1;Streckenstation2116;SST_93_AS41_0029_SZ;6;Fahrbahnteil3;UZ Regensburg;A93-Nord Richtung Hof;Richtungfalse
1518;65567;Querschnitt7292;GMA_93_AS41_0059_SZ;WUD_93_AS41_0059_SZ_HK;1;9306630;49.015339592149;12.0671487291819;;0.059;;Betriebsstatus1;Streckenstation2116;SST_93_AS41_0029_SZ;3;Fahrbahnteil3;UZ Regensburg;A93-Nord Richtung Hof;Richtungfalse
1519;51028;Querschnitt997;AQ99520_Stg_H;WZG99520_Stg_C3;75;9919879;48.0328293944953;11.6706918965905;997;52.33;;Betriebsstatus1;Streckenstation384;SST99520;4;Fahrbahnteil1;UZ Aschheim;A99 Richtung Lindau;Richtungtrue
1520;57944;Querschnitt39;AQ_8_11300_Stg;WZG_8_11300_Stg_C2;106;805208;48.2366250826978;11.3429842107812;39;11.3;;Betriebsstatus1;Streckenstation19;SST_8_11270_Stg;4;Fahrbahnteil1;UZ Aubing;A8-West Richtung Stuttgart;Richtungtrue
1521;55444;Querschnitt1005;AQ99510_Stg_H;WZG99510_Stg_C1;73;9919926;48.0294023527138;11.6633171391107;1005;52.97;;Betriebsstatus1;Streckenstation386;SST99510;4;Fahrbahnteil1;UZ Aschheim;A99 Richtung Lindau;Richtungtrue
1522;55877;Querschnitt1006;AQ99500_Stg_H;WZG99500_Stg_C1;73;9919993;48.0262461022579;11.6492490246656;1006;53.87;;Betriebsstatus1;Streckenstation387;SST99500;4;Fahrbahnteil1;UZ Aschheim;A99 Richtung Lindau;Richtungtrue
1523;61405;Querschnitt1009;AQQ23_Sbg_E;AQQ23_Sbg_C1;105;10916926;48.0270122160415;11.6469236840208;1009;10.19;;Betriebsstatus1;Streckenstation388;SSTQ23;4;Fahrbahnteil3;UZ Holzkirchen;A8-Ost Richtung Salzburg;Richtungfalse
1524;53122;Querschnitt113;MQQ69_Sbg_H;DETQ69_Sbg_H3;3;807310;47.8348053721453;11.8795814255252;113;39.05;;Betriebsstatus1;Streckenstation46;SSTQ69;1;Fahrbahnteil1;UZ Holzkirchen;A8-Ost Richtung Salzburg;Richtungfalse
1525;51922;Querschnitt27;AQ_8_7100_Stg;WZG_8_7100_Stg_C2;106;805130;48.211659863626;11.3855216201199;27;7.1;;Betriebsstatus1;Streckenstation15;SST_8_7070_Stg;4;Fahrbahnteil1;UZ Aubing;A8-West Richtung Stuttgart;Richtungtrue
1526;51836;Querschnitt33;AQ_8_10000_Stg;WZG_8_10000_Stg_C2;106;805184;48.2288679098362;11.3563116736389;33;10.0;;Betriebsstatus1;Streckenstation17;SST_8_9990_Stg;4;Fahrbahnteil1;UZ Aubing;A8-West Richtung Stuttgart;Richtungtrue
1527;63144;Querschnitt55;AQQ27_Sbg_H;AQQ27_Sbg_C2;75;807085;48.0151277301165;11.6643058959768;55;10.798;;Betriebsstatus1;Streckenstation24;SSTQ27;4;Fahrbahnteil1;UZ Holzkirchen;A8-Ost Richtung Salzburg;Richtungfalse
1528;53174;Querschnitt56;AQQ13_Sbg_E;AQQ13_Sbg_EC1;105;807085;48.0150339197817;11.6640076321564;56;54.784;;Betriebsstatus1;Streckenstation24;SSTQ27;4;Fahrbahnteil3;UZ Holzkirchen;A8-Ost Richtung Salzburg;Richtungfalse
1529;55262;Querschnitt3320;MQ99-670-Stg_A;DET99-670-Stg_A2;66;9918852;48.1367172603448;11.7592173944933;3320;38.47;;Betriebsstatus1;Streckenstation802;SST99-670;1;Fahrbahnteil4;UZ Aschheim;A99 Richtung Lindau;Richtungtrue
1530;54497;Querschnitt3316;MQ99-595-Stg_A;DET99-595-Stg_A1;65;9919111;48.1044041879212;11.7540686160919;3316;42.0;;Betriebsstatus1;Streckenstation810;SST99-595;1;Fahrbahnteil4;UZ Aschheim;A99 Richtung Lindau;Richtungtrue
1531;57623;Querschnitt3317;MQ99-595-Stg_E;DET99-595-Stg_E1;129;9919111;48.1051393622069;11.7542733717396;3317;42.0;;Betriebsstatus1;Streckenstation810;SST99-595;1;Fahrbahnteil3;UZ Aschheim;A99 Richtung Lindau;Richtungtrue
1532;55900;Querschnitt3337;MQ99-818-Stg_E;DET99-818-Stg_E1;129;9917557;48.2290197227545;11.5876482087077;3337;21.02;;Betriebsstatus1;Streckenstation769;SST99-818;1;Fahrbahnteil3;UZ Aschheim;A99 Richtung Lindau;Richtungtrue
1533;51110;Querschnitt3262;MQ99-010-Sbg_H;DET99-010-Sbg_H3;35;9906994;48.2099432148589;11.4927228560401;3262;13.45;;Betriebsstatus1;Streckenstation703;SST99-010;1;Fahrbahnteil1;UZ Aschheim;A99 Richtung Salzburg;Richtungfalse
1534;60889;Querschnitt3264;MQ99-030-Sbg_H;DET99-030-Sbg_H3;35;9907260;48.2252832416274;11.5344536136334;3264;17.04;;Betriebsstatus1;Streckenstation705;SST99-030;1;Fahrbahnteil1;UZ Aschheim;A99 Richtung Salzburg;Richtungfalse
1535;53496;Querschnitt3265;MQ99-045-Sbg_H;DET99-045-Sbg_H3;35;9907347;48.2265403161437;11.5497819501944;3265;18.195;;Betriebsstatus1;Streckenstation707;SST99-045;1;Fahrbahnteil1;UZ Aschheim;A99 Richtung Salzburg;Richtungfalse
1536;59102;Querschnitt3295;MQ99-250-Sbg_H;DET99-250-Sbg_H4;36;9908867;48.1342738928873;11.7589165227521;3295;38.73;78369213;Betriebsstatus1;Streckenstation747;SST99-250;1;Fahrbahnteil1;UZ Aschheim;A99 Richtung Salzburg;Richtungfalse
1537;62962;Querschnitt3296;MQ99-260-Sbg_H;DET99-260-Sbg_H4;36;9908998;48.118394955569;11.7577624999372;3296;40.5;;Betriebsstatus1;Streckenstation749;SST99-260;1;Fahrbahnteil1;UZ Aschheim;A99 Richtung Salzburg;Richtungfalse
1538;55579;Querschnitt3297;MQ99-270-Sbg_H;DET99-270-Sbg_H3;35;9909114;48.1044795846632;11.7531930037054;3297;42.07;;Betriebsstatus1;Streckenstation753;SST99-270;1;Fahrbahnteil1;UZ Aschheim;A99 Richtung Salzburg;Richtungfalse
1539;60475;Querschnitt3300;MQ99-300-Sbg_H;DET99-300-Sbg_H3;35;9909464;48.0689526084993;11.7203879156361;3300;46.8;;Betriebsstatus1;Streckenstation757;SST99-300;1;Fahrbahnteil1;UZ Aschheim;A99 Richtung Salzburg;Richtungfalse
1540;55191;Querschnitt3307;MQ99-530-Stg_H;DET99-530-Stg_H3;3;9919752;48.0446062200171;11.6846569687226;3307;50.62;;Betriebsstatus1;Streckenstation820;SST99-530;1;Fahrbahnteil1;UZ Aschheim;A99 Richtung Lindau;Richtungtrue
1541;53171;Querschnitt3308;MQ99-532-Stg_H;DET99-532-Stg_H3;3;9919642;48.0557449029764;11.6953300624717;3308;49.14;79369216;Betriebsstatus1;Streckenstation819;SST99-532;1;Fahrbahnteil1;UZ Aschheim;A99 Richtung Lindau;Richtungtrue
1542;59133;Querschnitt3311;MQ99-540-Stg_H;DET99-540-Stg_H3;3;9919543;48.0630912947962;11.709652079752;3311;47.805;;Betriebsstatus1;Streckenstation817;SST99-540;1;Fahrbahnteil1;UZ Aschheim;A99 Richtung Lindau;Richtungtrue
1543;57028;Querschnitt3312;MQ99-550-Stg_H;DET99-550-Stg_H3;3;9919408;48.0738513337919;11.7281097533799;3312;45.976;;Betriebsstatus1;Streckenstation816;SST99-550;1;Fahrbahnteil1;UZ Aschheim;A99 Richtung Lindau;Richtungtrue
1544;60664;Querschnitt3315;MQ99-590-Stg_H;DET99-590-Stg_H4;4;9919081;48.1085810637581;11.7552878801352;3315;41.57;;Betriebsstatus1;Streckenstation809;SST99-590;1;Fahrbahnteil1;UZ Aschheim;A99 Richtung Lindau;Richtungtrue
1545;56409;Querschnitt3318;MQ99-620-Stg_H;DET99-620-Stg_H4;4;9919011;48.1168862194069;11.7578045811687;3318;40.62;;Betriebsstatus1;Streckenstation808;SST99-620;1;Fahrbahnteil1;UZ Aschheim;A99 Richtung Lindau;Richtungtrue
1546;57444;Querschnitt3319;MQ99-640-Stg_H;DET99-640-Stg_H4;4;9918915;48.128816477331;11.7593564297045;3319;39.32;78369213;Betriebsstatus1;Streckenstation804;SST99-640;1;Fahrbahnteil1;UZ Aschheim;A99 Richtung Lindau;Richtungtrue
1547;51470;Querschnitt3321;MQ99-670-Stg_H;DET99-670-Stg_H3;3;9918852;48.1367141687906;11.7590989764192;3321;38.47;;Betriebsstatus1;Streckenstation802;SST99-670;1;Fahrbahnteil1;UZ Aschheim;A99 Richtung Lindau;Richtungtrue
1548;53037;Querschnitt3339;MQ99-820-Stg_H;DET99-820-Stg_H4;4;9917530;48.2284097159079;11.583089256396;3339;20.631;;Betriebsstatus1;Streckenstation768;SST99-820;1;Fahrbahnteil1;UZ Aschheim;A99 Richtung Lindau;Richtungtrue
1549;61103;Querschnitt3341;MQ99-840-Stg_H;DET99-840-Stg_H3;3;9917330;48.2265824978471;11.5467182319656;3341;17.925;;Betriebsstatus1;Streckenstation766;SST99-840;1;Fahrbahnteil1;UZ Aschheim;A99 Richtung Lindau;Richtungtrue
1550;53724;Querschnitt3263;MQ99-020-Sbg_H;DET99-020-Sbg_H3;35;9907139;48.2199930845343;11.5135264065826;3263;15.37;77359100;Betriebsstatus1;Streckenstation704;SST99-020;1;Fahrbahnteil1;UZ Aschheim;A99 Richtung Salzburg;Richtungfalse
1551;52350;Querschnitt3266;MQ99-050-Sbg_H;DET99-050-Sbg_H3;35;9907442;48.2269665120118;11.5672831954622;3266;19.5;77359210;Betriebsstatus1;Streckenstation708;SST99-050;1;Fahrbahnteil2;UZ Aschheim;A99 Richtung Salzburg;Richtungfalse
1552;56074;Querschnitt3298;MQ99-280-Sbg_H;DET99-280-Sbg_H3;35;9909220;48.0927052247169;11.7464339312824;3298;43.5;79369200;Betriebsstatus1;Streckenstation754;SST99-280;1;Fahrbahnteil1;UZ Aschheim;A99 Richtung Salzburg;Richtungfalse
1553;59304;Querschnitt3314;MQ99-580-Stg_H;DET99-580-Stg_H3;3;9919206;48.0944134733918;11.7479411096262;3314;43.25;79369200;Betriebsstatus1;Streckenstation814;SST99-580;1;Fahrbahnteil1;UZ Aschheim;A99 Richtung Lindau;Richtungtrue
1554;59074;Querschnitt3343;MQ99-860-Stg_H;DET99-860-Stg_H3;3;9917185;48.2227716487322;11.521498846515;3343;16.0;77359100;Betriebsstatus1;Streckenstation764;SST99-860;1;Fahrbahnteil1;UZ Aschheim;A99 Richtung Lindau;Richtungtrue
1555;59537;Querschnitt3294;MQ99-248-Sbg_E;DET99-248-Sbg_E1;161;9908807;48.1412656204419;11.7572785590376;3294;37.9;;Betriebsstatus1;Streckenstation746;SST99-248;1;Fahrbahnteil3;UZ Aschheim;A99 Richtung Salzburg;Richtungfalse
1556;62921;Querschnitt3342;MQ99-845-Stg_H;DET99-845-Stg_H2;2;9916036;48.226878327916;11.5471753241387;3342;0.523;;Betriebsstatus1;Streckenstation763;SST99-845;1;Fahrbahnteil4;UZ Aschheim;A99 Richtung Lindau;Richtungtrue
1557;59512;Querschnitt3322;MQ99-685-Stg_H;DET99-685-Stg_H2;2;9918819;48.1400406782545;11.758864858075;3322;38.05;;Betriebsstatus1;Streckenstation800;SST99-685;1;Fahrbahnteil4;UZ Aschheim;A99 Richtung Lindau;Richtungtrue
1558;53998;Querschnitt64;AQQ31_Sbg_H;AQQ31_Sbg_C3;75;807107;47.9930499086367;11.6793067961476;64;13.495;;Betriebsstatus1;Streckenstation26;SSTQ31;4;Fahrbahnteil1;UZ Holzkirchen;A8-Ost Richtung Salzburg;Richtungfalse
1559;57531;Querschnitt3273;MQ99-080-Sbg_H;DET99-080-Sbg_H2;34;9907779;48.2221918195232;11.6265483235327;3273;24.05;;Betriebsstatus1;Streckenstation717;SST99-080;1;Fahrbahnteil1;UZ Aschheim;A99 Richtung Salzburg;Richtungfalse
1560;55695;Querschnitt3274;MQ99-090-Sbg_H;DET99-090-Sbg_H2;34;9907861;48.2160341380839;11.6382374917373;3274;25.16;;Betriebsstatus1;Streckenstation718;SST99-090;1;Fahrbahnteil1;UZ Aschheim;A99 Richtung Salzburg;Richtungfalse
1561;61624;Querschnitt3344;MQ9-99-A10-Sbg_A;DET9-99-A10-Sbg_A2;106;9907729;48.2286420265391;11.6320015963662;3344;23.37;;Betriebsstatus1;Streckenstation716;SST9-99-A10;1;Fahrbahnteil4;UZ Aschheim;A9 Richtung M.-Zentrum;Richtungtrue
1562;60487;Querschnitt3346;MQ99-9-B10-Stg_A;DET99-9-B10-Stg_A2;66;9917843;48.218946201435;11.6344810204376;3346;24.705;;Betriebsstatus1;Streckenstation770;SST99-784;1;Fahrbahnteil4;UZ Aschheim;A99 Richtung Lindau;Richtungtrue
1563;53004;Querschnitt3289;MQ99-210-Stg_H;DET99-210-Stg_H4;4;9908667;48.1574456650367;11.7496215854015;3289;36.0;78369212;Betriebsstatus1;Streckenstation742;SST99-210;1;Fahrbahnteil1;UZ Aschheim;A99 Richtung Lindau;Richtungtrue
1564;51555;Querschnitt3324;MQ99-710-Stg_H;DET99-710-Stg_H4;4;9918724;48.1511410549735;11.7542544170149;3324;36.75;;Betriebsstatus1;Streckenstation798;SST99-710;1;Fahrbahnteil1;UZ Aschheim;A99 Richtung Lindau;Richtungtrue
1565;55501;Querschnitt3325;MQ99-714-Stg_H;DET99-714-Stg_H4;4;9918664;48.1579494106541;11.7492058324846;3325;35.936;;Betriebsstatus1;Streckenstation796;SST99-714;1;Fahrbahnteil1;UZ Aschheim;A99 Richtung Lindau;Richtungtrue
1566;56016;Querschnitt3326;MQ99-720-Stg_H;DET99-720-Stg_H4;4;9918561;48.1685436623099;11.7396746527184;3326;34.55;;Betriebsstatus1;Streckenstation793;SST99-720;1;Fahrbahnteil1;UZ Aschheim;A99 Richtung Lindau;Richtungtrue
1567;59812;Querschnitt3329;MQ99-730-Stg_H;DET99-730-Stg_H4;4;9918480;48.1768543304606;11.7310408100304;3329;33.43;;Betriebsstatus1;Streckenstation791;SST99-730;1;Fahrbahnteil1;UZ Aschheim;A99 Richtung Lindau;Richtungtrue
1568;62125;Querschnitt3330;MQ99-740-Stg_H;DET99-740-Stg_H4;4;9918368;48.1861737536094;11.7168213458846;3330;31.966;78369211;Betriebsstatus1;Streckenstation786;SST99-740;1;Fahrbahnteil1;UZ Aschheim;A99 Richtung Lindau;Richtungtrue
1569;58542;Querschnitt3332;MQ99-760-Stg_H;DET99-760-Stg_H4;4;9918096;48.1987745691596;11.6713714269416;3332;28.27;;Betriebsstatus1;Streckenstation779;SST99-760;1;Fahrbahnteil1;UZ Aschheim;A99 Richtung Lindau;Richtungtrue
1570;56506;Querschnitt3334;MQ99-780-Stg_H;DET99-780-Stg_H4;4;9917883;48.2146298126147;11.6408223958624;3334;25.39;;Betriebsstatus1;Streckenstation772;SST99-780;1;Fahrbahnteil1;UZ Aschheim;A99 Richtung Lindau;Richtungtrue
1571;55387;Querschnitt3275;MQ99-110-Sbg_H;DET99-110-Sbg_H4;36;9907972;48.2066367782517;11.6523037371;3275;26.62;77359010;Betriebsstatus1;Streckenstation720;SST99-110;1;Fahrbahnteil1;UZ Aschheim;A99 Richtung Salzburg;Richtungfalse
1572;60743;Querschnitt3276;MQ99-120-Sbg_H;DET99-120-Sbg_H4;36;9908064;48.2003001477225;11.6663509038787;3276;27.9;;Betriebsstatus1;Streckenstation723;SST99-120;1;Fahrbahnteil1;UZ Aschheim;A99 Richtung Salzburg;Richtungfalse
1573;50803;Querschnitt3282;MQ99-140-Sbg_H;DET99-140-Sbg_H4;36;9908353;48.1869450812429;11.7146328653624;3282;31.8;;Betriebsstatus1;Streckenstation731;SST99-140;1;Fahrbahnteil1;UZ Aschheim;A99 Richtung Salzburg;Richtungfalse
1574;61199;Querschnitt3283;MQ99-150-Sbg_H;DET99-150-Sbg_H4;36;9908405;48.183120834962;11.7220159131457;3283;32.463;78369211;Betriebsstatus1;Streckenstation733;SST99-150;1;Fahrbahnteil1;UZ Aschheim;A99 Richtung Salzburg;Richtungfalse
1575;56499;Querschnitt3284;MQ99-170-Sbg_H;DET99-170-Sbg_H4;36;9908488;48.1756575935048;11.7318997644278;3284;33.605;;Betriebsstatus1;Streckenstation737;SST99-170;1;Fahrbahnteil1;UZ Aschheim;A99 Richtung Salzburg;Richtungfalse
1576;56871;Querschnitt3287;MQ99-190-Sbg_H;DET99-190-Sbg_H4;36;9908572;48.1669336350451;11.7407651385838;3287;34.75;;Betriebsstatus1;Streckenstation740;SST99-190;1;Fahrbahnteil1;UZ Aschheim;A99 Richtung Salzburg;Richtungfalse
1577;52649;Querschnitt3288;MQ99-210-Sbg_H;DET99-210-Sbg_H4;36;9908667;48.1572446719047;11.7493537209389;3288;36.0;78369212;Betriebsstatus1;Streckenstation742;SST99-210;1;Fahrbahnteil1;UZ Aschheim;A99 Richtung Salzburg;Richtungfalse
1578;54364;Querschnitt3290;MQ99-220-Sbg_H;DET99-220-Sbg_H4;36;9908704;48.1532603312303;11.7524102763972;3290;36.505;;Betriebsstatus1;Streckenstation743;SST99-220;1;Fahrbahnteil1;UZ Aschheim;A99 Richtung Salzburg;Richtungfalse
1579;60656;Querschnitt3126;MQ92-045-Deg_A;DET92-045-Deg_A1;65;9206095;48.2531413692825;11.533264383879;3126;3.2;;Betriebsstatus1;Streckenstation925;SST92-045;1;Fahrbahnteil4;UZ Freising;A92 Richtung Deggendorf;Richtungfalse
1580;55408;Querschnitt3131;MQ92-075-Deg_A;DET92-075-Deg_A1;65;9206278;48.2962479041688;11.5796581777728;3131;9.345;;Betriebsstatus1;Streckenstation930;SST92-075;1;Fahrbahnteil4;UZ Freising;A92 Richtung Deggendorf;Richtungfalse
1581;54093;Querschnitt3140;MQ92-130-Deg_A;DET92-130-Deg_A1;65;9206417;48.3208485068284;11.6311194743802;3140;13.39;;Betriebsstatus1;Streckenstation936;SST92-130;1;Fahrbahnteil4;UZ Freising;A92 Richtung Deggendorf;Richtungfalse
1582;51429;Querschnitt3143;MQ92-140-Deg_E;DET92-140-Deg_E1;129;9206419;48.3217210582204;11.6330248626107;3143;14.11;;Betriebsstatus1;Streckenstation937;SST92-140;1;Fahrbahnteil3;UZ Freising;A92 Richtung Deggendorf;Richtungfalse
1583;53269;Querschnitt3147;MQ92-175-Deg_A;DET92-175-Deg_A1;65;9206580;48.3340101151412;11.7004879488092;3147;19.45;;Betriebsstatus1;Streckenstation941;SST92-175;1;Fahrbahnteil4;UZ Freising;A92 Richtung Deggendorf;Richtungfalse
1584;61653;Querschnitt3155;MQ92-280-Deg_A;DET92-280-Deg_A1;65;9206744;48.3714848825381;11.7454900881903;3155;25.0;;Betriebsstatus1;Streckenstation951;SST92-280;1;Fahrbahnteil4;UZ Freising;A92 Richtung Deggendorf;Richtungfalse
1585;62628;Querschnitt3159;MQ92-310-Deg_A;DET92-310-Deg_A1;65;9206835;48.3876988789008;11.7811800324801;3159;28.05;;Betriebsstatus1;Streckenstation954;SST92-310;1;Fahrbahnteil4;UZ Freising;A92 Richtung Deggendorf;Richtungfalse
1586;58331;Querschnitt3162;MQ92-320-Deg_A;DET92-320-Deg_A1;65;9207014;48.3968667882432;11.8588592777192;3162;34.0;;Betriebsstatus1;Streckenstation955;SST92-320;1;Fahrbahnteil4;UZ Freising;A92 Richtung Deggendorf;Richtungfalse
1587;53088;Querschnitt3166;MQ92-420-Mch_A;DET92-420-Mch_A1;97;9217005;48.39683275424;11.8556874028198;3166;33.75;;Betriebsstatus1;Streckenstation993;SST92-420;1;Fahrbahnteil4;UZ Freising;A92 Richtung M.-Zentrum;Richtungtrue
1588;51635;Querschnitt3172;MQ92-450-Mch_A;DET92-450-Mch_A1;97;9216825;48.3873338578981;11.7769196086478;3172;27.7;;Betriebsstatus1;Streckenstation990;SST92-450;1;Fahrbahnteil4;UZ Freising;A92 Richtung M.-Zentrum;Richtungtrue
1589;53321;Querschnitt3186;MQ92-545-Mch_A;DET92-545-Mch_A1;97;9216572;48.3343350885671;11.6986941347934;3186;19.21;;Betriebsstatus1;Streckenstation979;SST92-545;1;Fahrbahnteil4;UZ Freising;A92 Richtung M.-Zentrum;Richtungtrue
1590;55719;Querschnitt3199;MQ92-625-Mch_A;DET92-625-Mch_A1;97;9216279;48.29724185588;11.5804817273966;3199;9.37;;Betriebsstatus1;Streckenstation966;SST92-625;1;Fahrbahnteil4;UZ Freising;A92 Richtung M.-Zentrum;Richtungtrue
1591;60541;Querschnitt3205;MQ92-655-Mch_A;DET92-655-Mch_A1;97;9216088;48.2517072137938;11.5322351096979;3205;2.975;;Betriebsstatus1;Streckenstation961;SST92-655;1;Fahrbahnteil4;UZ Freising;A92 Richtung M.-Zentrum;Richtungtrue
1592;61996;Querschnitt3267;MQ99-059-Sbg_A;DET99-059-Sbg_A1;97;9907539;48.2281167358674;11.5843043688877;3267;20.78;;Betriebsstatus1;Streckenstation712;SST99-059;1;Fahrbahnteil4;UZ Aschheim;A99 Richtung Salzburg;Richtungfalse
1593;57040;Querschnitt3301;MQ99-305-Sbg_A;DET99-305-Sbg_A1;97;9909509;48.0659352501985;11.7144348011447;3301;47.37;;Betriebsstatus1;Streckenstation758;SST99-305;1;Fahrbahnteil4;UZ Aschheim;A99 Richtung Salzburg;Richtungfalse
1594;59109;Querschnitt3303;MQ99-315-Sbg_A;DET99-315-Sbg_A1;97;9909777;48.0424194997554;11.6820017147097;3303;50.985;;Betriebsstatus1;Streckenstation759;SST99-315;1;Fahrbahnteil4;UZ Aschheim;A99 Richtung Salzburg;Richtungfalse
1595;54559;Querschnitt3305;MQ99-525-Stg_A;DET99-525-Stg_A1;65;9919783;48.0407275620796;11.6817841600112;3305;51.07;;Betriebsstatus1;Streckenstation821;SST99-525;1;Fahrbahnteil4;UZ Aschheim;A99 Richtung Lindau;Richtungtrue
1596;56352;Querschnitt3309;MQ99-535-Stg_A;DET99-535-Stg_A1;65;9919567;48.0609951111812;11.7057556030175;3309;48.15;;Betriebsstatus1;Streckenstation818;SST99-535;1;Fahrbahnteil4;UZ Aschheim;A99 Richtung Lindau;Richtungtrue
1597;58958;Querschnitt67;AQQ33_Sbg_H;AQQ33_Sbg_C3;75;807124;47.9740279515157;11.6854292829774;67;15.652;;Betriebsstatus1;Streckenstation27;SSTQ33;4;Fahrbahnteil1;UZ Holzkirchen;A8-Ost Richtung Salzburg;Richtungfalse
1598;55973;Querschnitt3176;MQ92-480-Mch_A;DET92-480-Mch_A2;98;9216741;48.3733457725298;11.7467450932041;3176;24.9;;Betriebsstatus1;Streckenstation987;SST92-480;1;Fahrbahnteil4;UZ Freising;A92 Richtung M.-Zentrum;Richtungtrue
1599;54002;Querschnitt3191;MQ92-590-Mch_A;DET92-590-Mch_A1;97;9216421;48.3222024071352;11.6324119346201;3191;14.125;;Betriebsstatus1;Streckenstation970;SST92-590;1;Fahrbahnteil4;UZ Freising;A92 Richtung M.-Zentrum;Richtungtrue
1600;61156;Querschnitt3127;MQ92-045-Deg_E;DET92-045-Deg_E1;129;9206095;48.2535878208253;11.5332983031432;3127;3.2;;Betriebsstatus1;Streckenstation925;SST92-045;1;Fahrbahnteil3;UZ Freising;A92 Richtung Deggendorf;Richtungfalse
1601;54261;Querschnitt3132;MQ92-075-Deg_E;DET92-075-Deg_E1;129;9206278;48.2966885314556;11.580656040207;3132;9.345;;Betriebsstatus1;Streckenstation930;SST92-075;1;Fahrbahnteil3;UZ Freising;A92 Richtung Deggendorf;Richtungfalse
1602;55410;Querschnitt3148;MQ92-175-Deg_E;DET92-175-Deg_E1;129;9206580;48.3341993107146;11.7012784555439;3148;19.45;;Betriebsstatus1;Streckenstation941;SST92-175;1;Fahrbahnteil3;UZ Freising;A92 Richtung Deggendorf;Richtungfalse
1603;57595;Querschnitt3156;MQ92-280-Deg_E;DET92-280-Deg_E1;129;9206744;48.3719570065183;11.7461035330286;3156;25.0;;Betriebsstatus1;Streckenstation951;SST92-280;1;Fahrbahnteil3;UZ Freising;A92 Richtung Deggendorf;Richtungfalse
1604;56521;Querschnitt3160;MQ92-310-Deg_E;DET92-310-Deg_E1;129;9206835;48.3879237541967;11.7821905057635;3160;28.05;;Betriebsstatus1;Streckenstation954;SST92-310;1;Fahrbahnteil3;UZ Freising;A92 Richtung Deggendorf;Richtungfalse
1605;54767;Querschnitt3163;MQ92-320-Deg_E;DET92-320-Deg_E1;129;9207014;48.3969880794813;11.8594722481678;3163;34.0;;Betriebsstatus1;Streckenstation955;SST92-320;1;Fahrbahnteil3;UZ Freising;A92 Richtung Deggendorf;Richtungfalse
1606;53371;Querschnitt3167;MQ92-420-Mch_E;DET92-420-Mch_E1;161;9217005;48.3967232987901;11.855075106308;3167;33.75;;Betriebsstatus1;Streckenstation993;SST92-420;1;Fahrbahnteil3;UZ Freising;A92 Richtung M.-Zentrum;Richtungtrue
1607;51606;Querschnitt3173;MQ92-450-Mch_E;DET92-450-Mch_E1;161;9216825;48.3871417238704;11.7761799976438;3173;27.7;;Betriebsstatus1;Streckenstation990;SST92-450;1;Fahrbahnteil3;UZ Freising;A92 Richtung M.-Zentrum;Richtungtrue
1608;53759;Querschnitt3177;MQ92-490-Mch_E;DET92-490-Mch_E1;161;9216735;48.3704845639773;11.743347776903;3177;24.65;;Betriebsstatus1;Streckenstation986;SST92-490;1;Fahrbahnteil3;UZ Freising;A92 Richtung M.-Zentrum;Richtungtrue
1609;52146;Querschnitt3187;MQ92-545-Mch_E;DET92-545-Mch_E1;161;9216572;48.3341864733062;11.6979443584042;3187;19.21;;Betriebsstatus1;Streckenstation979;SST92-545;1;Fahrbahnteil3;UZ Freising;A92 Richtung M.-Zentrum;Richtungtrue
1610;55665;Querschnitt3200;MQ92-625-Mch_E;DET92-625-Mch_E1;161;9216279;48.2969784432855;11.5798753403998;3200;9.37;;Betriebsstatus1;Streckenstation966;SST92-625;1;Fahrbahnteil3;UZ Freising;A92 Richtung M.-Zentrum;Richtungtrue
1611;53312;Querschnitt3206;MQ92-655-Mch_E;DET92-655-Mch_E1;161;9216088;48.2511657540738;11.5322024335781;3206;2.975;;Betriebsstatus1;Streckenstation961;SST92-655;1;Fahrbahnteil3;UZ Freising;A92 Richtung M.-Zentrum;Richtungtrue
1612;51371;Querschnitt3268;MQ99-059-Sbg_E;DET99-059-Sbg_E1;161;9907539;48.2281613891374;11.5849912881992;3268;20.78;;Betriebsstatus1;Streckenstation712;SST99-059;1;Fahrbahnteil3;UZ Aschheim;A99 Richtung Salzburg;Richtungfalse
1613;62580;Querschnitt3302;MQ99-305-Sbg_E;DET99-305-Sbg_E1;161;9909509;48.0656064910599;11.7137922788572;3302;47.37;;Betriebsstatus1;Streckenstation758;SST99-305;1;Fahrbahnteil3;UZ Aschheim;A99 Richtung Salzburg;Richtungfalse
1614;60818;Querschnitt3304;MQ99-315-Sbg_E;DET99-315-Sbg_E1;161;9909777;48.0417739568239;11.6814752067933;3304;50.985;;Betriebsstatus1;Streckenstation759;SST99-315;1;Fahrbahnteil3;UZ Aschheim;A99 Richtung Salzburg;Richtungfalse
1615;58866;Querschnitt3306;MQ99-525-Stg_E;DET99-525-Stg_E1;129;9919783;48.0414368947462;11.6824229704434;3306;51.07;;Betriebsstatus1;Streckenstation821;SST99-525;1;Fahrbahnteil3;UZ Aschheim;A99 Richtung Lindau;Richtungtrue
1616;60714;Querschnitt3310;MQ99-535-Stg_E;DET99-535-Stg_E1;129;9919567;48.0612944880367;11.7064030232428;3310;48.15;;Betriebsstatus1;Streckenstation818;SST99-535;1;Fahrbahnteil3;UZ Aschheim;A99 Richtung Lindau;Richtungtrue
1617;52874;Querschnitt3204;MQ92-652-Mch_H;DET92-652-Mch_H2;34;9216099;48.2548320134746;11.5328975580097;3204;3.35;;Betriebsstatus1;Streckenstation962;SST92-652;1;Fahrbahnteil1;UZ Freising;A92 Richtung M.-Zentrum;Richtungtrue
1618;55083;Querschnitt3083;MQ2082-40-Sbg_H;DET2082-40-Sbg_H1;233;11008667;48.146298612237;11.7075221574589;3083;10.052;;Betriebsstatus1;Streckenstation697;SST2082-40;1;Fahrbahnteil1;UZ Aschheim;St2082 Richtung Kirchheim;Richtungfalse
1619;61844;Querschnitt3084;MQ2082-40-Stg_H;DET2082-40-Stg_H1;225;11008667;48.1462931859053;11.7074758271296;3084;10.052;;Betriebsstatus1;Streckenstation697;SST2082-40;1;Fahrbahnteil1;UZ Aschheim;St2082 Richtung Messe;Richtungtrue
1620;55037;Querschnitt3327;MQ99-720-Stg_A;DET99-720-Stg_A1;65;9918570;48.1675759566407;11.74124268333;3327;34.7;;Betriebsstatus1;Streckenstation2065;SST99-719;1;Fahrbahnteil4;UZ Aschheim;A99 Richtung Lindau;Richtungtrue
1621;51699;Querschnitt3285;MQ99-187-Sbg_A;DET99-187-Sbg_A1;97;9908530;48.1705298612995;11.7366067038259;3285;34.29;;Betriebsstatus1;Streckenstation739;SST99-187;1;Fahrbahnteil4;UZ Aschheim;A99 Richtung Salzburg;Richtungfalse
1622;52055;Querschnitt3328;MQ99-720-Stg_E;DET99-720-Stg_E1;129;9918570;48.1678978053739;11.7410231999908;3328;34.7;;Betriebsstatus1;Streckenstation2065;SST99-719;1;Fahrbahnteil3;UZ Aschheim;A99 Richtung Lindau;Richtungtrue
1623;54046;Querschnitt3286;MQ99-187-Sbg_E;DET99-187-Sbg_E;161;9908530;48.1701636801392;11.7368393028886;3286;34.29;;Betriebsstatus1;Streckenstation739;SST99-187;1;Fahrbahnteil3;UZ Aschheim;A99 Richtung Salzburg;Richtungfalse
1624;54550;Querschnitt3129;MQ92-060-Deg_H;DET92-060-Deg_H2;2;9206167;48.27352762616;11.5443716295903;3129;5.625;;Betriebsstatus1;Streckenstation927;SST92-060;1;Fahrbahnteil1;UZ Freising;A92 Richtung Deggendorf;Richtungfalse
1625;57043;Querschnitt3130;MQ92-070-Deg_H;DET92-070-Deg_H2;2;9206230;48.2883231199612;11.5634008294255;3130;7.8;;Betriebsstatus1;Streckenstation928;SST92-070;1;Fahrbahnteil1;UZ Freising;A92 Richtung Deggendorf;Richtungfalse
1626;59829;Querschnitt3134;MQ92-080-Deg_H;DET92-080-Deg_H2;2;9206290;48.2989867879904;11.5849936676115;3134;9.8;;Betriebsstatus1;Streckenstation931;SST92-080;1;Fahrbahnteil1;UZ Freising;A92 Richtung Deggendorf;Richtungfalse
1627;53360;Querschnitt3144;MQ92-150-Deg_H;DET92-150-Deg_H3;3;9206451;48.326797435735;11.6443395604343;3144;15.2;;Betriebsstatus1;Streckenstation938;SST92-150;1;Fahrbahnteil1;UZ Freising;A92 Richtung Deggendorf;Richtungfalse
1628;55653;Querschnitt3146;MQ92-170-Deg_H;DET92-170-Deg_H3;3;9206556;48.3328653163073;11.689931749226;3146;18.68;;Betriebsstatus1;Streckenstation940;SST92-170;1;Fahrbahnteil1;UZ Freising;A92 Richtung Deggendorf;Richtungfalse
1629;57410;Querschnitt3149;MQ92-180-Deg_H;DET92-180-Deg_H3;3;9206601;48.3373389956857;11.7080475342846;3149;20.125;76369008;Betriebsstatus1;Streckenstation942;SST92-180;1;Fahrbahnteil1;UZ Freising;A92 Richtung Deggendorf;Richtungfalse
1630;59077;Querschnitt3151;MQ92-230-Deg_H;DET92-230-Deg_H2;2;9206658;48.3500027822801;11.7266554597442;3151;22.118;76369009;Betriebsstatus1;Streckenstation948;SST92-230;1;Fahrbahnteil1;UZ Freising;A92 Richtung Deggendorf;Richtungfalse
1631;50875;Querschnitt3152;MQ92-240-Deg_A;DET92-240-Deg_A2;34;9206655;48.3494724285229;11.726293601311;3152;0.914;;Betriebsstatus1;Streckenstation947;SST92-240;1;Fahrbahnteil4;UZ Freising;A92 Richtung Deggendorf;Richtungfalse
1632;60442;Querschnitt3157;MQ92-290-Deg_H;DET92-290-Deg_H2;2;9206752;48.3743481741492;11.7488879058329;3157;25.3;76369010;Betriebsstatus1;Streckenstation952;SST92-290;1;Fahrbahnteil1;UZ Freising;A92 Richtung Deggendorf;Richtungfalse
1633;57429;Querschnitt3158;MQ92-300-Deg_H;DET92-300-Deg_H2;2;9206804;48.3838575585218;11.7673569963376;3158;27.05;;Betriebsstatus1;Streckenstation953;SST92-300;1;Fahrbahnteil1;UZ Freising;A92 Richtung Deggendorf;Richtungfalse
1634;55883;Querschnitt3171;MQ92-440-Mch_H;DET92-440-Mch_H2;34;9216870;48.3903302373662;11.7952829609755;3171;29.2;75379010;Betriebsstatus1;Streckenstation991;SST92-440;1;Fahrbahnteil1;UZ Freising;A92 Richtung M.-Zentrum;Richtungtrue
1635;53741;Querschnitt3174;MQ92-460-Mch_H;DET92-460-Mch_H2;34;9216814;48.3853455416962;11.7712272913338;3174;27.36;;Betriebsstatus1;Streckenstation989;SST92-460;1;Fahrbahnteil1;UZ Freising;A92 Richtung M.-Zentrum;Richtungtrue
1636;52976;Querschnitt3175;MQ92-470-Mch_H;DET92-470-Mch_H2;34;9216762;48.3766575146952;11.752190851131;3175;25.58;76369010;Betriebsstatus1;Streckenstation988;SST92-470;1;Fahrbahnteil1;UZ Freising;A92 Richtung M.-Zentrum;Richtungtrue
1637;57279;Querschnitt3178;MQ92-500-Mch_H;DET92-500-Mch_H2;34;9216710;48.3640278864662;11.7369741706208;3178;23.81;;Betriebsstatus1;Streckenstation985;SST92-500;1;Fahrbahnteil1;UZ Freising;A92 Richtung M.-Zentrum;Richtungtrue
1638;55740;Querschnitt3184;MQ92-530-Mch_H;DET92-530-Mch_H3;35;9216635;48.3457248307928;11.7184919906306;3184;21.3;;Betriebsstatus1;Streckenstation981;SST92-530;1;Fahrbahnteil1;UZ Freising;A92 Richtung M.-Zentrum;Richtungtrue
1639;55130;Querschnitt3185;MQ92-540-Mch_H;DET92-540-Mch_H3;35;9216602;48.3387755746708;11.7100116969838;3185;20.3;76369008;Betriebsstatus1;Streckenstation980;SST92-540;1;Fahrbahnteil1;UZ Freising;A92 Richtung M.-Zentrum;Richtungtrue
1640;55741;Querschnitt3188;MQ92-550-Mch_H;DET92-550-Mch_H3;35;9216555;48.3330139789837;11.6901241012114;3188;18.65;;Betriebsstatus1;Streckenstation978;SST92-550;1;Fahrbahnteil1;UZ Freising;A92 Richtung M.-Zentrum;Richtungtrue
1641;53363;Querschnitt3192;MQ92-590-Mch_H;DET92-590-Mch_H2;34;9216421;48.3220575100263;11.6325644067113;3192;14.125;;Betriebsstatus1;Streckenstation970;SST92-590;1;Fahrbahnteil1;UZ Freising;A92 Richtung M.-Zentrum;Richtungtrue
1642;51796;Querschnitt3196;MQ92-610-Mch_H;DET92-610-Mch_H2;34;9216375;48.3140244968475;11.6158869002946;3196;12.58;;Betriebsstatus1;Streckenstation968;SST92-610;1;Fahrbahnteil1;UZ Freising;A92 Richtung M.-Zentrum;Richtungtrue
1643;63115;Querschnitt3201;MQ92-630-Mch_H;DET92-630-Mch_H2;34;9216265;48.2945338808344;11.575464553979;3201;8.9;;Betriebsstatus1;Streckenstation965;SST92-630;1;Fahrbahnteil1;UZ Freising;A92 Richtung M.-Zentrum;Richtungtrue
1644;62711;Querschnitt3202;MQ92-640-Mch_H;DET92-640-Mch_H2;34;9216199;48.28141669639;11.5527888507595;3202;6.67;;Betriebsstatus1;Streckenstation964;SST92-640;1;Fahrbahnteil1;UZ Freising;A92 Richtung M.-Zentrum;Richtungtrue
1645;60684;Querschnitt3208;MQ92-690-Mch_H;DET92-690-Mch_H2;34;9216038;48.2365594778436;11.5386407053533;3208;1.25;;Betriebsstatus1;Streckenstation957;SST92-690;1;Fahrbahnteil1;UZ Freising;A92 Richtung M.-Zentrum;Richtungtrue
1646;58453;Querschnitt3125;MQ92-042-Deg_H;DET92-042-Deg_H2;2;9206085;48.2501848955131;11.5328181534949;3125;2.85;;Betriebsstatus1;Streckenstation924;SST92-042;1;Fahrbahnteil1;UZ Freising;A92 Richtung Deggendorf;Richtungfalse
1647;62222;Querschnitt3150;MQ92-210-Deg_H;DET92-210-Deg_H3;3;9206625;48.3433686171439;11.7155778847143;3150;20.958;;Betriebsstatus1;Streckenstation945;SST92-210;1;Fahrbahnteil1;UZ Freising;A92 Richtung Deggendorf;Richtungfalse
1648;60825;Querschnitt3161;MQ92-310-Deg_H;DET92-310-Deg_H2;2;9206835;48.3880301268324;11.7814743866877;3161;28.05;75379010;Betriebsstatus1;Streckenstation954;SST92-310;1;Fahrbahnteil1;UZ Freising;A92 Richtung Deggendorf;Richtungfalse
1649;52405;Querschnitt3164;MQ92-320-Deg_H;DET92-320-Deg_H2;2;9207014;48.3971578215874;11.8590122828678;3164;34.0;;Betriebsstatus1;Streckenstation955;SST92-320;1;Fahrbahnteil1;UZ Freising;A92 Richtung Deggendorf;Richtungfalse
1650;52628;Querschnitt3168;MQ92-420-Mch_H;DET92-420-Mch_H2;34;9217005;48.3965037160603;11.8555207750914;3168;33.75;;Betriebsstatus1;Streckenstation993;SST92-420;1;Fahrbahnteil1;UZ Freising;A92 Richtung M.-Zentrum;Richtungtrue
1651;57814;Querschnitt3182;MQ92-510-Mch_H;DET92-510-Mch_H2;34;9216671;48.3532819916448;11.7296517001423;3182;22.537;76369009;Betriebsstatus1;Streckenstation984;SST92-510;1;Fahrbahnteil1;UZ Freising;A92 Richtung M.-Zentrum;Richtungtrue
1652;56320;Querschnitt3183;MQ92-520-Mch_E;DET92-520-Mch_E2;34;9216657;48.3492845859089;11.7246691834673;3183;0.763;;Betriebsstatus1;Streckenstation982;SST92-520;1;Fahrbahnteil3;UZ Freising;A92 Richtung M.-Zentrum;Richtungtrue
1653;59408;Querschnitt3190;MQ92-580-Mch_H;DET92-580-Mch_H3;35;9216467;48.3288621015304;11.6505680811839;3190;15.687;;Betriebsstatus1;Streckenstation974;SST92-580;1;Fahrbahnteil1;UZ Freising;A92 Richtung M.-Zentrum;Richtungtrue
1654;56684;Querschnitt3124;MQ92-040-Deg_H;DET92-040-Deg_H2;2;9206043;48.2386181967634;11.537284901579;3124;1.5;77359005;Betriebsstatus1;Streckenstation923;SST92-040;1;Fahrbahnteil1;UZ Freising;A92 Richtung Deggendorf;Richtungfalse
1655;52259;Querschnitt3128;MQ92-050-Deg_H;DET92-050-Deg_H2;2;9206104;48.2562628526395;11.5335598968846;3128;3.53;77359006;Betriebsstatus1;Streckenstation926;SST92-050;1;Fahrbahnteil1;UZ Freising;A92 Richtung Deggendorf;Richtungfalse
1656;54325;Querschnitt3145;MQ92-160-Deg_H;DET92-160-Deg_H3;3;9206502;48.3317675202496;11.666003906653;3145;16.9;76359007;Betriebsstatus1;Streckenstation939;SST92-160;1;Fahrbahnteil1;UZ Freising;A92 Richtung Deggendorf;Richtungfalse
1657;56815;Querschnitt3189;MQ92-570-Mch_H;DET92-570-Mch_H3;35;9216509;48.3322816225485;11.6693151751881;3189;17.1;76359007;Betriebsstatus1;Streckenstation976;SST92-570;1;Fahrbahnteil1;UZ Freising;A92 Richtung M.-Zentrum;Richtungtrue
1658;56124;Querschnitt3198;MQ92-620-Mch_H;DET92-620-Mch_H2;34;9216323;48.3048620767995;11.5968846119458;3198;10.845;76359004;Betriebsstatus1;Streckenstation967;SST92-620;1;Fahrbahnteil1;UZ Freising;A92 Richtung M.-Zentrum;Richtungtrue
1659;61462;Querschnitt3203;MQ92-650-Mch_H;DET92-650-Mch_H2;34;9216133;48.2644368015369;11.5371630107099;3203;4.45;77359006;Betriebsstatus1;Streckenstation963;SST92-650;1;Fahrbahnteil1;UZ Freising;A92 Richtung M.-Zentrum;Richtungtrue
1660;57784;Querschnitt3207;MQ92-670-Mch_H;DET92-670-Mch_H2;34;9216075;48.2473102122471;11.5328892984622;3207;2.5;77359005;Betriebsstatus1;Streckenstation959;SST92-670;1;Fahrbahnteil1;UZ Freising;A92 Richtung M.-Zentrum;Richtungtrue
1661;52929;Querschnitt3169;MQ92-430-Deg_H;DET92-430-Deg_H2;2;9216947;48.3924517473926;11.8296204418315;3169;31.8;;Betriebsstatus1;Streckenstation992;SST92-430;1;Fahrbahnteil1;UZ Freising;A92 Richtung Deggendorf;Richtungfalse
1662;53853;Querschnitt3170;MQ92-430-Mch_H;DET92-430-Mch_H2;34;9216947;48.3925505866727;11.8296043856818;3170;31.8;;Betriebsstatus1;Streckenstation992;SST92-430;1;Fahrbahnteil1;UZ Freising;A92 Richtung M.-Zentrum;Richtungtrue
1663;54138;Querschnitt3141;MQ92-130-Deg_H;DET92-130-Deg_H2;2;9206417;48.3211196489022;11.6308979414109;3141;14.0;;Betriebsstatus1;Streckenstation936;SST92-130;1;Fahrbahnteil1;UZ Freising;A92 Richtung Deggendorf;Richtungfalse
1664;60154;Querschnitt3139;MQ92-120-Deg_P;DET92-120-Deg_P2;82;9206396;48.3174325248117;11.6238103787334;3139;13.29;;Betriebsstatus1;Streckenstation935;SST92-120;1;Fahrbahnteil2;UZ Freising;A92 Richtung Deggendorf;Richtungfalse
1665;56450;Querschnitt3142;MQ92-130-Deg_P;DET92-130-Deg_P2;146;9206417;48.3210200906443;11.6310114954207;3142;14.0;;Betriebsstatus1;Streckenstation936;SST92-130;1;Fahrbahnteil3;UZ Freising;A92 Richtung Deggendorf;Richtungfalse
1666;59523;Querschnitt3138;MQ92-117-Deg_P;DET92-117-Deg_P2;82;9206395;48.317159441474;11.6241704053592;3138;1.24;;Betriebsstatus1;Streckenstation934;SST92-117;1;Fahrbahnteil3;UZ Freising;A92 Richtung Deggendorf;Richtungfalse
1667;55221;Querschnitt3121;MQ92-010-Deg_E;DET92-010-Deg_E2;130;9206036;48.2248898389081;11.5406929647905;3121;0.0;;Betriebsstatus1;Streckenstation922;SST92-010;1;Fahrbahnteil3;UZ Freising;A92 Richtung Deggendorf;Richtungfalse
1668;53594;Querschnitt3122;MQ92-020-Deg_E;DET92-020-Deg_E2;2;9206014;48.229977248441;11.5429495285554;3122;0.5;;Betriebsstatus1;Streckenstation921;SST92-020-030;1;Fahrbahnteil1;UZ Freising;A92 Richtung Deggendorf;Richtungfalse
1669;59385;Querschnitt3209;MQ92-700-Mch_A;DET92-700-Mch_A2;98;9216012;48.2288427682368;11.5418638041539;3209;0.587;;Betriebsstatus1;Streckenstation956;SST92-700;1;Fahrbahnteil4;UZ Freising;A92 Richtung M.-Zentrum;Richtungtrue
1670;55254;Querschnitt3210;MQ92-710-Mch_A;DET92-710-Mch_A2;98;9216519;48.2263125923787;11.5395973569575;3210;0.576;;Betriebsstatus1;Streckenstation977;SST92-710;1;Fahrbahnteil4;UZ Freising;A92 Richtung M.-Zentrum;Richtungtrue
1671;63149;Querschnitt3123;MQ92-030-Deg_E;DET92-030-Deg_E2;130;9206014;48.230117547436;11.5432076957301;3123;1.006;;Betriebsstatus1;Streckenstation921;SST92-020-030;1;Fahrbahnteil3;UZ Freising;A92 Richtung Deggendorf;Richtungfalse
1672;54008;Querschnitt3133;MQ92-076-Deg_E;DET92-076-Deg_E2;2;9206277;48.2945999868895;11.5795846126149;3133;9.295;;Betriebsstatus1;Streckenstation929;SST92-076;1;Fahrbahnteil3;UZ Freising;A92 Richtung Deggendorf;Richtungfalse
1673;58938;Querschnitt3299;MQ99-290-Sbg_H;DET99-290-Sbg_H3;35;9909344;48.0795917471248;11.7348192155552;3299;45.133;;Betriebsstatus1;Streckenstation755;SST99-290;1;Fahrbahnteil1;UZ Aschheim;A99 Richtung Salzburg;Richtungfalse
1674;60353;Querschnitt3313;MQ99-560-Stg_H;DET99-560-Stg_H3;3;9919321;48.0818652692003;11.7376257749875;3313;44.847;;Betriebsstatus1;Streckenstation815;SST99-560;1;Fahrbahnteil1;UZ Aschheim;A99 Richtung Lindau;Richtungtrue
1675;56822;Querschnitt3340;MQ99-830-Stg_H;DET99-830-Stg_H3;3;9917420;48.2269881405884;11.5633340980444;3340;19.26;77359210;Betriebsstatus1;Streckenstation767;SST99-830;1;Fahrbahnteil1;UZ Aschheim;A99 Richtung Lindau;Richtungtrue
1676;53959;Querschnitt3154;MQ92-260-Deg_H;DET92-260-Deg_H2;2;9206707;48.3635742985011;11.7367803263051;3154;23.775;;Betriebsstatus1;Streckenstation949;SST92-260;1;Fahrbahnteil1;UZ Freising;A92 Richtung Deggendorf;Richtungfalse
1677;56816;Querschnitt3218;MQ9-361-Nbg_H;DET9-361-Nbg_H2;82;9030976;48.3115071131891;11.6241811139636;3218;513.31;;Betriebsstatus1;Streckenstation834;SST9-361;1;Fahrbahnteil4;UZ Freising;A9 Richtung Nürnberg;Richtungfalse
1678;50601;Querschnitt82;AQQ45_Sbg_H;AQQ45_Sbg_C1;78;807190;47.9036576908795;11.7193077516141;82;23.935;;Betriebsstatus1;Streckenstation33;SSTQ45;4;Fahrbahnteil1;UZ Holzkirchen;A8-Ost Richtung Salzburg;Richtungfalse
1679;62922;Querschnitt90;AQQ51_Sbg_H;AQQ51_Sbg_C2;74;807223;47.879607875562;11.7597636250719;90;28.101;;Betriebsstatus1;Streckenstation36;SSTQ51;4;Fahrbahnteil1;UZ Holzkirchen;A8-Ost Richtung Salzburg;Richtungfalse
1680;59717;Querschnitt95;AQQ57_Sbg_H;AQQ57_Sbg_C2;74;807250;47.8647896400635;11.8000774977701;95;31.549;;Betriebsstatus1;Streckenstation39;SSTQ57;4;Fahrbahnteil1;UZ Holzkirchen;A8-Ost Richtung Salzburg;Richtungfalse
1681;60741;Querschnitt99;AQQ61_Sbg_H;AQQ61_Sbg_C2;74;807265;47.8649926095223;11.8250140501548;99;33.43;;Betriebsstatus1;Streckenstation41;SSTQ61;4;Fahrbahnteil1;UZ Holzkirchen;A8-Ost Richtung Salzburg;Richtungfalse
1682;51804;Querschnitt128;MQQ85_Sbg_H;DETQ85_Sbg_H3;3;807359;47.8262538275856;11.9559239088377;128;45.256;;Betriebsstatus1;Streckenstation53;SSTQ85;1;Fahrbahnteil1;UZ Holzkirchen;A8-Ost Richtung Salzburg;Richtungfalse
1683;53100;Querschnitt3507;AQ99-118-Sbg;WZG99-118-Sbg_A1;33;9908035;48.2019789534113;11.6617268880956;3507;27.5;;Betriebsstatus1;Streckenstation722;SST99-118;4;Fahrbahnteil1;UZ Aschheim;A99 Richtung Salzburg;Richtungfalse
1684;57374;Querschnitt3509;AQ99-123-Sbg;WZG99-123-Sbg_A1;33;9908101;48.1982011018995;11.6724637984438;3509;28.4;;Betriebsstatus1;Streckenstation724;SST99-123;4;Fahrbahnteil1;UZ Aschheim;A99 Richtung Salzburg;Richtungfalse
1685;57620;Querschnitt3493;AQ99-040-Sbg_DLZ;WZG99-040-Sbg_DLZ1;33;9907272;48.225543970488;11.5368313816057;3493;17.2;;Betriebsstatus1;Streckenstation706;SST99-040;4;Fahrbahnteil1;UZ Aschheim;A99 Richtung Salzburg;Richtungfalse
1686;59637;Querschnitt3541;AQ99-258-Sbg_DLZ;WZG99-258-Sbg_DLZ1;33;9908940;48.1252558591858;11.7586036691194;3541;39.685;;Betriebsstatus1;Streckenstation748;SST99-258;4;Fahrbahnteil1;UZ Aschheim;A99 Richtung Salzburg;Richtungfalse
1687;60395;Querschnitt3547;AQ99-268-Sbg_DLZ;WZG99-268-Sbg_DLZ1;33;9909071;48.1097256023347;11.7551627785273;3547;41.47;;Betriebsstatus1;Streckenstation752;SST99-268;4;Fahrbahnteil1;UZ Aschheim;A99 Richtung Salzburg;Richtungfalse
1688;58755;Querschnitt3568;AQ99-632-Stg_DLZ;WZG99-632-Stg_DLZ1;1;9918966;48.1225193718472;11.7589319081984;3568;40.02;;Betriebsstatus1;Streckenstation806;SST99-632;4;Fahrbahnteil1;UZ Aschheim;A99 Richtung Lindau;Richtungtrue
1689;57384;Querschnitt3617;AQ99-850-Stg_DLZ;WZG99-850-Stg_DLZ1;1;9917292;48.2261777911172;11.539960341675;3617;17.445;;Betriebsstatus1;Streckenstation765;SST99-850;4;Fahrbahnteil1;UZ Aschheim;A99 Richtung Lindau;Richtungtrue
1690;59234;Querschnitt4587;MQMob5-H;DETMob5_35;35;9906945;48.2090790279295;11.4838978799174;4587;12.77;;Betriebsstatus1;Streckenstation1219;SSTMob5;1;Fahrbahnteil1;UZ Aschheim;A99 Richtung Salzburg;Richtungfalse
1691;62054;Querschnitt3529;AQ99-187-Sbg;WZG99-187-Sbg_PW1;161;9908530;48.1714868452008;11.7361026438895;3529;34.17;;Betriebsstatus1;Streckenstation739;SST99-187;4;Fahrbahnteil1;UZ Aschheim;A99 Richtung Salzburg;Richtungfalse
1692;58459;Querschnitt116;AQQ73_Sbg_H;AQQ73_Sbg_C2;74;807316;47.829997638341;11.8884578264587;116;39.897;;Betriebsstatus1;Streckenstation47;SSTQ73;4;Fahrbahnteil1;UZ Holzkirchen;A8-Ost Richtung Salzburg;Richtungfalse
1693;58588;Querschnitt118;AQQ77_Sbg_H;AQQ77_Sbg_C2;74;807331;47.8300569910949;11.9110400816534;118;41.714;;Betriebsstatus1;Streckenstation49;SSTQ77;4;Fahrbahnteil1;UZ Holzkirchen;A8-Ost Richtung Salzburg;Richtungfalse
1694;61363;Querschnitt127;AQQ83_Sbg_H;AQQ83_Sbg_C2;74;807351;47.8252673656834;11.9403720422367;127;44.3;;Betriebsstatus1;Streckenstation52;SSTQ83;4;Fahrbahnteil1;UZ Holzkirchen;A8-Ost Richtung Salzburg;Richtungfalse
1695;62522;Querschnitt4602;MQMob7_Sbg-H;DETMob7_Sbg_H3;35;9919132;48.1028263613008;11.7524173284058;4602;42.28;;Betriebsstatus1;Streckenstation1223;SSTMob7;1;Fahrbahnteil1;UZ Aschheim;A99 Richtung Salzburg;Richtungfalse
1696;62405;Querschnitt3590;AQ99-732-Stg;WZG99-732-Stg_A1;135;9918435;48.1811449299411;11.7259219934338;3590;32.84;;Betriebsstatus1;Streckenstation790;SST99-732;4;Fahrbahnteil1;UZ Aschheim;A99 Richtung Lindau;Richtungtrue
1697;60082;Querschnitt3523;AQ99-155-Sbg;WZG99-155-Sbg_A1;167;9908453;48.1788711996509;11.7278991850121;3523;33.13;;Betriebsstatus1;Streckenstation735;SST99-155;4;Fahrbahnteil1;UZ Aschheim;A99 Richtung Salzburg;Richtungfalse
1698;61226;Querschnitt3531;AQ99-188-Sbg;WZG99-188-Sbg_A1;167;9908572;48.1669904357793;11.7403438725482;3531;34.75;;Betriebsstatus1;Streckenstation740;SST99-190;4;Fahrbahnteil3;UZ Aschheim;A99 Richtung Salzburg;Richtungfalse
1699;58354;Querschnitt129;AQQ87_Sbg_H;AQQ87_Sbg_C2;74;807366;47.823845015558;11.9639156700485;129;46.207;;Betriebsstatus1;Streckenstation54;SSTQ87;4;Fahrbahnteil1;UZ Holzkirchen;A8-Ost Richtung Salzburg;Richtungfalse
1700;56889;Querschnitt133;AQQ91_Sbg_H;AQQ91_Sbg_C2;74;807384;47.821731074457;11.9925962894168;133;48.404;;Betriebsstatus1;Streckenstation56;SSTQ91;4;Fahrbahnteil1;UZ Holzkirchen;A8-Ost Richtung Salzburg;Richtungfalse
1701;52704;Querschnitt3409;AQ92-400-Mch;WZG92-400-Mch_BL1;38;9217027;48.3985957763964;11.8646015355463;3409;34.46;;Betriebsstatus1;Streckenstation995;SST92-400;4;Fahrbahnteil1;UZ Freising;A92 Richtung M.-Zentrum;Richtungtrue
1702;58525;Querschnitt3411;AQ92-410-Mch;WZG92-410-Mch_BL1;37;9217013;48.3972819399199;11.8588203427324;3411;34.0;;Betriebsstatus1;Streckenstation994;SST92-410;4;Fahrbahnteil1;UZ Freising;A92 Richtung M.-Zentrum;Richtungtrue
1703;61290;Querschnitt3398;AQ92-200-Deg;WZG92-200-Deg_BL2;4;9206618;48.3419293930109;11.713996779078;3398;20.772;;Betriebsstatus1;Streckenstation944;SST92-200;4;Fahrbahnteil1;UZ Freising;A92 Richtung Deggendorf;Richtungfalse
1704;57457;Querschnitt3400;AQ92-215-Deg;WZG92-215-Deg_BL2;4;9206604;48.3458132258521;11.7189902312592;3400;21.34;;Betriebsstatus1;Streckenstation943;SST92-215;4;Fahrbahnteil1;UZ Freising;A92 Richtung Deggendorf;Richtungfalse
1705;58892;Querschnitt3401;AQ92-220-Deg;WZG92-220-Deg_BL2;4;9206642;48.3471664830316;11.7215508640652;3401;21.6;;Betriebsstatus1;Streckenstation946;SST92-220;4;Fahrbahnteil1;UZ Freising;A92 Richtung Deggendorf;Richtungfalse
1706;58324;Querschnitt131;MQQ87_Sbg_H;DETQ87_Sbg_H3;3;807366;47.8239080925119;11.9637679978341;131;46.174;;Betriebsstatus1;Streckenstation54;SSTQ87;1;Fahrbahnteil1;UZ Holzkirchen;A8-Ost Richtung Salzburg;Richtungfalse
1707;56396;Querschnitt3448;AQ9-361-Nbg;WZG9-361-Nbg_C1;73;9030976;48.3116707299824;11.6240782697359;3448;513.31;;Betriebsstatus1;Streckenstation834;SST9-361;4;Fahrbahnteil1;UZ Freising;A9 Richtung Nürnberg;Richtungfalse
1708;52067;Querschnitt3496;AQ99-055-Sbg;WZG99-055-Sbg_C1;172;9907474;48.2272138635725;11.5732595955868;3496;19.92;;Betriebsstatus1;Streckenstation709;SST99-055;4;Fahrbahnteil1;UZ Aschheim;A99 Richtung Salzburg;Richtungfalse
1709;58197;Querschnitt3554;AQ99-305-Sbg;WZG99-305-Sbg_C1;172;9909509;48.0655552843967;11.7138622155892;3554;47.37;;Betriebsstatus1;Streckenstation758;SST99-305;4;Fahrbahnteil1;UZ Aschheim;A99 Richtung Salzburg;Richtungfalse
1710;61394;Querschnitt3616;AQ99-845-Stg;WZG99-845-Stg_C1;73;9916036;48.2269139905263;11.5470059322253;3616;0.523;;Betriebsstatus1;Streckenstation763;SST99-845;4;Fahrbahnteil1;UZ Aschheim;A99 Richtung Lindau;Richtungtrue
1711;55739;Querschnitt3490;AQ99-010-Sbg;WZG99-010-Sbg_C2;106;9906994;48.2099976273118;11.4929275151886;3490;13.45;;Betriebsstatus1;Streckenstation703;SST99-010;4;Fahrbahnteil1;UZ Aschheim;A99 Richtung Salzburg;Richtungfalse
1712;53431;Querschnitt3491;AQ99-020-Sbg;WZG99-020-Sbg_C2;106;9907139;48.220086286473;11.5137402118293;3491;15.37;;Betriebsstatus1;Streckenstation704;SST99-020;4;Fahrbahnteil1;UZ Aschheim;A99 Richtung Salzburg;Richtungfalse
1713;52036;Querschnitt3492;AQ99-030-Sbg;WZG99-030-Sbg_C2;106;9907260;48.2253238926132;11.5347111083474;3492;17.04;;Betriebsstatus1;Streckenstation705;SST99-030;4;Fahrbahnteil1;UZ Aschheim;A99 Richtung Salzburg;Richtungfalse
1714;60258;Querschnitt3494;AQ99-045-Sbg;WZG99-045-Sbg_C2;106;9907347;48.2265511335939;11.5501032595337;3494;18.195;;Betriebsstatus1;Streckenstation707;SST99-045;4;Fahrbahnteil1;UZ Aschheim;A99 Richtung Salzburg;Richtungfalse
1715;54050;Querschnitt3495;AQ99-050-Sbg;WZG99-050-Sbg_C2;106;9907442;48.2269853777535;11.5675783654584;3495;19.5;;Betriebsstatus1;Streckenstation708;SST99-050;4;Fahrbahnteil1;UZ Aschheim;A99 Richtung Salzburg;Richtungfalse
1716;53262;Querschnitt3551;AQ99-280-Sbg;WZG99-280-Sbg_C2;106;9909220;48.0925789092753;11.7463399713819;3551;43.5;;Betriebsstatus1;Streckenstation754;SST99-280;4;Fahrbahnteil1;UZ Aschheim;A99 Richtung Salzburg;Richtungfalse
1717;59064;Querschnitt3552;AQ99-290-Sbg;WZG99-290-Sbg_C2;106;9909344;48.0794620907179;11.7346766791185;3552;45.17;;Betriebsstatus1;Streckenstation755;SST99-290;4;Fahrbahnteil1;UZ Aschheim;A99 Richtung Salzburg;Richtungfalse
1718;58000;Querschnitt3553;AQ99-300-Sbg;WZG99-300-Sbg_C2;106;9909464;48.0688481072568;11.7202179924064;3553;46.8;;Betriebsstatus1;Streckenstation757;SST99-300;4;Fahrbahnteil1;UZ Aschheim;A99 Richtung Salzburg;Richtungfalse
1719;55282;Querschnitt3555;AQ99-530-Stg;WZG99-530-Stg_C2;74;9919752;48.0447646210025;11.6847693213432;3555;50.62;;Betriebsstatus1;Streckenstation820;SST99-530;4;Fahrbahnteil1;UZ Aschheim;A99 Richtung Lindau;Richtungtrue
1720;57243;Querschnitt3556;AQ99-532-Stg;WZG99-532-Stg_C2;74;9919642;48.0558450513607;11.6954762344441;3556;49.14;;Betriebsstatus1;Streckenstation819;SST99-532;4;Fahrbahnteil1;UZ Aschheim;A99 Richtung Lindau;Richtungtrue
1721;58815;Querschnitt3557;AQ99-540-Stg;WZG99-540-Stg_C2;74;9919543;48.06318239972;11.7098295609738;3557;47.805;;Betriebsstatus1;Streckenstation817;SST99-540;4;Fahrbahnteil1;UZ Aschheim;A99 Richtung Lindau;Richtungtrue
1722;60797;Querschnitt3558;AQ99-550-Stg;WZG99-550-Stg_C2;74;9919408;48.0739643565786;11.7282666888244;3558;45.976;;Betriebsstatus1;Streckenstation816;SST99-550;4;Fahrbahnteil1;UZ Aschheim;A99 Richtung Lindau;Richtungtrue
1723;56990;Querschnitt3559;AQ99-560-Stg;WZG99-560-Stg_C2;74;9919321;48.0820387033668;11.7377873196564;3559;44.81;;Betriebsstatus1;Streckenstation815;SST99-560;4;Fahrbahnteil1;UZ Aschheim;A99 Richtung Lindau;Richtungtrue
1724;59831;Querschnitt3560;AQ99-580-Stg;WZG99-580-Stg_C2;74;9919206;48.0945706274891;11.7480538909443;3560;43.25;;Betriebsstatus1;Streckenstation814;SST99-580;4;Fahrbahnteil1;UZ Aschheim;A99 Richtung Lindau;Richtungtrue
1725;50698;Querschnitt3614;AQ99-830-Stg;WZG99-830-Stg_C2;74;9917420;48.226979608499;11.5630000476805;3614;19.158;;Betriebsstatus1;Streckenstation767;SST99-830;4;Fahrbahnteil1;UZ Aschheim;A99 Richtung Lindau;Richtungtrue
1726;51067;Querschnitt3615;AQ99-840-Stg;WZG99-840-Stg_C2;74;9917330;48.2265659653559;11.5464527795155;3615;17.925;;Betriebsstatus1;Streckenstation766;SST99-840;4;Fahrbahnteil1;UZ Aschheim;A99 Richtung Lindau;Richtungtrue
1727;51885;Querschnitt3618;AQ99-860-Stg;WZG99-860-Stg_C2;74;9917185;48.222701348335;11.5212702476945;3618;16.0;;Betriebsstatus1;Streckenstation764;SST99-860;4;Fahrbahnteil1;UZ Aschheim;A99 Richtung Lindau;Richtungtrue
1728;53094;Querschnitt3539;AQ99-250-Sbg;WZG99-250-Sbg_C3;107;9908867;48.1341368594559;11.7589216474526;3539;38.73;;Betriebsstatus1;Streckenstation747;SST99-250;4;Fahrbahnteil1;UZ Aschheim;A99 Richtung Salzburg;Richtungfalse
1729;58645;Querschnitt3543;AQ99-260-Sbg;WZG99-260-Sbg_C3;107;9908998;48.1182603069411;11.7577378338325;3543;40.5;;Betriebsstatus1;Streckenstation749;SST99-260;4;Fahrbahnteil1;UZ Aschheim;A99 Richtung Salzburg;Richtungfalse
1730;51012;Querschnitt3549;AQ99-270-Sbg_PW1;WZG99-270-Sbg_C3;106;9909114;48.1042781781983;11.7530974841792;3549;42.07;;Betriebsstatus1;Streckenstation753;SST99-270;4;Fahrbahnteil1;UZ Aschheim;A99 Richtung Salzburg;Richtungfalse
1731;52125;Querschnitt3564;AQ99-590-Stg;WZG99-590-Stg_C3;75;9919081;48.1087640861352;11.7553621661264;3564;41.57;;Betriebsstatus1;Streckenstation809;SST99-590;4;Fahrbahnteil1;UZ Aschheim;A99 Richtung Lindau;Richtungtrue
1732;54036;Querschnitt3566;AQ99-620-Stg;WZG99-620-Stg_C3;75;9919011;48.1170560207551;11.7578460899329;3566;40.62;;Betriebsstatus1;Streckenstation808;SST99-620;4;Fahrbahnteil1;UZ Aschheim;A99 Richtung Lindau;Richtungtrue
1733;56795;Querschnitt3571;AQ99-640-Stg_PW1;WZG99-640-Stg_C3;75;9918915;48.1290243731419;11.7593695148817;3571;39.32;;Betriebsstatus1;Streckenstation804;SST99-640;4;Fahrbahnteil1;UZ Aschheim;A99 Richtung Lindau;Richtungtrue
1734;50536;Querschnitt3613;AQ99-820-Stg;WZG99-820-Stg_C3;75;9917530;48.2283829222571;11.5826967053712;3613;20.631;;Betriebsstatus1;Streckenstation768;SST99-820;4;Fahrbahnteil1;UZ Aschheim;A99 Richtung Lindau;Richtungtrue
1735;61566;Querschnitt3581;AQ99-714-Stg;WZG99-714-Stg_C3;75;9918664;48.1580481432351;11.7491112023308;3581;35.936;;Betriebsstatus1;Streckenstation796;SST99-714;4;Fahrbahnteil1;UZ Aschheim;A99 Richtung Lindau;Richtungtrue
1736;51492;Querschnitt3602;AQ99-760-Stg;WZG99-760-Stg_C3;75;9918096;48.1988405054913;11.6711645673834;3602;28.27;;Betriebsstatus1;Streckenstation779;SST99-760;4;Fahrbahnteil1;UZ Aschheim;A99 Richtung Lindau;Richtungtrue
1737;59640;Querschnitt3606;AQ99-770-Stg;WZG99-770-Stg_C3;75;9917987;48.205799474808;11.6543055109815;3606;26.795;;Betriebsstatus1;Streckenstation776;SST99-770;4;Fahrbahnteil1;UZ Aschheim;A99 Richtung Lindau;Richtungtrue
1738;61736;Querschnitt3610;AQ99-780-Stg;WZG99-780-Stg_C3;75;9917883;48.2146545904253;11.6407787805708;3610;25.39;;Betriebsstatus1;Streckenstation772;SST99-780;4;Fahrbahnteil1;UZ Aschheim;A99 Richtung Lindau;Richtungtrue
1739;58549;Querschnitt3508;AQ99-120-Sbg;WZG99-120-Sbg_C3;107;9908064;48.2002579988765;11.6664812505267;3508;27.9;;Betriebsstatus1;Streckenstation723;SST99-120;4;Fahrbahnteil1;UZ Aschheim;A99 Richtung Salzburg;Richtungfalse
1740;51113;Querschnitt3521;AQ99-150-Sbg;WZG99-150-Sbg_C3;107;9908405;48.1830039969709;11.7222084330682;3521;32.5;;Betriebsstatus1;Streckenstation733;SST99-150;4;Fahrbahnteil1;UZ Aschheim;A99 Richtung Salzburg;Richtungfalse
1741;62899;Querschnitt3527;AQ99-170-Sbg;WZG99-170-Sbg_C3;107;9908488;48.1755786938464;11.7319879317119;3527;33.605;;Betriebsstatus1;Streckenstation737;SST99-170;4;Fahrbahnteil1;UZ Aschheim;A99 Richtung Salzburg;Richtungfalse
1742;56079;Querschnitt3532;AQ99-190-Sbg;WZG99-190-Sbg_C3;107;9908572;48.1668139356231;11.7408835483548;3532;34.75;;Betriebsstatus1;Streckenstation740;SST99-190;4;Fahrbahnteil1;UZ Aschheim;A99 Richtung Salzburg;Richtungfalse
1743;54926;Querschnitt3535;AQ99-210-Sbg;WZG99-210-Sbg_C3;107;9908667;48.1571392280358;11.7494355718608;3535;36.037;;Betriebsstatus1;Streckenstation742;SST99-210;4;Fahrbahnteil1;UZ Aschheim;A99 Richtung Salzburg;Richtungfalse
1744;57007;Querschnitt3501;AQ99-080-Sbg;WZG99-080-Sbg_C1;105;9907779;48.2221259057552;11.6267111000028;3501;24.05;;Betriebsstatus1;Streckenstation717;SST99-080;4;Fahrbahnteil1;UZ Aschheim;A99 Richtung Salzburg;Richtungfalse
1745;54847;Querschnitt3502;AQ99-090-Sbg;WZG99-090-Sbg_C1;105;9907861;48.215975964894;11.6383154238633;3502;25.16;;Betriebsstatus1;Streckenstation718;SST99-090;4;Fahrbahnteil1;UZ Aschheim;A99 Richtung Salzburg;Richtungfalse
1746;60683;Querschnitt3619;AQ9-99-A10-Sbg;WZG9-99-A10-Sbg_C1;105;9907729;48.2285481802648;11.6319209842448;3619;23.37;;Betriebsstatus1;Streckenstation716;SST9-99-A10;4;Fahrbahnteil1;UZ Aschheim;A99 Richtung Salzburg;Richtungfalse
1747;62853;Querschnitt3620;AQ9-99-A20-Sbg;WZG9-99-A20-Sbg_C1;105;9907868;48.2152497933401;11.6388694490292;3620;25.25;;Betriebsstatus1;Streckenstation719;SST9-99-A20;4;Fahrbahnteil1;UZ Aschheim;A99 Richtung Salzburg;Richtungfalse
1748;57438;Querschnitt3621;AQ99-9-B10-Stg;WZG99-9-B10-Stg_C1;73;9917843;48.219054291524;11.6343525191396;3621;24.736;;Betriebsstatus1;Streckenstation770;SST99-784;4;Fahrbahnteil4;UZ Aschheim;A99 Richtung Lindau;Richtungtrue
1749;58994;Querschnitt3378;AQ92-010-Deg;WZG92-010-Deg_C1;73;9206036;48.2250034548844;11.5408681281837;3378;0.0;;Betriebsstatus1;Streckenstation922;SST92-010;4;Fahrbahnteil1;UZ Freising;A92 Richtung Deggendorf;Richtungfalse
1750;53440;Querschnitt3379;AQ92-020-Deg;WZG92-020-Deg_C1;73;9206014;48.2301106165506;11.542936149438;3379;0.5;;Betriebsstatus1;Streckenstation921;SST92-020-030;4;Fahrbahnteil1;UZ Freising;A92 Richtung Deggendorf;Richtungfalse
1751;55295;Querschnitt3380;AQ92-030-Deg;WZG92-030-Deg_C1;74;9206014;48.2302013419969;11.5431826738839;3380;1.006;;Betriebsstatus1;Streckenstation921;SST92-020-030;4;Fahrbahnteil3;UZ Freising;A92 Richtung Deggendorf;Richtungfalse
1752;62339;Querschnitt3381;AQ92-040-Deg;WZG92-040-Deg_C1;73;9206043;48.2387232709659;11.5372086421098;3381;1.5;;Betriebsstatus1;Streckenstation923;SST92-040;4;Fahrbahnteil1;UZ Freising;A92 Richtung Deggendorf;Richtungfalse
1753;50550;Querschnitt3382;AQ92-050-Deg;WZG92-050-Deg_C1;73;9206104;48.2564313511337;11.5336134154179;3382;3.53;;Betriebsstatus1;Streckenstation926;SST92-050;4;Fahrbahnteil1;UZ Freising;A92 Richtung Deggendorf;Richtungfalse
1754;57715;Querschnitt3383;AQ92-060-Deg;WZG92-060-Deg_C1;73;9206167;48.273642064711;11.5444758731209;3383;5.625;;Betriebsstatus1;Streckenstation927;SST92-060;4;Fahrbahnteil1;UZ Freising;A92 Richtung Deggendorf;Richtungfalse
1755;61972;Querschnitt3384;AQ92-070-Deg;WZG92-070-Deg_C1;73;9206230;48.2884051057163;11.5635398433962;3384;7.8;;Betriebsstatus1;Streckenstation928;SST92-070;4;Fahrbahnteil1;UZ Freising;A92 Richtung Deggendorf;Richtungfalse
1756;61495;Querschnitt3385;AQ92-080-Deg;WZG92-080-Deg_C1;73;9206290;48.2990770381806;11.5851709756429;3385;9.8;;Betriebsstatus1;Streckenstation931;SST92-080;4;Fahrbahnteil1;UZ Freising;A92 Richtung Deggendorf;Richtungfalse
1757;54192;Querschnitt4603;MQ99-268-Sbg-E;DET99-268-Sbg_E1;161;9909071;48.109185416156;11.7547823632073;4603;41.47;;Betriebsstatus1;Streckenstation752;SST99-268;1;Fahrbahnteil3;UZ Aschheim;A99 Richtung Salzburg;Richtungfalse
1758;53999;Querschnitt3386;AQ92-090-Deg;WZG92-090-Deg_C1;73;9206329;48.3059319138533;11.5993868114728;3386;11.1;;Betriebsstatus1;Streckenstation932;SST92-090;4;Fahrbahnteil1;UZ Freising;A92 Richtung Deggendorf;Richtungfalse
1759;50528;Querschnitt3387;AQ92-100-Deg;WZG92-100-Deg_C1;73;9206355;48.3104201381857;11.6086870390923;3387;11.95;;Betriebsstatus1;Streckenstation933;SST92-100;4;Fahrbahnteil1;UZ Freising;A92 Richtung Deggendorf;Richtungfalse
1760;62212;Querschnitt3389;AQ92-117-Deg;WZG92-117-Deg_C1;73;9206395;48.3173181731753;11.6243153317641;3389;1.276;;Betriebsstatus1;Streckenstation934;SST92-117;4;Fahrbahnteil3;UZ Freising;A92 Richtung Deggendorf;Richtungfalse
1761;60804;Querschnitt3390;AQ92-120-Deg;WZG92-120-Deg_C1;73;9206396;48.3175213395618;11.6240804577413;3390;13.29;;Betriebsstatus1;Streckenstation935;SST92-120;4;Fahrbahnteil2;UZ Freising;A92 Richtung Deggendorf;Richtungfalse
1762;55830;Querschnitt3402;AQ92-230-Deg;WZG92-230-Deg_C1;73;9206658;48.3501369712382;11.7268377741228;3402;22.118;;Betriebsstatus1;Streckenstation948;SST92-230;4;Fahrbahnteil1;UZ Freising;A92 Richtung Deggendorf;Richtungfalse
1763;54045;Querschnitt3403;AQ92-240-Deg;WZG92-240-Deg_C1;105;9206655;48.3495692479823;11.7264517050551;3403;0.914;;Betriebsstatus1;Streckenstation947;SST92-240;4;Fahrbahnteil4;UZ Freising;A92 Richtung Deggendorf;Richtungfalse
1764;56972;Querschnitt3405;AQ92-260-Deg;WZG92-260-Deg_C1;73;9206707;48.3637004948949;11.7368821141412;3405;23.775;;Betriebsstatus1;Streckenstation949;SST92-260;4;Fahrbahnteil1;UZ Freising;A92 Richtung Deggendorf;Richtungfalse
1765;55372;Querschnitt3407;AQ92-290-Deg;WZG92-290-Deg_C1;73;9206752;48.3744619289463;11.7490544177202;3407;25.3;;Betriebsstatus1;Streckenstation952;SST92-290;4;Fahrbahnteil1;UZ Freising;A92 Richtung Deggendorf;Richtungfalse
1766;54471;Querschnitt3408;AQ92-300-Deg;WZG92-300-Deg_C1;73;9206804;48.383935916181;11.7675543382073;3408;27.05;;Betriebsstatus1;Streckenstation953;SST92-300;4;Fahrbahnteil1;UZ Freising;A92 Richtung Deggendorf;Richtungfalse
1767;57736;Querschnitt3412;AQ92-440-Mch;WZG92-440-Mch_C1;105;9216870;48.3903045129405;11.7950286438984;3412;29.2;;Betriebsstatus1;Streckenstation991;SST92-440;4;Fahrbahnteil1;UZ Freising;A92 Richtung M.-Zentrum;Richtungtrue
1768;58249;Querschnitt3413;AQ92-460-Mch;WZG92-460-Mch_C1;105;9216814;48.3852750566921;11.7710268381642;3413;27.36;;Betriebsstatus1;Streckenstation989;SST92-460;4;Fahrbahnteil1;UZ Freising;A92 Richtung M.-Zentrum;Richtungtrue
1769;53096;Querschnitt3414;AQ92-470-Mch;WZG92-470-Mch_C1;105;9216762;48.3765333335363;11.7519847786711;3414;25.58;;Betriebsstatus1;Streckenstation988;SST92-470;4;Fahrbahnteil1;UZ Freising;A92 Richtung M.-Zentrum;Richtungtrue
1770;60347;Querschnitt3416;AQ92-500-Mch;WZG92-500-Mch_C1;105;9216710;48.3638934324516;11.7368556071516;3416;23.81;;Betriebsstatus1;Streckenstation985;SST92-500;4;Fahrbahnteil1;UZ Freising;A92 Richtung M.-Zentrum;Richtungtrue
1771;55613;Querschnitt3417;AQ92-510-Mch;WZG92-510-Mch_C1;105;9216671;48.3530747319139;11.7295101549303;3417;22.5;;Betriebsstatus1;Streckenstation984;SST92-510;4;Fahrbahnteil1;UZ Freising;A92 Richtung M.-Zentrum;Richtungtrue
1772;52359;Querschnitt3418;AQ92-520-Mch;WZG92-520-Mch_C1;105;9216657;48.3491638589544;11.7245400318572;3418;1.065;;Betriebsstatus1;Streckenstation982;SST92-520;4;Fahrbahnteil3;UZ Freising;A92 Richtung M.-Zentrum;Richtungtrue
1773;51253;Querschnitt4604;MQ99-268-Sbg-A;DET99-268-Sbg_A1;97;9909071;48.1098169171617;11.7549058899225;4604;41.47;;Betriebsstatus1;Streckenstation752;SST99-268;1;Fahrbahnteil4;UZ Aschheim;A99 Richtung Salzburg;Richtungfalse
1774;53841;Querschnitt3435;AQ92-620-Mch;WZG92-620-Mch_C1;105;9216323;48.3047894458901;11.5967274357392;3435;10.845;;Betriebsstatus1;Streckenstation967;SST92-620;4;Fahrbahnteil1;UZ Freising;A92 Richtung M.-Zentrum;Richtungtrue
1775;61175;Querschnitt3436;AQ92-630-Mch;WZG92-630-Mch_C1;105;9216265;48.2944651558605;11.5753083787659;3436;8.9;;Betriebsstatus1;Streckenstation965;SST92-630;4;Fahrbahnteil1;UZ Freising;A92 Richtung M.-Zentrum;Richtungtrue
1776;58551;Querschnitt3437;AQ92-640-Mch;WZG92-640-Mch_C1;105;9216199;48.2813262644475;11.552673169335;3437;6.67;;Betriebsstatus1;Streckenstation964;SST92-640;4;Fahrbahnteil1;UZ Freising;A92 Richtung M.-Zentrum;Richtungtrue
1777;51628;Querschnitt3438;AQ92-650-Mch;WZG92-650-Mch_C1;105;9216133;48.2643218163863;11.5370832259186;3438;4.45;;Betriebsstatus1;Streckenstation963;SST92-650;4;Fahrbahnteil1;UZ Freising;A92 Richtung M.-Zentrum;Richtungtrue
1778;62877;Querschnitt3439;AQ92-670-Mch;WZG92-670-Mch_C1;105;9216075;48.2471919192169;11.5329145611307;3439;2.5;;Betriebsstatus1;Streckenstation959;SST92-670;4;Fahrbahnteil1;UZ Freising;A92 Richtung M.-Zentrum;Richtungtrue
1779;61009;Querschnitt135;MQQ91_Sbg_H;DETQ91_Sbg_H3;3;807384;47.8217509972193;11.9923330000059;135;48.374;;Betriebsstatus1;Streckenstation56;SSTQ91;1;Fahrbahnteil1;UZ Holzkirchen;A8-Ost Richtung Salzburg;Richtungfalse
1780;53684;Querschnitt3440;AQ92-690-Mch;WZG92-690-Mch_C1;105;9216038;48.2364366172238;11.5387382933383;3440;1.25;;Betriebsstatus1;Streckenstation957;SST92-690;4;Fahrbahnteil1;UZ Freising;A92 Richtung M.-Zentrum;Richtungtrue
1781;54693;Querschnitt3441;AQ92-700-Mch;WZG92-700-Mch_C1;105;9216012;48.2287463566002;11.5418390361578;3441;0.587;;Betriebsstatus1;Streckenstation956;SST92-700;4;Fahrbahnteil4;UZ Freising;A92 Richtung M.-Zentrum;Richtungtrue
1782;57266;Querschnitt3442;AQ92-710-Mch;WZG92-710-Mch_C1;105;9216519;48.2262517448788;11.5393959301329;3442;0.576;;Betriebsstatus1;Streckenstation977;SST92-710;4;Fahrbahnteil4;UZ Freising;A92 Richtung M.-Zentrum;Richtungtrue
1783;58517;Querschnitt3391;AQ92-130-Deg;WZG92-130-Deg_C1;74;9206417;48.3212257174209;11.6311159065858;3391;14.0;;Betriebsstatus1;Streckenstation936;SST92-130;4;Fahrbahnteil1;UZ Freising;A92 Richtung Deggendorf;Richtungfalse
1784;53226;Querschnitt3429;AQ92-590-Mch;WZG92-590-Mch_C1;106;9216421;48.3219792117884;11.6323868063825;3429;14.125;;Betriebsstatus1;Streckenstation970;SST92-590;4;Fahrbahnteil1;UZ Freising;A92 Richtung M.-Zentrum;Richtungtrue
1785;52454;Querschnitt3433;AQ92-610-Mch;WZG92-610-Mch_C1;106;9216375;48.3139296474353;11.6156855172194;3433;12.58;;Betriebsstatus1;Streckenstation968;SST92-610;4;Fahrbahnteil1;UZ Freising;A92 Richtung M.-Zentrum;Richtungtrue
1786;53866;Querschnitt3392;AQ92-130-Deg_P;WZG92-130-Deg_P_C1;73;9206417;48.3211221923016;11.6312296748571;3392;1.933;;Betriebsstatus1;Streckenstation936;SST92-130;4;Fahrbahnteil2;UZ Freising;A92 Richtung Deggendorf;Richtungfalse
1787;60925;Querschnitt3430;AQ92-590-Mch_P;WZG92-590-Mch_P_C1;105;9216421;48.3220832814451;11.6322653260408;3430;14.125;;Betriebsstatus1;Streckenstation970;SST92-590;4;Fahrbahnteil1;UZ Freising;A92 Richtung M.-Zentrum;Richtungtrue
1788;60030;Querschnitt3434;AQ92-610-Mch_P;WZG92-610-Mch_P_C1;105;9216375;48.3140256141175;11.615576956405;3434;12.58;;Betriebsstatus1;Streckenstation968;SST92-610;4;Fahrbahnteil3;UZ Freising;A92 Richtung M.-Zentrum;Richtungtrue
1789;58492;Querschnitt3394;AQ92-150-Deg;WZG92-150-Deg_C2;74;9206451;48.3268848378468;11.6445829473363;3394;15.2;;Betriebsstatus1;Streckenstation938;SST92-150;4;Fahrbahnteil1;UZ Freising;A92 Richtung Deggendorf;Richtungfalse
1790;56782;Querschnitt3395;AQ92-160-Deg;WZG92-160-Deg_C2;74;9206502;48.3318046538711;11.6663011163799;3395;16.9;;Betriebsstatus1;Streckenstation939;SST92-160;4;Fahrbahnteil1;UZ Freising;A92 Richtung Deggendorf;Richtungfalse
1791;54405;Querschnitt3396;AQ92-170-Deg;WZG92-170-Deg_C2;74;9206556;48.3328778048786;11.6902224927264;3396;18.68;;Betriebsstatus1;Streckenstation940;SST92-170;4;Fahrbahnteil1;UZ Freising;A92 Richtung Deggendorf;Richtungfalse
1792;51577;Querschnitt3397;AQ92-180-Deg;WZG92-180-Deg_C2;74;9206601;48.3374504939437;11.7082493253776;3397;20.125;;Betriebsstatus1;Streckenstation942;SST92-180;4;Fahrbahnteil1;UZ Freising;A92 Richtung Deggendorf;Richtungfalse
1793;51566;Querschnitt3399;AQ92-210-Deg;WZG92-210-Deg_C2;74;9206625;48.3435265470339;11.7157700306974;3399;20.995;;Betriebsstatus1;Streckenstation945;SST92-210;4;Fahrbahnteil1;UZ Freising;A92 Richtung Deggendorf;Richtungfalse
1794;62121;Querschnitt3419;AQ92-530-Mch;WZG92-530-Mch_C2;106;9216635;48.345632272937;11.7183529308704;3419;21.3;;Betriebsstatus1;Streckenstation981;SST92-530;4;Fahrbahnteil1;UZ Freising;A92 Richtung M.-Zentrum;Richtungtrue
1795;57326;Querschnitt3420;AQ92-540-Mch;WZG92-540-Mch_C2;106;9216602;48.3386581812228;11.7098450141816;3420;20.3;;Betriebsstatus1;Streckenstation980;SST92-540;4;Fahrbahnteil1;UZ Freising;A92 Richtung M.-Zentrum;Richtungtrue
1796;60174;Querschnitt3421;AQ92-550-Mch;WZG92-550-Mch_C2;106;9216555;48.3330026387962;11.6898159825185;3421;18.65;;Betriebsstatus1;Streckenstation978;SST92-550;4;Fahrbahnteil1;UZ Freising;A92 Richtung M.-Zentrum;Richtungtrue
1797;58967;Querschnitt3422;AQ92-570-Mch;WZG92-570-Mch_C2;106;9216509;48.3322649291506;11.6690754121364;3422;17.1;;Betriebsstatus1;Streckenstation976;SST92-570;4;Fahrbahnteil1;UZ Freising;A92 Richtung M.-Zentrum;Richtungtrue
1798;62985;Querschnitt3425;AQ92-580-Mch;WZG92-580-Mch_C2;106;9216467;48.3287663455039;11.6502249930339;3425;15.65;;Betriebsstatus1;Streckenstation974;SST92-580;4;Fahrbahnteil1;UZ Freising;A92 Richtung M.-Zentrum;Richtungtrue
1799;51262;Querschnitt3393;AQ92-140-Deg;WZG92-140-Deg_C1;139;9206419;48.3218307945615;11.6330498799303;3393;14.1;;Betriebsstatus1;Streckenstation937;SST92-140;4;Fahrbahnteil3;UZ Freising;A92 Richtung Deggendorf;Richtungfalse
1800;51634;Querschnitt3406;AQ92-270-Deg;WZG92-270-Deg_C1;139;9206724;48.3681694707044;11.7414921911615;3406;24.35;;Betriebsstatus1;Streckenstation950;SST92-270;4;Fahrbahnteil1;UZ Freising;A92 Richtung Deggendorf;Richtungfalse
1801;54945;Querschnitt3415;AQ92-490-Mch;WZG92-490-Mch_C1;171;9216735;48.3707522371228;11.7434735437043;3415;24.65;;Betriebsstatus1;Streckenstation986;SST92-490;4;Fahrbahnteil1;UZ Freising;A92 Richtung M.-Zentrum;Richtungtrue
1802;55702;Querschnitt3503;AQ99-100-Sbg;WZG99-100-Sbg_W1;163;9907972;48.2074001450099;11.6510189776552;3503;26.5;;Betriebsstatus1;Streckenstation720;SST99-110;4;Fahrbahnteil1;UZ Aschheim;A99 Richtung Salzburg;Richtungfalse
1803;61338;Querschnitt3504;AQ99-110-Sbg;WZG99-110-Sbg_PW1;161;9907972;48.2065060160383;11.652530879247;3504;26.65;;Betriebsstatus1;Streckenstation720;SST99-110;4;Fahrbahnteil1;UZ Aschheim;A99 Richtung Salzburg;Richtungfalse
1804;56769;Querschnitt3505;AQ99-115-Sbg;WZG99-115-Sbg_PW1;161;9908003;48.2042882923896;11.6567680747203;3505;27.05;;Betriebsstatus1;Streckenstation721;SST99-115;4;Fahrbahnteil1;UZ Aschheim;A99 Richtung Salzburg;Richtungfalse
1805;53081;Querschnitt3536;AQ99-210-Sbg_PW;WZG99-210-Sbg_PW1;161;9908667;48.1570972752777;11.7493255865707;3536;36.0;;Betriebsstatus1;Streckenstation742;SST99-210;4;Fahrbahnteil1;UZ Aschheim;A99 Richtung Salzburg;Richtungfalse
1806;53098;Querschnitt3580;AQ99-712-Stg;WZG99-712-Stg_PW1;129;9918687;48.1558221235588;11.7510215533716;3580;36.25;;Betriebsstatus1;Streckenstation797;SST99-712;4;Fahrbahnteil1;UZ Aschheim;A99 Richtung Lindau;Richtungtrue
1807;54544;Querschnitt3587;AQ99-728-Stg;WZG99-728-Stg_W1;129;9918524;48.1727561672771;11.7357250752222;3587;34.0;;Betriebsstatus1;Streckenstation792;SST99-728;4;Fahrbahnteil1;UZ Aschheim;A99 Richtung Lindau;Richtungtrue
1808;54329;Querschnitt3591;AQ99-734-Stg;WZG99-734-Stg_PW1;129;9918421;48.1820760021993;11.7244514566234;3591;32.65;;Betriebsstatus1;Streckenstation789;SST99-734;4;Fahrbahnteil1;UZ Aschheim;A99 Richtung Lindau;Richtungtrue
1809;59749;Querschnitt3603;AQ99-760-Stg_PW;WZG99-760-Stg_PW1;129;9918096;48.198720642271;11.6715262568197;3603;28.3;;Betriebsstatus1;Streckenstation779;SST99-760;4;Fahrbahnteil1;UZ Aschheim;A99 Richtung Lindau;Richtungtrue
1810;60237;Querschnitt3604;AQ99-762-Stg;WZG99-762-Stg_W1;129;9918039;48.2017235140321;11.6632492220961;3604;27.6;;Betriebsstatus1;Streckenstation778;SST99-762;4;Fahrbahnteil1;UZ Aschheim;A99 Richtung Lindau;Richtungtrue
1811;54182;Querschnitt3582;AQ99-716-Stg;WZG99-716-Stg_W3;3;9918645;48.1603102975071;11.7471784939015;3582;35.648;;Betriebsstatus1;Streckenstation795;SST99-716;4;Fahrbahnteil1;UZ Aschheim;A99 Richtung Lindau;Richtungtrue
1812;62071;Querschnitt5309;MQB28a_Mch_H;DETB28a_Mch_H4;36;817105;47.993893962049;11.6790802540031;5309;13.5;;Betriebsstatus1;Streckenstation1427;SSTB28a;1;Fahrbahnteil1;UZ Holzkirchen;A8-Ost Richtung M.-Zentrum;Richtungtrue
1813;61406;Querschnitt3525;AQ99-153-Sbg;WZG99-153-Sbg_PW1;171;9908453;48.1799101170173;11.7266860432408;3525;32.98;;Betriebsstatus1;Streckenstation735;SST99-155;4;Fahrbahnteil1;UZ Aschheim;A99 Richtung Salzburg;Richtungfalse
1814;56597;Querschnitt3561;AQ99-585-Stg;WZG99-585-Stg_W1;2;9919187;48.0966281870221;11.7493553068562;3561;42.99;;Betriebsstatus1;Streckenstation813;SST99-585;4;Fahrbahnteil1;UZ Aschheim;A99 Richtung Lindau;Richtungtrue
1815;54457;Querschnitt3562;AQ99-587-Stg;WZG99-587-Stg_W1;2;9919151;48.1006547941196;11.7516461322088;3562;42.515;;Betriebsstatus1;Streckenstation812;SST99-587;4;Fahrbahnteil1;UZ Aschheim;A99 Richtung Lindau;Richtungtrue
1816;51707;Querschnitt3563;AQ99-589-Stg;WZG99-589-Stg_W1;2;9919136;48.10230197701;11.7526633946485;3563;42.312;;Betriebsstatus1;Streckenstation811;SST99-589;4;Fahrbahnteil1;UZ Aschheim;A99 Richtung Lindau;Richtungtrue
1817;58957;Querschnitt3542;AQ99-258-Sbg_PW;WZG99-258-Sbg_W2;35;9908940;48.1252558591858;11.7586036691194;3542;39.685;;Betriebsstatus1;Streckenstation748;SST99-258;4;Fahrbahnteil1;UZ Aschheim;A99 Richtung Salzburg;Richtungfalse
1818;55203;Querschnitt3545;AQ99-262-Sbg;WZG99-262-Sbg_W2;35;9909015;48.1164421626567;11.7573321245576;3545;40.7;;Betriebsstatus1;Streckenstation750;SST99-262;4;Fahrbahnteil1;UZ Aschheim;A99 Richtung Salzburg;Richtungfalse
1819;60187;Querschnitt3546;AQ99-264-Sbg;WZG99-264-Sbg_W2;35;9909050;48.1119986808584;11.7560736221737;3546;41.21;;Betriebsstatus1;Streckenstation751;SST99-264;4;Fahrbahnteil1;UZ Aschheim;A99 Richtung Salzburg;Richtungfalse
1820;58612;Querschnitt3548;AQ99-268-Sbg_PW;WZG99-268-Sbg_W2;35;9909071;48.1097256023347;11.7551627785273;3548;41.47;;Betriebsstatus1;Streckenstation752;SST99-268;4;Fahrbahnteil1;UZ Aschheim;A99 Richtung Salzburg;Richtungfalse
1821;53776;Querschnitt3569;AQ99-632-Stg_PW;WZG99-632-Stg_W2;3;9918966;48.1225193718472;11.7589319081984;3569;40.02;;Betriebsstatus1;Streckenstation806;SST99-632;4;Fahrbahnteil1;UZ Aschheim;A99 Richtung Lindau;Richtungtrue
1822;60959;Querschnitt3424;AQ92-572b-Mch;WZG92-572b-Mch_W5;44;9216474;48.3295497122545;11.6532233606147;3424;15.9;;Betriebsstatus1;Streckenstation975;SST92-572;4;Fahrbahnteil1;UZ Freising;A92 Richtung M.-Zentrum;Richtungtrue
1823;62717;Querschnitt3423;AQ92-572a-Mch;WZG92-572a-Mch_W6;38;9216474;48.3295497122545;11.6532233606147;3423;15.9;;Betriebsstatus1;Streckenstation975;SST92-572;4;Fahrbahnteil1;UZ Freising;A92 Richtung M.-Zentrum;Richtungtrue
1824;53974;Querschnitt3497;AQ99-056-Sbg;WZG99-056-Sbg_LCD2;37;9907480;48.2274422009756;11.5743699874253;3497;20.006;;Betriebsstatus1;Streckenstation710;SST99-056;4;Fahrbahnteil1;UZ Aschheim;A99 Richtung Salzburg;Richtungfalse
1825;53877;Querschnitt3520;AQ99-145-Sbg;WZG99-145-Sbg_LCD2;98;9908379;48.1851712499053;11.7183787631495;3520;32.15;;Betriebsstatus1;Streckenstation732;SST99-145;4;Fahrbahnteil1;UZ Aschheim;A99 Richtung Salzburg;Richtungfalse
1826;59107;Querschnitt3526;AQ99-160-Sbg;WZG99-160-Sbg_LCD2;98;9908473;48.1770278529599;11.7303691258215;3526;33.404;;Betriebsstatus1;Streckenstation736;SST99-160;4;Fahrbahnteil1;UZ Aschheim;A99 Richtung Salzburg;Richtungfalse
1827;53133;Querschnitt3528;AQ99-180-Sbg;WZG99-180-Sbg_LCD2;98;9908508;48.1735272478381;11.7341455665979;3528;33.881;;Betriebsstatus1;Streckenstation738;SST99-180;4;Fahrbahnteil1;UZ Aschheim;A99 Richtung Salzburg;Richtungfalse
1828;60462;Querschnitt3533;AQ99-200-Sbg;WZG99-200-Sbg_W9;41;9908631;48.1611512272969;11.7460309646298;3533;35.55;;Betriebsstatus1;Streckenstation741;SST99-200;4;Fahrbahnteil1;UZ Aschheim;A99 Richtung Salzburg;Richtungfalse
1829;60976;Querschnitt3828;WS_GMA99-210-Stg;WUD_FGW_99-210-Stg;7;9908667;48.1572352993306;11.7491752695219;3828;36.02;80000835;Betriebsstatus1;Streckenstation742;SST99-210;3;Fahrbahnteil1;UZ Aschheim;A99 Richtung Lindau;Richtungtrue
1830;58442;Querschnitt3840;WS_GMA99-775-Sbg;WUD_FGW_99-775-Sbg;7;9917935;48.2100212835186;11.6477176988873;3840;26.12;80000755;Betriebsstatus1;Streckenstation774;SST99-775;3;Fahrbahnteil1;UZ Aschheim;A99 Richtung Salzburg;Richtungfalse
1831;58677;Querschnitt3822;WS_GMA99-070-Stg;WUD_GT_99-070-Stg;103;9907659;48.2281188161954;11.6068407326875;3822;22.43;80000849;Betriebsstatus1;Streckenstation715;SST99-070;3;Fahrbahnteil1;UZ Aschheim;A99 Richtung Lindau;Richtungtrue
1832;61301;Querschnitt3795;WS_GMA92-090-Mch;WUD_GT_92-090-Mch;103;9206329;48.3059376622701;11.5989061710291;3795;11.07;80000843;Betriebsstatus1;Streckenstation932;SST92-090;3;Fahrbahnteil1;UZ Freising;A92 Richtung M.-Zentrum;Richtungtrue
1833;51704;Querschnitt3798;WS_GMA92-150-Mch;WUD_GT_92-150-Mch;103;9206451;48.3270330981876;11.6442691586264;3798;15.17;80000837;Betriebsstatus1;Streckenstation938;SST92-150;3;Fahrbahnteil1;UZ Freising;A92 Richtung M.-Zentrum;Richtungtrue
1834;57994;Querschnitt3800;WS_GMA92-180-Mch;WUD_GT_92-180-Mch;103;9206601;48.337698522713;11.7081594354218;3800;20.21;80000842;Betriebsstatus1;Streckenstation942;SST92-180;3;Fahrbahnteil1;UZ Freising;A92 Richtung M.-Zentrum;Richtungtrue
1835;60119;Querschnitt3804;WS_GMA92-470-Deg;WUD_GT_92-470-Deg;103;9216762;48.3760961490761;11.7517004934378;3804;25.55;80000647;Betriebsstatus1;Streckenstation988;SST92-470;3;Fahrbahnteil1;UZ Freising;A92 Richtung Deggendorf;Richtungfalse
1836;50800;Querschnitt3806;WS_GMA92-640-Deg;WUD_GT_92-640-Deg;103;9216199;48.2811816544704;11.5529031272182;3806;6.67;80000844;Betriebsstatus1;Streckenstation964;SST92-640;3;Fahrbahnteil1;UZ Freising;A92 Richtung Deggendorf;Richtungfalse
1837;51901;Querschnitt3808;WS_GMA92-670-Deg;WUD_GT_92-670-Deg;103;9216075;48.247220733066;11.5333129762988;3808;2.5;80000834;Betriebsstatus1;Streckenstation959;SST92-670;3;Fahrbahnteil1;UZ Freising;A92 Richtung Deggendorf;Richtungfalse
1838;55475;Querschnitt3819;WS_GMA99-030-Stg;WUD_GT_99-030-Stg;103;9907260;48.22560469708;11.5347131099983;3819;17.0;80000819;Betriebsstatus1;Streckenstation705;SST99-030;3;Fahrbahnteil1;UZ Aschheim;A99 Richtung Lindau;Richtungtrue
1839;58910;Querschnitt3830;WS_GMA99-250-Stg;WUD_GT_99-250-Stg;103;9908867;48.1341920544528;11.7594549143587;3830;38.72;80000828;Betriebsstatus1;Streckenstation747;SST99-250;3;Fahrbahnteil1;UZ Aschheim;A99 Richtung Lindau;Richtungtrue
1840;62596;Querschnitt3832;WS_GMA99-540-Sbg;WUD_GT_99-540-Sbg;103;9919543;48.0632957287658;11.7094685482733;3832;47.815;80000790;Betriebsstatus1;Streckenstation817;SST99-540;3;Fahrbahnteil1;UZ Aschheim;A99 Richtung Salzburg;Richtungfalse
1841;51962;Querschnitt3834;WS_GMA99-580-Sbg;WUD_GT_99-580-Sbg;103;9919206;48.0945246901889;11.747528849147;3834;43.26;80000789;Betriebsstatus1;Streckenstation814;SST99-580;3;Fahrbahnteil1;UZ Aschheim;A99 Richtung Salzburg;Richtungfalse
1842;52652;Querschnitt3725;GMA_HK_99-060-Sbg;WUD_HK_99-060-Sbg;33;9907564;48.2285682775113;11.5897328431334;3725;21.155;;Betriebsstatus1;Streckenstation713;SST99-060;3;Fahrbahnteil1;UZ Aschheim;A99 Richtung Salzburg;Richtungfalse
1843;60386;Querschnitt3726;GMA_HK_99-070-Sbg;WUD_HK_99-070-Sbg;33;9907659;48.2276221501251;11.606821258527;3726;22.44;;Betriebsstatus1;Streckenstation715;SST99-070;3;Fahrbahnteil1;UZ Aschheim;A99 Richtung Salzburg;Richtungfalse
1844;58887;Querschnitt3727;GMA_HK_99-080-Sbg;WUD_HK_99-080-Sbg;33;9907779;48.2220748692509;11.6266247870877;3727;24.05;;Betriebsstatus1;Streckenstation717;SST99-080;3;Fahrbahnteil1;UZ Aschheim;A99 Richtung Salzburg;Richtungfalse
1845;54836;Querschnitt3728;GMA_HK_99-090-Sbg;WUD_HK_99-090-Sbg;33;9907861;48.2159101289817;11.6382259510007;3728;25.16;;Betriebsstatus1;Streckenstation718;SST99-090;3;Fahrbahnteil1;UZ Aschheim;A99 Richtung Salzburg;Richtungfalse
1846;56917;Querschnitt3729;GMA_HK_99-110-Sbg;WUD_HK_99-110-Sbg;33;9907972;48.2064351193802;11.6524118789845;3729;26.65;;Betriebsstatus1;Streckenstation720;SST99-110;3;Fahrbahnteil1;UZ Aschheim;A99 Richtung Salzburg;Richtungfalse
1847;54125;Querschnitt3730;GMA_HK_99-115-Sbg;WUD_HK_99-115-Sbg;33;9908003;48.2042174001101;11.6566490740552;3730;27.05;;Betriebsstatus1;Streckenstation721;SST99-115;3;Fahrbahnteil1;UZ Aschheim;A99 Richtung Salzburg;Richtungfalse
1848;52494;Querschnitt3731;GMA_HK_99-118-Sbg;WUD_HK_99-118-Sbg;33;9908035;48.2019907554373;11.6617049807701;3731;27.5;;Betriebsstatus1;Streckenstation722;SST99-118;3;Fahrbahnteil1;UZ Aschheim;A99 Richtung Salzburg;Richtungfalse
1849;57309;Querschnitt3732;GMA_HK_99-120-Sbg;WUD_HK_99-120-Sbg;33;9908064;48.2001871166916;11.6663622464393;3732;27.9;;Betriebsstatus1;Streckenstation723;SST99-120;3;Fahrbahnteil1;UZ Aschheim;A99 Richtung Salzburg;Richtungfalse
1850;56156;Querschnitt3733;GMA_HK_99-123-Sbg;WUD_HK_99-123-Sbg;33;9908101;48.1981302259557;11.6723447912404;3733;28.4;;Betriebsstatus1;Streckenstation724;SST99-123;3;Fahrbahnteil1;UZ Aschheim;A99 Richtung Salzburg;Richtungfalse
1851;53291;Querschnitt3737;GMA_HK_99-138-Sbg;WUD_HK_99-138-Sbg;33;9908317;48.1891405970387;11.7086230696208;3737;31.28;;Betriebsstatus1;Streckenstation730;SST99-138;3;Fahrbahnteil1;UZ Aschheim;A99 Richtung Salzburg;Richtungfalse
1852;61205;Querschnitt3738;GMA_HK_99-140-Sbg;WUD_HK_99-140-Sbg;33;9908353;48.1868104670129;11.7146808167726;3738;31.8;;Betriebsstatus1;Streckenstation731;SST99-140;3;Fahrbahnteil1;UZ Aschheim;A99 Richtung Salzburg;Richtungfalse
1853;54473;Querschnitt3740;GMA_HK_99-150-Sbg;WUD_HK_99-150-Sbg;33;9908405;48.1829521215868;11.7221076918245;3740;32.5;;Betriebsstatus1;Streckenstation733;SST99-150;3;Fahrbahnteil1;UZ Aschheim;A99 Richtung Salzburg;Richtungfalse
1854;57955;Querschnitt3741;GMA_HK_99-155-Sbg;WUD_HK_99-155-Sbg;33;9908453;48.1788825122168;11.7278798142039;3741;33.13;;Betriebsstatus1;Streckenstation735;SST99-155;3;Fahrbahnteil1;UZ Aschheim;A99 Richtung Salzburg;Richtungfalse
1855;61547;Querschnitt3743;GMA_HK_99-170-Sbg;WUD_HK_99-170-Sbg;33;9908488;48.1755377528633;11.7318665584482;3743;33.605;;Betriebsstatus1;Streckenstation737;SST99-170;3;Fahrbahnteil1;UZ Aschheim;A99 Richtung Salzburg;Richtungfalse
1856;51284;Querschnitt3745;GMA_HK_99-187-Sbg;WUD_HK_99-187-Sbg;33;9908530;48.1714562361762;11.7361259750082;3745;34.17;;Betriebsstatus1;Streckenstation739;SST99-187;3;Fahrbahnteil1;UZ Aschheim;A99 Richtung Salzburg;Richtungfalse
1857;53390;Querschnitt3746;GMA_HK_99-188-Sbg;WUD_HK_99-188-Sbg;34;9908572;48.1669898987763;11.7403138937097;3746;34.75;;Betriebsstatus1;Streckenstation740;SST99-190;3;Fahrbahnteil1;UZ Aschheim;A99 Richtung Salzburg;Richtungfalse
1858;53875;Querschnitt3747;GMA_HK_99-190-Sbg;WUD_HK_99-190-Sbg;33;9908572;48.1667840506911;11.7407540429828;3747;34.75;;Betriebsstatus1;Streckenstation740;SST99-190;3;Fahrbahnteil1;UZ Aschheim;A99 Richtung Salzburg;Richtungfalse
1859;59529;Querschnitt3748;GMA_HK_99-210-Sbg;WUD_HK_99-210-Sbg;33;9908667;48.1571014920789;11.7492857032972;3748;36.037;;Betriebsstatus1;Streckenstation742;SST99-210;3;Fahrbahnteil1;UZ Aschheim;A99 Richtung Salzburg;Richtungfalse
1860;54386;Querschnitt3768;GMA_HK_99-690-Stg;WUD_HK_99-690-Stg;1;9918820;48.1402049193214;11.7587413612742;3768;38.05;;Betriebsstatus1;Streckenstation801;SST99-690;3;Fahrbahnteil1;UZ Aschheim;A99 Richtung Lindau;Richtungtrue
1861;59837;Querschnitt3769;GMA_HK_99-700-Stg;WUD_HK_99-700-Stg;1;9918777;48.1454768784045;11.757254611063;3769;37.455;;Betriebsstatus1;Streckenstation799;SST99-700;3;Fahrbahnteil1;UZ Aschheim;A99 Richtung Lindau;Richtungtrue
1862;53696;Querschnitt3770;GMA_HK_99-710-Stg;WUD_HK_99-710-Stg;1;9918724;48.1513505405433;11.7542759856767;3770;36.75;;Betriebsstatus1;Streckenstation798;SST99-710;3;Fahrbahnteil1;UZ Aschheim;A99 Richtung Lindau;Richtungtrue
1863;55889;Querschnitt3771;GMA_HK_99-712-Stg;WUD_HK_99-712-Stg;1;9918687;48.1558191658182;11.7510794354388;3771;36.25;;Betriebsstatus1;Streckenstation797;SST99-712;3;Fahrbahnteil1;UZ Aschheim;A99 Richtung Lindau;Richtungtrue
1864;57064;Querschnitt3772;GMA_HK_99-714-Stg;WUD_HK_99-714-Stg;1;9918664;48.1580623308205;11.749262517824;3772;35.936;;Betriebsstatus1;Streckenstation796;SST99-714;3;Fahrbahnteil1;UZ Aschheim;A99 Richtung Lindau;Richtungtrue
1865;59243;Querschnitt3773;GMA_HK_99-720-Stg;WUD_HK_99-720-Stg;1;9918561;48.1687087978889;11.7396682942825;3773;34.55;;Betriebsstatus1;Streckenstation793;SST99-720;3;Fahrbahnteil1;UZ Aschheim;A99 Richtung Lindau;Richtungtrue
1866;59503;Querschnitt3774;GMA_HK_99-730-Stg;WUD_HK_99-730-Stg;1;9918480;48.177043631066;11.7309907742176;3774;33.43;;Betriebsstatus1;Streckenstation791;SST99-730;3;Fahrbahnteil1;UZ Aschheim;A99 Richtung Lindau;Richtungtrue
1867;58794;Querschnitt3775;GMA_HK_99-732-Stg;WUD_HK_99-732-Stg;1;9918435;48.1811583386673;11.7259487561378;3775;32.84;;Betriebsstatus1;Streckenstation790;SST99-732;3;Fahrbahnteil1;UZ Aschheim;A99 Richtung Lindau;Richtungtrue
1868;57577;Querschnitt3776;GMA_HK_99-734-Stg;WUD_HK_99-734-Stg;1;9918421;48.1820876342798;11.7244910240555;3776;32.65;;Betriebsstatus1;Streckenstation789;SST99-734;3;Fahrbahnteil1;UZ Aschheim;A99 Richtung Lindau;Richtungtrue
1869;53876;Querschnitt3777;GMA_HK_99-740-Stg;WUD_HK_99-740-Stg;1;9918368;48.1864649790326;11.7165594371798;3777;31.966;;Betriebsstatus1;Streckenstation786;SST99-740;3;Fahrbahnteil1;UZ Aschheim;A99 Richtung Lindau;Richtungtrue
1870;59255;Querschnitt3781;GMA_HK_99-760-Stg;WUD_HK_99-760-Stg;1;9918096;48.1989589637282;11.6712662563289;3781;28.27;;Betriebsstatus1;Streckenstation779;SST99-760;3;Fahrbahnteil1;UZ Aschheim;A99 Richtung Lindau;Richtungtrue
1871;58409;Querschnitt3782;GMA_HK_99-770-Stg;WUD_HK_99-770-Stg;1;9917987;48.2059179483067;11.6544071760866;3782;26.795;;Betriebsstatus1;Streckenstation776;SST99-770;3;Fahrbahnteil1;UZ Aschheim;A99 Richtung Lindau;Richtungtrue
1872;55560;Querschnitt3783;GMA_HK_99-780-Stg;WUD_HK_99-780-Stg;1;9917883;48.2147485250618;11.6408972480065;3783;25.39;;Betriebsstatus1;Streckenstation772;SST99-780;3;Fahrbahnteil1;UZ Aschheim;A99 Richtung Lindau;Richtungtrue
1873;53763;Querschnitt3790;GMA_HK_9-99-A10-Sbg;WUD_HK_9-99-A10-Sbg;33;9907729;48.228599673314;11.6318351039876;3790;23.37;;Betriebsstatus1;Streckenstation716;SST9-99-A10;3;Fahrbahnteil1;UZ Aschheim;A99 Richtung Salzburg;Richtungfalse
1874;53469;Querschnitt3791;GMA_HK_9-99-A20-Sbg;WUD_HK_9-99-A20-Sbg;33;9907868;48.2152196304278;11.6388300197462;3791;25.25;;Betriebsstatus1;Streckenstation719;SST9-99-A20;3;Fahrbahnteil1;UZ Aschheim;A99 Richtung Salzburg;Richtungfalse
1875;51339;Querschnitt3792;GMA_HK_99-9-B10-Stg;WUD_HK_99-9-B10-Stg;1;9917843;48.2190721330298;11.6344845991607;3792;24.736;;Betriebsstatus1;Streckenstation770;SST99-784;3;Fahrbahnteil4;UZ Aschheim;A99 Richtung Lindau;Richtungtrue
1876;50961;Querschnitt3803;WS_GMA92-460-Mch;WUD_LD_92-460-Mch;68;9216814;48.3853205409762;11.7709407448545;3803;27.36;;Betriebsstatus1;Streckenstation989;SST92-460;3;Fahrbahnteil1;UZ Freising;A92 Richtung M.-Zentrum;Richtungtrue
1877;62392;Querschnitt3810;WS_GMA92-680-Mch;WUD_LD_92-680-Mch;68;9216068;48.245398013669;11.5332987762304;3810;2.3;;Betriebsstatus1;Streckenstation958;SST92-680;3;Fahrbahnteil1;UZ Freising;A92 Richtung M.-Zentrum;Richtungtrue
1878;50954;Querschnitt3831;WS_GMA99-295-Sbg;WUD_LD_99-295-Sbg;68;9909407;48.0737368088554;11.7274343734848;3831;46.02;;Betriebsstatus1;Streckenstation756;SST99-295;3;Fahrbahnteil1;UZ Aschheim;A99 Richtung Salzburg;Richtungfalse
1879;59400;Querschnitt3631;GMA_HK_92-010-Deg;WUD_HK_92-010;1;9206036;48.2249275044754;11.5409366363092;3631;1.233;;Betriebsstatus1;Streckenstation922;SST92-010;3;Fahrbahnteil1;UZ Freising;A92 Richtung Deggendorf;Richtungfalse
1880;59087;Querschnitt3632;GMA_HK_92-020-Deg;WUD_HK_92-020;1;9206014;48.2301255462553;11.5428650699059;3632;0.5;;Betriebsstatus1;Streckenstation921;SST92-020-030;3;Fahrbahnteil1;UZ Freising;A92 Richtung Deggendorf;Richtungfalse
1881;59536;Querschnitt3633;GMA_HK_92-030-Deg;WUD_HK_92-030;2;9206014;48.2301848969081;11.543255159113;3633;1.006;;Betriebsstatus1;Streckenstation921;SST92-020-030;3;Fahrbahnteil1;UZ Freising;A92 Richtung Deggendorf;Richtungfalse
1882;52331;Querschnitt3634;GMA_HK_92-040-Deg;WUD_HK_92-040;1;9206043;48.238729360405;11.5373585311172;3634;1.5;;Betriebsstatus1;Streckenstation923;SST92-040;3;Fahrbahnteil1;UZ Freising;A92 Richtung Deggendorf;Richtungfalse
1883;51193;Querschnitt3635;GMA_HK_92-050-Deg;WUD_HK_92-050;1;9206104;48.2563938681397;11.533720458159;3635;3.53;;Betriebsstatus1;Streckenstation926;SST92-050;3;Fahrbahnteil1;UZ Freising;A92 Richtung Deggendorf;Richtungfalse
1884;56065;Querschnitt3636;GMA_HK_92-060-Deg;WUD_HK_92-060;1;9206167;48.2735831262963;11.5445907699641;3636;5.625;;Betriebsstatus1;Streckenstation927;SST92-060;3;Fahrbahnteil1;UZ Freising;A92 Richtung Deggendorf;Richtungfalse
1885;54232;Querschnitt3637;GMA_HK_92-070-Deg;WUD_HK_92-070;1;9206230;48.2883204557685;11.5636089880569;3637;7.8;;Betriebsstatus1;Streckenstation928;SST92-070;3;Fahrbahnteil1;UZ Freising;A92 Richtung Deggendorf;Richtungfalse
1886;59898;Querschnitt3638;GMA_HK_92-080-Deg;WUD_HK_92-080;1;9206290;48.2990324166036;11.5852743720807;3638;9.8;;Betriebsstatus1;Streckenstation931;SST92-080;3;Fahrbahnteil1;UZ Freising;A92 Richtung Deggendorf;Richtungfalse
1887;58693;Querschnitt3639;GMA_HK_92-090-Deg;WUD_HK_92-090;1;9206329;48.3058716895723;11.5994905286567;3639;11.1;;Betriebsstatus1;Streckenstation932;SST92-090;3;Fahrbahnteil1;UZ Freising;A92 Richtung Deggendorf;Richtungfalse
1888;59750;Querschnitt3640;GMA_HK_92-100-Deg;WUD_HK_92-100;1;9206355;48.3103503459635;11.6087869291847;3640;11.95;;Betriebsstatus1;Streckenstation933;SST92-100;3;Fahrbahnteil1;UZ Freising;A92 Richtung Deggendorf;Richtungfalse
1889;51924;Querschnitt3642;GMA_HK_92-117-Deg;WUD_HK_92-117;1;9206395;48.3172684056999;11.6243717408906;3642;1.276;;Betriebsstatus1;Streckenstation934;SST92-117;3;Fahrbahnteil1;UZ Freising;A92 Richtung Deggendorf;Richtungfalse
1890;56524;Querschnitt3643;GMA_HK_92-120-Deg;WUD_HK_92-120;1;9206396;48.3174570919677;11.6240994110574;3643;13.29;;Betriebsstatus1;Streckenstation935;SST92-120;3;Fahrbahnteil1;UZ Freising;A92 Richtung Deggendorf;Richtungfalse
1891;58294;Querschnitt3644;GMA_HK_92-130-Deg;WUD_HK_92-130;1;9206417;48.3211582532456;11.6311780781451;3644;14.0;;Betriebsstatus1;Streckenstation936;SST92-130;3;Fahrbahnteil1;UZ Freising;A92 Richtung Deggendorf;Richtungfalse
1892;61527;Querschnitt3646;GMA_HK_92-140-Deg;WUD_HK_92-140;1;9206419;48.3218238921119;11.6330272721303;3646;14.1;;Betriebsstatus1;Streckenstation937;SST92-140;3;Fahrbahnteil1;UZ Freising;A92 Richtung Deggendorf;Richtungfalse
1893;54029;Querschnitt3647;GMA_HK_92-150-Deg;WUD_HK_92-150;1;9206451;48.3268160884926;11.6446684085053;3647;15.2;;Betriebsstatus1;Streckenstation938;SST92-150;3;Fahrbahnteil1;UZ Freising;A92 Richtung Deggendorf;Richtungfalse
1894;52483;Querschnitt3648;GMA_HK_92-160-Deg;WUD_HK_92-160;1;9206502;48.3317248556558;11.6663503692679;3648;16.9;;Betriebsstatus1;Streckenstation939;SST92-160;3;Fahrbahnteil1;UZ Freising;A92 Richtung Deggendorf;Richtungfalse
1895;63063;Querschnitt3649;GMA_HK_92-170-Deg;WUD_HK_92-170;1;9206556;48.3327967749967;11.6902605158476;3649;18.68;;Betriebsstatus1;Streckenstation940;SST92-170;3;Fahrbahnteil1;UZ Freising;A92 Richtung Deggendorf;Richtungfalse
1896;63091;Querschnitt3650;GMA_HK_92-180-Deg;WUD_HK_92-180;1;9206601;48.3373669061343;11.7083116726304;3650;20.125;;Betriebsstatus1;Streckenstation942;SST92-180;3;Fahrbahnteil1;UZ Freising;A92 Richtung Deggendorf;Richtungfalse
1897;59178;Querschnitt3651;GMA_HK_92-210-Deg;WUD_HK_92-210;1;9206625;48.343457153931;11.7158490816985;3651;20.995;;Betriebsstatus1;Streckenstation945;SST92-210;3;Fahrbahnteil1;UZ Freising;A92 Richtung Deggendorf;Richtungfalse
1898;56280;Querschnitt3652;GMA_HK_92-230-Deg;WUD_HK_92-230;1;9206658;48.3500960924232;11.7269409104398;3652;22.188;;Betriebsstatus1;Streckenstation948;SST92-230;3;Fahrbahnteil1;UZ Freising;A92 Richtung Deggendorf;Richtungfalse
1899;57500;Querschnitt3653;GMA_HK_92-240-Deg;WUD_HK_92-240;33;9206655;48.3495040542451;11.7265098234472;3653;0.914;;Betriebsstatus1;Streckenstation947;SST92-240;3;Fahrbahnteil4;UZ Freising;A92 Richtung Deggendorf;Richtungfalse
1900;52029;Querschnitt3655;GMA_HK_92-260-Deg;WUD_HK_92-260;1;9206707;48.3636386129865;11.7369671370943;3655;23.775;;Betriebsstatus1;Streckenstation949;SST92-260;3;Fahrbahnteil1;UZ Freising;A92 Richtung Deggendorf;Richtungfalse
1901;53694;Querschnitt3656;GMA_HK_92-270-Deg;WUD_HK_92-270;1;9206724;48.3681751507898;11.7415236781341;3656;24.35;;Betriebsstatus1;Streckenstation950;SST92-270;3;Fahrbahnteil1;UZ Freising;A92 Richtung Deggendorf;Richtungfalse
1902;54845;Querschnitt3657;GMA_HK_92-290-Deg;WUD_HK_92-290;1;9206752;48.3744004560539;11.7491116210438;3657;25.3;;Betriebsstatus1;Streckenstation952;SST92-290;3;Fahrbahnteil1;UZ Freising;A92 Richtung Deggendorf;Richtungfalse
1903;55916;Querschnitt3658;GMA_HK_92-300-Deg;WUD_HK_92-300;1;9206804;48.3838619403183;11.7675859721151;3658;27.05;;Betriebsstatus1;Streckenstation953;SST92-300;3;Fahrbahnteil1;UZ Freising;A92 Richtung Deggendorf;Richtungfalse
1904;58899;Querschnitt3660;GMA_HK_92-440-Mch;WUD_HK_92-440;33;9216870;48.3903813174181;11.7949827175073;3660;29.2;;Betriebsstatus1;Streckenstation991;SST92-440;3;Fahrbahnteil1;UZ Freising;A92 Richtung M.-Zentrum;Richtungtrue
1905;53518;Querschnitt3661;GMA_HK_92-460-Mch;WUD_HK_92-460;33;9216814;48.3853205409762;11.7709407448545;3661;27.36;;Betriebsstatus1;Streckenstation989;SST92-460;3;Fahrbahnteil1;UZ Freising;A92 Richtung M.-Zentrum;Richtungtrue
1906;51676;Querschnitt3662;GMA_HK_92-470-Mch;WUD_HK_92-470;33;9216762;48.3765889280639;11.7518942160407;3662;25.58;;Betriebsstatus1;Streckenstation988;SST92-470;3;Fahrbahnteil1;UZ Freising;A92 Richtung M.-Zentrum;Richtungtrue
1907;62224;Querschnitt3663;GMA_HK_92-490-Mch;WUD_HK_92-490;33;9216735;48.3707673836671;11.7434483271547;3663;24.65;;Betriebsstatus1;Streckenstation986;SST92-490;3;Fahrbahnteil1;UZ Freising;A92 Richtung M.-Zentrum;Richtungtrue
1908;60433;Querschnitt3664;GMA_HK_92-500-Mch;WUD_HK_92-500;33;9216710;48.3639229314977;11.7367385962009;3664;23.81;;Betriebsstatus1;Streckenstation985;SST92-500;3;Fahrbahnteil1;UZ Freising;A92 Richtung M.-Zentrum;Richtungtrue
1909;55521;Querschnitt3665;GMA_HK_92-510-Mch;WUD_HK_92-510;33;9216671;48.3531203434054;11.7294174050216;3665;22.5;;Betriebsstatus1;Streckenstation984;SST92-510;3;Fahrbahnteil1;UZ Freising;A92 Richtung M.-Zentrum;Richtungtrue
1910;60826;Querschnitt3666;GMA_HK_92-520-Mch;WUD_HK_92-520;33;9216657;48.3492105948041;11.7244646527424;3666;0.78;;Betriebsstatus1;Streckenstation982;SST92-520;3;Fahrbahnteil3;UZ Freising;A92 Richtung M.-Zentrum;Richtungtrue
1911;58908;Querschnitt3667;GMA_HK_92-530-Mch;WUD_HK_92-530;33;9216635;48.3456805719456;11.7182402907477;3667;21.3;;Betriebsstatus1;Streckenstation981;SST92-530;3;Fahrbahnteil1;UZ Freising;A92 Richtung M.-Zentrum;Richtungtrue
1912;50541;Querschnitt3668;GMA_HK_92-540-Mch;WUD_HK_92-540;33;9216602;48.3387015534514;11.7097521537663;3668;20.3;;Betriebsstatus1;Streckenstation980;SST92-540;3;Fahrbahnteil1;UZ Freising;A92 Richtung M.-Zentrum;Richtungtrue
1913;51490;Querschnitt3669;GMA_HK_92-550-Mch;WUD_HK_92-550;33;9216555;48.3330837138155;11.6898235884726;3669;18.65;;Betriebsstatus1;Streckenstation978;SST92-550;3;Fahrbahnteil1;UZ Freising;A92 Richtung M.-Zentrum;Richtungtrue
1914;52990;Querschnitt3670;GMA_HK_92-570-Mch;WUD_HK_92-570;33;9216509;48.3323406134944;11.6690276174322;3670;17.1;;Betriebsstatus1;Streckenstation976;SST92-570;3;Fahrbahnteil1;UZ Freising;A92 Richtung M.-Zentrum;Richtungtrue
1915;54021;Querschnitt3671;GMA_HK_92-580-Mch;WUD_HK_92-580;33;9216467;48.3288554430221;11.6501261251703;3671;15.65;;Betriebsstatus1;Streckenstation974;SST92-580;3;Fahrbahnteil1;UZ Freising;A92 Richtung M.-Zentrum;Richtungtrue
1916;55467;Querschnitt3672;GMA_HK_92-590-Mch;WUD_HK_92-590;33;9216421;48.3220255138185;11.6323090818037;3672;14.125;;Betriebsstatus1;Streckenstation970;SST92-590;3;Fahrbahnteil1;UZ Freising;A92 Richtung M.-Zentrum;Richtungtrue
1917;55855;Querschnitt3675;GMA_HK_92-610-Mch;WUD_HK_92-610;33;9216375;48.3139881841804;11.6156239895301;3675;12.58;;Betriebsstatus1;Streckenstation968;SST92-610;3;Fahrbahnteil1;UZ Freising;A92 Richtung M.-Zentrum;Richtungtrue
1918;63259;Querschnitt3676;GMA_HK_92-620-Mch;WUD_HK_92-620;33;9216323;48.3048395805452;11.5966432256966;3676;10.845;;Betriebsstatus1;Streckenstation967;SST92-620;3;Fahrbahnteil1;UZ Freising;A92 Richtung M.-Zentrum;Richtungtrue
1919;61637;Querschnitt3677;GMA_HK_92-630-Mch;WUD_HK_92-630;33;9216265;48.2945050125418;11.5752295780278;3677;8.9;;Betriebsstatus1;Streckenstation965;SST92-630;3;Fahrbahnteil1;UZ Freising;A92 Richtung M.-Zentrum;Richtungtrue
1920;53455;Querschnitt3678;GMA_HK_92-640-Mch;WUD_HK_92-640;33;9216199;48.2813590091984;11.552557514687;3678;6.67;;Betriebsstatus1;Streckenstation964;SST92-640;3;Fahrbahnteil1;UZ Freising;A92 Richtung M.-Zentrum;Richtungtrue
1921;52841;Querschnitt3679;GMA_HK_92-650-Mch;WUD_HK_92-650;33;9216133;48.264343251052;11.5369750040985;3679;4.45;;Betriebsstatus1;Streckenstation963;SST92-650;3;Fahrbahnteil1;UZ Freising;A92 Richtung M.-Zentrum;Richtungtrue
1922;57215;Querschnitt3680;GMA_HK_92-670-Mch;WUD_HK_92-670;33;9216075;48.2471606244056;11.5328082121844;3680;2.5;;Betriebsstatus1;Streckenstation959;SST92-670;3;Fahrbahnteil1;UZ Freising;A92 Richtung M.-Zentrum;Richtungtrue
1923;59079;Querschnitt3681;GMA_HK_92-690-Mch;WUD_HK_92-690;33;9216038;48.2364072448777;11.538623542794;3681;1.25;;Betriebsstatus1;Streckenstation957;SST92-690;3;Fahrbahnteil1;UZ Freising;A92 Richtung M.-Zentrum;Richtungtrue
1924;61076;Querschnitt3682;GMA_HK_92-700-Mch;WUD_HK_92-700;33;9216012;48.2287643036714;11.5417657014377;3682;0.587;;Betriebsstatus1;Streckenstation956;SST92-700;3;Fahrbahnteil1;UZ Freising;A92 Richtung M.-Zentrum;Richtungtrue
1925;63139;Querschnitt3683;GMA_HK_92-710-Mch;WUD_HK_92-710;33;9216519;48.2263009977574;11.5393889286664;3683;0.576;;Betriebsstatus1;Streckenstation977;SST92-710;3;Fahrbahnteil4;UZ Freising;A92 Richtung M.-Zentrum;Richtungtrue
1926;51035;Querschnitt3689;GMA_HK_9-361-Nbg;WUD_HK_9-361-Nbg;1;9030976;48.311662290413;11.6241445803198;3689;513.31;;Betriebsstatus1;Streckenstation834;SST9-361;3;Fahrbahnteil1;UZ Freising;A9 Richtung Nürnberg;Richtungfalse
1927;55865;Querschnitt3716;GMA_HK_99-010-Sbg;WUD_HK_99-010-Sbg;33;9906994;48.2098752576929;11.4929693442652;3716;13.45;;Betriebsstatus1;Streckenstation703;SST99-010;3;Fahrbahnteil1;UZ Aschheim;A99 Richtung Salzburg;Richtungfalse
1928;50907;Querschnitt3717;GMA_HK_99-020-Sbg;WUD_HK_99-020-Sbg;33;9907139;48.2199779058938;11.5138004848577;3717;15.37;;Betriebsstatus1;Streckenstation704;SST99-020;3;Fahrbahnteil1;UZ Aschheim;A99 Richtung Salzburg;Richtungfalse
1929;59686;Querschnitt3718;GMA_HK_99-030-Sbg;WUD_HK_99-030-Sbg;33;9907260;48.2252147405218;11.5347207072813;3718;17.04;;Betriebsstatus1;Streckenstation705;SST99-030;3;Fahrbahnteil1;UZ Aschheim;A99 Richtung Salzburg;Richtungfalse
1930;50782;Querschnitt3719;GMA_HK_99-040-Sbg;WUD_HK_99-040-Sbg;33;9907272;48.2255054429663;11.536818232509;3719;17.2;;Betriebsstatus1;Streckenstation706;SST99-040;3;Fahrbahnteil1;UZ Aschheim;A99 Richtung Salzburg;Richtungfalse
1931;59137;Querschnitt3720;GMA_HK_99-045-Sbg;WUD_HK_99-045-Sbg;33;9907347;48.2264554236845;11.5500713284071;3720;18.195;;Betriebsstatus1;Streckenstation707;SST99-045;3;Fahrbahnteil1;UZ Aschheim;A99 Richtung Salzburg;Richtungfalse
1932;57208;Querschnitt3721;GMA_HK_99-050-Sbg;WUD_HK_99-050-Sbg;33;9907442;48.2268991567546;11.5675703018549;3721;19.5;;Betriebsstatus1;Streckenstation708;SST99-050;3;Fahrbahnteil1;UZ Aschheim;A99 Richtung Salzburg;Richtungfalse
1933;58244;Querschnitt3722;GMA_HK_99-055-Sbg;WUD_HK_99-055-Sbg;33;9907474;48.2272608134777;11.5735674226869;3722;19.92;;Betriebsstatus1;Streckenstation709;SST99-055;3;Fahrbahnteil1;UZ Aschheim;A99 Richtung Salzburg;Richtungfalse
1934;51480;Querschnitt3723;GMA_HK_99-056-Sbg;WUD_HK_99-056-Sbg;33;9907480;48.2273311919056;11.5743784719048;3723;20.006;;Betriebsstatus1;Streckenstation710;SST99-056;3;Fahrbahnteil1;UZ Aschheim;A99 Richtung Salzburg;Richtungfalse
1935;54431;Querschnitt3749;GMA_HK_99-250-Sbg;WUD_HK_99-250-Sbg;33;9908867;48.1341071878077;11.7587841196548;3749;38.73;;Betriebsstatus1;Streckenstation747;SST99-250;3;Fahrbahnteil1;UZ Aschheim;A99 Richtung Salzburg;Richtungfalse
1936;53373;Querschnitt3750;GMA_HK_99-258-Sbg;WUD_HK_99-258-Sbg;33;9908940;48.1252446936349;11.7585778105649;3750;39.685;;Betriebsstatus1;Streckenstation748;SST99-258;3;Fahrbahnteil1;UZ Aschheim;A99 Richtung Salzburg;Richtungfalse
1937;58584;Querschnitt3751;GMA_HK_99-260-Sbg;WUD_HK_99-260-Sbg;33;9908998;48.1182542171213;11.7575916385927;3751;40.5;;Betriebsstatus1;Streckenstation749;SST99-260;3;Fahrbahnteil1;UZ Aschheim;A99 Richtung Salzburg;Richtungfalse
1938;52141;Querschnitt3752;GMA_HK_99-268-Sbg;WUD_HK_99-268-Sbg;33;9909071;48.1097490506275;11.7551771214844;3752;41.47;;Betriebsstatus1;Streckenstation752;SST99-268;3;Fahrbahnteil1;UZ Aschheim;A99 Richtung Salzburg;Richtungfalse
1939;60901;Querschnitt3753;GMA_HK_99-270-Sbg;WUD_HK_99-270-Sbg;33;9909114;48.104337233846;11.7529498250662;3753;42.07;;Betriebsstatus1;Streckenstation753;SST99-270;3;Fahrbahnteil1;UZ Aschheim;A99 Richtung Salzburg;Richtungfalse
1940;62749;Querschnitt3754;GMA_HK_99-280-Sbg;WUD_HK_99-280-Sbg;33;9909220;48.0925961636565;11.7461944715919;3754;43.5;;Betriebsstatus1;Streckenstation754;SST99-280;3;Fahrbahnteil1;UZ Aschheim;A99 Richtung Salzburg;Richtungfalse
1941;53905;Querschnitt3755;GMA_HK_99-290-Sbg;WUD_HK_99-290-Sbg;33;9909344;48.0795274978281;11.7345593052002;3755;45.17;;Betriebsstatus1;Streckenstation755;SST99-290;3;Fahrbahnteil1;UZ Aschheim;A99 Richtung Salzburg;Richtungfalse
1942;62708;Querschnitt3756;GMA_HK_99-300-Sbg;WUD_HK_99-300-Sbg;33;9909464;48.068939458569;11.7201325079294;3756;46.8;;Betriebsstatus1;Streckenstation757;SST99-300;3;Fahrbahnteil1;UZ Aschheim;A99 Richtung Salzburg;Richtungfalse
1943;51835;Querschnitt3757;GMA_HK_99-305-Sbg;WUD_HK_99-305-Sbg;33;9909509;48.0655736676486;11.7138968102159;3757;47.37;;Betriebsstatus1;Streckenstation758;SST99-305;3;Fahrbahnteil1;UZ Aschheim;A99 Richtung Salzburg;Richtungfalse
1944;60707;Querschnitt3758;GMA_HK_99-530-Stg;WUD_HK_99-530-Stg;1;9919752;48.0446903094741;11.6849007420571;3758;50.62;;Betriebsstatus1;Streckenstation820;SST99-530;3;Fahrbahnteil1;UZ Aschheim;A99 Richtung Lindau;Richtungtrue
1945;62330;Querschnitt3759;GMA_HK_99-532-Stg;WUD_HK_99-532-Stg;1;9919642;48.0557889737416;11.6956127706197;3759;49.14;;Betriebsstatus1;Streckenstation819;SST99-532;3;Fahrbahnteil1;UZ Aschheim;A99 Richtung Lindau;Richtungtrue
1946;56936;Querschnitt3760;GMA_HK_99-540-Stg;WUD_HK_99-540-Stg;1;9919543;48.0630878097113;11.7098993168658;3760;47.805;;Betriebsstatus1;Streckenstation817;SST99-540;3;Fahrbahnteil1;UZ Aschheim;A99 Richtung Lindau;Richtungtrue
1947;58946;Querschnitt3761;GMA_HK_99-550-Stg;WUD_HK_99-550-Stg;1;9919408;48.0738755943359;11.7283483592561;3761;45.976;;Betriebsstatus1;Streckenstation816;SST99-550;3;Fahrbahnteil1;UZ Aschheim;A99 Richtung Lindau;Richtungtrue
1948;51338;Querschnitt3762;GMA_HK_99-560-Stg;WUD_HK_99-560-Stg;1;9919321;48.0820089453085;11.7380083338128;3762;44.81;;Betriebsstatus1;Streckenstation815;SST99-560;3;Fahrbahnteil1;UZ Aschheim;A99 Richtung Lindau;Richtungtrue
1949;58253;Querschnitt3763;GMA_HK_99-580-Stg;WUD_HK_99-580-Stg;1;9919206;48.094495211312;11.7481587012833;3763;43.25;;Betriebsstatus1;Streckenstation814;SST99-580;3;Fahrbahnteil1;UZ Aschheim;A99 Richtung Lindau;Richtungtrue
1950;56542;Querschnitt3764;GMA_HK_99-590-Stg;WUD_HK_99-590-Stg;1;9919081;48.1087118379795;11.7554869309342;3764;41.57;;Betriebsstatus1;Streckenstation809;SST99-590;3;Fahrbahnteil1;UZ Aschheim;A99 Richtung Lindau;Richtungtrue
1951;56689;Querschnitt3765;GMA_HK_99-620-Stg;WUD_HK_99-620-Stg;1;9919011;48.1170713108637;11.757997345865;3765;40.62;;Betriebsstatus1;Streckenstation808;SST99-620;3;Fahrbahnteil1;UZ Aschheim;A99 Richtung Lindau;Richtungtrue
1952;58255;Querschnitt3766;GMA_HK_99-632-Stg;WUD_HK_99-632-Stg;1;9918966;48.1225032974044;11.7589755176608;3766;40.02;;Betriebsstatus1;Streckenstation806;SST99-632;3;Fahrbahnteil1;UZ Aschheim;A99 Richtung Lindau;Richtungtrue
1953;56296;Querschnitt3767;GMA_HK_99-640-Stg;WUD_HK_99-640-Stg;1;9918915;48.1289903113208;11.7595131726974;3767;39.32;;Betriebsstatus1;Streckenstation804;SST99-640;3;Fahrbahnteil1;UZ Aschheim;A99 Richtung Lindau;Richtungtrue
1954;55230;Querschnitt3784;GMA_HK_99-820-Stg;WUD_HK_99-820-Stg;1;9917530;48.2284577037503;11.5826380003752;3784;20.631;;Betriebsstatus1;Streckenstation768;SST99-820;3;Fahrbahnteil1;UZ Aschheim;A99 Richtung Lindau;Richtungtrue
1955;55463;Querschnitt3785;GMA_HK_99-830-Stg;WUD_HK_99-830-Stg;1;9917420;48.2270641641041;11.5629517988385;3785;19.158;;Betriebsstatus1;Streckenstation767;SST99-830;3;Fahrbahnteil1;UZ Aschheim;A99 Richtung Lindau;Richtungtrue
1956;51031;Querschnitt3786;GMA_HK_99-840-Stg;WUD_HK_99-840-Stg;1;9917330;48.2266476533223;11.546420603086;3786;17.925;;Betriebsstatus1;Streckenstation766;SST99-840;3;Fahrbahnteil1;UZ Aschheim;A99 Richtung Lindau;Richtungtrue
1957;52865;Querschnitt3787;GMA_HK_99-845-Stg;WUD_HK_99-845-Stg;1;9916036;48.2269481003563;11.5470488547803;3787;0.523;;Betriebsstatus1;Streckenstation763;SST99-845;3;Fahrbahnteil1;UZ Aschheim;A99 Richtung Lindau;Richtungtrue
1958;60076;Querschnitt3788;GMA_HK_99-850-Stg;WUD_HK_99-850-Stg;1;9917292;48.2261929112962;11.5399560929184;3788;17.445;;Betriebsstatus1;Streckenstation765;SST99-850;3;Fahrbahnteil1;UZ Aschheim;A99 Richtung Lindau;Richtungtrue
1959;61457;Querschnitt3789;GMA_HK_99-860-Stg;WUD_HK_99-860-Stg;1;9917185;48.2227898803394;11.5211921470982;3789;16.0;;Betriebsstatus1;Streckenstation764;SST99-860;3;Fahrbahnteil1;UZ Aschheim;A99 Richtung Lindau;Richtungtrue
1960;58130;Querschnitt3820;WS_GMA99-060-Sbg;WUD_NS_99-060-Sbg;81;9907564;48.2285572113792;11.5894636822646;3820;21.135;;Betriebsstatus1;Streckenstation713;SST99-060;3;Fahrbahnteil1;UZ Aschheim;A99 Richtung Salzburg;Richtungfalse
1961;54578;Querschnitt3823;WS_GMA99-080-Sbg;WUD_NA_99-080-Sbg;35;9907779;48.2221225938232;11.6265112107204;3823;24.04;;Betriebsstatus1;Streckenstation717;SST99-080;3;Fahrbahnteil1;UZ Aschheim;A99 Richtung Salzburg;Richtungfalse
1962;51087;Querschnitt3824;WS_GMA99-120-Sbg;WUD_NS_99-120-Sbg;35;9908064;48.2002304514405;11.6662443210309;3824;27.89;;Betriebsstatus1;Streckenstation723;SST99-120;3;Fahrbahnteil1;UZ Aschheim;A99 Richtung Salzburg;Richtungfalse
1963;56824;Querschnitt3826;WS_GMA99-140-Sbg;WUD_NS_99-140-Sbg;35;9908353;48.1868593826755;11.7145679878985;3826;31.79;;Betriebsstatus1;Streckenstation731;SST99-140;3;Fahrbahnteil1;UZ Aschheim;A99 Richtung Salzburg;Richtungfalse
1964;58732;Querschnitt3836;WS_GMA99-700-Stg;WUD_NS_99-700-Stg;4;9918777;48.145389843984;11.7572883352425;3836;37.465;;Betriebsstatus1;Streckenstation799;SST99-700;3;Fahrbahnteil1;UZ Aschheim;A99 Richtung Lindau;Richtungtrue
1965;54014;Querschnitt3837;WS_GMA99-720-Stg;WUD_NS_99-720-Stg;4;9918570;48.167666316413;11.74081451264;3837;34.7;;Betriebsstatus1;Streckenstation2065;SST99-719;3;Fahrbahnteil1;UZ Aschheim;A99 Richtung Lindau;Richtungtrue
1966;58575;Querschnitt3842;WS_GMA9-99-A20-Sbg;WUD_NS_9-99-A20-Sbg;35;9907868;48.2152487039423;11.6387597841305;3842;25.24;;Betriebsstatus1;Streckenstation719;SST9-99-A20;3;Fahrbahnteil1;UZ Aschheim;A99 Richtung Salzburg;Richtungfalse
1967;55060;Querschnitt3880;NMG99-060-Sbg;WUD_SW_99-060-Sbg;73;9907564;48.2285572113792;11.5894636822646;3880;21.135;;Betriebsstatus1;Streckenstation713;SST99-060;3;Fahrbahnteil1;UZ Aschheim;A99 Richtung Salzburg;Richtungfalse
1968;52806;Querschnitt3882;NMG99-070-Sbg;WUD_SW_99-070-Sbg;73;9907659;48.2277000161613;11.606294676228;3882;22.4;;Betriebsstatus1;Streckenstation715;SST99-070;3;Fahrbahnteil1;UZ Aschheim;A99 Richtung Salzburg;Richtungfalse
1969;62266;Querschnitt3884;NMG99-080-Sbg;WUD_SW_99-080-Sbg;36;9907779;48.2221225938232;11.6265112107204;3884;24.04;;Betriebsstatus1;Streckenstation717;SST99-080;3;Fahrbahnteil1;UZ Aschheim;A99 Richtung Salzburg;Richtungfalse
1970;57780;Querschnitt3885;NMG99-120-Sbg;WUD_SW_99-120-Sbg;36;9908064;48.2002304514405;11.6662443210309;3885;27.89;;Betriebsstatus1;Streckenstation723;SST99-120;3;Fahrbahnteil1;UZ Aschheim;A99 Richtung Salzburg;Richtungfalse
1971;58434;Querschnitt3886;NMG99-140-Sbg;WUD_SW_99-140-Sbg;36;9908353;48.1868593826755;11.7145679878985;3886;31.79;;Betriebsstatus1;Streckenstation731;SST99-140;3;Fahrbahnteil1;UZ Aschheim;A99 Richtung Salzburg;Richtungfalse
1972;59200;Querschnitt3887;NMG99-150-Sbg;WUD_SW_99-150-Sbg;34;9908405;48.1830541519732;11.721937486726;3887;32.483;;Betriebsstatus1;Streckenstation733;SST99-150;3;Fahrbahnteil1;UZ Aschheim;A99 Richtung Salzburg;Richtungfalse
1973;52910;Querschnitt3888;NMG99-210-Sbg;WUD_SW_99-210-Sbg;45;9908667;48.1572352993306;11.7491752695219;3888;36.02;;Betriebsstatus1;Streckenstation742;SST99-210;3;Fahrbahnteil1;UZ Aschheim;A99 Richtung Salzburg;Richtungfalse
1974;61081;Querschnitt3897;NMG99-700-Stg;WUD_SW_99-700-Stg;2;9918777;48.145389843984;11.7572883352425;3897;37.465;;Betriebsstatus1;Streckenstation799;SST99-700;3;Fahrbahnteil1;UZ Aschheim;A99 Richtung Lindau;Richtungtrue
1975;54923;Querschnitt3898;NMG99-720-Stg;WUD_SW_99-720-Stg;2;9918570;48.167666316413;11.74081451264;3898;34.7;;Betriebsstatus1;Streckenstation2065;SST99-719;3;Fahrbahnteil1;UZ Aschheim;A99 Richtung Lindau;Richtungtrue
1976;56569;Querschnitt3899;NMG99-730-Stg;WUD_SW_99-730-Stg;2;9918480;48.1769727195682;11.7310734377532;3899;33.44;;Betriebsstatus1;Streckenstation791;SST99-730;3;Fahrbahnteil1;UZ Aschheim;A99 Richtung Lindau;Richtungtrue
1977;52035;Querschnitt3900;NMG99-738-Stg;WUD_SW_99-738-Stg;1;9918383;48.185190060881;11.7192189528341;3900;32.17;;Betriebsstatus1;Streckenstation787;SST99-738;3;Fahrbahnteil1;UZ Aschheim;A99 Richtung Lindau;Richtungtrue
1978;60636;Querschnitt3902;NMG99-775-Stg;WUD_SW_99-775-Stg;44;9917935;48.2100212835186;11.6477176988873;3902;26.12;;Betriebsstatus1;Streckenstation774;SST99-775;3;Fahrbahnteil1;UZ Aschheim;A99 Richtung Lindau;Richtungtrue
1979;57819;Querschnitt3903;NMG9-99-A20-Sbg;WUD_SW_9-99-A20-Sbg;36;9907868;48.2152487039423;11.6387597841305;3903;25.24;;Betriebsstatus1;Streckenstation719;SST9-99-A20;3;Fahrbahnteil1;UZ Aschheim;A99 Richtung Salzburg;Richtungfalse
1980;62858;Querschnitt3850;NMG92-060-Deg;WUD_SW_92-060-Deg;73;9206167;48.2734299867585;11.544449044171;3850;5.605;;Betriebsstatus1;Streckenstation927;SST92-060;3;Fahrbahnteil1;UZ Freising;A92 Richtung Deggendorf;Richtungfalse
1981;55606;Querschnitt3851;NMG92-090-Deg;WUD_SW_92-090-Deg;73;9206329;48.3057137003645;11.5991628477697;3851;11.07;;Betriebsstatus1;Streckenstation932;SST92-090;3;Fahrbahnteil1;UZ Freising;A92 Richtung Deggendorf;Richtungfalse
1982;51877;Querschnitt3852;NMG92-130-Deg;WUD_SW_92-130-Deg;73;9206417;48.3211582532456;11.6311780781451;3852;14.0;;Betriebsstatus1;Streckenstation936;SST92-130;3;Fahrbahnteil1;UZ Freising;A92 Richtung Deggendorf;Richtungfalse
1983;59627;Querschnitt3853;NMG92-150-Deg;WUD_SW_92-150-Deg;73;9206451;48.3267348916281;11.6444277961488;3853;15.18;;Betriebsstatus1;Streckenstation938;SST92-150;3;Fahrbahnteil1;UZ Freising;A92 Richtung Deggendorf;Richtungfalse
1984;57122;Querschnitt3854;NMG92-170-Deg;WUD_SW_92-170-Deg;73;9206556;48.3327967749967;11.6902605158476;3854;18.68;;Betriebsstatus1;Streckenstation940;SST92-170;3;Fahrbahnteil1;UZ Freising;A92 Richtung Deggendorf;Richtungfalse
1985;60394;Querschnitt3855;NMG92-180-Deg;WUD_SW_92-180-Deg;73;9206601;48.3375746590449;11.7086654553831;3855;20.16;;Betriebsstatus1;Streckenstation942;SST92-180;3;Fahrbahnteil1;UZ Freising;A92 Richtung Deggendorf;Richtungfalse
1986;61423;Querschnitt3856;NMG92-230-Deg;WUD_SW_92-230-Deg;73;9206658;48.349912956989;11.7266964662722;3856;22.088;;Betriebsstatus1;Streckenstation948;SST92-230;3;Fahrbahnteil1;UZ Freising;A92 Richtung Deggendorf;Richtungfalse
1987;56602;Querschnitt3857;NMG92-460-Mch;WUD_SW_92-460-Mch;73;9216814;48.3853205409762;11.7709407448545;3857;27.36;;Betriebsstatus1;Streckenstation989;SST92-460;3;Fahrbahnteil1;UZ Freising;A92 Richtung M.-Zentrum;Richtungtrue
1988;58446;Querschnitt3858;NMG92-470-Mch;WUD_SW_92-470-Mch;73;9216762;48.376829067807;11.7522804824583;3858;25.62;;Betriebsstatus1;Streckenstation988;SST92-470;3;Fahrbahnteil1;UZ Freising;A92 Richtung M.-Zentrum;Richtungtrue
1989;54913;Querschnitt3859;NMG92-500-Mch;WUD_SW_92-500-Mch;73;9216710;48.364078901373;11.7368743319533;3859;23.83;;Betriebsstatus1;Streckenstation985;SST92-500;3;Fahrbahnteil1;UZ Freising;A92 Richtung M.-Zentrum;Richtungtrue
1990;62742;Querschnitt3860;NMG92-570-Mch;WUD_SW_92-570-Mch;73;9216509;48.3323670909407;11.66929437441;3860;17.12;;Betriebsstatus1;Streckenstation976;SST92-570;3;Fahrbahnteil1;UZ Freising;A92 Richtung M.-Zentrum;Richtungtrue
1991;51639;Querschnitt3861;NMG92-630-Mch;WUD_SW_92-630-Mch;73;9216265;48.2946105079793;11.5754481526416;3861;8.92;;Betriebsstatus1;Streckenstation965;SST92-630;3;Fahrbahnteil1;UZ Freising;A92 Richtung M.-Zentrum;Richtungtrue
1992;63167;Querschnitt3862;NMG92-640-Mch;WUD_SW_92-640-Mch;73;9216199;48.2813590091984;11.552557514687;3862;6.67;;Betriebsstatus1;Streckenstation964;SST92-640;3;Fahrbahnteil1;UZ Freising;A92 Richtung M.-Zentrum;Richtungtrue
1993;59941;Querschnitt3863;NMG92-650-Mch;WUD_SW_92-650-Mch;73;9216133;48.264343251052;11.5369750040985;3863;4.45;;Betriebsstatus1;Streckenstation963;SST92-650;3;Fahrbahnteil1;UZ Freising;A92 Richtung M.-Zentrum;Richtungtrue
1994;52593;Querschnitt3864;NMG92-660-Mch;WUD_SW_92-660-Mch;73;9216084;48.2503404403477;11.532393270306;3864;2.85;;Betriebsstatus1;Streckenstation960;SST92-660;3;Fahrbahnteil1;UZ Freising;A92 Richtung M.-Zentrum;Richtungtrue
1995;51186;Querschnitt3865;NMG92-670-Mch;WUD_SW_92-670-Mch;73;9216075;48.2471606244056;11.5328082121844;3865;2.5;;Betriebsstatus1;Streckenstation959;SST92-670;3;Fahrbahnteil1;UZ Freising;A92 Richtung M.-Zentrum;Richtungtrue
1996;52242;Querschnitt3866;NMG92-680-Mch;WUD_SW_92-680-Mch;73;9216068;48.245398013669;11.5332987762304;3866;2.3;;Betriebsstatus1;Streckenstation958;SST92-680;3;Fahrbahnteil1;UZ Freising;A92 Richtung M.-Zentrum;Richtungtrue
1997;58378;Querschnitt3877;NMG99-010-Sbg;WUD_SW_99-010-Sbg;73;9906994;48.2097477707757;11.4924666267266;3877;13.41;;Betriebsstatus1;Streckenstation703;SST99-010;3;Fahrbahnteil1;UZ Aschheim;A99 Richtung Salzburg;Richtungfalse
1998;62730;Querschnitt3878;NMG99-030-Sbg;WUD_SW_99-030-Sbg;73;9907260;48.2252147405218;11.5347207072813;3878;17.04;;Betriebsstatus1;Streckenstation705;SST99-030;3;Fahrbahnteil1;UZ Aschheim;A99 Richtung Salzburg;Richtungfalse
1999;55195;Querschnitt3879;NMG99-055-Sbg;WUD_SW_99-055-Sbg;73;9907474;48.2271780171767;11.5731455638021;3879;19.885;;Betriebsstatus1;Streckenstation709;SST99-055;3;Fahrbahnteil1;UZ Aschheim;A99 Richtung Salzburg;Richtungfalse
2000;59488;Querschnitt3889;NMG99-250-Sbg;WUD_SW_99-250-Sbg;73;9908867;48.1343317861258;11.7587708710764;3889;38.705;;Betriebsstatus1;Streckenstation747;SST99-250;3;Fahrbahnteil1;UZ Aschheim;A99 Richtung Salzburg;Richtungfalse
2001;59544;Querschnitt3890;NMG99-260-Sbg;WUD_SW_99-260-Sbg;73;9908998;48.1184322623858;11.7576292588219;3890;40.48;;Betriebsstatus1;Streckenstation749;SST99-260;3;Fahrbahnteil1;UZ Aschheim;A99 Richtung Salzburg;Richtungfalse
2002;57524;Querschnitt3891;NMG99-290-Sbg;WUD_SW_99-290-Sbg;73;9909344;48.0798162507527;11.7348788575144;3891;45.13;;Betriebsstatus1;Streckenstation755;SST99-290;3;Fahrbahnteil1;UZ Aschheim;A99 Richtung Salzburg;Richtungfalse
2003;62593;Querschnitt3892;NMG99-295-Sbg;WUD_SW_99-295-Sbg;73;9909407;48.0737368088554;11.7274343734848;3892;46.02;;Betriebsstatus1;Streckenstation756;SST99-295;3;Fahrbahnteil1;UZ Aschheim;A99 Richtung Salzburg;Richtungfalse
2004;60881;Querschnitt3893;NMG99-305-Sbg;WUD_SW_99-305-Sbg;73;9909509;48.0655736676486;11.7138968102159;3893;47.37;;Betriebsstatus1;Streckenstation758;SST99-305;3;Fahrbahnteil1;UZ Aschheim;A99 Richtung Salzburg;Richtungfalse
2005;54158;Querschnitt3894;NMG99-525-Stg;WUD_SW_99-525-Stg;73;9919783;48.0412462699651;11.6819110604377;3894;51.07;;Betriebsstatus1;Streckenstation821;SST99-525;3;Fahrbahnteil1;UZ Aschheim;A99 Richtung Lindau;Richtungtrue
2006;55988;Querschnitt3895;NMG99-540-Stg;WUD_SW_99-540-Stg;73;9919543;48.0628038533054;11.7092942704489;3895;47.86;;Betriebsstatus1;Streckenstation817;SST99-540;3;Fahrbahnteil1;UZ Aschheim;A99 Richtung Lindau;Richtungtrue
2007;50846;Querschnitt3896;NMG99-580-Stg;WUD_SW_99-580-Stg;73;9919206;48.0942895808487;11.7480235577821;3896;43.275;;Betriebsstatus1;Streckenstation814;SST99-580;3;Fahrbahnteil1;UZ Aschheim;A99 Richtung Lindau;Richtungtrue
2008;59329;Querschnitt3827;WS_GMA99-210-Sbg;WUD_TPT_99-210-Sbg;44;9908667;48.1572352993306;11.7491752695219;3827;36.02;80000835;Betriebsstatus1;Streckenstation742;SST99-210;3;Fahrbahnteil1;UZ Aschheim;A99 Richtung Salzburg;Richtungfalse
2009;53187;Querschnitt3839;WS_GMA99-735-Stg;WUD_TPT_99-735-Stg;43;9918413;48.1828303419435;11.7232813131166;3839;32.57;80000757;Betriebsstatus1;Streckenstation788;SST99-735;3;Fahrbahnteil1;UZ Aschheim;A99 Richtung Lindau;Richtungtrue
2010;50939;Querschnitt3841;WS_GMA99-775-Stg;WUD_TPT_99-775-Stg;43;9917935;48.2100212835186;11.6477176988873;3841;26.12;80000755;Betriebsstatus1;Streckenstation774;SST99-775;3;Fahrbahnteil1;UZ Aschheim;A99 Richtung Lindau;Richtungtrue
2011;52769;Querschnitt258;AQB29a_Mch_H;AQB29a_Mch_A2;162;817089;48.0118788103522;11.66665326034;258;11.2;;Betriebsstatus1;Streckenstation92;SSTB29a;4;Fahrbahnteil1;UZ Holzkirchen;A8-Ost Richtung M.-Zentrum;Richtungtrue
2012;53382;Querschnitt3821;WS_GMA99-070-Sbg;WUD_WFD_99-070-Sbg;82;9907659;48.2277000161613;11.606294676228;3821;22.4;80000849;Betriebsstatus1;Streckenstation715;SST99-070;3;Fahrbahnteil1;UZ Aschheim;A99 Richtung Salzburg;Richtungfalse
2013;58649;Querschnitt3794;WS_GMA92-090-Deg;WUD_WFD_92-090-Deg;82;9206329;48.3057137003645;11.5991628477697;3794;11.07;80000843;Betriebsstatus1;Streckenstation932;SST92-090;3;Fahrbahnteil1;UZ Freising;A92 Richtung Deggendorf;Richtungfalse
2014;56359;Querschnitt3796;WS_GMA92-120-Deg;WUD_WFD_92-120-Deg;82;9206396;48.3175169141902;11.6242640895058;3796;13.34;80000838;Betriebsstatus1;Streckenstation935;SST92-120;3;Fahrbahnteil1;UZ Freising;A92 Richtung Deggendorf;Richtungfalse
2015;59305;Querschnitt3797;WS_GMA92-150-Deg;WUD_WFD_92-150-Deg;82;9206451;48.3266938031507;11.6443078629358;3797;15.17;80000837;Betriebsstatus1;Streckenstation938;SST92-150;3;Fahrbahnteil1;UZ Freising;A92 Richtung Deggendorf;Richtungfalse
2016;63116;Querschnitt3799;WS_GMA92-180-Deg;WUD_WFD_92-180-Deg;82;9206601;48.3378789893473;11.7091606600716;3799;20.21;80000842;Betriebsstatus1;Streckenstation942;SST92-180;3;Fahrbahnteil1;UZ Freising;A92 Richtung Deggendorf;Richtungfalse
2017;56138;Querschnitt3805;WS_GMA92-470-Mch;WUD_WFD_92-470-Mch;82;9216762;48.376407074311;11.7516069934192;3805;25.55;80000647;Betriebsstatus1;Streckenstation988;SST92-470;3;Fahrbahnteil1;UZ Freising;A92 Richtung M.-Zentrum;Richtungtrue
2018;55115;Querschnitt3807;WS_GMA92-640-Mch;WUD_WFD_92-640-Mch;82;9216199;48.2813590091984;11.552557514687;3807;6.67;80000844;Betriebsstatus1;Streckenstation964;SST92-640;3;Fahrbahnteil1;UZ Freising;A92 Richtung M.-Zentrum;Richtungtrue
2019;62618;Querschnitt3809;WS_GMA92-670-Mch;WUD_WFD_92-670-Mch;82;9216075;48.2471606244056;11.5328082121844;3809;2.5;80000834;Betriebsstatus1;Streckenstation959;SST92-670;3;Fahrbahnteil1;UZ Freising;A92 Richtung M.-Zentrum;Richtungtrue
2020;57367;Querschnitt3818;WS_GMA99-030-Sbg;WUD_WFD_99-030-Sbg;82;9907260;48.2251701561475;11.5343893652849;3818;17.0;80000819;Betriebsstatus1;Streckenstation705;SST99-030;3;Fahrbahnteil1;UZ Aschheim;A99 Richtung Salzburg;Richtungfalse
2021;54148;Querschnitt3829;WS_GMA99-250-Sbg;WUD_WFD_99-250-Sbg;82;9908867;48.1341970271358;11.7587788202323;3829;38.72;80000828;Betriebsstatus1;Streckenstation747;SST99-250;3;Fahrbahnteil1;UZ Aschheim;A99 Richtung Salzburg;Richtungfalse
2022;62021;Querschnitt254;AQB30_Mch_APT;AQB30_Mch_C1;105;817080;48.0220241347991;11.6617404367097;254;10.01;;Betriebsstatus1;Streckenstation91;SSTB30;4;Fahrbahnteil1;UZ Holzkirchen;A8-Ost Richtung M.-Zentrum;Richtungtrue
2023;63212;Querschnitt3833;WS_GMA99-540-Stg;WUD_WFD_99-540-Stg;82;9919543;48.0630361815214;11.7097893079359;3833;47.815;80000790;Betriebsstatus1;Streckenstation817;SST99-540;3;Fahrbahnteil1;UZ Aschheim;A99 Richtung Lindau;Richtungtrue
2024;60413;Querschnitt3835;WS_GMA99-580-Stg;WUD_WFD_99-580-Stg;82;9919206;48.094412959149;11.7481046437499;3835;43.26;80000789;Betriebsstatus1;Streckenstation814;SST99-580;3;Fahrbahnteil1;UZ Aschheim;A99 Richtung Lindau;Richtungtrue
2025;57369;Querschnitt4232;BMS2082-40;BMS2082-40_Heiz;5;11008667;48.14997889;11.70744001;4232;10.052;;Betriebsstatus1;Streckenstation697;SST2082-40;6;Fahrbahnteil1;UZ Aschheim;St2082 Richtung Kirchheim;Richtungfalse
2026;62910;Querschnitt4089;BMS99-080;BMS99-080_Heiz;5;9907779;48.22207155;11.62625212;4089;24.02;;Betriebsstatus1;Streckenstation717;SST99-080;6;Fahrbahnteil1;UZ Aschheim;A99 Richtung Salzburg;Richtungfalse
2027;53481;Querschnitt4090;BMS99-090;BMS99-090_Heiz;5;9907861;48.21605701;11.63795083;4090;25.13;;Betriebsstatus1;Streckenstation718;SST99-090;6;Fahrbahnteil1;UZ Aschheim;A99 Richtung Salzburg;Richtungfalse
2028;58166;Querschnitt4091;BMS99-110;BMS99-110_Heiz;5;9907972;48.20651311;11.65226986;4091;26.62;;Betriebsstatus1;Streckenstation720;SST99-110;6;Fahrbahnteil1;UZ Aschheim;A99 Richtung Salzburg;Richtungfalse
2029;57665;Querschnitt4092;BMS99-115;BMS99-115_Heiz;5;9908003;48.20437191;11.65639779;4092;27.045;;Betriebsstatus1;Streckenstation721;SST99-115;6;Fahrbahnteil1;UZ Aschheim;A99 Richtung Salzburg;Richtungfalse
2030;60430;Querschnitt4093;BMS99-118;BMS99-118_Heiz;5;9908035;48.20206931;11.66146397;4093;27.47;;Betriebsstatus1;Streckenstation722;SST99-118;6;Fahrbahnteil1;UZ Aschheim;A99 Richtung Salzburg;Richtungfalse
2031;62444;Querschnitt4094;BMS99-120;BMS99-120_Heiz;5;9908064;48.20024383;11.66620983;4094;27.87;;Betriebsstatus1;Streckenstation723;SST99-120;6;Fahrbahnteil1;UZ Aschheim;A99 Richtung Salzburg;Richtungfalse
2032;51295;Querschnitt4095;BMS99-123;BMS99-123_Heiz;5;9908101;48.19832763;11.67185842;4095;28.37;;Betriebsstatus1;Streckenstation724;SST99-123;6;Fahrbahnteil1;UZ Aschheim;A99 Richtung Salzburg;Richtungfalse
2033;58480;Querschnitt4101;BMS99-138;BMS99-138_Heiz;5;9908317;48.18927064;11.70835095;4101;31.28;;Betriebsstatus1;Streckenstation730;SST99-138;6;Fahrbahnteil1;UZ Aschheim;A99 Richtung Salzburg;Richtungfalse
2034;54218;Querschnitt4102;BMS99-140;BMS99-140_Heiz;5;9908353;48.18692681;11.71433405;4102;31.77;;Betriebsstatus1;Streckenstation731;SST99-140;6;Fahrbahnteil1;UZ Aschheim;A99 Richtung Salzburg;Richtungfalse
2035;55120;Querschnitt4103;BMS99-145;BMS99-145_Heiz;5;9908379;48.18522248;11.71794087;4103;32.12;;Betriebsstatus1;Streckenstation732;SST99-145;6;Fahrbahnteil1;UZ Aschheim;A99 Richtung Salzburg;Richtungfalse
2036;51350;Querschnitt4104;BMS99-150;BMS99-150_Heiz;5;9908405;48.18319712;11.72168086;4104;32.463;;Betriebsstatus1;Streckenstation733;SST99-150;6;Fahrbahnteil1;UZ Aschheim;A99 Richtung Salzburg;Richtungfalse
2037;59992;Querschnitt4106;BMS99-155;BMS99-155_Heiz;5;9908453;48.17928912;11.72727352;4106;33.12;;Betriebsstatus1;Streckenstation735;SST99-155;6;Fahrbahnteil1;UZ Aschheim;A99 Richtung Salzburg;Richtungfalse
2038;53181;Querschnitt4107;BMS99-160;BMS99-160_Heiz;5;9908473;48.17712492;11.73011241;4107;33.385;;Betriebsstatus1;Streckenstation736;SST99-160;6;Fahrbahnteil1;UZ Aschheim;A99 Richtung Salzburg;Richtungfalse
2039;61096;Querschnitt4108;BMS99-170;BMS99-170_Heiz;5;9908488;48.17559215;11.73175335;4108;33.59;;Betriebsstatus1;Streckenstation737;SST99-170;6;Fahrbahnteil1;UZ Aschheim;A99 Richtung Salzburg;Richtungfalse
2040;62024;Querschnitt4109;BMS99-180;BMS99-180_Heiz;5;9908508;48.17370075;11.73371413;4109;33.859;;Betriebsstatus1;Streckenstation738;SST99-180;6;Fahrbahnteil1;UZ Aschheim;A99 Richtung Salzburg;Richtungfalse
2041;57037;Querschnitt4110;BMS99-187;BMS99-187_Heiz;5;9908530;48.17158654;11.73575774;4110;34.15;;Betriebsstatus1;Streckenstation739;SST99-187;6;Fahrbahnteil1;UZ Aschheim;A99 Richtung Salzburg;Richtungfalse
2042;63281;Querschnitt4111;BMS99-190;BMS99-190_Heiz;5;9908572;48.16686032;11.74037897;4111;34.72;;Betriebsstatus1;Streckenstation740;SST99-190;6;Fahrbahnteil1;UZ Aschheim;A99 Richtung Salzburg;Richtungfalse
2043;51353;Querschnitt4112;BMS99-200;BMS99-200_Heiz;5;9908631;48.16136316;11.74579761;4112;35.52;;Betriebsstatus1;Streckenstation741;SST99-200;6;Fahrbahnteil1;UZ Aschheim;A99 Richtung Salzburg;Richtungfalse
2044;59587;Querschnitt4114;BMS99-220;BMS99-220_Heiz;5;9908704;48.15331753;11.75226894;4114;36.505;;Betriebsstatus1;Streckenstation743;SST99-220;6;Fahrbahnteil1;UZ Aschheim;A99 Richtung Salzburg;Richtungfalse
2045;61486;Querschnitt4115;BMS99-230;BMS99-230_Heiz;5;9908744;48.14876949;11.75479614;4115;37.05;;Betriebsstatus1;Streckenstation744;SST99-230;6;Fahrbahnteil1;UZ Aschheim;A99 Richtung Salzburg;Richtungfalse
2046;57399;Querschnitt4152;BMS99-690;BMS99-690_Heiz;5;9918820;48.14003372;11.75872968;4152;38.06;;Betriebsstatus1;Streckenstation801;SST99-690;6;Fahrbahnteil1;UZ Aschheim;A99 Richtung Lindau;Richtungtrue
2047;57067;Querschnitt4153;BMS99-700;BMS99-700_Heiz;5;9918777;48.14519591;11.75762133;4153;37.485;;Betriebsstatus1;Streckenstation799;SST99-700;6;Fahrbahnteil1;UZ Aschheim;A99 Richtung Lindau;Richtungtrue
2048;57054;Querschnitt4154;BMS99-710;BMS99-710_Heiz;5;9918724;48.15116669;11.75434779;4154;36.78;;Betriebsstatus1;Streckenstation798;SST99-710;6;Fahrbahnteil1;UZ Aschheim;A99 Richtung Lindau;Richtungtrue
2049;54642;Querschnitt4155;BMS99-712;BMS99-712_Heiz;5;9918687;48.15544942;11.75126488;4155;36.28;;Betriebsstatus1;Streckenstation797;SST99-712;6;Fahrbahnteil1;UZ Aschheim;A99 Richtung Lindau;Richtungtrue
2050;54486;Querschnitt4156;BMS99-714;BMS99-714_Heiz;5;9918664;48.1577366;11.74950895;4156;35.96;;Betriebsstatus1;Streckenstation796;SST99-714;6;Fahrbahnteil1;UZ Aschheim;A99 Richtung Lindau;Richtungtrue
2051;51794;Querschnitt4157;BMS99-716;BMS99-716_Heiz;5;9918645;48.16001632;11.74765716;4157;35.704;;Betriebsstatus1;Streckenstation795;SST99-716;6;Fahrbahnteil1;UZ Aschheim;A99 Richtung Lindau;Richtungtrue
2052;57304;Querschnitt4158;BMS99-718;BMS99-718_Heiz;5;9918595;48.16479638;11.74343391;4158;35.033;;Betriebsstatus1;Streckenstation794;SST99-718;6;Fahrbahnteil1;UZ Aschheim;A99 Richtung Lindau;Richtungtrue
2053;56008;Querschnitt4159;BMS99-720;BMS99-720_Heiz;5;9918561;48.16855185;11.73988984;4159;34.7;;Betriebsstatus1;Streckenstation793;SST99-720;6;Fahrbahnteil1;UZ Aschheim;A99 Richtung Lindau;Richtungtrue
2054;53590;Querschnitt4160;BMS99-728;BMS99-728_Heiz;5;9918524;48.17261314;11.7358055;4160;34.03;;Betriebsstatus1;Streckenstation792;SST99-728;6;Fahrbahnteil1;UZ Aschheim;A99 Richtung Lindau;Richtungtrue
2055;52047;Querschnitt4161;BMS99-730;BMS99-730_Heiz;5;9918480;48.17691588;11.73104771;4161;33.46;;Betriebsstatus1;Streckenstation791;SST99-730;6;Fahrbahnteil1;UZ Aschheim;A99 Richtung Lindau;Richtungtrue
2056;54745;Querschnitt4162;BMS99-732;BMS99-732_Heiz;5;9918435;48.18099958;11.7261117;4162;32.87;;Betriebsstatus1;Streckenstation790;SST99-732;6;Fahrbahnteil1;UZ Aschheim;A99 Richtung Lindau;Richtungtrue
2057;54305;Querschnitt4163;BMS99-734;BMS99-734_Heiz;5;9918421;48.18199296;11.72459071;4163;32.68;;Betriebsstatus1;Streckenstation789;SST99-734;6;Fahrbahnteil1;UZ Aschheim;A99 Richtung Lindau;Richtungtrue
2058;51134;Querschnitt4164;BMS99-735;BMS99-735_Heiz;5;9918413;48.18259962;11.72355207;4164;32.57;;Betriebsstatus1;Streckenstation788;SST99-735;6;Fahrbahnteil1;UZ Aschheim;A99 Richtung Lindau;Richtungtrue
2059;50588;Querschnitt4165;BMS99-738;BMS99-738_Heiz;5;9918383;48.18514455;11.71915822;4165;32.17;;Betriebsstatus1;Streckenstation787;SST99-738;6;Fahrbahnteil1;UZ Aschheim;A99 Richtung Lindau;Richtungtrue
2060;61717;Querschnitt4166;BMS99-740;BMS99-740_Heiz;5;9918368;48.18635226;11.71677824;4166;31.966;;Betriebsstatus1;Streckenstation786;SST99-740;6;Fahrbahnteil1;UZ Aschheim;A99 Richtung Lindau;Richtungtrue
2061;58217;Querschnitt4173;BMS99-760;BMS99-760_Heiz;5;9918096;48.198905;11.67145763;4173;28.3;;Betriebsstatus1;Streckenstation779;SST99-760;6;Fahrbahnteil1;UZ Aschheim;A99 Richtung Lindau;Richtungtrue
2062;57424;Querschnitt4174;BMS99-762;BMS99-762_Heiz;5;9918039;48.20172724;11.66340368;4174;27.6;;Betriebsstatus1;Streckenstation778;SST99-762;6;Fahrbahnteil1;UZ Aschheim;A99 Richtung Lindau;Richtungtrue
2063;55812;Querschnitt4175;BMS99-765;BMS99-765_Heiz;5;9918031;48.20280505;11.66082198;4175;27.42;;Betriebsstatus1;Streckenstation777;SST99-765;6;Fahrbahnteil1;UZ Aschheim;A99 Richtung Lindau;Richtungtrue
2064;53310;Querschnitt4176;BMS99-770;BMS99-770_Heiz;5;9917987;48.20558908;11.65472577;4176;26.825;;Betriebsstatus1;Streckenstation776;SST99-770;6;Fahrbahnteil1;UZ Aschheim;A99 Richtung Lindau;Richtungtrue
2065;56001;Querschnitt4177;BMS99-772;BMS99-772_Heiz;5;9917967;48.20734892;11.65174307;4177;26.55;;Betriebsstatus1;Streckenstation775;SST99-772;6;Fahrbahnteil1;UZ Aschheim;A99 Richtung Lindau;Richtungtrue
2066;57646;Querschnitt4178;BMS99-775;BMS99-775_Heiz;5;9917935;48.20986136;11.64776296;4178;26.12;;Betriebsstatus1;Streckenstation774;SST99-775;6;Fahrbahnteil1;UZ Aschheim;A99 Richtung Lindau;Richtungtrue
2067;61395;Querschnitt4179;BMS99-777;BMS99-777_Heiz;5;9917890;48.21223029;11.64428006;4179;25.74;;Betriebsstatus1;Streckenstation773;SST99-777;6;Fahrbahnteil1;UZ Aschheim;A99 Richtung Lindau;Richtungtrue
2068;54395;Querschnitt4180;BMS99-780;BMS99-780_Heiz;5;9917883;48.21463217;11.64091284;4180;25.42;;Betriebsstatus1;Streckenstation772;SST99-780;6;Fahrbahnteil1;UZ Aschheim;A99 Richtung Lindau;Richtungtrue
2069;56028;Querschnitt4181;BMS99-782;BMS99-782_Heiz;5;9917865;48.21602295;11.63884925;4181;25.175;;Betriebsstatus1;Streckenstation771;SST99-782;6;Fahrbahnteil1;UZ Aschheim;A99 Richtung Lindau;Richtungtrue
2070;56273;Querschnitt4182;BMS99-784;BMS99-784_Heiz;5;9917843;48.21809939;11.6352939;4182;24.87;;Betriebsstatus1;Streckenstation770;SST99-784;6;Fahrbahnteil1;UZ Aschheim;A99 Richtung Lindau;Richtungtrue
2071;54692;Querschnitt4190;BMS9-99-A10;BMS9-99-A10_Heiz;5;9907729;48.22883911;11.6319447;4190;23.34;;Betriebsstatus1;Streckenstation716;SST9-99-A10;6;Fahrbahnteil1;UZ Aschheim;A99 Richtung Salzburg;Richtungfalse
2072;56004;Querschnitt4191;BMS9-99-A20;BMS9-99-A20_Heiz;5;9907868;48.21533055;11.63886944;4191;25.22;;Betriebsstatus1;Streckenstation719;SST9-99-A20;6;Fahrbahnteil1;UZ Aschheim;A99 Richtung Salzburg;Richtungfalse
2073;60776;Querschnitt4086;BMS99-060;BMS99-060_Netz;3;9907564;48.2285104;11.58934197;4086;21.115;;Betriebsstatus1;Streckenstation713;SST99-060;6;Fahrbahnteil1;UZ Aschheim;A99 Richtung Salzburg;Richtungfalse
2074;60150;Querschnitt4088;BMS99-070;BMS99-070_Netz;3;9907659;48.22769527;11.60642379;4088;22.4;;Betriebsstatus1;Streckenstation715;SST99-070;6;Fahrbahnteil1;UZ Aschheim;A99 Richtung Salzburg;Richtungfalse
2075;56299;Querschnitt4113;BMS99-210;BMS99-210_Netz;4;9908667;48.15739092;11.74894645;4113;36.0;;Betriebsstatus1;Streckenstation742;SST99-210;6;Fahrbahnteil1;UZ Aschheim;A99 Richtung Salzburg;Richtungfalse
2076;52523;Querschnitt3948;BMS92-010;BMS92-010_Netz;3;9206036;48.22487167;11.54090471;3948;1.223;;Betriebsstatus1;Streckenstation922;SST92-010;6;Fahrbahnteil1;UZ Freising;A92 Richtung Deggendorf;Richtungfalse
2077;51550;Querschnitt3949;BMS92-020;BMS92-020_Netz;3;9206014;48.22993128;11.54307682;3949;0.488;;Betriebsstatus1;Streckenstation921;SST92-020-030;6;Fahrbahnteil1;UZ Freising;A92 Richtung Deggendorf;Richtungfalse
2078;55466;Querschnitt3950;BMS92-040;BMS92-040_Netz;3;9206043;48.23848286;11.53753582;3950;1.47;;Betriebsstatus1;Streckenstation923;SST92-040;6;Fahrbahnteil1;UZ Freising;A92 Richtung Deggendorf;Richtungfalse
2079;54392;Querschnitt3951;BMS92-042;BMS92-042_Netz;3;9206085;48.25044569;11.53293477;3951;2.85;;Betriebsstatus1;Streckenstation924;SST92-042;6;Fahrbahnteil1;UZ Freising;A92 Richtung Deggendorf;Richtungfalse
2080;59626;Querschnitt3952;BMS92-045;BMS92-045_Netz;3;9206095;48.25338903;11.53314447;3952;3.2;;Betriebsstatus1;Streckenstation925;SST92-045;6;Fahrbahnteil1;UZ Freising;A92 Richtung Deggendorf;Richtungfalse
2081;55848;Querschnitt3953;BMS92-050;BMS92-050_Netz;3;9206104;48.25614591;11.53369998;3953;3.5;;Betriebsstatus1;Streckenstation926;SST92-050;6;Fahrbahnteil1;UZ Freising;A92 Richtung Deggendorf;Richtungfalse
2082;63061;Querschnitt3954;BMS92-060;BMS92-060_Netz;3;9206167;48.27337502;11.54440535;3954;5.595;;Betriebsstatus1;Streckenstation927;SST92-060;6;Fahrbahnteil1;UZ Freising;A92 Richtung Deggendorf;Richtungfalse
2083;58195;Querschnitt3955;BMS92-070;BMS92-070_Netz;3;9206230;48.28812672;11.56333247;3955;7.74;;Betriebsstatus1;Streckenstation928;SST92-070;6;Fahrbahnteil1;UZ Freising;A92 Richtung Deggendorf;Richtungfalse
2084;61636;Querschnitt3956;BMS92-075;BMS92-075_Netz;3;9206278;48.29660323;11.58039399;3956;9.345;;Betriebsstatus1;Streckenstation930;SST92-075;6;Fahrbahnteil1;UZ Freising;A92 Richtung Deggendorf;Richtungfalse
2085;54380;Querschnitt3957;BMS92-076;BMS92-076_Netz;3;9206277;48.29366224;11.58003625;3957;9.295;;Betriebsstatus1;Streckenstation929;SST92-076;6;Fahrbahnteil1;UZ Freising;A92 Richtung Deggendorf;Richtungfalse
2086;52138;Querschnitt3958;BMS92-080;BMS92-080_Netz;3;9206290;48.29885027;11.58496565;3958;9.77;;Betriebsstatus1;Streckenstation931;SST92-080;6;Fahrbahnteil1;UZ Freising;A92 Richtung Deggendorf;Richtungfalse
2087;56753;Querschnitt3959;BMS92-090;BMS92-090_Netz;3;9206329;48.30568696;11.5991689;3959;11.07;;Betriebsstatus1;Streckenstation932;SST92-090;6;Fahrbahnteil1;UZ Freising;A92 Richtung Deggendorf;Richtungfalse
2088;57608;Querschnitt3961;BMS92-100;BMS92-100_Netz;3;9206355;48.31015788;11.6084506;3961;11.93;;Betriebsstatus1;Streckenstation933;SST92-100;6;Fahrbahnteil1;UZ Freising;A92 Richtung Deggendorf;Richtungfalse
2089;59261;Querschnitt3962;BMS92-117;BMS92-117_Netz;3;9206395;48.31708278;11.62428485;3962;1.24;;Betriebsstatus1;Streckenstation934;SST92-117;6;Fahrbahnteil1;UZ Freising;A92 Richtung Deggendorf;Richtungfalse
2090;61600;Querschnitt3963;BMS92-120;BMS92-120_Netz;3;9206396;48.31751587;11.62367183;3963;13.26;;Betriebsstatus1;Streckenstation935;SST92-120;6;Fahrbahnteil1;UZ Freising;A92 Richtung Deggendorf;Richtungfalse
2091;60895;Querschnitt3964;BMS92-130;BMS92-130_Netz;3;9206417;48.32100286;11.63129578;3964;13.99;;Betriebsstatus1;Streckenstation936;SST92-130;6;Fahrbahnteil1;UZ Freising;A92 Richtung Deggendorf;Richtungfalse
2092;50581;Querschnitt3965;BMS92-140;BMS92-140_Netz;3;9206419;48.3216967;11.63273928;3965;14.1;;Betriebsstatus1;Streckenstation937;SST92-140;6;Fahrbahnteil1;UZ Freising;A92 Richtung Deggendorf;Richtungfalse
2093;53561;Querschnitt3966;BMS92-150;BMS92-150_Netz;3;9206451;48.32665421;11.64431299;3966;15.17;;Betriebsstatus1;Streckenstation938;SST92-150;6;Fahrbahnteil1;UZ Freising;A92 Richtung Deggendorf;Richtungfalse
2094;51852;Querschnitt3967;BMS92-160;BMS92-160_Netz;3;9206502;48.33162514;11.6658909;3967;16.87;;Betriebsstatus1;Streckenstation939;SST92-160;6;Fahrbahnteil1;UZ Freising;A92 Richtung Deggendorf;Richtungfalse
2095;53732;Querschnitt3968;BMS92-170;BMS92-170_Netz;3;9206556;48.33273822;11.68986287;3968;18.65;;Betriebsstatus1;Streckenstation940;SST92-170;6;Fahrbahnteil1;UZ Freising;A92 Richtung Deggendorf;Richtungfalse
2096;55102;Querschnitt3969;BMS92-175;BMS92-175_Netz;3;9206580;48.33373749;11.69862868;3969;19.5;;Betriebsstatus1;Streckenstation941;SST92-175;6;Fahrbahnteil1;UZ Freising;A92 Richtung Deggendorf;Richtungfalse
2097;51201;Querschnitt3970;BMS92-180;BMS92-180_Netz;3;9206601;48.33722048;11.70809096;3970;20.095;;Betriebsstatus1;Streckenstation942;SST92-180;6;Fahrbahnteil1;UZ Freising;A92 Richtung Deggendorf;Richtungfalse
2098;52636;Querschnitt3971;BMS92-200;BMS92-200_Netz;3;9206618;48.34164574;11.7138869;3971;20.75;;Betriebsstatus1;Streckenstation944;SST92-200;6;Fahrbahnteil1;UZ Freising;A92 Richtung Deggendorf;Richtungfalse
2099;61371;Querschnitt3972;BMS92-210;BMS92-210_Netz;3;9206625;48.34332001;11.71575429;3972;20.97;;Betriebsstatus1;Streckenstation945;SST92-210;6;Fahrbahnteil1;UZ Freising;A92 Richtung Deggendorf;Richtungfalse
2100;62186;Querschnitt3973;BMS92-215;BMS92-215_Netz;3;9206604;48.34545787;11.71869983;3973;21.31;;Betriebsstatus1;Streckenstation943;SST92-215;6;Fahrbahnteil1;UZ Freising;A92 Richtung Deggendorf;Richtungfalse
2101;56002;Querschnitt3974;BMS92-220;BMS92-220_Netz;3;9206642;48.34693437;11.72137602;3974;21.57;;Betriebsstatus1;Streckenstation946;SST92-220;6;Fahrbahnteil1;UZ Freising;A92 Richtung Deggendorf;Richtungfalse
2102;59435;Querschnitt3975;BMS92-230;BMS92-230_Netz;3;9206658;48.34987539;11.72668252;3975;22.088;;Betriebsstatus1;Streckenstation948;SST92-230;6;Fahrbahnteil1;UZ Freising;A92 Richtung Deggendorf;Richtungfalse
2103;52300;Querschnitt3976;BMS92-240;BMS92-240_Netz;3;9206655;48.34942866;11.72602193;3976;0.9;;Betriebsstatus1;Streckenstation947;SST92-240;6;Fahrbahnteil4;UZ Freising;A92 Richtung Deggendorf;Richtungfalse
2104;58615;Querschnitt3978;BMS92-260;BMS92-260_Netz;3;9206707;48.36335007;11.73680293;3978;23.745;;Betriebsstatus1;Streckenstation949;SST92-260;6;Fahrbahnteil1;UZ Freising;A92 Richtung Deggendorf;Richtungfalse
2105;61186;Querschnitt3979;BMS92-270;BMS92-270_Netz;3;9206724;48.36799064;11.74145293;3979;24.33;;Betriebsstatus1;Streckenstation950;SST92-270;6;Fahrbahnteil1;UZ Freising;A92 Richtung Deggendorf;Richtungfalse
2106;62563;Querschnitt3980;BMS92-280;BMS92-280_Netz;3;9206744;48.37142058;11.74541695;3980;25.0;;Betriebsstatus1;Streckenstation951;SST92-280;6;Fahrbahnteil1;UZ Freising;A92 Richtung Deggendorf;Richtungfalse
2107;57397;Querschnitt3981;BMS92-290;BMS92-290_Netz;3;9206752;48.37418057;11.74887994;3981;25.27;;Betriebsstatus1;Streckenstation952;SST92-290;6;Fahrbahnteil1;UZ Freising;A92 Richtung Deggendorf;Richtungfalse
2108;59301;Querschnitt3982;BMS92-300;BMS92-300_Netz;3;9206804;48.38373662;11.76745794;3982;27.02;;Betriebsstatus1;Streckenstation953;SST92-300;6;Fahrbahnteil1;UZ Freising;A92 Richtung Deggendorf;Richtungfalse
2109;51523;Querschnitt3983;BMS92-310;BMS92-310_Netz;3;9206835;48.38792006;11.78158017;3983;28.05;;Betriebsstatus1;Streckenstation954;SST92-310;6;Fahrbahnteil1;UZ Freising;A92 Richtung Deggendorf;Richtungfalse
2110;57428;Querschnitt3984;BMS92-320;BMS92-320_Netz;3;9207014;48.39703224;11.85905365;3984;34.03;;Betriebsstatus1;Streckenstation955;SST92-320;6;Fahrbahnteil1;UZ Freising;A92 Richtung Deggendorf;Richtungfalse
2111;62983;Querschnitt3986;BMS92-400;BMS92-400_Netz;3;9217027;48.39870524;11.86465469;3986;34.49;;Betriebsstatus1;Streckenstation995;SST92-400;6;Fahrbahnteil1;UZ Freising;A92 Richtung M.-Zentrum;Richtungtrue
2112;54334;Querschnitt3987;BMS92-410;BMS92-410_Netz;3;9217013;48.39742042;11.85901545;3987;34.03;;Betriebsstatus1;Streckenstation994;SST92-410;6;Fahrbahnteil1;UZ Freising;A92 Richtung M.-Zentrum;Richtungtrue
2113;53253;Querschnitt3988;BMS92-420;BMS92-420_Netz;3;9217005;48.39662198;11.85548795;3988;33.75;;Betriebsstatus1;Streckenstation993;SST92-420;6;Fahrbahnteil1;UZ Freising;A92 Richtung M.-Zentrum;Richtungtrue
2114;51947;Querschnitt3989;BMS92-430;BMS92-430_Netz;3;9216947;48.39270998;11.82988286;3989;31.8;;Betriebsstatus1;Streckenstation992;SST92-430;6;Fahrbahnteil1;UZ Freising;A92 Richtung M.-Zentrum;Richtungtrue
2115;63317;Querschnitt3990;BMS92-440;BMS92-440_Netz;3;9216870;48.39041507;11.79527006;3990;29.23;;Betriebsstatus1;Streckenstation991;SST92-440;6;Fahrbahnteil1;UZ Freising;A92 Richtung M.-Zentrum;Richtungtrue
2116;55032;Querschnitt3991;BMS92-450;BMS92-450_Netz;3;9216825;48.3870577;11.77654331;3991;27.7;;Betriebsstatus1;Streckenstation990;SST92-450;6;Fahrbahnteil1;UZ Freising;A92 Richtung M.-Zentrum;Richtungtrue
2117;53515;Querschnitt3992;BMS92-460;BMS92-460_Netz;3;9216814;48.38547864;11.77136819;3992;27.39;;Betriebsstatus1;Streckenstation989;SST92-460;6;Fahrbahnteil1;UZ Freising;A92 Richtung M.-Zentrum;Richtungtrue
2118;62715;Querschnitt3994;BMS92-480;BMS92-480_Netz;3;9216741;48.3734325;11.74713576;3994;24.9;;Betriebsstatus1;Streckenstation987;SST92-480;6;Fahrbahnteil1;UZ Freising;A92 Richtung M.-Zentrum;Richtungtrue
2119;60731;Querschnitt3995;BMS92-490;BMS92-490_Netz;3;9216735;48.37084408;11.74380959;3995;24.68;;Betriebsstatus1;Streckenstation986;SST92-490;6;Fahrbahnteil1;UZ Freising;A92 Richtung M.-Zentrum;Richtungtrue
2120;58998;Querschnitt3997;BMS92-500;BMS92-500_Netz;3;9216710;48.36415675;11.73684373;3997;23.84;;Betriebsstatus1;Streckenstation985;SST92-500;6;Fahrbahnteil1;UZ Freising;A92 Richtung M.-Zentrum;Richtungtrue
2121;59914;Querschnitt3998;BMS92-510;BMS92-510_Netz;3;9216671;48.35339881;11.72955952;3998;22.53;;Betriebsstatus1;Streckenstation984;SST92-510;6;Fahrbahnteil1;UZ Freising;A92 Richtung M.-Zentrum;Richtungtrue
2122;61524;Querschnitt3999;BMS92-520;BMS92-520_Netz;3;9216657;48.34938713;11.72459473;3999;0.77;;Betriebsstatus1;Streckenstation982;SST92-520;6;Fahrbahnteil3;UZ Freising;A92 Richtung M.-Zentrum;Richtungtrue
2123;51802;Querschnitt4000;BMS92-530;BMS92-530_Netz;3;9216635;48.34588029;11.71852254;4000;21.33;;Betriebsstatus1;Streckenstation981;SST92-530;6;Fahrbahnteil1;UZ Freising;A92 Richtung M.-Zentrum;Richtungtrue
2124;57431;Querschnitt4001;BMS92-540;BMS92-540_Netz;3;9216602;48.33882246;11.70989149;4001;20.32;;Betriebsstatus1;Streckenstation980;SST92-540;6;Fahrbahnteil1;UZ Freising;A92 Richtung M.-Zentrum;Richtungtrue
2125;61558;Querschnitt4002;BMS92-545;BMS92-545_Netz;3;9216572;48.33409081;11.69848431;4002;19.21;;Betriebsstatus1;Streckenstation979;SST92-545;6;Fahrbahnteil1;UZ Freising;A92 Richtung M.-Zentrum;Richtungtrue
2126;60755;Querschnitt4003;BMS92-550;BMS92-550_Netz;3;9216555;48.33315284;11.69018095;4003;18.68;;Betriebsstatus1;Streckenstation978;SST92-550;6;Fahrbahnteil1;UZ Freising;A92 Richtung M.-Zentrum;Richtungtrue
2127;58454;Querschnitt4004;BMS92-570;BMS92-570_Netz;3;9216509;48.33248504;11.66937766;4004;17.13;;Betriebsstatus1;Streckenstation976;SST92-570;6;Fahrbahnteil1;UZ Freising;A92 Richtung M.-Zentrum;Richtungtrue
2128;57325;Querschnitt4005;BMS92-572;BMS92-572_Netz;3;9216474;48.32972578;11.65351896;4005;15.93;;Betriebsstatus1;Streckenstation975;SST92-572;6;Fahrbahnteil1;UZ Freising;A92 Richtung M.-Zentrum;Richtungtrue
2129;54675;Querschnitt4006;BMS92-580;BMS92-580_Netz;3;9216467;48.32893772;11.65039143;4006;15.68;;Betriebsstatus1;Streckenstation974;SST92-580;6;Fahrbahnteil1;UZ Freising;A92 Richtung M.-Zentrum;Richtungtrue
2130;62543;Querschnitt4007;BMS92-584;BMS92-584_Netz;3;9216444;48.32604121;11.64134518;4007;14.93;;Betriebsstatus1;Streckenstation973;SST92-584;6;Fahrbahnteil1;UZ Freising;A92 Richtung M.-Zentrum;Richtungtrue
2131;51934;Querschnitt4008;BMS92-586;BMS92-586_Netz;3;9216437;48.32492992;11.63851959;4008;14.68;;Betriebsstatus1;Streckenstation972;SST92-586;6;Fahrbahnteil1;UZ Freising;A92 Richtung M.-Zentrum;Richtungtrue
2132;59760;Querschnitt4009;BMS92-588;BMS92-588_Netz;3;9216429;48.32393777;11.63619531;4009;14.43;;Betriebsstatus1;Streckenstation971;SST92-588;6;Fahrbahnteil1;UZ Freising;A92 Richtung M.-Zentrum;Richtungtrue
2133;59520;Querschnitt4010;BMS92-590;BMS92-590_Netz;3;9216421;48.32226819;11.63242342;4010;14.155;;Betriebsstatus1;Streckenstation970;SST92-590;6;Fahrbahnteil1;UZ Freising;A92 Richtung M.-Zentrum;Richtungtrue
2134;62007;Querschnitt4013;BMS92-610;BMS92-610_Netz;3;9216375;48.31422676;11.61578008;4013;12.61;;Betriebsstatus1;Streckenstation968;SST92-610;6;Fahrbahnteil1;UZ Freising;A92 Richtung M.-Zentrum;Richtungtrue
2135;51267;Querschnitt4014;BMS92-620;BMS92-620_Netz;3;9216323;48.30500587;11.59686457;4014;10.875;;Betriebsstatus1;Streckenstation967;SST92-620;6;Fahrbahnteil1;UZ Freising;A92 Richtung M.-Zentrum;Richtungtrue
2136;58684;Querschnitt4015;BMS92-625;BMS92-625_Netz;3;9216279;48.2969537;11.58027265;4015;9.37;;Betriebsstatus1;Streckenstation966;SST92-625;6;Fahrbahnteil1;UZ Freising;A92 Richtung M.-Zentrum;Richtungtrue
2137;60660;Querschnitt4016;BMS92-630;BMS92-630_Netz;3;9216265;48.29465945;11.57548505;4016;8.93;;Betriebsstatus1;Streckenstation965;SST92-630;6;Fahrbahnteil1;UZ Freising;A92 Richtung M.-Zentrum;Richtungtrue
2138;62390;Querschnitt4017;BMS92-640;BMS92-640_Netz;3;9216199;48.28158307;11.55277554;4017;6.7;;Betriebsstatus1;Streckenstation964;SST92-640;6;Fahrbahnteil1;UZ Freising;A92 Richtung M.-Zentrum;Richtungtrue
2139;51860;Querschnitt4018;BMS92-650;BMS92-650_Netz;3;9216133;48.26461933;11.5371183;4018;4.48;;Betriebsstatus1;Streckenstation963;SST92-650;6;Fahrbahnteil1;UZ Freising;A92 Richtung M.-Zentrum;Richtungtrue
2140;54168;Querschnitt4019;BMS92-652;BMS92-652_Netz;3;9216099;48.25487576;11.53264939;4019;3.35;;Betriebsstatus1;Streckenstation962;SST92-652;6;Fahrbahnteil1;UZ Freising;A92 Richtung M.-Zentrum;Richtungtrue
2141;50586;Querschnitt4020;BMS92-655;BMS92-655_Netz;3;9216088;48.25147501;11.53230167;4020;2.975;;Betriebsstatus1;Streckenstation961;SST92-655;6;Fahrbahnteil1;UZ Freising;A92 Richtung M.-Zentrum;Richtungtrue
2142;51895;Querschnitt4021;BMS92-660;BMS92-660_Netz;3;9216084;48.25029633;11.53233893;4021;2.85;;Betriebsstatus1;Streckenstation960;SST92-660;6;Fahrbahnteil1;UZ Freising;A92 Richtung M.-Zentrum;Richtungtrue
2143;52366;Querschnitt4022;BMS92-670;BMS92-670_Netz;3;9216075;48.24742981;11.53266597;4022;2.53;;Betriebsstatus1;Streckenstation959;SST92-670;6;Fahrbahnteil1;UZ Freising;A92 Richtung M.-Zentrum;Richtungtrue
2144;55904;Querschnitt4023;BMS92-680;BMS92-680_Netz;3;9216068;48.24537375;11.53321396;4023;2.3;;Betriebsstatus1;Streckenstation958;SST92-680;6;Fahrbahnteil1;UZ Freising;A92 Richtung M.-Zentrum;Richtungtrue
2145;56653;Querschnitt4024;BMS92-690;BMS92-690_Netz;3;9216038;48.23655511;11.53841824;4024;1.28;;Betriebsstatus1;Streckenstation957;SST92-690;6;Fahrbahnteil1;UZ Freising;A92 Richtung M.-Zentrum;Richtungtrue
2146;58279;Querschnitt4025;BMS92-700;BMS92-700_Netz;3;9216012;48.22888809;11.54170335;4025;0.617;;Betriebsstatus1;Streckenstation956;SST92-700;6;Fahrbahnteil1;UZ Freising;A92 Richtung M.-Zentrum;Richtungtrue
2147;53060;Querschnitt4026;BMS92-710;BMS92-710_Netz;3;9216519;48.22622197;11.53954269;4026;0.567;;Betriebsstatus1;Streckenstation977;SST92-710;6;Fahrbahnteil4;UZ Freising;A92 Richtung M.-Zentrum;Richtungtrue
2148;61163;Querschnitt4032;BMS9-361;BMS9-361_Netz;3;9030976;48.3116264;11.62421728;4032;513.305;;Betriebsstatus1;Streckenstation834;SST9-361;6;Fahrbahnteil1;UZ Freising;A9 Richtung Nürnberg;Richtungfalse
2149;55680;Querschnitt4076;BMS99-010;BMS99-010_Netz;3;9906994;48.20977593;11.49254924;4076;13.42;;Betriebsstatus1;Streckenstation703;SST99-010;6;Fahrbahnteil1;UZ Aschheim;A99 Richtung Salzburg;Richtungfalse
2150;53793;Querschnitt4077;BMS99-020;BMS99-020_Netz;3;9907139;48.2198002;11.51331204;4077;15.37;;Betriebsstatus1;Streckenstation704;SST99-020;6;Fahrbahnteil1;UZ Aschheim;A99 Richtung Salzburg;Richtungfalse
2151;52570;Querschnitt4078;BMS99-030;BMS99-030_Netz;3;9907260;48.22515485;11.53375991;4078;17.005;;Betriebsstatus1;Streckenstation705;SST99-030;6;Fahrbahnteil1;UZ Aschheim;A99 Richtung Salzburg;Richtungfalse
2152;63060;Querschnitt4079;BMS99-040;BMS99-040_Netz;3;9907272;48.22542095;11.53640517;4079;17.17;;Betriebsstatus1;Streckenstation706;SST99-040;6;Fahrbahnteil1;UZ Aschheim;A99 Richtung Salzburg;Richtungfalse
2153;61105;Querschnitt4080;BMS99-045;BMS99-045_Netz;3;9907347;48.22645782;11.54985413;4080;18.18;;Betriebsstatus1;Streckenstation707;SST99-045;6;Fahrbahnteil1;UZ Aschheim;A99 Richtung Salzburg;Richtungfalse
2154;62319;Querschnitt4081;BMS99-050;BMS99-050_Netz;3;9907442;48.22685615;11.56714782;4081;19.47;;Betriebsstatus1;Streckenstation708;SST99-050;6;Fahrbahnteil1;UZ Aschheim;A99 Richtung Salzburg;Richtungfalse
2155;63225;Querschnitt4082;BMS99-055;BMS99-055_Netz;3;9907474;48.22713697;11.5730615;4082;19.905;;Betriebsstatus1;Streckenstation709;SST99-055;6;Fahrbahnteil1;UZ Aschheim;A99 Richtung Salzburg;Richtungfalse
2156;61995;Querschnitt4083;BMS99-056;BMS99-056_Netz;3;9907480;48.22729438;11.57397912;4083;19.986;;Betriebsstatus1;Streckenstation710;SST99-056;6;Fahrbahnteil1;UZ Aschheim;A99 Richtung Salzburg;Richtungfalse
2157;60456;Querschnitt4084;BMS99-058;BMS99-058_Netz;3;9907516;48.22789911;11.58040349;4084;20.47;;Betriebsstatus1;Streckenstation711;SST99-058;6;Fahrbahnteil1;UZ Aschheim;A99 Richtung Salzburg;Richtungfalse
2158;52089;Querschnitt4085;BMS99-059;BMS99-059_Netz;3;9907539;48.22827475;11.58432816;4085;20.78;;Betriebsstatus1;Streckenstation712;SST99-059;6;Fahrbahnteil1;UZ Aschheim;A99 Richtung Salzburg;Richtungfalse
2159;62807;Querschnitt4117;BMS99-248;BMS99-248_Netz;3;9908807;48.14080477;11.7579588;4117;37.9;;Betriebsstatus1;Streckenstation746;SST99-248;6;Fahrbahnteil1;UZ Aschheim;A99 Richtung Salzburg;Richtungfalse
2160;60885;Querschnitt4118;BMS99-250;BMS99-250_Netz;3;9908867;48.13428817;11.7587319;4118;38.7;;Betriebsstatus1;Streckenstation747;SST99-250;6;Fahrbahnteil1;UZ Aschheim;A99 Richtung Salzburg;Richtungfalse
2161;60356;Querschnitt4119;BMS99-258;BMS99-258_Netz;3;9908940;48.12573301;11.75850075;4119;39.685;;Betriebsstatus1;Streckenstation748;SST99-258;6;Fahrbahnteil1;UZ Aschheim;A99 Richtung Salzburg;Richtungfalse
2162;57388;Querschnitt4120;BMS99-260;BMS99-260_Netz;3;9908998;48.11852099;11.75744614;4120;40.47;;Betriebsstatus1;Streckenstation749;SST99-260;6;Fahrbahnteil1;UZ Aschheim;A99 Richtung Salzburg;Richtungfalse
2163;58818;Querschnitt4121;BMS99-262;BMS99-262_Netz;3;9909015;48.11658472;11.75712589;4121;40.675;;Betriebsstatus1;Streckenstation750;SST99-262;6;Fahrbahnteil1;UZ Aschheim;A99 Richtung Salzburg;Richtungfalse
2164;55305;Querschnitt4122;BMS99-264;BMS99-264_Netz;3;9909050;48.11222305;11.75597273;4122;41.18;;Betriebsstatus1;Streckenstation751;SST99-264;6;Fahrbahnteil1;UZ Aschheim;A99 Richtung Salzburg;Richtungfalse
2165;60536;Querschnitt4123;BMS99-268;BMS99-268_Netz;3;9909071;48.10987041;11.75514655;4123;41.46;;Betriebsstatus1;Streckenstation752;SST99-268;6;Fahrbahnteil1;UZ Aschheim;A99 Richtung Salzburg;Richtungfalse
2166;57507;Querschnitt4124;BMS99-270;BMS99-270_Netz;3;9909114;48.10459396;11.75301024;4124;42.04;;Betriebsstatus1;Streckenstation753;SST99-270;6;Fahrbahnteil1;UZ Aschheim;A99 Richtung Salzburg;Richtungfalse
2167;59715;Querschnitt4125;BMS99-280;BMS99-280_Netz;3;9909220;48.09284818;11.74620916;4125;43.47;;Betriebsstatus1;Streckenstation754;SST99-280;6;Fahrbahnteil1;UZ Aschheim;A99 Richtung Salzburg;Richtungfalse
2168;55025;Querschnitt4126;BMS99-290;BMS99-290_Netz;3;9909344;48.07974446;11.73467731;4126;45.14;;Betriebsstatus1;Streckenstation755;SST99-290;6;Fahrbahnteil1;UZ Aschheim;A99 Richtung Salzburg;Richtungfalse
2169;62462;Querschnitt4127;BMS99-295;BMS99-295_Netz;3;9909407;48.07413994;11.72788637;4127;46.0;;Betriebsstatus1;Streckenstation756;SST99-295;6;Fahrbahnteil1;UZ Aschheim;A99 Richtung Salzburg;Richtungfalse
2170;57486;Querschnitt4128;BMS99-300;BMS99-300_Netz;3;9909464;48.06908921;11.7203238;4128;46.77;;Betriebsstatus1;Streckenstation757;SST99-300;6;Fahrbahnteil1;UZ Aschheim;A99 Richtung Salzburg;Richtungfalse
2171;59186;Querschnitt4129;BMS99-305;BMS99-305_Netz;3;9909509;48.06568185;11.71415921;4129;47.37;;Betriebsstatus1;Streckenstation758;SST99-305;6;Fahrbahnteil1;UZ Aschheim;A99 Richtung Salzburg;Richtungfalse
2172;53639;Querschnitt4130;BMS99-315;BMS99-315_Netz;3;9909777;48.04196148;11.68188435;4130;50.985;;Betriebsstatus1;Streckenstation759;SST99-315;6;Fahrbahnteil1;UZ Aschheim;A99 Richtung Salzburg;Richtungfalse
2173;56701;Querschnitt4131;BMS99-525;BMS99-525_Netz;3;9919783;48.04101263;11.68182746;4131;51.07;;Betriebsstatus1;Streckenstation821;SST99-525;6;Fahrbahnteil1;UZ Aschheim;A99 Richtung Lindau;Richtungtrue
2174;50878;Querschnitt4132;BMS99-530;BMS99-530_Netz;3;9919752;48.0445257;11.68474345;4132;50.65;;Betriebsstatus1;Streckenstation820;SST99-530;6;Fahrbahnteil1;UZ Aschheim;A99 Richtung Lindau;Richtungtrue
2175;53751;Querschnitt4133;BMS99-532;BMS99-532_Netz;3;9919642;48.05549528;11.69500679;4133;49.17;;Betriebsstatus1;Streckenstation819;SST99-532;6;Fahrbahnteil1;UZ Aschheim;A99 Richtung Lindau;Richtungtrue
2176;55718;Querschnitt4134;BMS99-535;BMS99-535_Netz;3;9919567;48.06119781;11.70562559;4134;48.15;;Betriebsstatus1;Streckenstation818;SST99-535;6;Fahrbahnteil1;UZ Aschheim;A99 Richtung Lindau;Richtungtrue
2177;51622;Querschnitt4135;BMS99-540;BMS99-540_Netz;3;9919543;48.06297173;11.70966689;4135;47.835;;Betriebsstatus1;Streckenstation817;SST99-540;6;Fahrbahnteil1;UZ Aschheim;A99 Richtung Lindau;Richtungtrue
2178;53677;Querschnitt4136;BMS99-550;BMS99-550_Netz;3;9919408;48.07368075;11.72816535;4136;46.006;;Betriebsstatus1;Streckenstation816;SST99-550;6;Fahrbahnteil1;UZ Aschheim;A99 Richtung Lindau;Richtungtrue
2179;61054;Querschnitt4137;BMS99-560;BMS99-560_Netz;3;9919321;48.08179491;11.7376955;4137;44.83;;Betriebsstatus1;Streckenstation815;SST99-560;6;Fahrbahnteil1;UZ Aschheim;A99 Richtung Lindau;Richtungtrue
2180;55671;Querschnitt4138;BMS99-580;BMS99-580_Netz;3;9919206;48.094234;11.7479885;4138;43.28;;Betriebsstatus1;Streckenstation814;SST99-580;6;Fahrbahnteil1;UZ Aschheim;A99 Richtung Lindau;Richtungtrue
2181;51168;Querschnitt4139;BMS99-585;BMS99-585_Netz;3;9919187;48.09632028;11.74929522;4139;43.02;;Betriebsstatus1;Streckenstation813;SST99-585;6;Fahrbahnteil1;UZ Aschheim;A99 Richtung Lindau;Richtungtrue
2182;53654;Querschnitt4140;BMS99-587;BMS99-587_Netz;3;9919151;48.1003727;11.75170991;4140;42.545;;Betriebsstatus1;Streckenstation812;SST99-587;6;Fahrbahnteil1;UZ Aschheim;A99 Richtung Lindau;Richtungtrue
2183;61642;Querschnitt4141;BMS99-589;BMS99-589_Netz;3;9919136;48.10203112;11.75264068;4141;42.342;;Betriebsstatus1;Streckenstation811;SST99-589;6;Fahrbahnteil1;UZ Aschheim;A99 Richtung Lindau;Richtungtrue
2184;62892;Querschnitt4142;BMS99-590;BMS99-590_Netz;3;9919081;48.10844684;11.75541253;4142;41.6;;Betriebsstatus1;Streckenstation809;SST99-590;6;Fahrbahnteil1;UZ Aschheim;A99 Richtung Lindau;Richtungtrue
2185;51539;Querschnitt4143;BMS99-595;BMS99-595_Netz;3;9919111;48.10494823;11.75410848;4143;42.0;;Betriebsstatus1;Streckenstation810;SST99-595;6;Fahrbahnteil1;UZ Aschheim;A99 Richtung Lindau;Richtungtrue
2186;53510;Querschnitt4144;BMS99-620;BMS99-620_Netz;3;9919011;48.11678593;11.75797285;4144;40.65;;Betriebsstatus1;Streckenstation808;SST99-620;6;Fahrbahnteil1;UZ Aschheim;A99 Richtung Lindau;Richtungtrue
2187;60998;Querschnitt4145;BMS99-630;BMS99-630_Netz;3;9918996;48.11904851;11.75838272;4145;40.445;;Betriebsstatus1;Streckenstation807;SST99-630;6;Fahrbahnteil1;UZ Aschheim;A99 Richtung Lindau;Richtungtrue
2188;50767;Querschnitt4146;BMS99-632;BMS99-632_Netz;3;9918966;48.12228153;11.75893255;4146;40.045;;Betriebsstatus1;Streckenstation806;SST99-632;6;Fahrbahnteil1;UZ Aschheim;A99 Richtung Lindau;Richtungtrue
2189;55596;Querschnitt4147;BMS99-635;BMS99-635_Netz;3;9918933;48.12620952;11.7595018;4147;39.594;;Betriebsstatus1;Streckenstation805;SST99-635;6;Fahrbahnteil1;UZ Aschheim;A99 Richtung Lindau;Richtungtrue
2190;54034;Querschnitt4148;BMS99-640;BMS99-640_Netz;3;9918915;48.12867655;11.75969763;4148;39.35;;Betriebsstatus1;Streckenstation804;SST99-640;6;Fahrbahnteil1;UZ Aschheim;A99 Richtung Lindau;Richtungtrue
2191;51873;Querschnitt4149;BMS99-650;BMS99-650_Netz;3;9918883;48.13242407;11.75950776;4149;38.923;;Betriebsstatus1;Streckenstation803;SST99-650;6;Fahrbahnteil1;UZ Aschheim;A99 Richtung Lindau;Richtungtrue
2192;56551;Querschnitt4150;BMS99-670;BMS99-670_Netz;3;9918852;48.13665443;11.75927338;4150;38.5;;Betriebsstatus1;Streckenstation802;SST99-670;6;Fahrbahnteil1;UZ Aschheim;A99 Richtung Lindau;Richtungtrue
2193;54750;Querschnitt4151;BMS99-685;BMS99-685_Netz;3;9918819;48.14004128;11.75896898;4151;38.06;;Betriebsstatus1;Streckenstation800;SST99-685;6;Fahrbahnteil1;UZ Aschheim;A99 Richtung Lindau;Richtungtrue
2194;59747;Querschnitt4183;BMS99-818;BMS99-818_Netz;3;9917557;48.2288341;11.58827963;4183;21.02;;Betriebsstatus1;Streckenstation769;SST99-818;6;Fahrbahnteil1;UZ Aschheim;A99 Richtung Lindau;Richtungtrue
2195;56213;Querschnitt4184;BMS99-820;BMS99-820_Netz;3;9917530;48.22857416;11.58308409;4184;20.661;;Betriebsstatus1;Streckenstation768;SST99-820;6;Fahrbahnteil1;UZ Aschheim;A99 Richtung Lindau;Richtungtrue
2196;55713;Querschnitt4185;BMS99-830;BMS99-830_Netz;3;9917420;48.22703446;11.5632494;4185;19.174;;Betriebsstatus1;Streckenstation767;SST99-830;6;Fahrbahnteil1;UZ Aschheim;A99 Richtung Lindau;Richtungtrue
2197;59518;Querschnitt4186;BMS99-840;BMS99-840_Netz;3;9917330;48.22668864;11.54733681;4186;17.955;;Betriebsstatus1;Streckenstation766;SST99-840;6;Fahrbahnteil1;UZ Aschheim;A99 Richtung Lindau;Richtungtrue
2198;57940;Querschnitt4187;BMS99-845;BMS99-845_Netz;3;9916036;48.22678986;11.54722947;4187;0.49;;Betriebsstatus1;Streckenstation763;SST99-845;6;Fahrbahnteil1;UZ Aschheim;A99 Richtung Lindau;Richtungtrue
2199;62342;Querschnitt4188;BMS99-850;BMS99-850_Netz;3;9917292;48.22621245;11.5402672;4188;17.445;;Betriebsstatus1;Streckenstation765;SST99-850;6;Fahrbahnteil1;UZ Aschheim;A99 Richtung Lindau;Richtungtrue
2200;60318;Querschnitt4189;BMS99-860;BMS99-860_Netz;3;9917185;48.22287018;11.52152073;4189;16.0;;Betriebsstatus1;Streckenstation764;SST99-860;6;Fahrbahnteil1;UZ Aschheim;A99 Richtung Lindau;Richtungtrue
2201;64044;Querschnitt6934;MQ_99_12532_Stg_E;DET_99_12532_Stg_E1;129;9916928;48.2095024664792;11.4809514815785;;12.532;;Betriebsstatus1;Streckenstation2030;SST_99_12532_Stg;1;Fahrbahnteil1;UZ Aubing;A99 Richtung Lindau;Richtungtrue
2202;59095;Querschnitt282;AQB22_Mch_H;AQB22_Mch_C2;106;817204;47.8910298632596;11.7319115561443;282;25.66;;Betriebsstatus1;Streckenstation100;SSTB22;4;Fahrbahnteil1;UZ Holzkirchen;A8-Ost Richtung M.-Zentrum;Richtungtrue
2203;54527;Querschnitt285;AQB21_Mch_H;AQB21_Mch_C2;106;817217;47.8836350947275;11.7504002095282;285;27.27;;Betriebsstatus1;Streckenstation101;SSTB21;4;Fahrbahnteil1;UZ Holzkirchen;A8-Ost Richtung M.-Zentrum;Richtungtrue
2204;62009;Querschnitt288;AQB20_Mch_H;AQB20_Mch_C2;106;817228;47.8772169089473;11.7661960419171;288;28.65;;Betriebsstatus1;Streckenstation102;SSTB20;4;Fahrbahnteil1;UZ Holzkirchen;A8-Ost Richtung M.-Zentrum;Richtungtrue
2205;61089;Querschnitt291;AQB19_Mch_H;AQB19_Mch_C2;106;817245;47.8673230901221;11.7905334490487;291;30.79;;Betriebsstatus1;Streckenstation103;SSTB19;4;Fahrbahnteil1;UZ Holzkirchen;A8-Ost Richtung M.-Zentrum;Richtungtrue
2206;53348;Querschnitt294;AQB18_Mch_H;AQB18_Mch_C2;106;817265;47.8652692439602;11.8243044931339;294;33.37;;Betriebsstatus1;Streckenstation104;SSTB18;4;Fahrbahnteil1;UZ Holzkirchen;A8-Ost Richtung M.-Zentrum;Richtungtrue
2207;53436;Querschnitt299;AQB17_Mch_H;AQB17_Mch_C2;106;817280;47.8606063718073;11.8483474808207;299;35.25;;Betriebsstatus1;Streckenstation105;SSTB17;4;Fahrbahnteil1;UZ Holzkirchen;A8-Ost Richtung M.-Zentrum;Richtungtrue
2208;54289;Querschnitt300;AQB16_Mch_H;AQB16_Mch_C2;106;817297;47.8465755746077;11.8670812379139;300;37.4;;Betriebsstatus1;Streckenstation106;SSTB16;4;Fahrbahnteil1;UZ Holzkirchen;A8-Ost Richtung M.-Zentrum;Richtungtrue
2209;57147;Querschnitt3498;AQ99-058-Sbg;WZG99-058-Sbg_LCD1;35;9907516;48.2280529714015;11.5810594693974;3498;20.505;;Betriebsstatus1;Streckenstation711;SST99-058;4;Fahrbahnteil1;UZ Aschheim;A99 Richtung Salzburg;Richtungfalse
2210;58762;Querschnitt303;AQB15_Mch_H;AQB15_Mch_C2;106;817310;47.8351810277883;11.8792775675463;303;39.0;;Betriebsstatus1;Streckenstation107;SSTB15;4;Fahrbahnteil1;UZ Holzkirchen;A8-Ost Richtung M.-Zentrum;Richtungtrue
2211;58263;Querschnitt306;AQB14_Mch_H;AQB14_Mch_C2;106;817325;47.8292127646122;11.9006660398872;306;40.9;;Betriebsstatus1;Streckenstation108;SSTB14;4;Fahrbahnteil1;UZ Holzkirchen;A8-Ost Richtung M.-Zentrum;Richtungtrue
2212;53222;Querschnitt309;AQB13a_Mch_E;AQB13a_Mch_A1;162;817329;47.8309102482135;11.9071855817951;309;41.4;;Betriebsstatus1;Streckenstation109;SSTB13a;4;Fahrbahnteil3;UZ Holzkirchen;A8-Ost Richtung M.-Zentrum;Richtungtrue
2213;53680;Querschnitt313;AQB13_Mch_H;AQB13_Mch_C2;106;817335;47.8278023572698;11.9164897485726;313;42.2;;Betriebsstatus1;Streckenstation110;SSTB13;4;Fahrbahnteil1;UZ Holzkirchen;A8-Ost Richtung M.-Zentrum;Richtungtrue
2214;53744;Querschnitt4589;MQMob5-A;DETMob5_97;97;9906945;48.2088909579922;11.4830207825616;4589;12.77;;Betriebsstatus1;Streckenstation1219;SSTMob5;1;Fahrbahnteil4;UZ Aschheim;A99 Richtung Salzburg;Richtungfalse
2215;54699;Querschnitt314;AQB12_Mch_H;AQB12_Mch_C2;106;817350;47.8237718257381;11.9376177871393;314;44.037;;Betriebsstatus1;Streckenstation111;SSTB12;4;Fahrbahnteil1;UZ Holzkirchen;A8-Ost Richtung M.-Zentrum;Richtungtrue
2216;57471;Querschnitt318;AQB11_Mch_H;AQB11_Mch_C2;106;817359;47.8270138210661;11.9511746941027;318;45.17;;Betriebsstatus1;Streckenstation112;SSTB11;4;Fahrbahnteil1;UZ Holzkirchen;A8-Ost Richtung M.-Zentrum;Richtungtrue
2217;52335;Querschnitt4588;MQMob5-E;DETMob5_169;169;9906945;48.2088128891414;11.4840835795546;4588;12.77;;Betriebsstatus1;Streckenstation1219;SSTMob5;1;Fahrbahnteil3;UZ Aschheim;A99 Richtung Salzburg;Richtungfalse
2218;57345;Querschnitt25;MQ_8_5863_Stg;DET_8_5863_Stg_H2;34;805108;48.204266634177;11.3977921470498;25;5.863;;Betriebsstatus1;Streckenstation14;SST_8_5863_Stg;1;Fahrbahnteil1;UZ Aubing;A8-West Richtung Stuttgart;Richtungtrue
2219;63210;Querschnitt322;AQB10_Mch_H;AQB10_Mch_C2;106;817374;47.8218209022029;11.9758867935674;322;47.15;;Betriebsstatus1;Streckenstation113;SSTB10;4;Fahrbahnteil1;UZ Holzkirchen;A8-Ost Richtung M.-Zentrum;Richtungtrue
2220;50644;Querschnitt4431;AQ99-025-Sbg;WZG99-025-Sbg_W2;35;9907220;48.2240472518718;11.5276279749681;4431;16.5;;Betriebsstatus1;Streckenstation1164;SST99-025;4;Fahrbahnteil1;UZ Aschheim;A99 Richtung Salzburg;Richtungfalse
2221;60586;Querschnitt4432;BMS99-025;BMS99-025_Netz;3;9907220;48.22404692;11.52761448;4432;16.57;;Betriebsstatus1;Streckenstation1164;SST99-025;6;Fahrbahnteil1;UZ Aschheim;A99 Richtung Salzburg;Richtungfalse
2222;62933;Querschnitt4433;AQ99-028-Sbg;WZG99-028-Sbg_W3;36;9907237;48.224546171789;11.5302004204485;4433;16.696;;Betriebsstatus1;Streckenstation1165;SST99-028;4;Fahrbahnteil1;UZ Aschheim;A99 Richtung Salzburg;Richtungfalse
2223;57041;Querschnitt4434;BMS99-028;BMS99-028_Netz;3;9907237;48.22456889;11.53020001;4434;16.706;;Betriebsstatus1;Streckenstation1165;SST99-028;6;Fahrbahnteil1;UZ Aschheim;A99 Richtung Salzburg;Richtungfalse
2224;60291;Querschnitt4442;AQ99-062-Sbg;WZG99-062-Sbg_LCD2;48;9907583;48.2287600369294;11.5930308270876;4442;21.4;;Betriebsstatus1;Streckenstation1166;SST99-062;4;Fahrbahnteil1;UZ Aschheim;A99 Richtung Salzburg;Richtungfalse
2225;58940;Querschnitt4444;GMA_HK_99-062-Sbg;WUD_HK_99-062-Sbg;33;9907583;48.2286370559387;11.5929871279005;4444;21.4;;Betriebsstatus1;Streckenstation1166;SST99-062;3;Fahrbahnteil1;UZ Aschheim;A99 Richtung Salzburg;Richtungfalse
2226;51367;Querschnitt4445;BMS99-062;BMS99-062_Netz;3;9907583;48.22860841;11.59265428;4445;21.37;;Betriebsstatus1;Streckenstation1166;SST99-062;6;Fahrbahnteil1;UZ Aschheim;A99 Richtung Salzburg;Richtungfalse
2227;54252;Querschnitt4446;AQ99-072-Sbg;WZG99-072-Sbg_LCD1;47;9907678;48.2272196714695;11.6100123967342;4446;22.68;;Betriebsstatus1;Streckenstation1170;SST99-072;4;Fahrbahnteil1;UZ Aschheim;A99 Richtung Salzburg;Richtungfalse
2228;51793;Querschnitt4447;GMA_HK_99-072-Sbg;WUD_HK_99-072-Sbg;33;9907678;48.2270777911524;11.6099189710288;4447;22.68;;Betriebsstatus1;Streckenstation1170;SST99-072;3;Fahrbahnteil1;UZ Aschheim;A99 Richtung Salzburg;Richtungfalse
2229;59893;Querschnitt4448;BMS99-072;BMS99-072__Netz;3;9907678;48.22709807;11.60954466;4448;22.65;;Betriebsstatus1;Streckenstation1170;SST99-072;6;Fahrbahnteil1;UZ Aschheim;A99 Richtung Salzburg;Richtungfalse
2230;60073;Querschnitt4451;GMA_HK_99-076-Sbg;WUD_HK_99-076-Sbg;33;9907714;48.2254167657154;11.6165805180369;4451;23.215;;Betriebsstatus1;Streckenstation1171;SST99-076;3;Fahrbahnteil1;UZ Aschheim;A99 Richtung Salzburg;Richtungfalse
2231;52724;Querschnitt4452;BMS99-076;BMS99-076_Netz;3;9907714;48.22569704;11.61548041;4452;23.145;;Betriebsstatus1;Streckenstation1171;SST99-076;6;Fahrbahnteil1;UZ Aschheim;A99 Richtung Salzburg;Richtungfalse
2232;57450;Querschnitt4453;GMA_HK_99-079a-Sbg;WUD_HK_99-079a-Sbg;33;9907767;48.2228980787548;11.624248359524;4453;23.848;;Betriebsstatus1;Streckenstation1172;SST99-079a;3;Fahrbahnteil1;UZ Aschheim;A99 Richtung Salzburg;Richtungfalse
2233;59054;Querschnitt4454;AQ99-079a-Sbg;WZG99-079a-Sbg_C1;171;9907767;48.2229238239086;11.6242359343954;4454;23.848;;Betriebsstatus1;Streckenstation1172;SST99-079a;4;Fahrbahnteil1;UZ Aschheim;A99 Richtung Salzburg;Richtungfalse
2234;53500;Querschnitt4455;BMS99-079a;BMS99-079a_Netz;3;9907767;48.22294289;11.62393103;4455;23.848;;Betriebsstatus1;Streckenstation1172;SST99-079a;6;Fahrbahnteil1;UZ Aschheim;A99 Richtung Salzburg;Richtungfalse
2235;53829;Querschnitt4456;MQ99-076-Sbg_H;DET99-076-Sbg_H2;98;9907714;48.2255164032934;11.616483930559;4456;23.215;;Betriebsstatus1;Streckenstation1171;SST99-076;1;Fahrbahnteil4;UZ Aschheim;A99 Richtung Salzburg;Richtungfalse
2236;62656;Querschnitt4449;AQ99-076-Sbg;WZG99-076-Sbg_C1;105;9907714;48.2254643632573;11.6166400739384;4449;23.215;;Betriebsstatus1;Streckenstation1171;SST99-076;4;Fahrbahnteil1;UZ Aschheim;A99 Richtung Salzburg;Richtungfalse
2237;51357;Querschnitt4457;GMA_HK_99-079b-l-Sbg;WUD_HK_99-079b-l-Sbg;34;9907778;48.2217170728392;11.626428696342;4457;24.0;;Betriebsstatus1;Streckenstation1173;SST99-079b;3;Fahrbahnteil1;UZ Aschheim;A99 Richtung Salzburg;Richtungfalse
2238;50937;Querschnitt4458;AQ99-079b-l-Sbg;WZG99-079b-l-Sbg_C1;172;9907778;48.2218249933677;11.6265809630763;4458;23.848;;Betriebsstatus1;Streckenstation1173;SST99-079b;4;Fahrbahnteil1;UZ Aschheim;A99 Richtung Salzburg;Richtungfalse
2239;61766;Querschnitt4459;BMS99-079b;BMS99-079b_Netz;3;9907778;48.22228624;11.62549023;4459;24.0;;Betriebsstatus1;Streckenstation1173;SST99-079b;6;Fahrbahnteil1;UZ Aschheim;A99 Richtung Salzburg;Richtungfalse
2240;53906;Querschnitt4460;MQ99-810a-Stg_E;DET99-810a-Stg_E2;130;9917710;48.2266519293206;11.6151029000447;4460;23.06;;Betriebsstatus1;Streckenstation1174;SST99-810a;1;Fahrbahnteil3;UZ Aschheim;A99 Richtung Lindau;Richtungtrue
2241;59743;Querschnitt4461;AQ99-810a-r-Stg;WZG99-810a-r-Stg_C1;133;9917710;48.2267119670045;11.6150216516921;4461;23.06;;Betriebsstatus1;Streckenstation1174;SST99-810a;4;Fahrbahnteil3;UZ Aschheim;A99 Richtung Salzburg;Richtungfalse
2242;52799;Querschnitt4462;GMA_HK_99-810a-r-Stg;WUD_HK_99-810a-r-Stg;1;9917710;48.2267237037176;11.6150491975053;4462;23.06;;Betriebsstatus1;Streckenstation1174;SST99-810a;3;Fahrbahnteil3;UZ Aschheim;A99 Richtung Salzburg;Richtungfalse
2243;59477;Querschnitt4463;BMS99-810a;BMS99-810a_Netz;3;9917710;48.22648769;11.61488443;4463;23.09;;Betriebsstatus1;Streckenstation1174;SST99-810a;6;Fahrbahnteil1;UZ Aschheim;A99 Richtung Salzburg;Richtungfalse
2244;62903;Querschnitt4464;AQ99-063-Sbg;WZG99-063-Sbg_LCD1;47;9907621;48.228515466569;11.6000010385538;4464;21.92;;Betriebsstatus1;Streckenstation1168;SST99-063;4;Fahrbahnteil1;UZ Aschheim;A99 Richtung Salzburg;Richtungfalse
2245;57216;Querschnitt4465;GMA_HK_99-063-Sbg;WUD_HK_99-063-Sbg;33;9907621;48.2283883958457;11.5999707406261;4465;21.4;;Betriebsstatus1;Streckenstation1168;SST99-063;3;Fahrbahnteil1;UZ Aschheim;A99 Richtung Salzburg;Richtungfalse
2246;54762;Querschnitt4466;NMG99-063-Sbg;WUD_SW_99-063-Sbg;73;9907621;48.2284198234355;11.5995680449768;4466;21.89;;Betriebsstatus1;Streckenstation1168;SST99-063;3;Fahrbahnteil1;UZ Aschheim;A99 Richtung Salzburg;Richtungfalse
2247;58072;Querschnitt4467;BMS99-063;BMS99-063__Netz;3;9907621;48.22834932;11.5995775;4467;21.89;;Betriebsstatus1;Streckenstation1168;SST99-063;6;Fahrbahnteil1;UZ Aschheim;A99 Richtung Salzburg;Richtungfalse
2248;52275;Querschnitt4477;BMS99-880;BMS99-880_Netz;3;9907021;48.21169963;11.496864;4477;13.79;;Betriebsstatus1;Streckenstation1183;SST99-880;6;Fahrbahnteil1;UZ Aschheim;A99 Richtung Lindau;Richtungtrue
2249;55199;Querschnitt4479;BMS99-890;BMS99-890_Netz;3;9906986;48.20983624;11.49117035;4479;13.31;;Betriebsstatus1;Streckenstation1184;SST99-890;6;Fahrbahnteil1;UZ Aschheim;A99 Richtung Lindau;Richtungtrue
2250;61568;Querschnitt4481;BMS99-003;BMS99-003_Netz;3;9916887;48.20962525;11.47286965;4481;11.946;;Betriebsstatus1;Streckenstation1185;SST99-003;6;Fahrbahnteil1;UZ Aschheim;A99 Richtung Salzburg;Richtungfalse
2251;62194;Querschnitt4483;BMS99-004;BMS99-004_Netz;3;9916921;48.20943531;11.47946194;4483;12.446;;Betriebsstatus1;Streckenstation1186;SST99-004;6;Fahrbahnteil1;UZ Aschheim;A99 Richtung Salzburg;Richtungfalse
2252;63089;Querschnitt4485;BMS92-684;BMS92-684_Temp;3;9216048;48.23941146;11.53629576;4485;1.6;;Betriebsstatus1;Streckenstation1187;SST92-684;6;Fahrbahnteil1;UZ Freising;A92 Richtung M.-Zentrum;Richtungtrue
2253;60571;Querschnitt4487;BMS92-686;BMS92-686_Temp;3;9216032;48.2350351;11.53959241;4487;1.06;;Betriebsstatus1;Streckenstation1188;SST92-686;6;Fahrbahnteil1;UZ Freising;A92 Richtung M.-Zentrum;Richtungtrue
2254;57678;Querschnitt4489;BMS92-696;BMS92-696_Temp;3;9216023;48.2326174;11.54122642;4489;0.76;;Betriebsstatus1;Streckenstation1189;SST92-696;6;Fahrbahnteil1;UZ Freising;A92 Richtung M.-Zentrum;Richtungtrue
2255;60819;Querschnitt4491;BMS_8_12330_Mch;BMS_8_12330_Mch_Netz;3;806415;48.21986682;11.37117273;4491;12.33;;Betriebsstatus1;Streckenstation1190;SST_8_12330_Mch;6;Fahrbahnteil1;UZ Aubing;A8-West Richtung M.-Zentrum;Richtungfalse
2256;51280;Querschnitt4494;GMA_HK_8_12300_Mch;WUD_8_12300_Mch_HK;1;806415;48.2417796661001;11.3321105553892;4494;12.3;;Betriebsstatus1;Streckenstation1190;SST_8_12330_Mch;3;Fahrbahnteil1;UZ Aubing;A8-West Richtung M.-Zentrum;Richtungfalse
2257;59782;Querschnitt4510;BMS8-100;BMS8-100_Netz;3;806403;47.99968112;11.67530143;4510;12.69;;Betriebsstatus1;Streckenstation1197;SST8-100;6;Fahrbahnteil1;UZ Holzkirchen;A8-Ost Richtung M.-Zentrum;Richtungtrue
2258;53264;Querschnitt4511;BMS8-110;BMS8-110_Netz;3;806378;48.00609875;11.67091763;4511;11.92;;Betriebsstatus1;Streckenstation1198;SST8-110;6;Fahrbahnteil1;UZ Holzkirchen;A8-Ost Richtung M.-Zentrum;Richtungtrue
2259;57000;Querschnitt4512;BMS8-120;BMS8-120_Netz;3;806362;48.0102724;11.66807435;4512;11.413;;Betriebsstatus1;Streckenstation1199;SST8-120;6;Fahrbahnteil1;UZ Holzkirchen;A8-Ost Richtung M.-Zentrum;Richtungtrue
2260;60304;Querschnitt4513;BMS8-130;BMS8-130_Netz;3;806353;48.01264205;11.66638848;4513;11.118;;Betriebsstatus1;Streckenstation1200;SST8-130;6;Fahrbahnteil1;UZ Holzkirchen;A8-Ost Richtung M.-Zentrum;Richtungtrue
2261;53144;Querschnitt4514;BMS8-140;BMS8-140_Netz;3;806324;48.01893403;11.66304625;4514;0.06;;Betriebsstatus1;Streckenstation1201;SST8-140;6;Fahrbahnteil4;UZ Holzkirchen;A8-Ost Richtung M.-Zentrum;Richtungtrue
2262;57584;Querschnitt4580;BMS_8_6850_Mch;BMS_8_6850_Mch_Netz;3;806231;48.20910007;11.38950003;4580;6.85;;Betriebsstatus1;Streckenstation1217;SST_8_6850_Mch;6;Fahrbahnteil4;UZ Aubing;A8-West Richtung M.-Zentrum;Richtungfalse
2263;52076;Querschnitt4577;MQ_99a_100050_Mch;DET_99a_100050_Mch_H2;66;806231;48.2099651375195;11.3878173176437;4577;6.85;;Betriebsstatus1;Streckenstation1217;SST_8_6850_Mch;1;Fahrbahnteil4;UZ Aubing;A8-West Richtung M.-Zentrum;Richtungfalse
2264;55324;Querschnitt4573;MQ_8_6850_Mch;DET_8_6850_Mch_H2;2;806231;48.2100395048752;11.3879444214259;4573;6.85;;Betriebsstatus1;Streckenstation1217;SST_8_6850_Mch;1;Fahrbahnteil1;UZ Aubing;A8-West Richtung M.-Zentrum;Richtungfalse
2265;57392;Querschnitt4581;MQ_8_2380_Stg;DET_8_2380_Stg_H2;34;806079;48.1820922654819;11.4311394980004;4581;2.38;;Betriebsstatus1;Streckenstation1218;SST_8_2380_Mch;1;Fahrbahnteil1;UZ Aubing;A8-West Richtung M.-Zentrum;Richtungfalse
2266;62967;Querschnitt4582;MQ_8_AK81_400_BE;DET_8_AK81_400_BE_A1;65;806079;48.181127686621;11.4305263441869;4582;2.34;;Betriebsstatus1;Streckenstation1218;SST_8_2380_Mch;1;Fahrbahnteil4;UZ Aubing;A8-West Richtung M.-Zentrum;Richtungfalse
2267;61260;Querschnitt4583;MQ_8_AK81_170_DC;DET_8_AK81_170_DC_E1;129;806079;48.1816306931404;11.4311751029826;4583;2.34;;Betriebsstatus1;Streckenstation1218;SST_8_2380_Mch;1;Fahrbahnteil3;UZ Aubing;A8-West Richtung M.-Zentrum;Richtungfalse
2268;51352;Querschnitt4585;BMS_2380_Mch;BMS_2380_Mch_Netz;3;806079;48.18137453;11.43171738;4585;2.38;;Betriebsstatus1;Streckenstation1218;SST_8_2380_Mch;6;Fahrbahnteil3;UZ Aubing;A8-West Richtung M.-Zentrum;Richtungfalse
2269;51452;Querschnitt4590;BMSMob5;BMSMob5_Netz;3;9906945;48.20906679;11.48341005;4590;12.77;;Betriebsstatus1;Streckenstation1219;SSTMob5;6;Fahrbahnteil4;UZ Aschheim;A99 Richtung Salzburg;Richtungfalse
2270;62337;Querschnitt4592;AQ_8_8010_Mch;WZG_8_8010_Mch_BL1;8;806271;48.2170611730876;11.3759911190355;4592;8.01;;Betriebsstatus1;Streckenstation1220;SST_8_8040_Mch;4;Fahrbahnteil1;UZ Aubing;A8-West Richtung M.-Zentrum;Richtungfalse
2271;50966;Querschnitt4594;GMA_HK_8_8010_Mch;WUD_8_8010_Mch_HK;1;806271;48.2169855734268;11.3759229779823;4594;8.01;;Betriebsstatus1;Streckenstation1220;SST_8_8040_Mch;3;Fahrbahnteil1;UZ Aubing;A8-West Richtung M.-Zentrum;Richtungfalse
2272;53038;Querschnitt4595;BMS_8_8040_Mch;BMS_8_8040_Mch_Netz;3;806271;48.21688158;11.37622866;4595;8.04;;Betriebsstatus1;Streckenstation1220;SST_8_8040_Mch;6;Fahrbahnteil1;UZ Aubing;A8-West Richtung M.-Zentrum;Richtungfalse
2273;50890;Querschnitt4596;AQ_8_7430_Mch;WZG_8_7430_Mch_BL1;8;806253;48.2133732135234;11.3822171261766;4596;7.43;;Betriebsstatus1;Streckenstation1221;SST_8_7500_Mch;4;Fahrbahnteil1;UZ Aubing;A8-West Richtung M.-Zentrum;Richtungfalse
2274;52069;Querschnitt4597;GMA_HK_8_7430_Mch;WUD_8_7430_Mch_HK;1;806253;48.2133104769249;11.3820722952621;4597;7.43;;Betriebsstatus1;Streckenstation1221;SST_8_7500_Mch;3;Fahrbahnteil1;UZ Aubing;A8-West Richtung M.-Zentrum;Richtungfalse
2275;58322;Querschnitt4599;BMS_8_7500_Mch;BMS_8_7500_Mch_Netz;3;806253;48.21345103;11.38213707;4599;7.5;;Betriebsstatus1;Streckenstation1221;SST_8_7500_Mch;6;Fahrbahnteil1;UZ Aubing;A8-West Richtung M.-Zentrum;Richtungfalse
2276;61704;Querschnitt4601;BMSMob6;BMSMob6_Netz;3;9918963;48.12289885;11.75847893;4601;40.0;;Betriebsstatus1;Streckenstation1222;SSTMob6;6;Fahrbahnteil1;UZ Aschheim;A99 Richtung Salzburg;Richtungfalse
2277;63310;Querschnitt4605;BMSMob7;BMSMob7_Netz;3;9919132;48.10292662;11.75229312;4605;42.28;;Betriebsstatus1;Streckenstation1223;SSTMob7;6;Fahrbahnteil4;UZ Aschheim;A99 Richtung Salzburg;Richtungfalse
2278;53322;Querschnitt42;MQ_8_11700_Stg;DET_8_11700_Stg_H3;35;805216;48.2387729945814;11.3388670669602;42;11.7;77349003;Betriebsstatus1;Streckenstation20;SST_8_11700_Stg;1;Fahrbahnteil1;UZ Aubing;A8-West Richtung Stuttgart;Richtungtrue
2279;54779;Querschnitt44;NMG_8_11850_Stg;WUD_8_11850_Stg_SW;90;805216;48.2396582407528;11.3373210209497;44;11.85;;Betriebsstatus1;Streckenstation20;SST_8_11700_Stg;3;Fahrbahnteil1;UZ Aubing;A8-West Richtung Stuttgart;Richtungtrue
2280;58695;Querschnitt4657;BMS_8_11700_Stg;BMS_8_11700_Stg_Netz;3;805216;48.23885583;11.3382396;4657;11.7;;Betriebsstatus1;Streckenstation20;SST_8_11700_Stg;6;Fahrbahnteil1;UZ Aubing;A8-West Richtung M.-Zentrum;Richtungfalse
2281;53172;Querschnitt4658;BMS_8_11270_Stg;BMS_8_11270_Stg_Netz;3;805208;48.2363768;11.34349478;4658;11.27;;Betriebsstatus1;Streckenstation19;SST_8_11270_Stg;6;Fahrbahnteil1;UZ Aubing;A8-West Richtung Stuttgart;Richtungtrue
2282;51076;Querschnitt41;GMA_HK_8_11300_Stg;WUD_8_11300_Stg_HK;3;805208;48.2366865929033;11.3430994829888;41;11.3;;Betriebsstatus1;Streckenstation19;SST_8_11270_Stg;3;Fahrbahnteil1;UZ Aubing;A8-West Richtung Stuttgart;Richtungtrue
2283;58926;Querschnitt32;MQ_8_8670_Mch;DET_8_8670_Mch_H3;3;805160;48.2208697396868;11.3695500081894;32;8.67;77349002;Betriebsstatus1;Streckenstation16;SST_8_8670_Stg;1;Fahrbahnteil1;UZ Aubing;A8-West Richtung M.-Zentrum;Richtungfalse
2284;56996;Querschnitt31;MQ_8_8670_Stg;DET_8_8670_Stg_H3;35;805160;48.220981563907;11.3696985175475;31;8.67;77349002;Betriebsstatus1;Streckenstation16;SST_8_8670_Stg;1;Fahrbahnteil1;UZ Aubing;A8-West Richtung Stuttgart;Richtungtrue
2285;53583;Querschnitt30;AQ_8_8700_Stg;WZG_8_8700_Stg_C2;106;805160;48.2211276425832;11.3694489290497;30;8.7;;Betriebsstatus1;Streckenstation16;SST_8_8670_Stg;4;Fahrbahnteil1;UZ Aubing;A8-West Richtung Stuttgart;Richtungtrue
2286;51461;Querschnitt29;GMA_HK_8_8700_Stg;WUD_8_8700_Stg_HK;3;805160;48.22120050107;11.369559100337;29;8.7;;Betriebsstatus1;Streckenstation16;SST_8_8670_Stg;3;Fahrbahnteil1;UZ Aubing;A8-West Richtung Stuttgart;Richtungtrue
2287;62086;Querschnitt4659;BMS_8_8670_Stg;BMS_8_8670_Stg_Netz;3;805160;48.22086737;11.36994928;4659;8.67;;Betriebsstatus1;Streckenstation16;SST_8_8670_Stg;6;Fahrbahnteil1;UZ Aubing;A8-West Richtung Stuttgart;Richtungtrue
2288;62099;Querschnitt4660;BMS_8_7070_Stg;BMS_8_7070_Stg_Netz;3;805130;48.21119798;11.38629494;4660;7.07;;Betriebsstatus1;Streckenstation15;SST_8_7070_Stg;6;Fahrbahnteil1;UZ Aubing;A8-West Richtung Stuttgart;Richtungtrue
2289;52576;Querschnitt26;WS_GMA_8_7085_Stg;WUD_8_7085_Stg_RS;74;805130;48.2116253856763;11.3857935887619;26;7.085;80000747;Betriebsstatus1;Streckenstation15;SST_8_7070_Stg;3;Fahrbahnteil1;UZ Aubing;A8-West Richtung Stuttgart;Richtungtrue
2290;60493;Querschnitt24;AQ_8_5900_Stg;WZG_8_5900_Stg_C1;105;805108;48.2044052117695;11.397579223688;24;5.9;;Betriebsstatus1;Streckenstation14;SST_8_5863_Stg;4;Fahrbahnteil1;UZ Aubing;A8-West Richtung Stuttgart;Richtungtrue
2291;55380;Querschnitt23;GMA_HK_8_5900_Stg;WUD_8_5900_Stg_HK;3;805108;48.2044564643797;11.3976883894037;23;5.9;;Betriebsstatus1;Streckenstation14;SST_8_5863_Stg;3;Fahrbahnteil1;UZ Aubing;A8-West Richtung Stuttgart;Richtungtrue
2292;52730;Querschnitt4668;MQQ83_Sbg_H;DETQ83_Sbg_H3;3;807351;47.8252099236362;11.9402800233437;4668;44.3;;Betriebsstatus1;Streckenstation52;SSTQ83;1;Fahrbahnteil1;UZ Holzkirchen;A8-Ost Richtung Salzburg;Richtungfalse
2293;57234;Querschnitt4661;BMS_8_5863_Stg;BMS_8_5863_Stg_Netz;3;805108;48.20394033;11.39820714;4661;5.863;;Betriebsstatus1;Streckenstation14;SST_8_5863_Stg;6;Fahrbahnteil1;UZ Aubing;A8-West Richtung Stuttgart;Richtungtrue
2294;62423;Querschnitt4662;BMS_8_5020_Stg;BMS_8_5020_Stg_Netz;3;805093;48.1987293;11.40611067;4662;5.02;;Betriebsstatus1;Streckenstation13;SST_8_5020_Stg;6;Fahrbahnteil1;UZ Aubing;A8-West Richtung Stuttgart;Richtungtrue
2295;54040;Querschnitt21;MQ_8_5050_Stg;DET_8_5050_Stg_H2;34;805093;48.1989559306477;11.4058737310988;21;5.05;78349142;Betriebsstatus1;Streckenstation13;SST_8_5020_Stg;1;Fahrbahnteil1;UZ Aubing;A8-West Richtung Stuttgart;Richtungtrue
2296;53878;Querschnitt20;AQ_8_5050_Stg;WZG_8_5050_Stg_C1;105;805093;48.1990582820041;11.4057099558714;20;5.05;;Betriebsstatus1;Streckenstation13;SST_8_5020_Stg;4;Fahrbahnteil1;UZ Aubing;A8-West Richtung Stuttgart;Richtungtrue
2297;54978;Querschnitt18;MQ_8_AS80_300_XZ;DET_8_AS80_300_XZ_E1;97;805085;48.196474671506;11.4100725363548;18;4.6;;Betriebsstatus1;Streckenstation12;SST_8_4600_Stg;1;Fahrbahnteil3;UZ Aubing;A8-West Richtung Stuttgart;Richtungtrue
2298;50709;Querschnitt4665;BMS_8_4600_Stg;BMS_8_4600_Stg_Netz;3;805085;48.19602579;11.41028491;4665;4.6;;Betriebsstatus1;Streckenstation12;SST_8_4600_Stg;6;Fahrbahnteil1;UZ Aubing;A8-West Richtung Stuttgart;Richtungtrue
2299;53517;Querschnitt19;MQ_8_4600_Stg;DET_8_4600_Stg_H2;34;805085;48.1962518898819;11.4100077677386;19;4.6;;Betriebsstatus1;Streckenstation12;SST_8_4600_Stg;1;Fahrbahnteil1;UZ Aubing;A8-West Richtung Stuttgart;Richtungtrue
2300;52927;Querschnitt16;WS_GMA_8_4520_Stg;WUD_8_4520_Stg_RS;74;805085;48.1957654694526;11.4109140974113;16;4.52;80000745;Betriebsstatus1;Streckenstation12;SST_8_4600_Stg;3;Fahrbahnteil1;UZ Aubing;A8-West Richtung Stuttgart;Richtungtrue
2301;61177;Querschnitt4666;BMS_8_3020_Stg;BMS_8_3020_Stg_Netz;3;805056;48.18614573;11.4252187;4666;3.02;;Betriebsstatus1;Streckenstation11;SST_8_3020_Stg;6;Fahrbahnteil1;UZ Aubing;A8-West Richtung Stuttgart;Richtungtrue
2302;57255;Querschnitt14;MQ_8_3020_Stg;DET_8_3020_Stg_H2;34;805056;48.1862710452725;11.4250663351608;14;3.02;78349141;Betriebsstatus1;Streckenstation11;SST_8_3020_Stg;1;Fahrbahnteil1;UZ Aubing;A8-West Richtung Stuttgart;Richtungtrue
2303;57530;Querschnitt13;AQ_8_3050_Stg;WZG_8_3050_Stg_C1;105;805056;48.1864126524976;11.4248614037145;13;3.05;;Betriebsstatus1;Streckenstation11;SST_8_3020_Stg;4;Fahrbahnteil1;UZ Aubing;A8-West Richtung Stuttgart;Richtungtrue
2304;56445;Querschnitt4669;BMSQ83;BMSQ83_Netz;3;807351;47.82500204;11.94009572;4669;44.27;;Betriebsstatus1;Streckenstation52;SSTQ83;6;Fahrbahnteil1;UZ Holzkirchen;A8-Ost Richtung Salzburg;Richtungfalse
2305;60990;Querschnitt4670;BMSQ81;BMSQ81_Netz;3;807346;47.82195258;11.93231814;4670;43.6;;Betriebsstatus1;Streckenstation51;SSTQ81;6;Fahrbahnteil1;UZ Holzkirchen;A8-Ost Richtung Salzburg;Richtungfalse
2306;61945;Querschnitt124;MQQ81_Sbg_H;DETQ81_Sbg_H3;3;807346;47.8220277252651;11.9322670182526;124;43.584;;Betriebsstatus1;Streckenstation51;SSTQ81;1;Fahrbahnteil1;UZ Holzkirchen;A8-Ost Richtung Salzburg;Richtungfalse
2307;56482;Querschnitt4671;BMSQ79;BMSQ79_Netz;3;807339;47.82442196;11.92215621;4671;42.77;;Betriebsstatus1;Streckenstation50;SSTQ79;6;Fahrbahnteil1;UZ Holzkirchen;A8-Ost Richtung Salzburg;Richtungfalse
2308;62218;Querschnitt114;MQQ73_Sbg_H;DETQ73_Sbg_H3;3;807316;47.8300400612482;11.8883727254714;114;39.868;81369019;Betriebsstatus1;Streckenstation47;SSTQ73;1;Fahrbahnteil1;UZ Holzkirchen;A8-Ost Richtung Salzburg;Richtungfalse
2309;56912;Querschnitt121;AQQ79_Sbg_H;AQQ79_Sbg_C2;74;807339;47.8243475096372;11.9226087482447;121;42.798;;Betriebsstatus1;Streckenstation50;SSTQ79;4;Fahrbahnteil1;UZ Holzkirchen;A8-Ost Richtung Salzburg;Richtungfalse
2310;53562;Querschnitt123;MQQ79_Sbg_H;DETQ79_Sbg_H3;3;807339;47.8244046088414;11.9224978337833;123;42.798;;Betriebsstatus1;Streckenstation50;SSTQ79;1;Fahrbahnteil1;UZ Holzkirchen;A8-Ost Richtung Salzburg;Richtungfalse
2311;52325;Querschnitt122;NMGQ79_Sbg_H;WUD_SW_Q79_Sbg_H;1;807339;47.8244438051721;11.922262631165;122;42.77;;Betriebsstatus1;Streckenstation50;SSTQ79;3;Fahrbahnteil1;UZ Holzkirchen;A8-Ost Richtung Salzburg;Richtungfalse
2312;54389;Querschnitt4672;BMSQ77;BMSQ77_Netz;3;807331;47.83001716;11.91071962;4672;41.68;;Betriebsstatus1;Streckenstation49;SSTQ77;6;Fahrbahnteil1;UZ Holzkirchen;A8-Ost Richtung Salzburg;Richtungfalse
2313;51763;Querschnitt120;MQQ77_Sbg_H;DETQ77_Sbg_H3;3;807331;47.8300939369346;11.9108963034242;120;41.714;;Betriebsstatus1;Streckenstation49;SSTQ77;1;Fahrbahnteil1;UZ Holzkirchen;A8-Ost Richtung Salzburg;Richtungfalse
2314;62072;Querschnitt4674;BMSQ73;BMSQ73_Netz;3;807316;47.8301088;11.88802218;4674;39.87;;Betriebsstatus1;Streckenstation47;SSTQ73;6;Fahrbahnteil1;UZ Holzkirchen;A8-Ost Richtung Salzburg;Richtungfalse
2315;57277;Querschnitt4792;MQQ35_Sbg_H;DETQ35_Sbg_H4;4;807143;47.9529013047009;11.6938121241791;4792;18.115;;Betriebsstatus1;Streckenstation28;SSTQ35;1;Fahrbahnteil1;UZ Holzkirchen;A8-Ost Richtung Salzburg;Richtungfalse
2316;56591;Querschnitt4675;BMSQ69;BMSQ69_Netz;3;807310;47.83496461;11.87904601;4675;39.05;;Betriebsstatus1;Streckenstation46;SSTQ69;6;Fahrbahnteil1;UZ Holzkirchen;A8-Ost Richtung Salzburg;Richtungfalse
2317;60549;Querschnitt4677;BMSQ67;BMSQ67_Netz;3;807303;47.83989119;11.87126315;4677;38.22;;Betriebsstatus1;Streckenstation45;SSTQ67;6;Fahrbahnteil1;UZ Holzkirchen;A8-Ost Richtung Salzburg;Richtungfalse
2318;51151;Querschnitt111;GMAQ67_Sbg_H;WUD_HK_Q67_Sbg_H;93;807303;47.839701913837;11.8714712522914;111;38.25;;Betriebsstatus1;Streckenstation45;SSTQ67;3;Fahrbahnteil1;UZ Holzkirchen;A8-Ost Richtung Salzburg;Richtungfalse
2319;54267;Querschnitt110;AQQ67_Sbg_H;AQQ67_Sbg_C2;74;807303;47.8397749890032;11.8715754861943;110;38.25;;Betriebsstatus1;Streckenstation45;SSTQ67;4;Fahrbahnteil1;UZ Holzkirchen;A8-Ost Richtung Salzburg;Richtungfalse
2320;53485;Querschnitt109;MQQ67_Sbg_H;DETQ67_Sbg_H3;3;807303;47.8398717924275;11.8714905963673;109;38.211;;Betriebsstatus1;Streckenstation45;SSTQ67;1;Fahrbahnteil1;UZ Holzkirchen;A8-Ost Richtung Salzburg;Richtungfalse
2321;55785;Querschnitt4678;BMSQ65;BMSQ65_Netz;3;807292;47.85151388;11.86325287;4678;36.77;;Betriebsstatus1;Streckenstation44;SSTQ65;6;Fahrbahnteil1;UZ Holzkirchen;A8-Ost Richtung Salzburg;Richtungfalse
2322;56422;Querschnitt107;GMAQ65_Sbg_H;WUD_HK_Q65_Sbg_H;93;807292;47.8513466758549;11.8634716473939;107;36.8;;Betriebsstatus1;Streckenstation44;SSTQ65;3;Fahrbahnteil1;UZ Holzkirchen;A8-Ost Richtung Salzburg;Richtungfalse
2323;60429;Querschnitt106;AQQ65_Sbg_H;AQQ65_Sbg_C2;74;807292;47.8514289165544;11.8635715102826;106;36.8;;Betriebsstatus1;Streckenstation44;SSTQ65;4;Fahrbahnteil1;UZ Holzkirchen;A8-Ost Richtung Salzburg;Richtungfalse
2324;59794;Querschnitt108;MQQ65_Sbg_H;DETQ65_Sbg_H3;3;807292;47.8515301721492;11.8634523420674;108;36.77;;Betriebsstatus1;Streckenstation44;SSTQ65;1;Fahrbahnteil1;UZ Holzkirchen;A8-Ost Richtung Salzburg;Richtungfalse
2325;62547;Querschnitt4679;BMSQ63;BMSQ63_Netz;3;807283;47.85838369;11.85288558;4679;35.67;;Betriebsstatus1;Streckenstation43;SSTQ63;6;Fahrbahnteil1;UZ Holzkirchen;A8-Ost Richtung Salzburg;Richtungfalse
2326;52832;Querschnitt104;GMAQ63_Sbg_H;WUD_HK_Q63_Sbg_H;93;807283;47.8582145809614;11.8532294476746;104;35.7;;Betriebsstatus1;Streckenstation43;SSTQ63;3;Fahrbahnteil1;UZ Holzkirchen;A8-Ost Richtung Salzburg;Richtungfalse
2327;51956;Querschnitt103;AQQ63_Sbg_H;AQQ63_Sbg_C2;74;807283;47.8583134103003;11.8532746013448;103;35.7;;Betriebsstatus1;Streckenstation43;SSTQ63;4;Fahrbahnteil1;UZ Holzkirchen;A8-Ost Richtung Salzburg;Richtungfalse
2328;60601;Querschnitt105;MQQ63_Sbg_H;DETQ63_Sbg_H3;3;807283;47.8583694895137;11.8531414918606;105;35.671;;Betriebsstatus1;Streckenstation43;SSTQ63;1;Fahrbahnteil1;UZ Holzkirchen;A8-Ost Richtung Salzburg;Richtungfalse
2329;55805;Querschnitt4680;BMSQ61;BMSQ61_Netz;3;807265;47.86489647;11.82451955;4680;33.4;;Betriebsstatus1;Streckenstation41;SSTQ61;6;Fahrbahnteil1;UZ Holzkirchen;A8-Ost Richtung Salzburg;Richtungfalse
2330;55252;Querschnitt101;MQQ61_Sbg_H;DETQ61_Sbg_H3;3;807265;47.865007064387;11.8247959633949;101;33.392;;Betriebsstatus1;Streckenstation41;SSTQ61;1;Fahrbahnteil1;UZ Holzkirchen;A8-Ost Richtung Salzburg;Richtungfalse
2331;60580;Querschnitt4681;BMSQ47;BMSQ47_Netz;3;807203;47.89112389;11.73101556;4681;25.89;;Betriebsstatus1;Streckenstation34;SSTQ47;6;Fahrbahnteil1;UZ Holzkirchen;A8-Ost Richtung Salzburg;Richtungfalse
2332;53393;Querschnitt4682;BMSQ35;BMSQ35_Netz;3;807143;47.95293605;11.69360987;4682;18.07;;Betriebsstatus1;Streckenstation28;SSTQ35;6;Fahrbahnteil1;UZ Holzkirchen;A8-Ost Richtung Salzburg;Richtungfalse
2333;51557;Querschnitt71;NMGQ35_Sbg_H;WUD_SW_Q35_Sbg_H;1;807143;47.9529373204584;11.6936109200803;71;18.07;;Betriebsstatus1;Streckenstation28;SSTQ35;3;Fahrbahnteil1;UZ Holzkirchen;A8-Ost Richtung Salzburg;Richtungfalse
2334;61986;Querschnitt6007;AQ99-250-Sbg_PW1;WZG99-250-Sbg_W2;39;9908867;48.1341368594559;11.7589216474526;6007;38.73;;Betriebsstatus1;Streckenstation747;SST99-250;4;Fahrbahnteil1;UZ Aschheim;A99 Richtung Salzburg;Richtungfalse
2335;62588;Querschnitt4683;BMSQ33;BMSQ33_Netz;3;807124;47.97440199;11.68509109;4683;15.62;;Betriebsstatus1;Streckenstation27;SSTQ33;6;Fahrbahnteil1;UZ Holzkirchen;A8-Ost Richtung Salzburg;Richtungfalse
2336;55007;Querschnitt68;WS_GMAQ33_Sbg_H;WUD_HK_Q33_Sbg_H;93;807124;47.9742051084224;11.6851504175025;68;15.62;80000852;Betriebsstatus1;Streckenstation27;SSTQ33;3;Fahrbahnteil1;UZ Holzkirchen;A8-Ost Richtung Salzburg;Richtungfalse
2337;52207;Querschnitt4684;BMSQ29;BMSQ29_Netz;3;807093;48.00745411;11.66925546;4684;11.72;;Betriebsstatus1;Streckenstation25;SSTQ29;6;Fahrbahnteil1;UZ Holzkirchen;A8-Ost Richtung Salzburg;Richtungfalse
2338;59112;Querschnitt60;AQQ29_Sbg_H;AQQ29_Sbg_C3;75;807093;48.0072694295229;11.6696356585916;60;11.76;;Betriebsstatus1;Streckenstation25;SSTQ29;4;Fahrbahnteil1;UZ Holzkirchen;A8-Ost Richtung Salzburg;Richtungfalse
2339;53572;Querschnitt59;WS_GMAQ29_Sbg_H;WUD_HK_Q29_Sbg_H;93;807093;48.007564296228;11.6692287596267;59;11.72;80000851;Betriebsstatus1;Streckenstation25;SSTQ29;3;Fahrbahnteil1;UZ Holzkirchen;A8-Ost Richtung Salzburg;Richtungfalse
2340;60418;Querschnitt4685;BMSQ25;BMSQ25_Netz;3;807079;48.02194299;11.65985099;4685;9.97;;Betriebsstatus1;Streckenstation23;SSTQ25;6;Fahrbahnteil1;UZ Holzkirchen;A8-Ost Richtung Salzburg;Richtungfalse
2341;61746;Querschnitt50;MQQ25_Sbg_H;DETQ25_Sbg_H2;2;807079;48.0220079600393;11.660031421832;50;9.97;;Betriebsstatus1;Streckenstation23;SSTQ25;1;Fahrbahnteil1;UZ Holzkirchen;A8-Ost Richtung Salzburg;Richtungfalse
2342;57838;Querschnitt51;MQQ25_Sbg_E;DETQ25_Sbg_E2;130;807079;48.021961011586;11.6596663210238;51;9.97;;Betriebsstatus1;Streckenstation23;SSTQ25;1;Fahrbahnteil3;UZ Holzkirchen;A8-Ost Richtung Salzburg;Richtungfalse
2343;51246;Querschnitt4686;BMSQ21;BMSQ21_Netz;3;807072;48.02922517;11.65629995;4686;9.13;;Betriebsstatus1;Streckenstation22;SSTQ21;6;Fahrbahnteil1;UZ Holzkirchen;A8-Ost Richtung Salzburg;Richtungfalse
2344;52302;Querschnitt47;GMAQ21_Sbg_H;WUD_HK_Q21_Sbg_H;93;807072;48.0291267439869;11.6563611655274;47;9.1;;Betriebsstatus1;Streckenstation22;SSTQ21;3;Fahrbahnteil1;UZ Holzkirchen;A8-Ost Richtung Salzburg;Richtungfalse
2345;57918;Querschnitt46;AQQ21_Sbg_H;AQQ21_Sbg_C1;73;807072;48.0291484314723;11.6564741082134;46;9.13;;Betriebsstatus1;Streckenstation22;SSTQ21;4;Fahrbahnteil1;UZ Holzkirchen;A8-Ost Richtung Salzburg;Richtungfalse
2346;58943;Querschnitt48;MQQ21_Sbg_H;DETQ21_Sbg_H2;2;807072;48.0293302426846;11.6563874550357;48;9.1;;Betriebsstatus1;Streckenstation22;SSTQ21;1;Fahrbahnteil1;UZ Holzkirchen;A8-Ost Richtung Salzburg;Richtungfalse
2347;58420;Querschnitt4687;BMSQ31;BMSQ31_Netz;3;807107;47.99316618;11.67899851;4687;13.47;;Betriebsstatus1;Streckenstation26;SSTQ31;6;Fahrbahnteil1;UZ Holzkirchen;A8-Ost Richtung Salzburg;Richtungfalse
2348;58486;Querschnitt4690;BMSQ41;BMSQ41_Netz;3;807183;47.91159481;11.71587772;4690;23.025;;Betriebsstatus1;Streckenstation31;SSTQ41;6;Fahrbahnteil1;UZ Holzkirchen;A8-Ost Richtung Salzburg;Richtungfalse
2349;56989;Querschnitt4691;BMSQ43;BMSQ43_Netz;3;807185;47.9089712;11.71698291;4691;23.3;;Betriebsstatus1;Streckenstation32;SSTQ43;6;Fahrbahnteil1;UZ Holzkirchen;A8-Ost Richtung Salzburg;Richtungfalse
2350;63299;Querschnitt4692;BMSQ49;BMSQ49_Netz;3;807217;47.88318355;11.75051221;4692;27.3;;Betriebsstatus1;Streckenstation35;SSTQ49;6;Fahrbahnteil1;UZ Holzkirchen;A8-Ost Richtung Salzburg;Richtungfalse
2351;62022;Querschnitt4693;BMSQ51;BMSQ51_Netz;3;807223;47.87965794;11.75934923;4693;28.07;;Betriebsstatus1;Streckenstation36;SSTQ51;6;Fahrbahnteil1;UZ Holzkirchen;A8-Ost Richtung Salzburg;Richtungfalse
2352;58602;Querschnitt4694;BMSQ53;BMSQ53_Netz;3;807237;47.87165121;11.77901691;4694;29.8;;Betriebsstatus1;Streckenstation37;SSTQ53;6;Fahrbahnteil1;UZ Holzkirchen;A8-Ost Richtung Salzburg;Richtungfalse
2353;60631;Querschnitt4696;BMSQ57;BMSQ57_Netz;3;807250;47.86473199;11.79957571;4696;31.52;;Betriebsstatus1;Streckenstation39;SSTQ57;6;Fahrbahnteil1;UZ Holzkirchen;A8-Ost Richtung Salzburg;Richtungfalse
2354;50633;Querschnitt4698;BMSQ59;BMSQ59_Netz;3;807262;47.86549028;11.81894363;4698;33.0;;Betriebsstatus1;Streckenstation40;SSTQ59;6;Fahrbahnteil1;UZ Holzkirchen;A8-Ost Richtung Salzburg;Richtungfalse
2355;59557;Querschnitt4699;BMSQ62;BMSQ62_Netz;3;807281;47.85992615;11.84909822;4699;35.37;;Betriebsstatus1;Streckenstation42;SSTQ62;6;Fahrbahnteil1;UZ Holzkirchen;A8-Ost Richtung Salzburg;Richtungfalse
2356;53858;Querschnitt4700;BMSQ75;BMSQ75_Netz;3;807327;47.83009869;11.90430982;4700;41.225;;Betriebsstatus1;Streckenstation48;SSTQ75;6;Fahrbahnteil1;UZ Holzkirchen;A8-Ost Richtung Salzburg;Richtungfalse
2357;62211;Querschnitt4701;BMSQ85;BMSQ85_Netz;3;807359;47.82663343;11.95225668;4701;45.2;;Betriebsstatus1;Streckenstation53;SSTQ85;6;Fahrbahnteil1;UZ Holzkirchen;A8-Ost Richtung Salzburg;Richtungfalse
2358;59853;Querschnitt4702;BMSQ87;BMSQ87_Netz;3;807366;47.82400489;11.96336129;4702;46.17;;Betriebsstatus1;Streckenstation54;SSTQ87;6;Fahrbahnteil1;UZ Holzkirchen;A8-Ost Richtung Salzburg;Richtungfalse
2359;62795;Querschnitt4703;BMSQ89;BMSQ89_Netz;3;807373;47.82156492;11.97372334;4703;47.02;;Betriebsstatus1;Streckenstation55;SSTQ89;6;Fahrbahnteil1;UZ Holzkirchen;A8-Ost Richtung Salzburg;Richtungfalse
2360;59192;Querschnitt4704;BMSQ91;BMSQ91_Netz;3;807384;47.82165833;11.99208527;4704;48.37;;Betriebsstatus1;Streckenstation56;SSTQ91;6;Fahrbahnteil1;UZ Holzkirchen;A8-Ost Richtung Salzburg;Richtungfalse
2361;51959;Querschnitt4707;BMS99510;BMS99510_Heiz;5;9919926;48.02933494;11.66334879;4707;53.0;;Betriebsstatus1;Streckenstation386;SST99510;6;Fahrbahnteil1;UZ Aschheim;A99 Richtung Lindau;Richtungtrue
2362;59605;Querschnitt4708;BMS99520;BMS99520_Heiz;5;9919879;48.03258261;11.67049051;4708;52.36;;Betriebsstatus1;Streckenstation384;SST99520;6;Fahrbahnteil1;UZ Aschheim;A99 Richtung Lindau;Richtungtrue
2363;52871;Querschnitt4709;BMSQ11;BMSQ11_Netz;3;9916980;48.03112329;11.66601966;4709;52.74;;Betriebsstatus1;Streckenstation349;SSTQ11;6;Fahrbahnteil4;UZ Holzkirchen;A99 Richtung Salzburg;Richtungfalse
2364;61225;Querschnitt4713;BMSQ23;BMSQ23_Netz;3;10916926;48.02041489;11.66085488;4713;10.19;;Betriebsstatus1;Streckenstation388;SSTQ23;6;Fahrbahnteil3;UZ Holzkirchen;A8-Ost Richtung Salzburg;Richtungfalse
2365;58855;Querschnitt4714;BMSQ27;BMSQ27_Netz;3;807085;48.01527674;11.66401419;4714;10.77;;Betriebsstatus1;Streckenstation24;SSTQ27;6;Fahrbahnteil1;UZ Holzkirchen;A8-Ost Richtung Salzburg;Richtungfalse
2366;54523;Querschnitt4715;BMSQ37;BMSQ37_Netz;3;807160;47.93600137;11.7046218;4715;20.12;;Betriebsstatus1;Streckenstation29;SSTQ37;6;Fahrbahnteil1;UZ Holzkirchen;A8-Ost Richtung Salzburg;Richtungfalse
2367;60190;Querschnitt4716;BMSQ39;BMSQ39_Netz;3;807174;47.92072809;11.71234662;4716;21.92;;Betriebsstatus1;Streckenstation30;SSTQ39;6;Fahrbahnteil1;UZ Holzkirchen;A8-Ost Richtung Salzburg;Richtungfalse
2368;61181;Querschnitt4717;BMSQ45;BMSQ45_Netz;3;807190;47.90378345;11.71906071;4717;23.887;;Betriebsstatus1;Streckenstation33;SSTQ45;6;Fahrbahnteil1;UZ Holzkirchen;A8-Ost Richtung Salzburg;Richtungfalse
2369;54684;Querschnitt4721;BMSQ7;BMSQ7_Netz;3;9916891;48.05900125;11.70037901;4721;48.64;;Betriebsstatus1;Streckenstation344;SSTQ7;6;Fahrbahnteil1;UZ Aschheim;A99 Richtung Salzburg;Richtungfalse
2370;54500;Querschnitt4723;BMSQ9;BMSQ9_Netz;3;9916946;48.04066847;11.68074593;4723;51.17;;Betriebsstatus1;Streckenstation347;SSTQ9;6;Fahrbahnteil1;UZ Aschheim;A99 Richtung Salzburg;Richtungfalse
2371;62521;Querschnitt4727;BMSB30a;BMSB30a_Netz;3;817073;48.02784158;11.6576128;4727;9.25;;Betriebsstatus1;Streckenstation90;SSTB30a;6;Fahrbahnteil1;UZ Holzkirchen;A8-Ost Richtung M.-Zentrum;Richtungtrue
2372;55763;Querschnitt4728;BMSB30;BMSB30_Netz;3;817080;48.02184676;11.6620878;4728;10.04;;Betriebsstatus1;Streckenstation91;SSTB30;6;Fahrbahnteil1;UZ Holzkirchen;A8-Ost Richtung M.-Zentrum;Richtungtrue
2373;63079;Querschnitt3336;MQ99-818-Stg_A;DET99-818-Stg_A2;66;9917557;48.2290517904899;11.5882451053072;3336;21.02;;Betriebsstatus1;Streckenstation769;SST99-818;1;Fahrbahnteil4;UZ Aschheim;A99 Richtung Lindau;Richtungtrue
2374;52964;Querschnitt4729;BMSB29a;BMSB29a_Netz;3;817089;48.01165476;11.66687668;4729;11.21;;Betriebsstatus1;Streckenstation92;SSTB29a;6;Fahrbahnteil1;UZ Holzkirchen;A8-Ost Richtung M.-Zentrum;Richtungtrue
2375;56985;Querschnitt4730;BMS99-785;BMS99-785_Heiz;5;9907812;48.22034849;11.63131086;4730;24.46;;Betriebsstatus1;Streckenstation1272;SST99-785;6;Fahrbahnteil1;UZ Aschheim;A99 Richtung Lindau;Richtungtrue
2376;54120;Querschnitt4731;AQ99-785-Stg;WZG99-785-Stg_W1;1;9907812;48.2204169364233;11.630925270574;4731;24.42;;Betriebsstatus1;Streckenstation1272;SST99-785;4;Fahrbahnteil1;UZ Aschheim;A99 Richtung Lindau;Richtungtrue
2377;55573;Querschnitt3605;AQ99-765-Stg;WZG99-765-Stg_W3c;9;9918031;48.2026617655274;11.660952794149;3605;27.4;;Betriebsstatus1;Streckenstation777;SST99-765;4;Fahrbahnteil1;UZ Aschheim;A99 Richtung Lindau;Richtungtrue
2378;59559;Querschnitt3608;AQ99-772-Stg;WZG99-772-Stg_W3c;9;9917967;48.2074311760519;11.6514119724005;3608;26.52;;Betriebsstatus1;Streckenstation775;SST99-772;4;Fahrbahnteil1;UZ Aschheim;A99 Richtung Lindau;Richtungtrue
2379;55200;Querschnitt3609;AQ99-777-Stg;WZG99-777-Stg_W1b;3;9917890;48.2125976888584;11.643771719238;3609;25.71;;Betriebsstatus1;Streckenstation773;SST99-777;4;Fahrbahnteil1;UZ Aschheim;A99 Richtung Lindau;Richtungtrue
2380;53523;Querschnitt3611;AQ99-782-Stg;WZG99-782-Stg_W1b;3;9917865;48.2162030080831;11.6384053169422;3611;25.145;;Betriebsstatus1;Streckenstation771;SST99-782;4;Fahrbahnteil1;UZ Aschheim;A99 Richtung Lindau;Richtungtrue
2381;52698;Querschnitt3612;AQ99-784-Stg;WZG99-784-Stg_W1b;6;9917843;48.2181022040024;11.6354214903229;3612;24.84;;Betriebsstatus1;Streckenstation770;SST99-784;4;Fahrbahnteil1;UZ Aschheim;A99 Richtung Lindau;Richtungtrue
2382;57573;Querschnitt4755;BMSQ31a;BMSQ31a_Temp;3;807121;47.97827438;11.68397303;4755;15.22;;Betriebsstatus1;Streckenstation1292;SSTQ31a;6;Fahrbahnteil1;UZ Holzkirchen;A8-Ost Richtung Salzburg;Richtungfalse
2383;61108;Querschnitt4751;AQQ31a_Sbg_H;AQQ31a_Sbg_PW2;130;807121;47.9779164475885;11.6843115819134;4751;15.25;;Betriebsstatus1;Streckenstation1292;SSTQ31a;4;Fahrbahnteil1;UZ Holzkirchen;A8-Ost Richtung Salzburg;Richtungfalse
2384;59675;Querschnitt4787;BMSQ32;BMSQ32_Temp;3;807123;47.97599884;11.68459427;4787;15.435;;Betriebsstatus1;Streckenstation1317;SSTQ32;6;Fahrbahnteil1;UZ Holzkirchen;A8-Ost Richtung Salzburg;Richtungfalse
2385;54867;Querschnitt4788;AQQ32_Sbg_H;AQQ32_Sbg_PW2;130;807123;47.9758502928055;11.6848993433511;4788;15.465;;Betriebsstatus1;Streckenstation1317;SSTQ32;4;Fahrbahnteil1;UZ Holzkirchen;A8-Ost Richtung Salzburg;Richtungfalse
2386;54299;Querschnitt4789;AQQ33_Sbg_PW;AQQ33_Sbg_PW2;130;807124;47.9740279515157;11.6854292829774;4789;15.652;;Betriebsstatus1;Streckenstation27;SSTQ33;4;Fahrbahnteil1;UZ Holzkirchen;A8-Ost Richtung Salzburg;Richtungfalse
2387;56051;Querschnitt4790;BMSQ34;BMSQ34_Temp;3;807127;47.97129508;11.68602556;4790;16.025;;Betriebsstatus1;Streckenstation1318;SSTQ34;6;Fahrbahnteil1;UZ Holzkirchen;A8-Ost Richtung Salzburg;Richtungfalse
2388;62997;Querschnitt4791;AQQ34_Sbg_H;AQQ34_Sbg_PW1;129;807127;47.9705845317199;11.6862863347047;4791;16.055;;Betriebsstatus1;Streckenstation1318;SSTQ34;4;Fahrbahnteil1;UZ Holzkirchen;A8-Ost Richtung Salzburg;Richtungfalse
2389;55111;Querschnitt4793;AQQ35_Sbg_H;AQQ35_Sbg_PW1;129;807143;47.9528108440183;11.6938710694452;4793;18.115;;Betriebsstatus1;Streckenstation28;SSTQ35;4;Fahrbahnteil1;UZ Holzkirchen;A8-Ost Richtung Salzburg;Richtungfalse
2390;52431;Querschnitt4795;GMAQ34_Sbg_H;WUD_HK_Q34_Sbg_H;1;807127;47.9705793944202;11.6862122485397;4795;16.055;;Betriebsstatus1;Streckenstation1318;SSTQ34;3;Fahrbahnteil1;UZ Holzkirchen;A8-Ost Richtung Salzburg;Richtungfalse
2391;53524;Querschnitt4796;BMSQ36;BMSQ36_Temp;3;807153;47.94340854;11.699773;4796;19.25;;Betriebsstatus1;Streckenstation1319;SSTQ36;6;Fahrbahnteil1;UZ Holzkirchen;A8-Ost Richtung Salzburg;Richtungfalse
2392;53745;Querschnitt4797;GMAQ36_Sbg_H;WUD_HK_Q36_Sbg_H;1;807153;47.9432772028684;11.6998659078664;4797;19.265;;Betriebsstatus1;Streckenstation1319;SSTQ36;3;Fahrbahnteil1;UZ Holzkirchen;A8-Ost Richtung Salzburg;Richtungfalse
2393;51232;Querschnitt4799;AQQ36_Sbg_H;AQQ36_Sbg_PW1;129;807153;47.9433019661406;11.6999256001117;4799;19.265;;Betriebsstatus1;Streckenstation1319;SSTQ36;4;Fahrbahnteil1;UZ Holzkirchen;A8-Ost Richtung Salzburg;Richtungfalse
2394;60958;Querschnitt75;MQQ37_Sbg_H;DETQ37_Sbg_H4;4;807160;47.9360032963443;11.7047439073274;75;20.165;80369171;Betriebsstatus1;Streckenstation29;SSTQ37;1;Fahrbahnteil1;UZ Holzkirchen;A8-Ost Richtung Salzburg;Richtungfalse
2395;51336;Querschnitt78;MQQ39_Sbg_H;DETQ39_Sbg_H4;4;807174;47.9207124313743;11.7125228667491;78;21.933;;Betriebsstatus1;Streckenstation30;SSTQ39;1;Fahrbahnteil1;UZ Holzkirchen;A8-Ost Richtung Salzburg;Richtungfalse
2396;61891;Querschnitt4800;BMSQ44;BMSQ44_Temp;3;807187;47.9065681;11.71799628;4800;23.57;;Betriebsstatus1;Streckenstation1320;SSTQ44;6;Fahrbahnteil1;UZ Holzkirchen;A8-Ost Richtung Salzburg;Richtungfalse
2397;57303;Querschnitt4801;GMAQ44_Sbg_H;WUD_HK_Q44_Sbg_H;1;807187;47.9064221358535;11.7180815271144;4801;23.6;;Betriebsstatus1;Streckenstation1320;SSTQ44;3;Fahrbahnteil1;UZ Holzkirchen;A8-Ost Richtung Salzburg;Richtungfalse
2398;52365;Querschnitt4802;AQQ44_Sbg_H;AQQ44_Sbg_PW1;129;807187;47.9064552400667;11.7181208227164;4802;23.6;;Betriebsstatus1;Streckenstation1320;SSTQ44;4;Fahrbahnteil1;UZ Holzkirchen;A8-Ost Richtung Salzburg;Richtungfalse
2399;55340;Querschnitt4803;BMSQ45b;BMSQ45b_Temp;3;807193;47.90002425;11.72066717;4803;24.28;;Betriebsstatus1;Streckenstation1321;SSTQ45b;6;Fahrbahnteil1;UZ Holzkirchen;A8-Ost Richtung Salzburg;Richtungfalse
2400;53252;Querschnitt4804;AQQ45b_Sbg_H;AQQ45b_Sbg_W10;10;807193;47.8997070109511;11.7210339140383;4804;24.31;;Betriebsstatus1;Streckenstation1321;SSTQ45b;4;Fahrbahnteil1;UZ Holzkirchen;A8-Ost Richtung Salzburg;Richtungfalse
2401;54013;Querschnitt4805;BMSQ45c;BMSQ45c_Temp;3;807197;47.89657663;11.72315833;4805;24.765;;Betriebsstatus1;Streckenstation1322;SSTQ45c;6;Fahrbahnteil1;UZ Holzkirchen;A8-Ost Richtung Salzburg;Richtungfalse
2402;59180;Querschnitt4806;AQQ45c_Sbg_H;AQQ45c_Sbg_W5;5;807197;47.8963662300101;11.7235662875974;4806;24.795;;Betriebsstatus1;Streckenstation1322;SSTQ45c;4;Fahrbahnteil1;UZ Holzkirchen;A8-Ost Richtung Salzburg;Richtungfalse
2403;52651;Querschnitt4807;BMSQ46;BMSQ46_Temp;3;807200;47.89339179;11.72686254;4807;25.22;;Betriebsstatus1;Streckenstation1325;SSTQ46;6;Fahrbahnteil1;UZ Holzkirchen;A8-Ost Richtung Salzburg;Richtungfalse
2404;55477;Querschnitt4809;BMSQ46a;BMSQ46a_Temp;3;807199;47.89432146;11.72566128;4809;25.09;;Betriebsstatus1;Streckenstation1324;SSTQ46a;6;Fahrbahnteil1;UZ Holzkirchen;A8-Ost Richtung Salzburg;Richtungfalse
2405;58380;Querschnitt4811;GMAQ46_Sbg_H;WUD_HK_Q46_Sbg_H;1;807200;47.8932118364611;11.7272039628758;4811;25.25;;Betriebsstatus1;Streckenstation1325;SSTQ46;3;Fahrbahnteil1;UZ Holzkirchen;A8-Ost Richtung Salzburg;Richtungfalse
2406;54695;Querschnitt4808;AQQ46_Sbg_H;AQQ46_Sbg_PW1;129;807200;47.8932409404636;11.7272421228225;4808;25.25;;Betriebsstatus1;Streckenstation1325;SSTQ46;4;Fahrbahnteil1;UZ Holzkirchen;A8-Ost Richtung Salzburg;Richtungfalse
2407;52049;Querschnitt4810;AQQ46a_Sbg_H;AQQ46a_Sbg_PW1;129;807199;47.8941371192447;11.7259135513367;4810;25.11;;Betriebsstatus1;Streckenstation1324;SSTQ46a;4;Fahrbahnteil1;UZ Holzkirchen;A8-Ost Richtung Salzburg;Richtungfalse
2408;51958;Querschnitt4812;BMSQ48;BMSQ48_Temp;3;807204;47.89044233;11.73247304;4812;25.75;;Betriebsstatus1;Streckenstation1326;SSTQ48;6;Fahrbahnteil1;UZ Holzkirchen;A8-Ost Richtung Salzburg;Richtungfalse
2409;60993;Querschnitt4813;MQQ48_Sbg_H;DETQ48_Sbg_H3;3;807204;47.8903883366839;11.7330405051613;4813;25.78;;Betriebsstatus1;Streckenstation1326;SSTQ48;1;Fahrbahnteil1;UZ Holzkirchen;A8-Ost Richtung Salzburg;Richtungfalse
2410;63153;Querschnitt4814;GMAQ48_Sbg_H;WUD_HK_Q48_Sbg_H;1;807204;47.8902558866171;11.7330400768488;4814;25.78;;Betriebsstatus1;Streckenstation1326;SSTQ48;3;Fahrbahnteil1;UZ Holzkirchen;A8-Ost Richtung Salzburg;Richtungfalse
2411;51689;Querschnitt4815;AQQ48_Sbg_H;AQQ48_Sbg_PW1;129;807204;47.8903301501018;11.7331687439257;4815;25.78;;Betriebsstatus1;Streckenstation1326;SSTQ48;4;Fahrbahnteil1;UZ Holzkirchen;A8-Ost Richtung Salzburg;Richtungfalse
2412;56704;Querschnitt4816;MQQ13_Sbg_E;DETQ13_Sbg_E2;138;807085;48.0151489757121;11.6639103453382;4816;54.74;;Betriebsstatus1;Streckenstation24;SSTQ27;1;Fahrbahnteil3;UZ Holzkirchen;A8-Ost Richtung Salzburg;Richtungfalse
2413;51340;Querschnitt69;MQQ33_Sbg_H;DETQ33_Sbg_H4;4;807124;47.9741513062705;11.6853829315295;69;15.62;;Betriebsstatus1;Streckenstation27;SSTQ33;1;Fahrbahnteil1;UZ Holzkirchen;A8-Ost Richtung Salzburg;Richtungfalse
2414;58976;Querschnitt76;AQQ39_Sbg_H;AQQ39_Sbg_PW1;129;807174;47.920599165805;11.7125768638147;76;21.933;;Betriebsstatus1;Streckenstation30;SSTQ39;4;Fahrbahnteil1;UZ Holzkirchen;A8-Ost Richtung Salzburg;Richtungfalse
2415;62828;Querschnitt3426;AQ92-584-Mch;WZG92-584-Mch_W10;43;9216444;48.3258188091688;11.641111179014;3426;14.9;;Betriebsstatus1;Streckenstation973;SST92-584;4;Fahrbahnteil1;UZ Freising;A92 Richtung M.-Zentrum;Richtungtrue
2416;63015;Querschnitt3427;AQ92-586-Mch;WZG92-586-Mch_W10;43;9216437;48.324714377749;11.6383371277332;3427;14.65;;Betriebsstatus1;Streckenstation972;SST92-586;4;Fahrbahnteil1;UZ Freising;A92 Richtung M.-Zentrum;Richtungtrue
2417;58739;Querschnitt3428;AQ92-588-Mch;WZG92-588-Mch_W10;43;9216429;48.3236974866749;11.6359629502999;3428;14.4;;Betriebsstatus1;Streckenstation971;SST92-588;4;Fahrbahnteil1;UZ Freising;A92 Richtung M.-Zentrum;Richtungtrue
2418;56922;Querschnitt262;MQB29_Mch_H;DETB29_Mch_H4;36;817099;48.0011994201204;11.6740829673939;262;12.5;;Betriebsstatus1;Streckenstation93;SSTB29;1;Fahrbahnteil1;UZ Holzkirchen;A8-Ost Richtung M.-Zentrum;Richtungtrue
2419;56210;Querschnitt4817;BMSB10;BMSB10_Netz;3;817374;47.82191207;11.97627193;4817;47.18;;Betriebsstatus1;Streckenstation113;SSTB10;6;Fahrbahnteil1;UZ Holzkirchen;A8-Ost Richtung M.-Zentrum;Richtungtrue
2420;59968;Querschnitt4818;BMSB11;BMSB11_Netz;3;817359;47.82707875;11.95148423;4818;45.2;;Betriebsstatus1;Streckenstation112;SSTB11;6;Fahrbahnteil1;UZ Holzkirchen;A8-Ost Richtung M.-Zentrum;Richtungtrue
2421;50973;Querschnitt4819;BMSB12;BMSB12_Netz;3;817350;47.8240064;11.93778695;4819;44.037;;Betriebsstatus1;Streckenstation111;SSTB12;6;Fahrbahnteil1;UZ Holzkirchen;A8-Ost Richtung M.-Zentrum;Richtungtrue
2422;58894;Querschnitt4820;BMSB13;BMSB13_Netz;3;817335;47.82777282;11.91671002;4820;42.2;;Betriebsstatus1;Streckenstation110;SSTB13;6;Fahrbahnteil1;UZ Holzkirchen;A8-Ost Richtung M.-Zentrum;Richtungtrue
2423;60553;Querschnitt4821;BMSB13a;BMSB13a_Netz;3;817329;47.83071583;11.90717041;4821;41.4;;Betriebsstatus1;Streckenstation109;SSTB13a;6;Fahrbahnteil3;UZ Holzkirchen;A8-Ost Richtung M.-Zentrum;Richtungtrue
2424;54997;Querschnitt4822;BMSB14;BMSB14_Netz;3;817325;47.82938613;11.90094703;4822;40.93;;Betriebsstatus1;Streckenstation108;SSTB14;6;Fahrbahnteil1;UZ Holzkirchen;A8-Ost Richtung M.-Zentrum;Richtungtrue
2425;60948;Querschnitt4823;BMSB15;BMSB15_Netz;3;817310;47.83508905;11.87967082;4823;39.03;;Betriebsstatus1;Streckenstation107;SSTB15;6;Fahrbahnteil1;UZ Holzkirchen;A8-Ost Richtung M.-Zentrum;Richtungtrue
2426;54854;Querschnitt4824;BMSB16;BMSB16_Netz;3;817297;47.84634428;11.86729973;4824;37.4;;Betriebsstatus1;Streckenstation106;SSTB16;6;Fahrbahnteil1;UZ Holzkirchen;A8-Ost Richtung Salzburg;Richtungfalse
2427;60588;Querschnitt4825;BMSB17;BMSB17_Netz;3;817280;47.86049937;11.84885744;4825;35.28;;Betriebsstatus1;Streckenstation105;SSTB17;6;Fahrbahnteil1;UZ Holzkirchen;A8-Ost Richtung M.-Zentrum;Richtungtrue
2428;58608;Querschnitt4826;BMSB18;BMSB18_Netz;3;817265;47.86534229;11.8246407;4826;33.4;;Betriebsstatus1;Streckenstation104;SSTB18;6;Fahrbahnteil1;UZ Holzkirchen;A8-Ost Richtung M.-Zentrum;Richtungtrue
2429;51623;Querschnitt4827;BMSB19;BMSB19_Netz;3;817245;47.867242;11.79099945;4827;30.82;;Betriebsstatus1;Streckenstation103;SSTB19;6;Fahrbahnteil1;UZ Holzkirchen;A8-Ost Richtung M.-Zentrum;Richtungtrue
2430;58426;Querschnitt4828;BMSB20;BMSB20_Netz;3;817228;47.87715175;11.7666104;4828;28.68;;Betriebsstatus1;Streckenstation102;SSTB20;6;Fahrbahnteil1;UZ Holzkirchen;A8-Ost Richtung M.-Zentrum;Richtungtrue
2431;52030;Querschnitt4829;BMSB21;BMSB21_Netz;3;817217;47.88358624;11.75068511;4829;27.3;;Betriebsstatus1;Streckenstation101;SSTB21;6;Fahrbahnteil1;UZ Holzkirchen;A8-Ost Richtung M.-Zentrum;Richtungtrue
2432;62116;Querschnitt4830;BMSB22;BMSB22_Netz;3;817204;47.89101917;11.73211426;4830;25.69;;Betriebsstatus1;Streckenstation100;SSTB22;6;Fahrbahnteil1;UZ Holzkirchen;A8-Ost Richtung M.-Zentrum;Richtungtrue
2433;53031;Querschnitt4831;BMSB23;BMSB23_Netz;3;817191;47.90290694;11.72003192;4831;24.01;;Betriebsstatus1;Streckenstation99;SSTB23;6;Fahrbahnteil1;UZ Holzkirchen;A8-Ost Richtung M.-Zentrum;Richtungtrue
2434;54754;Querschnitt4832;BMSB24;BMSB24_Netz;3;817174;47.92091984;11.71286297;4832;21.94;;Betriebsstatus1;Streckenstation98;SSTB24;6;Fahrbahnteil1;UZ Holzkirchen;A8-Ost Richtung M.-Zentrum;Richtungtrue
2435;60806;Querschnitt4833;BMSB25;BMSB25_Netz;3;817160;47.93640773;11.70485671;4833;20.12;;Betriebsstatus1;Streckenstation97;SSTB25;6;Fahrbahnteil1;UZ Holzkirchen;A8-Ost Richtung M.-Zentrum;Richtungtrue
2436;54220;Querschnitt4834;BMSB26;BMSB26_Netz;3;817149;47.9472997;11.69786159;4834;18.805;;Betriebsstatus1;Streckenstation96;SSTB26;6;Fahrbahnteil1;UZ Holzkirchen;A8-Ost Richtung M.-Zentrum;Richtungtrue
2437;62646;Querschnitt4835;BMSB27;BMSB27_Netz;3;817132;47.96559548;11.68820856;4835;16.63;;Betriebsstatus1;Streckenstation95;SSTB27;6;Fahrbahnteil1;UZ Holzkirchen;A8-Ost Richtung M.-Zentrum;Richtungtrue
2438;57042;Querschnitt4836;BMSB28;BMSB28_Netz;3;817116;47.98330722;11.68326861;4836;14.63;;Betriebsstatus1;Streckenstation94;SSTB28;6;Fahrbahnteil1;UZ Holzkirchen;A8-Ost Richtung M.-Zentrum;Richtungtrue
2439;57618;Querschnitt4837;BMSB29;BMSB29_Netz;3;817099;48.0010986;11.67434865;4837;12.53;;Betriebsstatus1;Streckenstation93;SSTB29;6;Fahrbahnteil1;UZ Holzkirchen;A8-Ost Richtung M.-Zentrum;Richtungtrue
2440;62093;Querschnitt4843;BMS_99_2978_Lin;BMS_99_2978_Lin_Netz;3;9906221;48.1559445;11.39938642;4843;2.978;;Betriebsstatus1;Streckenstation1328;SST_99_2978_Lin;6;Fahrbahnteil1;UZ Aubing;A99 Richtung Lindau;Richtungtrue
2441;58031;Querschnitt4846;GMA_HK_99_2949_Lin;WUD_99_2949_Lin_HK;33;9906221;48.1556952593963;11.3991803186134;4846;2.949;;Betriebsstatus1;Streckenstation1328;SST_99_2978_Lin;3;Fahrbahnteil1;UZ Aubing;A99 Richtung Lindau;Richtungtrue
2442;53802;Querschnitt4848;BMS_99_2048_Lin;BMS_99_2048_Lin_Netz;3;9906152;48.14842741;11.3938736;4848;2.048;;Betriebsstatus1;Streckenstation1329;SST_99_2048_Lin;6;Fahrbahnteil1;UZ Aubing;A99 Richtung Lindau;Richtungtrue
2443;55742;Querschnitt4851;GMA_HK_99_2018_Lin;WUD_99_2018_Lin_HK;33;9906152;48.1481595586404;11.3939040661503;4851;2.018;;Betriebsstatus1;Streckenstation1329;SST_99_2048_Lin;3;Fahrbahnteil1;UZ Aubing;A99 Richtung Lindau;Richtungtrue
2444;60344;Querschnitt4854;MQ_99_AS6_350_NS;DET_99_AS6_350_NS_A1;97;9906122;48.1449373711543;11.3935981491505;4854;0.24;;Betriebsstatus1;Streckenstation1331;SST_99_AS6_1650_SZ;1;Fahrbahnteil4;UZ Aubing;A99 Richtung Lindau;Richtungtrue
2445;55251;Querschnitt4856;AQ_99_AS6_230_SZ;WZG_99_AS6_230_SZ_C1;105;9906122;48.1446203125847;11.3938349987499;4856;1.63;;Betriebsstatus1;Streckenstation1331;SST_99_AS6_1650_SZ;4;Fahrbahnteil3;UZ Aubing;A99 Richtung Lindau;Richtungtrue
2446;52404;Querschnitt4855;GMA_HK_99_AS6_230_SZ;WUD_99_AS6_230_SZ_HK;33;9906122;48.1446459953914;11.3938193544921;4855;1.63;;Betriebsstatus1;Streckenstation1331;SST_99_AS6_1650_SZ;3;Fahrbahnteil3;UZ Aubing;A99 Richtung Lindau;Richtungtrue
2447;61431;Querschnitt4852;BMS_99_AS6_1650_SZ;BMS_99_AS6_1650_SZ_Netz;3;9906122;48.14582372;11.39334822;4852;1.63;;Betriebsstatus1;Streckenstation1331;SST_99_AS6_1650_SZ;6;Fahrbahnteil1;UZ Aubing;B2 Richtung M.-Zentrum;Richtungtrue
2448;55638;Querschnitt4857;MQ_99_AS6_170_SZ;DET_99_AS6_170_SZ_E1;161;9906122;48.1446466424329;11.3936530978279;4857;1.63;;Betriebsstatus1;Streckenstation1331;SST_99_AS6_1650_SZ;1;Fahrbahnteil3;UZ Aubing;A99 Richtung Lindau;Richtungtrue
2449;56932;Querschnitt4860;GMA_HK_99_924_Lin;WUD_99_924_Lin_HK;33;9906069;48.1385644208923;11.3967058434768;4860;0.924;;Betriebsstatus1;Streckenstation1330;SST_99_934_Lin;3;Fahrbahnteil1;UZ Aubing;A99 Richtung Lindau;Richtungtrue
2450;58363;Querschnitt4858;BMS_99_934_Lin;BMS_99_934_Lin_Netz;3;9906069;48.13874625;11.39655308;4858;0.934;;Betriebsstatus1;Streckenstation1330;SST_99_934_Lin;6;Fahrbahnteil1;UZ Aubing;A99 Richtung Lindau;Richtungtrue
2451;54482;Querschnitt4866;AQ_99_AS5_200_SZ;WZG_99_AS5_200_SZ_C1;105;9906060;48.1374990180921;11.3968439952583;4866;0.816;;Betriebsstatus1;Streckenstation1332;SST_99_AS5_816_SZ;4;Fahrbahnteil3;UZ Aubing;A99 Richtung Lindau;Richtungtrue
2452;54012;Querschnitt4865;BMS_99_AS5_816_SZ;BMS_99_AS5_816_SZ_Netz;3;9906060;48.13890159;11.39834199;4865;0.816;;Betriebsstatus1;Streckenstation1332;SST_99_AS5_816_SZ;6;Fahrbahnteil1;UZ Aubing;B2 Richtung M.-Zentrum;Richtungtrue
2453;61722;Querschnitt4863;MQ_99_AS5_200_SZ;DET_99_AS5_200_SZ_E1;161;9906060;48.1374377494676;11.3967422255786;4863;0.816;;Betriebsstatus1;Streckenstation1332;SST_99_AS5_816_SZ;1;Fahrbahnteil3;UZ Aubing;A99 Richtung Lindau;Richtungtrue
2454;58805;Querschnitt4864;GMA_HK_99_AS5_200_SZ;WUD_99_AS5_200_SZ_HK;33;9906060;48.1375079920718;11.3968865052796;4864;0.816;;Betriebsstatus1;Streckenstation1332;SST_99_AS5_816_SZ;3;Fahrbahnteil1;UZ Aubing;B2 Richtung M.-Zentrum;Richtungtrue
2455;54496;Querschnitt4871;MQ_99_270_Lin;DET_99_270_Lin_H3;35;9916050;48.1330620171248;11.3999148862747;4871;0.27;;Betriebsstatus1;Streckenstation1333;SST_99_676_Sbg;1;Fahrbahnteil1;UZ Aubing;A99 Richtung Lindau;Richtungtrue
2456;55289;Querschnitt4867;BMS_99_676_Sbg;BMS_99_676_Sbg_Netz;3;9916050;48.13682854;11.39820648;4867;0.676;;Betriebsstatus1;Streckenstation1333;SST_99_676_Sbg;6;Fahrbahnteil1;UZ Aubing;A99 Richtung Salzburg;Richtungfalse
2457;59506;Querschnitt4870;MQ_99_730_Sbg;DET_99_730_Sbg_H3;3;9916050;48.1369524183534;11.3979595675836;4870;0.73;;Betriebsstatus1;Streckenstation1333;SST_99_676_Sbg;1;Fahrbahnteil1;UZ Aubing;A99 Richtung Salzburg;Richtungfalse
2458;60995;Querschnitt4868;GMA_HK_99_730_Sbg;WUD_99_730_Sbg_HK;1;9916050;48.1371127193841;11.3980410479095;4868;0.73;;Betriebsstatus1;Streckenstation1333;SST_99_676_Sbg;3;Fahrbahnteil1;UZ Aubing;A99 Richtung Salzburg;Richtungfalse
2459;51675;Querschnitt4876;MQ_99_AS5_200_EM;DET_99_AS5_200_EM_E1;129;9916078;48.1399639312684;11.3968163133717;4876;1.055;;Betriebsstatus1;Streckenstation1334;SST_99_AS5_1055_EM;1;Fahrbahnteil3;UZ Aubing;A99 Richtung Salzburg;Richtungfalse
2460;57914;Querschnitt4872;BMS_99_AS5_1055_EM;BMS_99_AS5_1055_EM_Netz;3;9916078;48.13980977;11.39667271;4872;1.07;;Betriebsstatus1;Streckenstation1334;SST_99_AS5_1055_EM;6;Fahrbahnteil1;UZ Aubing;A99 Richtung Salzburg;Richtungfalse
2461;62067;Querschnitt4874;AQ_99_AS5_220_EM;WZG_99_AS5_220_EM_C1;134;9916078;48.1399314135383;11.396738042481;4874;1.07;;Betriebsstatus1;Streckenstation1334;SST_99_AS5_1055_EM;4;Fahrbahnteil1;UZ Aubing;A99 Richtung Salzburg;Richtungfalse
2462;51554;Querschnitt4873;GMA_HK_99_AS5_220_EM;WUD_99_AS5_220_EM_HK;1;9916078;48.1399458379536;11.3967218766589;4873;1.07;;Betriebsstatus1;Streckenstation1334;SST_99_AS5_1055_EM;3;Fahrbahnteil1;UZ Aubing;A99 Richtung Salzburg;Richtungfalse
2463;58152;Querschnitt4877;BMS_99_1345_Sbg;BMS_99_1345_Sbg_Netz;3;9916100;48.14221916;11.39547571;4877;1.345;;Betriebsstatus1;Streckenstation1335;SST_99_1345_Sbg;6;Fahrbahnteil1;UZ Aubing;A99 Richtung Salzburg;Richtungfalse
2464;58471;Querschnitt4880;MQ_99_1345_Lin;DET_99_1345_Lin_H3;35;9916100;48.142145634625;11.3950812557918;4880;1.345;;Betriebsstatus1;Streckenstation1335;SST_99_1345_Sbg;1;Fahrbahnteil1;UZ Aubing;A99 Richtung Lindau;Richtungtrue
2465;54346;Querschnitt4879;MQ_99_1345_Sbg;DET_99_1345_Sbg_H3;3;9916100;48.1420314376417;11.3953558773528;4879;1.345;;Betriebsstatus1;Streckenstation1335;SST_99_1345_Sbg;1;Fahrbahnteil1;UZ Aubing;A99 Richtung Salzburg;Richtungfalse
2466;53685;Querschnitt4882;BMS_99_1612_Sbg;BMS_99_1612_Sbg_Netz;3;9916119;48.14448876;11.39424764;4882;1.625;;Betriebsstatus1;Streckenstation1336;SST_99_1612_Sbg;6;Fahrbahnteil1;UZ Aubing;A99 Richtung Salzburg;Richtungfalse
2467;50780;Querschnitt4883;GMA_HK_99_1625_Sbg;WUD_99_1625_Sbg_HK;1;9916119;48.1446614378107;11.3944757539825;4883;1.625;;Betriebsstatus1;Streckenstation1336;SST_99_1612_Sbg;3;Fahrbahnteil1;UZ Aubing;A99 Richtung Salzburg;Richtungfalse
2468;50734;Querschnitt4886;MQ_99_AS6_220_AE;DET_99_AS6_220_AE_A2;66;9916119;48.1443614372241;11.3946718948763;4886;1.579;;Betriebsstatus1;Streckenstation1336;SST_99_1612_Sbg;1;Fahrbahnteil4;UZ Aubing;A99 Richtung Salzburg;Richtungfalse
2469;51732;Querschnitt4887;WS_GMA_99_1615_Sbg;WUD_99_1615_Sbg_WFD;82;9916119;48.1445728840999;11.3944974647027;4887;1.615;80000827;Betriebsstatus1;Streckenstation1336;SST_99_1612_Sbg;3;Fahrbahnteil1;UZ Aubing;A99 Richtung Salzburg;Richtungfalse
2470;55984;Querschnitt4888;WS_GMA_99_1615_Lin;WUD_99_1615_Lin_GT;103;9916119;48.1445728840999;11.3944974647027;4888;1.615;80000827;Betriebsstatus1;Streckenstation1336;SST_99_1612_Sbg;3;Fahrbahnteil1;UZ Aubing;A99 Richtung Salzburg;Richtungfalse
2471;53668;Querschnitt4892;MQ_99_AS6_330_FM;DET_99_AS6_330_FM_E1;1;9916159;48.1491476810033;11.3945871411843;4892;2.155;;Betriebsstatus1;Streckenstation1337;SST_99_2145_Sbg;1;Fahrbahnteil3;UZ Aubing;A99 Richtung Salzburg;Richtungfalse
2472;56421;Querschnitt4889;BMS_99_2145_Sbg;BMS_99_2145_Sbg_Netz;3;9916159;48.14918301;11.39474236;4889;2.145;;Betriebsstatus1;Streckenstation1337;SST_99_2145_Sbg;6;Fahrbahnteil1;UZ Aubing;A99 Richtung Salzburg;Richtungfalse
2473;59334;Querschnitt4891;MQ_99_2155_Sbg;DET_99_2155_Sbg_H2;3;9916159;48.1491591982345;11.3945076842162;4891;2.155;;Betriebsstatus1;Streckenstation1337;SST_99_2145_Sbg;1;Fahrbahnteil1;UZ Aubing;A99 Richtung Salzburg;Richtungfalse
2474;54239;Querschnitt4893;BMS_99_2375_Sbg;BMS_99_2375_Sbg_Netz;3;9916176;48.15119731;11.39564835;4893;2.375;;Betriebsstatus1;Streckenstation1338;SST_99_2375_Sbg;6;Fahrbahnteil1;UZ Aubing;A99 Richtung Salzburg;Richtungfalse
2475;52883;Querschnitt4894;GMA_HK_99_2408_Sbg;WUD_99_2408_Sbg_HK;1;9916176;48.1514823252027;11.3957625629307;4894;2.408;;Betriebsstatus1;Streckenstation1338;SST_99_2375_Sbg;3;Fahrbahnteil1;UZ Aubing;A99 Richtung Salzburg;Richtungfalse
2476;55401;Querschnitt4898;BMS_99_2670_Sbg;BMS_99_2670_Sbg_Netz;3;9916198;48.1537103;11.39760977;4898;2.67;;Betriebsstatus1;Streckenstation1339;SST_99_2670_Sbg;6;Fahrbahnteil1;UZ Aubing;A99 Richtung Salzburg;Richtungfalse
2477;59957;Querschnitt4900;AQ_99_2700_Sbg;WZG_99_2700_Sbg_BL2;136;9916198;48.1543290372545;11.3980909955174;4900;2.7;;Betriebsstatus1;Streckenstation1339;SST_99_2670_Sbg;4;Fahrbahnteil1;UZ Aubing;A99 Richtung Salzburg;Richtungfalse
2478;57862;Querschnitt4899;GMA_HK_99_2700_Sbg;WUD_99_2700_Sbg_HK;1;9916198;48.1542651238778;11.3981834554399;4899;2.7;;Betriebsstatus1;Streckenstation1339;SST_99_2670_Sbg;3;Fahrbahnteil1;UZ Aubing;A99 Richtung Salzburg;Richtungfalse
2479;50697;Querschnitt4901;BMS_99_2907_Sbg;BMS_99_2907_Sbg_Netz;3;9916215;48.15520857;11.39923764;4901;2.907;;Betriebsstatus1;Streckenstation1340;SST_99_2907_Sbg;6;Fahrbahnteil1;UZ Aubing;A99 Richtung Salzburg;Richtungfalse
2480;51386;Querschnitt4902;GMA_HK_99_2927_Sbg;WUD_99_2927_Sbg_HK;1;9916215;48.1553682553458;11.3994000322076;4902;2.927;;Betriebsstatus1;Streckenstation1340;SST_99_2907_Sbg;3;Fahrbahnteil1;UZ Aubing;A99 Richtung Salzburg;Richtungfalse
2481;55808;Querschnitt4906;BMS_99_3670_Lin;BMS_99_3670_Lin_Netz;3;9906272;48.16083849;11.40489763;4906;3.67;;Betriebsstatus1;Streckenstation1341;SST_99_3670_Lin;6;Fahrbahnteil1;UZ Aubing;A99 Richtung Lindau;Richtungtrue
2482;51726;Querschnitt4907;MQ_99_3728_Lin;DET_99_3728_Lin_H3;35;9906272;48.161201081417;11.4058263865304;4907;3.728;;Betriebsstatus1;Streckenstation1341;SST_99_3670_Lin;1;Fahrbahnteil1;UZ Aubing;A99 Richtung Lindau;Richtungtrue
2483;53689;Querschnitt4908;AQ_99_3728_Lin;DLZ_99_3728_Lin_DLZ3;35;9906272;48.1611706279003;11.405767058419;4908;3.728;;Betriebsstatus1;Streckenstation1341;SST_99_3670_Lin;4;Fahrbahnteil1;UZ Aubing;A99 Richtung Lindau;Richtungtrue
2484;55857;Querschnitt4910;AQ_99_3493_Lin;WZG_99_3493_Lin_C2;166;9906272;48.1595526409415;11.4037231604114;4910;3.493;;Betriebsstatus1;Streckenstation1341;SST_99_3670_Lin;4;Fahrbahnteil1;UZ Aubing;A99 Richtung Lindau;Richtungtrue
2485;56844;Querschnitt4911;MQ_99_3455_Lin;DET_99_3455_Lin_H3;38;9906272;48.159255575738;11.4034714009841;4911;3.455;;Betriebsstatus1;Streckenstation1341;SST_99_3670_Lin;1;Fahrbahnteil1;UZ Aubing;A99 Richtung Lindau;Richtungtrue
2486;54649;Querschnitt4912;AQ_99_3312_Lin;WZG_99_3312_Lin_C2;170;9906272;48.1582363643009;11.4022873044166;4912;3.312;;Betriebsstatus1;Streckenstation1341;SST_99_3670_Lin;4;Fahrbahnteil1;UZ Aubing;A99 Richtung Lindau;Richtungtrue
2487;54134;Querschnitt4914;MQ_99_3289_Lin;DET_99_3289_Lin_H3;41;9906272;48.1580796935997;11.4020882083973;4914;3.289;;Betriebsstatus1;Streckenstation1341;SST_99_3670_Lin;1;Fahrbahnteil1;UZ Aubing;A99 Richtung Lindau;Richtungtrue
2488;63121;Querschnitt4915;BMS_99_3670_Sbg;BMS_99_3670_Sbg_Netz;3;9916272;48.15825495;11.40199628;4915;3.67;;Betriebsstatus1;Streckenstation1342;SST_99_3670_Sbg;6;Fahrbahnteil1;UZ Aubing;A99 Richtung Salzburg;Richtungfalse
2489;61024;Querschnitt4916;LSA_99_3248_Sbg;LSA_99_3248_Sbg_LSA1;1;9916272;48.1577528191346;11.4019267008667;4916;3.248;;Betriebsstatus1;Streckenstation1342;SST_99_3670_Sbg;4;Fahrbahnteil1;UZ Aubing;A99 Richtung Salzburg;Richtungfalse
2490;59575;Querschnitt4917;AQ_99_3252_Sbg;DLZ_99_3252_Sbg_DLZ3;4;9916272;48.1577665952422;11.4019006155225;4917;3.252;;Betriebsstatus1;Streckenstation1342;SST_99_3670_Sbg;4;Fahrbahnteil1;UZ Aubing;A99 Richtung Salzburg;Richtungfalse
2491;51215;Querschnitt4918;MQ_99_3252_Sbg;DET_99_3252_Sbg_H3;3;9916272;48.1576426616628;11.4017867486123;4918;3.252;;Betriebsstatus1;Streckenstation1342;SST_99_3670_Sbg;1;Fahrbahnteil1;UZ Aubing;A99 Richtung Salzburg;Richtungfalse
2492;58500;Querschnitt6006;AQ99-770-Stg_PW;WZG99-770-Stg_PW1;129;9917987;48.2058534391336;11.6543837893717;6006;26.825;;Betriebsstatus1;Streckenstation776;SST99-770;4;Fahrbahnteil1;UZ Aschheim;A99 Richtung Lindau;Richtungtrue
2493;50839;Querschnitt4919;AQ_99_3674_Sbg;WZG_99_3674_Sbg_C2;134;9916272;48.1607463987199;11.4053916215776;4919;3.674;;Betriebsstatus1;Streckenstation1342;SST_99_3670_Sbg;4;Fahrbahnteil1;UZ Aubing;A99 Richtung Salzburg;Richtungfalse
2494;60292;Querschnitt4921;MQ_99_3681_Sbg;DET_99_3681_Sbg_H3;9;9916272;48.1606796496959;11.4053139943935;4921;3.681;;Betriebsstatus1;Streckenstation1342;SST_99_3670_Sbg;1;Fahrbahnteil1;UZ Aubing;A99 Richtung Salzburg;Richtungfalse
2495;54501;Querschnitt4922;BMS_99_4100_Lin;BMS_99_4100_Lin_Netz;3;9906304;48.16380724;11.40889965;4922;4.1;;Betriebsstatus1;Streckenstation1343;SST_99_4100_Lin;6;Fahrbahnteil1;UZ Aubing;A99 Richtung Lindau;Richtungtrue
2496;58822;Querschnitt4923;AQ_99_4331_Lin;DLZ_99_4331_Lin_DLZ3;35;9906304;48.16524627;11.41145561;4923;4.331;;Betriebsstatus1;Streckenstation1343;SST_99_4100_Lin;4;Fahrbahnteil1;UZ Aubing;A99 Richtung Lindau;Richtungtrue
2497;53323;Querschnitt4924;MQ_99_4331_Lin;DET_99_4331_Lin_H3;35;9906304;48.1651987910508;11.4113885751031;4924;4.331;;Betriebsstatus1;Streckenstation1343;SST_99_4100_Lin;1;Fahrbahnteil1;UZ Aubing;A99 Richtung Lindau;Richtungtrue
2498;59561;Querschnitt4925;AQ_99_4052_Lin;WZG_99_4052_Lin_C2;166;9906304;48.1633776415142;11.4086347021283;4925;4.052;;Betriebsstatus1;Streckenstation1343;SST_99_4100_Lin;4;Fahrbahnteil1;UZ Aubing;A99 Richtung Lindau;Richtungtrue
2499;60019;Querschnitt4926;AQ_99_4052_Lin;WZG_99_4052_Lin_DLZ3;38;9906304;48.1633776415142;11.4086347021283;4926;4.052;;Betriebsstatus1;Streckenstation1343;SST_99_4100_Lin;4;Fahrbahnteil1;UZ Aubing;A99 Richtung Lindau;Richtungtrue
2500;51299;Querschnitt4927;MQ_99_4022_Lin;DET_99_4022_Lin_H3;38;9906304;48.16310004;11.4083;4927;4.022;;Betriebsstatus1;Streckenstation1343;SST_99_4100_Lin;1;Fahrbahnteil1;UZ Aubing;A99 Richtung Lindau;Richtungtrue
2501;58235;Querschnitt4928;BMS_99_4100_Sbg;BMS_99_4100_Sbg_Netz;3;9916304;48.16347296;11.40923422;4928;4.1;;Betriebsstatus1;Streckenstation1344;SST_99_4100_Sbg;6;Fahrbahnteil1;UZ Aubing;A99 Richtung Salzburg;Richtungfalse
2502;57420;Querschnitt4929;AQ_99_3986_Sbg;DLZ_99_3986_Sbg_DLZ3;3;9916304;48.162863440486;11.4081440122784;4929;3.986;;Betriebsstatus1;Streckenstation1344;SST_99_4100_Sbg;4;Fahrbahnteil1;UZ Aubing;A99 Richtung Salzburg;Richtungfalse
2503;60354;Querschnitt4930;MQ_99_3986_Sbg;DET_99_3986_Sbg_H3;3;9916304;48.1627956879328;11.4080608247652;4930;3.986;;Betriebsstatus1;Streckenstation1344;SST_99_4100_Sbg;1;Fahrbahnteil1;UZ Aubing;A99 Richtung Salzburg;Richtungfalse
2504;53513;Querschnitt4931;AQ_99_4258_Sbg;WZG_99_4258_Sbg_C2;134;9916304;48.1646236380118;11.4106821783277;4931;4.258;;Betriebsstatus1;Streckenstation1344;SST_99_4100_Sbg;4;Fahrbahnteil1;UZ Aubing;A99 Richtung Salzburg;Richtungfalse
2505;53676;Querschnitt4932;AQ_99_4258_Sbg;WZG_99_4258_Sbg_DLZ3;6;9916304;48.1646236380118;11.4106821783277;4932;4.258;;Betriebsstatus1;Streckenstation1344;SST_99_4100_Sbg;4;Fahrbahnteil1;UZ Aubing;A99 Richtung Salzburg;Richtungfalse
2506;57360;Querschnitt4933;MQ_99_4277_Sbg;DET_99_4277_Sbg_H3;6;9916304;48.16470002;11.41080006;4933;4.277;;Betriebsstatus1;Streckenstation1344;SST_99_4100_Sbg;1;Fahrbahnteil1;UZ Aubing;A99 Richtung Salzburg;Richtungfalse
2507;60327;Querschnitt4942;MQ_99_4646_Lin;DET_99_4646_Lin_H3;41;9906385;48.1670855940441;11.4143817403007;4942;4.646;;Betriebsstatus1;Streckenstation1345;SST_99_5200_Lin;1;Fahrbahnteil1;UZ Aubing;A99 Richtung Lindau;Richtungtrue
2508;58288;Querschnitt4934;BMS_99_5200_Lin;BMS_99_5200_Lin_Netz;3;9906385;48.17064685;11.41954091;4934;5.2;;Betriebsstatus1;Streckenstation1345;SST_99_5200_Lin;6;Fahrbahnteil1;UZ Aubing;A99 Richtung Lindau;Richtungtrue
2509;56615;Querschnitt4935;LSA_99_5190_Lin;LSA_99_5190_Lin_LSA1;33;9906385;48.1705607478656;11.4195248819176;4935;5.19;;Betriebsstatus1;Streckenstation1345;SST_99_5200_Lin;4;Fahrbahnteil1;UZ Aubing;A99 Richtung Lindau;Richtungtrue
2510;54925;Querschnitt4936;AQ_99_5182_Lin;DLZ_99_5182_Lin_DLZ3;36;9906385;48.1705319752761;11.4195647912632;4936;5.182;;Betriebsstatus1;Streckenstation1345;SST_99_5200_Lin;4;Fahrbahnteil1;UZ Aubing;A99 Richtung Lindau;Richtungtrue
2511;60830;Querschnitt4937;MQ_99_5182_Lin;DET_99_5182_Lin_H3;35;9906385;48.17000002;11.41879996;4937;5.182;;Betriebsstatus1;Streckenstation1345;SST_99_5200_Lin;1;Fahrbahnteil1;UZ Aubing;A99 Richtung Lindau;Richtungtrue
2512;57297;Querschnitt4938;AQ_99_4932_Lin;DLZ_99_4932_Lin_DLZ3;39;9906385;48.1688945028463;11.4171095995608;4938;4.932;;Betriebsstatus1;Streckenstation1345;SST_99_5200_Lin;4;Fahrbahnteil1;UZ Aubing;A99 Richtung Lindau;Richtungtrue
2513;56779;Querschnitt4939;MQ_99_4932_Lin;DET_99_4932_Lin_H3;38;9906385;48.1689335887125;11.4171935672327;4939;4.932;;Betriebsstatus1;Streckenstation1345;SST_99_5200_Lin;1;Fahrbahnteil1;UZ Aubing;A99 Richtung Lindau;Richtungtrue
2514;52166;Querschnitt4940;AQ_99_4616_Lin;WZG_99_4616_Lin_C2;166;9906385;48.166907786326;11.414079740686;4940;4.616;;Betriebsstatus1;Streckenstation1345;SST_99_5200_Lin;4;Fahrbahnteil1;UZ Aubing;A99 Richtung Lindau;Richtungtrue
2515;57587;Querschnitt4941;AQ_99_4616_Lin;WZG_99_4616_Lin_DLZ3;42;9906385;48.166907786326;11.414079740686;4941;4.616;;Betriebsstatus1;Streckenstation1345;SST_99_5200_Lin;4;Fahrbahnteil1;UZ Aubing;A99 Richtung Lindau;Richtungtrue
2516;61408;Querschnitt4943;BMS_99_5200_Sbg;BMS_99_5200_Sbg_Netz;3;9916385;48.17046011;11.41982532;4943;5.2;;Betriebsstatus1;Streckenstation1346;SST_99_5200_Sbg;6;Fahrbahnteil1;UZ Aubing;A99 Richtung Salzburg;Richtungfalse
2517;57168;Querschnitt4944;AQ_99_4587_Sbg;DLZ_99_4587_Sbg_DLZ3;3;9916385;48.16593671;11.41276994;4944;4.587;;Betriebsstatus1;Streckenstation1346;SST_99_5200_Sbg;4;Fahrbahnteil1;UZ Aubing;A99 Richtung Salzburg;Richtungfalse
2518;53522;Querschnitt4945;MQ_99_4587_Sbg;DET_99_4587_Sbg_H3;3;9916385;48.16600004;11.41289998;4945;4.587;;Betriebsstatus1;Streckenstation1346;SST_99_5200_Sbg;1;Fahrbahnteil1;UZ Aubing;A99 Richtung Salzburg;Richtungfalse
2519;61710;Querschnitt4946;AQ_99_4862_Sbg;WZG_99_4862_Sbg_C2;134;9916385;48.1683689474864;11.4165776542332;4946;4.862;;Betriebsstatus1;Streckenstation1346;SST_99_5200_Sbg;4;Fahrbahnteil1;UZ Aubing;A99 Richtung Salzburg;Richtungfalse
2520;55636;Querschnitt4947;AQ_99_4862_Sbg;WZG_99_4862_Sbg_DLZ3;6;9916385;48.1683689474864;11.4165776542332;4947;4.862;;Betriebsstatus1;Streckenstation1346;SST_99_5200_Sbg;4;Fahrbahnteil1;UZ Aubing;A99 Richtung Salzburg;Richtungfalse
2521;54385;Querschnitt4948;MQ_99_4895_Sbg;DET_99_4895_Sbg_H3;6;9916385;48.16859126972;11.4168618159607;4948;4.895;;Betriebsstatus1;Streckenstation1346;SST_99_5200_Sbg;1;Fahrbahnteil1;UZ Aubing;A99 Richtung Salzburg;Richtungfalse
2522;59697;Querschnitt4949;AQ_99_5125_Sbg;WZG_99_5125_Sbg_C2;140;9916385;48.1700610914944;11.4190481674896;4949;5.125;;Betriebsstatus1;Streckenstation1346;SST_99_5200_Sbg;4;Fahrbahnteil1;UZ Aubing;A99 Richtung Salzburg;Richtungfalse
2523;61480;Querschnitt4950;AQ_99_5125_Sbg;WZG_99_5125_Sbg_DLZ3;9;9916385;48.1700610914944;11.4190481674896;4950;5.125;;Betriebsstatus1;Streckenstation1346;SST_99_5200_Sbg;4;Fahrbahnteil1;UZ Aubing;A99 Richtung Salzburg;Richtungfalse
2524;57634;Querschnitt4951;MQ_99_5168_Sbg;DET_99_5168_Sbg_H3;9;9916385;48.1703428332618;11.4194435514768;4951;5.168;;Betriebsstatus1;Streckenstation1346;SST_99_5200_Sbg;1;Fahrbahnteil1;UZ Aubing;A99 Richtung Salzburg;Richtungfalse
2525;52715;Querschnitt4953;BMS_99_5430_Sbg;BMS_99_5430_Sbg_Netz;3;9916402;48.17189503;11.42188006;4953;5.43;;Betriebsstatus1;Streckenstation1347;SST_99_5430_Sbg;6;Fahrbahnteil1;UZ Aubing;A99 Richtung Salzburg;Richtungfalse
2526;58009;Querschnitt4954;AQ_99_5430_Sbg;WZG_99_5430_Sbg_C1;73;9916402;48.1720324744743;11.4219039137781;4954;5.43;;Betriebsstatus1;Streckenstation1347;SST_99_5430_Sbg;4;Fahrbahnteil1;UZ Aubing;A99 Richtung Salzburg;Richtungfalse
2527;57398;Querschnitt4955;MQ_99_5430_Sbg;DET_99_5430_Sbg_H2;2;9916402;48.1719206487322;11.4217512235925;4955;5.43;;Betriebsstatus1;Streckenstation1347;SST_99_5430_Sbg;1;Fahrbahnteil1;UZ Aubing;A99 Richtung Salzburg;Richtungfalse
2528;60361;Querschnitt4956;GMA_HK_99_5430_Sbg;WUD_99_5430_Sbg_HK;1;9916402;48.1719766391272;11.4219686756325;4956;5.43;;Betriebsstatus1;Streckenstation1347;SST_99_5430_Sbg;3;Fahrbahnteil1;UZ Aubing;A99 Richtung Salzburg;Richtungfalse
2529;62680;Querschnitt4957;BMS_99_AS7_710_GT;BMS_99_AS7_710_GT_Netz;3;9916422;48.17353169;11.42433841;4957;5.7;;Betriebsstatus1;Streckenstation1348;SST_99_AS7_710_GT;6;Fahrbahnteil1;UZ Aubing;A99 Richtung Salzburg;Richtungfalse
2530;53647;Querschnitt4958;MQ_99_AS7_710_GT;DET_99_AS7_710_GT_P1;81;9916422;48.1737225269833;11.4244941268441;4958;5.7;;Betriebsstatus1;Streckenstation1348;SST_99_AS7_710_GT;1;Fahrbahnteil4;UZ Aubing;A99 Richtung Salzburg;Richtungfalse
2531;55273;Querschnitt4959;MQ_99_AS7_220_AE;DET_99_AS7_220_AE_A1;65;9916422;48.1726484495305;11.423179537023;4959;5.6;;Betriebsstatus1;Streckenstation1348;SST_99_AS7_710_GT;1;Fahrbahnteil4;UZ Aubing;A99 Richtung Salzburg;Richtungfalse
2532;51551;Querschnitt4960;MQ_99_AS7_250_EM;DET_99_AS7_250_EM_E1;129;9916422;48.1755161639317;11.4270558998648;4960;5.972;;Betriebsstatus1;Streckenstation1348;SST_99_AS7_710_GT;1;Fahrbahnteil3;UZ Aubing;A99 Richtung Salzburg;Richtungfalse
2533;50979;Querschnitt4961;BMS_99_6505_Sbg;BMS_99_6505_Sbg_Netz;3;9916482;48.17931741;11.43102891;4961;6.505;;Betriebsstatus1;Streckenstation1349;SST_99_6505_Sbg;6;Fahrbahnteil1;UZ Aubing;A99 Richtung Salzburg;Richtungfalse
2534;62223;Querschnitt4962;GMA_HK_99_6505_Sbg;WUD_99_6505_Sbg_HK;1;9916482;48.1794651820425;11.4311727703189;4962;6.505;;Betriebsstatus1;Streckenstation1349;SST_99_6505_Sbg;3;Fahrbahnteil1;UZ Aubing;A99 Richtung Salzburg;Richtungfalse
2535;57095;Querschnitt4963;AQ_99_6505_Sbg;WZG_99_6505_Sbg_C1;73;9916482;48.1794916383343;11.4310764286613;4963;6.505;;Betriebsstatus1;Streckenstation1349;SST_99_6505_Sbg;4;Fahrbahnteil1;UZ Aubing;A99 Richtung Salzburg;Richtungfalse
2536;59399;Querschnitt4964;MQ_99_6505_Sbg;DET_99_6505_Sbg_H2;2;9916482;48.1794112675281;11.43099118181;4964;6.505;;Betriebsstatus1;Streckenstation1349;SST_99_6505_Sbg;1;Fahrbahnteil1;UZ Aubing;A99 Richtung Salzburg;Richtungfalse
2537;55655;Querschnitt4965;MQ_99_AK8_1630_GT;DET_99_AK8_1630_GT_P1;81;9916482;48.1800158226029;11.43177847354;4965;6.582;;Betriebsstatus1;Streckenstation1349;SST_99_6505_Sbg;1;Fahrbahnteil4;UZ Aubing;A99 Richtung Salzburg;Richtungfalse
2538;58087;Querschnitt4966;BMS_99_AK8_2000_GT;BMS_99_AK8_2000_GT_Netz;3;9916507;48.18191401;11.43330766;4966;6.88;;Betriebsstatus1;Streckenstation1350;SST_99_AK8_2000_GT;6;Fahrbahnteil1;UZ Aubing;A99 Richtung Salzburg;Richtungfalse
2539;59900;Querschnitt4967;MQ_99_AK8_450_PS;DET_99_AK8_450_PS_E1;129;9916507;48.1824369977493;11.434185031961;4967;6.9;;Betriebsstatus1;Streckenstation1350;SST_99_AK8_2000_GT;1;Fahrbahnteil3;UZ Aubing;A99 Richtung Salzburg;Richtungfalse
2540;54585;Querschnitt4968;MQ_99_AK8_170_RQ;DET_99_AK8_170_RQ_A1;65;9916507;48.1818010890453;11.4338278888422;4968;6.826;;Betriebsstatus1;Streckenstation1350;SST_99_AK8_2000_GT;1;Fahrbahnteil4;UZ Aubing;A99 Richtung Salzburg;Richtungfalse
2541;58626;Querschnitt4969;MQ_99_AK8_200_XW;DET_99_AK8_200_XW_E1;161;9916507;48.1825848347103;11.4329801898203;4969;6.88;;Betriebsstatus1;Streckenstation1350;SST_99_AK8_2000_GT;1;Fahrbahnteil3;UZ Aubing;A99 Richtung Lindau;Richtungtrue
2542;54556;Querschnitt4970;BMS_99_7558_Sbg;BMS_99_7558_Sbg_Netz;3;9916560;48.18798024;11.43728515;4970;7.588;;Betriebsstatus1;Streckenstation1351;SST_99_7558_Sbg;6;Fahrbahnteil1;UZ Aubing;A99 Richtung Salzburg;Richtungfalse
2543;56462;Querschnitt4971;GMA_HK_99_7588_Sbg;WUD_99_7588_Sbg_HK;1;9916560;48.1883005092098;11.4373867035779;4971;7.588;;Betriebsstatus1;Streckenstation1351;SST_99_7558_Sbg;3;Fahrbahnteil1;UZ Aubing;A99 Richtung Salzburg;Richtungfalse
2544;58344;Querschnitt4972;AQ_99_7588_Sbg;WZG_99_7588_Sbg_C1;73;9916560;48.1883359355197;11.4372661961368;4972;7.588;;Betriebsstatus1;Streckenstation1351;SST_99_7558_Sbg;4;Fahrbahnteil1;UZ Aubing;A99 Richtung Salzburg;Richtungfalse
2545;62606;Querschnitt4973;MQ_99_7588_Sbg;DET_99_7588_Sbg_H2;2;9916560;48.1881774694065;11.4372102241216;4973;7.588;78349152;Betriebsstatus1;Streckenstation1351;SST_99_7558_Sbg;1;Fahrbahnteil1;UZ Aubing;A99 Richtung Salzburg;Richtungfalse
2546;58781;Querschnitt4974;BMS_99_8443_Sbg;BMS_99_8443_Sbg_Netz;3;9916625;48.19591624;11.43713655;4974;8.443;;Betriebsstatus1;Streckenstation1352;SST_99_8443_Sbg;6;Fahrbahnteil1;UZ Aubing;A99 Richtung Salzburg;Richtungfalse
2547;55148;Querschnitt4975;GMA_HK_99_8468_Sbg;WUD_99_8468_Sbg_HK;1;9916625;48.1961632624764;11.4370576168409;4975;8.468;;Betriebsstatus1;Streckenstation1352;SST_99_8443_Sbg;3;Fahrbahnteil1;UZ Aubing;A99 Richtung Salzburg;Richtungfalse
2548;58634;Querschnitt4977;MQ_99_8468_Sbg;DET_99_8468_Sbg_H2;2;9916625;48.1960353098693;11.4369799067987;4977;8.468;;Betriebsstatus1;Streckenstation1352;SST_99_8443_Sbg;1;Fahrbahnteil1;UZ Aubing;A99 Richtung Salzburg;Richtungfalse
2549;53730;Querschnitt4978;BMS_99_8815_Lin;BMS_99_8815_Lin_Netz;3;9906653;48.19939207;11.43656793;4978;8.815;;Betriebsstatus1;Streckenstation1353;SST_99_8815_Lin;6;Fahrbahnteil1;UZ Aubing;A99 Richtung Lindau;Richtungtrue
2550;52743;Querschnitt4979;GMA_HK_99_8784_Lin;WUD_99_8784_Lin_HK;33;9906653;48.1990043106806;11.4364665144106;4979;8.784;;Betriebsstatus1;Streckenstation1353;SST_99_8815_Lin;3;Fahrbahnteil1;UZ Aubing;A99 Richtung Lindau;Richtungtrue
2551;57927;Querschnitt4980;AQ_99_8784_Lin;WZG_99_8784_Lin_C1;105;9906653;48.1990089812228;11.4365784140374;4980;8.784;;Betriebsstatus1;Streckenstation1353;SST_99_8815_Lin;4;Fahrbahnteil1;UZ Aubing;A99 Richtung Lindau;Richtungtrue
2552;52086;Querschnitt4981;MQ_99_8784_Lin;DET_99_8784_Lin_H2;34;9906653;48.199130879657;11.4366094835666;4981;8.784;;Betriebsstatus1;Streckenstation1353;SST_99_8815_Lin;1;Fahrbahnteil1;UZ Aubing;A99 Richtung Lindau;Richtungtrue
2553;52488;Querschnitt4982;NMG_99_8815_Lin;WUD_99_8815_Lin_SW;73;9906653;48.1992790916408;11.436536638792;4982;8.815;;Betriebsstatus1;Streckenstation1353;SST_99_8815_Lin;3;Fahrbahnteil1;UZ Aubing;A99 Richtung Lindau;Richtungtrue
2554;51644;Querschnitt4983;WS_GMA_99_8794_Lin;WUD_99_8794_Lin_WFD;82;9906653;48.1992790916408;11.436536638792;4983;8.815;80000556;Betriebsstatus1;Streckenstation1353;SST_99_8815_Lin;3;Fahrbahnteil1;UZ Aubing;A99 Richtung Lindau;Richtungtrue
2555;60040;Querschnitt4985;BMS_99_7910_Lin;BMS_99_7910_Lin_Netz;3;9906586;48.19116918;11.43739495;4985;7.91;;Betriebsstatus1;Streckenstation1354;SST_99_7910_Lin;6;Fahrbahnteil1;UZ Aubing;A99 Richtung Lindau;Richtungtrue
2556;52710;Querschnitt4986;GMA_HK_99_7880_Lin;WUD_99_7880_Lin_HK;33;9906586;48.1909054707297;11.4374252896402;4986;7.88;;Betriebsstatus1;Streckenstation1354;SST_99_7910_Lin;3;Fahrbahnteil1;UZ Aubing;A99 Richtung Lindau;Richtungtrue
2557;59785;Querschnitt4987;AQ_99_7880_Lin;WZG_99_7880_Lin_C1;105;9906586;48.1909166412565;11.4375627617247;4987;7.88;;Betriebsstatus1;Streckenstation1354;SST_99_7910_Lin;4;Fahrbahnteil1;UZ Aubing;A99 Richtung Lindau;Richtungtrue
2558;53643;Querschnitt4988;MQ_99_7880_Lin;DET_99_7880_Lin_H2;34;9906586;48.1910487925356;11.4375753532497;4988;7.88;78349152;Betriebsstatus1;Streckenstation1354;SST_99_7910_Lin;1;Fahrbahnteil1;UZ Aubing;A99 Richtung Lindau;Richtungtrue
2559;57013;Querschnitt4989;BMS_99_6600_Lin;BMS_99_6600_Lin_Netz;3;9906489;48.18037531;11.43139692;4989;6.6;;Betriebsstatus1;Streckenstation1355;SST_99_6600_Lin;6;Fahrbahnteil1;UZ Aubing;A99 Richtung Lindau;Richtungtrue
2560;52322;Querschnitt4990;GMA_HK_99_AK8_700_UF;WUD_99_AK8_700_UF_HK;33;9906489;48.1801294014428;11.4312191841139;4990;6.57;;Betriebsstatus1;Streckenstation1355;SST_99_6600_Lin;3;Fahrbahnteil1;UZ Aubing;A99 Richtung Lindau;Richtungtrue
2561;59796;Querschnitt4991;AQ_99_6570_Lin;WZG_99_6570_Lin_C1;105;9906489;48.180057620612;11.4314158916131;4991;6.57;;Betriebsstatus1;Streckenstation1355;SST_99_6600_Lin;4;Fahrbahnteil1;UZ Aubing;A99 Richtung Lindau;Richtungtrue
2562;52114;Querschnitt5006;GMA_HK_99_5446_Lin;WUD_99_5446_Lin_HK;33;9906406;48.1722784239152;11.4218490432937;5006;5.446;;Betriebsstatus1;Streckenstation1358;SST_99_5476_Lin;3;Fahrbahnteil1;UZ Aubing;A99 Richtung Lindau;Richtungtrue
2563;51615;Querschnitt4992;MQ_99_6570_Lin;DET_99_6570_Lin_H2;34;9906489;48.180128012306;11.4314845193218;4992;6.57;;Betriebsstatus1;Streckenstation1355;SST_99_6600_Lin;1;Fahrbahnteil1;UZ Aubing;A99 Richtung Lindau;Richtungtrue
2564;63145;Querschnitt4993;NMG_99_6600_Lin;WUD_99_6600_Lin_SW;73;9906489;48.180329813083;11.4314163965334;4993;6.6;;Betriebsstatus1;Streckenstation1355;SST_99_6600_Lin;3;Fahrbahnteil1;UZ Aubing;A99 Richtung Lindau;Richtungtrue
2565;62913;Querschnitt5000;BMS_99_5650_Lin;BMS_99_5650_Lin_Netz;3;9906420;48.17326696;11.42335913;5000;5.65;;Betriebsstatus1;Streckenstation1357;SST_99_5650_Lin;6;Fahrbahnteil1;UZ Aubing;A99 Richtung Lindau;Richtungtrue
2566;57146;Querschnitt5001;GMA_HK_99_5620_Lin;WUD_99_5620_Lin_HK;33;9906420;48.1734013163445;11.4234077332321;5001;5.62;;Betriebsstatus1;Streckenstation1357;SST_99_5650_Lin;3;Fahrbahnteil1;UZ Aubing;A99 Richtung Lindau;Richtungtrue
2567;57842;Querschnitt5003;MQ_99_AS7_070_SZ;DET_99_AS7_070_SZ_E1;177;9906420;48.173665103045;11.4235572543589;5003;5.67;;Betriebsstatus1;Streckenstation1357;SST_99_5650_Lin;1;Fahrbahnteil3;UZ Aubing;A99 Richtung Lindau;Richtungtrue
2568;53637;Querschnitt5005;BMS_99_5476_Lin;BMS_99_5476_Lin_Netz;3;9906406;48.17221636;11.42189193;5005;5.476;;Betriebsstatus1;Streckenstation1358;SST_99_5476_Lin;6;Fahrbahnteil1;UZ Aubing;A99 Richtung Lindau;Richtungtrue
2569;56669;Querschnitt5010;AQ_99_AK8_530_BE;WZG_99_AK8_530_BE_C1;166;9906489;48.1801034305351;11.4310608979406;5010;6.56;;Betriebsstatus1;Streckenstation1355;SST_99_6600_Lin;4;Fahrbahnteil1;UZ Aubing;A99 Richtung Lindau;Richtungtrue
2570;63232;Querschnitt5016;MQ99-800-Stg_H;DET99-800-Stg_H2;2;9917783;48.2221796895991;11.6271901551452;5016;24.045;;Betriebsstatus1;Streckenstation1364;SST99-800;1;Fahrbahnteil1;UZ Aschheim;A99 Richtung Lindau;Richtungtrue
2571;55744;Querschnitt5017;GMA_HK_99-800-Stg;WUD_HK_99-800-Stg;1;9917783;48.2223298247784;11.6270308124731;5017;24.045;;Betriebsstatus1;Streckenstation1364;SST99-800;3;Fahrbahnteil1;UZ Aschheim;A99 Richtung Lindau;Richtungtrue
2572;58639;Querschnitt5018;AQ99-800-Stg;WZG99-800-Stg_C1;73;9917783;48.2222662480837;11.6270000734173;5018;24.045;;Betriebsstatus1;Streckenstation1364;SST99-800;4;Fahrbahnteil1;UZ Aschheim;A99 Richtung Lindau;Richtungtrue
2573;54072;Querschnitt5019;BMS99-800;BMS99-800_Netz;3;9917783;48.22222649;11.62728113;5019;24.075;;Betriebsstatus1;Streckenstation1364;SST99-800;6;Fahrbahnteil1;UZ Aschheim;A99 Richtung Lindau;Richtungtrue
2574;61014;Querschnitt5020;GMA_HK_99-805-Stg;WUD_HK_99-805-Stg;1;9917776;48.2229802574108;11.6258413133296;5020;23.95;;Betriebsstatus1;Streckenstation1365;SST99-805;3;Fahrbahnteil1;UZ Aschheim;A99 Richtung Lindau;Richtungtrue
2575;59327;Querschnitt5021;AQ99-805-Stg;WZG99-805-Stg_C1;134;9917776;48.2229890420833;11.6258702684451;5021;23.95;;Betriebsstatus1;Streckenstation1365;SST99-805;4;Fahrbahnteil1;UZ Aschheim;A99 Richtung Lindau;Richtungtrue
2576;57196;Querschnitt5022;BMS99-805;BMS99-805_Netz;3;9917776;48.2228428;11.62590928;5022;23.957;;Betriebsstatus1;Streckenstation1365;SST99-805;6;Fahrbahnteil1;UZ Aschheim;A99 Richtung Lindau;Richtungtrue
2577;52535;Querschnitt5023;MQ99-810-Stg_H;DET99-810-Stg_H3;3;9917716;48.2260632910762;11.6161647199362;5023;23.135;;Betriebsstatus1;Streckenstation1366;SST99-810;1;Fahrbahnteil1;UZ Aschheim;A99 Richtung Lindau;Richtungtrue
2578;63041;Querschnitt5024;GMA_HK_99-810-Stg;WUD_HK_99-810-Stg;1;9917716;48.2262388104252;11.6160006125878;5024;23.135;;Betriebsstatus1;Streckenstation1366;SST99-810;3;Fahrbahnteil1;UZ Aschheim;A99 Richtung Lindau;Richtungtrue
2579;54052;Querschnitt5025;AQ99-810-Stg;WZG99-810-Stg_C2;74;9917716;48.2261306769163;11.6159101423772;5025;23.135;;Betriebsstatus1;Streckenstation1366;SST99-810;4;Fahrbahnteil1;UZ Aschheim;A99 Richtung Lindau;Richtungtrue
2580;57549;Querschnitt5026;BMS99-810;BMS99-810_Netz;3;9917716;48.22616707;11.61632501;5026;23.165;;Betriebsstatus1;Streckenstation1366;SST99-810;6;Fahrbahnteil1;UZ Aschheim;A99 Richtung Lindau;Richtungtrue
2581;57710;Querschnitt5027;MQ99-811-Stg_H;DET99-811-Stg_H5;5;9917633;48.2285892629055;11.6017810110229;5027;22.02;77359215;Betriebsstatus1;Streckenstation1367;SST99-811;1;Fahrbahnteil1;UZ Aschheim;A99 Richtung Lindau;Richtungtrue
2582;62844;Querschnitt5028;GMA_HK_99-811-Stg;WUD_HK_99-811-Stg;1;9917633;48.2287495111588;11.6014028391125;5028;22.02;;Betriebsstatus1;Streckenstation1367;SST99-811;3;Fahrbahnteil1;UZ Aschheim;A99 Richtung Lindau;Richtungtrue
2583;52059;Querschnitt5029;AQ99-811-Stg;WZG99-811-Stg_C4;76;9917633;48.2286254248739;11.6014265319131;5029;22.02;;Betriebsstatus1;Streckenstation1367;SST99-811;4;Fahrbahnteil1;UZ Aschheim;A99 Richtung Lindau;Richtungtrue
2584;56993;Querschnitt5030;BMS99-811;BMS99-811_Netz;3;9917633;48.22874323;11.60184259;5030;22.05;;Betriebsstatus1;Streckenstation1367;SST99-811;6;Fahrbahnteil1;UZ Aschheim;A99 Richtung Lindau;Richtungtrue
2585;52422;Querschnitt5032;AQ_93_186650_Mch;AQ_93_186650_Mch_C2;106;9316246;49.1011901758062;12.0939416072403;5032;186.65;;Betriebsstatus1;Streckenstation1368;SST_93_186650_Mch;4;Fahrbahnteil1;UZ Regensburg;A93-Nord Richtung M.-Zentrum;Richtungtrue
2586;52333;Querschnitt5037;AQ_93_188090_Mch;AQ_93_188090_Mch_C2;106;9316297;49.0888559721217;12.0969453228019;5037;188.09;;Betriebsstatus1;Streckenstation1369;SST_93_188090_Mch;4;Fahrbahnteil1;UZ Regensburg;A93-Nord Richtung M.-Zentrum;Richtungtrue
2587;52813;Querschnitt5040;AQ_93_190130_Mch;AQ_93_190130_Mch_C2;106;9316370;49.0718661213643;12.0954295887681;5040;190.13;;Betriebsstatus1;Streckenstation1370;SST_93_190130_Mch;4;Fahrbahnteil1;UZ Regensburg;A93-Nord Richtung M.-Zentrum;Richtungtrue
2588;61920;Querschnitt5045;AQ_93_191950_Mch;AQ_93_191950_Mch_C2;106;9316435;49.0560944287161;12.0925819356752;5045;191.95;;Betriebsstatus1;Streckenstation1371;SST_93_191950_Mch;4;Fahrbahnteil1;UZ Regensburg;A93-Nord Richtung M.-Zentrum;Richtungtrue
2589;62668;Querschnitt5049;AQ_93_193085_Mch;AQ_93_193085_Mch_C2;106;9316475;49.0461877167722;12.0947591194667;5049;193.085;;Betriebsstatus1;Streckenstation1372;SST_93_193085_Mch;4;Fahrbahnteil1;UZ Regensburg;A93-Nord Richtung M.-Zentrum;Richtungtrue
2590;60726;Querschnitt5033;MQ_93_186650_Mch;DET_93_186650_Mch_H2;34;9316246;49.1012882130408;12.0939127942251;5033;186.65;;Betriebsstatus1;Streckenstation1368;SST_93_186650_Mch;1;Fahrbahnteil1;UZ Regensburg;A93-Nord Richtung M.-Zentrum;Richtungtrue
2591;61147;Querschnitt5038;MQ_93_188090_Mch;DET_93_188090_Mch_H2;34;9316297;49.089024247443;12.0969624005656;5038;188.09;;Betriebsstatus1;Streckenstation1369;SST_93_188090_Mch;1;Fahrbahnteil1;UZ Regensburg;A93-Nord Richtung M.-Zentrum;Richtungtrue
2592;53717;Querschnitt5041;MQ_93_190130_Mch;DET_93_190130_Mch_H2;34;9316370;49.0719328295235;12.0956559120831;5041;190.13;;Betriebsstatus1;Streckenstation1370;SST_93_190130_Mch;1;Fahrbahnteil1;UZ Regensburg;A93-Nord Richtung M.-Zentrum;Richtungtrue
2593;57058;Querschnitt5044;MQ_93_191950_Mch;DET_93_191950_Mch_H2;34;9316435;49.0561861540019;12.092716189226;5044;191.95;;Betriebsstatus1;Streckenstation1371;SST_93_191950_Mch;1;Fahrbahnteil1;UZ Regensburg;A93-Nord Richtung M.-Zentrum;Richtungtrue
2594;59712;Querschnitt5048;MQ_93_193085_Mch;DET_93_193085_Mch_H2;34;9316475;49.0463770500731;12.0947345247858;5048;193.085;;Betriebsstatus1;Streckenstation1372;SST_93_193085_Mch;1;Fahrbahnteil1;UZ Regensburg;A93-Nord Richtung M.-Zentrum;Richtungtrue
2595;52061;Querschnitt5035;GMA_93_186650_Mch_HK;WUD_HK_93_186650_Mch;33;9316246;49.101253073565;12.0937786721509;5035;186.65;;Betriebsstatus1;Streckenstation1368;SST_93_186650_Mch;3;Fahrbahnteil1;UZ Regensburg;A93-Nord Richtung M.-Zentrum;Richtungtrue
2596;63315;Querschnitt5039;GMA_93_188090_Mch_HK;WUD_HK_93_188090_Mch;33;9316297;49.0888596073395;12.0969284842371;5039;188.09;;Betriebsstatus1;Streckenstation1369;SST_93_188090_Mch;3;Fahrbahnteil1;UZ Regensburg;A93-Nord Richtung M.-Zentrum;Richtungtrue
2597;51362;Querschnitt5043;GMA_93_190130_Mch_HK;WUD_HK_93_190130_Mch;33;9316370;49.0718803306434;12.0954284857844;5043;190.13;;Betriebsstatus1;Streckenstation1370;SST_93_190130_Mch;3;Fahrbahnteil1;UZ Regensburg;A93-Nord Richtung M.-Zentrum;Richtungtrue
2598;62677;Querschnitt5046;GMA_93_191950_Mch_HK;WUD_HK_93_191950_Mch;33;9316435;49.0560895900418;12.092565156621;5046;191.95;;Betriebsstatus1;Streckenstation1371;SST_93_191950_Mch;3;Fahrbahnteil1;UZ Regensburg;A93-Nord Richtung M.-Zentrum;Richtungtrue
2599;54424;Querschnitt5050;GMA_93_193085_Mch_HK;WUD_HK_93_193085_Mch;33;9316475;49.04621957413;12.0947268116521;5050;193.085;;Betriebsstatus1;Streckenstation1372;SST_93_193085_Mch;3;Fahrbahnteil1;UZ Regensburg;A93-Nord Richtung M.-Zentrum;Richtungtrue
2600;60185;Querschnitt5054;MQ_8_4600_Mch;DET_8_4600_Mch_H2;3;805085;48.1961040633099;11.4098767515168;5054;4.6;78349142;Betriebsstatus1;Streckenstation12;SST_8_4600_Stg;1;Fahrbahnteil1;UZ Aubing;A8-West Richtung M.-Zentrum;Richtungfalse
2601;62427;Querschnitt5053;MQ_8_AS80_300_EM;DET_8_AS80_300_EM_E1;129;805085;48.1945514038472;11.4118588733026;5053;4.6;;Betriebsstatus1;Streckenstation12;SST_8_4600_Stg;1;Fahrbahnteil3;UZ Aubing;A8-West Richtung M.-Zentrum;Richtungfalse
2602;57159;Querschnitt5052;MQ_8_AS80_300_AE;DET_8_AS80_300_AE_A1;65;805085;48.1953709358914;11.4105769850515;5052;4.6;;Betriebsstatus1;Streckenstation12;SST_8_4600_Stg;1;Fahrbahnteil4;UZ Aubing;A8-West Richtung M.-Zentrum;Richtungfalse
2603;54906;Querschnitt5055;BMS_8_1000_Mch;BMS_8_1000_Mch_Netz;3;805018;48.17324658;11.44481822;5055;1.0;;Betriebsstatus1;Streckenstation10;SST_8_1000_Mch;6;Fahrbahnteil1;UZ Aubing;A8-West Richtung Stuttgart;Richtungtrue
2604;58404;Querschnitt5057;BMS_99_14140_Stg;BMS_99_14140_Stg_Netz;3;9917047;48.21362096;11.50019186;5057;14.11;;Betriebsstatus1;Streckenstation350;SST_99_14140_Stg;6;Fahrbahnteil1;UZ Aubing;A99 Richtung Lindau;Richtungtrue
2605;52307;Querschnitt5058;BMS_99_12930_Stg;BMS_99_12930_Stg_Netz;3;9916958;48.20922317;11.48418886;5058;12.77;;Betriebsstatus1;Streckenstation348;SST_99_12930_Stg;6;Fahrbahnteil1;UZ Aubing;A99 Richtung Lindau;Richtungtrue
2606;60856;Querschnitt5064;AQ_99_10170_Lin;WZG_99_10170_Lin_C1;75;9916754;48.2045521148444;11.4511585244647;5064;10.17;;Betriebsstatus1;Streckenstation338;SST_99_10180_Stg;4;Fahrbahnteil1;UZ Aubing;A99 Richtung Lindau;Richtungtrue
2607;54421;Querschnitt5065;BMS_99_10180_Stg;BMS_99_10180_Stg_Netz;3;9916754;48.20475366;11.45126892;5065;10.18;;Betriebsstatus1;Streckenstation338;SST_99_10180_Stg;6;Fahrbahnteil1;UZ Aubing;A99 Richtung Lindau;Richtungtrue
2608;57790;Querschnitt5067;BMS_99a_102707_Stg;BMS_99a_102707_Stg_Netz;3;9909681;48.20498296;11.42266724;5067;102.707;;Betriebsstatus1;Streckenstation330;SST_99a_102707_Stg;6;Fahrbahnteil1;UZ Aubing;A99a Richtung Stuttgart;Richtungtrue
2609;52487;Querschnitt5068;BMS_99a_101445_Stg;BMS_99a_101445_Stg_Netz;3;9909639;48.20588917;11.40460187;5068;101.445;;Betriebsstatus1;Streckenstation329;SST_99a_101445_Stg;6;Fahrbahnteil1;UZ Aubing;A99a Richtung Salzburg;Richtungfalse
2610;62386;Querschnitt5069;NMG_99a_101408_Mch;WUD_99a_101408_Mch_SW;90;9909639;48.205817194544;11.4042538207193;5069;101.408;;Betriebsstatus1;Streckenstation329;SST_99a_101445_Stg;3;Fahrbahnteil1;UZ Aubing;A99a Richtung Salzburg;Richtungfalse
2611;58422;Querschnitt5070;BMS_99a_100770_Stg;BMS_99a_100770_Stg_Netz;3;9909616;48.20658566;11.39673659;5070;100.77;;Betriebsstatus1;Streckenstation328;SST_99a_100770_Stg;6;Fahrbahnteil1;UZ Aubing;A99a Richtung Stuttgart;Richtungtrue
2612;52317;Querschnitt5071;BMS_99_9600_Lin;BMS_99_9600_Lin_Netz;3;9916711;48.20420495;11.44281624;5071;9.6;;Betriebsstatus1;Streckenstation337;SST_99_9600_Lin;6;Fahrbahnteil1;UZ Aubing;A99 Richtung Lindau;Richtungtrue
2613;61152;Querschnitt5072;BMS_8_9990_Stg;BMS_8_9990_Stg_Netz;3;805184;48.22873456;11.35659476;5072;9.9;;Betriebsstatus1;Streckenstation17;SST_8_9990_Stg;6;Fahrbahnteil1;UZ Aubing;A8-West Richtung Stuttgart;Richtungtrue
2614;58868;Querschnitt37;MQ_8_AS78_550_NS;DET_8_AS78_550_NS_A1;97;805201;48.2343670277472;11.3475519140394;37;10.88;;Betriebsstatus1;Streckenstation18;SST_8_10880_Stg;1;Fahrbahnteil4;UZ Aubing;A8-West Richtung Stuttgart;Richtungtrue
2615;52640;Querschnitt5073;BMS_8_10880_Stg;BMS_8_10880_Stg_Netz;3;805201;48.2340437;11.347563;5073;10.88;;Betriebsstatus1;Streckenstation18;SST_8_10880_Stg;6;Fahrbahnteil1;UZ Aubing;A8-West Richtung Stuttgart;Richtungtrue
2616;60623;Querschnitt5078;GMA_HK_99_10220_Sbg;WUD_99_10220_Sbg_HK;3;9906757;48.2043379404183;11.4518194088533;5078;10.22;;Betriebsstatus1;Streckenstation289;SST_99_10220_Sbg;3;Fahrbahnteil1;UZ Aubing;A99 Richtung Salzburg;Richtungfalse
2617;55520;Querschnitt5086;BMS_99_11484_Sbg;BMS_99_11484_Sbg_Netz;3;9906851;48.20937633;11.46699966;5086;11.484;;Betriebsstatus1;Streckenstation294;SST_99_11484_Sbg;6;Fahrbahnteil1;UZ Aubing;A99 Richtung Salzburg;Richtungfalse
2618;57541;Querschnitt4845;AQ_99_2949_Lin;WZG_99_2949_Lin_C2;106;9906221;48.155650293767;11.3993098052847;4845;2.949;;Betriebsstatus1;Streckenstation1328;SST_99_2978_Lin;4;Fahrbahnteil1;UZ Aubing;A99 Richtung Lindau;Richtungtrue
2619;52482;Querschnitt4847;MQ_99_2949_Lin;DET_99_2949_Lin_H3;35;9906221;48.15563956;11.39924656;4847;2.949;78349151;Betriebsstatus1;Streckenstation1328;SST_99_2978_Lin;1;Fahrbahnteil1;UZ Aubing;A99 Richtung Lindau;Richtungtrue
2620;62573;Querschnitt4850;AQ_99_2018_Lin;WZG_99_2018_Lin_C2;106;9906152;48.1481650225325;11.3940474631153;4850;2.018;;Betriebsstatus1;Streckenstation1329;SST_99_2048_Lin;4;Fahrbahnteil1;UZ Aubing;A99 Richtung Lindau;Richtungtrue
2621;58326;Querschnitt4849;MQ_99_2018_Lin;DET_99_2018_Lin_H3;35;9906152;48.1482677392615;11.3940869763348;4849;2.018;;Betriebsstatus1;Streckenstation1329;SST_99_2048_Lin;1;Fahrbahnteil1;UZ Aubing;A99 Richtung Lindau;Richtungtrue
2622;54300;Querschnitt4862;MQ_99_924_Lin;DET_99_924_Lin_H1;97;9906069;48.1386782512552;11.3967986038954;4862;0.924;;Betriebsstatus1;Streckenstation1330;SST_99_934_Lin;1;Fahrbahnteil1;UZ Aubing;A99 Richtung Lindau;Richtungtrue
2623;51144;Querschnitt4861;AQ_99_924_Lin;WZG_99_924_Lin_C2;106;9906069;48.1385934117499;11.396869251558;4861;0.924;;Betriebsstatus1;Streckenstation1330;SST_99_934_Lin;4;Fahrbahnteil1;UZ Aubing;A99 Richtung Lindau;Richtungtrue
2624;60639;Querschnitt4869;AQ_99_730_Sbg;WZG_99_730_Sbg_C2;74;9916050;48.1370947411113;11.3979125319131;4869;0.73;;Betriebsstatus1;Streckenstation1333;SST_99_676_Sbg;4;Fahrbahnteil1;UZ Aubing;A99 Richtung Salzburg;Richtungfalse
2625;52083;Querschnitt4884;AQ_99_1625_Sbg;WZG_99_1625_Sbg_C2;74;9916119;48.144666619427;11.3943623307019;4884;1.625;;Betriebsstatus1;Streckenstation1336;SST_99_1612_Sbg;4;Fahrbahnteil1;UZ Aubing;A99 Richtung Salzburg;Richtungfalse
2626;58156;Querschnitt4885;MQ_99_1625_Sbg;DET_99_1625_Sbg_H3;3;9916119;48.1445327316215;11.3943652213275;4885;1.625;;Betriebsstatus1;Streckenstation1336;SST_99_1612_Sbg;1;Fahrbahnteil1;UZ Aubing;A99 Richtung Salzburg;Richtungfalse
2627;57242;Querschnitt4895;AQ_99_2408_Sbg;WZG_99_2408_Sbg_C2;74;9916176;48.15150629;11.39564473;4895;2.408;;Betriebsstatus1;Streckenstation1338;SST_99_2375_Sbg;4;Fahrbahnteil1;UZ Aubing;A99 Richtung Salzburg;Richtungfalse
2628;57458;Querschnitt4896;MQ_99_2408_Sbg;DET_99_2408_Sbg_H3;3;9916176;48.15149625;11.39568154;4896;2.408;;Betriebsstatus1;Streckenstation1338;SST_99_2375_Sbg;1;Fahrbahnteil1;UZ Aubing;A99 Richtung Salzburg;Richtungfalse
2629;59653;Querschnitt4903;AQ_99_2927_Sbg;WZG_99_2927_Sbg_C2;74;9916215;48.1554426366079;11.399301042385;4903;2.927;;Betriebsstatus1;Streckenstation1340;SST_99_2907_Sbg;4;Fahrbahnteil1;UZ Aubing;A99 Richtung Salzburg;Richtungfalse
2630;60102;Querschnitt4904;MQ_99_2927_Sbg;DET_99_2927_Sbg_H3;3;9916215;48.1553375086527;11.3991859590287;4904;2.927;78349151;Betriebsstatus1;Streckenstation1340;SST_99_2907_Sbg;1;Fahrbahnteil1;UZ Aubing;A99 Richtung Salzburg;Richtungfalse
2631;55715;Querschnitt5088;WTA_99_3113_Sbg;WTA_99_3113_Sbg_WTA1;5;9916215;48.1567496223916;11.4007842291681;5088;3.113;;Betriebsstatus1;Streckenstation1340;SST_99_2907_Sbg;4;Fahrbahnteil1;UZ Aubing;A99 Richtung Salzburg;Richtungfalse
2632;61839;Querschnitt5089;AQ_99_5620_Lin;WZG_99_5620_Lin_BL2;168;9906420;48.1733631632378;11.4234958954056;5089;5.62;;Betriebsstatus1;Streckenstation1357;SST_99_5650_Lin;4;Fahrbahnteil1;UZ Aubing;A99 Richtung Lindau;Richtungtrue
2633;56134;Querschnitt5090;AQ_99_AS7_000_DC;WZG_99_AS7_000_DC_PW1;38;9906420;48.1741469143769;11.423727494724;5090;5.723;;Betriebsstatus1;Streckenstation1357;SST_99_5650_Lin;4;Fahrbahnteil1;UZ Aubing;A99 Richtung Lindau;Richtungtrue
2634;62649;Querschnitt5091;AQ_99_AS7_000_SZ;WZG_99_AS7_000_SZ_PW1;42;9906420;48.1741147128685;11.4239964347455;5091;5.738;;Betriebsstatus1;Streckenstation1357;SST_99_5650_Lin;4;Fahrbahnteil1;UZ Aubing;A99 Richtung Lindau;Richtungtrue
2635;59589;Querschnitt5093;WTA_99_AS7_150_SZ;WTA_99_AS7_150_SZ_WTA1;46;9906420;48.1731759535106;11.423012599574;5093;5.58;;Betriebsstatus1;Streckenstation1357;SST_99_5650_Lin;4;Fahrbahnteil1;UZ Aubing;A99 Richtung Lindau;Richtungtrue
2636;57997;Querschnitt5008;MQ_99_5446_Lin;DET_99_5446_Lin_H3;35;9906406;48.17221636;11.42189193;5008;5.446;;Betriebsstatus1;Streckenstation1358;SST_99_5476_Lin;1;Fahrbahnteil1;UZ Aubing;A99 Richtung Lindau;Richtungtrue
2637;52290;Querschnitt5007;AQ_99_5446_Lin;WZG_99_5446_Lin_C2;106;9906406;48.17217771;11.42191912;5007;5.446;;Betriebsstatus1;Streckenstation1358;SST_99_5476_Lin;4;Fahrbahnteil1;UZ Aubing;A99 Richtung Lindau;Richtungtrue
2638;53688;Querschnitt5095;LSA_99_5357_Lin;LSA_99_5357_Lin_LSA1;36;9906406;48.1716441801637;11.4211169424696;5095;5.357;;Betriebsstatus1;Streckenstation1358;SST_99_5476_Lin;4;Fahrbahnteil1;UZ Aubing;A99 Richtung Lindau;Richtungtrue
2639;62757;Querschnitt5096;WTA_99_5357_Lin;WTA_99_5357_Lin_WTA1;37;9906406;48.1716441801637;11.4211169424696;5096;5.357;;Betriebsstatus1;Streckenstation1358;SST_99_5476_Lin;4;Fahrbahnteil1;UZ Aubing;A99 Richtung Lindau;Richtungtrue
2640;58398;Querschnitt5097;HS_99_5345_Lin;HS_99_5345_Lin_HS1;39;9906406;48.1715554208802;11.4208285259648;5097;5.345;;Betriebsstatus1;Streckenstation1358;SST_99_5476_Lin;4;Fahrbahnteil1;UZ Aubing;A99 Richtung Lindau;Richtungtrue
2641;54669;Querschnitt5100;WS_GMA_8_4520_Mch;WUD_8_4520_Mch_RS;75;805085;48.1955376592842;11.4105817370448;5100;4.52;80000745;Betriebsstatus1;Streckenstation12;SST_8_4600_Stg;3;Fahrbahnteil1;UZ Aubing;A8-West Richtung M.-Zentrum;Richtungfalse
2642;58975;Querschnitt5101;GMA_HK_99-058-Sbg;WUD_HK_99-058-Sbg;33;9907516;48.2279459090399;11.5810315933201;5101;20.505;;Betriebsstatus1;Streckenstation711;SST99-058;3;Fahrbahnteil1;UZ Aschheim;A99 Richtung Salzburg;Richtungfalse
2643;62207;Querschnitt5155;BMS92-623;BMS92-623_Temp;3;9216288;48.29851895;11.58344273;5155;9.655;;Betriebsstatus1;Streckenstation1390;SST92-623;6;Fahrbahnteil1;UZ Freising;A92 Richtung M.-Zentrum;Richtungtrue
2644;55611;Querschnitt5158;GMA_HK_92-684-Mch;WUD_HK_92-684-Mch;1;9216048;48.2394228070851;11.5362968720403;5158;1.6;;Betriebsstatus1;Streckenstation1187;SST92-684;3;Fahrbahnteil1;UZ Freising;A92 Richtung M.-Zentrum;Richtungtrue
2645;57278;Querschnitt5159;GMA_HK_92-686-Mch;WUD_HK_92-686-Mch;1;9216032;48.2348594223469;11.5397838557083;5159;1.03;;Betriebsstatus1;Streckenstation1188;SST92-686;3;Fahrbahnteil1;UZ Freising;A92 Richtung M.-Zentrum;Richtungtrue
2646;58579;Querschnitt5160;GMA_HK_92-696-Mch;WUD_HK_92-696-Mch;1;9216023;48.232492695355;11.5417175575271;5160;0.73;;Betriebsstatus1;Streckenstation1189;SST92-696;3;Fahrbahnteil1;UZ Freising;A92 Richtung M.-Zentrum;Richtungtrue
2647;63082;Querschnitt5161;BMS_96_161460_Mch;BMS_96_161460_Mch_Temp;3;9606369;48.11722451;11.38640518;5161;161.46;;Betriebsstatus1;Streckenstation1393;SST_96_161460_Mch;6;Fahrbahnteil1;UZ Aubing;A96 Richtung M.-Zentrum;Richtungfalse
2648;57134;Querschnitt5163;BMS_96_161780_Mch;BMS_96_161780_Mch_Temp;3;9606359;48.11782594;11.39060428;5163;161.78;;Betriebsstatus1;Streckenstation1394;SST_96_161780_Mch;6;Fahrbahnteil1;UZ Aubing;A96 Richtung M.-Zentrum;Richtungfalse
2649;54723;Querschnitt5165;BMS_96_162346_Mch;BMS_96_162346_Mch_Temp;3;9606374;48.11995759;11.39757049;5165;162.346;;Betriebsstatus1;Streckenstation1395;SST_96_162346_Mch;6;Fahrbahnteil1;UZ Aubing;A96 Richtung M.-Zentrum;Richtungfalse
2650;62612;Querschnitt5167;BMS_96_162615_Mch;BMS_96_162615_Mch_Temp;3;9606330;48.12176049;11.40030064;5167;162.615;;Betriebsstatus1;Streckenstation1396;SST_96_162615_Mch;6;Fahrbahnteil1;UZ Aubing;A96 Richtung M.-Zentrum;Richtungfalse
2651;52823;Querschnitt4875;MQ_99_AS5_310_AE;DET_99_AS5_310_AE_A2;66;9916078;48.1395701886776;11.3969179418747;4875;1.055;;Betriebsstatus1;Streckenstation1334;SST_99_AS5_1055_EM;1;Fahrbahnteil4;UZ Aubing;A99 Richtung Salzburg;Richtungfalse
2652;54799;Querschnitt4890;BMS_99_2155_Sbg_;BMS_99_2155_Sbg_HOEK2;5;9916159;48.14921994;11.39476027;4890;2.145;;Betriebsstatus1;Streckenstation1337;SST_99_2145_Sbg;6;Fahrbahnteil1;UZ Aubing;A99 Richtung Salzburg;Richtungfalse
2653;56664;Querschnitt5179;AQ_99_AK8_700_UF;WZG_99_AK8_700_UF_C1;107;9906489;48.1801167180843;11.4312859874322;5179;6.57;;Betriebsstatus1;Streckenstation1355;SST_99_6600_Lin;4;Fahrbahnteil1;UZ Aubing;A99 Richtung Lindau;Richtungtrue
2654;57841;Querschnitt5180;BMS_99_AS7_150_SZ_;BMS_99_AS7_150_SZ_HOEK2;5;9906420;48.17355661;11.42373236;5180;5.65;;Betriebsstatus1;Streckenstation1357;SST_99_5650_Lin;6;Fahrbahnteil1;UZ Aubing;A99 Richtung Lindau;Richtungtrue
2655;63894;Querschnitt6902;MQ_8_2380_Mch;DET_8_2380_Mch_H2;2;806079;48.1821700214643;11.4312817339145;;2.38;;Betriebsstatus1;Streckenstation1218;SST_8_2380_Mch;1;Fahrbahnteil1;UZ Aubing;A8-West Richtung Stuttgart;Richtungtrue
2656;63135;Querschnitt5181;BMS_99_3671_Lin_O;BMS_99_3671_Lin_OUT217;90;1048561;48.16076327;11.40501497;5181;3.671;;Betriebsstatus1;Streckenstation1401;SST_99_3671_Lin;6;Fahrbahnteil1;UZ Aubing;A99 Richtung Lindau;Richtungtrue
2657;59522;Querschnitt5183;BMS92-622;BMS92-622_Temp;3;9216303;48.30124337;11.58911451;5183;10.175;;Betriebsstatus1;Streckenstation1402;SST92-622;6;Fahrbahnteil1;UZ Freising;A92 Richtung M.-Zentrum;Richtungtrue
2658;54366;Querschnitt5270;MQ99-235-Sbg_H;DET99-235-Sbg_H4;36;9908769;48.1460686650147;11.7564878498376;5270;37.388;;Betriebsstatus1;Streckenstation1416;SST99-235;1;Fahrbahnteil1;UZ Aschheim;A99 Richtung Salzburg;Richtungfalse
2659;50571;Querschnitt3567;AQ99-630-Stg;WZG99-630-Stg_W16;17;9918996;48.1193435691522;11.7583604441967;3567;40.415;;Betriebsstatus1;Streckenstation807;SST99-630;4;Fahrbahnteil1;UZ Aschheim;A99 Richtung Lindau;Richtungtrue
2660;55054;Querschnitt3570;AQ99-635-Stg;WZG99-635-Stg_W19;20;9918933;48.1266042343786;11.7592836050846;3570;39.564;;Betriebsstatus1;Streckenstation805;SST99-635;4;Fahrbahnteil1;UZ Aschheim;A99 Richtung Lindau;Richtungtrue
2661;57626;Querschnitt3573;AQ99-650-Stg;WZG99-650-Stg_W21;22;9918883;48.1326227236866;11.7593713864925;3573;38.893;;Betriebsstatus1;Streckenstation803;SST99-650;4;Fahrbahnteil1;UZ Aschheim;A99 Richtung Lindau;Richtungtrue
2662;51943;Querschnitt3575;AQ99-685-Stg;WZG99-685-Stg_W2;3;9918819;48.1403045443164;11.7588107301553;3575;38.05;;Betriebsstatus1;Streckenstation800;SST99-685;4;Fahrbahnteil1;UZ Aschheim;A99 Richtung Lindau;Richtungtrue
2663;57533;Querschnitt5266;BMS99-695;BMS99-695_Heiz;5;9918790;48.14375618;11.75812488;5266;37.67;;Betriebsstatus1;Streckenstation1408;SST99-695;6;Fahrbahnteil1;UZ Aschheim;A99 Richtung Lindau;Richtungtrue
2664;51812;Querschnitt5267;AQ99-695-Stg;WZG99-695-Stg_W1;1;9918790;48.1436915152669;11.758093273409;5267;37.67;;Betriebsstatus1;Streckenstation1408;SST99-695;4;Fahrbahnteil1;UZ Aschheim;A99 Richtung Lindau;Richtungtrue
2665;56760;Querschnitt5269;BMS99-235;BMS99-235_Netz;3;9908769;48.14589561;11.75619806;5269;37.388;;Betriebsstatus1;Streckenstation1416;SST99-235;6;Fahrbahnteil1;UZ Aschheim;A99 Richtung Salzburg;Richtungfalse
2666;50704;Querschnitt5271;AQ99-235-Sbg;WZG99-235-Sbg_C3;107;9908769;48.145962357306;11.7565345446422;5271;37.388;;Betriebsstatus1;Streckenstation1416;SST99-235;4;Fahrbahnteil1;UZ Aschheim;A99 Richtung Salzburg;Richtungfalse
2667;51303;Querschnitt5272;MQ99-232-Sbg_A;DET99-232-Sbg_A2;98;9908770;48.1457764377474;11.7563785929067;5272;37.45;;Betriebsstatus1;Streckenstation1417;SST99-240;1;Fahrbahnteil4;UZ Aschheim;A99 Richtung Salzburg;Richtungfalse
2668;52837;Querschnitt3574;AQ99-670-Stg;WZG99-670-Stg_W12;13;9918852;48.1368482226105;11.7591097674293;3574;38.47;;Betriebsstatus1;Streckenstation802;SST99-670;4;Fahrbahnteil1;UZ Aschheim;A99 Richtung Lindau;Richtungtrue
2669;54159;Querschnitt5273;AQ99-240-Sbg;WZG99-240-Sbg_W1;33;9908770;48.1456699379737;11.7564180316949;5273;37.43;;Betriebsstatus1;Streckenstation1417;SST99-240;4;Fahrbahnteil1;UZ Aschheim;A99 Richtung Salzburg;Richtungfalse
2670;51271;Querschnitt3323;MQ99-690-Stg_H;DET99-690-Stg_H4;4;9918820;48.1400325892328;11.7586249479693;3323;38.05;;Betriebsstatus1;Streckenstation801;SST99-690;1;Fahrbahnteil1;UZ Aschheim;A99 Richtung Lindau;Richtungtrue
2671;61164;Querschnitt81;MQQ45_Sbg_H;DETQ45_Sbg_H5;5;807190;47.9037707186783;11.7192502420467;81;23.935;;Betriebsstatus1;Streckenstation33;SSTQ45;1;Fahrbahnteil1;UZ Holzkirchen;A8-Ost Richtung Salzburg;Richtungfalse
2672;62231;Querschnitt5286;BMSB22a;BMSB22a_Netz;3;817194;47.8991646;11.72178852;5286;24.457;;Betriebsstatus1;Streckenstation1421;SSTB22a;6;Fahrbahnteil1;UZ Holzkirchen;A8-Ost Richtung M.-Zentrum;Richtungtrue
2673;61510;Querschnitt5287;AQB22a_Mch_H;AQB22a_Mch_PW1;161;817194;47.8993369184015;11.72178579929;5287;24.457;;Betriebsstatus1;Streckenstation1421;SSTB22a;4;Fahrbahnteil1;UZ Holzkirchen;A8-Ost Richtung M.-Zentrum;Richtungtrue
2674;53909;Querschnitt280;MQB23_Mch_H;DETB23_Mch_H4;36;817191;47.9029693141029;11.7198541471229;280;23.887;;Betriebsstatus1;Streckenstation99;SSTB23;1;Fahrbahnteil1;UZ Holzkirchen;A8-Ost Richtung M.-Zentrum;Richtungtrue
2675;53305;Querschnitt277;MQB24_Mch_H;DETB24_Mch_H4;36;817174;47.9210299376136;11.7126448237725;277;21.91;;Betriebsstatus1;Streckenstation98;SSTB24;1;Fahrbahnteil1;UZ Holzkirchen;A8-Ost Richtung M.-Zentrum;Richtungtrue
2676;59966;Querschnitt274;MQB25_Mch_H;DETB25_Mch_H4;36;817160;47.9364495497476;11.7047212328625;274;20.09;80369171;Betriebsstatus1;Streckenstation97;SSTB25;1;Fahrbahnteil1;UZ Holzkirchen;A8-Ost Richtung M.-Zentrum;Richtungtrue
2677;60092;Querschnitt272;MQB26_Mch_H;DETB26_Mch_H4;36;817149;47.9472943672176;11.6976932551881;272;18.775;;Betriebsstatus1;Streckenstation96;SSTB26;1;Fahrbahnteil1;UZ Holzkirchen;A8-Ost Richtung M.-Zentrum;Richtungtrue
2678;60530;Querschnitt5294;GMAB26a_Mch_H;WUD_HK_B26a_Mch_H;3;817146;47.9514130886759;11.6952198803513;5294;18.31;;Betriebsstatus1;Streckenstation1422;SSTB26a;3;Fahrbahnteil1;UZ Holzkirchen;A8-Ost Richtung M.-Zentrum;Richtungtrue
2679;51178;Querschnitt5293;AQB26a_Mch_H;AQB26a_Mch_PW1;161;817146;47.9513786325907;11.6951705455504;5293;18.31;;Betriebsstatus1;Streckenstation1422;SSTB26a;4;Fahrbahnteil1;UZ Holzkirchen;A8-Ost Richtung M.-Zentrum;Richtungtrue
2680;54268;Querschnitt5292;BMSB26a;BMSB26a_Netz;3;817146;47.95123887;11.69532096;5292;18.34;;Betriebsstatus1;Streckenstation1422;SSTB26a;6;Fahrbahnteil1;UZ Holzkirchen;A8-Ost Richtung M.-Zentrum;Richtungtrue
2681;57714;Querschnitt5295;GMAB26b_Mch_H;WUD_HK_B26b_Mch_H;3;817140;47.9576322040277;11.6912857938338;5295;17.55;;Betriebsstatus1;Streckenstation1423;SSTB26b;3;Fahrbahnteil1;UZ Holzkirchen;A8-Ost Richtung M.-Zentrum;Richtungtrue
2682;59342;Querschnitt5296;AQB26b_Mch_H;AQB26b_Mch_PW1;161;817140;47.9576352354229;11.6912601180208;5296;17.55;;Betriebsstatus1;Streckenstation1423;SSTB26b;4;Fahrbahnteil1;UZ Holzkirchen;A8-Ost Richtung M.-Zentrum;Richtungtrue
2683;50687;Querschnitt5297;BMSB26b;BMSB26b_Netz;3;817140;47.95738951;11.69143233;5297;17.58;;Betriebsstatus1;Streckenstation1423;SSTB26b;6;Fahrbahnteil1;UZ Holzkirchen;A8-Ost Richtung M.-Zentrum;Richtungtrue
2684;55828;Querschnitt269;MQB27_Mch_H;DETB27_Mch_H4;36;817132;47.965639924285;11.6880486611378;269;16.6;;Betriebsstatus1;Streckenstation95;SSTB27;1;Fahrbahnteil1;UZ Holzkirchen;A8-Ost Richtung M.-Zentrum;Richtungtrue
2685;52023;Querschnitt5299;AQB27b_Mch_H;AQB27b_Mch_W1;167;817126;47.9719928035454;11.6862643363892;5299;15.9;;Betriebsstatus1;Streckenstation1424;SSTB27b;4;Fahrbahnteil1;UZ Holzkirchen;A8-Ost Richtung M.-Zentrum;Richtungtrue
2686;57143;Querschnitt28;MQ_8_7070_Stg;DET_8_7070_Stg_H3;35;805130;48.2115118943153;11.3857700934792;28;7.07;;Betriebsstatus1;Streckenstation15;SST_8_7070_Stg;1;Fahrbahnteil1;UZ Aubing;A8-West Richtung Stuttgart;Richtungtrue
2687;53474;Querschnitt5300;BMSB27b;BMSB27b_Netz;3;817126;47.97173637;11.68652986;5300;15.93;;Betriebsstatus1;Streckenstation1424;SSTB27b;6;Fahrbahnteil1;UZ Holzkirchen;A8-West Richtung M.-Zentrum;Richtungfalse
2688;54416;Querschnitt5301;AQB27c_Mch_H;AQB27c_Mch_W1;167;817122;47.9764021832658;11.6850320018094;5301;15.43;;Betriebsstatus1;Streckenstation1425;SSTB27c;4;Fahrbahnteil1;UZ Holzkirchen;A8-Ost Richtung M.-Zentrum;Richtungtrue
2689;62734;Querschnitt5302;BMSB27c;BMSB27c_Netz;3;817122;47.97608143;11.68526898;5302;15.43;;Betriebsstatus1;Streckenstation1425;SSTB27c;6;Fahrbahnteil1;UZ Holzkirchen;A8-Ost Richtung M.-Zentrum;Richtungtrue
2690;51553;Querschnitt5303;MQB27d_Mch_A;DETB27d_Mch_A;97;817120;47.9791309535755;11.6846659528002;5303;15.079;;Betriebsstatus1;Streckenstation1426;SSTB27d;1;Fahrbahnteil4;UZ Holzkirchen;A8-Ost Richtung M.-Zentrum;Richtungtrue
2691;57245;Querschnitt5304;MQB27d_Mch_E;DETB27d_Mch_E;161;817120;47.9793557157598;11.6846389906313;5304;15.079;;Betriebsstatus1;Streckenstation1426;SSTB27d;1;Fahrbahnteil3;UZ Holzkirchen;A8-Ost Richtung M.-Zentrum;Richtungtrue
2692;56419;Querschnitt5305;GMAB27d_Mch_H;WUD_HK_B27d_Mch_H;3;817120;47.979321016808;11.6843483317407;5305;15.079;;Betriebsstatus1;Streckenstation1426;SSTB27d;3;Fahrbahnteil1;UZ Holzkirchen;A8-Ost Richtung M.-Zentrum;Richtungtrue
2693;61115;Querschnitt5307;BMSB27d;BMSB27d_Netz;3;817120;47.97906235;11.68444151;5307;15.095;;Betriebsstatus1;Streckenstation1426;SSTB27d;6;Fahrbahnteil1;UZ Holzkirchen;A8-Ost Richtung M.-Zentrum;Richtungtrue
2694;61415;Querschnitt265;MQB28_Mch_H;DETB28_Mch_H4;36;817116;47.9833350162004;11.6830670488382;265;14.6;80369016;Betriebsstatus1;Streckenstation94;SSTB28;1;Fahrbahnteil1;UZ Holzkirchen;A8-Ost Richtung M.-Zentrum;Richtungtrue
2695;54711;Querschnitt5310;AQB28a_Mch_H;AQB28a_Mch_PW1;161;817105;47.9960890830612;11.6776812886886;5310;13.145;;Betriebsstatus1;Streckenstation1427;SSTB28a;4;Fahrbahnteil1;UZ Holzkirchen;A8-Ost Richtung M.-Zentrum;Richtungtrue
2696;53899;Querschnitt5311;GMAB28a_Mch_H;WUD_HK_B28a_Mch_H;3;817105;47.9961184796543;11.6777274052827;5311;13.145;;Betriebsstatus1;Streckenstation1427;SSTB28a;3;Fahrbahnteil1;UZ Holzkirchen;A8-Ost Richtung M.-Zentrum;Richtungtrue
2697;62474;Querschnitt5312;BMSB28a;BMSB28a_Netz;3;817105;47.99593296;11.67786639;5312;13.175;;Betriebsstatus1;Streckenstation1427;SSTB28a;6;Fahrbahnteil1;UZ Holzkirchen;A8-Ost Richtung M.-Zentrum;Richtungtrue
2698;60770;Querschnitt3135;MQ92-090-Deg_H;DET92-090-Deg_H3;3;9206329;48.3058474359627;11.5992067810833;3135;11.1;76359004;Betriebsstatus1;Streckenstation932;SST92-090;1;Fahrbahnteil1;UZ Freising;A92 Richtung Deggendorf;Richtungfalse
2699;54035;Querschnitt3136;MQ92-100-Deg_H;DET92-100-Deg_H3;3;9206355;48.3103177604477;11.6084710803668;3136;11.913;;Betriebsstatus1;Streckenstation933;SST92-100;1;Fahrbahnteil1;UZ Freising;A92 Richtung Deggendorf;Richtungfalse
2700;51254;Querschnitt5366;MQ99-721-Stg_A;DET99-721-Stg_A1;65;9918547;48.1700799585273;11.7389272637157;5366;34.38;;Betriebsstatus1;Streckenstation1458;SST99-721;1;Fahrbahnteil4;UZ Aschheim;A99 Richtung Lindau;Richtungtrue
2701;60222;Querschnitt5365;MQ99-721-Stg_E;DET99-721-Stg_E1;129;9918547;48.1705021682444;11.7386480223229;5365;34.38;;Betriebsstatus1;Streckenstation1458;SST99-721;1;Fahrbahnteil3;UZ Aschheim;A99 Richtung Lindau;Richtungtrue
2702;62088;Querschnitt5370;AQ99-721-Stg;WZG99-721-Stg_W2;2;9918547;48.1700640059977;11.73866203564;5370;34.39;;Betriebsstatus1;Streckenstation1458;SST99-721;4;Fahrbahnteil1;UZ Aschheim;A99 Richtung Lindau;Richtungtrue
2703;52026;Querschnitt5371;BMS99-721;BMS99-721_Heiz;5;9918547;48.1702179;11.73858796;5371;34.39;;Betriebsstatus1;Streckenstation1458;SST99-721;6;Fahrbahnteil1;UZ Aschheim;A99 Richtung Lindau;Richtungtrue
2704;52406;Querschnitt5374;BMS99-152;BMS99-152_Heiz;5;9908422;48.18168226;11.72401597;5374;32.7;;Betriebsstatus1;Streckenstation1459;SST99-152;6;Fahrbahnteil1;UZ Aschheim;A99 Richtung Salzburg;Richtungfalse
2705;51040;Querschnitt5373;AQ99-152-Sbg;WZG99-152-Sbg_LCD2;98;9908422;48.1815842067449;11.7244021584476;5373;32.726;;Betriebsstatus1;Streckenstation1459;SST99-152;4;Fahrbahnteil1;UZ Aschheim;A99 Richtung Salzburg;Richtungfalse
2706;58876;Querschnitt3583;AQ99-718-Stg;WZG99-718-Stg_W3;3;9918595;48.1648289308671;11.7431933222898;3583;35.024;;Betriebsstatus1;Streckenstation794;SST99-718;4;Fahrbahnteil1;UZ Aschheim;A99 Richtung Lindau;Richtungtrue
2707;53570;Querschnitt5375;AQ99-719-Stg;WZG99-719-Stg_W2;136;9918570;48.167547566324;11.7410318278397;5375;34.71;;Betriebsstatus1;Streckenstation2065;SST99-719;4;Fahrbahnteil1;UZ Aschheim;A99 Richtung Lindau;Richtungtrue
2708;61161;Querschnitt3584;AQ99-720-Stg;WZG99-720-Stg_PW1;129;9918561;48.16868594267;11.739506504359;3584;34.55;;Betriebsstatus1;Streckenstation793;SST99-720;4;Fahrbahnteil1;UZ Aschheim;A99 Richtung Lindau;Richtungtrue
2709;62944;Querschnitt5376;AQ99-187a-Sbg;WZG99-187a-Sbg_W1;167;9908530;48.1705166104391;11.7367840149721;5376;34.28;;Betriebsstatus1;Streckenstation739;SST99-187;4;Fahrbahnteil1;UZ Aschheim;A99 Richtung Salzburg;Richtungfalse
2710;61481;Querschnitt5379;MQ_99_3434_Sbg;DET_99_3434_Sbg_H3;6;9916272;48.15880005;11.40320004;5379;3.434;;Betriebsstatus1;Streckenstation1342;SST_99_3670_Sbg;1;Fahrbahnteil1;UZ Aubing;A99 Richtung Salzburg;Richtungfalse
2711;59456;Querschnitt3270;MQ99-060-Sbg_H;DET99-060-Sbg_H4;36;9907564;48.2286542631412;11.5893623613852;3270;21.155;;Betriebsstatus1;Streckenstation713;SST99-060;1;Fahrbahnteil1;UZ Aschheim;A99 Richtung Salzburg;Richtungfalse
2712;60093;Querschnitt5404;MQ_99_AK8_700_UF;DET_99_AK8_700_UF_P1;177;9906489;48.1801830215563;11.4313481025336;5404;6.57;;Betriebsstatus1;Streckenstation1355;SST_99_6600_Lin;1;Fahrbahnteil3;UZ Aubing;A99 Richtung Lindau;Richtungtrue
2713;55586;Querschnitt5306;AQB27d_Mch_H;AQB27d_Mch_PW2;162;817120;47.9793201141964;11.6842978887623;5306;15.079;;Betriebsstatus1;Streckenstation1426;SSTB27d;4;Fahrbahnteil1;UZ Holzkirchen;A8-Ost Richtung M.-Zentrum;Richtungtrue
2714;53403;Querschnitt3271;MQ99-070-Sbg_H;DET99-070-Sbg_H5;37;9907659;48.2278169121062;11.606425714351;3271;22.401;77359215;Betriebsstatus1;Streckenstation715;SST99-070;1;Fahrbahnteil1;UZ Aschheim;A99 Richtung Salzburg;Richtungfalse
2715;57991;Querschnitt3499;AQ99-060-Sbg;WZG99-060-Sbg_C3;107;9907564;48.2286767147664;11.5897551848743;3499;21.155;;Betriebsstatus1;Streckenstation713;SST99-060;4;Fahrbahnteil1;UZ Aschheim;A99 Richtung Salzburg;Richtungfalse
2716;50903;Querschnitt3500;AQ99-070-Sbg;WZG99-070-Sbg_C4;108;9907659;48.2277530311375;11.606902873179;3500;22.44;;Betriebsstatus1;Streckenstation715;SST99-070;4;Fahrbahnteil1;UZ Aschheim;A99 Richtung Salzburg;Richtungfalse
2717;54598;Querschnitt4567;GMA_Rosenhof_Rbg;WUD_TT3_Rosenhof_Nbg;24;307130;48.9937136057401;12.2196668571063;4567;503.5;80000456;Betriebsstatus1;Streckenstation1215;GMA Rosenhof;3;Fahrbahnteil1;GMA - UZ Pentling;A3 Richtung Nürnberg;Richtungfalse
2718;63830;Querschnitt6914;MQ_99_8110_Sbg;DET_99_8110_Sbg_H2;34;9906599;48.192787882193;11.4376851359578;;8.11;;Betriebsstatus1;Streckenstation2025;SST_99_8080_Sbg;1;Fahrbahnteil1;UZ Aubing;A99 Richtung Salzburg;Richtungfalse
2719;56583;Querschnitt5433;MQMob5-N;DETMob5_161;161;9906945;48.2088056935506;11.4867248478231;5433;12.77;;Betriebsstatus1;Streckenstation1219;SSTMob5;1;Fahrbahnteil3;UZ Aschheim;A99 Richtung Salzburg;Richtungfalse
2720;62325;Querschnitt5436;MQ8-130-Mch_A;DET8-130-Mch_A3;99;806353;48.0127008461113;11.6663181457577;5436;11.21;;Betriebsstatus1;Streckenstation1200;SST8-130;1;Fahrbahnteil4;UZ Holzkirchen;A8-Ost Richtung M.-Zentrum;Richtungtrue
2721;59908;Querschnitt5435;MQ8-130-Mch_H;DET8-130-Mch_H2;34;806353;48.0126593255207;11.6661917769688;5435;11.21;;Betriebsstatus1;Streckenstation1200;SST8-130;1;Fahrbahnteil1;UZ Holzkirchen;A8-Ost Richtung M.-Zentrum;Richtungtrue
2722;60239;Querschnitt5454;GMA_Einsbach_Mch;WUD_TT3_Einsbach_Mch;24;818151;48.27647413;11.27871722;5454;17.95;80000853;Betriebsstatus1;Streckenstation1486;Einsbach;3;Fahrbahnteil1;GMA - UZ Augsburg;A8-West Richtung M.-Zentrum;Richtungfalse
2723;54881;Querschnitt5488;MQB22b_Mch_A;DETB22b_Mch_A1;97;817199;47.895812785846;11.7253078905374;5488;25.13;;Betriebsstatus1;Streckenstation1493;SSTB22b;1;Fahrbahnteil4;UZ Holzkirchen;A8-Ost Richtung M.-Zentrum;Richtungtrue
2724;54341;Querschnitt5456;GMA_Leipheim_Stg;WUD_TT1_Leipheim_Stg;21;818885;48.44670915;10.20673294;5456;105.106;80000896;Betriebsstatus1;Streckenstation1488;Leipheim;3;Fahrbahnteil1;GMA - UZ Augsburg;A8-West Richtung Stuttgart;Richtungtrue
2725;61530;Querschnitt5457;GMA_Leipheim_Mch;WUD_FBT_Leipheim_Mch;20;818885;48.44661372;10.20656462;5457;105.106;80000896;Betriebsstatus1;Streckenstation1488;Leipheim;3;Fahrbahnteil1;GMA - UZ Augsburg;A8-West Richtung M.-Zentrum;Richtungfalse
2726;53940;Querschnitt5458;GMA_Adelshausen_Mch;WUD_TT3_Adelshausen_Mch;24;806284;48.36675828;11.11349628;5458;33.835;80000628;Betriebsstatus1;Streckenstation1489;Adelshausen;3;Fahrbahnteil1;GMA - UZ Augsburg;A8-West Richtung M.-Zentrum;Richtungfalse
2727;57272;Querschnitt5460;MQ92-610-Mch_P;DET92-610-Mch_P2;114;9216375;48.3141297001517;11.6157854867892;5460;12.58;;Betriebsstatus1;Streckenstation968;SST92-610;1;Fahrbahnteil3;UZ Freising;A92 Richtung M.-Zentrum;Richtungtrue
2728;60287;Querschnitt5461;GMA_HK_99-248-Sbg;WUD_HK_99-248-Sbg;1;9908807;48.1406623077217;11.757992555172;5461;38.0;;Betriebsstatus1;Streckenstation746;SST99-248;3;Fahrbahnteil1;UZ Aschheim;A99 Richtung Salzburg;Richtungfalse
2729;56312;Querschnitt5462;AQ99-248-Sbg;WZG99-248-Sbg_PW2;131;9908807;48.140640004083;11.7580000905756;5462;38.0;;Betriebsstatus1;Streckenstation746;SST99-248;4;Fahrbahnteil1;UZ Aschheim;A99 Richtung Salzburg;Richtungfalse
2730;53396;Querschnitt5463;BMS99-240;BMS99-240_Heiz;5;9908770;48.14585321;11.75621587;5463;37.4;;Betriebsstatus1;Streckenstation1417;SST99-240;6;Fahrbahnteil1;UZ Aschheim;A99 Richtung Salzburg;Richtungfalse
2731;61780;Querschnitt5464;NMG_99_1612_Sbg;WUD_99_1612_Sbg_SW;73;9916119;48.1445463179858;11.3945039779053;5464;1.612;;Betriebsstatus1;Streckenstation1336;SST_99_1612_Sbg;3;Fahrbahnteil1;UZ Aubing;A99 Richtung Salzburg;Richtungfalse
2732;56739;Querschnitt5465;GMA_HK_130_Mch;WUD_HK_130_Mch;33;806353;48.0128996644492;11.6663355286289;5465;11.088;;Betriebsstatus1;Streckenstation1200;SST8-130;3;Fahrbahnteil1;UZ Holzkirchen;A8-Ost Richtung M.-Zentrum;Richtungtrue
2733;51925;Querschnitt5466;GMA_HK_99_10170_Stg;WUD_99_10170_Stg_HK;3;9916754;48.2046886651549;11.4511629362742;5466;10.17;;Betriebsstatus1;Streckenstation338;SST_99_10180_Stg;3;Fahrbahnteil1;UZ Aubing;A8-West Richtung Stuttgart;Richtungtrue
2734;56246;Querschnitt5467;MQ_99_10170_Stg;DET_99_10170_Stg_A2;2;9916754;48.2046251881067;11.4513980380996;5467;10.17;;Betriebsstatus1;Streckenstation338;SST_99_10180_Stg;1;Fahrbahnteil4;UZ Aubing;A99 Richtung Lindau;Richtungtrue
2735;55082;Querschnitt5482;MQ_99_AK8_100_HL;DET_99_AK8_100_HL_A1;82;9916482;48.179783098678;11.4323909378375;5482;6.582;;Betriebsstatus1;Streckenstation1349;SST_99_6505_Sbg;1;Fahrbahnteil4;UZ Aubing;A99 Richtung Salzburg;Richtungfalse
2736;61187;Querschnitt323;MQQ93_Mch_A;DETQ93_Mch_A2;98;817397;47.8210367237573;12.0130176654576;323;49.953;;Betriebsstatus1;Streckenstation114;SSTQ93;1;Fahrbahnteil4;UZ Holzkirchen;A8-Ost Richtung M.-Zentrum;Richtungtrue
2737;54007;Querschnitt5485;MQB22b_Sbg_E;DETB22b_Sbg_E1;129;817199;47.8930946973066;11.726533113117;5485;25.13;;Betriebsstatus1;Streckenstation1493;SSTB22b;1;Fahrbahnteil3;UZ Holzkirchen;A8-Ost Richtung Salzburg;Richtungfalse
2738;53210;Querschnitt5486;MQB22b_Sbg_A;DETB22b_Sbg_A1;65;817199;47.8938347987237;11.7254973751425;5486;25.13;;Betriebsstatus1;Streckenstation1493;SSTB22b;1;Fahrbahnteil4;UZ Holzkirchen;A8-Ost Richtung Salzburg;Richtungfalse
2739;58353;Querschnitt5487;MQB22b_Mch_E;DETB22b_Mch_E1;161;817199;47.8961007878187;11.7250365579201;5487;25.13;;Betriebsstatus1;Streckenstation1493;SSTB22b;1;Fahrbahnteil3;UZ Holzkirchen;A8-Ost Richtung M.-Zentrum;Richtungtrue
2740;56061;Querschnitt5490;MQ_93_195948_Hof;DET_93_195948_Hof_H2;10;9306588;49.0274298579379;12.0728662884995;5490;195.948;;Betriebsstatus1;Streckenstation1498;SST_93_196230_Hof;1;Fahrbahnteil1;UZ Regensburg;A93-Nord Richtung Hof;Richtungfalse
2741;59594;Querschnitt5491;MQ_93_196230_Hof;DET_93_196230_Hof_H2;2;9306588;49.0258692416202;12.0706623957403;5491;196.23;;Betriebsstatus1;Streckenstation1498;SST_93_196230_Hof;1;Fahrbahnteil1;UZ Regensburg;A93-Nord Richtung Hof;Richtungfalse
2742;58742;Querschnitt5492;VZ_93_196195_Hof_V_Z;VZ_93_196195_Hof_V_Z_PW1;2;9306588;49.0258082362688;12.0709396695367;5492;196.195;;Betriebsstatus1;Streckenstation1498;SST_93_196230_Hof;4;Fahrbahnteil3;UZ Regensburg;A93-Nord Richtung Hof;Richtungfalse
2743;55177;Querschnitt5493;VZ_93_196380_Hof_V_Z;VZ_93_196380_Hof_V_Z_BL1;131;9306588;49.0246316161623;12.0702206626892;5493;196.38;;Betriebsstatus1;Streckenstation1498;SST_93_196230_Hof;4;Fahrbahnteil3;UZ Regensburg;A93-Nord Richtung Hof;Richtungfalse
2744;62302;Querschnitt5494;BMS_93_196230_Hof;BMS_93_196230_Hof_Tuer;3;9306588;49.02554889;12.07073001;5494;196.23;;Betriebsstatus1;Streckenstation1498;SST_93_196230_Hof;6;Fahrbahnteil1;UZ Regensburg;A93-Nord Richtung Hof;Richtungfalse
2745;60473;Querschnitt5495;GMA_93_196195_Hof_HK;WUD_HK_93_196195_Hof;1;9306588;49.0258230793493;12.0709641461814;5495;196.195;;Betriebsstatus1;Streckenstation1498;SST_93_196230_Hof;3;Fahrbahnteil1;UZ Regensburg;A93-Nord Richtung Hof;Richtungfalse
2746;51052;Querschnitt5496;MQ_93_200420_Hof_G_L;DET_93_200420_Hof_G_L2;66;9306738;48.9899898097367;12.061099562194;5496;200.42;;Betriebsstatus1;Streckenstation1497;SST_93_200430_Hof;1;Fahrbahnteil4;UZ Regensburg;A93-Nord Richtung Hof;Richtungfalse
2747;56344;Querschnitt5497;MQ_93_200420_Hof;DET_93_200420_Hof_H2;2;9306738;48.9900062371826;12.0608522722878;5497;200.42;;Betriebsstatus1;Streckenstation1497;SST_93_200430_Hof;1;Fahrbahnteil1;UZ Regensburg;A93-Nord Richtung Hof;Richtungfalse
2748;60183;Querschnitt5498;BMS_93_200430_Hof;BMS_93_200430_Hof_Tuer;3;9306738;48.98954587;12.06080341;5498;200.43;;Betriebsstatus1;Streckenstation1497;SST_93_200430_Hof;6;Fahrbahnteil1;UZ Regensburg;A93-Nord Richtung Hof;Richtungfalse
2749;60847;Querschnitt5500;AQ_93_202916_Hof;AQ_93_202916_Hof_C2;134;9306828;48.9697198307512;12.0723006287709;5500;202.916;;Betriebsstatus1;Streckenstation1496;SST_93_202949_Hof;4;Fahrbahnteil1;UZ Regensburg;A93-Nord Richtung Hof;Richtungfalse
2750;52190;Querschnitt5501;GMA_93_202916_Hof_HK;WUD_HK_93_202916_Hof;1;9306828;48.9697134081695;12.0723301885408;5501;202.916;;Betriebsstatus1;Streckenstation1496;SST_93_202949_Hof;3;Fahrbahnteil1;UZ Regensburg;A93-Nord Richtung Hof;Richtungfalse
2751;58118;Querschnitt5499;MQ_93_202935_Hof;DET_93_202935_Hof_H2;2;9306828;48.9695472223343;12.072500430021;5499;202.935;;Betriebsstatus1;Streckenstation1496;SST_93_202949_Hof;1;Fahrbahnteil1;UZ Regensburg;A93-Nord Richtung Hof;Richtungfalse
2752;56650;Querschnitt5502;BMS_93_202949_Hof;BMS_93_202949_Hof_Tuer;3;9306828;48.96956;12.07266929;5502;202.949;;Betriebsstatus1;Streckenstation1496;SST_93_202949_Hof;6;Fahrbahnteil1;UZ Regensburg;A93-Nord Richtung Hof;Richtungfalse
2753;51021;Querschnitt5505;GMA_93_204300_Hof_HK;WUD_HK_93_204300_Hof;1;9306877;48.9650803532098;12.0895247594906;5505;204.3;;Betriebsstatus1;Streckenstation1495;SST_93_204330_Hof;3;Fahrbahnteil1;UZ Regensburg;A93-Nord Richtung Hof;Richtungfalse
2754;56616;Querschnitt5504;AQ_93_204300_Hof;AQ_93_204300_Hof_C2;134;9306877;48.9650289529565;12.0893708785071;5504;204.3;;Betriebsstatus1;Streckenstation1495;SST_93_204330_Hof;4;Fahrbahnteil1;UZ Regensburg;A93-Nord Richtung Hof;Richtungfalse
2755;60736;Querschnitt5506;BMS_93_204330_Hof;BMS_93_204330_Hof_Tuer;3;9306877;48.96490033;12.08980705;5506;204.33;;Betriebsstatus1;Streckenstation1495;SST_93_204330_Hof;6;Fahrbahnteil1;UZ Regensburg;A93-Nord Richtung Hof;Richtungfalse
2756;57447;Querschnitt5503;MQ_93_204330_Hof;DET_93_204330_Hof_H2;2;9306877;48.9648844284429;12.0896536290991;5503;204.33;;Betriebsstatus1;Streckenstation1495;SST_93_204330_Hof;1;Fahrbahnteil1;UZ Regensburg;A93-Nord Richtung Hof;Richtungfalse
2757;61856;Querschnitt5508;AQ_93_206000_Hof;AQ_93_206000_Hof_C2;134;9306939;48.9503220950369;12.0921057409005;5508;206.0;;Betriebsstatus1;Streckenstation1494;SST_93_206060_Hof;4;Fahrbahnteil1;UZ Regensburg;A93-Nord Richtung Hof;Richtungfalse
2758;55681;Querschnitt5509;GMA_93_206000_Hof_HK;WUD_HK_93_206000_Hof;1;9306939;48.950304875369;12.0921175085804;5509;206.0;;Betriebsstatus1;Streckenstation1494;SST_93_206060_Hof;3;Fahrbahnteil1;UZ Regensburg;A93-Nord Richtung Hof;Richtungfalse
2759;58021;Querschnitt5510;BMS_93_206060_Hof;BMS_93_206060_Hof_Tuer;3;9306939;48.94966599;12.09212674;5510;206.06;;Betriebsstatus1;Streckenstation1494;SST_93_206060_Hof;6;Fahrbahnteil1;UZ Regensburg;A93-Nord Richtung Hof;Richtungfalse
2760;63195;Querschnitt5507;MQ_93_206060_Hof;DET_93_206060_Hof_H2;2;9306939;48.9502111711342;12.0920211952795;5507;206.06;;Betriebsstatus1;Streckenstation1494;SST_93_206060_Hof;1;Fahrbahnteil1;UZ Regensburg;A93-Nord Richtung Hof;Richtungfalse
2761;52624;Querschnitt5515;GMA_Landsberg_Mch;WUD_WGM_Landsberg_Mch;67;9617941;48.06398346;10.87586602;5515;121.3;80000729;Betriebsstatus1;Streckenstation1503;Landsberg (Bruecke);3;Fahrbahnteil1;GMA - UZ Starnberg;A96 Richtung M.-Zentrum;Richtungfalse
2762;58078;Querschnitt5514;GMA_Großweil_Gap;WUD_WGM_Großweil_Gap;26;9518340;47.66110076;11.24199738;5514;58.5;80000941;Betriebsstatus1;Streckenstation1502;Großweil;3;Fahrbahnteil1;GMA - UZ Starnberg;A95 Richtung Garmisch;Richtungtrue
2763;60927;Querschnitt5516;GMA_Schöffelding_Mch;WUD_WFD_Schöffelding_Mch;82;9608072;48.06015604;10.98076538;5516;129.5;80000738;Betriebsstatus1;Streckenstation1504;Schöffelding;3;Fahrbahnteil1;GMA - UZ Starnberg;A96 Richtung M.-Zentrum;Richtungfalse
2764;52879;Querschnitt5521;GMA_Rosenheim_Sbg;WUD_WFD_Rosenheim_Sbg;82;807465;47.80701797;12.12632721;5521;58.587;80000876;Betriebsstatus1;Streckenstation1507;Rosenheim (Innbruecke);3;Fahrbahnteil1;GMA - UZ Rosenheim;A8-Ost Richtung Salzburg;Richtungfalse
2765;57964;Querschnitt5522;GMA_Kiefersfelden_Kff;WUD_WFD_Kiefersfelden_Kff;82;9319988;47.60574335;12.19464458;5522;25.128;80000978;Betriebsstatus1;Streckenstation1508;Kiefersfelden (Innbruecke);3;Fahrbahnteil1;GMA - UZ Rosenheim;A93-Süd Richtung Kiefersfelden;Richtungtrue
2766;50813;Querschnitt5524;GMA_Bernauer Berg_Sbg;WUD_WGM_Bernauer Berg_Sbg;82;807601;47.81073019;12.34697806;5524;75.75;80000888;Betriebsstatus1;Streckenstation1510;Bernauer Berg;3;Fahrbahnteil1;GMA - UZ Rosenheim;A8-Ost Richtung Salzburg;Richtungfalse
2767;57281;Querschnitt5532;GMA_Sandrach Bruecke_Mch;WUD_WFD_Sandrach Bruecke_Mch;82;916385;48.72800264;11.47423578;5532;462.99;80000538;Betriebsstatus1;Streckenstation1518;Sandrach Bruecke;3;Fahrbahnteil1;GMA - UZ München Nord;A9 Richtung M.-Zentrum;Richtungtrue
2768;62379;Querschnitt10;MQ_8_1000_Stg;DET_8_1000_Stg_H2;34;805018;48.1734578939771;11.4444903251745;10;1.0;78349140;Betriebsstatus1;Streckenstation10;SST_8_1000_Mch;1;Fahrbahnteil1;UZ Aubing;A8-West Richtung Stuttgart;Richtungtrue
2769;60288;Querschnitt5543;GMA_Schöllnachtal_Rgb;WUD_WFD_Schöllnachtal_Rgb;82;307466;48.71685628;13.15883273;5543;582.6;80000587;Betriebsstatus1;Streckenstation1529;Schöllnachtal;3;Fahrbahnteil1;GMA - UZ Pankofen;A3 Richtung Nürnberg;Richtungfalse
2770;61484;Querschnitt5546;GMA_Schalding Donaubruecke_Rbg;WUD_WFD_Schalding Donaubruecke_Rbg;182;317714;48.59722495;13.37041748;5546;604.23;80000591;Betriebsstatus1;Streckenstation1531;Schalding Donaubruecke;3;Fahrbahnteil1;GMA - UZ Pankofen;A3 Richtung Nürnberg;Richtungfalse
2771;62998;Querschnitt5545;GMA_Schalding Donaubruecke_Pas;WUD_WFD_Schalding Donaubruecke_Pas;67;317714;48.59725058;13.37024926;5545;604.23;80000591;Betriebsstatus1;Streckenstation1531;Schalding Donaubruecke;3;Fahrbahnteil1;GMA - UZ Pankofen;A3 Richtung Passau;Richtungtrue
2772;54201;Querschnitt5749;AQ99-079b-r-Sbg;WZG99-079b-r-Sbg_C1;171;9907778;48.2217369834756;11.6264109630685;5749;23.848;;Betriebsstatus1;Streckenstation1173;SST99-079b;4;Fahrbahnteil1;UZ Aschheim;A99 Richtung Salzburg;Richtungfalse
2773;62893;Querschnitt5750;GMA_HK_99-079b-r-Sbg;WUD_HK_99-079b-r-Sbg;33;9907778;48.2217170728392;11.626428696342;5750;24.0;;Betriebsstatus1;Streckenstation1173;SST99-079b;3;Fahrbahnteil1;UZ Aschheim;A99 Richtung Salzburg;Richtungfalse
2774;59038;Querschnitt4482;AQ99-003-Sbg;WZG99-003-Sbg_CL1;99;9916887;48.2097186261453;11.4732831639353;4482;11.976;;Betriebsstatus1;Streckenstation1185;SST99-003;4;Fahrbahnteil1;UZ Aschheim;A99 Richtung Salzburg;Richtungfalse
2775;61194;Querschnitt4484;AQ99-004-Sbg;WZG99-004-Sbg_CL1;99;9916921;48.2094171117322;11.4798494308496;4484;12.476;;Betriebsstatus1;Streckenstation1186;SST99-004;4;Fahrbahnteil1;UZ Aschheim;A99 Richtung Salzburg;Richtungfalse
2776;59253;Querschnitt3577;AQ99-700-Stg;WZG99-700-Stg_PW1;129;9918777;48.145498862182;11.7571734606648;3577;37.455;;Betriebsstatus1;Streckenstation799;SST99-700;4;Fahrbahnteil1;UZ Aschheim;A99 Richtung Lindau;Richtungtrue
2777;54633;Querschnitt3576;AQ99-690-Stg;WZG99-690-Stg_PW1;129;9918820;48.1402213138609;11.7585917355544;3576;38.05;;Betriebsstatus1;Streckenstation801;SST99-690;4;Fahrbahnteil1;UZ Aschheim;A99 Richtung Lindau;Richtungtrue
2778;58381;Querschnitt5481;MQ_99_AS7_410_GT;DET_99_AS7_410_GT_A2;88;9916402;48.1716062330259;11.4215637178683;5481;5.43;;Betriebsstatus1;Streckenstation1347;SST_99_5430_Sbg;1;Fahrbahnteil4;UZ Aubing;A99 Richtung Salzburg;Richtungfalse
2779;53686;Querschnitt5821;WS_GMAQ83_Sbg_H;WUD_HK_Q83_Sbg_H;93;807351;47.82541496;11.94066508;5821;44.3;80000872;Betriebsstatus1;Streckenstation52;SSTQ83;3;Fahrbahnteil1;UZ Holzkirchen;A8-Ost Richtung Salzburg;Richtungfalse
2780;50630;Querschnitt5825;NMGQ62_Sbg_H;WUD_SW_Q62_Sbg_H;1;807281;47.8597547820597;11.8495529269707;5825;35.375;;Betriebsstatus1;Streckenstation42;SSTQ62;3;Fahrbahnteil1;UZ Holzkirchen;A8-Ost Richtung Salzburg;Richtungfalse
2781;62989;Querschnitt5828;WS_GMAQ55_Mch_H;WUD_WFD_Q55_Mch_H;102;807243;47.8690458875497;11.7868673400275;5828;30.45;80000855;Betriebsstatus1;Streckenstation38;SSTQ55;3;Fahrbahnteil1;UZ Holzkirchen;A8-Ost Richtung M.-Zentrum;Richtungtrue
2782;50943;Querschnitt5830;NMGQ49_Sbg_H;WUD_SW_Q49_Sbg_H;1;807217;47.8832335300771;11.7504810226614;5830;27.3;;Betriebsstatus1;Streckenstation35;SSTQ49;3;Fahrbahnteil1;UZ Holzkirchen;A8-Ost Richtung Salzburg;Richtungfalse
2783;51609;Querschnitt5833;NMGQ37_Sbg_H;WUD_SW_Q37_Sbg_H;1;807160;47.9360570852195;11.7045314065332;5833;20.12;;Betriebsstatus1;Streckenstation29;SSTQ37;3;Fahrbahnteil1;UZ Holzkirchen;A8-Ost Richtung Salzburg;Richtungfalse
2784;60525;Querschnitt5834;NMGB13a_Mch_E;WUD_SW_B13a_Mch_E;1;817329;47.8307669279211;11.9071829445418;5834;41.4;;Betriebsstatus1;Streckenstation109;SSTB13a;3;Fahrbahnteil3;UZ Holzkirchen;A8-Ost Richtung M.-Zentrum;Richtungtrue
2785;56231;Querschnitt5835;NMGB24_Mch_H;WUD_SW_B24_Mch_H;1;817174;47.9211098463719;11.7127648340075;5835;21.91;;Betriebsstatus1;Streckenstation98;SSTB24;3;Fahrbahnteil1;UZ Holzkirchen;A8-Ost Richtung M.-Zentrum;Richtungtrue
2786;52208;Querschnitt5837;NMGQ29_Sbg_H;WUD_SW_Q29_Sbg_H;1;807093;48.007564296228;11.6692287596267;5837;11.72;;Betriebsstatus1;Streckenstation25;SSTQ29;3;Fahrbahnteil1;UZ Holzkirchen;A8-Ost Richtung Salzburg;Richtungfalse
2787;54136;Querschnitt5839;NMGQ33_Sbg_H;WUD_SW_Q33_Sbg_H;1;807124;47.9742051084224;11.6851504175025;5839;15.62;;Betriebsstatus1;Streckenstation27;SSTQ33;3;Fahrbahnteil1;UZ Holzkirchen;A8-Ost Richtung Salzburg;Richtungfalse
2788;56451;Querschnitt5841;MQQ9_Sbg_H;DETQ9_Sbg_H2;36;9916946;48.0405453870658;11.6808557956456;5841;51.171;79369217;Betriebsstatus1;Streckenstation347;SSTQ9;1;Fahrbahnteil1;UZ Aschheim;A99 Richtung Salzburg;Richtungfalse
2789;54561;Querschnitt5842;WS_GMA_99_12770_Stg;WUD_99_12770_Stg_RS;74;9916958;48.2093133373687;11.4839319326057;5842;12.77;80000742;Betriebsstatus1;Streckenstation348;SST_99_12930_Stg;3;Fahrbahnteil1;UZ Aubing;A99 Richtung Salzburg;Richtungfalse
2790;55412;Querschnitt5843;NMG_99_12770_Stg;WUD_99_12770_Stg_SW;90;9916958;48.2093133373687;11.4839319326057;5843;12.77;;Betriebsstatus1;Streckenstation348;SST_99_12930_Stg;3;Fahrbahnteil1;UZ Aubing;A99 Richtung Salzburg;Richtungfalse
2791;59793;Querschnitt5845;NMG_99a_102685_Stg;WUD_99a_102685_Stg_SW;90;9909681;48.2051087644241;11.4217366737081;5845;102.685;;Betriebsstatus1;Streckenstation330;SST_99a_102707_Stg;3;Fahrbahnteil1;UZ Aubing;A99a Richtung Stuttgart;Richtungtrue
2792;60750;Querschnitt5846;WS_GMA_8_10270_Stg;WUD_8_10270_Stg_RS;74;805184;48.2305648468331;11.3536844004748;5846;10.27;80000744;Betriebsstatus1;Streckenstation17;SST_8_9990_Stg;3;Fahrbahnteil1;UZ Aubing;A8-West Richtung Stuttgart;Richtungtrue
2793;58094;Querschnitt5847;NMG_8_10260_Stg;WUD_8_10260_Stg_SW;90;805184;48.2305053661302;11.3537854045734;5847;10.26;;Betriebsstatus1;Streckenstation17;SST_8_9990_Stg;3;Fahrbahnteil1;UZ Aubing;A8-West Richtung Stuttgart;Richtungtrue
2794;57267;Querschnitt5849;NMG_8_7085_Stg;WUD_8_7085_Stg_SW;90;805130;48.2116253856763;11.3857935887619;5849;7.085;;Betriebsstatus1;Streckenstation15;SST_8_7070_Stg;3;Fahrbahnteil1;UZ Aubing;A8-West Richtung Stuttgart;Richtungtrue
2795;62111;Querschnitt5850;NMG_8_4520_Stg;WUD_8_4520_Stg_SW;90;805085;48.1957654694526;11.4109140974113;5850;4.52;;Betriebsstatus1;Streckenstation12;SST_8_4600_Stg;3;Fahrbahnteil1;UZ Aubing;A8-West Richtung Stuttgart;Richtungtrue
2796;55126;Querschnitt5851;NMG_8_5858_Stg;WUD_8_5858_Stg_SW;90;805108;48.2041938760146;11.3980944387787;5851;5.858;;Betriebsstatus1;Streckenstation14;SST_8_5863_Stg;3;Fahrbahnteil1;UZ Aubing;A8-West Richtung Stuttgart;Richtungtrue
2797;59140;Querschnitt5852;NMG_8_8685_Stg;WUD_8_8685_Stg_SW;90;805160;48.2211112598273;11.3697105509583;5852;8.685;;Betriebsstatus1;Streckenstation16;SST_8_8670_Stg;3;Fahrbahnteil1;UZ Aubing;A8-West Richtung Stuttgart;Richtungtrue
2798;55640;Querschnitt748;AQ_99_10220_Sbg;WZG_99_10220_Sbg_C3;107;9906757;48.2044310400717;11.4517915419503;748;10.22;;Betriebsstatus1;Streckenstation289;SST_99_10220_Sbg;4;Fahrbahnteil1;UZ Aubing;A99 Richtung Salzburg;Richtungfalse
2799;60458;Querschnitt5853;NMG_8_11285_Stg;WUD_8_11285_Stg_SW;90;805208;48.236601327932;11.3432559404085;5853;11.285;;Betriebsstatus1;Streckenstation19;SST_8_11270_Stg;3;Fahrbahnteil1;UZ Aubing;A8-West Richtung Stuttgart;Richtungtrue
2800;55648;Querschnitt5854;MQ99-190-Sbg_A;DET99-190-Sbg_A1;97;9908572;48.16778282554;11.7391397771789;5854;34.64;;Betriebsstatus1;Streckenstation740;SST99-190;1;Fahrbahnteil4;UZ Aschheim;A99 Richtung Salzburg;Richtungfalse
2801;52923;Querschnitt5855;MQ99-190-Sbg_E;DET99-190-Sbg_E;161;9908572;48.167422652819;11.7393302370185;5855;34.64;;Betriebsstatus1;Streckenstation740;SST99-190;1;Fahrbahnteil3;UZ Aschheim;A99 Richtung Salzburg;Richtungfalse
2802;54624;Querschnitt5856;MQ2082-10-Stg_H;DET2082-10-Stg_H2;226;9908572;48.1688747671905;11.7382069625171;5856;13.655;;Betriebsstatus1;Streckenstation740;SST99-190;1;Fahrbahnteil1;UZ Aschheim;St2082 Richtung Messe;Richtungtrue
2803;52002;Querschnitt5857;MQ2082-10-Sbg_H;DET2082-10-Sbg_H2;234;9908572;48.168812203708;11.7382461511094;5857;13.655;;Betriebsstatus1;Streckenstation740;SST99-190;1;Fahrbahnteil1;UZ Aschheim;St2082 Richtung Kirchheim;Richtungfalse
2804;51176;Querschnitt5858;MQ2082-20-Stg_H;DET2082-20-Stg_H1;9;9908572;48.1675486164521;11.7348214867444;5858;13.371;;Betriebsstatus1;Streckenstation740;SST99-190;1;Fahrbahnteil1;UZ Aschheim;St2082 Richtung Messe;Richtungtrue
2805;52793;Querschnitt5859;MQ2082-20-Sbg_H;DET2082-20-Sbg_H1;41;9908572;48.1675204228618;11.7348607355051;5859;13.371;;Betriebsstatus1;Streckenstation740;SST99-190;1;Fahrbahnteil1;UZ Aschheim;St2082 Richtung Kirchheim;Richtungfalse
2806;54302;Querschnitt5861;MQQ25_Mch_H;DETQ25_Mch_H2;34;807079;48.0220355867097;11.6602142843592;5861;9.97;;Betriebsstatus1;Streckenstation23;SSTQ25;1;Fahrbahnteil1;UZ Holzkirchen;A8-Ost Richtung M.-Zentrum;Richtungtrue
2807;58273;Querschnitt4999;MQ_99_AS7_160_NS;DET_99_AS7_160_NS_A1;65;9906430;48.1756272371739;11.4261367947974;4999;5.905;;Betriebsstatus1;Streckenstation1356;SST_99_5805_Lin;1;Fahrbahnteil4;UZ Aubing;A99 Richtung Lindau;Richtungtrue
2808;55547;Querschnitt5884;MQ_99_10835_Stg;DET_99_10835_Stg_H3;43;9916798;48.2063160055492;11.4596949840638;5884;10.835;;Betriebsstatus1;Streckenstation1616;SST_99_10770_Stg;1;Fahrbahnteil1;UZ Aubing;A99 Richtung Lindau;Richtungtrue
2809;60708;Querschnitt5885;MQ_99_11124_Stg;DET_99_11124_Stg_H3;35;9916798;48.2080781795589;11.462513324847;5885;11.124;;Betriebsstatus1;Streckenstation1616;SST_99_10770_Stg;1;Fahrbahnteil1;UZ Aubing;A99 Richtung Lindau;Richtungtrue
2810;61120;Querschnitt5887;GMA_HK_99_11441_Stg;WUD_99_11441_Stg_HK;1;9916798;48.2095128004271;11.4660812332134;5887;11.441;;Betriebsstatus1;Streckenstation1616;SST_99_10770_Stg;3;Fahrbahnteil1;UZ Aubing;A99 Richtung Lindau;Richtungtrue
2811;52954;Querschnitt5888;MQ_99_10566_Sbg;DET_99_10566_Sbg_H3;3;9906798;48.2050586567976;11.4564931746639;5888;10.566;;Betriebsstatus1;Streckenstation1617;SST_99_10771_Sbg;1;Fahrbahnteil1;UZ Aubing;A99 Richtung Salzburg;Richtungfalse
2812;56373;Querschnitt749;AQ_99_10380_Sbg;DLZ_99_10380_Sbg_DLZ3;3;9906757;48.2046251297452;11.4540349023823;749;10.38;;Betriebsstatus1;Streckenstation289;SST_99_10220_Sbg;4;Fahrbahnteil1;UZ Aubing;A99 Richtung Salzburg;Richtungfalse
2813;63096;Querschnitt5889;MQ_99_10812_Sbg;DET_99_10812_Sbg_H3;11;9906798;48.206097813972;11.4593839031304;5889;10.812;;Betriebsstatus1;Streckenstation1617;SST_99_10771_Sbg;1;Fahrbahnteil1;UZ Aubing;A99 Richtung Salzburg;Richtungfalse
2814;58585;Querschnitt5890;MQ_99_10991_Sbg;DET_99_10991_Sbg_H3;19;9906798;48.2071780574232;11.461169954018;5890;10.991;;Betriebsstatus1;Streckenstation1617;SST_99_10771_Sbg;1;Fahrbahnteil1;UZ Aubing;A99 Richtung Salzburg;Richtungfalse
2815;59554;Querschnitt5904;LSA_99_11441_Stg;LSA_99_11441_Stg_LSA2;162;9916798;48.2094563100765;11.4661206706951;5904;11.441;;Betriebsstatus1;Streckenstation1616;SST_99_10770_Stg;4;Fahrbahnteil1;UZ Aubing;A99 Richtung Lindau;Richtungtrue
2816;63156;Querschnitt5905;AQ_99_11124_Stg;WZG_99_11124_Stg_A2;164;9916798;48.2080594705995;11.4624660621965;5905;11.124;;Betriebsstatus1;Streckenstation1616;SST_99_10770_Stg;4;Fahrbahnteil1;UZ Aubing;A99 Richtung Lindau;Richtungtrue
2817;61000;Querschnitt5906;AQ_99_10835_Stg;WZG_99_10835_Stg_A2;166;9916798;48.2062947512623;11.4596349575383;5906;10.835;;Betriebsstatus1;Streckenstation1616;SST_99_10770_Stg;4;Fahrbahnteil1;UZ Aubing;A99 Richtung Lindau;Richtungtrue
2818;56722;Querschnitt5907;AQ_99_10586_Stg;WZG_99_10586_Stg_C2;170;9916798;48.2051934608419;11.456751656068;5907;10.586;;Betriebsstatus1;Streckenstation1616;SST_99_10770_Stg;4;Fahrbahnteil1;UZ Aubing;A99 Richtung Lindau;Richtungtrue
2819;55716;Querschnitt5910;LSA_99_10383_Sbg;LSA_99_10383_Sbg_LSA2;130;9906798;48.204601088156;11.4540409560914;5910;10.383;;Betriebsstatus1;Streckenstation1617;SST_99_10771_Sbg;4;Fahrbahnteil1;UZ Aubing;A99 Richtung Salzburg;Richtungfalse
2820;50845;Querschnitt5911;AQ_99_10566_Sbg;WZG_99_10566_Sbg_A2;132;9906798;48.2050680202898;11.4565384046074;5911;10.566;;Betriebsstatus1;Streckenstation1617;SST_99_10771_Sbg;4;Fahrbahnteil1;UZ Aubing;A99 Richtung Salzburg;Richtungfalse
2821;57483;Querschnitt5912;AQ_99_10812_Sbg;WZG_99_10812_Sbg_A2;134;9906798;48.2061235163629;11.4594390494546;5912;10.812;;Betriebsstatus1;Streckenstation1617;SST_99_10771_Sbg;4;Fahrbahnteil1;UZ Aubing;A99 Richtung Salzburg;Richtungfalse
2822;63101;Querschnitt5913;AQ_99_10991_Sbg;WZG_99_10991_Sbg_A2;136;9906798;48.2072073401879;11.4612168441854;5913;10.991;;Betriebsstatus1;Streckenstation1617;SST_99_10771_Sbg;4;Fahrbahnteil1;UZ Aubing;A99 Richtung Salzburg;Richtungfalse
2823;52899;Querschnitt5914;AQ_99_11228_Sbg;WZG_99_11228_Sbg_C2;140;9906798;48.2085644551854;11.4636403675598;5914;11.228;;Betriebsstatus1;Streckenstation1617;SST_99_10771_Sbg;4;Fahrbahnteil1;UZ Aubing;A99 Richtung Salzburg;Richtungfalse
2824;51945;Querschnitt5966;MQ_93_195948_Hof_E;DET_93_195948_Hof_E1;129;9306588;49.0273835727385;12.072911632961;5966;195.948;;Betriebsstatus1;Streckenstation1498;SST_93_196230_Hof;1;Fahrbahnteil3;UZ Regensburg;A93-Nord Richtung Hof;Richtungfalse
2825;53218;Querschnitt5968;MQ_196380_Nord_ZUF_Stau;MQ_196380_Nord_ES_V_Z_Stauschleife_ZUFFS2;146;9306588;49.0246228299201;12.0702765518957;5968;196.38;;Betriebsstatus1;Streckenstation1498;SST_93_196230_Hof;1;Fahrbahnteil3;UZ Regensburg;A93-Nord Richtung Hof;Richtungfalse
2826;55113;Querschnitt5969;MQ_196195_Nord_ZUF_Gelb;MQ_196195_Nord_ES_V_Z_Gelbanforderung_ZUFFS1;148;9306588;49.0258575559177;12.0709290437855;5969;196.195;;Betriebsstatus1;Streckenstation1498;SST_93_196230_Hof;1;Fahrbahnteil3;UZ Regensburg;A93-Nord Richtung Hof;Richtungfalse
2827;58881;Querschnitt5970;MQ_196195_Nord_ZUF_Gruen;MQ_196195_Nord_ES_V_Z_Grünanforderung_ZUFFS1;147;9306588;49.02500846;12.07046682;5970;196.195;;Betriebsstatus1;Streckenstation1498;SST_93_196230_Hof;1;Fahrbahnteil3;UZ Regensburg;A93-Nord Richtung Hof;Richtungfalse
2828;52515;Querschnitt4997;BMS_99_5795_Lin_;BMS_99_5795_Lin_HOEK2;5;9906430;48.17469167;11.42509471;4997;5.805;;Betriebsstatus1;Streckenstation1356;SST_99_5805_Lin;6;Fahrbahnteil1;UZ Aubing;A99 Richtung Lindau;Richtungtrue
2829;54528;Querschnitt4996;BMS_99_5805_Lin;BMS_99_5805_Lin_Netz;3;9906430;48.17480536;11.42523222;4996;5.805;;Betriebsstatus1;Streckenstation1356;SST_99_5805_Lin;6;Fahrbahnteil1;UZ Aubing;A99 Richtung Lindau;Richtungtrue
2830;60732;Querschnitt5985;GMA_HK_8_7100_Stg;WUD_8_7100_Stg_HK;3;805130;48.2117146473264;11.3856421942819;5985;7.1;;Betriebsstatus1;Streckenstation15;SST_8_7070_Stg;3;Fahrbahnteil1;UZ Aubing;A8-West Richtung Stuttgart;Richtungtrue
2831;51335;Querschnitt5986;GMA_HK_8_10000_Stg;WUD_8_10000_Stg_HK;3;805184;48.2289610022722;11.3563974724053;5986;10.0;;Betriebsstatus1;Streckenstation17;SST_8_9990_Stg;3;Fahrbahnteil1;UZ Aubing;A8-West Richtung Stuttgart;Richtungtrue
2832;56308;Querschnitt5987;GMA_HK_99a_102700_Stg;WUD_99a_102700_Stg_HK;3;9909681;48.2050975581119;11.4219377867524;5987;102.7;;Betriebsstatus1;Streckenstation330;SST_99a_102707_Stg;3;Fahrbahnteil1;UZ Aubing;A99a Richtung Stuttgart;Richtungtrue
2833;60513;Querschnitt5988;GMA_HK_99a_104508_Mch;WUD_99a_104508_Mch_HK;3;9919740;48.2039528465185;11.4462409551656;5988;104.508;;Betriebsstatus1;Streckenstation383;SST_99a_104491_Mch;3;Fahrbahnteil1;UZ Aubing;A99a Richtung Salzburg;Richtungfalse
2834;53155;Querschnitt6010;AQ99-590-Stg_PW1;WZG99-590-Stg_W2;7;9919081;48.1087640861352;11.7553621661264;6010;41.57;;Betriebsstatus1;Streckenstation809;SST99-590;4;Fahrbahnteil1;UZ Aschheim;A99 Richtung Lindau;Richtungtrue
2835;58055;Querschnitt5989;GMA_HK_99_11600_Stg;WUD_99_11600_Stg_HK;3;9916860;48.2098655190322;11.4682885569224;5989;11.6;;Betriebsstatus1;Streckenstation343;SST_99_11610_Stg;3;Fahrbahnteil1;UZ Aubing;A99 Richtung Lindau;Richtungtrue
2836;56683;Querschnitt5990;MQ_99_5795_Lin;DET_99_5795_Lin_H3;3;9906430;48.174539183274;11.4250967339185;5990;5.795;;Betriebsstatus1;Streckenstation1356;SST_99_5805_Lin;1;Fahrbahnteil1;UZ Aubing;A99 Richtung Lindau;Richtungtrue
2837;58395;Querschnitt6024;NMGQ69_Sbg_H;WUD_SW_Q69_Sbg_H;1;807310;47.8347336173161;11.8794739665275;6024;39.05;;Betriebsstatus1;Streckenstation46;SSTQ69;3;Fahrbahnteil1;UZ Holzkirchen;A8-Ost Richtung Salzburg;Richtungfalse
2838;62234;Querschnitt5994;MQB28a_Mch_A;DETB28a_Mch_A1;97;817105;47.9939278967814;11.679208199744;5994;13.5;;Betriebsstatus1;Streckenstation1427;SSTB28a;1;Fahrbahnteil2;UZ Holzkirchen;A8-Ost Richtung M.-Zentrum;Richtungtrue
2839;55228;Querschnitt5092;AQ_99_AS7_150_SZ;WZG_99_AS7_150_SZ_D1;48;9906420;48.1731759535106;11.423012599574;5092;5.58;;Betriebsstatus1;Streckenstation1357;SST_99_5650_Lin;4;Fahrbahnteil1;UZ Aubing;A99 Richtung Lindau;Richtungtrue
2840;53808;Querschnitt5999;HS_99_3129_Sbg;HS_99_3139_Sbg_HS1;7;9916215;48.1568295583848;11.4009521794495;5999;3.129;;Betriebsstatus1;Streckenstation1340;SST_99_2907_Sbg;4;Fahrbahnteil1;UZ Aubing;A99 Richtung Salzburg;Richtungfalse
2841;57311;Querschnitt6000;LSA_99_3113_Sbg;LSA_99_3113_Sbg_LSA1;4;9916215;48.1567496223916;11.4007842291681;6000;3.113;;Betriebsstatus1;Streckenstation1340;SST_99_2907_Sbg;4;Fahrbahnteil1;UZ Aubing;A99 Richtung Salzburg;Richtungfalse
2842;56374;Querschnitt251;MQB30a_Mch_APT;DETB30a_Mch_APT2;34;817073;48.0291333624871;11.6632518569651;251;9.25;;Betriebsstatus1;Streckenstation90;SSTB30a;1;Fahrbahnteil1;UZ Holzkirchen;A8-Ost Richtung M.-Zentrum;Richtungtrue
2843;51777;Querschnitt6001;BMS_99_3129_Sbg_PO;BMS_99_3129_Sbg_POFWPRG;4;9916215;48.15657947;11.40076652;6001;2.907;;Betriebsstatus1;Streckenstation1340;SST_99_2907_Sbg;6;Fahrbahnteil1;UZ Aubing;A99 Richtung Salzburg;Richtungfalse
2844;53350;Querschnitt6002;AQ_99_3434_Sbg;DLZ_99_3434_Sbg_DLZ3;7;9916272;48.1590574781189;11.4033828278586;6002;3.434;;Betriebsstatus1;Streckenstation1342;SST_99_3670_Sbg;4;Fahrbahnteil1;UZ Aubing;A99 Richtung Salzburg;Richtungfalse
2845;51789;Querschnitt6003;BMS_99_5335_Lin_PO;BMS_99_5335_Lin_POFWPRG;4;9906406;48.17152236;11.42080128;6003;5.476;;Betriebsstatus1;Streckenstation1358;SST_99_5476_Lin;6;Fahrbahnteil1;UZ Aubing;A99 Richtung Lindau;Richtungtrue
2846;58929;Querschnitt6004;AQ99-810a-l-Stg;WZG99-810a-l-Stg_C1;134;9917710;48.2265970688474;11.6150082983171;6004;23.06;;Betriebsstatus1;Streckenstation1174;SST99-810a;4;Fahrbahnteil3;UZ Aschheim;A99 Richtung Salzburg;Richtungfalse
2847;62836;Querschnitt6005;GMA_HK_99-810a-l-Stg;WUD_HK_99-810a-l-Stg;2;9917710;48.2265852831525;11.6150393544335;6005;23.06;;Betriebsstatus1;Streckenstation1174;SST99-810a;3;Fahrbahnteil3;UZ Aschheim;A99 Richtung Salzburg;Richtungfalse
2848;63199;Querschnitt6008;MQMob6_Sbg-N;DETMob6_Sbg_N1;113;9918963;48.1227078140261;11.7584967744742;6008;40.0;;Betriebsstatus1;Streckenstation1222;SSTMob6;1;Fahrbahnteil1;UZ Aschheim;A99 Richtung Salzburg;Richtungfalse
2849;60940;Querschnitt6009;AQ99-260-Sbg_PW1;WZG99-260-Sbg_W2;39;9908998;48.1182603069411;11.7577378338325;6009;40.5;;Betriebsstatus1;Streckenstation749;SST99-260;4;Fahrbahnteil1;UZ Aschheim;A99 Richtung Salzburg;Richtungfalse
2850;51982;Querschnitt763;AQ_99_11515_Sbg;WZG_99_11515_Sbg_C2;106;9906851;48.2095063587822;11.4671812039178;763;11.515;;Betriebsstatus1;Streckenstation294;SST_99_11484_Sbg;4;Fahrbahnteil1;UZ Aubing;A99 Richtung Salzburg;Richtungfalse
2851;59221;Querschnitt6012;AQ99D10_Stg_H;WZG99D10_Stg_C1;76;9919926;48.0293445062483;11.6636379585089;6012;52.968;;Betriebsstatus1;Streckenstation386;SST99510;4;Fahrbahnteil1;UZ Aschheim;A99 Richtung Lindau;Richtungtrue
2852;61057;Querschnitt6013;GMA99D10_Stg_H;WUD_HK_99D10_Stg_H;2;9919926;48.0292789788054;11.6636692175362;6013;52.97;;Betriebsstatus1;Streckenstation386;SST99510;3;Fahrbahnteil1;UZ Aschheim;A99 Richtung Lindau;Richtungtrue
2853;63328;Querschnitt6014;NMG99515_Stg_H;WUD_SW_99515_Stg_H;3;9919926;48.0308375547769;11.6671116170812;6014;52.67;;Betriebsstatus1;Streckenstation386;SST99510;3;Fahrbahnteil1;UZ Aschheim;A99 Richtung Lindau;Richtungtrue
2854;60872;Querschnitt6015;GMA_HK_99-235-Sbg;WUD_HK_99-235-Sbg;33;9908769;48.1459562525468;11.7563888935099;6015;37.388;;Betriebsstatus1;Streckenstation1416;SST99-235;3;Fahrbahnteil1;UZ Aschheim;A99 Richtung Salzburg;Richtungfalse
2855;59295;Querschnitt6016;NMGQ25_Sbg_H;WUD_SW_Q25_Sbg_H;1;807079;48.0217682002885;11.6599714788117;6016;9.996;;Betriebsstatus1;Streckenstation23;SSTQ25;3;Fahrbahnteil1;UZ Holzkirchen;A8-Ost Richtung Salzburg;Richtungfalse
2856;57138;Querschnitt6017;GMAQ13_Sbg_E;WUD_HK_Q13_Sbg_E;94;807085;48.0150175247543;11.6639477031077;6017;10.8;;Betriebsstatus1;Streckenstation24;SSTQ27;3;Fahrbahnteil3;UZ Holzkirchen;A8-Ost Richtung Salzburg;Richtungfalse
2857;54928;Querschnitt6018;NMGQ31_Sbg_H;WUD_SW_Q31_Sbg_H;1;807107;47.9931070670729;11.6790967704314;6018;13.47;;Betriebsstatus1;Streckenstation26;SSTQ31;3;Fahrbahnteil1;UZ Holzkirchen;A8-Ost Richtung Salzburg;Richtungfalse
2858;54330;Querschnitt6019;WS_GMAQ35_Sbg_H;WUD_HK_Q35_Sbg_H;93;807143;47.9529373204584;11.6936109200803;6019;18.07;;Betriebsstatus1;Streckenstation28;SSTQ35;3;Fahrbahnteil1;UZ Holzkirchen;A8-Ost Richtung Salzburg;Richtungfalse
2859;52498;Querschnitt6020;GMAQ45_Sbg_H;WUD_HK_Q45_Sbg_H;93;807190;47.9036453227491;11.7191106658349;6020;23.917;;Betriebsstatus1;Streckenstation33;SSTQ45;3;Fahrbahnteil1;UZ Holzkirchen;A8-Ost Richtung Salzburg;Richtungfalse
2860;54359;Querschnitt6021;WS_GMAQ47_Sbg_H;WUD_NS_Q47_Sbg_H;3;807203;47.8910080881304;11.7312164059127;6021;25.62;;Betriebsstatus1;Streckenstation34;SSTQ47;3;Fahrbahnteil1;UZ Holzkirchen;A8-Ost Richtung Salzburg;Richtungfalse
2861;56656;Querschnitt6022;WS_GMAQ53_Sbg_H;WUD_NS_Q53_Sbg_H;3;807237;47.8715717983239;11.7790737866609;6022;29.8;;Betriebsstatus1;Streckenstation37;SSTQ53;3;Fahrbahnteil1;UZ Holzkirchen;A8-Ost Richtung Salzburg;Richtungfalse
2862;57001;Querschnitt6023;WS_GMAQ57_Sbg_H;WUD_HK_Q57_Sbg_H;93;807250;47.8647010252239;11.7998680090656;6023;31.52;;Betriebsstatus1;Streckenstation39;SSTQ57;3;Fahrbahnteil1;UZ Holzkirchen;A8-Ost Richtung Salzburg;Richtungfalse
2863;55449;Querschnitt6025;GMAQ79_Sbg_H;WUD_HK_Q79_Sbg_H;93;807339;47.8242764078658;11.922576855227;6025;42.8;;Betriebsstatus1;Streckenstation50;SSTQ79;3;Fahrbahnteil1;UZ Holzkirchen;A8-Ost Richtung Salzburg;Richtungfalse
2864;52291;Querschnitt6026;GMAQ87_Sbg_H;WUD_HK_Q87_Sbg_H;93;807366;47.8237800356634;11.9637949834682;6026;46.2;;Betriebsstatus1;Streckenstation54;SSTQ87;3;Fahrbahnteil1;UZ Holzkirchen;A8-Ost Richtung Salzburg;Richtungfalse
2865;52641;Querschnitt6027;WS_GMAQ91_Sbg_H;WUD_HK_Q91_Sbg_H;93;807384;47.8216422399402;11.9925081867186;6027;48.4;;Betriebsstatus1;Streckenstation56;SSTQ91;3;Fahrbahnteil1;UZ Holzkirchen;A8-Ost Richtung Salzburg;Richtungfalse
2866;61950;Querschnitt6028;WS_GMAB16_Mch_H;WUD_HK_B16_Mch_H;93;817297;47.8465652976555;11.8672085320853;6028;37.4;;Betriebsstatus1;Streckenstation106;SSTB16;3;Fahrbahnteil1;UZ Holzkirchen;A8-Ost Richtung Salzburg;Richtungfalse
2867;55834;Querschnitt279;AQB23_Mch_H;AQB23_Mch_PW1;161;817191;47.9030776030262;11.7198055165062;279;23.99;;Betriebsstatus1;Streckenstation99;SSTB23;4;Fahrbahnteil1;UZ Holzkirchen;A8-Ost Richtung M.-Zentrum;Richtungtrue
2868;57662;Querschnitt276;AQB24_Mch_H;AQB24_Mch_PW1;161;817174;47.9211465069766;11.7126005404461;276;21.91;;Betriebsstatus1;Streckenstation98;SSTB24;4;Fahrbahnteil1;UZ Holzkirchen;A8-Ost Richtung M.-Zentrum;Richtungtrue
2869;57237;Querschnitt273;AQB25_Mch_H;AQB25_Mch_PW1;161;817160;47.9365935478148;11.7046225457367;273;20.09;;Betriebsstatus1;Streckenstation97;SSTB25;4;Fahrbahnteil1;UZ Holzkirchen;A8-Ost Richtung M.-Zentrum;Richtungtrue
2870;56563;Querschnitt271;AQB26_Mch_H;AQB26_Mch_PW1;161;817149;47.9474313717181;11.6976088062682;271;18.775;;Betriebsstatus1;Streckenstation96;SSTB26;4;Fahrbahnteil1;UZ Holzkirchen;A8-Ost Richtung M.-Zentrum;Richtungtrue
2871;51019;Querschnitt268;AQB27_Mch_H;AQB27_Mch_PW1;161;817132;47.965804630847;11.6880101048579;268;16.6;;Betriebsstatus1;Streckenstation95;SSTB27;4;Fahrbahnteil1;UZ Holzkirchen;A8-Ost Richtung M.-Zentrum;Richtungtrue
2872;58558;Querschnitt264;AQB28_Mch_H;AQB28_Mch_PW1;161;817116;47.9834850239496;11.683027920071;264;14.6;;Betriebsstatus1;Streckenstation94;SSTB28;4;Fahrbahnteil1;UZ Holzkirchen;A8-Ost Richtung M.-Zentrum;Richtungtrue
2873;56152;Querschnitt261;AQB29_Mch_H;AQB29_Mch_PW1;161;817099;48.0013711426456;11.6739579604195;261;12.5;;Betriebsstatus1;Streckenstation93;SSTB29;4;Fahrbahnteil1;UZ Holzkirchen;A8-Ost Richtung M.-Zentrum;Richtungtrue
2874;54209;Querschnitt6029;GMA_HK_110_Mch;WUD_HK_110_Mch;33;806378;48.0063364464867;11.6708181955625;6029;11.89;;Betriebsstatus1;Streckenstation1198;SST8-110;3;Fahrbahnteil1;UZ Holzkirchen;A8-Ost Richtung M.-Zentrum;Richtungtrue
2875;53048;Querschnitt6030;GMA_HK_120_Mch;WUD_HK_120_Mch;33;806362;48.0104674543135;11.6679946140853;6030;11.383;;Betriebsstatus1;Streckenstation1199;SST8-120;3;Fahrbahnteil1;UZ Holzkirchen;A8-Ost Richtung M.-Zentrum;Richtungtrue
2876;56402;Querschnitt6031;GMA_HK_140_Mch;WUD_HK_140_Mch;33;806324;48.0192138203165;11.6629759630061;6031;0.09;;Betriebsstatus1;Streckenstation1201;SST8-140;3;Fahrbahnteil4;UZ Holzkirchen;A8-Ost Richtung M.-Zentrum;Richtungtrue
2877;58389;Querschnitt6033;BMS_93_194145_Mch;BMS_93_194145_Mch_Tuer;33;9316514;49.03835119;12.09074218;6033;194.145;;Betriebsstatus1;Streckenstation1628;SST_93_194145_Mch;6;Fahrbahnteil1;UZ Regensburg;A93-Nord Richtung M.-Zentrum;Richtungtrue
2878;61213;Querschnitt6032;MQ_93_194150_Mch;DET_93_194150_Mch_H2;34;9316514;49.0382244301562;12.090744940188;6032;194.15;;Betriebsstatus1;Streckenstation1628;SST_93_194145_Mch;1;Fahrbahnteil1;UZ Regensburg;A93-Nord Richtung M.-Zentrum;Richtungtrue
2879;55005;Querschnitt252;MQB30_Mch_ANF;DETB30_Mch_ANF2;106;817080;48.0215865112033;11.6615814610307;252;10.04;;Betriebsstatus1;Streckenstation91;SSTB30;1;Fahrbahnteil4;UZ Holzkirchen;A8-Ost Richtung M.-Zentrum;Richtungtrue
2880;55416;Querschnitt6067;WWQ_92_EOst_0225_XZ;WZG_92_EOst_0225_XZ_W10;43;9216417;48.3218531855989;11.6302378952899;6067;0.225;;Betriebsstatus1;Streckenstation1632;SST_92_EOst_0199_XZ;4;Fahrbahnteil3;UZ Freising;A92 Richtung M.-Zentrum;Richtungtrue
2881;51750;Querschnitt6066;BMS_92_EOst_0010_XZ_;BMS_92_EOst_0010_XZ_Uespg;4;9216420;48.32222277;11.63213774;6066;0.01;;Betriebsstatus1;Streckenstation1631;SST_92_EOst_0010_XZ;6;Fahrbahnteil3;UZ Freising;A92 Richtung M.-Zentrum;Richtungtrue
2882;51811;Querschnitt6068;BMS_92_EOst_0199_XZ_;BMS_92_EOst_0199_XZ_Uespg;4;9216417;48.32209863;11.63018865;6068;0.199;;Betriebsstatus1;Streckenstation1632;SST_92_EOst_0199_XZ;6;Fahrbahnteil3;UZ Freising;A92 Richtung M.-Zentrum;Richtungtrue
2883;51199;Querschnitt6069;BMS_92_AKNeuf_1151_UM_;BMS_92_AKNeuf_1151_UM_Uespg;4;9216411;48.32061028;11.62862553;6069;1.151;;Betriebsstatus1;Streckenstation1633;SST_92_AKNeuf_1151_UM;6;Fahrbahnteil4;UZ Freising;A92 Richtung M.-Zentrum;Richtungtrue
2884;53178;Querschnitt6070;BMS_92_AKNeuf_1427_UM_;BMS_92_AKNeuf_1427_UM_Uespg;4;9216403;48.31909745;11.62551085;6070;1.427;;Betriebsstatus1;Streckenstation1634;SST_92_AKNeuf_1427_UM;6;Fahrbahnteil4;UZ Freising;A92 Richtung M.-Zentrum;Richtungtrue
2885;51137;Querschnitt6076;MQ_92_EOst_0225_XZ;DET_92_EOst_0225_XZ_P1;177;9216417;48.321935253999;11.6302335381744;6076;0.225;;Betriebsstatus1;Streckenstation1632;SST_92_EOst_0199_XZ;1;Fahrbahnteil3;UZ Freising;A92 Richtung M.-Zentrum;Richtungtrue
2886;52448;Querschnitt6077;MQ_92_EOst_0595_FY;DET_92_EOst_0595_FY_P2;178;9216417;48.3219296881926;11.630280004788;6077;0.595;;Betriebsstatus1;Streckenstation1632;SST_92_EOst_0199_XZ;1;Fahrbahnteil3;UZ Freising;A92 Richtung M.-Zentrum;Richtungtrue
2887;56856;Querschnitt6078;BMS_92_AKNeuf_0410_XW_;BMS_92_AKNeuf_0410_XW_Netz;3;9216393;48.31742122;11.62184663;6078;0.41;;Betriebsstatus1;Streckenstation1636;SST_92_AKNeuf_0410_XW;6;Fahrbahnteil3;UZ Freising;A92 Richtung M.-Zentrum;Richtungtrue
2888;61822;Querschnitt6080;AQ_92_AKNeuf_0440_XW;WZG_92_AKNeuf_0440_XW_C1;167;9216393;48.3170649891818;11.6216260506834;6080;0.44;;Betriebsstatus1;Streckenstation1636;SST_92_AKNeuf_0410_XW;4;Fahrbahnteil3;UZ Freising;A92 Richtung M.-Zentrum;Richtungtrue
2889;61201;Querschnitt6081;MQ_9_AKNeuf_2278_UM;DET_9_AKNeuf_2278_UM_E2;170;9130960;48.3137699241373;11.6217323779897;6081;2.278;;Betriebsstatus1;Streckenstation1637;SST_9_AKNeuf_0608_HL;1;Fahrbahnteil3;UZ Freising;A92 Richtung M.-Zentrum;Richtungtrue
2890;59842;Querschnitt6082;GMA_9_AKNeuf_0638_HL_HK;WUD_9_AKNeuf_0638_HL_HK;33;9130960;48.314131202744;11.6201492041251;6082;0.638;;Betriebsstatus1;Streckenstation1637;SST_9_AKNeuf_0608_HL;3;Fahrbahnteil3;UZ Freising;A92 Richtung M.-Zentrum;Richtungtrue
2891;54147;Querschnitt6083;AQ_9_AKNeuf_0638_HL;WZG_9_AKNeuf_0638_HL_C1;167;9130960;48.3141339707386;11.6201683618517;6083;0.638;;Betriebsstatus1;Streckenstation1637;SST_9_AKNeuf_0608_HL;4;Fahrbahnteil3;UZ Freising;A92 Richtung M.-Zentrum;Richtungtrue
2892;51567;Querschnitt6088;MQ_9_AKNeuf_1760_UM;DET_9_AKNeuf_1760_UM_E2;170;9130942;48.3177885193698;11.6214377050487;6088;1.76;;Betriebsstatus1;Streckenstation1638;SST_9_AKNeuf_1730_UM;1;Fahrbahnteil3;UZ Freising;A92 Richtung M.-Zentrum;Richtungtrue
2893;51010;Querschnitt256;MQB30_Mch_APT;DETB30_Mch_APT2;98;817080;48.0216456978392;11.6619047946469;256;10.04;;Betriebsstatus1;Streckenstation91;SSTB30;1;Fahrbahnteil4;UZ Holzkirchen;A8-Ost Richtung M.-Zentrum;Richtungtrue
2894;61465;Querschnitt6089;AQ_9_AKNeuf_1760_UM;WZG_9_AKNeuf_1760_UM_C1;105;9130942;48.3176853731179;11.621275180303;6089;1.76;;Betriebsstatus1;Streckenstation1638;SST_9_AKNeuf_1730_UM;4;Fahrbahnteil3;UZ Freising;A92 Richtung M.-Zentrum;Richtungtrue
2895;59460;Querschnitt6090;WS_GMA_9_AKNeuf_1770_UM;WUD_9_AKNeuf_1770_UM_NS;81;9130942;48.3176922587942;11.6211317021064;6090;1.77;80000770;Betriebsstatus1;Streckenstation1638;SST_9_AKNeuf_1730_UM;3;Fahrbahnteil3;UZ Freising;A92 Richtung M.-Zentrum;Richtungtrue
2896;62383;Querschnitt6091;WS_GMA_9_AKNeuf_1770_UM;WUD_9_AKNeuf_1930_UM_WFD;82;9130942;48.3176922587942;11.6211317021064;6091;1.77;80000770;Betriebsstatus1;Streckenstation1638;SST_9_AKNeuf_1730_UM;3;Fahrbahnteil3;UZ Freising;A92 Richtung M.-Zentrum;Richtungtrue
2897;63858;Querschnitt6922;MQ_99a_103325_Mch;DET_99a_103325_Mch_H2;34;9915755;48.2044381419022;11.4299595170627;;103.325;;Betriebsstatus1;Streckenstation2026;SST_99a_103310_Mch;1;Fahrbahnteil1;UZ Aubing;A99a Richtung Salzburg;Richtungfalse
2898;64607;Querschnitt7060;MQ_99_29595_Sbg;DET_99_29595_Sbg_H4;36;9908191;48.1942726507955;11.6869711125216;;29.55;;Betriebsstatus1;Streckenstation2075;SST_99_29575_Sbg;1;Fahrbahnteil1;UZ Aschheim;A99 Richtung Salzburg;Richtungfalse
2899;60079;Querschnitt861;AQ_99a_100750_Stg;WZG_99a_100750_Stg_C1;73;9909616;48.2066902401531;11.3958254833836;861;100.75;;Betriebsstatus1;Streckenstation328;SST_99a_100770_Stg;4;Fahrbahnteil1;UZ Aubing;A99a Richtung Stuttgart;Richtungtrue
2900;63777;Querschnitt6924;MQ_99a_104045_Mch;DET_99a_104045_Mch_H2;34;9915922;48.2039305497535;11.4397964828968;;104.045;;Betriebsstatus1;Streckenstation2027;SST_99a_104045_Mch;1;Fahrbahnteil1;UZ Aubing;A99a Richtung Salzburg;Richtungfalse
2901;62131;Querschnitt864;AQ_99a_101408_Stg;WZG_99a_101408_Stg_C1;73;9909639;48.2059923481273;11.4046350353299;864;101.408;;Betriebsstatus1;Streckenstation329;SST_99a_101445_Stg;4;Fahrbahnteil1;UZ Aubing;A99a Richtung Stuttgart;Richtungtrue
2902;55432;Querschnitt867;AQ_99a_102700_Stg;WZG_99a_102700_Stg_C1;73;9909681;48.2050053290323;11.4219692614536;867;102.7;;Betriebsstatus1;Streckenstation330;SST_99a_102707_Stg;4;Fahrbahnteil1;UZ Aubing;A99a Richtung Stuttgart;Richtungtrue
2903;60202;Querschnitt870;AQ_99a_104300_Stg;WZG_99a_104300_Stg_C1;76;9916711;48.2043778258872;11.4434961807061;870;104.3;;Betriebsstatus1;Streckenstation337;SST_99_9600_Lin;4;Fahrbahnteil1;UZ Aubing;A99a Richtung Stuttgart;Richtungtrue
2904;53527;Querschnitt883;AQ_99_9600_Lin;WZG_99_9600_Lin_C1;73;9916711;48.204177474675;11.4435870073742;883;9.6;;Betriebsstatus1;Streckenstation337;SST_99_9600_Lin;4;Fahrbahnteil1;UZ Aubing;A99 Richtung Lindau;Richtungtrue
2905;51673;Querschnitt888;AQ_99_10170_Stg;WZG_99_10170_Stg_C1;73;9916754;48.2046170065543;11.451154246736;888;10.17;;Betriebsstatus1;Streckenstation338;SST_99_10180_Stg;4;Fahrbahnteil1;UZ Aubing;A99 Richtung Lindau;Richtungtrue
2906;63931;Querschnitt6946;MQ_99_9140_Sbg;DET_99_9140_Sbg_H2;36;9906676;48.2018204740284;11.4385855267474;;9.14;;Betriebsstatus1;Streckenstation287;SST_99_9130_Sbg;1;Fahrbahnteil1;UZ Aubing;A99 Richtung Salzburg;Richtungfalse
2907;52381;Querschnitt901;AQ_99_11440_Stg;DLZ_99_11440_Stg_DLZ3;35;9916860;48.2094326047828;11.4661363543989;901;11.44;;Betriebsstatus1;Streckenstation343;SST_99_11610_Stg;4;Fahrbahnteil1;UZ Aubing;A99 Richtung Lindau;Richtungtrue
2908;57823;Querschnitt902;AQ_99_11600_Stg;WZG_99_11600_Stg_C2;74;9916860;48.2097758670655;11.4683306128054;902;11.6;;Betriebsstatus1;Streckenstation343;SST_99_11610_Stg;4;Fahrbahnteil1;UZ Aubing;A99 Richtung Lindau;Richtungtrue
2909;59714;Querschnitt6883;MQ92-590-Mch_P;DET92-590-Mch_P2;114;9216421;48.3221707690279;11.6324574929398;6883;14.125;;Betriebsstatus1;Streckenstation970;SST92-590;1;Fahrbahnteil2;UZ Freising;A92 Richtung M.-Zentrum;Richtungtrue
2910;53223;Querschnitt907;AQQ7_Sbg_H;WZG99-Q7_Sbg_C2;106;9916891;48.0587547113981;11.7000989846583;907;48.664;;Betriebsstatus1;Streckenstation344;SSTQ7;4;Fahrbahnteil1;UZ Aschheim;A99 Richtung Salzburg;Richtungfalse
2911;55159;Querschnitt912;AQQ9_Sbg_H;WZG99-Q9_Sbg_C3;107;9916946;48.0403298995165;11.680545441033;912;51.201;;Betriebsstatus1;Streckenstation347;SSTQ9;4;Fahrbahnteil1;UZ Aschheim;A99 Richtung Salzburg;Richtungfalse
2912;61812;Querschnitt919;AQQ11_Sbg_A;AQQ11_Sbg_C1;106;9916980;48.0309230756562;11.6656731881887;919;52.749;;Betriebsstatus1;Streckenstation349;SSTQ11;4;Fahrbahnteil4;UZ Holzkirchen;A99 Richtung Salzburg;Richtungfalse
2913;53362;Querschnitt923;AQ_99_14110_Stg;WZG_99_14110_Stg_C2;74;9917047;48.2134206292395;11.5001025459201;923;14.11;;Betriebsstatus1;Streckenstation350;SST_99_14140_Stg;4;Fahrbahnteil1;UZ Aubing;A99 Richtung Lindau;Richtungtrue
2914;66738;Querschnitt6965;MQ92-250-Mch_E;DET92-250-Mch_E2;2;9216670;48.3512766910487;11.7313674643516;;0.481;;Betriebsstatus1;Streckenstation2040;SST92-250;1;Fahrbahnteil3;UZ Freising;A92 Richtung M.-Zentrum;Richtungtrue
2915;64175;Querschnitt6966;AQ92-250-Mch;WZG92-250-Mch_C1;73;9216670;48.35129832441;11.7312035477973;3404;0.481;;Betriebsstatus1;Streckenstation2040;SST92-250;4;Fahrbahnteil3;UZ Freising;A92 Richtung M.-Zentrum;Richtungtrue
2916;51902;Querschnitt283;MQB22_Mch_H;DETB22_Mch_H3;35;817204;47.8909576362262;11.7320745906712;283;25.69;;Betriebsstatus1;Streckenstation100;SSTB22;1;Fahrbahnteil1;UZ Holzkirchen;A8-Ost Richtung M.-Zentrum;Richtungtrue
2917;64552;Querschnitt7074;MQ_99_ASAsh_0140_KI;DET_99_ASAsh_0140_KI_A1;161;9908237;48.1922808652882;11.6949041061933;;30.22;;Betriebsstatus1;Streckenstation2073;SST_99_ASAsh_0920_AM;1;Fahrbahnteil4;UZ Aschheim;A99 Richtung Salzburg;Richtungfalse
2918;64653;Querschnitt7048;MQ_99_30830_Sbg;DET_99_30830_Sbg_H4;36;9908283;48.1908512939324;11.703065019352;;30.83;;Betriebsstatus1;Streckenstation2072;SST_99_30820_Sbg;1;Fahrbahnteil1;UZ Aschheim;A99 Richtung Salzburg;Richtungfalse
2919;55202;Querschnitt286;MQB21_Mch_H;DETB21_Mch_H3;35;817217;47.8835419212812;11.7506269425292;286;27.3;;Betriebsstatus1;Streckenstation101;SSTB21;1;Fahrbahnteil1;UZ Holzkirchen;A8-Ost Richtung M.-Zentrum;Richtungtrue
2920;64618;Querschnitt7040;MQ_99_30450_Stg;DET_99_30450_Stg_H4;4;9918257;48.1920285489664;11.6989863825041;;30.45;;Betriebsstatus1;Streckenstation2070;SST_99_30475_Stg;1;Fahrbahnteil1;UZ Aschheim;A99 Richtung Lindau;Richtungtrue
2921;64523;Querschnitt7067;MQ_99_ASAsh_0250_PS;DET_99_ASAsh_0250_PS_A1;65;9918241;48.1929591820812;11.6963314098375;;30.23;;Betriebsstatus1;Streckenstation2080;SST_99_ASAsh_0520_NZ;1;Fahrbahnteil4;UZ Aschheim;A99 Richtung Lindau;Richtungtrue
2922;64488;Querschnitt7068;MQ_99_ASAsh_0280_XW;DET_99_ASAsh_0280_XW_A1;65;9918211;48.1939923690573;11.6911995257075;;29.85;;Betriebsstatus1;Streckenstation2069;SST_99_ASAsh_0920_NZ;1;Fahrbahnteil4;UZ Aschheim;A99 Richtung Lindau;Richtungtrue
2923;64641;Querschnitt7073;MQ_99_29220_Stg;DET_99_29220_Stg_H4;4;9918173;48.1953748125907;11.6831923660542;;29.22;;Betriebsstatus1;Streckenstation2068;SST_99_29245_Stg;1;Fahrbahnteil1;UZ Aschheim;A99 Richtung Lindau;Richtungtrue
2924;64509;Querschnitt7019;MQ99-120-Stg_H;DET99-120-Stg_H3;3;9908064;48.2003941559725;11.6666509793065;;27.9;;Betriebsstatus1;Streckenstation723;SST99-120;1;Fahrbahnteil1;UZ Aschheim;A99 Richtung Lindau;Richtungtrue
2925;65143;Querschnitt7078;MQ_93_193470_Mch;DET_93_193470_Mch_H2;34;9316489;49.0430808186919;12.096103091969;;193.47;;Betriebsstatus1;Streckenstation2082;SST_93_193462_Mch;1;Fahrbahnteil1;UZ Regensburg;A93-Nord Richtung M.-Zentrum;Richtungtrue
2926;64887;Querschnitt7079;AQ_93_193470_Mch;WZG_93_193470_Mch_C1;105;9316489;49.0429879474404;12.0960986386201;;193.47;;Betriebsstatus1;Streckenstation2082;SST_93_193462_Mch;4;Fahrbahnteil1;UZ Regensburg;A93-Nord Richtung M.-Zentrum;Richtungtrue
2927;65099;Querschnitt7111;MQ_93_193918_Mch_E;DET_93_193918_Mch_H1;33;9316505;49.0396124742864;12.0936797195817;;193.918;;Betriebsstatus1;Streckenstation2083;SST_93_193918_Mch;1;Fahrbahnteil1;UZ Regensburg;A93-Nord Richtung M.-Zentrum;Richtungtrue
2928;65379;Querschnitt7088;MQ_93_193918_Mch;DET_93_193918_Mch_H3;35;9316505;49.0395639425622;12.093755984094;;193.918;;Betriebsstatus1;Streckenstation2083;SST_93_193918_Mch;1;Fahrbahnteil1;UZ Regensburg;A93-Nord Richtung M.-Zentrum;Richtungtrue
2929;65495;Querschnitt7086;AQ_93_193918_Mch;WZG_93_193918_Mch_Z131_C2;166;9316505;49.0394738015937;12.09356938434;;193.918;;Betriebsstatus1;Streckenstation2083;SST_93_193918_Mch;4;Fahrbahnteil1;UZ Regensburg;A93-Nord Richtung M.-Zentrum;Richtungtrue
2930;64792;Querschnitt7090;MQ_93_194040_Mch;DET_93_194040_Mch_H3;35;9316508;49.0388583997723;12.09240253347;;194.04;;Betriebsstatus1;Streckenstation2084;SST_93_194000_Mch;1;Fahrbahnteil1;UZ Regensburg;A93-Nord Richtung M.-Zentrum;Richtungtrue
2931;65577;Querschnitt7091;AQ_93_194040_Mch;WZG_93_194040_Mch_Z131_C2;166;9316508;49.0387820265044;12.0922213868177;;194.04;;Betriebsstatus1;Streckenstation2084;SST_93_194000_Mch;4;Fahrbahnteil1;UZ Regensburg;A93-Nord Richtung M.-Zentrum;Richtungtrue
2932;64960;Querschnitt7098;MQ_93_194420_Mch;DET_93_194420_Mch_H2;34;9316524;49.0369309762818;12.0878935740566;;194.42;;Betriebsstatus1;Streckenstation2086;SST_93_194450_Mch_1;1;Fahrbahnteil1;UZ Regensburg;A93-Nord Richtung M.-Zentrum;Richtungtrue
2933;64786;Querschnitt7099;MQ_93_194583_Mch;DET_93_194583_Mch_H2;36;9316524;49.0358022338507;12.086455197235;;194.583;;Betriebsstatus1;Streckenstation2086;SST_93_194450_Mch_1;1;Fahrbahnteil1;UZ Regensburg;A93-Nord Richtung M.-Zentrum;Richtungtrue
2934;65246;Querschnitt7100;AQ_93_194600_Mch;WZG_93_194600_Mch_C1;105;9316524;49.0357143920199;12.0863088689885;;194.6;;Betriebsstatus1;Streckenstation2086;SST_93_194450_Mch_1;4;Fahrbahnteil1;UZ Regensburg;A93-Nord Richtung M.-Zentrum;Richtungtrue
2935;65570;Querschnitt7130;MQ_93_195017_Mch;DET_93_195017_Mch_H2;34;9306558;49.0325471439733;12.0833442210093;;195.017;;Betriebsstatus1;Streckenstation2090;SST_93_195360_Hof_2;1;Fahrbahnteil1;UZ Regensburg;A93-Nord Richtung M.-Zentrum;Richtungtrue
2936;65275;Querschnitt7131;MQ_93_195330_Mch;DET_93_195330_Mch_H2;36;9306558;49.0302296828579;12.0804496834431;;195.33;;Betriebsstatus1;Streckenstation2090;SST_93_195360_Hof_2;1;Fahrbahnteil1;UZ Regensburg;A93-Nord Richtung M.-Zentrum;Richtungtrue
2937;65216;Querschnitt7132;MQ_93_195330_Mch_A;DET_93_195330_Mch_H3;97;9306558;49.0302741790285;12.0803941316738;;195.33;;Betriebsstatus1;Streckenstation2090;SST_93_195360_Hof_2;1;Fahrbahnteil1;UZ Regensburg;A93-Nord Richtung M.-Zentrum;Richtungtrue
2938;64858;Querschnitt7133;AQ_93_195019_Mch;WZG_93_195019_Mch_C1;105;9306558;49.032516063093;12.0833018414059;;195.019;;Betriebsstatus1;Streckenstation2090;SST_93_195360_Hof_2;4;Fahrbahnteil1;UZ Regensburg;A93-Nord Richtung M.-Zentrum;Richtungtrue
2939;65411;Querschnitt7158;MQ_93_196045_Mch_A;DET_93_196045_Mch_H3;97;9316581;49.0271977561498;12.0721328754574;;196.045;;Betriebsstatus1;Streckenstation2095;SST_93_196045_Mch;1;Fahrbahnteil1;UZ Regensburg;A93-Nord Richtung M.-Zentrum;Richtungtrue
2940;57569;Querschnitt289;MQB20_Mch_H;DETB20_Mch_H3;35;817228;47.8771470405009;11.7663697538538;289;28.68;;Betriebsstatus1;Streckenstation102;SSTB20;1;Fahrbahnteil1;UZ Holzkirchen;A8-Ost Richtung M.-Zentrum;Richtungtrue
2941;65119;Querschnitt7160;AQ_93_196059_Mch;WZG_93_196059_Mch_Z131_C2;174;9316581;49.027093838016;12.0719234888005;;196.059;;Betriebsstatus1;Streckenstation2095;SST_93_196045_Mch;4;Fahrbahnteil1;UZ Regensburg;A93-Nord Richtung M.-Zentrum;Richtungtrue
2942;65104;Querschnitt7168;MQ_93_196250_Mch;DET_93_196250_Mch_H2;34;9316588;49.0257870817666;12.0703817342967;;196.25;;Betriebsstatus1;Streckenstation2097;SST_93_196250_Mch;1;Fahrbahnteil1;UZ Regensburg;A93-Nord Richtung M.-Zentrum;Richtungtrue
2943;64740;Querschnitt7169;AQ_93_196250_Mch;WZG_93_196250_Mch_Z131_C2;166;9316588;49.0256873807534;12.0702642088617;;196.25;;Betriebsstatus1;Streckenstation2097;SST_93_196250_Mch;4;Fahrbahnteil1;UZ Regensburg;A93-Nord Richtung M.-Zentrum;Richtungtrue
2944;65163;Querschnitt7172;MQ_93_196360_Mch;DET_93_196360_Mch_H2;34;9316592;49.0249246738283;12.0697728223397;;196.36;;Betriebsstatus1;Streckenstation2098;SST_93_196360_Mch;1;Fahrbahnteil1;UZ Regensburg;A93-Nord Richtung M.-Zentrum;Richtungtrue
2945;64758;Querschnitt7173;AQ_93_196360_Mch;WZG_93_196360_Mch_Z131_C2;166;9316592;49.0247998553721;12.0696815997448;;196.36;;Betriebsstatus1;Streckenstation2098;SST_93_196360_Mch;4;Fahrbahnteil1;UZ Regensburg;A93-Nord Richtung M.-Zentrum;Richtungtrue
2946;65629;Querschnitt7176;MQ_93_AS40_0052_HM;DET_93_AS40_0052_HM_E2;162;9316597;49.0235292493049;12.06888251252;;0.052;;Betriebsstatus1;Streckenstation2099;SST_93_196485_Mch;1;Fahrbahnteil3;UZ Regensburg;A93-Nord Richtung M.-Zentrum;Richtungtrue
2947;65107;Querschnitt7177;MQ_93_196490_Hof;DET_93_196490_Hof_H2;2;9316597;49.0235854962283;12.0694779165517;;196.49;;Betriebsstatus1;Streckenstation2099;SST_93_196485_Mch;1;Fahrbahnteil1;UZ Regensburg;A93-Nord Richtung Hof;Richtungfalse
2948;65395;Querschnitt7203;AQ_93_196840_Mch;WZG_93_196840_Mch_C2;106;9306607;49.0205628233682;12.0686403865689;;196.84;;Betriebsstatus1;Streckenstation2103;SST_93_196780_Hof_1;4;Fahrbahnteil1;UZ Regensburg;A93-Nord Richtung M.-Zentrum;Richtungtrue
2949;65180;Querschnitt7228;MQ_93_197470_Mch_A;DET_93_197470_Mch_H3;97;9306632;49.0152934552874;12.0649080700694;;197.47;;Betriebsstatus1;Streckenstation2106;SST_93_197440_Hof_2;1;Fahrbahnteil1;UZ Regensburg;A93-Nord Richtung M.-Zentrum;Richtungtrue
2950;65612;Querschnitt7229;MQ_93_197470_Mch;DET_93_197470_Mch_H2;37;9306632;49.0152709501556;12.0649767039752;;197.47;;Betriebsstatus1;Streckenstation2106;SST_93_197440_Hof_2;1;Fahrbahnteil1;UZ Regensburg;A93-Nord Richtung M.-Zentrum;Richtungtrue
2951;64686;Querschnitt7230;MQ_93_197085_Mch;DET_93_197085_Mch_H3;35;9306632;49.018481738229;12.0674908215511;;197.085;;Betriebsstatus1;Streckenstation2106;SST_93_197440_Hof_2;1;Fahrbahnteil1;UZ Regensburg;A93-Nord Richtung M.-Zentrum;Richtungtrue
2952;65656;Querschnitt7231;AQ_93_197250_Mch;WZG_93_197250_Mch_C2;106;9306632;49.0171273167474;12.0665071380022;;197.25;;Betriebsstatus1;Streckenstation2106;SST_93_197440_Hof_2;4;Fahrbahnteil1;UZ Regensburg;A93-Nord Richtung M.-Zentrum;Richtungtrue
2953;64790;Querschnitt7185;MQ_93_197767_Mch;DET_93_197767_Mch_H2;34;9316642;49.0131971840306;12.0630593098376;;197.767;;Betriebsstatus1;Streckenstation2100;SST_93_197750_Mch;1;Fahrbahnteil1;UZ Regensburg;A93-Nord Richtung M.-Zentrum;Richtungtrue
2954;65642;Querschnitt7186;MQ_93_197767_Mch_E;DET_93_197767_Mch_H3;161;9316642;49.013225383505;12.0629867815792;;197.767;;Betriebsstatus1;Streckenstation2100;SST_93_197750_Mch;1;Fahrbahnteil1;UZ Regensburg;A93-Nord Richtung M.-Zentrum;Richtungtrue
2955;65572;Querschnitt7187;AQ_93_197789_Mch;WZG_93_197789_Mch_C2;106;9316642;49.0130424913288;12.0628864580236;;197.789;;Betriebsstatus1;Streckenstation2100;SST_93_197750_Mch;4;Fahrbahnteil1;UZ Regensburg;A93-Nord Richtung M.-Zentrum;Richtungtrue
2956;64932;Querschnitt7190;MQ_93_AS42_0184_EM;DET_93_AS42_0184_EM_H1;163;9316661;49.0085466686021;12.0602711272009;;0.184;;Betriebsstatus1;Streckenstation2101;SST_93_198290_Mch;1;Fahrbahnteil1;UZ Regensburg;A93-Nord Richtung M.-Zentrum;Richtungtrue
2957;65627;Querschnitt7191;MQ_93_AS42_0144_EM;DET_93_AS42_0144_EM_H1;162;9316661;49.0087959706478;12.0598841705364;;0.144;;Betriebsstatus1;Streckenstation2101;SST_93_198290_Mch;1;Fahrbahnteil1;UZ Regensburg;A93-Nord Richtung M.-Zentrum;Richtungtrue
2958;65249;Querschnitt7192;MQ_93_AS42_0188_EM;DET_93_AS42_0188_EM_H1;164;9316661;49.0085165028525;12.0603008579329;;0.188;;Betriebsstatus1;Streckenstation2101;SST_93_198290_Mch;1;Fahrbahnteil1;UZ Regensburg;A93-Nord Richtung M.-Zentrum;Richtungtrue
2959;65115;Querschnitt7193;MQ_93_AS42_0064_EM;DET_93_AS42_0064_EM_H1;161;9316661;49.0091662559798;12.0589471465255;;0.064;;Betriebsstatus1;Streckenstation2101;SST_93_198290_Mch;1;Fahrbahnteil1;UZ Regensburg;A93-Nord Richtung M.-Zentrum;Richtungtrue
2960;65009;Querschnitt7285;MQ_93_201570_Hof;DET_93_201570_Hof_H3;3;9306779;48.9797846410385;12.0633474555841;;201.57;;Betriebsstatus1;Streckenstation2115;SST_93_201575_Hof;1;Fahrbahnteil1;UZ Regensburg;A93-Nord Richtung Hof;Richtungfalse
2961;65514;Querschnitt7286;AQ_93_201570_Hof;WZG_93_201570_Hof_C2;74;9306779;48.9798756700135;12.0633145184331;;201.57;;Betriebsstatus1;Streckenstation2115;SST_93_201575_Hof;4;Fahrbahnteil1;UZ Regensburg;A93-Nord Richtung Hof;Richtungfalse
2962;65315;Querschnitt7279;MQ_93_200170_Hof;DET_93_200170_Hof_H3;3;9306729;48.9920414933209;12.0613973500408;;200.17;;Betriebsstatus1;Streckenstation2114;SST_93_200190_Hof;1;Fahrbahnteil1;UZ Regensburg;A93-Nord Richtung Hof;Richtungfalse
2963;65100;Querschnitt7280;MQ_93_200170_Hof_E;DET_93_200170_Hof_H4;129;9306729;48.9920282637379;12.0614976810953;;200.17;;Betriebsstatus1;Streckenstation2114;SST_93_200190_Hof;1;Fahrbahnteil1;UZ Regensburg;A93-Nord Richtung Hof;Richtungfalse
2964;64860;Querschnitt7281;AQ_93_200170_Mch;WZG_93_200170_Hof_C3;75;9306729;48.9920889199792;12.0614696247371;;200.17;;Betriebsstatus1;Streckenstation2114;SST_93_200190_Hof;4;Fahrbahnteil1;UZ Regensburg;A93-Nord Richtung Hof;Richtungfalse
2965;64958;Querschnitt7275;MQ_93_199480_Hof;DET_93_199480_Hof_H3;3;9306704;48.9981716986013;12.0636445242066;;199.48;;Betriebsstatus1;Streckenstation2113;SST_93_199490_Hof;1;Fahrbahnteil1;UZ Regensburg;A93-Nord Richtung Hof;Richtungfalse
2966;65022;Querschnitt7276;AQ_93_199480_Hof;WZG_93_199480_Hof_C2;74;9306704;48.9982837131727;12.0636567526847;;199.48;;Betriebsstatus1;Streckenstation2113;SST_93_199490_Hof;4;Fahrbahnteil1;UZ Regensburg;A93-Nord Richtung Hof;Richtungfalse
2967;65382;Querschnitt7267;MQ_93_AS43_0317_SZ;DET_93_AS43_0317_SZ_H1;130;9306685;49.0030241764984;12.0627441991969;;0.317;;Betriebsstatus1;Streckenstation2112;SST_93_198945_Hof;1;Fahrbahnteil1;UZ Regensburg;A93-Nord Richtung Hof;Richtungfalse
2968;65541;Querschnitt7268;MQ_93_AS43_0345_SZ;DET_93_AS43_0345_SZ_H1;131;9306685;49.0031535430759;12.0626496479453;;0.345;;Betriebsstatus1;Streckenstation2112;SST_93_198945_Hof;1;Fahrbahnteil1;UZ Regensburg;A93-Nord Richtung Hof;Richtungfalse
2969;65125;Querschnitt7269;MQ_93_AS43_0349_SZ;DET_93_AS43_0349_SZ_H1;132;9306685;49.0032800590504;12.0625513354541;;0.349;;Betriebsstatus1;Streckenstation2112;SST_93_198945_Hof;1;Fahrbahnteil1;UZ Regensburg;A93-Nord Richtung Hof;Richtungfalse
2970;65206;Querschnitt7270;MQ_93_AS43_0135_SZ;DET_93_AS43_0135_SZ_H1;129;9306685;49.0020526830268;12.0645991167573;;0.135;;Betriebsstatus1;Streckenstation2112;SST_93_198945_Hof;1;Fahrbahnteil1;UZ Regensburg;A93-Nord Richtung Hof;Richtungfalse
2971;64859;Querschnitt7261;MQ_93_198740_Mch;DET_93_198740_Mch_H3;35;9306678;49.0047069005837;12.0613662333704;;198.74;;Betriebsstatus1;Streckenstation2111;SST_93_198770_Hof;1;Fahrbahnteil1;UZ Regensburg;A93-Nord Richtung M.-Zentrum;Richtungtrue
2972;65451;Querschnitt7262;MQ_93_198740_Hof;DET_93_198750_Hof_H2;2;9306678;49.0046372186022;12.0616141551223;;198.75;;Betriebsstatus1;Streckenstation2111;SST_93_198770_Hof;1;Fahrbahnteil1;UZ Regensburg;A93-Nord Richtung Hof;Richtungfalse
2973;65343;Querschnitt7263;MQ_93_198740_Hof_E;DET_93_198750_Hof_H3;129;9306678;49.0046530757641;12.0617016753218;;198.75;;Betriebsstatus1;Streckenstation2111;SST_93_198770_Hof;1;Fahrbahnteil1;UZ Regensburg;A93-Nord Richtung Hof;Richtungfalse
2974;65393;Querschnitt7264;AQ_93_198740_Hof;WZG_93_198740_Hof_C2;74;9306678;49.0047610499678;12.0615822918083;;198.74;;Betriebsstatus1;Streckenstation2111;SST_93_198770_Hof;4;Fahrbahnteil1;UZ Regensburg;A93-Nord Richtung Hof;Richtungfalse
2975;65697;Querschnitt7256;MQ_93_198150_Hof_E;DET_93_198150_Hof_H3;129;9306657;49.0097567664848;12.0611088350723;;198.15;;Betriebsstatus1;Streckenstation2110;SST_93_198180_Hof;1;Fahrbahnteil1;UZ Regensburg;A93-Nord Richtung Hof;Richtungfalse
2976;65266;Querschnitt7257;MQ_93_198150_Hof;DET_93_198150_Hof_H2;2;9306657;49.009766150912;12.0610339286035;;198.15;;Betriebsstatus1;Streckenstation2110;SST_93_198180_Hof;1;Fahrbahnteil1;UZ Regensburg;A93-Nord Richtung Hof;Richtungfalse
2977;56903;Querschnitt292;MQB19_Mch_H;DETB19_Mch_H3;35;817245;47.8672436272795;11.7907208392695;292;30.82;81369018;Betriebsstatus1;Streckenstation103;SSTB19;1;Fahrbahnteil1;UZ Holzkirchen;A8-Ost Richtung M.-Zentrum;Richtungtrue
2978;65537;Querschnitt7258;AQ_93_198150_Hof;WZG_93_198150_Hof_Z131_C2;134;9306657;49.0099105414624;12.0611000696012;;198.15;;Betriebsstatus1;Streckenstation2110;SST_93_198180_Hof;4;Fahrbahnteil1;UZ Regensburg;A93-Nord Richtung Hof;Richtungfalse
2979;65013;Querschnitt7252;MQ_93_197815_Hof;DET_93_197815_Hof_H3;3;9306645;49.0126519202715;12.0628078606828;;197.815;;Betriebsstatus1;Streckenstation2109;SST_93_197830_Hof;1;Fahrbahnteil1;UZ Regensburg;A93-Nord Richtung Hof;Richtungfalse
2980;65257;Querschnitt7253;AQ_93_197805_Hof;WZG_93_197805_Hof_Z131_C2;134;9306645;49.012780886726;12.0629236008009;;197.805;;Betriebsstatus1;Streckenstation2109;SST_93_197830_Hof;4;Fahrbahnteil1;UZ Regensburg;A93-Nord Richtung Hof;Richtungfalse
2981;65560;Querschnitt7247;MQ_93_197672_Hof;DET_93_197672_Hof_H2;2;9306641;49.0137057077551;12.0637582437716;;197.672;;Betriebsstatus1;Streckenstation2108;SST_93_197709_Hof;1;Fahrbahnteil1;UZ Regensburg;A93-Nord Richtung Hof;Richtungfalse
2982;65536;Querschnitt7248;MQ_93_197672_Hof_A;DET_93_197672_Hof_H3;65;9306641;49.0136774381553;12.0638255226701;;197.672;;Betriebsstatus1;Streckenstation2108;SST_93_197709_Hof;1;Fahrbahnteil1;UZ Regensburg;A93-Nord Richtung Hof;Richtungfalse
2983;65232;Querschnitt7249;AQ_93_197672_Hof;WZG_93_197672_Hof_Z131_C2;134;9306641;49.0138615940858;12.0638915705339;;197.672;;Betriebsstatus1;Streckenstation2108;SST_93_197709_Hof;4;Fahrbahnteil1;UZ Regensburg;A93-Nord Richtung Hof;Richtungfalse
2984;64952;Querschnitt7238;MQ_93_AS41_0331_SZ;DET_93_AS41_0331_SZ_H1;132;9306636;49.0152496606123;12.067214446856;;0.069;;Betriebsstatus1;Streckenstation2107;SST_93_197590_Hof;1;Fahrbahnteil1;UZ Regensburg;A93-Nord Richtung Hof;Richtungfalse
2985;65657;Querschnitt7289;MQ_93_AS41_0059_SZ;DET_93_AS41_0059_SZ_E1;129;9306630;49.0153854622486;12.0671917047219;;0.059;;Betriebsstatus1;Streckenstation2116;SST_93_AS41_0029_SZ;1;Fahrbahnteil3;UZ Regensburg;A93-Nord Richtung Hof;Richtungfalse
2986;65252;Querschnitt7220;MQ_93_197440_Hof_E;DET_93_197440_Hof_H3;129;9306631;49.0152437152193;12.0652466412291;;197.44;;Betriebsstatus1;Streckenstation2105;SST_93_197440_Hof_1;1;Fahrbahnteil1;UZ Regensburg;A93-Nord Richtung Hof;Richtungfalse
2987;64982;Querschnitt7221;AQ_93_197380_Hof;WZG_93_197380_Hof_C2;74;9306631;49.0160133367389;12.0658310097516;;197.38;;Betriebsstatus1;Streckenstation2105;SST_93_197440_Hof_1;4;Fahrbahnteil1;UZ Regensburg;A93-Nord Richtung Hof;Richtungfalse
2988;65235;Querschnitt7211;MQ_93_196780_Hof;DET_93_196780_Hof_H2;2;9306608;49.0211246727362;12.0690298033566;;196.78;;Betriebsstatus1;Streckenstation2104;SST_93_196780_Hof_2;1;Fahrbahnteil1;UZ Regensburg;A93-Nord Richtung Hof;Richtungfalse
2989;65090;Querschnitt7212;MQ_93_196780_Hof_A;DET_93_196780_Hof_H3;65;9306608;49.021115506315;12.0691095579245;;196.78;;Betriebsstatus1;Streckenstation2104;SST_93_196780_Hof_2;1;Fahrbahnteil1;UZ Regensburg;A93-Nord Richtung Hof;Richtungfalse
2990;65442;Querschnitt7213;MQ_93_197085_Hof;DET_93_197085_Hof_H3;5;9306608;49.0184507341496;12.0676104569881;;197.085;;Betriebsstatus1;Streckenstation2104;SST_93_196780_Hof_2;1;Fahrbahnteil1;UZ Regensburg;A93-Nord Richtung Hof;Richtungfalse
2991;64862;Querschnitt7214;AQ_93_196950_Hof;WZG_93_196950_Hof_C2;74;9306608;49.0195905276327;12.0683086825345;;196.95;;Betriebsstatus1;Streckenstation2104;SST_93_196780_Hof_2;4;Fahrbahnteil1;UZ Regensburg;A93-Nord Richtung Hof;Richtungfalse
2992;64886;Querschnitt7153;MQ_93_196095_Hof;DET_93_196095_Hof_H2;2;9306583;49.0267099659443;12.0716360649686;;196.095;;Betriebsstatus1;Streckenstation2094;SST_93_196085_Hof;1;Fahrbahnteil1;UZ Regensburg;A93-Nord Richtung Hof;Richtungfalse
2993;65057;Querschnitt7154;MQ_93_196095_Hof_E;DET_93_196095_Hof_H3;129;9306583;49.0266702570531;12.0716989516956;;196.095;;Betriebsstatus1;Streckenstation2094;SST_93_196085_Hof;1;Fahrbahnteil1;UZ Regensburg;A93-Nord Richtung Hof;Richtungfalse
2994;64853;Querschnitt7155;AQ_93_196085_Hof;WZG_93_196085_Hof_C2;74;9306583;49.026811495462;12.0717899219481;;196.085;;Betriebsstatus1;Streckenstation2094;SST_93_196085_Hof;4;Fahrbahnteil1;UZ Regensburg;A93-Nord Richtung Hof;Richtungfalse
2995;64734;Querschnitt7149;MQ_93_195865_Hof;DET_93_195865_Hof_H3;3;9306575;49.0279469832092;12.0741843706004;;195.865;;Betriebsstatus1;Streckenstation2093;SST_93_195865_Hof;1;Fahrbahnteil1;UZ Regensburg;A93-Nord Richtung Hof;Richtungfalse
2996;64953;Querschnitt7150;AQ_93_195865_Hof;WZG_93_195865_Hof_Z131_C2;134;9306575;49.0279850039147;12.0742962484471;;195.865;;Betriebsstatus1;Streckenstation2093;SST_93_195865_Hof;4;Fahrbahnteil1;UZ Regensburg;A93-Nord Richtung Hof;Richtungfalse
2997;64692;Querschnitt7144;MQ_93_195592_Hof_A;DET_93_195592_Hof_H3;65;9306565;49.0289854698712;12.0775688485872;;195.592;;Betriebsstatus1;Streckenstation2092;SST_93_195592_Hof;1;Fahrbahnteil1;UZ Regensburg;A93-Nord Richtung Hof;Richtungfalse
2998;53020;Querschnitt12;GMA_HK_8_3050_Stg;WUD_8_3050_Stg_HK;3;805056;48.1864561432635;11.4249514661288;12;3.05;;Betriebsstatus1;Streckenstation11;SST_8_3020_Stg;3;Fahrbahnteil1;UZ Aubing;A8-West Richtung Stuttgart;Richtungtrue
2999;65016;Querschnitt7145;MQ_93_195592_Hof;DET_93_195592_Hof_H2;2;9306565;49.0290443852264;12.0775253578352;;195.592;;Betriebsstatus1;Streckenstation2092;SST_93_195592_Hof;1;Fahrbahnteil1;UZ Regensburg;A93-Nord Richtung Hof;Richtungfalse
3000;64726;Querschnitt7146;AQ_93_195592_Hof;WZG_93_195592_Hof_Z131_C2;134;9306565;49.0290684306214;12.0777063424339;;195.592;;Betriebsstatus1;Streckenstation2092;SST_93_195592_Hof;4;Fahrbahnteil1;UZ Regensburg;A93-Nord Richtung Hof;Richtungfalse
3001;65519;Querschnitt7120;MQ_93_195161_Hof;DET_93_195161_Hof_H2;2;9306557;49.0313948169614;12.0822606679952;;195.161;;Betriebsstatus1;Streckenstation2089;SST_93_195360_Hof_1;1;Fahrbahnteil1;UZ Regensburg;A93-Nord Richtung Hof;Richtungfalse
3002;64709;Querschnitt7121;MQ_93_195339_Hof;DET_93_195339_Hof_H2;4;9306557;49.030047679184;12.0803692470815;;195.339;;Betriebsstatus1;Streckenstation2089;SST_93_195360_Hof_1;1;Fahrbahnteil1;UZ Regensburg;A93-Nord Richtung Hof;Richtungfalse
3003;65153;Querschnitt7122;MQ_93_195339_Hof_E;DET_93_195339_Hof_H3;129;9306557;49.030012498862;12.0804206286435;;195.339;;Betriebsstatus1;Streckenstation2089;SST_93_195360_Hof_1;1;Fahrbahnteil1;UZ Regensburg;A93-Nord Richtung Hof;Richtungfalse
3004;64981;Querschnitt7123;AQ_93_195178_Hof;WZG_93_195178_Hof_C1;73;9306557;49.031294651983;12.0821675952204;;195.178;;Betriebsstatus1;Streckenstation2089;SST_93_195360_Hof_1;4;Fahrbahnteil1;UZ Regensburg;A93-Nord Richtung Hof;Richtungfalse
3005;65254;Querschnitt7104;MQ_93_194415_Hof;DET_93_194415_Hof_H2;2;9316525;49.03673033542;12.0882243757194;;194.415;;Betriebsstatus1;Streckenstation2087;SST_93_194450_Mch_2;1;Fahrbahnteil1;UZ Regensburg;A93-Nord Richtung Hof;Richtungfalse
3006;64929;Querschnitt7105;MQ_93_194880_Hof;DET_93_194880_Hof_H2;4;9316525;49.0335367534013;12.084325512281;;194.88;;Betriebsstatus1;Streckenstation2087;SST_93_194450_Mch_2;1;Fahrbahnteil1;UZ Regensburg;A93-Nord Richtung Hof;Richtungfalse
3007;65072;Querschnitt7106;AQ_93_194873_Hof;WZG_93_194873_Hof_C1;73;9316525;49.0336029148206;12.0843867698939;;194.873;;Betriebsstatus1;Streckenstation2087;SST_93_194450_Mch_2;4;Fahrbahnteil1;UZ Regensburg;A93-Nord Richtung Hof;Richtungfalse
3008;65236;Querschnitt7113;MQ_93_194060_Hof;DET_93_194060_Hof_H2;2;9306525;49.0385686103515;12.0921313303754;;194.06;;Betriebsstatus1;Streckenstation2088;SST_93_194080_Hof;1;Fahrbahnteil1;UZ Regensburg;A93-Nord Richtung Hof;Richtungfalse
3009;64685;Querschnitt7114;MQ_93_194060_Hof_A;DET_93_194060_Hof_H3;65;9306525;49.0385249869932;12.0921821883322;;194.06;;Betriebsstatus1;Streckenstation2088;SST_93_194080_Hof;1;Fahrbahnteil1;UZ Regensburg;A93-Nord Richtung Hof;Richtungfalse
3010;51179;Querschnitt295;MQB18_Mch_H;DETB18_Mch_H3;35;817265;47.8652362507952;11.8245342309906;295;33.4;;Betriebsstatus1;Streckenstation104;SSTB18;1;Fahrbahnteil1;UZ Holzkirchen;A8-Ost Richtung M.-Zentrum;Richtungtrue
3011;65546;Querschnitt7115;AQ_93_194050_Hof;WZG_93_194050_Hof_C2;74;9306525;49.0386244776877;12.0922774767035;;194.05;;Betriebsstatus1;Streckenstation2088;SST_93_194080_Hof;4;Fahrbahnteil1;UZ Regensburg;A93-Nord Richtung Hof;Richtungfalse
3012;66303;Querschnitt7322;MQ_96_138835_Mch;DET_96_138835_Mch_H2;2;9619210;48.0753349232463;11.1004040481794;;138.835;;Betriebsstatus1;Streckenstation2126;SST_96_138813_Mch;1;Fahrbahnteil1;UZ Eching/Etterschlag;A96 Richtung M.-Zentrum;Richtungfalse
3013;66080;Querschnitt7323;AQ_96_138841_Mch;WZG_96_138841_Mch_C1;74;9619210;48.075339083352;11.1005744495704;;138.841;;Betriebsstatus1;Streckenstation2126;SST_96_138813_Mch;4;Fahrbahnteil1;UZ Eching/Etterschlag;A96 Richtung M.-Zentrum;Richtungfalse
3014;66164;Querschnitt7327;MQ_96_139135_Mch;DET_96_139135_Mch_H2;2;9619216;48.075430392702;11.1043535775399;;139.135;;Betriebsstatus1;Streckenstation2127;SST_96_139106_Mch;1;Fahrbahnteil1;UZ Eching/Etterschlag;A96 Richtung M.-Zentrum;Richtungfalse
3015;66358;Querschnitt7328;MQ_96_139131_Lin;DET_96_139131_Lin_H2;34;9619216;48.0755312883114;11.104488981951;;139.131;;Betriebsstatus1;Streckenstation2127;SST_96_139106_Mch;1;Fahrbahnteil1;UZ Eching/Etterschlag;A96 Richtung M.-Zentrum;Richtungfalse
3016;65819;Querschnitt7332;MQ_96_139252_Mch;DET_96_139252_Mch_H2;2;9619219;48.0755230056473;11.1058621469502;;139.252;;Betriebsstatus1;Streckenstation2128;SST_96_139224_Mch;1;Fahrbahnteil1;UZ Eching/Etterschlag;A96 Richtung M.-Zentrum;Richtungfalse
3017;66224;Querschnitt7336;MQ_96_139409_Lin;DET_96_139409_Lin_H2;34;9619223;48.075952310984;11.1083389417608;;139.409;;Betriebsstatus1;Streckenstation2129;SST_96_139374_Mch;1;Fahrbahnteil1;UZ Eching/Etterschlag;A96 Richtung M.-Zentrum;Richtungfalse
3018;66263;Querschnitt7342;MQ_96_139930_Mch;DET_96_139930_Mch_H2;2;9619235;48.0773445357417;11.1147544007584;;139.93;;Betriebsstatus1;Streckenstation2130;SST_96_139925_Mch;1;Fahrbahnteil1;UZ Eching/Etterschlag;A96 Richtung M.-Zentrum;Richtungfalse
3019;57860;Querschnitt22;GMA_HK_8_5050_Stg;WUD_8_5050_Stg_HK;3;805093;48.1991017673071;11.4058159448065;22;5.05;;Betriebsstatus1;Streckenstation13;SST_8_5020_Stg;3;Fahrbahnteil1;UZ Aubing;A8-West Richtung Stuttgart;Richtungtrue
3020;66190;Querschnitt7344;AQ_96_139768_Mch;WZG_96_139768_Mch_A2;130;9619235;48.0768991986909;11.1127208518655;;139.768;;Betriebsstatus1;Streckenstation2130;SST_96_139925_Mch;4;Fahrbahnteil1;UZ Eching/Etterschlag;A96 Richtung M.-Zentrum;Richtungfalse
3021;66128;Querschnitt7348;MQ_96_140926_Lin;DET_96_140926_Lin_H2;34;9619258;48.0787003137592;11.128052741672;;140.926;;Betriebsstatus1;Streckenstation2131;SST_96_140924_Lin;1;Fahrbahnteil1;UZ Eching/Etterschlag;A96 Richtung Lindau;Richtungtrue
3022;66126;Querschnitt7349;AQ_96_140915_Lin;WZG_96_140915_Lin_C1;105;9619258;48.0786828340957;11.1278675739269;;140.915;;Betriebsstatus1;Streckenstation2131;SST_96_140924_Lin;4;Fahrbahnteil1;UZ Eching/Etterschlag;A96 Richtung Lindau;Richtungtrue
3023;66028;Querschnitt7353;MQ_96_140645_Lin;DET_96_140645_Lin_H2;34;9619253;48.0784937008566;11.1244447689181;;140.645;;Betriebsstatus1;Streckenstation2132;SST_96_140674_Lin;1;Fahrbahnteil1;UZ Eching/Etterschlag;A96 Richtung Lindau;Richtungtrue
3024;66328;Querschnitt7354;MQ_96_140649_Mch;DET_96_140649_Mch_H2;2;9619253;48.0783652904059;11.1243007630838;;140.649;;Betriebsstatus1;Streckenstation2132;SST_96_140674_Lin;1;Fahrbahnteil1;UZ Eching/Etterschlag;A96 Richtung Lindau;Richtungtrue
3025;66237;Querschnitt7358;MQ_96_140495_Lin;DET_96_140495_Lin_H2;34;9619249;48.078341352295;11.1224061972963;;140.495;;Betriebsstatus1;Streckenstation2133;SST_96_140525_Lin;1;Fahrbahnteil1;UZ Eching/Etterschlag;A96 Richtung Lindau;Richtungtrue
3026;66377;Querschnitt7362;MQ_96_140344_Mch;DET_96_140344_Mch_H2;2;9619246;48.0780337754034;11.1200585451641;;140.344;;Betriebsstatus1;Streckenstation2134;SST_96_140375_Lin;1;Fahrbahnteil1;UZ Eching/Etterschlag;A96 Richtung Lindau;Richtungtrue
3027;66259;Querschnitt7368;MQ_96_139930_Lin;DET_96_139930_Lin_H2;34;9619236;48.0774066904773;11.1148136273883;;139.93;;Betriebsstatus1;Streckenstation2135;SST_96_139925_Lin;1;Fahrbahnteil1;UZ Eching/Etterschlag;A96 Richtung Lindau;Richtungtrue
3028;65738;Querschnitt7371;AQ_96_140086_Lin;WZG_96_140086_Lin_A2;162;9619236;48.0777557202787;11.1168112568741;;140.086;;Betriebsstatus1;Streckenstation2135;SST_96_139925_Lin;4;Fahrbahnteil1;UZ Eching/Etterschlag;A96 Richtung Lindau;Richtungtrue
3029;66354;Querschnitt7374;MQ_96_145394_Mch;DET_96_145394_Mch_H2;2;9619361;48.0845061088149;11.1848523587457;;145.394;;Betriebsstatus1;Streckenstation2136;SST_96_145374_Mch;1;Fahrbahnteil1;UZ Eching/Etterschlag;A96 Richtung M.-Zentrum;Richtungfalse
3030;66270;Querschnitt7375;AQ_96_145404_Mch;WZG_96_145404_Mch_C1;73;9619361;48.0845127384967;11.1850707289226;;145.404;;Betriebsstatus1;Streckenstation2136;SST_96_145374_Mch;4;Fahrbahnteil1;UZ Eching/Etterschlag;A96 Richtung M.-Zentrum;Richtungfalse
3031;66001;Querschnitt7380;MQ_96_145860_Lin;DET_96_145860_Lin_H2;34;9619372;48.0846227555912;11.1913961044092;;145.86;;Betriebsstatus1;Streckenstation2137;SST_96_145830_Mch;1;Fahrbahnteil1;UZ Eching/Etterschlag;A96 Richtung M.-Zentrum;Richtungfalse
3032;66366;Querschnitt7381;MQ_96_145861_Mch;DET_96_145861_Mch_H2;2;9619372;48.0845319848168;11.1910389740463;;145.861;;Betriebsstatus1;Streckenstation2137;SST_96_145830_Mch;1;Fahrbahnteil1;UZ Eching/Etterschlag;A96 Richtung M.-Zentrum;Richtungfalse
3033;66359;Querschnitt7382;AQ_96_145860_Lin;WZG_96_145860_Lin_C1_BAG;113;9619372;48.0846263883314;11.1912056941059;;145.86;;Betriebsstatus1;Streckenstation2137;SST_96_145830_Mch;4;Fahrbahnteil1;UZ Eching/Etterschlag;A96 Richtung M.-Zentrum;Richtungfalse
3034;66088;Querschnitt7387;MQ_96_146011_Mch;DET_96_146011_Mch_H2;2;9619375;48.0845082561575;11.1930363931887;;146.011;;Betriebsstatus1;Streckenstation2138;SST_96_145985_Mch;1;Fahrbahnteil1;UZ Eching/Etterschlag;A96 Richtung M.-Zentrum;Richtungfalse
3035;66233;Querschnitt7391;MQ_96_146145_Lin;DET_96_146145_Lin_H2;34;9619378;48.0845851998309;11.1951900805646;;146.145;;Betriebsstatus1;Streckenstation2139;SST_96_146118_Mch;1;Fahrbahnteil1;UZ Eching/Etterschlag;A96 Richtung M.-Zentrum;Richtungfalse
3036;66194;Querschnitt7392;AQ_96_146145_Lin;WZG_96_146145_Lin_C1;105;9619378;48.0845833997037;11.1950312001177;;146.145;;Betriebsstatus1;Streckenstation2139;SST_96_146118_Mch;4;Fahrbahnteil1;UZ Eching/Etterschlag;A96 Richtung M.-Zentrum;Richtungfalse
3037;58953;Querschnitt298;MQB17_Mch_H;DETB17_Mch_H3;35;817280;47.8605156978613;11.8485648007708;298;35.25;;Betriebsstatus1;Streckenstation105;SSTB17;1;Fahrbahnteil1;UZ Holzkirchen;A8-Ost Richtung M.-Zentrum;Richtungtrue
3038;65976;Querschnitt7399;MQ_96_146600_Mch;DET_96_146600_Mch_H2;2;9619386;48.0846303205968;11.2010238085166;;146.6;;Betriebsstatus1;Streckenstation2140;SST_96_146447_Mch;1;Fahrbahnteil1;UZ Eching/Etterschlag;A96 Richtung M.-Zentrum;Richtungfalse
3039;66044;Querschnitt7401;AQ_96_146377_Mch;WZG_96_146377_Mch_A2;130;9619386;48.0844835680952;11.1981167432981;;146.377;;Betriebsstatus1;Streckenstation2140;SST_96_146447_Mch;4;Fahrbahnteil1;UZ Eching/Etterschlag;A96 Richtung M.-Zentrum;Richtungfalse
3040;66013;Querschnitt7405;MQ_96_147664_Lin;DET_96_147664_Lin_H2;34;9619414;48.0866087127716;11.2149332373351;;147.664;;Betriebsstatus1;Streckenstation2141;SST_96_147662_Lin;1;Fahrbahnteil1;UZ Eching/Etterschlag;A96 Richtung Lindau;Richtungtrue
3041;65893;Querschnitt7406;AQ_96_147630_Lin;WZG_96_147630_Lin_C1;105;9619414;48.0865955258585;11.2147381065629;;147.63;;Betriebsstatus1;Streckenstation2141;SST_96_147662_Lin;4;Fahrbahnteil1;UZ Eching/Etterschlag;A96 Richtung Lindau;Richtungtrue
3042;65739;Querschnitt7410;MQ_96_147374_Mch;DET_96_147374_Mch_H2;2;9619408;48.0860894779133;11.2112096543581;;147.374;;Betriebsstatus1;Streckenstation2142;SST_96_147403_Lin;1;Fahrbahnteil1;UZ Eching/Etterschlag;A96 Richtung Lindau;Richtungtrue
3043;65761;Querschnitt7411;MQ_96_147369_Lin;DET_96_147369_Lin_H2;34;9619408;48.0862115523447;11.2114069945674;;147.369;;Betriebsstatus1;Streckenstation2142;SST_96_147403_Lin;1;Fahrbahnteil1;UZ Eching/Etterschlag;A96 Richtung Lindau;Richtungtrue
3044;65844;Querschnitt7415;MQ_96_147221_Lin;DET_96_147221_Lin_H2;34;9619405;48.0859103560329;11.2094419762076;;147.221;;Betriebsstatus1;Streckenstation2143;SST_96_147250_Lin;1;Fahrbahnteil1;UZ Eching/Etterschlag;A96 Richtung Lindau;Richtungtrue
3045;66184;Querschnitt7419;MQ_96_147043_Mch;DET_96_147043_Mch_H2;2;9619401;48.085380333262;11.2068554367759;;147.043;;Betriebsstatus1;Streckenstation2144;SST_96_147080_Lin;1;Fahrbahnteil1;UZ Eching/Etterschlag;A96 Richtung Lindau;Richtungtrue
3046;66326;Querschnitt7425;MQ_96_146600_Lin;DET_96_146600_Lin_H2;34;9619387;48.0847142658298;11.2010971131245;;146.6;;Betriebsstatus1;Streckenstation2145;SST_96_146447_Lin;1;Fahrbahnteil1;UZ Eching/Etterschlag;A96 Richtung Lindau;Richtungtrue
3047;66341;Querschnitt7428;AQ_96_146821_Lin;WZG_96_146821_Lin_A2;162;9619387;48.0850541358454;11.2041028905828;;146.821;;Betriebsstatus1;Streckenstation2145;SST_96_146447_Lin;4;Fahrbahnteil1;UZ Eching/Etterschlag;A96 Richtung Lindau;Richtungtrue
3048;66213;Querschnitt7431;AQ_96_145638_Lin;WZG_96_145638_Lin_C1_BAG;118;9619368;48.0846510681344;11.1882165338922;;145.638;;Betriebsstatus1;Streckenstation2146;SST_96_145667_Lin;4;Fahrbahnteil1;UZ Eching/Etterschlag;A96 Richtung Lindau;Richtungtrue
3049;66041;Querschnitt7436;MQ_96_143281_Mch;DET_96_143281_Mch_H2;2;9619312;48.084768116914;11.1571208617439;;143.281;;Betriebsstatus1;Streckenstation2147;SST_96_143255_Mch;1;Fahrbahnteil1;UZ Eching/Etterschlag;A96 Richtung M.-Zentrum;Richtungfalse
3050;66335;Querschnitt7437;AQ_96_143281_Mch;WZG_96_143281_Mch_C1;73;9619312;48.084752288332;11.1572597545525;;143.281;;Betriebsstatus1;Streckenstation2147;SST_96_143255_Mch;4;Fahrbahnteil1;UZ Eching/Etterschlag;A96 Richtung M.-Zentrum;Richtungfalse
3051;66218;Querschnitt7448;AQ_96_143948_Mch;WZG_96_143948_Mch_C1_BAG;81;9619327;48.0828298231327;11.1657755945971;;143.948;;Betriebsstatus1;Streckenstation2149;SST_96_143911_Mch;4;Fahrbahnteil1;UZ Eching/Etterschlag;A96 Richtung M.-Zentrum;Richtungfalse
3052;66137;Querschnitt7442;AQ_96_143619_Mch;WZG_96_143619_Mch_C1_BAG;81;9619320;48.0837738437137;11.1615817304494;;143.619;;Betriebsstatus1;Streckenstation2148;SST_96_143610_Mch;4;Fahrbahnteil1;UZ Eching/Etterschlag;A96 Richtung M.-Zentrum;Richtungfalse
3053;66221;Querschnitt7446;MQ_96_143948_Mch;DET_96_143948_Mch_H2;2;9619327;48.0828526314096;11.1656090926142;;143.948;;Betriebsstatus1;Streckenstation2149;SST_96_143911_Mch;1;Fahrbahnteil1;UZ Eching/Etterschlag;A96 Richtung M.-Zentrum;Richtungfalse
3054;66323;Querschnitt7464;AQ_96_137000_Mch;WZG_96_137000_Mch_C1;133;9619167;48.0720775992219;11.0764565593266;;137.0;;Betriebsstatus1;Streckenstation2154;SST_96_136970_Mch;4;Fahrbahnteil1;UZ Eching/Etterschlag;A96 Richtung M.-Zentrum;Richtungfalse
3055;66201;Querschnitt7467;AQ_96_142470_Lin;WZG_96_142470_Lin_C1;165;9619294;48.0837244355235;11.1466634239054;;142.47;;Betriebsstatus1;Streckenstation2155;SST_96_142450_Lin;4;Fahrbahnteil1;UZ Eching/Etterschlag;A96 Richtung Lindau;Richtungtrue
3056;66122;Querschnitt7470;AQ_96_149480_Lin;WZG_96_149480_Lin_C1;165;9619457;48.0916210612321;11.2375659307455;;149.48;;Betriebsstatus1;Streckenstation2156;SST_96_149500_Lin;4;Fahrbahnteil1;UZ Eching/Etterschlag;A96 Richtung Lindau;Richtungtrue
3057;61239;Querschnitt35;WS_GMA_8_10270_Mch;WUD_8_10270_Mch_RS;75;805184;48.2303067438082;11.3533099123452;35;10.27;80000744;Betriebsstatus1;Streckenstation17;SST_8_9990_Stg;3;Fahrbahnteil1;UZ Aubing;A8-West Richtung M.-Zentrum;Richtungfalse
3058;66685;Querschnitt7489;MQ_96_168238_Mch;MQ_96_168238_Mch_2UFS;3;9609889;48.1237476660456;11.4676173432655;;168.238;;Betriebsstatus1;Streckenstation2161;SST_96_168208_Mch;1;Fahrbahnteil1;UZ Germering;A96 Richtung M.-Zentrum;Richtungfalse
3059;66677;Querschnitt7490;AQ_96_168238_Mch;AQ_96_168238_Mch_C2;74;9609889;48.1237375032357;11.4678877561311;;168.238;;Betriebsstatus1;Streckenstation2161;SST_96_168208_Mch;4;Fahrbahnteil1;UZ Germering;A96 Richtung M.-Zentrum;Richtungfalse
3060;66490;Querschnitt7495;MQ_96_168866_Mch;MQ_96_168866_Mch_SR_2UFS;3;9609904;48.1235542573534;11.4763276587715;;168.866;;Betriebsstatus1;Streckenstation2162;SST_96_168866_Mch;1;Fahrbahnteil1;UZ Germering;A96 Richtung M.-Zentrum;Richtungfalse
3061;66717;Querschnitt7496;MQ_96_168866_Mch_A;MQ_96_168866_Mch_SR_Abfahrt;65;9609904;48.1233657756304;11.4763207609485;;168.866;;Betriebsstatus1;Streckenstation2162;SST_96_168866_Mch;1;Fahrbahnteil4;UZ Germering;A96 Richtung M.-Zentrum;Richtungfalse
3062;66594;Querschnitt7500;MQ_96_169273_Mch_E;MQ_96_169273_Mch_SR_HFS;129;9609913;48.1233918104002;11.4818011746404;;169.273;;Betriebsstatus1;Streckenstation2163;SST_96_169258_Mch;1;Fahrbahnteil3;UZ Germering;A96 Richtung M.-Zentrum;Richtungfalse
3063;66682;Querschnitt7501;MQ_96_169273_Mch;MQ_96_169273_Mch_Radar_2UFS;3;9609913;48.1235888508603;11.4814790913672;;169.273;;Betriebsstatus1;Streckenstation2163;SST_96_169258_Mch;1;Fahrbahnteil1;UZ Germering;A96 Richtung M.-Zentrum;Richtungfalse
3064;66524;Querschnitt7510;MQ_96_169925_Mch;MQ_96_169925_Mch_Radar_2UFS;3;9609928;48.1238203522361;11.490320865843;;169.925;;Betriebsstatus1;Streckenstation2165;SST_96_169895_Mch;1;Fahrbahnteil1;UZ Germering;A96 Richtung M.-Zentrum;Richtungfalse
3065;66553;Querschnitt7511;AQ_96_169925_Mch;AQ_96_169925_Mch_C2;74;9609928;48.1238471007867;11.4905594688949;;169.925;;Betriebsstatus1;Streckenstation2165;SST_96_169895_Mch;4;Fahrbahnteil1;UZ Germering;A96 Richtung M.-Zentrum;Richtungfalse
3066;66547;Querschnitt7521;MQ_96_170635_Mch;MQ_96_170635_Mch_Radar_2UFS;3;9609944;48.1255690663727;11.4994133795781;;170.635;;Betriebsstatus1;Streckenstation2167;SST_96_170564_Mch;1;Fahrbahnteil1;UZ Germering;A96 Richtung M.-Zentrum;Richtungfalse
3067;66597;Querschnitt7522;MQ_96_170635_Mch_A;MQ_96_170635_Mch_Radar_1_UFS_Abfahrt;66;9609944;48.1254363161806;11.4994459458878;;170.635;;Betriebsstatus1;Streckenstation2167;SST_96_170564_Mch;1;Fahrbahnteil4;UZ Germering;A96 Richtung M.-Zentrum;Richtungfalse
3068;66477;Querschnitt7523;AQ_96_170635_Mch;AQ_96_170635_Mch_C2;74;9609944;48.1256032496224;11.4996761967789;;170.635;;Betriebsstatus1;Streckenstation2167;SST_96_170564_Mch;4;Fahrbahnteil1;UZ Germering;A96 Richtung M.-Zentrum;Richtungfalse
3069;66627;Querschnitt7528;MQ_96_171060_Mch;MQ_96_171060_Mch_Radar_2UFS;3;9609955;48.1256054576551;11.5050840161989;;171.06;;Betriebsstatus1;Streckenstation2168;SST_96_171045_Mch;1;Fahrbahnteil1;UZ Germering;A96 Richtung M.-Zentrum;Richtungfalse
3070;66460;Querschnitt7534;MQ_96_171210_Mch;MQ_96_171210_Mch_Radar_2UFS;3;9609958;48.1253613454942;11.5070659886372;;171.21;;Betriebsstatus1;Streckenstation2169;SST_96_171202_Mch;1;Fahrbahnteil1;UZ Germering;A96 Richtung M.-Zentrum;Richtungfalse
3071;66642;Querschnitt7535;MQ_96_171210_Mch_E;MQ_96_171210_Mch_Radar_Zufahrt;97;9609958;48.1251910173345;11.5070251853604;;171.21;;Betriebsstatus1;Streckenstation2169;SST_96_171202_Mch;1;Fahrbahnteil3;UZ Germering;A96 Richtung M.-Zentrum;Richtungfalse
3072;66516;Querschnitt7536;AQ_96_171210_Mch;AQ_96_171210_Mch_C3;75;9609958;48.1253265906477;11.5073287035745;;171.21;;Betriebsstatus1;Streckenstation2169;SST_96_171202_Mch;4;Fahrbahnteil1;UZ Germering;A96 Richtung M.-Zentrum;Richtungfalse
3073;66690;Querschnitt7551;MQ_96_171887_Mch_N;MQ_96_171887_Mch_SR_N_1UFS;2;9609974;48.12412921768;11.5162359801378;;171.887;;Betriebsstatus1;Streckenstation2172;SST_96_171887_Mch;1;Fahrbahnteil1;UZ Germering;A96 Richtung M.-Zentrum;Richtungfalse
3074;66664;Querschnitt7552;MQ_96_171887_Mch_S;MQ_96_171887_Mch_SR_S_1UFS;82;9609974;48.1239302835526;11.516176411865;;171.887;;Betriebsstatus1;Streckenstation2172;SST_96_171887_Mch;1;Fahrbahnteil1;UZ Germering;A96 Richtung M.-Zentrum;Richtungfalse
3075;66845;Querschnitt7560;MQ_B17_800_0350_Aug;DET_B17_800_0350_AUG_H1;81,1;1706359;48.34083288;10.88938581;;10.0;;Betriebsstatus1;Streckenstation2175;SSt_B17_800_0370_LBG;1;Fahrbahnteil1;UZ B17 Augsburg;B17 Richtung Landsberg;Richtungtrue
3076;66866;Querschnitt7561;MQ_B17_800_0350_Lbg;DET_B17_800_0350_LBG_H1;113,33;1706359;48.34078341;10.88905895;;10.0;;Betriebsstatus1;Streckenstation2175;SSt_B17_800_0370_LBG;1;Fahrbahnteil1;UZ B17 Augsburg;B17 Richtung Landsberg;Richtungtrue
3077;66932;Querschnitt7566;MQ_B17_780_0960_AUG;DET_B17_780_0960_AUG_H1;81,1;1706392;48.33433;10.88807;;10.37;;Betriebsstatus1;Streckenstation2176;SSt_B17_780_0840_LBG;1;Fahrbahnteil1;UZ B17 Augsburg;B17 Richtung Landsberg;Richtungtrue
3078;62965;Querschnitt49;WS_GMAQ25_Sbg_H;WUD_WFD_Q25_Sbg_H;82;807079;48.0218192707049;11.6599455565651;49;9.99;80000868;Betriebsstatus1;Streckenstation23;SSTQ25;3;Fahrbahnteil1;UZ Holzkirchen;A8-Ost Richtung Salzburg;Richtungfalse
3079;66969;Querschnitt7567;MQ_B17_780_0820_Lgb;DET_B17_780_0820_LBG_H1;113,33;1706392;48.33312089;10.88717806;;10.9;;Betriebsstatus1;Streckenstation2176;SSt_B17_780_0840_LBG;1;Fahrbahnteil1;UZ B17 Augsburg;B17 Richtung Landsberg;Richtungtrue
3080;55953;Querschnitt307;MQB14_Mch_H;DETB14_Mch_H3;35;817325;47.8292684050678;11.9008264391865;307;40.93;;Betriebsstatus1;Streckenstation108;SSTB14;1;Fahrbahnteil1;UZ Holzkirchen;A8-Ost Richtung M.-Zentrum;Richtungtrue
3081;66852;Querschnitt7571;MQ_B17_720_1220_AUG;DET_B17_720_1220_AUG_H2;2;1716657;48.26919;10.86751;;18.232;;Betriebsstatus1;Streckenstation2177;SSt_B17_720_1200_AUG;1;Fahrbahnteil1;UZ B17 Augsburg;B17 Richtung Augsburg;Richtungfalse
3082;66875;Querschnitt7576;MQ_B17_740_0470_Aug;DET_B17_740_0470_AUG_H2;2;1716579;48.28799897;10.87438084;;16.058;;Betriebsstatus1;Streckenstation2178;SSt_B17_740_0450_AUG;1;Fahrbahnteil1;UZ B17 Augsburg;B17 Richtung Augsburg;Richtungfalse
3083;60760;Querschnitt53;GMAQ27_Sbg_H;WUD_HK_Q27_Sbg_H;93;807085;48.0150753816634;11.6641042536752;53;10.8;;Betriebsstatus1;Streckenstation24;SSTQ27;3;Fahrbahnteil1;UZ Holzkirchen;A8-Ost Richtung Salzburg;Richtungfalse
3084;66971;Querschnitt7580;MQ_B17_740_2270_Aug;DET_B17_740_2270_AUG_H2;2;1716514;48.3036739;10.88126467;;14.251;;Betriebsstatus1;Streckenstation2179;SSt_B17_740_2250_AUG;1;Fahrbahnteil1;UZ B17 Augsburg;B17 Richtung Augsburg;Richtungfalse
3085;66891;Querschnitt7584;MQ_B17_760_0480_Aug;DET_B17_760_0480_AUG_H2;2;1716469;48.31437213;10.88576886;;13.017;;Betriebsstatus1;Streckenstation2180;SSt_B17_760_0460_AUG;1;Fahrbahnteil1;UZ B17 Augsburg;B17 Richtung Augsburg;Richtungfalse
3086;66960;Querschnitt7588;MQ_B17_780_0520_Aug;DET_B17_780_0520_AUG_H1;81,1;1716404;48.33047741;10.88695489;;11.2;;Betriebsstatus1;Streckenstation2181;SSt_B17_780_0500_AUG;1;Fahrbahnteil1;UZ B17 Augsburg;B17 Richtung Augsburg;Richtungfalse
3087;66962;Querschnitt7589;MQ_B17_780_0390_LBG;DET_B17_780_0390_LBG_H1;113,33;1716404;48.33012;10.88654;;11.33;;Betriebsstatus1;Streckenstation2181;SSt_B17_780_0500_AUG;1;Fahrbahnteil1;UZ B17 Augsburg;B17 Richtung Augsburg;Richtungfalse
3088;57684;Querschnitt304;MQB15_Mch_H;DETB15_Mch_H3;35;817310;47.8351091956228;11.8793948638682;304;39.0;81369019;Betriebsstatus1;Streckenstation107;SSTB15;1;Fahrbahnteil1;UZ Holzkirchen;A8-Ost Richtung M.-Zentrum;Richtungtrue
3089;56398;Querschnitt65;WS_GMAQ31_Sbg_H;WUD_HK_Q31_Sbg_H;93;807107;47.9931070670729;11.6790967704314;65;13.47;;Betriebsstatus1;Streckenstation26;SSTQ31;3;Fahrbahnteil1;UZ Holzkirchen;A8-Ost Richtung Salzburg;Richtungfalse
3090;60701;Querschnitt34;MQ_8_9963_Stg;DET_8_9963_Stg_H3;35;805184;48.2287033374591;11.3565885880068;34;9.963;;Betriebsstatus1;Streckenstation17;SST_8_9990_Stg;1;Fahrbahnteil1;UZ Aubing;A8-West Richtung Stuttgart;Richtungtrue
3091;57791;Querschnitt312;MQB13_Mch_H;DETB13_Mch_H3;35;817335;47.8277156654122;11.9166595388958;312;42.2;;Betriebsstatus1;Streckenstation110;SSTB13;1;Fahrbahnteil1;UZ Holzkirchen;A8-Ost Richtung M.-Zentrum;Richtungtrue
3092;54662;Querschnitt74;WS_GMAQ37_Sbg_H;WUD_HK_Q37_Sbg_H;93;807160;47.9360570852195;11.7045314065332;74;20.12;80000857;Betriebsstatus1;Streckenstation29;SSTQ37;3;Fahrbahnteil1;UZ Holzkirchen;A8-Ost Richtung Salzburg;Richtungfalse
3093;52430;Querschnitt77;GMAQ39_Sbg_H;WUD_HK_Q39_Sbg_H;93;807174;47.9206526675565;11.7123876856696;77;21.95;;Betriebsstatus1;Streckenstation30;SSTQ39;3;Fahrbahnteil1;UZ Holzkirchen;A8-Ost Richtung Salzburg;Richtungfalse
3094;62799;Querschnitt83;NMGQ45_Sbg_H;WUD_SW_Q45_Sbg_H;1;807190;47.9038364387352;11.719034606454;83;23.895;;Betriebsstatus1;Streckenstation33;SSTQ45;3;Fahrbahnteil1;UZ Holzkirchen;A8-Ost Richtung Salzburg;Richtungfalse
3095;54306;Querschnitt86;NMGQ47_Sbg_H;WUD_SW_Q47_Sbg_H;1;807203;47.8910080881304;11.7312164059127;86;25.62;;Betriebsstatus1;Streckenstation34;SSTQ47;3;Fahrbahnteil1;UZ Holzkirchen;A8-Ost Richtung Salzburg;Richtungfalse
3096;54827;Querschnitt315;MQB12_Mch_H;DETB12_Mch_H3;35;817350;47.8238727120042;11.9377980820236;315;44.037;;Betriebsstatus1;Streckenstation111;SSTB12;1;Fahrbahnteil1;UZ Holzkirchen;A8-Ost Richtung M.-Zentrum;Richtungtrue
3097;55360;Querschnitt91;GMAQ51_Sbg_H;WUD_HK_Q51_Sbg_H;93;807223;47.8795085071452;11.7596317280407;91;28.1;;Betriebsstatus1;Streckenstation36;SSTQ51;3;Fahrbahnteil1;UZ Holzkirchen;A8-Ost Richtung Salzburg;Richtungfalse
3098;61383;Querschnitt92;NMGQ53_Sbg_H;WUD_SW_Q53_Sbg_H;1;807237;47.8715717983239;11.7790737866609;92;29.8;;Betriebsstatus1;Streckenstation37;SSTQ53;3;Fahrbahnteil1;UZ Holzkirchen;A8-Ost Richtung Salzburg;Richtungfalse
3099;61606;Querschnitt94;WS_GMAQ55_Sbg_H;WUD_WFD_Q55_Sbg_H;82;807243;47.8686540224842;11.7865996561166;94;30.45;80000855;Betriebsstatus1;Streckenstation38;SSTQ55;3;Fahrbahnteil1;UZ Holzkirchen;A8-Ost Richtung Salzburg;Richtungfalse
3100;62274;Querschnitt319;MQB11_Mch_H;DETB11_Mch_H3;35;817359;47.826983380439;11.951398472354;319;45.2;;Betriebsstatus1;Streckenstation112;SSTB11;1;Fahrbahnteil1;UZ Holzkirchen;A8-Ost Richtung M.-Zentrum;Richtungtrue
3101;57380;Querschnitt96;NMGQ57_Sbg_H;WUD_SW_Q57_Sbg_H;1;807250;47.8647010252239;11.7998680090656;96;31.52;;Betriebsstatus1;Streckenstation39;SSTQ57;3;Fahrbahnteil1;UZ Holzkirchen;A8-Ost Richtung Salzburg;Richtungfalse
3102;61702;Querschnitt98;NMGQ59_Sbg_H;WUD_SW_Q59_Sbg_H;1;807262;47.8654648309716;11.8193890332699;98;33.0;;Betriebsstatus1;Streckenstation40;SSTQ59;3;Fahrbahnteil1;UZ Holzkirchen;A8-Ost Richtung Salzburg;Richtungfalse
3103;58400;Querschnitt36;MQ_8_AS78_120_SZ;DET_8_AS78_120_SZ_E1;161;805201;48.23470958468;11.3470877726262;36;10.88;;Betriebsstatus1;Streckenstation18;SST_8_10880_Stg;1;Fahrbahnteil3;UZ Aubing;A8-West Richtung Stuttgart;Richtungtrue
3104;58338;Querschnitt100;GMAQ61_Sbg_H;WUD_HK_Q61_Sbg_H;93;807265;47.8648910000543;11.8250479507502;100;33.43;;Betriebsstatus1;Streckenstation41;SSTQ61;3;Fahrbahnteil1;UZ Holzkirchen;A8-Ost Richtung Salzburg;Richtungfalse
3105;56575;Querschnitt320;MQB10_Mch_H;DETB10_Mch_H3;35;817374;47.8218277668519;11.9760646925479;320;47.15;;Betriebsstatus1;Streckenstation113;SSTB10;1;Fahrbahnteil1;UZ Holzkirchen;A8-Ost Richtung M.-Zentrum;Richtungtrue
3106;52346;Querschnitt324;MQQ93_Mch_E;DETQ93_Mch_E1;161;817397;47.8210476679239;12.0127890923786;324;49.953;;Betriebsstatus1;Streckenstation114;SSTQ93;1;Fahrbahnteil3;UZ Holzkirchen;A8-Ost Richtung M.-Zentrum;Richtungtrue
3107;62824;Querschnitt115;GMAQ73_Sbg_H;WUD_HK_Q73_Sbg_H;93;807316;47.8299559231341;11.8883681436654;115;39.9;;Betriebsstatus1;Streckenstation47;SSTQ73;3;Fahrbahnteil1;UZ Holzkirchen;A8-Ost Richtung Salzburg;Richtungfalse
3108;62309;Querschnitt325;MQQ93_Mch_H;DETQ93_Mch_H3;35;817397;47.8205813930429;12.0132388360731;325;49.953;81389020;Betriebsstatus1;Streckenstation114;SSTQ93;1;Fahrbahnteil1;UZ Holzkirchen;A8-Ost Richtung M.-Zentrum;Richtungtrue
3109;60032;Querschnitt326;MQQ93_Sbg_A;DETQ93_Sbg_A1;65;817397;47.8202103505141;12.0129229510834;326;49.953;;Betriebsstatus1;Streckenstation114;SSTQ93;1;Fahrbahnteil4;UZ Holzkirchen;A8-Ost Richtung Salzburg;Richtungfalse
3110;61628;Querschnitt119;GMAQ77_Sbg_H;WUD_HK_Q77_Sbg_H;93;807331;47.8300093071355;11.9109288360698;119;41.7;;Betriebsstatus1;Streckenstation49;SSTQ77;3;Fahrbahnteil1;UZ Holzkirchen;A8-Ost Richtung Salzburg;Richtungfalse
3111;54613;Querschnitt126;NMGQ83_Sbg_H;WUD_SW_Q83_Sbg_H;1;807351;47.8251894322455;11.9404116143683;126;44.3;;Betriebsstatus1;Streckenstation52;SSTQ83;3;Fahrbahnteil1;UZ Holzkirchen;A8-Ost Richtung Salzburg;Richtungfalse
3112;58347;Querschnitt327;MQQ93_Sbg_E;DETQ93_Sbg_E1;129;817397;47.8201828279738;12.0134203586597;327;49.953;;Betriebsstatus1;Streckenstation114;SSTQ93;1;Fahrbahnteil3;UZ Holzkirchen;A8-Ost Richtung Salzburg;Richtungfalse
3113;53979;Querschnitt130;NMGQ87_Sbg_H;WUD_SW_Q87_Sbg_H;1;807366;47.8237800356634;11.9637949834682;130;46.2;;Betriebsstatus1;Streckenstation54;SSTQ87;3;Fahrbahnteil1;UZ Holzkirchen;A8-Ost Richtung Salzburg;Richtungfalse
3114;55411;Querschnitt328;MQQ93_Sbg_H;DETQ93_Sbg_H3;3;817397;47.8203996812582;12.0132129285108;328;49.953;81389020;Betriebsstatus1;Streckenstation114;SSTQ93;1;Fahrbahnteil1;UZ Holzkirchen;A8-Ost Richtung Salzburg;Richtungfalse
3115;61432;Querschnitt134;NMGQ91_Sbg_H;WUD_SW_Q91_Sbg_H;1;807384;47.8216422399402;11.9925081867186;134;48.4;;Betriebsstatus1;Streckenstation56;SSTQ91;3;Fahrbahnteil1;UZ Holzkirchen;A8-Ost Richtung Salzburg;Richtungfalse
3116;50796;Querschnitt275;GMAB25_Mch_H;WUD_HK_B25_Mch_H;3;817160;47.9365979765858;11.7047880433477;275;20.09;;Betriebsstatus1;Streckenstation97;SSTB25;3;Fahrbahnteil1;UZ Holzkirchen;A8-Ost Richtung M.-Zentrum;Richtungtrue
3117;60158;Querschnitt253;GMAB30_Mch_APT;WUD_HK_B30_Mch_APT;3;817080;48.0219609476094;11.6618981436306;253;10.01;;Betriebsstatus1;Streckenstation91;SSTB30;3;Fahrbahnteil1;UZ Holzkirchen;A8-Ost Richtung M.-Zentrum;Richtungtrue
3118;58870;Querschnitt257;GMAB29a_Mch_H;WUD_HK_B29a_Mch_H;3;817089;48.0119482285619;11.6669604561078;257;11.2;;Betriebsstatus1;Streckenstation92;SSTB29a;3;Fahrbahnteil1;UZ Holzkirchen;A8-Ost Richtung M.-Zentrum;Richtungtrue
3119;60961;Querschnitt263;GMAB29_Mch_H;WUD_HK_B29_Mch_H;3;817099;48.0013425331836;11.6741581512487;263;12.5;;Betriebsstatus1;Streckenstation93;SSTB29;3;Fahrbahnteil1;UZ Holzkirchen;A8-Ost Richtung M.-Zentrum;Richtungtrue
3120;53042;Querschnitt266;GMAB28_Mch_H;WUD_HK_B28_Mch_H;3;817116;47.9834858706462;11.683169859959;266;14.6;;Betriebsstatus1;Streckenstation94;SSTB28;3;Fahrbahnteil1;UZ Holzkirchen;A8-Ost Richtung M.-Zentrum;Richtungtrue
3121;51963;Querschnitt267;GMAB27_Mch_H;WUD_HK_B27_Mch_H;3;817132;47.9658091189751;11.6881592907109;267;16.6;;Betriebsstatus1;Streckenstation95;SSTB27;3;Fahrbahnteil1;UZ Holzkirchen;A8-Ost Richtung M.-Zentrum;Richtungtrue
3122;62187;Querschnitt270;GMAB26_Mch_H;WUD_HK_B26_Mch_H;3;817149;47.9474419051962;11.6977586422727;270;18.775;;Betriebsstatus1;Streckenstation96;SSTB26;3;Fahrbahnteil1;UZ Holzkirchen;A8-Ost Richtung M.-Zentrum;Richtungtrue
3123;53175;Querschnitt278;WS_GMAB24_Mch_H;WUD_HK_B24_Mch_H;93;817174;47.9211098463719;11.7127648340075;278;21.91;;Betriebsstatus1;Streckenstation98;SSTB24;3;Fahrbahnteil1;UZ Holzkirchen;A8-Ost Richtung M.-Zentrum;Richtungtrue
3124;55465;Querschnitt281;GMAB23_Mch_H;WUD_HK_B23_Mch_H;3;817191;47.9030822563415;11.7199605977148;281;23.99;;Betriebsstatus1;Streckenstation99;SSTB23;3;Fahrbahnteil1;UZ Holzkirchen;A8-Ost Richtung M.-Zentrum;Richtungtrue
3125;57258;Querschnitt284;GMAB22_Mch_H;WUD_HK_B22_Mch_H;3;817204;47.8910987479445;11.7320065147567;284;25.66;;Betriebsstatus1;Streckenstation100;SSTB22;3;Fahrbahnteil1;UZ Holzkirchen;A8-Ost Richtung M.-Zentrum;Richtungtrue
3126;51213;Querschnitt287;GMAB21_Mch_H;WUD_HK_B21_Mch_H;3;817217;47.8836966240967;11.7505118149823;287;27.27;;Betriebsstatus1;Streckenstation101;SSTB21;3;Fahrbahnteil1;UZ Holzkirchen;A8-Ost Richtung M.-Zentrum;Richtungtrue
3127;59848;Querschnitt290;GMAB20_Mch_H;WUD_HK_B20_Mch_H;3;817228;47.8772907890088;11.7663129528798;290;28.65;;Betriebsstatus1;Streckenstation102;SSTB20;3;Fahrbahnteil1;UZ Holzkirchen;A8-Ost Richtung M.-Zentrum;Richtungtrue
3128;59901;Querschnitt293;GMAB19_Mch_H;WUD_HK_B19_Mch_H;3;817245;47.8673725160304;11.790670204912;293;30.79;;Betriebsstatus1;Streckenstation103;SSTB19;3;Fahrbahnteil1;UZ Holzkirchen;A8-Ost Richtung M.-Zentrum;Richtungtrue
3129;54070;Querschnitt296;GMAB18_Mch_H;WUD_HK_B18_Mch_H;3;817265;47.8653588759982;11.8243712565904;296;33.37;;Betriebsstatus1;Streckenstation104;SSTB18;3;Fahrbahnteil1;UZ Holzkirchen;A8-Ost Richtung M.-Zentrum;Richtungtrue
3130;56293;Querschnitt297;GMAB17_Mch_H;WUD_HK_B17_Mch_H;3;817280;47.8606717961881;11.8484521462488;297;35.25;;Betriebsstatus1;Streckenstation105;SSTB17;3;Fahrbahnteil1;UZ Holzkirchen;A8-Ost Richtung M.-Zentrum;Richtungtrue
3131;52672;Querschnitt302;NMGB16_Mch_H;WUD_SW_B16_Mch_H;1;817297;47.8465652976555;11.8672085320853;302;37.4;;Betriebsstatus1;Streckenstation106;SSTB16;3;Fahrbahnteil1;UZ Holzkirchen;A8-Ost Richtung Salzburg;Richtungfalse
3132;61104;Querschnitt305;GMAB15_Mch_H;WUD_HK_B15_Mch_H;3;817310;47.8352599566603;11.8793132087727;305;39.0;;Betriebsstatus1;Streckenstation107;SSTB15;3;Fahrbahnteil1;UZ Holzkirchen;A8-Ost Richtung M.-Zentrum;Richtungtrue
3133;51646;Querschnitt308;GMAB14_Mch_H;WUD_HK_B14_Mch_H;3;817325;47.8292653160283;11.9005550675918;308;40.9;;Betriebsstatus1;Streckenstation108;SSTB14;3;Fahrbahnteil1;UZ Holzkirchen;A8-Ost Richtung M.-Zentrum;Richtungtrue
3134;58919;Querschnitt310;WS_GMAB13a_Mch_E;WUD_HK_B13a_Mch_E;93;817329;47.8307669279211;11.9071829445418;310;41.4;;Betriebsstatus1;Streckenstation109;SSTB13a;3;Fahrbahnteil3;UZ Holzkirchen;A8-Ost Richtung M.-Zentrum;Richtungtrue
3135;56186;Querschnitt311;GMAB13_Mch_H;WUD_HK_B13_Mch_H;3;817335;47.8278322040296;11.9165898605993;311;42.2;;Betriebsstatus1;Streckenstation110;SSTB13;3;Fahrbahnteil1;UZ Holzkirchen;A8-Ost Richtung M.-Zentrum;Richtungtrue
3136;54619;Querschnitt316;GMAB12_Mch_H;WUD_HK_B12_Mch_H;3;817350;47.8238597409875;11.9375774012122;316;44.037;;Betriebsstatus1;Streckenstation111;SSTB12;3;Fahrbahnteil1;UZ Holzkirchen;A8-Ost Richtung M.-Zentrum;Richtungtrue
3137;59497;Querschnitt317;GMAB11_Mch_H;WUD_HK_B11_Mch_H;3;817359;47.8270969456264;11.9511543285811;317;45.17;;Betriebsstatus1;Streckenstation112;SSTB11;3;Fahrbahnteil1;UZ Holzkirchen;A8-Ost Richtung M.-Zentrum;Richtungtrue
3138;63245;Querschnitt321;GMAB10_Mch_H;WUD_HK_B10_Mch_H;3;817374;47.8219587454735;11.9759602971833;321;47.15;;Betriebsstatus1;Streckenstation113;SSTB10;3;Fahrbahnteil1;UZ Holzkirchen;A8-Ost Richtung M.-Zentrum;Richtungtrue
3139;55791;Querschnitt38;MQ_8_10880_Stg;DET_8_10880_Stg_H3;35;805201;48.2343182902106;11.3470567467899;38;10.88;;Betriebsstatus1;Streckenstation18;SST_8_10880_Stg;1;Fahrbahnteil1;UZ Aubing;A8-West Richtung Stuttgart;Richtungtrue
3140;50688;Querschnitt710;WS_GMAFORST_Mch_H;WUD_TT3_FORST_Mch_H;42;9416480;48.1836208955109;11.9184325189095;710;21.1;80000766;Betriebsstatus1;Streckenstation271;SSTFORST;3;Fahrbahnteil1;UZ Holzkirchen;A94 Richtung M.-Zentrum;Richtungtrue
3141;58082;Querschnitt741;GMA_HK_99_9140_Sbg;WUD_99_9140_Sbg_HK;3;9906676;48.2018329826941;11.4387926312102;741;9.14;;Betriebsstatus1;Streckenstation287;SST_99_9130_Sbg;3;Fahrbahnteil1;UZ Aubing;A99 Richtung Salzburg;Richtungfalse
3142;59569;Querschnitt744;GMA_HK_99_9800_Sbg;WUD_99_9800_Sbg_HK;3;9906724;48.2042272594945;11.4463755571988;744;9.8;;Betriebsstatus1;Streckenstation288;SST_99_9770_Sbg;3;Fahrbahnteil1;UZ Aubing;A99 Richtung Salzburg;Richtungfalse
3143;52751;Querschnitt762;GMA_HK_99_11515_Sbg;WUD_99_11515_Sbg_HK;3;9906851;48.2094408264114;11.4672152879421;762;11.515;;Betriebsstatus1;Streckenstation294;SST_99_11484_Sbg;3;Fahrbahnteil1;UZ Aubing;A99 Richtung Salzburg;Richtungfalse
3144;56480;Querschnitt764;WS_GMABRUN2_Sbg_H;WUD_TT1_BRUN2_Sbg_H;41;9906999;48.0260755236047;11.6516612574226;764;54.36;80000864;Betriebsstatus1;Streckenstation295;SSTBRUN2;3;Fahrbahnteil1;UZ Holzkirchen;A99 Richtung Lindau;Richtungtrue
3145;53698;Querschnitt40;MQ_8_11270_Stg;DET_8_11270_Stg_H3;35;805208;48.2364801336425;11.3432451017594;40;11.27;;Betriebsstatus1;Streckenstation19;SST_8_11270_Stg;1;Fahrbahnteil1;UZ Aubing;A8-West Richtung Stuttgart;Richtungtrue
3146;54772;Querschnitt860;GMA_HK_99a_100750_Stg;WUD_99a_100750_Stg_HK;3;9909616;48.2067619919941;11.3958298855034;860;100.75;;Betriebsstatus1;Streckenstation328;SST_99a_100770_Stg;3;Fahrbahnteil1;UZ Aubing;A99a Richtung Stuttgart;Richtungtrue
3147;62829;Querschnitt863;GMA_HK_99a_101408_Stg;WUD_99a_101408_Stg_HK;3;9909639;48.2060694656594;11.4046186268223;863;101.408;;Betriebsstatus1;Streckenstation329;SST_99a_101445_Stg;3;Fahrbahnteil1;UZ Aubing;A99a Richtung Stuttgart;Richtungtrue
3148;63438;Querschnitt471_421_2;MQ_B471_420_130_Obs;DET_B471_420_130_Obs_H1;1;10471036;48.2527329;11.51945999;6913;420.13;;Betriebsstatus1;Steckenstation471_421;SST_B471_420_130_Ffb;1;Fahrbahnteil1;UZ Aubing;B471 Richtung Ost;Richtungtrue
3149;54864;Querschnitt869;WS_GMA_99a_102685_Stg;WUD_99a_102685_Stg_RS;74;9909681;48.2051087644241;11.4217366737081;869;102.685;;Betriebsstatus1;Streckenstation330;SST_99a_102707_Stg;3;Fahrbahnteil1;UZ Aubing;A99a Richtung Stuttgart;Richtungtrue
3150;51549;Querschnitt872;GMA_HK_99a_104300_Stg;WUD_99a_104300_Stg_HK;4;9916711;48.2044438912119;11.4434698218971;872;104.3;;Betriebsstatus1;Streckenstation337;SST_99_9600_Lin;3;Fahrbahnteil1;UZ Aubing;A99a Richtung Stuttgart;Richtungtrue
3151;53342;Querschnitt885;GMA_HK_99_9600_Lin;WUD_99_9600_Lin_HK;3;9916711;48.2042565957749;11.4435760215858;885;9.6;;Betriebsstatus1;Streckenstation337;SST_99_9600_Lin;3;Fahrbahnteil1;UZ Aubing;A99 Richtung Lindau;Richtungtrue
3152;63275;Querschnitt886;GMA_HK_99_10170_Lin;WUD_99_10170_Lin_HK;4;9916754;48.2045143686946;11.4511748635683;886;10.17;;Betriebsstatus1;Streckenstation338;SST_99_10180_Stg;3;Fahrbahnteil1;UZ Aubing;A99 Richtung Lindau;Richtungtrue
3153;59427;Querschnitt900;GMA_HK_99_11440_Stg;WUD_99_11440_Stg_HK;62;9916860;48.2093994439083;11.466138976411;900;11.44;;Betriebsstatus1;Streckenstation343;SST_99_11610_Stg;3;Fahrbahnteil1;UZ Aubing;A99 Richtung Lindau;Richtungtrue
3154;51228;Querschnitt905;GMA_HK_Q7_Sbg_H;WUD_HK_Q7_Sbg_H;93;9916891;48.0588357364854;11.7000284319572;905;48.67;;Betriebsstatus1;Streckenstation344;SSTQ7;3;Fahrbahnteil1;UZ Aschheim;A99 Richtung Salzburg;Richtungfalse
3155;63165;Querschnitt911;GMA_HK_99_12270_Stg;WUD_99_12270_Stg_HK;3;9916909;48.2099473339727;11.4770911771175;911;12.27;;Betriebsstatus1;Streckenstation346;SST_99_12270_Stg;3;Fahrbahnteil1;UZ Aubing;A99 Richtung Lindau;Richtungtrue
3156;61671;Querschnitt914;GMA_HK_Q9_Sbg_H;WUD_HK_Q9_Sbg_H;93;9916946;48.0403985092785;11.680436631422;914;51.2;;Betriebsstatus1;Streckenstation347;SSTQ9;3;Fahrbahnteil1;UZ Aschheim;A99 Richtung Salzburg;Richtungfalse
3157;55912;Querschnitt915;WS_GMA_99_12770_Sbg;WUD_99_12770_Sbg_RS;75;9916958;48.2089968039175;11.483847066801;915;12.77;80000742;Betriebsstatus1;Streckenstation348;SST_99_12930_Stg;3;Fahrbahnteil1;UZ Aubing;A99 Richtung Lindau;Richtungtrue
3158;59672;Querschnitt921;GMAQ11_Sbg_A;WUD_HK_Q11_Sbg_A;93;9916980;48.0309479473421;11.6655792532256;921;52.77;;Betriebsstatus1;Streckenstation349;SSTQ11;3;Fahrbahnteil4;UZ Holzkirchen;A99 Richtung Salzburg;Richtungfalse
3159;61640;Querschnitt922;GMA_HK_99_14110_Stg;WUD_99_14110_Stg_HK;3;9917047;48.2134684318933;11.4999773563134;922;14.11;;Betriebsstatus1;Streckenstation350;SST_99_14140_Stg;3;Fahrbahnteil1;UZ Aubing;A99 Richtung Lindau;Richtungtrue
3160;59369;Querschnitt993;GMA_HK_99a_103808_Mch;WUD_99a_103808_Mch_HK;3;9919717;48.2039617235792;11.4368104188228;993;103.808;;Betriebsstatus1;Streckenstation382;SST_99a_103777_Mch;3;Fahrbahnteil1;UZ Aubing;A99a Richtung Salzburg;Richtungfalse
3161;63473;Querschnitt471_421_1;MQ_B471_420_130_Ffb;DET_B471_420_130_Ffb_H1;33;10471036;48.25224476;11.51953641;6912;420.13;;Betriebsstatus1;Steckenstation471_421;SST_B471_420_130_Ffb;1;Fahrbahnteil1;UZ Aubing;B471 Richtung West;Richtungfalse
3162;51502;Querschnitt996;WS_GMA_99a_104225_Mch;WUD_99a_104225_Mch_RS;74;9919740;48.2038193991554;11.4420138462981;996;104.225;80000749;Betriebsstatus1;Streckenstation383;SST_99a_104491_Mch;3;Fahrbahnteil1;UZ Aubing;A99a Richtung Salzburg;Richtungfalse
3163;51753;Querschnitt999;GMA_HK_99520_Stg_H;WUD_HK_99520_Stg_H;1;9919879;48.0327411732954;11.6707520573484;999;52.33;;Betriebsstatus1;Streckenstation384;SST99520;3;Fahrbahnteil1;UZ Aschheim;A99 Richtung Lindau;Richtungtrue
3164;61622;Querschnitt1004;GMA_HK_99510_Stg_H;WUD_HK_99510_Stg_H;1;9919926;48.0293325178043;11.6633765972759;1004;52.97;;Betriebsstatus1;Streckenstation386;SST99510;3;Fahrbahnteil1;UZ Aschheim;A99 Richtung Lindau;Richtungtrue
3165;55697;Querschnitt1008;WS_GMA99500_Stg_H;WUD_NS_99500_Stg_H;3;9919993;48.0261834856987;11.6492070264562;1008;53.88;99000001;Betriebsstatus1;Streckenstation387;SST99500;3;Fahrbahnteil1;UZ Aschheim;A99 Richtung Lindau;Richtungtrue
3166;51898;Querschnitt1010;GMAQ23_Sbg_E;WUD_HK_Q23_Sbg_E;93;10916926;48.0269595081488;11.6469256459718;1010;10.19;;Betriebsstatus1;Streckenstation388;SSTQ23;3;Fahrbahnteil3;UZ Holzkirchen;A8-Ost Richtung Salzburg;Richtungfalse
3167;59524;Querschnitt11;MQ_8_1000_Mch;DET_8_1000_Mch_H2;2;805018;48.1733600368435;11.4443078242853;11;1.0;78349140;Betriebsstatus1;Streckenstation10;SST_8_1000_Mch;1;Fahrbahnteil1;UZ Aubing;A8-West Richtung M.-Zentrum;Richtungfalse
3168;56478;Querschnitt43;MQ_8_11700_Mch;DET_8_11700_Mch_H3;3;805216;48.2386583539241;11.3387165693713;43;11.7;77349003;Betriebsstatus1;Streckenstation20;SST_8_11700_Stg;1;Fahrbahnteil1;UZ Aubing;A8-West Richtung M.-Zentrum;Richtungfalse
3169;63447;Querschnitt471_420_1;MQ_B471_420_000_Obs;DET_B471_420_000_Obs_H1;1;10471035;48.22935889;11.42811001;6909;420.0;;Betriebsstatus1;Steckenstation471_420;SST_B471_420_000_Ffb;1;Fahrbahnteil1;UZ Aubing;B471 Richtung Ost;Richtungtrue
3170;63443;Querschnitt471_420_2;MQ_B471_420_000_Ffb;DET_B471_420_000_Ffb_H1;33;10471035;48.22990627;11.4286881;6910;420.0;;Betriebsstatus1;Steckenstation471_420;SST_B471_420_000_Ffb;1;Fahrbahnteil1;UZ Aubing;B471 Richtung West;Richtungfalse
3171;63432;Querschnitt471_422_1;MQ_B471_420_125_Ffb;DET_B471_420_125_Ffb_H1;33;10471038;48.24762985;11.47832531;6915;420.125;;Betriebsstatus1;Steckenstation471_422;SST_B471_420_125_Ffb;1;Fahrbahnteil1;UZ Aubing;B471 Richtung West;Richtungfalse
3172;63449;Querschnitt471_422_2;MQ_B471_420_125_Obs;DET_B471_420_125_Obs_H1;1;10471038;48.24690889;11.47631001;6916;420.125;;Betriebsstatus1;Steckenstation471_422;SST_B471_420_125_Ffb;1;Fahrbahnteil1;UZ Aubing;B471 Richtung Ost;Richtungtrue
3173;52127;Querschnitt54;MQQ27_Sbg_H;DETQ27_Sbg_H3;3;807085;48.0152386050932;11.6642182540314;54;10.773;;Betriebsstatus1;Streckenstation24;SSTQ27;1;Fahrbahnteil1;UZ Holzkirchen;A8-Ost Richtung Salzburg;Richtungfalse
3174;57804;Querschnitt58;MQQ29_Sbg_H;DETQ29_Sbg_H4;4;807093;48.0073681025389;11.6695613464307;58;11.72;;Betriebsstatus1;Streckenstation25;SSTQ29;1;Fahrbahnteil1;UZ Holzkirchen;A8-Ost Richtung Salzburg;Richtungfalse
3175;54212;Querschnitt62;MQQ31_Sbg_H;DETQ31_Sbg_H4;4;807107;47.9931624466738;11.6792332618042;62;13.467;80369016;Betriebsstatus1;Streckenstation26;SSTQ31;1;Fahrbahnteil1;UZ Holzkirchen;A8-Ost Richtung Salzburg;Richtungfalse
3176;55312;Querschnitt743;MQ_99_9763_Sbg;DET_99_9763_Sbg_H2;34;9906724;48.2042926529287;11.4460629292061;743;9.763;;Betriebsstatus1;Streckenstation288;SST_99_9770_Sbg;1;Fahrbahnteil1;UZ Aubing;A99 Richtung Salzburg;Richtungfalse
3177;62754;Querschnitt745;MQ_99_10220_Sbg;DET_99_10220_Sbg_H4;36;9906757;48.2044164493664;11.4515070543923;745;10.22;;Betriebsstatus1;Streckenstation289;SST_99_10220_Sbg;1;Fahrbahnteil1;UZ Aubing;A99 Richtung Salzburg;Richtungfalse
3178;53726;Querschnitt761;MQ_99_11515_Sbg;DET_99_11515_Sbg_H3;35;9906851;48.2094667271545;11.4669931306452;761;11.515;77349005;Betriebsstatus1;Streckenstation294;SST_99_11484_Sbg;1;Fahrbahnteil1;UZ Aubing;A99 Richtung Salzburg;Richtungfalse
3179;52951;Querschnitt15;MQ_8_3020_Mch;DET_8_3020_Mch_H2;2;805056;48.1861396273648;11.4250189361481;15;3.02;78349141;Betriebsstatus1;Streckenstation11;SST_8_3020_Stg;1;Fahrbahnteil1;UZ Aubing;A8-West Richtung M.-Zentrum;Richtungfalse
3180;61860;Querschnitt889;MQ_99_10170_Lin;DET_99_10170_Lin_H2;4;9916754;48.2045595927572;11.4514022819239;889;10.17;;Betriebsstatus1;Streckenstation338;SST_99_10180_Stg;1;Fahrbahnteil1;UZ Aubing;A99 Richtung Lindau;Richtungtrue
3181;52220;Querschnitt17;MQ_8_AS80_300_NX;DET_8_AS80_300_NX_A1;161;805085;48.1962716837118;11.4103177255357;17;4.6;;Betriebsstatus1;Streckenstation12;SST_8_4600_Stg;1;Fahrbahnteil4;UZ Aubing;A8-West Richtung Stuttgart;Richtungtrue
3182;62307;Querschnitt862;MQ_99a_100750_Stg;DET_99a_100750_Stg_H2;2;9909616;48.2066453056399;11.396156361874;862;100.75;;Betriebsstatus1;Streckenstation328;SST_99a_100770_Stg;1;Fahrbahnteil1;UZ Aubing;A99a Richtung Stuttgart;Richtungtrue
3183;55101;Querschnitt865;MQ_99a_101445_Mch;DET_99a_101445_Mch_H2;34;9909639;48.2058756913059;11.4047602987074;865;101.445;77349004;Betriebsstatus1;Streckenstation329;SST_99a_101445_Stg;1;Fahrbahnteil1;UZ Aubing;A99a Richtung Salzburg;Richtungfalse
3184;59407;Querschnitt866;MQ_99a_101445_Stg;DET_99a_101445_Stg_H2;2;9909639;48.2059735785276;11.404996699134;866;101.445;77349004;Betriebsstatus1;Streckenstation329;SST_99a_101445_Stg;1;Fahrbahnteil1;UZ Aubing;A99a Richtung Stuttgart;Richtungtrue
3185;53507;Querschnitt868;MQ_99a_102700_Stg;DET_99a_102700_Stg_H2;2;9909681;48.2049893534817;11.4222593256929;868;102.7;;Betriebsstatus1;Streckenstation330;SST_99a_102707_Stg;1;Fahrbahnteil1;UZ Aubing;A99a Richtung Stuttgart;Richtungtrue
3186;58187;Querschnitt871;MQ_99a_104300_Stg;DET_99a_104300_Stg_H2;2;9916711;48.2043930057338;11.4437097460035;871;104.3;;Betriebsstatus1;Streckenstation337;SST_99_9600_Lin;1;Fahrbahnteil1;UZ Aubing;A99a Richtung Stuttgart;Richtungtrue
3187;50689;Querschnitt884;MQ_99_9600_Lin;DET_99_9600_Lin_H2;34;9916711;48.2042085822103;11.4437802565102;884;9.6;;Betriebsstatus1;Streckenstation337;SST_99_9600_Lin;1;Fahrbahnteil1;UZ Aubing;A99 Richtung Lindau;Richtungtrue
3188;51669;Querschnitt89;MQQ51_Sbg_H;DETQ51_Sbg_H3;3;807223;47.8796899749336;11.7595798089682;89;28.071;;Betriebsstatus1;Streckenstation36;SSTQ51;1;Fahrbahnteil1;UZ Holzkirchen;A8-Ost Richtung Salzburg;Richtungfalse
3189;56467;Querschnitt903;MQ_99_11627_Stg;DET_99_11627_Stg_H3;3;9916860;48.2097958000763;11.4686314366232;903;11.627;77349775;Betriebsstatus1;Streckenstation343;SST_99_11610_Stg;1;Fahrbahnteil1;UZ Aubing;A99 Richtung Lindau;Richtungtrue
3190;54987;Querschnitt904;MQQ7_Sbg_H;DETQ7_Sbg_H3;35;9916891;48.0588233174478;11.7002345764023;904;48.664;79369216;Betriebsstatus1;Streckenstation344;SSTQ7;1;Fahrbahnteil1;UZ Aschheim;A99 Richtung Salzburg;Richtungfalse
3191;59816;Querschnitt910;MQ_99_12270_Stg;DET_99_12270_Stg_H3;3;9916909;48.2098495535212;11.477248742628;910;12.27;;Betriebsstatus1;Streckenstation346;SST_99_12270_Stg;1;Fahrbahnteil1;UZ Aubing;A99 Richtung Lindau;Richtungtrue
3192;62570;Querschnitt913;MQQ9_Sbg_A;DETQ9_Sbg_A2;34;9916946;48.0405755657428;11.680778936593;913;51.171;79369217;Betriebsstatus1;Streckenstation347;SSTQ9;1;Fahrbahnteil1;UZ Aschheim;A99 Richtung Salzburg;Richtungfalse
3193;58722;Querschnitt93;MQQ53_Sbg_H;DETQ53_Sbg_H3;3;807237;47.8716896458715;11.7792484475167;93;29.802;;Betriebsstatus1;Streckenstation37;SSTQ53;1;Fahrbahnteil1;UZ Holzkirchen;A8-Ost Richtung Salzburg;Richtungfalse
3194;55886;Querschnitt916;MQ_99_AS10_300_NP;DET_99_AS10_300_NP_A2;66;9916958;48.2095287571357;11.4874134355824;916;13.02;;Betriebsstatus1;Streckenstation348;SST_99_12930_Stg;1;Fahrbahnteil4;UZ Aubing;A99 Richtung Lindau;Richtungtrue
3195;50695;Querschnitt917;MQ_99_AS10_300_TZ;DET_99_AS10_300_TZ_E1;137;9916958;48.209448262684;11.4828383101162;917;12.77;;Betriebsstatus1;Streckenstation348;SST_99_12930_Stg;1;Fahrbahnteil3;UZ Aubing;A99 Richtung Lindau;Richtungtrue
3196;51662;Querschnitt918;MQ_99_AS10_300_RS;DET_99_AS10_300_RS_E1;129;9916958;48.2095084310976;11.4868255663271;918;12.995;;Betriebsstatus1;Streckenstation348;SST_99_12930_Stg;1;Fahrbahnteil3;UZ Aubing;A99 Richtung Lindau;Richtungtrue
3197;62822;Querschnitt920;MQQ11_Sbg_A;DETQ11_Sbg_A2;106;9916980;48.0309639374728;11.6658088024333;920;52.734;;Betriebsstatus1;Streckenstation349;SSTQ11;1;Fahrbahnteil4;UZ Holzkirchen;A99 Richtung Salzburg;Richtungfalse
3198;51792;Querschnitt924;MQ_99_14110_Stg;DET_99_14110_Stg_H3;3;9917047;48.2134906956703;11.5002166152606;924;14.11;;Betriebsstatus1;Streckenstation350;SST_99_14140_Stg;1;Fahrbahnteil1;UZ Aubing;A99 Richtung Lindau;Richtungtrue
3199;50869;Querschnitt97;MQQ57_Sbg_H;DETQ57_Sbg_H3;3;807250;47.8648092965415;11.7998408757246;97;31.52;81369018;Betriebsstatus1;Streckenstation39;SSTQ57;1;Fahrbahnteil1;UZ Holzkirchen;A8-Ost Richtung Salzburg;Richtungfalse
3200;50797;Querschnitt992;MQ_99a_103808_Mch;DET_99a_103808_Mch_H2;34;9919717;48.2040567457159;11.4365810139385;992;103.808;;Betriebsstatus1;Streckenstation382;SST_99a_103777_Mch;1;Fahrbahnteil1;UZ Aubing;A99a Richtung Salzburg;Richtungfalse
3201;61010;Querschnitt995;MQ_99a_104471_Mch;DET_99a_104471_Mch_H2;34;9919740;48.203962268611;11.445634148709;995;104.471;;Betriebsstatus1;Streckenstation383;SST_99a_104491_Mch;1;Fahrbahnteil1;UZ Aubing;A99a Richtung Salzburg;Richtungfalse
3202;59258;Querschnitt998;MQ99520_Stg_H;DET99520_Stg_H4;4;9919879;48.0327189501791;11.6705004998453;998;52.33;79369217;Betriebsstatus1;Streckenstation384;SST99520;1;Fahrbahnteil1;UZ Aschheim;A99 Richtung Lindau;Richtungtrue
3203;58342;Querschnitt1002;MQ99510_Stg_H;DET99510_Stg_H2;2;9919926;48.0293027691637;11.6631128713132;1002;52.97;;Betriebsstatus1;Streckenstation386;SST99510;1;Fahrbahnteil1;UZ Aschheim;A99 Richtung Lindau;Richtungtrue
3204;53848;Querschnitt1003;MQ99D10_Stg_H;DET99D10_Stg_H2;130;9919926;48.0292616229192;11.6634785637954;1003;52.97;;Betriebsstatus1;Streckenstation386;SST99510;1;Fahrbahnteil3;UZ Aschheim;A99 Richtung Lindau;Richtungtrue
3205;61974;Querschnitt3216;MQ9-350-Nbg_H;DET9-350-Nbg_H4;4;9031012;48.30571378;11.62763817;3216;514.0;76359060;Betriebsstatus1;Streckenstation835;SST9-350;1;Fahrbahnteil1;UZ Freimann;A9 Richtung Nürnberg;Richtungfalse
3206;50765;Querschnitt3065;MQ107_Mch_H;DET107_Mch_H1;3;916050;48.5062;11.588;3065;490.84;;Betriebsstatus3;Streckenstation904;SSTDE107;1;Fahrbahnteil1;UZ Freimann;A9 Richtung M.-Zentrum;Richtungtrue
3207;62671;Querschnitt3165;MQ9-240-Nbg_H;DET9-240-Nbg_H4;4;9031287;48.2570811170792;11.6470550470655;3165;519.615;77359062;Betriebsstatus1;Streckenstation841;SST9-240;1;Fahrbahnteil1;UZ Freimann;A9 Richtung Nürnberg;Richtungfalse
3208;62064;Querschnitt3211;MQ9-280-Nbg_H;DET9-280-Nbg_H4;4;9031150;48.2819178019479;11.6405283166069;3211;516.8;77359061;Betriebsstatus1;Streckenstation838;SST9-280;1;Fahrbahnteil1;UZ Freimann;A9 Richtung Nürnberg;Richtungfalse
3209;62961;Querschnitt3242;MQ9-730-Mch_H;DET9-730-Mch_H4;36;9131271;48.2596910169668;11.6471228125593;3242;519.35;77359062;Betriebsstatus1;Streckenstation874;SST9-730;1;Fahrbahnteil1;UZ Freimann;A9 Richtung M.-Zentrum;Richtungtrue
3210;60557;Querschnitt3258;MQ9-830-Mch_H;DET9-830-Mch_H3;35;9131645;48.193597672148;11.6154735440522;3258;527.04;;Betriebsstatus1;Streckenstation892;SST9-830;1;Fahrbahnteil1;UZ Freimann;A9 Richtung M.-Zentrum;Richtungtrue
3211;55157;Querschnitt3117;MQ9-170-Nbg_H;DET9-170-Nbg_H4;4;9031423;48.2330435707067;11.6354110217597;3117;522.42;77359115;Betriebsstatus1;Streckenstation844;SST9-170;1;Fahrbahnteil1;UZ Freimann;A9 Richtung Nürnberg;Richtungfalse
3212;55881;Querschnitt3107;MQ9-110-Nbg_H;DET9-110-Nbg_H4;4;9031599;48.2024405431855;11.620062311418;3107;526.02;;Betriebsstatus1;Streckenstation852;SST9-110;1;Fahrbahnteil1;UZ Freimann;A9 Richtung Nürnberg;Richtungfalse
3213;57244;Querschnitt3232;MQ9-630-Mch_H;DET9-630-Mch_H4;36;9131020;48.3034528254208;11.6286330107185;3232;514.2;76359060;Betriebsstatus1;Streckenstation863;SST9-630;1;Fahrbahnteil1;UZ Freimann;A9 Richtung M.-Zentrum;Richtungtrue
3214;56846;Querschnitt3237;MQ9-670-Mch_H;DET9-670-Mch_H4;36;9131124;48.2862585251603;11.6381774360134;3237;516.32;77359061;Betriebsstatus1;Streckenstation867;SST9-670;1;Fahrbahnteil1;UZ Freimann;A9 Richtung M.-Zentrum;Richtungtrue
3215;62106;Querschnitt3247;MQ9-780-Mch_H;DET9-780-Mch_H4;36;9131361;48.24378695;11.64049538;3247;521.2;77359115;Betriebsstatus1;Streckenstation879;SST9-780;1;Fahrbahnteil1;UZ Freimann;A9 Richtung M.-Zentrum;Richtungtrue
3216;61323;Querschnitt3335;MQ99-786-Stg_H;DET99-786-Stg_H2;2;9917843;48.2183131090574;11.6348291501909;3335;24.67;;Betriebsstatus1;Streckenstation770;SST99-784;1;Fahrbahnteil1;UZ Aschheim;A99 Richtung Lindau;Richtungtrue
3217;56817;Querschnitt3345;MQ9-99-A20-Sbg_E;DET9-99-A20-Sbg_E2;170;9907868;48.2153242276189;11.6387979110291;3345;25.25;;Betriebsstatus1;Streckenstation719;SST9-99-A20;1;Fahrbahnteil3;UZ Aschheim;A99 Richtung Salzburg;Richtungfalse
3218;57786;Querschnitt3079;MQ SS2084;Geraet11850;234;9908530;48.17040008;11.73630003;3079;13.655;;Betriebsstatus3;Streckenstation739;SST99-187;1;Fahrbahnteil1;UZ Aschheim;B471 Richtung Ost;Richtungtrue
3219;63220;Querschnitt3081;MQ SS2084;Geraet11853;41;9908530;48.17040008;11.73630003;3081;13.371;;Betriebsstatus3;Streckenstation739;SST99-187;1;Fahrbahnteil1;UZ Aschheim;B471 Richtung Ost;Richtungtrue
3220;52068;Querschnitt3082;MQ SS2084;Geraet11854;9;9908530;48.17040008;11.73630003;3082;13.371;;Betriebsstatus3;Streckenstation739;SST99-187;1;Fahrbahnteil1;UZ Aschheim;B471 Richtung West;Richtungfalse
3221;55737;Querschnitt3080;MQ SS2084;Geraet11879;227;9908530;48.17040008;11.73630003;3080;13.655;;Betriebsstatus3;Streckenstation739;SST99-187;1;Fahrbahnteil1;UZ Aschheim;B471 Richtung West;Richtungfalse
3222;58330;Querschnitt3331;MQ99-750-Stg_H;DET99-750-Stg_H4;4;9918242;48.19260003;11.69619995;3331;30.3;;Betriebsstatus1;Streckenstation783;SST99-750;1;Fahrbahnteil1;UZ Aschheim;A99 Richtung Lindau;Richtungtrue
3223;53784;Querschnitt3333;MQ99-772-Stg_H;DET99-772-Stg_H4;4;9917967;48.2073804234553;11.6514927916955;3333;26.55;77359010;Betriebsstatus1;Streckenstation775;SST99-772;1;Fahrbahnteil1;UZ Aschheim;A99 Richtung Lindau;Richtungtrue
3224;58820;Querschnitt3277;MQ99-130-Sbg_H;DET99-130-Sbg_H4;36;9908187;48.19430004;11.68700003;3277;29.55;;Betriebsstatus1;Streckenstation726;SST99-130;1;Fahrbahnteil1;UZ Aschheim;A99 Richtung Salzburg;Richtungfalse
3225;60594;Querschnitt3219;MQ9-362-Nbg_A;DET9-362-Nbg_A1;65;9030944;48.31770008;11.62050002;3219;512.6;;Betriebsstatus1;Streckenstation831;SST9-362;1;Fahrbahnteil4;UZ Freimann;A9 Richtung Nürnberg;Richtungfalse
3226;61732;Querschnitt3228;MQ9-604-Mch_A;DET9-604-Mch_A1;97;9130959;48.3147584357841;11.6211274098428;3228;512.9;;Betriebsstatus1;Streckenstation860;SST9-604;1;Fahrbahnteil4;UZ Freimann;A9 Richtung M.-Zentrum;Richtungtrue
3227;55551;Querschnitt3108;MQ9-120-Nbg_A;DET9-120-Nbg_A1;65;9031589;48.2039823908239;11.6219045615647;3108;525.82;;Betriebsstatus1;Streckenstation851;SST9-120;1;Fahrbahnteil4;UZ Freimann;A9 Richtung Nürnberg;Richtungfalse
3228;58872;Querschnitt3179;MQ9-250-Nbg_A;DET9-250-Nbg_A1;65;9031257;48.2628359347805;11.6474271518402;3179;519.0;;Betriebsstatus1;Streckenstation840;SST9-250;1;Fahrbahnteil4;UZ Freimann;A9 Richtung Nürnberg;Richtungfalse
3229;63020;Querschnitt3239;MQ9-720-Mch_A;DET9-720-Mch_A1;97;9131239;48.2659895452758;11.6452287137344;3239;518.66;;Betriebsstatus1;Streckenstation873;SST9-720;1;Fahrbahnteil4;UZ Freimann;A9 Richtung M.-Zentrum;Richtungtrue
3230;56458;Querschnitt3233;MQ9-640-Mch_A;DET9-640-Mch_A2;98;9131050;48.2988937903765;11.6308828215542;3233;514.8;;Betriebsstatus1;Streckenstation865;SST9-640;1;Fahrbahnteil4;UZ Freimann;A9 Richtung M.-Zentrum;Richtungtrue
3231;51691;Querschnitt3244;MQ9-770-Mch_A;DET9-770-Mch_A1;97;9131343;48.2471689671267;11.6418832126442;3244;520.85;;Betriebsstatus1;Streckenstation878;SST9-770;1;Fahrbahnteil4;UZ Freimann;A9 Richtung M.-Zentrum;Richtungtrue
3232;60875;Querschnitt3104;MQ9-100-Nbg_A;DET9-100-Nbg_A1;65;9031635;48.1967483786831;11.6180666024368;3104;526.75;;Betriebsstatus1;Streckenstation854;SST9-100;1;Fahrbahnteil4;UZ Freimann;A9 Richtung Nürnberg;Richtungfalse
3233;52760;Querschnitt3255;MQ9-810-Mch_A;DET9-810-Mch_A1;161;9131618;48.1994811583933;11.6179740771114;3255;526.47;;Betriebsstatus1;Streckenstation890;SST9-810;1;Fahrbahnteil4;UZ Freimann;A9 Richtung M.-Zentrum;Richtungtrue
3234;60838;Querschnitt3220;MQ9-362-Nbg_E;DET9-362-Nbg_E1;129;9030944;48.31880002;11.62049996;3220;512.6;;Betriebsstatus1;Streckenstation831;SST9-362;1;Fahrbahnteil3;UZ Freimann;A9 Richtung Nürnberg;Richtungfalse
3235;60437;Querschnitt3229;MQ9-604-Mch_E;DET9-604-Mch_E1;161;9130959;48.3136034652238;11.6215814021072;3229;512.9;;Betriebsstatus1;Streckenstation860;SST9-604;1;Fahrbahnteil3;UZ Freimann;A9 Richtung M.-Zentrum;Richtungtrue
3236;57776;Querschnitt3194;MQ92-600-Mch_E;DET92-600-Mch_E1;161;9216413;48.32081958;11.62818915;3194;13.91;;Betriebsstatus3;Streckenstation969;SST92-600;1;Fahrbahnteil3;UZ Freising;A92 Richtung M.-Zentrum;Richtungtrue
3237;60176;Querschnitt3119;MQ9-180-Nbg_E;DET9-180-Nbg_E1;129;9031376;48.2412620879701;11.6400048401186;3119;521.45;;Betriebsstatus1;Streckenstation843;SST9-180;1;Fahrbahnteil3;UZ Freimann;A9 Richtung Nürnberg;Richtungfalse
3238;62270;Querschnitt3180;MQ9-250-Nbg_E;DET9-250-Nbg_E1;129;9031257;48.2633863224648;11.6473728165304;3180;519.0;;Betriebsstatus1;Streckenstation840;SST9-250;1;Fahrbahnteil3;UZ Freimann;A9 Richtung Nürnberg;Richtungfalse
3239;60841;Querschnitt3214;MQ9-330-Nbg_E;DET9-330-Nbg_E1;129;9031054;48.2993081135661;11.631883382704;3214;514.83;;Betriebsstatus1;Streckenstation836;SST9-330;1;Fahrbahnteil3;UZ Freimann;A9 Richtung Nürnberg;Richtungfalse
3240;61645;Querschnitt3234;MQ9-640-Mch_E;DET9-640-Mch_E1;161;9131050;48.298401674682;11.6311180448955;3234;514.8;;Betriebsstatus1;Streckenstation865;SST9-640;1;Fahrbahnteil3;UZ Freimann;A9 Richtung M.-Zentrum;Richtungtrue
3241;59434;Querschnitt3240;MQ9-720-Mch_E;DET9-720-Mch_E1;161;9131239;48.2653466189779;11.6453917847369;3240;518.66;;Betriebsstatus1;Streckenstation873;SST9-720;1;Fahrbahnteil3;UZ Freimann;A9 Richtung M.-Zentrum;Richtungtrue
3242;57801;Querschnitt3245;MQ9-770-Mch_E;DET9-770-Mch_E1;161;9131343;48.2466065339661;11.6416860558395;3245;520.85;;Betriebsstatus1;Streckenstation878;SST9-770;1;Fahrbahnteil3;UZ Freimann;A9 Richtung M.-Zentrum;Richtungtrue
3243;55647;Querschnitt3253;MQ9-795-Mch_E;DET9-795-Mch_E1;161;9131577;48.2055384745638;11.6208913106223;3253;525.63;;Betriebsstatus1;Streckenstation888;SST9-795;1;Fahrbahnteil3;UZ Freimann;A9 Richtung M.-Zentrum;Richtungtrue
3244;56948;Querschnitt3098;MQ9-070-Nbg_E;DET9-070-Nbg_E1;129;9031682;48.18790002;11.61250001;3098;527.76;;Betriebsstatus3;Streckenstation856;SST9-070;1;Fahrbahnteil3;UZ Freimann;A9 Richtung Nürnberg;Richtungfalse
3245;52796;Querschnitt3105;MQ9-100-Nbg_E;DET9-100-Nbg_E1;129;9031635;48.1968337563826;11.6180816119004;3105;526.75;;Betriebsstatus1;Streckenstation854;SST9-100;1;Fahrbahnteil3;UZ Freimann;A9 Richtung Nürnberg;Richtungfalse
3246;52902;Querschnitt3257;MQ9-824-Mch_E;DET9-824-Mch_E1;97;9131618;48.1975405616433;11.6171535304086;3257;526.61;;Betriebsstatus1;Streckenstation890;SST9-810;1;Fahrbahnteil3;UZ Freimann;A9 Richtung M.-Zentrum;Richtungtrue
3247;50861;Querschnitt3280;MQ99-138-Stg_A;DET99-138-Stg_A1;65;9908317;48.19050005;11.70550001;3280;31.28;;Betriebsstatus1;Streckenstation730;SST99-138;1;Fahrbahnteil4;UZ Aschheim;A99 Richtung Lindau;Richtungtrue
3248;62556;Querschnitt3278;MQ99-138-Sbg_A;DET99-138-Sbg_A1;97;9908317;48.18960007;11.70690002;3278;31.28;;Betriebsstatus1;Streckenstation730;SST99-138;1;Fahrbahnteil4;UZ Aschheim;A99 Richtung Salzburg;Richtungfalse
3249;54491;Querschnitt3281;MQ99-138-Stg_E;DET99-138-Stg_E1;129;9908317;48.19120005;11.70310002;3281;31.28;;Betriebsstatus1;Streckenstation730;SST99-138;1;Fahrbahnteil3;UZ Aschheim;A99 Richtung Lindau;Richtungtrue
3250;53447;Querschnitt3279;MQ99-138-Sbg_E;DET99-138-Sbg_E1;161;9908317;48.18910006;11.70790001;3279;31.28;;Betriebsstatus1;Streckenstation730;SST99-138;1;Fahrbahnteil3;UZ Aschheim;A99 Richtung Salzburg;Richtungfalse
3251;61149;Querschnitt3063;MQ107_Mch_A;DET107_Mch_A1;4;916050;48.5063;11.5877;3063;490.84;;Betriebsstatus3;Streckenstation904;SSTDE107;1;Fahrbahnteil4;UZ Freimann;A9 Richtung M.-Zentrum;Richtungtrue
3252;50947;Querschnitt3225;MQ9-600-2-Mch_H;DET9-600-2-Mch_H3;35;9130930;48.3194467214975;11.6190198951193;3225;512.35;;Betriebsstatus1;Streckenstation858;SST9-600;1;Fahrbahnteil1;UZ Freimann;A9 Richtung M.-Zentrum;Richtungtrue
3253;58250;Querschnitt3230;MQ9-610-Mch_H;DET9-610-Mch_H3;35;9130976;48.3118237699967;11.6234830317705;3230;513.265;;Betriebsstatus1;Streckenstation861;SST9-610;1;Fahrbahnteil1;UZ Freimann;A9 Richtung M.-Zentrum;Richtungtrue
3254;51306;Querschnitt3224;MQ9-600-1-Mch_P;DET9-600-1-Mch_P2;114;9130930;48.31980001;11.61850005;3224;512.29;;Betriebsstatus3;Streckenstation858;SST9-600;1;Fahrbahnteil4;UZ Freimann;A9 Richtung M.-Zentrum;Richtungtrue
3255;55696;Querschnitt3137;MQ9-210-Nbg_H;DET9-210-Nbg_H4;4;9031342;48.2472168006399;11.6425185599399;3137;520.75;;Betriebsstatus1;Streckenstation842;SST9-210;1;Fahrbahnteil1;UZ Freimann;A9 Richtung Nürnberg;Richtungfalse
3256;61843;Querschnitt3195;MQ9-260-Nbg_H;DET9-260-Nbg_H4;4;9031224;48.2685304074909;11.6451353599955;3195;518.315;;Betriebsstatus1;Streckenstation839;SST9-260;1;Fahrbahnteil1;UZ Freimann;A9 Richtung Nürnberg;Richtungfalse
3257;57090;Querschnitt3222;MQ9-370-Nbg_H;DET9-370-Nbg_H4;4;9030910;48.32160003;11.618;3222;511.9;;Betriebsstatus3;Streckenstation830;SST9-370;1;Fahrbahnteil1;UZ Freimann;A9 Richtung Nürnberg;Richtungfalse
3258;62929;Querschnitt3223;MQ9-380-Nbg_H;DET9-380-Nbg_H4;4;9030872;48.33010004;11.61349996;3223;511.09;;Betriebsstatus3;Streckenstation829;SST9-380;1;Fahrbahnteil1;UZ Freimann;A9 Richtung Nürnberg;Richtungfalse
3259;60678;Querschnitt3243;MQ9-750-Mch_H;DET9-750-Mch_H4;36;9131318;48.2515095894265;11.6443912845036;3243;520.3;;Betriebsstatus1;Streckenstation876;SST9-750;1;Fahrbahnteil1;UZ Freimann;A9 Richtung M.-Zentrum;Richtungtrue
3260;55530;Querschnitt3248;MQ9-782-Mch_H;DET9-782-Mch_H3;35;9131439;48.2297860060839;11.6335297710956;3248;522.8;;Betriebsstatus1;Streckenstation881;SST9-782;1;Fahrbahnteil1;UZ Freimann;A9 Richtung M.-Zentrum;Richtungtrue
3261;58283;Querschnitt3250;MQ9-788-Mch_H;DET9-788-Mch_H3;35;9131500;48.2193434249992;11.6282976481919;3250;524.025;;Betriebsstatus1;Streckenstation885;SST9-786;1;Fahrbahnteil1;UZ Freimann;A9 Richtung M.-Zentrum;Richtungtrue
3262;57995;Querschnitt3106;MQ9-100-Nbg_H;DET9-100-Nbg_H3;3;9031635;48.1967048135398;11.6172012822646;3106;526.75;77359120;Betriebsstatus1;Streckenstation854;SST9-100;1;Fahrbahnteil1;UZ Freimann;A9 Richtung Nürnberg;Richtungfalse
3263;53792;Querschnitt3259;MQ9-855-Mch_H;DET9-855-Mch_H2;34;9131701;48.1853832972159;11.6084313081124;3259;528.15;78359064;Betriebsstatus1;Streckenstation894;SST9-855;1;Fahrbahnteil1;UZ Freimann;A9 Richtung M.-Zentrum;Richtungtrue
3264;53975;Querschnitt3260;MQ9-855-Nbg_H;DET9-855-Nbg_H2;2;9131701;48.1852988761087;11.608517671308;3260;528.15;78359064;Betriebsstatus1;Streckenstation894;SST9-855;1;Fahrbahnteil1;UZ Freimann;A9 Richtung Nürnberg;Richtungfalse
3265;60209;Querschnitt3256;MQ9-810-Mch_H;DET9-810-Mch_H3;35;9131618;48.1987415034587;11.6179823691673;3256;526.47;77359120;Betriebsstatus1;Streckenstation890;SST9-810;1;Fahrbahnteil1;UZ Freimann;A9 Richtung M.-Zentrum;Richtungtrue
3266;51013;Querschnitt3236;MQ9-650-Mch_H;DET9-650-Mch_H4;36;9131070;48.2955927644855;11.6332224547655;3236;515.22;;Betriebsstatus1;Streckenstation866;SST9-650;1;Fahrbahnteil1;UZ Freimann;A9 Richtung M.-Zentrum;Richtungtrue
3267;55787;Querschnitt3238;MQ9-690-Mch_H;DET9-690-Mch_H4;36;9131182;48.2758157802653;11.6423907970576;3238;517.493;;Betriebsstatus1;Streckenstation869;SST9-690;1;Fahrbahnteil1;UZ Freimann;A9 Richtung M.-Zentrum;Richtungtrue
3268;62471;Querschnitt3114;MQ_9-160_Nbg;DET_9-160_Nbg_A2;82;9031527;48.22340005;11.62690004;3114;1.25;;Betriebsstatus1;Streckenstation847;SST9-160;1;Fahrbahnteil4;UZ Freimann;A9 Richtung Nürnberg;Richtungfalse
3269;57692;Querschnitt3116;MQ9-168-Nbg_H;DET9-168-Nbg_E2;82;9031470;48.22490013;11.63187095;3116;523.375;;Betriebsstatus1;Streckenstation845;SST9-166;1;Fahrbahnteil3;UZ Freimann;A9 Richtung Nürnberg;Richtungfalse
3270;58636;Querschnitt3249;MQ9-786-Mch_H;DET9-786-Mch_H2;178;9131500;48.2194696874271;11.6278959368397;3249;524.06;;Betriebsstatus1;Streckenstation885;SST9-786;1;Fahrbahnteil3;UZ Freimann;A9 Richtung M.-Zentrum;Richtungtrue
3271;61082;Querschnitt3217;MQ9-360-Nbg_H;DET9-360-Nbg_H3;3;9030975;48.3114823692743;11.62396048692;3217;513.23;;Betriebsstatus1;Streckenstation833;SST9-360;1;Fahrbahnteil1;UZ Freimann;A9 Richtung Nürnberg;Richtungfalse
3272;56097;Querschnitt3062;MQ105_Nbg_H;DET105_Nbg_H3;3;916040;48.5298;11.591;3062;487.85;;Betriebsstatus3;Streckenstation902;SSTDE105;1;Fahrbahnteil1;UZ Freimann;A9 Richtung Nürnberg;Richtungfalse
3273;60129;Querschnitt3058;MQ103_Mch_E;DET103_Mch_E1;6;916020;48.5804;11.5891;3058;481.95;;Betriebsstatus3;Streckenstation900;SSTDE103;1;Fahrbahnteil3;UZ Freimann;A9 Richtung M.-Zentrum;Richtungtrue
3274;55096;Querschnitt5895;MQ110a_Mch_H;DET110a_Mch_H3;35;918439;48.4417;11.5891;5895;498.02;;Betriebsstatus3;Streckenstation1619;SSTDE110a;1;Fahrbahnteil1;UZ Freimann;A9 Richtung M.-Zentrum;Richtungtrue
3275;52708;Querschnitt3110;AQ9-120-Nbg-r;WZG9-120-Nbg-r_C1;135;9031589;48.2042848410036;11.6214899169626;3110;525.82;;Betriebsstatus1;Streckenstation851;SST9-120;4;Fahrbahnteil1;UZ Freimann;A9 Richtung Nürnberg;Richtungfalse
3276;52789;Querschnitt3053;MQ101_Mch_H;DET101_Mch_H1;6;916000;48.6058;11.5482;3053;477.87;;Betriebsstatus3;Streckenstation897;SSTDE101;1;Fahrbahnteil1;UZ Freimann;A9 Richtung M.-Zentrum;Richtungtrue
3277;55337;Querschnitt3054;MQ101_Nbg_H;DET101_Nbg_H3;3;916000;48.6057;11.5486;3054;477.87;;Betriebsstatus3;Streckenstation897;SSTDE101;1;Fahrbahnteil1;UZ Freimann;A9 Richtung Nürnberg;Richtungfalse
3278;62514;Querschnitt3056;MQ102a_Mch_H;DET102a_Mch_H3;35;916011;48.584;11.5798;3056;481.04;;Betriebsstatus3;Streckenstation1457;SSTDE102a;1;Fahrbahnteil1;UZ Freimann;A9 Richtung M.-Zentrum;Richtungtrue
3279;54819;Querschnitt3057;MQ103_Mch_A;DET103_Mch_A1;5;916020;48.5808;11.5877;3057;481.95;;Betriebsstatus3;Streckenstation900;SSTDE103;1;Fahrbahnteil4;UZ Freimann;A9 Richtung M.-Zentrum;Richtungtrue
3280;55287;Querschnitt3061;MQ105_Mch_H;DET105_Mch_H1;6;916040;48.5307;11.5917;3061;487.85;;Betriebsstatus3;Streckenstation902;SSTDE105;1;Fahrbahnteil1;UZ Freimann;A9 Richtung M.-Zentrum;Richtungtrue
3281;53441;Querschnitt3064;MQ107_Mch_E;DET107_Mch_E1;5;916050;48.5058;11.588;3064;490.84;;Betriebsstatus3;Streckenstation904;SSTDE107;1;Fahrbahnteil3;UZ Freimann;A9 Richtung M.-Zentrum;Richtungtrue
3282;51887;Querschnitt3068;MQ109_Nbg_H;DET109_Nbg_H3;3;916070;48.4709;11.5861;3068;495.04;;Betriebsstatus3;Streckenstation906;SSTDE109;1;Fahrbahnteil1;UZ Freimann;A9 Richtung Nürnberg;Richtungfalse
3283;52435;Querschnitt3069;MQ110_Mch_H;DET110_Mch_H1;3;916080;48.4445;11.5893;3069;498.0;;Betriebsstatus3;Streckenstation907;SSTDE110;1;Fahrbahnteil1;UZ Freimann;A9 Richtung M.-Zentrum;Richtungtrue
3284;60042;Querschnitt3070;MQ111_Mch_A;DET111_Mch_A1;4;916090;48.428;11.589;3070;499.9;;Betriebsstatus3;Streckenstation909;SSTDE111;1;Fahrbahnteil4;UZ Freimann;A9 Richtung M.-Zentrum;Richtungtrue
3285;61588;Querschnitt3071;MQ111_Mch_E;DET111_Mch_E1;5;916090;48.4269;11.5892;3071;499.9;;Betriebsstatus3;Streckenstation909;SSTDE111;1;Fahrbahnteil3;UZ Freimann;A9 Richtung M.-Zentrum;Richtungtrue
3286;63327;Querschnitt3072;MQ111_Mch_H;DET111_Mch_H1;3;916090;48.4274;11.5893;3072;499.9;;Betriebsstatus3;Streckenstation909;SSTDE111;1;Fahrbahnteil1;UZ Freimann;A9 Richtung M.-Zentrum;Richtungtrue
3287;53910;Querschnitt3073;MQ112_Mch_H;DET112_Mch_H1;3;916100;48.4232;11.5894;3073;500.36;;Betriebsstatus3;Streckenstation910;SSTDE112;1;Fahrbahnteil1;UZ Freimann;A9 Richtung M.-Zentrum;Richtungtrue
3288;54207;Querschnitt3074;MQ113_Mch_H;DET113_Mch_H1;3;916110;48.404;11.5897;3074;502.2;;Betriebsstatus3;Streckenstation911;SSTDE113;1;Fahrbahnteil1;UZ Freimann;A9 Richtung M.-Zentrum;Richtungtrue
3289;51779;Querschnitt3075;MQ114_Mch_H;DET114_Mch_H1;3;916120;48.3869;11.5972;3075;504.52;;Betriebsstatus3;Streckenstation913;SSTDE114;1;Fahrbahnteil1;UZ Freimann;A9 Richtung M.-Zentrum;Richtungtrue
3290;50548;Querschnitt3078;MQ201_Mch_H;DET201_Mch_H1;3;916150;48.3351;11.6103;3078;510.34;;Betriebsstatus3;Streckenstation919;SSTDE201;1;Fahrbahnteil1;UZ Freimann;A9 Richtung M.-Zentrum;Richtungtrue
3291;60084;Querschnitt3085;MQ316_Nbg_H;DET316_Nbg_H3;3;906110;48.404;11.5899;3085;502.2;;Betriebsstatus3;Streckenstation857;SSTDE316;1;Fahrbahnteil1;UZ Freimann;A9 Richtung Nürnberg;Richtungfalse
3292;56442;Querschnitt5014;MQ VIP-R;Geraet17985;1;9406106;48.13989928;11.68851545;5014;4.675;;Betriebsstatus3;Streckenstation1362;VIP/P;1;Fahrbahnteil3;UZ Riem;A94 Richtung Passau;Richtungfalse
3293;55553;Querschnitt737;Querschnitt737;Geraet767;3;9906560;48.1729354858;11.7354297638;737;25.78;;Betriebsstatus3;Streckenstation286;SSTQ18;1;Fahrbahnteil1;UZ Holzkirchen;A99 Richtung Lindau;Richtungtrue
3294;55659;Querschnitt3510;AQ99-127-Sbg;WZG99-127-Sbg_A1;33;9908142;48.19619825;11.67896086;3510;28.95;;Betriebsstatus1;Streckenstation725;SST99-127;4;Fahrbahnteil1;UZ Aschheim;A99 Richtung Salzburg;Richtungfalse
3295;58675;Querschnitt3513;AQ99-132-Sbg;WZG99-132-Sbg_A1;33;9908219;48.19324725;11.69169006;3513;29.95;;Betriebsstatus1;Streckenstation727;SST99-132;4;Fahrbahnteil1;UZ Aschheim;A99 Richtung Salzburg;Richtungfalse
3296;62551;Querschnitt3347;AQ101_Mch_H;AQ101_Mch_A3;7;916000;0.0;0.0;3347;477.9;;Betriebsstatus3;Streckenstation897;SSTDE101;4;Fahrbahnteil1;UZ Freimann;A9 Richtung M.-Zentrum;Richtungtrue
3297;58611;Querschnitt3348;AQ102_Mch_H;AQ102_Mch_A3;7;916010;0.0;0.0;3348;481.04;;Betriebsstatus3;Streckenstation899;SSTDE102;4;Fahrbahnteil1;UZ Freimann;A9 Richtung M.-Zentrum;Richtungtrue
3298;53429;Querschnitt3350;AQ104_Mch_H;AQ104_Mch_A3;7;916030;0.0;0.0;3350;484.31;;Betriebsstatus3;Streckenstation901;SSTDE104;4;Fahrbahnteil1;UZ Freimann;A9 Richtung M.-Zentrum;Richtungtrue
3299;55617;Querschnitt3351;AQ105_Mch_H;AQ105_Mch_A3;7;916040;0.0;0.0;3351;487.88;;Betriebsstatus3;Streckenstation902;SSTDE105;4;Fahrbahnteil1;UZ Freimann;A9 Richtung M.-Zentrum;Richtungtrue
3300;51324;Querschnitt3352;AQ106_Mch_H;AQ106_Mch_A3;7;916045;0.0;0.0;3352;490.28;;Betriebsstatus3;Streckenstation903;SSTDE106;4;Fahrbahnteil1;UZ Freimann;A9 Richtung M.-Zentrum;Richtungtrue
3301;50597;Querschnitt3354;AQ108_Mch_H;AQ108_Mch_A3;7;916060;0.0;0.0;3354;492.4;;Betriebsstatus3;Streckenstation905;SSTDE108;4;Fahrbahnteil1;UZ Freimann;A9 Richtung M.-Zentrum;Richtungtrue
3302;61607;Querschnitt3355;AQ109_Mch_H;AQ109_Mch_A3;7;916070;0.0;0.0;3355;495.07;;Betriebsstatus3;Streckenstation906;SSTDE109;4;Fahrbahnteil1;UZ Freimann;A9 Richtung M.-Zentrum;Richtungtrue
3303;59151;Querschnitt3356;AQ110_Mch_H;AQ110_Mch_A3;7;916080;0.0;0.0;3356;498.02;;Betriebsstatus3;Streckenstation907;SSTDE110;4;Fahrbahnteil1;UZ Freimann;A9 Richtung M.-Zentrum;Richtungtrue
3304;51150;Querschnitt3357;AQ112_Mch_H;AQ112_Mch_A3;7;916100;0.0;0.0;3357;500.39;;Betriebsstatus3;Streckenstation910;SSTDE112;4;Fahrbahnteil1;UZ Freimann;A9 Richtung M.-Zentrum;Richtungtrue
3305;58577;Querschnitt3358;AQ113_Mch_H;AQ113_Mch_A3;7;916110;0.0;0.0;3358;502.23;;Betriebsstatus3;Streckenstation911;SSTDE113;4;Fahrbahnteil1;UZ Freimann;A9 Richtung M.-Zentrum;Richtungtrue
3306;61355;Querschnitt3359;AQ114_Mch_H;AQ114_Mch_A3;7;916120;0.0;0.0;3359;504.55;;Betriebsstatus3;Streckenstation913;SSTDE114;4;Fahrbahnteil1;UZ Freimann;A9 Richtung M.-Zentrum;Richtungtrue
3307;54620;Querschnitt3360;AQ115_Mch_H;AQ115_Mch_A3;7;916130;0.0;0.0;3360;506.69;;Betriebsstatus3;Streckenstation915;SSTDE115;4;Fahrbahnteil1;UZ Freimann;A9 Richtung M.-Zentrum;Richtungtrue
3308;51810;Querschnitt3361;AQ116_Mch_H;AQ116_Mch_A3;7;916140;0.0;0.0;3361;508.57;;Betriebsstatus3;Streckenstation917;SSTDE116;4;Fahrbahnteil1;UZ Freimann;A9 Richtung M.-Zentrum;Richtungtrue
3309;59311;Querschnitt3362;AQ201_Mch_H;AQ201_Mch_A3;7;916150;0.0;0.0;3362;510.37;;Betriebsstatus3;Streckenstation919;SSTDE201;4;Fahrbahnteil1;UZ Freimann;A9 Richtung M.-Zentrum;Richtungtrue
3310;60365;Querschnitt136;AQQ213_Sbg_H;AQQ213_Sbg_C1;73;809007;47.8283141456271;12.5828466841829;136;94.745;;Betriebsstatus1;Streckenstation57;SSTQ213;4;Fahrbahnteil1;UZ Siegsdorf;A8-Ost Richtung Salzburg;Richtungfalse
3311;62736;Querschnitt3462;AQ9-695-Mch;WZG9-695-Mch_C1;171;9131186;48.2749711416171;11.6423477532655;3462;517.6;;Betriebsstatus1;Streckenstation870;SST9-695;4;Fahrbahnteil1;UZ Freimann;A9 Richtung M.-Zentrum;Richtungtrue
3312;54161;Querschnitt187;MQQ247_Sbg_A;DETQ247_Sbg_A1;65;809388;47.8309295337414;12.7392431894102;187;106.715;;Betriebsstatus1;Streckenstation71;SSTQ247;1;Fahrbahnteil4;UZ Siegsdorf;A8-Ost Richtung Salzburg;Richtungfalse
3313;55729;Querschnitt3366;AQ9-120-Nbg-l;WZG9-120-Nbg-l_C1;136;9031589;48.2042291576538;11.6213780478189;3366;525.82;;Betriebsstatus1;Streckenstation851;SST9-120;4;Fahrbahnteil1;UZ Freimann;A9 Richtung Nürnberg;Richtungfalse
3314;51355;Querschnitt3369;AQ9-135-Nbg_P;WZG9-135-Nbg_P_C1;73;9031550;48.2109487222599;11.6244659536261;3369;525.02;;Betriebsstatus1;Streckenstation848;SST9-135;4;Fahrbahnteil1;UZ Freimann;A9 Richtung Nürnberg;Richtungfalse
3315;62448;Querschnitt3377;AQ9-180-Nbg;WZG9-180-Nbg_C1;134;9031376;48.2412563295974;11.6399261431336;3377;521.45;;Betriebsstatus1;Streckenstation843;SST9-180;4;Fahrbahnteil1;UZ Freimann;A9 Richtung Nürnberg;Richtungfalse
3316;57044;Querschnitt3445;AQ9-330-Nbg;WZG9-330-Nbg_C1;134;9031054;48.299262549376;11.6318426569386;3445;514.8;;Betriebsstatus1;Streckenstation836;SST9-330;4;Fahrbahnteil1;UZ Freimann;A9 Richtung Nürnberg;Richtungfalse
3317;59111;Querschnitt139;AQQ217_Sbg_E;AQQ217_Sbg_C1;133;809029;47.8279569071278;12.5922183498237;139;95.43;;Betriebsstatus1;Streckenstation58;SSTQ217;4;Fahrbahnteil1;UZ Siegsdorf;A8-Ost Richtung Salzburg;Richtungfalse
3318;61572;Querschnitt3466;AQ9-723-Mch;WZG9-723-Mch_C1;171;9131239;48.2653986987284;11.645281677466;3466;518.68;;Betriebsstatus1;Streckenstation873;SST9-720;4;Fahrbahnteil1;UZ Freimann;A9 Richtung M.-Zentrum;Richtungtrue
3319;56588;Querschnitt3373;AQ9-160-Nbg;WZG9-160-Nbg_C1;73;9031527;48.2192381955634;11.630701031653;3373;523.986;;Betriebsstatus1;Streckenstation847;SST9-160;4;Fahrbahnteil4;UZ Freimann;A9 Richtung Nürnberg;Richtungfalse
3320;57034;Querschnitt3375;AQ9-168-Nbg;WZG9-168-Nbg_C1;73;9031470;48.2249909391341;11.6318797000846;3375;523.375;;Betriebsstatus1;Streckenstation845;SST9-166;4;Fahrbahnteil1;UZ Freimann;A9 Richtung Nürnberg;Richtungfalse
3321;53509;Querschnitt3477;AQ9-786-Mch;WZG9-786-Mch_C1;105;9131500;48.2193354361481;11.6278997328513;3477;524.06;;Betriebsstatus1;Streckenstation885;SST9-786;4;Fahrbahnteil3;UZ Freimann;A9 Richtung M.-Zentrum;Richtungtrue
3322;56172;Querschnitt142;AQQ220_Sbg_E;AQQ220_Sbg_C1;134;809045;47.8275962232489;12.5986292511805;142;95.92;;Betriebsstatus1;Streckenstation59;SSTQ220;4;Fahrbahnteil1;UZ Siegsdorf;A8-Ost Richtung Salzburg;Richtungfalse
3323;58630;Querschnitt3451;AQ9-600-Mch;WZG9-600-Mch_C2;106;9130930;48.3193641390453;11.6190644502071;3451;512.35;;Betriebsstatus1;Streckenstation858;SST9-600;4;Fahrbahnteil1;UZ Freimann;A9 Richtung M.-Zentrum;Richtungtrue
3324;50600;Querschnitt3452;AQ9-610-Mch;WZG9-610-Mch_C2;107;9130976;48.311743341395;11.6235375527219;3452;513.265;;Betriebsstatus1;Streckenstation861;SST9-610;4;Fahrbahnteil1;UZ Freimann;A9 Richtung M.-Zentrum;Richtungtrue
3325;50684;Querschnitt3475;AQ9-782-Mch;WZG9-782-Mch_C2;106;9131439;48.2296300224871;11.633451047575;3475;522.8;;Betriebsstatus1;Streckenstation881;SST9-782;4;Fahrbahnteil1;UZ Freimann;A9 Richtung M.-Zentrum;Richtungtrue
3326;62326;Querschnitt881;Querschnitt881;Geraet892;3;9916676;48.1305427551;11.7597436905;881;38.761;;Betriebsstatus3;Streckenstation336;SSTQ3;1;Fahrbahnteil1;UZ Holzkirchen;A99 Richtung Lindau;Richtungtrue
3327;55708;Querschnitt3447;AQ9-360-Nbg;WZG9-360-Nbg_C2;74;9030975;48.3116234643197;11.623893556848;3447;513.23;;Betriebsstatus1;Streckenstation833;SST9-360;4;Fahrbahnteil1;UZ Freimann;A9 Richtung Nürnberg;Richtungfalse
3328;56029;Querschnitt3478;AQ9-788-Mch;WZG9-788-Mch_C2;107;9131500;48.219195175477;11.6282247071012;3478;524.06;;Betriebsstatus1;Streckenstation885;SST9-786;4;Fahrbahnteil1;UZ Freimann;A9 Richtung M.-Zentrum;Richtungtrue
3329;57610;Querschnitt3365;AQ9-110-Nbg;WZG9-110-Nbg_C3;75;9031599;48.20250817;11.6201515;3365;526.02;;Betriebsstatus1;Streckenstation852;SST9-110;4;Fahrbahnteil1;UZ Freimann;A9 Richtung Nürnberg;Richtungfalse
3330;59835;Querschnitt3376;AQ9-170-Nbg;WZG9-170-Nbg_C3;75;9031423;48.2331716838051;11.6354869903762;3376;522.42;;Betriebsstatus1;Streckenstation844;SST9-170;4;Fahrbahnteil1;UZ Freimann;A9 Richtung Nürnberg;Richtungfalse
3331;59571;Querschnitt3388;AQ9-210-Nbg;WZG9-210-Nbg_C3;75;9031342;48.247376645212;11.6425970945485;3388;520.75;;Betriebsstatus1;Streckenstation842;SST9-210;4;Fahrbahnteil1;UZ Freimann;A9 Richtung Nürnberg;Richtungfalse
3332;63198;Querschnitt3410;AQ9-240-Nbg;WZG9-240-Nbg_C3;75;9031287;48.2572278580464;11.6470960014591;3410;519.615;;Betriebsstatus1;Streckenstation841;SST9-240;4;Fahrbahnteil1;UZ Freimann;A9 Richtung Nürnberg;Richtungfalse
3333;51544;Querschnitt3432;AQ9-260-Nbg;WZG9-260-Nbg_C3;75;9031224;48.268670616131;11.6450855866312;3432;518.315;;Betriebsstatus1;Streckenstation839;SST9-260;4;Fahrbahnteil1;UZ Freimann;A9 Richtung Nürnberg;Richtungfalse
3334;54253;Querschnitt3443;AQ9-280-Nbg;WZG9-280-Nbg_C3;75;9031150;48.2820613887298;11.6404738390743;3443;516.8;;Betriebsstatus1;Streckenstation838;SST9-280;4;Fahrbahnteil1;UZ Freimann;A9 Richtung Nürnberg;Richtungfalse
3335;52224;Querschnitt3444;AQ9-310-Nbg;WZG9-310-Nbg_C3;75;9031076;48.2948924093383;11.6338886164033;3444;515.29;;Betriebsstatus1;Streckenstation837;SST9-310;4;Fahrbahnteil1;UZ Freimann;A9 Richtung Nürnberg;Richtungfalse
3336;55508;Querschnitt3446;AQ9-350-Nbg;WZG9-350-Nbg_C3;75;9031012;48.3057372091271;11.6275705705004;3446;514.0;;Betriebsstatus1;Streckenstation835;SST9-350;4;Fahrbahnteil1;UZ Freimann;A9 Richtung Nürnberg;Richtungfalse
3337;50562;Querschnitt3449;AQ9-370-Nbg;WZG9-370-Nbg_C3;75;9030910;48.32306533;11.61720279;3449;511.9;;Betriebsstatus3;Streckenstation830;SST9-370;4;Fahrbahnteil1;UZ Freimann;A9 Richtung Nürnberg;Richtungfalse
3338;60695;Querschnitt3450;AQ9-380-Nbg;WZG9-380-Nbg_C3;75;9030872;48.32986113;11.61361855;3450;511.09;;Betriebsstatus3;Streckenstation829;SST9-380;4;Fahrbahnteil1;UZ Freimann;A9 Richtung Nürnberg;Richtungfalse
3339;51378;Querschnitt3457;AQ9-650-Mch;WZG9-650-Mch_C3;107;9131070;48.2954745170593;11.6332865078053;3457;515.22;;Betriebsstatus1;Streckenstation866;SST9-650;4;Fahrbahnteil1;UZ Freimann;A9 Richtung M.-Zentrum;Richtungtrue
3340;52985;Querschnitt3459;AQ9-670-Mch;WZG9-670-Mch_C3;107;9131124;48.2861339965002;11.638243146664;3459;516.32;;Betriebsstatus1;Streckenstation867;SST9-670;4;Fahrbahnteil1;UZ Freimann;A9 Richtung M.-Zentrum;Richtungtrue
3341;53667;Querschnitt3461;AQ9-690-Mch;WZG9-690-Mch_C3;107;9131182;48.2756673791895;11.6424474134473;3461;517.53;;Betriebsstatus1;Streckenstation869;SST9-690;4;Fahrbahnteil1;UZ Freimann;A9 Richtung M.-Zentrum;Richtungtrue
3342;58798;Querschnitt3467;AQ9-730-Mch;WZG9-730-Mch_C3;107;9131271;48.2595511788624;11.6471175904975;3467;519.35;;Betriebsstatus1;Streckenstation874;SST9-730;4;Fahrbahnteil1;UZ Freimann;A9 Richtung M.-Zentrum;Richtungtrue
3343;57514;Querschnitt3470;AQ9-750-Mch;WZG9-750-Mch_C3;107;9131318;48.25134872;11.6442832;3470;520.3;;Betriebsstatus1;Streckenstation876;SST9-750;4;Fahrbahnteil1;UZ Freimann;A9 Richtung M.-Zentrum;Richtungtrue
3344;57988;Querschnitt3473;AQ9-780-Mch;WZG9-780-Mch_C3;107;9131361;48.24374881;11.64047071;3473;521.2;;Betriebsstatus1;Streckenstation879;SST9-780;4;Fahrbahnteil1;UZ Freimann;A9 Richtung M.-Zentrum;Richtungtrue
3345;52282;Querschnitt3480;AQ9-790-Mch;WZG9-790-Mch_C4;108;9131545;48.2113545663391;11.6242535321558;3480;524.98;;Betriebsstatus1;Streckenstation887;SST9-790;4;Fahrbahnteil1;UZ Freimann;A9 Richtung M.-Zentrum;Richtungtrue
3346;61863;Querschnitt150;AQQ229_Sbg_H;AQQ229_Sbg_C1;73;809140;47.8288808318423;12.6384404338306;150;98.95;;Betriebsstatus1;Streckenstation62;SSTQ229;4;Fahrbahnteil1;UZ Siegsdorf;A8-Ost Richtung Salzburg;Richtungfalse
3347;63244;Querschnitt156;AQQ233_Sbg_E;AQQ233_Sbg_C1;134;809165;47.8267062662252;12.6477428002655;156;99.7;;Betriebsstatus1;Streckenstation63;SSTQ233;4;Fahrbahnteil1;UZ Siegsdorf;A8-Ost Richtung Salzburg;Richtungfalse
3348;62762;Querschnitt3349;AQ103_Mch_H;AQ103_Mch_C1;3;916020;0.0;0.0;3349;481.95;;Betriebsstatus3;Streckenstation900;SSTDE103;4;Fahrbahnteil1;UZ Freimann;A9 Richtung M.-Zentrum;Richtungtrue
3349;60340;Querschnitt3353;AQ107_Mch_H;AQ107_Mch_C1;3;916050;0.0;0.0;3353;490.84;;Betriebsstatus3;Streckenstation904;SSTDE107;4;Fahrbahnteil1;UZ Freimann;A9 Richtung M.-Zentrum;Richtungtrue
3350;57911;Querschnitt162;AQQ235_Sbg_H;AQQ235_Sbg_C1;73;809202;47.8253303263459;12.6635253985684;162;100.9;;Betriebsstatus1;Streckenstation64;SSTQ235;4;Fahrbahnteil1;UZ Siegsdorf;A8-Ost Richtung Salzburg;Richtungfalse
3351;60196;Querschnitt163;AQQ235_Mch_H;AQQ235_Mch_C1;105;809202;47.8254150944346;12.6635139754679;163;100.9;;Betriebsstatus1;Streckenstation64;SSTQ235;4;Fahrbahnteil1;UZ Siegsdorf;A8-Ost Richtung M.-Zentrum;Richtungtrue
3352;59693;Querschnitt6092;MQ108a_Mch_H;DET108a_Mch_H3;35;918165;48.4942;11.5946;6092;492.4;;Betriebsstatus3;Streckenstation1639;SSTDE108a;1;Fahrbahnteil1;UZ Freimann;A9 Richtung M.-Zentrum;Richtungtrue
3353;55089;Querschnitt3488;AQ9-860-Mch;WZG9-860-Mch_CL1;99;9131737;48.1822888905017;11.5992231507387;3488;528.92;;Betriebsstatus1;Streckenstation895;SST9-860;4;Fahrbahnteil1;UZ Freimann;A9 Richtung M.-Zentrum;Richtungtrue
3354;60644;Querschnitt3512;AQ99-130-Sbg;WZG99-130-Sbg_C3;107;9908187;48.19432159;11.68655885;3512;29.55;;Betriebsstatus1;Streckenstation726;SST99-130;4;Fahrbahnteil1;UZ Aschheim;A99 Richtung Salzburg;Richtungfalse
3355;58552;Querschnitt166;AQQ237_Sbg_H;AQQ237_Sbg_C1;73;809253;47.8260029882467;12.684232239979;166;102.5;;Betriebsstatus1;Streckenstation65;SSTQ237;4;Fahrbahnteil1;UZ Siegsdorf;A8-Ost Richtung Salzburg;Richtungfalse
3356;54317;Querschnitt3489;AQ9-870-Mch;WZG9-870-Mch_CL1;99;9131763;48.1782367727795;11.5950824174191;3489;529.475;;Betriebsstatus1;Streckenstation896;SST9-870;4;Fahrbahnteil1;UZ Freimann;A9 Richtung M.-Zentrum;Richtungtrue
3357;58555;Querschnitt3487;AQ9-850-Mch;WZG9-850-Mch_CL1;99;9131667;48.1901338178999;11.6136975910454;3487;527.488;;Betriebsstatus0;Streckenstation893;SST9-850;4;Fahrbahnteil1;UZ Freimann;A9 Richtung M.-Zentrum;Richtungtrue
3358;54504;Querschnitt167;AQQ237_Mch_H;AQQ237_Mch_C1;105;809253;47.8260845357861;12.6841711582602;167;102.5;;Betriebsstatus1;Streckenstation65;SSTQ237;4;Fahrbahnteil1;UZ Siegsdorf;A8-Ost Richtung M.-Zentrum;Richtungtrue
3359;59603;Querschnitt3484;AQ9-830-Mch;WZG9-830-Mch_CL1;99;9131645;48.1933694;11.61537184;3484;527.04;;Betriebsstatus1;Streckenstation892;SST9-830;4;Fahrbahnteil1;UZ Freimann;A9 Richtung M.-Zentrum;Richtungtrue
3360;57774;Querschnitt882;Querschnitt882;Geraet893;35;9916676;48.1305809021;11.7589235306;882;38.761;;Betriebsstatus3;Streckenstation336;SSTQ3;1;Fahrbahnteil1;UZ Holzkirchen;A99 Richtung Salzburg;Richtungfalse
3361;60738;Querschnitt3431;AQ92-600-Mch;WZG92-600-Mch_C1;171;9216413;48.32086816;11.62813945;3431;13.87;;Betriebsstatus3;Streckenstation969;SST92-600;4;Fahrbahnteil1;UZ Freising;A92 Richtung M.-Zentrum;Richtungtrue
3362;61988;Querschnitt3486;Querschnitt3486;Geraet13493;166;9131645;0.0;0.0;3486;527.04;;Betriebsstatus3;Streckenstation892;SST9-830;4;Fahrbahnteil1;UZ Freimann;A9 Richtung M.-Zentrum;Richtungtrue
3363;56460;Querschnitt172;AQQ239_Sbg_H;AQQ239_Sbg_C1;73;809301;47.829055270609;12.7038075604291;172;104.025;;Betriebsstatus1;Streckenstation67;SSTQ239;4;Fahrbahnteil1;UZ Siegsdorf;A8-Ost Richtung Salzburg;Richtungfalse
3364;52534;Querschnitt3511;AQ99-127-Sbg_PW;WZG99-127-Sbg_PW1;161;9908142;48.19619825;11.67896086;3511;28.95;;Betriebsstatus1;Streckenstation725;SST99-127;4;Fahrbahnteil1;UZ Aschheim;A99 Richtung Salzburg;Richtungfalse
3365;55478;Querschnitt173;AQQ239_Mch_H;AQQ239_Mch_C1;105;809301;47.8291401190497;12.7037989161603;173;104.025;;Betriebsstatus1;Streckenstation67;SSTQ239;4;Fahrbahnteil1;UZ Siegsdorf;A8-Ost Richtung M.-Zentrum;Richtungtrue
3366;61285;Querschnitt3600;AQ99-752-Stg;WZG99-752-Stg_W1;129;9918222;48.19326894;11.69307534;3600;30.0;;Betriebsstatus1;Streckenstation782;SST99-752;4;Fahrbahnteil1;UZ Aschheim;A99 Richtung Lindau;Richtungtrue
3367;54776;Querschnitt3522;BMS99-153_Sbg;Geraet13556;162;9908441;48.18028525;11.72623278;3522;32.95;;Betriebsstatus1;Streckenstation734;SST99-153;4;Fahrbahnteil1;UZ Aschheim;A99 Richtung Salzburg;Richtungfalse
3368;54574;Querschnitt3595;AQ99-742-Stg;WZG99-742-Stg_W2;2;9918348;48.18751294;11.71392882;3595;31.67;;Betriebsstatus1;Streckenstation785;SST99-742;4;Fahrbahnteil1;UZ Aschheim;A99 Richtung Lindau;Richtungtrue
3369;51469;Querschnitt3455;AQ9-630-Mch;Geraet18317;108;9131020;48.3033372210072;11.6286985554213;3455;514.2;;Betriebsstatus1;Streckenstation863;SST9-630;4;Fahrbahnteil1;UZ Freimann;A9 Richtung M.-Zentrum;Richtungtrue
3370;57356;Querschnitt3514;AQ99-135-Sbg;WZG99-135-Sbg_W4;36;9908247;48.19215548;11.69711706;3514;30.37;;Betriebsstatus1;Streckenstation728;SST99-135;4;Fahrbahnteil1;UZ Aschheim;A99 Richtung Salzburg;Richtungfalse
3371;58033;Querschnitt179;AQQ245_Sbg_H;AQQ245_Sbg_C1;73;809373;47.8307512868277;12.7336050996555;179;106.27;;Betriebsstatus1;Streckenstation70;SSTQ245;4;Fahrbahnteil1;UZ Siegsdorf;A8-Ost Richtung Salzburg;Richtungfalse
3372;58172;Querschnitt3592;AQ99-738-Stg;WZG99-738-Stg_W4;4;9918383;48.18517262;11.71896237;3592;32.14;;Betriebsstatus1;Streckenstation787;SST99-738;4;Fahrbahnteil1;UZ Aschheim;A99 Richtung Lindau;Richtungtrue
3373;55631;Querschnitt180;AQQ245_Mch_H;AQQ245_Mch_C1;105;809373;47.8308372420959;12.7335772247149;180;106.27;;Betriebsstatus1;Streckenstation70;SSTQ245;4;Fahrbahnteil1;UZ Siegsdorf;A8-Ost Richtung M.-Zentrum;Richtungtrue
3374;56064;Querschnitt3456;AQ9-635-Mch;WZG9-635-Mch_W1;34;9131034;48.3016074633295;11.6297017831553;3456;514.486;;Betriebsstatus1;Streckenstation864;SST9-635;4;Fahrbahnteil1;UZ Freimann;A9 Richtung M.-Zentrum;Richtungtrue
3375;55231;Querschnitt144;MQQ220_Sbg_A;DETQ220_Sbg_A1;65;809045;47.8277199310267;12.5984472368738;144;95.915;;Betriebsstatus0;Streckenstation59;SSTQ220;1;Fahrbahnteil4;UZ Siegsdorf;A8-Ost Richtung Salzburg;Richtungfalse
3376;59127;Querschnitt185;AQQ247_Sbg_E;AQQ247_Sbg_C1;134;809388;47.8309322450734;12.739634582508;185;106.74;;Betriebsstatus1;Streckenstation71;SSTQ247;4;Fahrbahnteil3;UZ Siegsdorf;A8-Ost Richtung Salzburg;Richtungfalse
3377;59573;Querschnitt138;MQQ213_Sbg_H;DETQ213_Sbg_H2;2;809007;47.8283088218624;12.582769837527;138;94.745;81419030;Betriebsstatus1;Streckenstation57;SSTQ213;1;Fahrbahnteil1;UZ Siegsdorf;A8-Ost Richtung Salzburg;Richtungfalse
3378;53556;Querschnitt190;AQQ249_Sbg_H;AQQ249_Sbg_C1;73;809415;47.8278302287129;12.7500646970929;190;107.615;;Betriebsstatus1;Streckenstation72;SSTQ249;4;Fahrbahnteil1;UZ Siegsdorf;A8-Ost Richtung Salzburg;Richtungfalse
3379;51157;Querschnitt3464;AQ9-710-Mch;WZG9-710-Mch_W16;49;9131220;48.2684998453157;11.6448500909009;3464;518.33;;Betriebsstatus1;Streckenstation872;SST9-710;4;Fahrbahnteil1;UZ Freimann;A9 Richtung M.-Zentrum;Richtungtrue
3380;60184;Querschnitt3463;AQ9-700-Mch;WZG9-700-Mch_W17;50;9131200;48.2725183819712;11.6435053523898;3463;517.884;;Betriebsstatus1;Streckenstation871;SST9-700;4;Fahrbahnteil1;UZ Freimann;A9 Richtung M.-Zentrum;Richtungtrue
3381;62062;Querschnitt191;AQQ249_Mch_H;AQQ249_Mch_C1;105;809415;47.8279043511247;12.7501354132705;191;107.615;;Betriebsstatus1;Streckenstation72;SSTQ249;4;Fahrbahnteil1;UZ Siegsdorf;A8-Ost Richtung M.-Zentrum;Richtungtrue
3382;53604;Querschnitt3482;Querschnitt3482;Geraet13820;41;9131598;0.0;0.0;3482;526.075;;Betriebsstatus3;Streckenstation889;SST9-800;4;Fahrbahnteil1;UZ Freimann;A9 Richtung M.-Zentrum;Richtungtrue
3383;60700;Querschnitt3454;AQ9-620-Mch;WZG9-620-Mch_W2;35;9131012;48.3054491187504;11.6274575722242;3454;514.02;;Betriebsstatus1;Streckenstation862;SST9-620;4;Fahrbahnteil1;UZ Freimann;A9 Richtung M.-Zentrum;Richtungtrue
3384;57993;Querschnitt3460;Querschnitt3460;Geraet13727;34;9131175;0.0;0.0;3460;517.375;;Betriebsstatus3;Streckenstation868;SST9-680;4;Fahrbahnteil1;UZ Freimann;A9 Richtung M.-Zentrum;Richtungtrue
3385;59655;Querschnitt3469;AQ9-740-Mch;WZG9-740-Mch_W21;56;9131292;48.2558483724416;11.646444092573;3469;519.78;;Betriebsstatus1;Streckenstation875;SST9-740;4;Fahrbahnteil1;UZ Freimann;A9 Richtung M.-Zentrum;Richtungtrue
3386;61651;Querschnitt3472;AQ9-760-Mch;WZG9-760-Mch_W21;56;9131330;48.2492008191916;11.643226824982;3472;520.565;;Betriebsstatus1;Streckenstation877;SST9-760;4;Fahrbahnteil1;UZ Freimann;A9 Richtung M.-Zentrum;Richtungtrue
3387;62712;Querschnitt196;AQQ253_Mch_H;AQQ253_Mch_C1;105;809477;47.8268132624479;12.7758145372437;196;109.57;;Betriebsstatus1;Streckenstation73;SSTQ253;4;Fahrbahnteil1;UZ Siegsdorf;A8-Ost Richtung M.-Zentrum;Richtungtrue
3388;62693;Querschnitt3474;Querschnitt3474;Geraet13774;38;916403;0.0;0.0;3474;521.34;;Betriebsstatus3;Streckenstation880;SST9-781;4;Fahrbahnteil1;UZ Freimann;A9 Richtung M.-Zentrum;Richtungtrue
3389;63107;Querschnitt3483;Querschnitt3483;Geraet13778;168;9131638;0.0;0.0;3483;526.9;;Betriebsstatus3;Streckenstation891;SST9-825;4;Fahrbahnteil1;UZ Freimann;A9 Richtung M.-Zentrum;Richtungtrue
3390;61028;Querschnitt3485;Querschnitt3485;Geraet13779;165;9131645;0.0;0.0;3485;527.04;;Betriebsstatus3;Streckenstation892;SST9-830;4;Fahrbahnteil1;UZ Freimann;A9 Richtung M.-Zentrum;Richtungtrue
3391;55266;Querschnitt195;AQQ253_Sbg_H;AQQ253_Sbg_C1;73;809477;47.8267256481165;12.7757846632328;195;109.57;;Betriebsstatus1;Streckenstation73;SSTQ253;4;Fahrbahnteil1;UZ Siegsdorf;A8-Ost Richtung Salzburg;Richtungfalse
3392;57756;Querschnitt3363;Querschnitt3363;Geraet13784;133;9031670;0.0;0.0;3363;527.52;;Betriebsstatus3;Streckenstation855;SST9-080;4;Fahrbahnteil1;UZ Freimann;A9 Richtung Nürnberg;Richtungfalse
3393;53444;Querschnitt3371;AQ9-140-Nbg;WZG9-140-Nbg_W4;5;9031627;48.214761722571;11.6264979570309;3371;524.59;;Betriebsstatus1;Streckenstation853;SST9-140;4;Fahrbahnteil1;UZ Freimann;A9 Richtung Nürnberg;Richtungfalse
3394;62480;Querschnitt141;MQQ220_Sbg_E;DETQ220_Sbg_E1;129;809045;47.8277458435193;12.598770242481;141;95.915;;Betriebsstatus0;Streckenstation59;SSTQ220;1;Fahrbahnteil3;UZ Siegsdorf;A8-Ost Richtung Salzburg;Richtungfalse
3395;61528;Querschnitt3364;Querschnitt3364;Geraet13840;134;9031670;0.0;0.0;3364;527.52;;Betriebsstatus3;Streckenstation855;SST9-080;4;Fahrbahnteil1;UZ Freimann;A9 Richtung Nürnberg;Richtungfalse
3396;52654;Querschnitt3479;AQ9-789-Mch;WZG9-789-Mch_W7;43;9131536;48.2132054526878;11.6251817018907;3479;524.77;;Betriebsstatus1;Streckenstation886;SST9-789;4;Fahrbahnteil1;UZ Freimann;A9 Richtung M.-Zentrum;Richtungtrue
3397;54825;Querschnitt3367;AQ9-125-Nbg;WZG9-125-Nbg_W8;9;9031582;48.2054010808179;11.6215461995129;3367;525.67;;Betriebsstatus1;Streckenstation850;SST9-125;4;Fahrbahnteil1;UZ Freimann;A9 Richtung Nürnberg;Richtungfalse
3398;62765;Querschnitt3368;AQ9-130-Nbg;WZG9-130-Nbg_W8;9;9031570;48.2080802235038;11.6229302714594;3368;525.36;;Betriebsstatus1;Streckenstation849;SST9-130;4;Fahrbahnteil1;UZ Freimann;A9 Richtung Nürnberg;Richtungfalse
3399;52294;Querschnitt201;AQQ255_Sbg_H;AQQ255_Sbg_C1;73;809517;47.8283521972997;12.7919927806658;201;110.825;;Betriebsstatus1;Streckenstation74;SSTQ255;4;Fahrbahnteil1;UZ Siegsdorf;A8-Ost Richtung Salzburg;Richtungfalse
3400;53318;Querschnitt3481;AQ9-793-Mch;WZG9-793-Mch_W8;44;9131466;48.2082472618058;11.6226942986194;3481;525.36;;Betriebsstatus1;Streckenstation882;SST9-793;4;Fahrbahnteil1;UZ Freimann;A9 Richtung M.-Zentrum;Richtungtrue
3401;55567;Querschnitt202;AQQ255_Mch_H;AQQ255_Mch_C1;105;809517;47.8284312321971;12.7919502841693;202;110.825;;Betriebsstatus1;Streckenstation74;SSTQ255;4;Fahrbahnteil1;UZ Siegsdorf;A8-Ost Richtung M.-Zentrum;Richtungtrue
3402;57617;Querschnitt3524;Querschnitt3524;Geraet13896;98;9908453;0.0;0.0;3524;33.15;;Betriebsstatus3;Streckenstation735;SST99-155;4;Fahrbahnteil1;UZ Aschheim;A99 Richtung Salzburg;Richtungfalse
3403;62368;Querschnitt3593;AQ99-740-Stg;Geraet13901;130;9918368;48.1863752846374;11.716425293603;3593;31.929;;Betriebsstatus1;Streckenstation786;SST99-740;4;Fahrbahnteil1;UZ Aschheim;A99 Richtung Lindau;Richtungtrue
3404;55473;Querschnitt3516;AQ99-138-Sbg;WZG99-138-Sbg_PW2;162;9908317;48.18927064;11.70835095;3516;31.28;;Betriebsstatus1;Streckenstation730;SST99-138;4;Fahrbahnteil1;UZ Aschheim;A99 Richtung Salzburg;Richtungfalse
3405;57151;Querschnitt3518;AQ99-140-Sbg;WZG99-140-Sbg_PW2;162;9908353;48.186881298603;11.7147998536602;3518;31.8;;Betriebsstatus1;Streckenstation731;SST99-140;4;Fahrbahnteil1;UZ Aschheim;A99 Richtung Salzburg;Richtungfalse
3406;55962;Querschnitt3578;AQ99-710-Stg;Geraet13906;130;9918724;48.1513003478337;11.7541410578183;3578;36.75;;Betriebsstatus1;Streckenstation798;SST99-710;4;Fahrbahnteil1;UZ Aschheim;A99 Richtung Lindau;Richtungtrue
3407;61525;Querschnitt3588;AQ99-730-Stg;Geraet13908;130;9918480;48.1770004403795;11.7308644940399;3588;33.43;;Betriebsstatus1;Streckenstation791;SST99-730;4;Fahrbahnteil1;UZ Aschheim;A99 Richtung Lindau;Richtungtrue
3408;58483;Querschnitt3596;AQ99-746-Stg;Geraet13909;130;9918291;48.19070894;11.70457682;3596;30.9;;Betriebsstatus1;Streckenstation784;SST99-746;4;Fahrbahnteil1;UZ Aschheim;A99 Richtung Lindau;Richtungtrue
3409;52201;Querschnitt3598;AQ99-750-Stg;Geraet13910;130;9918242;48.19248776;11.69694025;3598;30.3;;Betriebsstatus1;Streckenstation783;SST99-750;4;Fahrbahnteil1;UZ Aschheim;A99 Richtung Lindau;Richtungtrue
3410;62659;Querschnitt206;AQQ257_Sbg_H;AQQ257_Sbg_C1;73;809581;47.8266565560618;12.8179172477413;206;112.83;;Betriebsstatus1;Streckenstation76;SSTQ257;4;Fahrbahnteil1;UZ Siegsdorf;A8-Ost Richtung Salzburg;Richtungfalse
3411;53102;Querschnitt207;AQQ257_Mch_H;AQQ257_Mch_C1;105;809581;47.8267330100863;12.8179863934337;207;112.83;;Betriebsstatus1;Streckenstation76;SSTQ257;4;Fahrbahnteil1;UZ Siegsdorf;A8-Ost Richtung M.-Zentrum;Richtungtrue
3412;61079;Querschnitt146;MQQ227_Mch_E;DETQ227_Mch_E1;161;809128;47.8294892761057;12.6329368454268;146;98.545;;Betriebsstatus1;Streckenstation61;SSTQ227;1;Fahrbahnteil3;UZ Siegsdorf;A8-Ost Richtung M.-Zentrum;Richtungtrue
3413;51059;Querschnitt147;MQQ227_Sbg_A;DETQ227_Sbg_A1;65;809128;47.829082867989;12.6326253667429;147;98.545;;Betriebsstatus1;Streckenstation61;SSTQ227;1;Fahrbahnteil4;UZ Siegsdorf;A8-Ost Richtung Salzburg;Richtungfalse
3414;51740;Querschnitt211;AQQ259_Sbg_H;AQQ259_Sbg_C1;73;809634;47.8152630918339;12.8319749955493;211;114.5;;Betriebsstatus1;Streckenstation77;SSTQ259;4;Fahrbahnteil1;UZ Siegsdorf;A8-Ost Richtung Salzburg;Richtungfalse
3415;57840;Querschnitt3801;GMA9-750_Nbg;WUD_GT_9-240_Mch;103;9131318;48.25131845;11.64449718;3801;520.29;80000848;Betriebsstatus1;Streckenstation876;SST9-750;3;Fahrbahnteil1;UZ Freimann;A9 Richtung Nürnberg;Richtungfalse
3416;51870;Querschnitt3812;GMA9-610-Nbg;WUD_GT_9-610-Nbg;103;9130976;48.311944361287;11.6239931025782;3812;513.255;80000845;Betriebsstatus1;Streckenstation861;SST9-610;3;Fahrbahnteil1;UZ Freimann;A9 Richtung Nürnberg;Richtungfalse
3417;52650;Querschnitt3814;GMA9-670-Nbg;WUD_GT_9-670-Nbg;103;9131124;48.2861765754152;11.6386794484226;3814;516.32;80000840;Betriebsstatus1;Streckenstation867;SST9-670;3;Fahrbahnteil1;UZ Freimann;A9 Richtung Nürnberg;Richtungfalse
3418;61246;Querschnitt3817;GMA9-790-Nbg;WUD_GT_9-790-Nbg;103;9131545;48.2113679826397;11.6247571053244;3817;524.97;80000858;Betriebsstatus1;Streckenstation887;SST9-790;3;Fahrbahnteil1;UZ Freimann;A9 Richtung Nürnberg;Richtungfalse
3419;62152;Querschnitt212;AQQ259_Mch_H;AQQ259_Mch_C1;105;809634;47.8153065986219;12.8320789650656;212;114.5;;Betriebsstatus1;Streckenstation77;SSTQ259;4;Fahrbahnteil1;UZ Siegsdorf;A8-Ost Richtung M.-Zentrum;Richtungtrue
3420;57832;Querschnitt217;AQQ261_Mch_H;AQQ261_Mch_C1;105;809674;47.8069297378685;12.8431603330743;217;115.76;;Betriebsstatus1;Streckenstation78;SSTQ261;4;Fahrbahnteil1;UZ Siegsdorf;A8-Ost Richtung M.-Zentrum;Richtungtrue
3421;57772;Querschnitt3734;GMA_HK_99-127-Sbg;WUD_HK_99-127-Sbg;33;9908142;48.19619825;11.67896086;3734;28.95;;Betriebsstatus1;Streckenstation725;SST99-127;3;Fahrbahnteil1;UZ Aschheim;A99 Richtung Salzburg;Richtungfalse
3422;59911;Querschnitt3735;GMA_HK_99-130-Sbg;WUD_HK_99-130-Sbg;33;9908187;48.19432159;11.68655885;3735;29.55;;Betriebsstatus1;Streckenstation726;SST99-130;3;Fahrbahnteil1;UZ Aschheim;A99 Richtung Salzburg;Richtungfalse
3423;61303;Querschnitt3736;GMA_HK_99-132-Sbg;WUD_HK_99-132-Sbg;33;9908219;48.19324725;11.69169006;3736;29.95;;Betriebsstatus1;Streckenstation727;SST99-132;3;Fahrbahnteil1;UZ Aschheim;A99 Richtung Salzburg;Richtungfalse
3424;50826;Querschnitt3739;GMA_HK_99-145-Sbg;WUD_HK_99-145-Sbg;33;9908379;48.18511157;11.71831865;3739;32.15;;Betriebsstatus1;Streckenstation732;SST99-145;3;Fahrbahnteil1;UZ Aschheim;A99 Richtung Salzburg;Richtungfalse
3425;60506;Querschnitt216;AQQ261_Sbg_H;AQQ261_Sbg_C1;73;809674;47.8068633369817;12.8430773404438;216;115.76;;Betriebsstatus1;Streckenstation78;SSTQ261;4;Fahrbahnteil1;UZ Siegsdorf;A8-Ost Richtung Salzburg;Richtungfalse
3426;59505;Querschnitt3742;GMA_HK_99-160-Sbg;WUD_HK_99-160-Sbg;33;9908473;48.17698333;11.73021918;3742;33.62;;Betriebsstatus1;Streckenstation736;SST99-160;3;Fahrbahnteil1;UZ Aschheim;A99 Richtung Salzburg;Richtungfalse
3427;61909;Querschnitt3744;GMA_HK_99-180-Sbg;WUD_HK_99-180-Sbg;33;9908508;48.17349801;11.73395552;3744;34.13;;Betriebsstatus1;Streckenstation738;SST99-180;3;Fahrbahnteil1;UZ Aschheim;A99 Richtung Salzburg;Richtungfalse
3428;59351;Querschnitt4222;BMSDF4;BMSDF4_Netz;3;162742;0.0;0.0;4222;492.4;;Betriebsstatus3;Streckenstation825;SSTDF4;6;Fahrbahnteil1;UZ Freimann;A9 Richtung M.-Zentrum;Richtungtrue
3429;55704;Querschnitt3778;GMA_HK_99-746-Stg;WUD_HK_99-746-Stg;1;9918291;48.19070894;11.70457682;3778;30.9;;Betriebsstatus1;Streckenstation784;SST99-746;3;Fahrbahnteil1;UZ Aschheim;A99 Richtung Lindau;Richtungtrue
3430;63283;Querschnitt3779;GMA_HK_99-750-Stg;WUD_HK_99-750-Stg;1;9918242;48.19248776;11.69694025;3779;30.3;;Betriebsstatus1;Streckenstation783;SST99-750;3;Fahrbahnteil1;UZ Aschheim;A99 Richtung Lindau;Richtungtrue
3431;52866;Querschnitt3622;GMA_HK_9-110-Nbg;WUD_HK_9-110-Nbg;1;9031599;48.2025103979559;11.620243680516;3622;526.02;;Betriebsstatus1;Streckenstation852;SST9-110;3;Fahrbahnteil1;UZ Freimann;A9 Richtung Nürnberg;Richtungfalse
3432;62292;Querschnitt3623;GMA_HK_9-120-Nbg-r;WUD_HK_9-120-Nbg-r;1;9031589;48.2042811839945;11.6215199579929;3623;525.82;;Betriebsstatus1;Streckenstation851;SST9-120;3;Fahrbahnteil1;UZ Freimann;A9 Richtung Nürnberg;Richtungfalse
3433;62753;Querschnitt3624;GMA_HK_9-135-Nbg;WUD_HK_9-135-Nbg;1;9031550;48.210942188009;11.6245438662733;3624;525.02;;Betriebsstatus1;Streckenstation848;SST9-135;3;Fahrbahnteil1;UZ Freimann;A9 Richtung Nürnberg;Richtungfalse
3434;58138;Querschnitt3625;GMA_HK_9-155-Nbg;WUD_HK_9-155-Nbg;1;9031517;48.2166719979116;11.6273307828002;3625;524.35;;Betriebsstatus1;Streckenstation846;SST9-155;3;Fahrbahnteil1;UZ Freimann;A9 Richtung Nürnberg;Richtungfalse
3435;51841;Querschnitt3628;GMA_HK_9-168-Nbg;WUD_HK_9-168-Nbg;1;9031470;48.2249932867119;11.6319847711614;3628;523.375;;Betriebsstatus1;Streckenstation845;SST9-166;3;Fahrbahnteil1;UZ Freimann;A9 Richtung Nürnberg;Richtungfalse
3436;52935;Querschnitt3629;GMA_HK_9-170-Nbg;WUD_HK_9-170-Nbg;1;9031423;48.2331477104584;11.6356512154715;3629;522.42;;Betriebsstatus1;Streckenstation844;SST9-170;3;Fahrbahnteil1;UZ Freimann;A9 Richtung Nürnberg;Richtungfalse
3437;52877;Querschnitt3630;GMA_HK_9-180-Nbg;WUD_HK_9-180-Nbg;1;9031376;48.2412394425633;11.6399239390773;3630;521.45;;Betriebsstatus1;Streckenstation843;SST9-180;3;Fahrbahnteil1;UZ Freimann;A9 Richtung Nürnberg;Richtungfalse
3438;63302;Querschnitt3641;GMA_HK_9-210-Nbg;WUD_HK_9-210-Nbg;1;9031342;48.2473571849336;11.6427713821981;3641;520.75;;Betriebsstatus1;Streckenstation842;SST9-210;3;Fahrbahnteil1;UZ Freimann;A9 Richtung Nürnberg;Richtungfalse
3439;59042;Querschnitt3645;GMA_HK_92-130-Deg_P;WUD_HK_92-130_P;2;9206417;48.32105937;11.63127933;3645;14.0;;Betriebsstatus1;Streckenstation936;SST92-130;3;Fahrbahnteil1;UZ Freising;A92 Richtung Deggendorf;Richtungfalse
3440;56897;Querschnitt3659;GMA_HK_9-240-Nbg;WUD_HK_9-240-Nbg;1;9031287;48.2571933664378;11.6472517448449;3659;519.615;;Betriebsstatus1;Streckenstation841;SST9-240;3;Fahrbahnteil1;UZ Freimann;A9 Richtung Nürnberg;Richtungfalse
3441;58265;Querschnitt3673;GMA_HK_92-600-Mch;WUD_HK_92-600;33;9216413;48.32072762;11.62825778;3673;13.87;;Betriebsstatus3;Streckenstation969;SST92-600;3;Fahrbahnteil1;UZ Freising;A92 Richtung M.-Zentrum;Richtungtrue
3442;56955;Querschnitt3674;GMA_HK_9-260-Nbg;WUD_HK_9-260-Nbg;1;9031224;48.2687148731282;11.6452543774006;3674;518.315;;Betriebsstatus1;Streckenstation839;SST9-260;3;Fahrbahnteil1;UZ Freimann;A9 Richtung Nürnberg;Richtungfalse
3443;51708;Querschnitt3684;GMA_HK_9-280-Nbg;WUD_HK_9-280-Nbg;1;9031150;48.2820732579284;11.6406685595653;3684;516.8;;Betriebsstatus1;Streckenstation838;SST9-280;3;Fahrbahnteil1;UZ Freimann;A9 Richtung Nürnberg;Richtungfalse
3444;54044;Querschnitt3685;GMA_HK_9-310-Nbg;WUD_HK_9-310-Nbg;1;9031076;48.2949211677344;11.6340600953236;3685;515.32;;Betriebsstatus1;Streckenstation837;SST9-310;3;Fahrbahnteil1;UZ Freimann;A9 Richtung Nürnberg;Richtungfalse
3445;55607;Querschnitt3686;GMA_HK_9-330-Nbg;WUD_HK_9-330-Nbg;1;9031054;48.2992410982891;11.6318451163689;3686;514.8;;Betriebsstatus1;Streckenstation836;SST9-330;3;Fahrbahnteil1;UZ Freimann;A9 Richtung Nürnberg;Richtungfalse
3446;53833;Querschnitt3687;GMA_HK_9-350-Nbg;WUD_HK_9-350-Nbg;1;9031012;48.3057539370897;11.6277487022743;3687;514.0;;Betriebsstatus1;Streckenstation835;SST9-350;3;Fahrbahnteil1;UZ Freimann;A9 Richtung Nürnberg;Richtungfalse
3447;63204;Querschnitt3688;GMA_HK_9-360-Nbg;WUD_HK_9-360-Nbg;1;9030975;48.3117030006725;11.62415823155;3688;513.23;;Betriebsstatus1;Streckenstation833;SST9-360;3;Fahrbahnteil1;UZ Freimann;A9 Richtung Nürnberg;Richtungfalse
3448;58791;Querschnitt3690;GMA_HK_9-370-Nbg;WUD_HK_9-370-Nbg;1;9030910;48.32306533;11.61720279;3690;511.9;;Betriebsstatus3;Streckenstation830;SST9-370;3;Fahrbahnteil1;UZ Freimann;A9 Richtung Nürnberg;Richtungfalse
3449;55285;Querschnitt3691;GMA_HK_9-380-Nbg;WUD_HK_9-380-Nbg;1;9030872;48.32986113;11.61361855;3691;511.09;;Betriebsstatus3;Streckenstation829;SST9-380;3;Fahrbahnteil1;UZ Freimann;A9 Richtung Nürnberg;Richtungfalse
3450;53636;Querschnitt3692;GMA_HK_9-600-Mch;WUD_HK_9-600-Mch;33;9130930;48.3193380104779;11.618920097811;3692;512.35;;Betriebsstatus1;Streckenstation858;SST9-600;3;Fahrbahnteil1;UZ Freimann;A9 Richtung M.-Zentrum;Richtungtrue
3451;56321;Querschnitt3693;GMA_HK_9-610-Mch;WUD_HK_9-610-Mch;33;9130976;48.3116573449878;11.6232366193498;3693;513.265;;Betriebsstatus1;Streckenstation861;SST9-610;3;Fahrbahnteil1;UZ Freimann;A9 Richtung M.-Zentrum;Richtungtrue
3452;54560;Querschnitt3694;GMA_HK_9-630-Mch;WUD_HK_9-630-Mch;33;9131020;48.3032776042285;11.6285378251928;3694;514.2;;Betriebsstatus1;Streckenstation863;SST9-630;3;Fahrbahnteil1;UZ Freimann;A9 Richtung M.-Zentrum;Richtungtrue
3453;60532;Querschnitt3695;GMA_HK_9-650-Mch;WUD_HK_9-650-Mch;33;9131070;48.2954243338056;11.6331423141368;3695;515.22;;Betriebsstatus1;Streckenstation866;SST9-650;3;Fahrbahnteil1;UZ Freimann;A9 Richtung M.-Zentrum;Richtungtrue
3454;60460;Querschnitt3696;GMA_HK_9-670-Mch;WUD_HK_9-670-Mch;33;9131124;48.2860757112732;11.6380638287319;3696;516.32;;Betriebsstatus1;Streckenstation867;SST9-670;3;Fahrbahnteil1;UZ Freimann;A9 Richtung M.-Zentrum;Richtungtrue
3455;61964;Querschnitt3697;GMA_HK_9-690-Mch;WUD_HK_9-690-Mch;33;9131182;48.2756293029385;11.6422811895521;3697;517.53;;Betriebsstatus1;Streckenstation869;SST9-690;3;Fahrbahnteil1;UZ Freimann;A9 Richtung M.-Zentrum;Richtungtrue
3456;60529;Querschnitt3698;GMA_HK_9-695-Mch;WUD_HK_9-695-Mch;33;9131186;48.2749505091605;11.6423533657698;3698;517.6;;Betriebsstatus1;Streckenstation870;SST9-695;3;Fahrbahnteil1;UZ Freimann;A9 Richtung M.-Zentrum;Richtungtrue
3457;58435;Querschnitt3700;GMA_HK_9-720-Mch;WUD_HK_9-720_Mch;33;9131239;48.2654111;11.64525563;3700;518.68;;Betriebsstatus1;Streckenstation873;SST9-720;3;Fahrbahnteil1;UZ Freimann;A9 Richtung M.-Zentrum;Richtungtrue
3458;62567;Querschnitt221;AQQ265_Sbg_H;AQQ265_Sbg_C1;73;809730;47.7963539842533;12.8605095212704;221;117.51;;Betriebsstatus1;Streckenstation79;SSTQ265;4;Fahrbahnteil1;UZ Siegsdorf;A8-Ost Richtung Salzburg;Richtungfalse
3459;61804;Querschnitt3701;GMA_HK_9-730-Mch;WUD_HK_9-730-Mch;33;9131271;48.2595656416947;11.6469541301055;3701;519.35;;Betriebsstatus1;Streckenstation874;SST9-730;3;Fahrbahnteil1;UZ Freimann;A9 Richtung M.-Zentrum;Richtungtrue
3460;62941;Querschnitt3702;GMA_HK_9-740-Mch;WUD_HK_9-740-Mch;33;9131292;48.255847313619;11.646257815987;3702;519.78;;Betriebsstatus1;Streckenstation875;SST9-740;3;Fahrbahnteil1;UZ Freimann;A9 Richtung M.-Zentrum;Richtungtrue
3461;58375;Querschnitt3703;GMA_HK_9-750-Mch;WUD_HK_9-750-Mch;33;9131318;48.2513973952104;11.644153239211;3703;520.3;;Betriebsstatus1;Streckenstation876;SST9-750;3;Fahrbahnteil1;UZ Freimann;A9 Richtung M.-Zentrum;Richtungtrue
3462;63197;Querschnitt3704;GMA_HK_9-760-Mch;WUD_HK_9-760-Mch;33;9131330;48.2492190521809;11.643054247633;3704;520.565;;Betriebsstatus1;Streckenstation877;SST9-760;3;Fahrbahnteil1;UZ Freimann;A9 Richtung M.-Zentrum;Richtungtrue
3463;55156;Querschnitt3705;GMA_HK_9-780-Mch;WUD_HK_9-780-Mch;33;9131361;48.2437878014923;11.6403111319589;3705;521.2;;Betriebsstatus1;Streckenstation879;SST9-780;3;Fahrbahnteil1;UZ Freimann;A9 Richtung M.-Zentrum;Richtungtrue
3464;53281;Querschnitt3706;GMA_HK_9-782-Mch;WUD_HK_9-782-Mch;33;9131439;48.2296692759014;11.6333136348444;3706;522.8;;Betriebsstatus1;Streckenstation881;SST9-782;3;Fahrbahnteil1;UZ Freimann;A9 Richtung M.-Zentrum;Richtungtrue
3465;56571;Querschnitt3707;GMA_HK_9-783-Mch;WUD_HK_9-783-Mch;33;9131486;48.2225444092555;11.629669866518;3707;523.66;;Betriebsstatus1;Streckenstation884;SST9-783;3;Fahrbahnteil1;UZ Freimann;A9 Richtung M.-Zentrum;Richtungtrue
3466;54643;Querschnitt3708;GMA_HK_9-786-Mch;WUD_HK_9-786-Mch;33;9131500;48.2193442660671;11.6278254827197;3708;524.06;;Betriebsstatus1;Streckenstation885;SST9-786;3;Fahrbahnteil1;UZ Freimann;A9 Richtung M.-Zentrum;Richtungtrue
3467;63038;Querschnitt3709;GMA_HK_9-788-Mch;WUD_HK_9-788-Mch;34;9131500;48.2192324433315;11.6280958871743;3709;524.06;;Betriebsstatus1;Streckenstation885;SST9-786;3;Fahrbahnteil1;UZ Freimann;A9 Richtung M.-Zentrum;Richtungtrue
3468;60965;Querschnitt3710;GMA_HK_9-789-Mch;WUD_HK_9-789-Mch;33;9131536;48.2132550267498;11.6250408528969;3710;524.77;;Betriebsstatus1;Streckenstation886;SST9-789;3;Fahrbahnteil1;UZ Freimann;A9 Richtung M.-Zentrum;Richtungtrue
3469;56133;Querschnitt3711;GMA_HK_9-790-Mch;WUD_HK_9-790-Mch;33;9131545;48.2113995309593;11.6240997808654;3711;524.98;;Betriebsstatus1;Streckenstation887;SST9-790;3;Fahrbahnteil1;UZ Freimann;A9 Richtung M.-Zentrum;Richtungtrue
3470;61228;Querschnitt3712;GMA_HK_9-793-Mch;WUD_HK_9-793-Mch;33;9131466;48.2082702872767;11.6225447690225;3712;525.36;;Betriebsstatus1;Streckenstation882;SST9-793;3;Fahrbahnteil1;UZ Freimann;A9 Richtung M.-Zentrum;Richtungtrue
3471;56802;Querschnitt3713;Querschnitt3713;Geraet14192;33;9131638;0.0;0.0;3713;526.9;;Betriebsstatus3;Streckenstation891;SST9-825;3;Fahrbahnteil1;UZ Freimann;A9 Richtung M.-Zentrum;Richtungtrue
3472;58592;Querschnitt3714;GMA_HK_9-830-Mch;WUD_HK_9-830-Mch;33;9131645;48.1934583511697;11.6153084533312;3714;527.04;;Betriebsstatus1;Streckenstation892;SST9-830;3;Fahrbahnteil1;UZ Freimann;A9 Richtung M.-Zentrum;Richtungtrue
3473;54360;Querschnitt3715;GMA_HK_9-850-Mch;WUD_HK_9-850-Mch;33;9131667;48.1901378861506;11.613597140748;3715;527.46;;Betriebsstatus0;Streckenstation893;SST9-850;3;Fahrbahnteil1;UZ Freimann;A9 Richtung M.-Zentrum;Richtungtrue
3474;55495;Querschnitt148;MQQ227_Sbg_E;DETQ227_Sbg_E1;129;809128;47.8290663341286;12.6332284138046;148;98.545;;Betriebsstatus1;Streckenstation61;SSTQ227;1;Fahrbahnteil3;UZ Siegsdorf;A8-Ost Richtung Salzburg;Richtungfalse
3475;63234;Querschnitt222;AQQ265_Mch_H;AQQ265_Mch_C1;105;809730;47.7964178832027;12.8606003828512;222;117.51;;Betriebsstatus1;Streckenstation79;SSTQ265;4;Fahrbahnteil1;UZ Siegsdorf;A8-Ost Richtung M.-Zentrum;Richtungtrue
3476;58111;Querschnitt227;AQQ269_Sbg_H;AQQ269_Sbg_C1;73;809779;47.7849509771296;12.8727642806148;227;119.08;;Betriebsstatus1;Streckenstation81;SSTQ269;4;Fahrbahnteil1;UZ Siegsdorf;A8-Ost Richtung Salzburg;Richtungfalse
3477;60860;Querschnitt228;AQQ269_Mch_H;AQQ269_Mch_C1;105;809779;47.7850001131313;12.8728750533857;228;119.08;;Betriebsstatus1;Streckenstation81;SSTQ269;4;Fahrbahnteil1;UZ Siegsdorf;A8-Ost Richtung M.-Zentrum;Richtungtrue
3478;58624;Querschnitt3825;GMA99-130-Sbg;WUD_NS_99-130-Sbg;35;9908187;48.19437486;11.68630295;3825;29.54;;Betriebsstatus1;Streckenstation726;SST99-130;3;Fahrbahnteil1;UZ Aschheim;A99 Richtung Salzburg;Richtungfalse
3479;52453;Querschnitt3109;MQ9-120-Nbg_E;DET9-120-Nbg_E2;130;9031589;48.2040750215616;11.6219227141641;3109;525.82;;Betriebsstatus1;Streckenstation851;SST9-120;1;Fahrbahnteil3;UZ Freimann;A9 Richtung Nürnberg;Richtungfalse
3480;57931;Querschnitt149;MQQ227_Mch_A;DETQ227_Mch_A1;97;809128;47.8294947627893;12.6332198857401;149;98.545;;Betriebsstatus1;Streckenstation61;SSTQ227;1;Fahrbahnteil4;UZ Siegsdorf;A8-Ost Richtung M.-Zentrum;Richtungtrue
3481;56457;Querschnitt3815;GMA9-785-Mch;WUD_NS_9-785-Mch;81;9131479;48.2232267960407;11.6301028914127;3815;523.6;80000553;Betriebsstatus1;Streckenstation883;SST9-785;3;Fahrbahnteil1;UZ Freimann;A9 Richtung M.-Zentrum;Richtungtrue
3482;62901;Querschnitt230;AQQ271_Sbg_H;AQQ271_Sbg_C1;73;809809;47.778784443654;12.8809575780926;230;120.0;;Betriebsstatus1;Streckenstation82;SSTQ271;4;Fahrbahnteil1;UZ Siegsdorf;A8-Ost Richtung Salzburg;Richtungfalse
3483;53555;Querschnitt3901;NMG99-755-Stg;WUD_SW_99-755-Stg;1;9918183;48.19465386;11.68638196;3901;29.47;;Betriebsstatus1;Streckenstation781;SST99-755;3;Fahrbahnteil1;UZ Aschheim;A99 Richtung Lindau;Richtungtrue
3484;56123;Querschnitt237;AQQ275_Mch_H;AQQ275_Mch_C1;105;809848;47.7710916829243;12.8930386615334;237;121.25;;Betriebsstatus1;Streckenstation84;SSTQ275;4;Fahrbahnteil1;UZ Siegsdorf;A8-Ost Richtung M.-Zentrum;Richtungtrue
3485;51818;Querschnitt236;AQQ275_Sbg_H;AQQ275_Sbg_C1;73;809848;47.7710274392596;12.892945198296;236;121.25;;Betriebsstatus1;Streckenstation84;SSTQ275;4;Fahrbahnteil1;UZ Siegsdorf;A8-Ost Richtung Salzburg;Richtungfalse
3486;57229;Querschnitt3867;NMG9-610-Mch;WUD_SW_9-610-Mch;73;9130976;48.3117399806641;11.6231834606072;3867;513.255;;Betriebsstatus1;Streckenstation861;SST9-610;3;Fahrbahnteil1;UZ Freimann;A9 Richtung M.-Zentrum;Richtungtrue
3487;62797;Querschnitt3868;NMG9-635-Mch;WUD_SW_9-635-Mch;73;9131034;48.3015444083878;11.6295355360951;3868;514.486;;Betriebsstatus1;Streckenstation864;SST9-635;3;Fahrbahnteil1;UZ Freimann;A9 Richtung M.-Zentrum;Richtungtrue
3488;54950;Querschnitt3869;NMG9-650-Mch;WUD_SW_9-650-Mch;73;9131070;48.2954243338056;11.6331423141368;3869;515.22;;Betriebsstatus1;Streckenstation866;SST9-650;3;Fahrbahnteil1;UZ Freimann;A9 Richtung M.-Zentrum;Richtungtrue
3489;60552;Querschnitt3870;NMG9-670-Mch;WUD_SW_9-670-Mch;73;9131124;48.2860757112732;11.6380638287319;3870;516.32;;Betriebsstatus1;Streckenstation867;SST9-670;3;Fahrbahnteil1;UZ Freimann;A9 Richtung M.-Zentrum;Richtungtrue
3490;57178;Querschnitt3871;NMG9-695-Mch;WUD_SW_9-695-Mch;73;9131186;48.2749505091605;11.6423533657698;3871;517.6;;Betriebsstatus1;Streckenstation870;SST9-695;3;Fahrbahnteil1;UZ Freimann;A9 Richtung M.-Zentrum;Richtungtrue
3491;58234;Querschnitt3872;NMG9-720-Mch;WUD_SW_9-720-Mch;73;9131239;48.2653998655443;11.6453084411812;3872;518.68;;Betriebsstatus1;Streckenstation873;SST9-720;3;Fahrbahnteil1;UZ Freimann;A9 Richtung M.-Zentrum;Richtungtrue
3492;52447;Querschnitt3873;NMG9-740-Mch;WUD_SW_9-740-Mch;73;9131292;48.255847313619;11.646257815987;3873;519.78;;Betriebsstatus1;Streckenstation875;SST9-740;3;Fahrbahnteil1;UZ Freimann;A9 Richtung M.-Zentrum;Richtungtrue
3493;54666;Querschnitt3874;NMG9-780-Mch;WUD_SW_9-780-Mch;73;9131361;48.243362134966;11.6400977051563;3874;521.25;;Betriebsstatus1;Streckenstation879;SST9-780;3;Fahrbahnteil1;UZ Freimann;A9 Richtung M.-Zentrum;Richtungtrue
3494;62641;Querschnitt3875;NMG9-790-Mch;WUD_SW_9-790-Mch;73;9131545;48.2114846900898;11.6241424280632;3875;524.97;;Betriebsstatus1;Streckenstation887;SST9-790;3;Fahrbahnteil1;UZ Freimann;A9 Richtung M.-Zentrum;Richtungtrue
3495;50987;Querschnitt3876;NMG9-830-Mch;WUD_SW_9-830-Mch;73;9131645;48.1934583511697;11.6153084533312;3876;527.04;;Betriebsstatus1;Streckenstation892;SST9-830;3;Fahrbahnteil1;UZ Freimann;A9 Richtung M.-Zentrum;Richtungtrue
3496;53622;Querschnitt3904;NMGDN01_Mch_H;WUD_SW_DN01_Mch_H;1;916115;0.0;0.0;3904;502.65;;Betriebsstatus3;Streckenstation912;SSTDN01;3;Fahrbahnteil1;UZ Freimann;A9 Richtung M.-Zentrum;Richtungtrue
3497;61330;Querschnitt3905;NMGDN01_Mch_N1;WUD_SW_DN01_Mch_N1;2;916115;0.0;0.0;3905;501.45;;Betriebsstatus3;Streckenstation912;SSTDN01;3;Fahrbahnteil1;UZ Freimann;A9 Richtung M.-Zentrum;Richtungtrue
3498;51576;Querschnitt3906;NMGDN01_Mch_N2;WUD_SW_DN01_Mch_N2;3;916115;0.0;0.0;3906;502.05;;Betriebsstatus3;Streckenstation912;SSTDN01;3;Fahrbahnteil1;UZ Freimann;A9 Richtung M.-Zentrum;Richtungtrue
3499;54449;Querschnitt3907;NMGDN01_Mch_N3;WUD_SW_DN01_Mch_N3;4;916115;0.0;0.0;3907;503.2;;Betriebsstatus3;Streckenstation912;SSTDN01;3;Fahrbahnteil1;UZ Freimann;A9 Richtung M.-Zentrum;Richtungtrue
3500;62036;Querschnitt3908;NMGDN01_Mch_N4;WUD_SW_DN01_Mch_N4;5;916115;0.0;0.0;3908;503.65;;Betriebsstatus3;Streckenstation912;SSTDN01;3;Fahrbahnteil1;UZ Freimann;A9 Richtung M.-Zentrum;Richtungtrue
3501;52000;Querschnitt3909;NMGDN01a_Mch_H;WUD_SW_DN01a_Mch_H;1;916085;0.0;0.0;3909;499.9;;Betriebsstatus3;Streckenstation908;SSTDN01a;3;Fahrbahnteil1;UZ Freimann;A9 Richtung M.-Zentrum;Richtungtrue
3502;59423;Querschnitt3910;NMGDN01a_Mch_N1;WUD_SW_DN01a_Mch_N1;2;916085;0.0;0.0;3910;498.65;;Betriebsstatus3;Streckenstation908;SSTDN01a;3;Fahrbahnteil1;UZ Freimann;A9 Richtung M.-Zentrum;Richtungtrue
3503;60204;Querschnitt3911;NMGDN01a_Mch_N2;WUD_SW_DN01a_Mch_N2;3;916085;0.0;0.0;3911;499.2;;Betriebsstatus3;Streckenstation908;SSTDN01a;3;Fahrbahnteil1;UZ Freimann;A9 Richtung M.-Zentrum;Richtungtrue
3504;51226;Querschnitt3912;NMGDN01a_Mch_N3;WUD_SW_DN01a_Mch_N3;4;916085;0.0;0.0;3912;500.3;;Betriebsstatus3;Streckenstation908;SSTDN01a;3;Fahrbahnteil1;UZ Freimann;A9 Richtung M.-Zentrum;Richtungtrue
3505;63106;Querschnitt3913;NMGDN01a_Mch_N4;WUD_SW_DN01a_Mch_N4;5;916085;0.0;0.0;3913;500.9;;Betriebsstatus3;Streckenstation908;SSTDN01a;3;Fahrbahnteil1;UZ Freimann;A9 Richtung M.-Zentrum;Richtungtrue
3506;60106;Querschnitt3914;NMGDN02_Mch_H;WUD_SW_DN02_Mch_H;1;916125;0.0;0.0;3914;504.8;;Betriebsstatus3;Streckenstation914;SSTDN02;3;Fahrbahnteil1;UZ Freimann;A9 Richtung M.-Zentrum;Richtungtrue
3507;58748;Querschnitt3915;NMGDN02_Mch_N1;WUD_SW_DN02_Mch_N1;2;916125;0.0;0.0;3915;504.0;;Betriebsstatus3;Streckenstation914;SSTDN02;3;Fahrbahnteil1;UZ Freimann;A9 Richtung M.-Zentrum;Richtungtrue
3508;61655;Querschnitt3916;NMGDN02_Mch_N2;WUD_SW_DN02_Mch_N2;3;916125;0.0;0.0;3916;504.51;;Betriebsstatus3;Streckenstation914;SSTDN02;3;Fahrbahnteil1;UZ Freimann;A9 Richtung M.-Zentrum;Richtungtrue
3509;55926;Querschnitt3917;NMGDN02_Mch_N3;WUD_SW_DN02_Mch_N3;4;916125;0.0;0.0;3917;505.25;;Betriebsstatus3;Streckenstation914;SSTDN02;3;Fahrbahnteil1;UZ Freimann;A9 Richtung M.-Zentrum;Richtungtrue
3510;60311;Querschnitt3918;NMGDN02_Mch_N4;WUD_SW_DN02_Mch_N4;5;916125;0.0;0.0;3918;505.6;;Betriebsstatus3;Streckenstation914;SSTDN02;3;Fahrbahnteil1;UZ Freimann;A9 Richtung M.-Zentrum;Richtungtrue
3511;53486;Querschnitt3919;NMGDN03_Mch_H;WUD_SW_DN03_Mch_H;1;916135;0.0;0.0;3919;506.75;;Betriebsstatus3;Streckenstation916;SSTDN03;3;Fahrbahnteil1;UZ Freimann;A9 Richtung M.-Zentrum;Richtungtrue
3512;54820;Querschnitt3920;NMGDN03_Mch_N1;WUD_SW_DN03_Mch_N1;2;916135;0.0;0.0;3920;506.05;;Betriebsstatus3;Streckenstation916;SSTDN03;3;Fahrbahnteil1;UZ Freimann;A9 Richtung M.-Zentrum;Richtungtrue
3513;62666;Querschnitt3921;NMGDN03_Mch_N2;WUD_SW_DN03_Mch_N2;3;916135;0.0;0.0;3921;506.4;;Betriebsstatus3;Streckenstation916;SSTDN03;3;Fahrbahnteil1;UZ Freimann;A9 Richtung M.-Zentrum;Richtungtrue
3514;51368;Querschnitt3922;NMGDN03_Mch_N3;WUD_SW_DN03_Mch_N3;4;916135;0.0;0.0;3922;507.2;;Betriebsstatus3;Streckenstation916;SSTDN03;3;Fahrbahnteil1;UZ Freimann;A9 Richtung M.-Zentrum;Richtungtrue
3515;56915;Querschnitt3923;NMGDN03_Mch_N4;WUD_SW_DN03_Mch_N4;5;916135;0.0;0.0;3923;507.73;;Betriebsstatus3;Streckenstation916;SSTDN03;3;Fahrbahnteil1;UZ Freimann;A9 Richtung M.-Zentrum;Richtungtrue
3516;55445;Querschnitt3924;NMGDN04_Mch_H;WUD_SW_DN04_Mch_H;1;916145;0.0;0.0;3924;508.8;;Betriebsstatus3;Streckenstation918;SSTDN04;3;Fahrbahnteil1;UZ Freimann;A9 Richtung M.-Zentrum;Richtungtrue
3517;54384;Querschnitt3925;NMGDN04_Mch_N1;WUD_SW_DN04_Mch_N1;2;916145;0.0;0.0;3925;508.02;;Betriebsstatus3;Streckenstation918;SSTDN04;3;Fahrbahnteil1;UZ Freimann;A9 Richtung M.-Zentrum;Richtungtrue
3518;57062;Querschnitt3926;NMGDN04_Mch_N2;WUD_SW_DN04_Mch_N2;3;916145;0.0;0.0;3926;508.4;;Betriebsstatus3;Streckenstation918;SSTDN04;3;Fahrbahnteil1;UZ Freimann;A9 Richtung M.-Zentrum;Richtungtrue
3519;55116;Querschnitt3927;NMGDN04_Mch_N3;WUD_SW_DN04_Mch_N3;4;916145;0.0;0.0;3927;509.2;;Betriebsstatus3;Streckenstation918;SSTDN04;3;Fahrbahnteil1;UZ Freimann;A9 Richtung M.-Zentrum;Richtungtrue
3520;53734;Querschnitt3928;NMGDN04_Mch_N4;WUD_SW_DN04_Mch_N4;5;916145;0.0;0.0;3928;509.76;;Betriebsstatus3;Streckenstation918;SSTDN04;3;Fahrbahnteil1;UZ Freimann;A9 Richtung M.-Zentrum;Richtungtrue
3521;51831;Querschnitt3929;NMGDN05_Mch_H;WUD_SW_DN05_Mch_H;1;916155;0.0;0.0;3929;510.83;;Betriebsstatus3;Streckenstation920;SSTDN05;3;Fahrbahnteil1;UZ Freimann;A9 Richtung M.-Zentrum;Richtungtrue
3522;62681;Querschnitt3930;NMGDN05_Mch_N1;WUD_SW_DN05_Mch_N1;2;916155;0.0;0.0;3930;510.08;;Betriebsstatus3;Streckenstation920;SSTDN05;3;Fahrbahnteil1;UZ Freimann;A9 Richtung M.-Zentrum;Richtungtrue
3523;51326;Querschnitt3931;NMGDN05_Mch_N2;WUD_SW_DN05_Mch_N2;3;916155;0.0;0.0;3931;510.4;;Betriebsstatus3;Streckenstation920;SSTDN05;3;Fahrbahnteil1;UZ Freimann;A9 Richtung M.-Zentrum;Richtungtrue
3524;59779;Querschnitt3932;NMGDN05_Mch_N3;WUD_SW_DN05_Mch_N3;4;916155;0.0;0.0;3932;511.25;;Betriebsstatus3;Streckenstation920;SSTDN05;3;Fahrbahnteil1;UZ Freimann;A9 Richtung M.-Zentrum;Richtungtrue
3525;56959;Querschnitt3933;NMGDN05_Mch_N4;WUD_SW_DN05_Mch_N4;5;916155;0.0;0.0;3933;511.63;;Betriebsstatus3;Streckenstation920;SSTDN05;3;Fahrbahnteil1;UZ Freimann;A9 Richtung M.-Zentrum;Richtungtrue
3526;59020;Querschnitt241;AQQ281_Sbg_E;AQQ281_Sbg_C1;133;809881;47.7664948962897;12.9044780355372;241;122.27;;Betriebsstatus1;Streckenstation86;SSTQ281;4;Fahrbahnteil3;UZ Siegsdorf;A8-Ost Richtung Salzburg;Richtungfalse
3527;58635;Querschnitt4223;BMSDF5;BMSDF5_Netz;3;162877;0.0;0.0;4223;498.0;;Betriebsstatus3;Streckenstation826;SSTDF5;6;Fahrbahnteil1;UZ Freimann;A9 Richtung M.-Zentrum;Richtungtrue
3528;54077;Querschnitt245;AQQ283_Sbg_H;AQQ283_Sbg_C1;73;809898;47.7661643188568;12.9120391987223;245;122.835;;Betriebsstatus1;Streckenstation88;SSTQ283;4;Fahrbahnteil1;UZ Siegsdorf;A8-Ost Richtung Salzburg;Richtungfalse
3529;57316;Querschnitt152;MQQ229_Sbg_H;DETQ229_Sbg_H2;2;809140;47.8288865494842;12.6383414085694;152;98.95;81419032;Betriebsstatus1;Streckenstation62;SSTQ229;1;Fahrbahnteil1;UZ Siegsdorf;A8-Ost Richtung Salzburg;Richtungfalse
3530;56598;Querschnitt3844;GMADF2_Mch_H;WUD_TT3_DF2_Mch_H;23;162468;0.0;0.0;3844;481.03;;Betriebsstatus3;Streckenstation823;SSTDF2;3;Fahrbahnteil1;UZ Freimann;A9 Richtung M.-Zentrum;Richtungtrue
3531;60224;Querschnitt248;AQQ287_Sbg_H;AQQ287_Sbg_C1;73;809928;47.7672678424666;12.9244839335067;248;123.768;;Betriebsstatus1;Streckenstation89;SSTQ287;4;Fahrbahnteil1;UZ Siegsdorf;A8-Ost Richtung Salzburg;Richtungfalse
3532;58051;Querschnitt3843;GMADF1_Mch_H;WUD_TT3_DF1_Mch_H;23;162328;0.0;0.0;3843;475.25;;Betriebsstatus3;Streckenstation822;SSTDF1;3;Fahrbahnteil1;UZ Freimann;A9 Richtung M.-Zentrum;Richtungtrue
3533;53728;Querschnitt3845;GMADF3_Mch_H;WUD_TT3_DF3_Mch_H;23;162571;0.0;0.0;3845;485.3;;Betriebsstatus3;Streckenstation824;SSTDF3;3;Fahrbahnteil1;UZ Freimann;A9 Richtung M.-Zentrum;Richtungtrue
3534;57052;Querschnitt3846;GMADF4_Mch_H;WUD_TT3_DF4_Mch_H;23;162742;0.0;0.0;3846;492.4;;Betriebsstatus3;Streckenstation825;SSTDF4;3;Fahrbahnteil1;UZ Freimann;A9 Richtung M.-Zentrum;Richtungtrue
3535;52847;Querschnitt3847;GMADF5_Mch_H;WUD_TT3_DF5_Mch_H;23;162877;0.0;0.0;3847;498.0;;Betriebsstatus3;Streckenstation826;SSTDF5;3;Fahrbahnteil1;UZ Freimann;A9 Richtung M.-Zentrum;Richtungtrue
3536;51014;Querschnitt3848;GMADF6_Mch_H;WUD_TT3_DF6_Mch_H;23;163034;0.0;0.0;3848;504.51;;Betriebsstatus3;Streckenstation827;SSTDF6;3;Fahrbahnteil1;UZ Freimann;A9 Richtung M.-Zentrum;Richtungtrue
3537;62454;Querschnitt3849;GMADF7_Mch_H;WUD_TT3_DF7_Mch_H;23;163165;0.0;0.0;3849;509.95;;Betriebsstatus3;Streckenstation828;SSTDF7;3;Fahrbahnteil1;UZ Freimann;A9 Richtung M.-Zentrum;Richtungtrue
3538;50959;Querschnitt3793;GMA1-750-Mch;WUD_WFD_1-750-Mch;82;9131479;48.22294702;11.6297769;3793;523.6;80000553;Betriebsstatus1;Streckenstation883;SST9-785;3;Fahrbahnteil1;UZ Freimann;A9 Richtung M.-Zentrum;Richtungtrue
3539;57320;Querschnitt3802;GMA9-750_Mch;WUD_WFD_9-240_Nbg;82;9131318;48.24403149;11.64031912;3802;519.625;80000751;Betriebsstatus1;Streckenstation876;SST9-750;3;Fahrbahnteil1;UZ Freimann;A9 Richtung M.-Zentrum;Richtungtrue
3540;56011;Querschnitt3811;GMA9-610-Mch;WUD_WFD_9-610-Mch;82;9130976;48.3117399806641;11.6231834606072;3811;513.255;80000845;Betriebsstatus1;Streckenstation861;SST9-610;3;Fahrbahnteil1;UZ Freimann;A9 Richtung M.-Zentrum;Richtungtrue
3541;55004;Querschnitt3813;GMA9-670-Mch;WUD_WFD_9-670-Mch;82;9131124;48.2860757112732;11.6380638287319;3813;516.32;80000840;Betriebsstatus1;Streckenstation867;SST9-670;3;Fahrbahnteil1;UZ Freimann;A9 Richtung M.-Zentrum;Richtungtrue
3542;59176;Querschnitt3816;GMA9-790-Mch;WUD_WFD_9-790-Mch;82;9131545;48.2114846900898;11.6241424280632;3816;524.97;80000858;Betriebsstatus1;Streckenstation887;SST9-790;3;Fahrbahnteil1;UZ Freimann;A9 Richtung M.-Zentrum;Richtungtrue
3543;50700;Querschnitt4096;BMS99-127;BMS99-127_Heiz;5;9908142;48.19634079;11.67847572;4096;28.92;;Betriebsstatus1;Streckenstation725;SST99-127;6;Fahrbahnteil1;UZ Aschheim;A99 Richtung Salzburg;Richtungfalse
3544;62139;Querschnitt153;MQQ233_Mch_E;DETQ233_Mch_E1;161;809165;47.8273348991058;12.6476047570251;153;99.66;;Betriebsstatus1;Streckenstation63;SSTQ233;1;Fahrbahnteil3;UZ Siegsdorf;A8-Ost Richtung M.-Zentrum;Richtungtrue
3545;58262;Querschnitt4097;BMS99-130;BMS99-130_Heiz;5;9908187;48.19443708;11.68603356;4097;29.52;;Betriebsstatus1;Streckenstation726;SST99-130;6;Fahrbahnteil1;UZ Aschheim;A99 Richtung Salzburg;Richtungfalse
3546;54260;Querschnitt4098;BMS99-132;BMS99-132_Heiz;5;9908219;48.19324725;11.69169006;4098;29.95;;Betriebsstatus1;Streckenstation727;SST99-132;6;Fahrbahnteil1;UZ Aschheim;A99 Richtung Salzburg;Richtungfalse
3547;56073;Querschnitt4099;BMS99-135;BMS99-135_Heiz;5;9908247;48.19227101;11.69659182;4099;30.34;;Betriebsstatus1;Streckenstation728;SST99-135;6;Fahrbahnteil1;UZ Aschheim;A99 Richtung Salzburg;Richtungfalse
3548;51504;Querschnitt4105;Querschnitt4105;Geraet14608;5;9908441;0.0;0.0;4105;32.95;;Betriebsstatus3;Streckenstation734;SST99-153;6;Fahrbahnteil1;UZ Aschheim;A99 Richtung Salzburg;Richtungfalse
3549;59381;Querschnitt4167;BMS99-742;BMS99-742_Heiz;5;9918348;48.18741459;11.714158;4167;31.7;;Betriebsstatus1;Streckenstation785;SST99-742;6;Fahrbahnteil1;UZ Aschheim;A99 Richtung Lindau;Richtungtrue
3550;59306;Querschnitt4168;BMS99-746;BMS99-746_Heiz;5;9918291;48.19057528;11.70506179;4168;30.93;;Betriebsstatus1;Streckenstation784;SST99-746;6;Fahrbahnteil1;UZ Aschheim;A99 Richtung Lindau;Richtungtrue
3551;51562;Querschnitt4169;BMS99-750;BMS99-750_Heiz;5;9918242;48.19238119;11.69745199;4169;30.33;;Betriebsstatus1;Streckenstation783;SST99-750;6;Fahrbahnteil1;UZ Aschheim;A99 Richtung Lindau;Richtungtrue
3552;61941;Querschnitt4170;BMS99-752;BMS99-752_Heiz;5;9918222;48.19326894;11.69307534;4170;30.0;;Betriebsstatus1;Streckenstation782;SST99-752;6;Fahrbahnteil1;UZ Aschheim;A99 Richtung Lindau;Richtungtrue
3553;61437;Querschnitt4171;BMS99-755;BMS99-755_Heiz;5;9918183;48.19465386;11.68638196;4171;29.47;;Betriebsstatus1;Streckenstation781;SST99-755;6;Fahrbahnteil1;UZ Aschheim;A99 Richtung Lindau;Richtungtrue
3554;54055;Querschnitt154;MQQ233_Sbg_A;DETQ233_Sbg_A1;65;809165;47.8268415228207;12.6475448007538;154;99.69;;Betriebsstatus1;Streckenstation63;SSTQ233;1;Fahrbahnteil4;UZ Siegsdorf;A8-Ost Richtung Salzburg;Richtungfalse
3555;53918;Querschnitt160;MQQ235_Sbg_H;DETQ235_Sbg_H2;2;809202;47.8253239504484;12.663402587626;160;100.9;;Betriebsstatus1;Streckenstation64;SSTQ235;1;Fahrbahnteil1;UZ Siegsdorf;A8-Ost Richtung Salzburg;Richtungfalse
3556;62239;Querschnitt4201;BMSDE109;BMSDE109_Netz;3;916070;0.0;0.0;4201;495.04;;Betriebsstatus3;Streckenstation906;SSTDE109;6;Fahrbahnteil1;UZ Freimann;A9 Richtung M.-Zentrum;Richtungtrue
3557;59023;Querschnitt155;MQQ233_Sbg_E;DETQ233_Sbg_E1;129;809165;47.8267181537118;12.6478611769039;155;99.69;;Betriebsstatus1;Streckenstation63;SSTQ233;1;Fahrbahnteil3;UZ Siegsdorf;A8-Ost Richtung Salzburg;Richtungfalse
3558;56633;Querschnitt4068;Querschnitt4068;Geraet14916;3;9131598;0.0;0.0;4068;526.045;;Betriebsstatus3;Streckenstation889;SST9-800;6;Fahrbahnteil1;UZ Freimann;A9 Richtung M.-Zentrum;Richtungtrue
3559;51660;Querschnitt3985;BMS9-240;BMS9-240_Netz;3;9031287;48.25693086;11.64721266;3985;519.645;;Betriebsstatus1;Streckenstation841;SST9-240;6;Fahrbahnteil1;UZ Freimann;A9 Richtung Nürnberg;Richtungfalse
3560;51520;Querschnitt3993;BMS92-470-Mch;Geraet14825;3;9216762;48.3766769;11.75205076;3993;25.55;;Betriebsstatus1;Streckenstation988;SST92-470;6;Fahrbahnteil1;UZ Freising;A92 Richtung Deggendorf;Richtungfalse
3561;56314;Querschnitt4012;BMS92-600;BMS92-600_Netz;3;9216413;48.32077032;11.62822322;4012;13.87;;Betriebsstatus3;Streckenstation969;SST92-600;6;Fahrbahnteil1;UZ Freising;A92 Richtung M.-Zentrum;Richtungtrue
3562;55461;Querschnitt3934;BMS9-070;BMS9-070_Netz;3;9031682;48.18762844;11.61202421;3934;527.76;;Betriebsstatus3;Streckenstation856;SST9-070;6;Fahrbahnteil1;UZ Freimann;A9 Richtung Nürnberg;Richtungfalse
3563;56303;Querschnitt3935;Querschnitt3935;Geraet14858;3;9031670;0.0;0.0;3935;527.52;;Betriebsstatus3;Streckenstation855;SST9-080;6;Fahrbahnteil1;UZ Freimann;A9 Richtung Nürnberg;Richtungfalse
3564;57999;Querschnitt3936;BMS9-100;BMS9-100_Netz;3;9031635;48.19686511;11.61759503;3936;526.79;;Betriebsstatus1;Streckenstation854;SST9-100;6;Fahrbahnteil1;UZ Freimann;A9 Richtung Nürnberg;Richtungfalse
3565;53062;Querschnitt3937;BMS9-110;BMS9-110_Netz;3;9031599;48.20221537;11.62011451;3937;526.05;;Betriebsstatus1;Streckenstation852;SST9-110;6;Fahrbahnteil1;UZ Freimann;A9 Richtung Nürnberg;Richtungfalse
3566;60397;Querschnitt3938;BMS9-120;BMS9-120_Netz;3;9031589;48.20406263;11.6210762;3938;525.85;;Betriebsstatus1;Streckenstation851;SST9-120;6;Fahrbahnteil1;UZ Freimann;A9 Richtung Nürnberg;Richtungfalse
3567;56514;Querschnitt3939;BMS9-125;BMS9-125_Netz;3;9031582;48.20507334;11.62162761;3939;525.7;;Betriebsstatus1;Streckenstation850;SST9-125;6;Fahrbahnteil1;UZ Freimann;A9 Richtung Nürnberg;Richtungfalse
3568;50828;Querschnitt3940;BMS9-130;BMS9-130_Netz;3;9031570;48.20778766;11.62287849;3940;525.46;;Betriebsstatus1;Streckenstation849;SST9-130;6;Fahrbahnteil1;UZ Freimann;A9 Richtung Nürnberg;Richtungfalse
3569;58865;Querschnitt3941;BMS9-135;BMS9-135_Netz;3;9031550;48.2106504;11.62440968;3941;525.05;;Betriebsstatus1;Streckenstation848;SST9-135;6;Fahrbahnteil1;UZ Freimann;A9 Richtung Nürnberg;Richtungfalse
3570;53558;Querschnitt3942;BMS9-140;BMS9-140_Netz;3;9031627;48.21442853;11.62646129;3942;524.62;;Betriebsstatus1;Streckenstation853;SST9-140;6;Fahrbahnteil1;UZ Freimann;A9 Richtung Nürnberg;Richtungfalse
3571;51571;Querschnitt3943;BMS9-155;BMS9-155_Netz;3;9031517;48.21645832;11.62722628;3943;524.38;;Betriebsstatus1;Streckenstation846;SST9-155;6;Fahrbahnteil1;UZ Freimann;A9 Richtung Nürnberg;Richtungfalse
3572;62642;Querschnitt3944;BMS9-160;BMS9-160_Netz;3;9031527;48.21893416;11.63055173;3944;524.916;;Betriebsstatus1;Streckenstation847;SST9-160;6;Fahrbahnteil4;UZ Freimann;A9 Richtung Nürnberg;Richtungfalse
3573;62344;Querschnitt3945;BMS9-166;BMS9-166_Netz;3;9031470;48.22473941;11.63146615;3945;523.405;;Betriebsstatus1;Streckenstation845;SST9-166;6;Fahrbahnteil1;UZ Freimann;A9 Richtung Nürnberg;Richtungfalse
3574;54188;Querschnitt3946;BMS9-170;BMS9-170_Netz;3;9031423;48.23287104;11.6355249;3946;522.45;;Betriebsstatus1;Streckenstation844;SST9-170;6;Fahrbahnteil1;UZ Freimann;A9 Richtung Nürnberg;Richtungfalse
3575;61372;Querschnitt3947;BMS9-180;BMS9-180_Netz;3;9031376;48.24113995;11.63984647;3947;521.48;;Betriebsstatus1;Streckenstation843;SST9-180;6;Fahrbahnteil1;UZ Freimann;A9 Richtung Nürnberg;Richtungfalse
3576;62401;Querschnitt3960;BMS9-210;BMS9-210_Netz;3;9031342;48.24707807;11.64263476;3960;520.78;;Betriebsstatus1;Streckenstation842;SST9-210;6;Fahrbahnteil1;UZ Freimann;A9 Richtung Nürnberg;Richtungfalse
3577;63024;Querschnitt3996;BMS9-250;BMS9-250_Netz;3;9031257;48.26312844;11.64718562;3996;519.03;;Betriebsstatus1;Streckenstation840;SST9-250;6;Fahrbahnteil1;UZ Freimann;A9 Richtung Nürnberg;Richtungfalse
3578;55776;Querschnitt4011;BMS9-260;BMS9-260_Netz;3;9031224;48.26843053;11.64541192;4011;518.345;;Betriebsstatus1;Streckenstation839;SST9-260;6;Fahrbahnteil1;UZ Freimann;A9 Richtung Nürnberg;Richtungfalse
3579;53287;Querschnitt4027;BMS9-280;BMS9-280_Netz;3;9031150;48.28181577;11.6408026;4027;516.83;;Betriebsstatus1;Streckenstation838;SST9-280;6;Fahrbahnteil1;UZ Freimann;A9 Richtung Nürnberg;Richtungfalse
3580;58665;Querschnitt4028;BMS9-310;BMS9-310_Netz;3;9031076;48.29471305;11.63417631;4028;515.32;;Betriebsstatus1;Streckenstation837;SST9-310;6;Fahrbahnteil1;UZ Freimann;A9 Richtung Nürnberg;Richtungfalse
3581;56933;Querschnitt4029;BMS9-330;BMS9-330_Netz;3;9031054;48.29895527;11.6319444;4029;514.86;;Betriebsstatus1;Streckenstation836;SST9-330;6;Fahrbahnteil1;UZ Freimann;A9 Richtung Nürnberg;Richtungfalse
3582;56316;Querschnitt4030;BMS9-350;BMS9-350_Netz;3;9031012;48.30548013;11.62788868;4030;514.0;;Betriebsstatus1;Streckenstation835;SST9-350;6;Fahrbahnteil1;UZ Freimann;A9 Richtung Nürnberg;Richtungfalse
3583;54843;Querschnitt4031;BMS9-360;BMS9-360_Netz;3;9030975;48.3115643;11.62426129;4031;513.225;;Betriebsstatus1;Streckenstation833;SST9-360;6;Fahrbahnteil1;UZ Freimann;A9 Richtung Nürnberg;Richtungfalse
3584;53743;Querschnitt4033;BMS9-362;BMS9-362_Netz;3;9030944;48.31718601;11.62057704;4033;512.6;;Betriebsstatus1;Streckenstation831;SST9-362;6;Fahrbahnteil1;UZ Freimann;A9 Richtung Nürnberg;Richtungfalse
3585;51776;Querschnitt4034;BMS9-364;BMS9-364_Netz;3;9030959;48.31464573;11.62202498;4034;512.9;;Betriebsstatus1;Streckenstation832;SST9-364;6;Fahrbahnteil1;UZ Freimann;A9 Richtung Nürnberg;Richtungfalse
3586;56581;Querschnitt4035;BMS9-370;BMS9-370_Netz;3;9030910;48.32306533;11.61720279;4035;511.9;;Betriebsstatus3;Streckenstation830;SST9-370;6;Fahrbahnteil1;UZ Freimann;A9 Richtung Nürnberg;Richtungfalse
3587;55317;Querschnitt4036;BMS9-380;BMS9-380_Netz;3;9030872;48.32969058;11.61371424;4036;511.12;;Betriebsstatus3;Streckenstation829;SST9-380;6;Fahrbahnteil1;UZ Freimann;A9 Richtung Nürnberg;Richtungfalse
3588;51413;Querschnitt4037;BMS9-600;BMS9-600_Netz;3;9130930;48.31994954;11.61865535;4037;512.32;;Betriebsstatus1;Streckenstation858;SST9-600;6;Fahrbahnteil1;UZ Freimann;A9 Richtung M.-Zentrum;Richtungtrue
3589;58961;Querschnitt4038;BMS9-602;BMS9-602_Netz;3;9130944;48.31758887;11.62002124;4038;512.6;;Betriebsstatus1;Streckenstation859;SST9-602;6;Fahrbahnteil1;UZ Freimann;A9 Richtung M.-Zentrum;Richtungtrue
3590;61206;Querschnitt4039;BMS9-604;BMS9-604_Netz;3;9130959;48.31503964;11.62148278;4039;512.9;;Betriebsstatus1;Streckenstation860;SST9-604;6;Fahrbahnteil1;UZ Freimann;A9 Richtung M.-Zentrum;Richtungtrue
3591;50540;Querschnitt4040;BMS9-610;BMS9-610_Netz;3;9130976;48.31215254;11.62267685;4040;513.265;;Betriebsstatus1;Streckenstation861;SST9-610;6;Fahrbahnteil1;UZ Freimann;A9 Richtung M.-Zentrum;Richtungtrue
3592;52746;Querschnitt4041;BMS9-620;BMS9-620_Netz;3;9131012;48.30563951;11.62712866;4041;513.99;;Betriebsstatus1;Streckenstation862;SST9-620;6;Fahrbahnteil1;UZ Freimann;A9 Richtung M.-Zentrum;Richtungtrue
3593;57604;Querschnitt4042;BMS9-630;BMS9-630_Netz;3;9131020;48.30343597;11.6284011;4042;514.17;;Betriebsstatus1;Streckenstation863;SST9-630;6;Fahrbahnteil1;UZ Freimann;A9 Richtung M.-Zentrum;Richtungtrue
3594;55158;Querschnitt4043;BMS9-635;BMS9-635_Netz;3;9131034;48.30179975;11.6293086;4043;514.45;;Betriebsstatus1;Streckenstation864;SST9-635;6;Fahrbahnteil1;UZ Freimann;A9 Richtung M.-Zentrum;Richtungtrue
3595;52250;Querschnitt4044;BMS9-640;BMS9-640_Netz;3;9131050;48.29873273;11.63113126;4044;514.77;;Betriebsstatus1;Streckenstation865;SST9-640;6;Fahrbahnteil1;UZ Freimann;A9 Richtung M.-Zentrum;Richtungtrue
3596;57865;Querschnitt4045;BMS9-650;BMS9-650_Netz;3;9131070;48.29566979;11.63294124;4045;515.19;;Betriebsstatus1;Streckenstation866;SST9-650;6;Fahrbahnteil1;UZ Freimann;A9 Richtung M.-Zentrum;Richtungtrue
3597;63286;Querschnitt4046;BMS9-670;BMS9-670_Netz;3;9131124;48.28634431;11.63786097;4046;516.29;;Betriebsstatus1;Streckenstation867;SST9-670;6;Fahrbahnteil1;UZ Freimann;A9 Richtung M.-Zentrum;Richtungtrue
3598;51068;Querschnitt4047;Querschnitt4047;Geraet14895;3;9131175;0.0;0.0;4047;517.345;;Betriebsstatus3;Streckenstation868;SST9-680;6;Fahrbahnteil1;UZ Freimann;A9 Richtung M.-Zentrum;Richtungtrue
3599;57691;Querschnitt4048;BMS9-690;BMS9-690_Netz;3;9131182;48.27600589;11.6420586;4048;517.5;;Betriebsstatus1;Streckenstation869;SST9-690;6;Fahrbahnteil1;UZ Freimann;A9 Richtung M.-Zentrum;Richtungtrue
3600;61500;Querschnitt4049;BMS9-695;BMS9-695_Netz;3;9131186;48.2751052;11.64199339;4049;517.57;;Betriebsstatus1;Streckenstation870;SST9-695;6;Fahrbahnteil1;UZ Freimann;A9 Richtung M.-Zentrum;Richtungtrue
3601;55672;Querschnitt4050;BMS9-700;BMS9-700_Netz;3;9131200;48.2727352;11.64317234;4050;517.87;;Betriebsstatus1;Streckenstation871;SST9-700;6;Fahrbahnteil1;UZ Freimann;A9 Richtung M.-Zentrum;Richtungtrue
3602;56852;Querschnitt4051;BMS9-710;BMS9-710_Netz;3;9131220;48.26871204;11.64452114;4051;518.27;;Betriebsstatus1;Streckenstation872;SST9-710;6;Fahrbahnteil1;UZ Freimann;A9 Richtung M.-Zentrum;Richtungtrue
3603;53446;Querschnitt158;MQQ233_Mch_A;DETQ233_Mch_A1;97;809165;47.8272418068429;12.6479560042694;158;99.66;;Betriebsstatus1;Streckenstation63;SSTQ233;1;Fahrbahnteil4;UZ Siegsdorf;A8-Ost Richtung M.-Zentrum;Richtungtrue
3604;59514;Querschnitt4052;BMS9-720;BMS9-720_Netz;3;9131239;48.26576472;11.64554531;4052;518.66;;Betriebsstatus1;Streckenstation873;SST9-720;6;Fahrbahnteil1;UZ Freimann;A9 Richtung M.-Zentrum;Richtungtrue
3605;61077;Querschnitt4053;BMS9-730;BMS9-730_Netz;3;9131271;48.25983217;11.64683645;4053;519.32;;Betriebsstatus1;Streckenstation874;SST9-730;6;Fahrbahnteil1;UZ Freimann;A9 Richtung M.-Zentrum;Richtungtrue
3606;61761;Querschnitt4054;BMS9-740;BMS9-740_Netz;3;9131292;48.25616845;11.64626658;4054;519.75;;Betriebsstatus1;Streckenstation875;SST9-740;6;Fahrbahnteil1;UZ Freimann;A9 Richtung M.-Zentrum;Richtungtrue
3607;52087;Querschnitt4055;BMS9-750;BMS9-750_Netz;3;9131318;48.25176039;11.64429104;4055;520.285;;Betriebsstatus1;Streckenstation876;SST9-750;6;Fahrbahnteil1;UZ Freimann;A9 Richtung M.-Zentrum;Richtungtrue
3608;54141;Querschnitt4056;BMS9-760;BMS9-760_Netz;3;9131330;48.24953464;11.6432127;4056;520.535;;Betriebsstatus1;Streckenstation877;SST9-760;6;Fahrbahnteil1;UZ Freimann;A9 Richtung M.-Zentrum;Richtungtrue
3609;55222;Querschnitt4057;BMS9-770;BMS9-770_Netz;3;9131343;48.24697497;11.64187671;4057;520.8;;Betriebsstatus1;Streckenstation878;SST9-770;6;Fahrbahnteil1;UZ Freimann;A9 Richtung M.-Zentrum;Richtungtrue
3610;57508;Querschnitt4058;BMS9-780;BMS9-780_Netz;3;9131361;48.24389575;11.64028444;4058;521.17;;Betriebsstatus1;Streckenstation879;SST9-780;6;Fahrbahnteil1;UZ Freimann;A9 Richtung M.-Zentrum;Richtungtrue
3611;59790;Querschnitt4059;Querschnitt4059;Geraet14907;3;916403;0.0;0.0;4059;521.31;;Betriebsstatus3;Streckenstation880;SST9-781;6;Fahrbahnteil1;UZ Freimann;A9 Richtung M.-Zentrum;Richtungtrue
3612;57916;Querschnitt4060;BMS9-782;BMS9-782_Netz;3;9131439;48.2298827;11.63335596;4060;522.77;;Betriebsstatus1;Streckenstation881;SST9-782;6;Fahrbahnteil1;UZ Freimann;A9 Richtung M.-Zentrum;Richtungtrue
3613;56625;Querschnitt4061;BMS9-783;BMS9-783_Netz;3;9131486;48.22267548;11.62968983;4061;523.66;;Betriebsstatus1;Streckenstation884;SST9-783;6;Fahrbahnteil1;UZ Freimann;A9 Richtung M.-Zentrum;Richtungtrue
3614;58716;Querschnitt4062;BMS9-785;BMS9-785_Netz;3;9131479;48.2220173;11.62924235;4062;523.6;;Betriebsstatus1;Streckenstation883;SST9-785;6;Fahrbahnteil1;UZ Freimann;A9 Richtung M.-Zentrum;Richtungtrue
3615;53788;Querschnitt4063;BMS9-786;BMS9-786_Netz;3;9131500;48.21944277;11.62814822;4063;524.03;;Betriebsstatus1;Streckenstation885;SST9-786;6;Fahrbahnteil1;UZ Freimann;A9 Richtung M.-Zentrum;Richtungtrue
3616;56046;Querschnitt4064;BMS9-789;BMS9-789_Netz;3;9131536;48.21347465;11.62508331;4064;524.74;;Betriebsstatus1;Streckenstation886;SST9-789;6;Fahrbahnteil1;UZ Freimann;A9 Richtung M.-Zentrum;Richtungtrue
3617;57160;Querschnitt4065;BMS9-790;BMS9-790_Netz;3;9131545;48.21169437;11.62421693;4065;524.95;;Betriebsstatus1;Streckenstation887;SST9-790;6;Fahrbahnteil1;UZ Freimann;A9 Richtung M.-Zentrum;Richtungtrue
3618;60048;Querschnitt4066;BMS9-793;BMS9-793_Netz;3;9131466;48.20844329;11.62254262;4066;525.33;;Betriebsstatus1;Streckenstation882;SST9-793;6;Fahrbahnteil1;UZ Freimann;A9 Richtung M.-Zentrum;Richtungtrue
3619;57768;Querschnitt4067;BMS9-795;BMS9-795_Netz;3;9131577;48.20609817;11.62140649;4067;525.6;;Betriebsstatus1;Streckenstation888;SST9-795;6;Fahrbahnteil1;UZ Freimann;A9 Richtung M.-Zentrum;Richtungtrue
3620;55255;Querschnitt4069;BMS9-810;BMS9-810_Netz;3;9131618;48.19938659;11.61808171;4069;526.44;;Betriebsstatus1;Streckenstation890;SST9-810;6;Fahrbahnteil1;UZ Freimann;A9 Richtung M.-Zentrum;Richtungtrue
3621;53804;Querschnitt4070;Querschnitt4070;Geraet14918;3;9131638;0.0;0.0;4070;526.87;;Betriebsstatus3;Streckenstation891;SST9-825;6;Fahrbahnteil1;UZ Freimann;A9 Richtung M.-Zentrum;Richtungtrue
3622;62725;Querschnitt4071;BMS9-830;BMS9-830_Netz;3;9131645;48.19354762;11.61529933;4071;527.01;;Betriebsstatus1;Streckenstation892;SST9-830;6;Fahrbahnteil1;UZ Freimann;A9 Richtung M.-Zentrum;Richtungtrue
3623;56304;Querschnitt4072;BMS9-850;BMS9-850_Netz;3;9131667;48.19021777;11.61359118;4072;527.46;;Betriebsstatus0;Streckenstation893;SST9-850;6;Fahrbahnteil1;UZ Freimann;A9 Richtung M.-Zentrum;Richtungtrue
3624;54507;Querschnitt4073;BMS9-855;BMS9-855_Netz;3;9131701;48.18558958;11.60862653;4073;528.15;;Betriebsstatus1;Streckenstation894;SST9-855;6;Fahrbahnteil1;UZ Freimann;A9 Richtung M.-Zentrum;Richtungtrue
3625;59134;Querschnitt4074;BMS9-860;BMS9-860_Netz;3;9131737;48.18238824;11.59936079;4074;528.89;;Betriebsstatus1;Streckenstation895;SST9-860;6;Fahrbahnteil1;UZ Freimann;A9 Richtung M.-Zentrum;Richtungtrue
3626;58320;Querschnitt4075;BMS9-870;BMS9-870_Netz;3;9131763;48.17857627;11.59526697;4075;529.435;;Betriebsstatus1;Streckenstation896;SST9-870;6;Fahrbahnteil1;UZ Freimann;A9 Richtung M.-Zentrum;Richtungtrue
3627;60355;Querschnitt4199;BMSDE107;BMSDE107_Netz;3;916050;0.0;0.0;4199;490.84;;Betriebsstatus3;Streckenstation904;SSTDE107;6;Fahrbahnteil1;UZ Freimann;A9 Richtung M.-Zentrum;Richtungtrue
3628;62421;Querschnitt161;MQQ235_Mch_H;DETQ235_Mch_H2;34;809202;47.8254195851872;12.6637504178715;161;100.9;;Betriebsstatus1;Streckenstation64;SSTQ235;1;Fahrbahnteil1;UZ Siegsdorf;A8-Ost Richtung M.-Zentrum;Richtungtrue
3629;54293;Querschnitt4224;BMSDF6;BMSDF6_Netz;3;163034;0.0;0.0;4224;504.51;;Betriebsstatus3;Streckenstation827;SSTDF6;6;Fahrbahnteil1;UZ Freimann;A9 Richtung M.-Zentrum;Richtungtrue
3630;51652;Querschnitt4200;BMSDE108;BMSDE108_Netz;3;916060;0.0;0.0;4200;492.38;;Betriebsstatus3;Streckenstation905;SSTDE108;6;Fahrbahnteil1;UZ Freimann;A9 Richtung M.-Zentrum;Richtungtrue
3631;59067;Querschnitt4192;BMSDE101;BMSDE101_Netz;3;916000;0.0;0.0;4192;477.87;;Betriebsstatus3;Streckenstation897;SSTDE101;6;Fahrbahnteil1;UZ Freimann;A9 Richtung M.-Zentrum;Richtungtrue
3632;55014;Querschnitt4193;BMSDE101a;BMSDE101a_Tuer;1;916005;0.0;0.0;4193;477.9;;Betriebsstatus3;Streckenstation898;SSTDE101a;6;Fahrbahnteil1;UZ Freimann;A9 Richtung M.-Zentrum;Richtungtrue
3633;62530;Querschnitt4194;BMSDE102;BMSDE102_Netz;3;916010;0.0;0.0;4194;481.01;;Betriebsstatus3;Streckenstation899;SSTDE102;6;Fahrbahnteil1;UZ Freimann;A9 Richtung M.-Zentrum;Richtungtrue
3634;60012;Querschnitt164;MQQ237_Sbg_H;DETQ237_Sbg_H2;2;809253;47.8259769949128;12.6841596566115;164;102.5;;Betriebsstatus1;Streckenstation65;SSTQ237;1;Fahrbahnteil1;UZ Siegsdorf;A8-Ost Richtung Salzburg;Richtungfalse
3635;62979;Querschnitt4195;BMSDE103;BMSDE103_Netz;3;916020;0.0;0.0;4195;481.95;;Betriebsstatus3;Streckenstation900;SSTDE103;6;Fahrbahnteil1;UZ Freimann;A9 Richtung M.-Zentrum;Richtungtrue
3636;55646;Querschnitt4196;BMSDE104;BMSDE104_Netz;3;916030;0.0;0.0;4196;484.29;;Betriebsstatus3;Streckenstation901;SSTDE104;6;Fahrbahnteil1;UZ Freimann;A9 Richtung M.-Zentrum;Richtungtrue
3637;57767;Querschnitt4197;BMSDE105;BMSDE105_Netz;3;916040;0.0;0.0;4197;487.85;;Betriebsstatus3;Streckenstation902;SSTDE105;6;Fahrbahnteil1;UZ Freimann;A9 Richtung M.-Zentrum;Richtungtrue
3638;56671;Querschnitt4198;BMSDE106;BMSDE106_Netz;3;916045;0.0;0.0;4198;490.25;;Betriebsstatus3;Streckenstation903;SSTDE106;6;Fahrbahnteil1;UZ Freimann;A9 Richtung M.-Zentrum;Richtungtrue
3639;50733;Querschnitt4202;BMSDE110;BMSDE110_Netz;3;916080;0.0;0.0;4202;498.0;;Betriebsstatus3;Streckenstation907;SSTDE110;6;Fahrbahnteil1;UZ Freimann;A9 Richtung M.-Zentrum;Richtungtrue
3640;60393;Querschnitt4203;BMSDE111;BMSDE111_Netz;3;916090;0.0;0.0;4203;499.9;;Betriebsstatus3;Streckenstation909;SSTDE111;6;Fahrbahnteil1;UZ Freimann;A9 Richtung M.-Zentrum;Richtungtrue
3641;51604;Querschnitt4204;BMSDE112;BMSDE112_Netz;3;916100;0.0;0.0;4204;500.36;;Betriebsstatus3;Streckenstation910;SSTDE112;6;Fahrbahnteil1;UZ Freimann;A9 Richtung M.-Zentrum;Richtungtrue
3642;55359;Querschnitt4205;BMSDE113;BMSDE113_Netz;3;916110;0.0;0.0;4205;502.2;;Betriebsstatus3;Streckenstation911;SSTDE113;6;Fahrbahnteil1;UZ Freimann;A9 Richtung M.-Zentrum;Richtungtrue
3643;51356;Querschnitt4206;BMSDE114;BMSDE114_Netz;3;916120;0.0;0.0;4206;504.52;;Betriebsstatus3;Streckenstation913;SSTDE114;6;Fahrbahnteil1;UZ Freimann;A9 Richtung M.-Zentrum;Richtungtrue
3644;59730;Querschnitt4207;BMSDE115;BMSDE115_Netz;3;916130;0.0;0.0;4207;506.66;;Betriebsstatus3;Streckenstation915;SSTDE115;6;Fahrbahnteil1;UZ Freimann;A9 Richtung M.-Zentrum;Richtungtrue
3645;60358;Querschnitt4208;BMSDE116;BMSDE116_Netz;3;916140;0.0;0.0;4208;508.55;;Betriebsstatus3;Streckenstation917;SSTDE116;6;Fahrbahnteil1;UZ Freimann;A9 Richtung M.-Zentrum;Richtungtrue
3646;61578;Querschnitt4209;BMSDE201;BMSDE201_Netz;3;916150;0.0;0.0;4209;510.34;;Betriebsstatus3;Streckenstation919;SSTDE201;6;Fahrbahnteil1;UZ Freimann;A9 Richtung M.-Zentrum;Richtungtrue
3647;57248;Querschnitt4210;BMSDE316;BMSDE316_Netz;3;906110;0.0;0.0;4210;502.2;;Betriebsstatus3;Streckenstation857;SSTDE316;6;Fahrbahnteil1;UZ Freimann;A9 Richtung Nürnberg;Richtungfalse
3648;50735;Querschnitt4219;BMSDF1;BMSDF1_Netz;3;162328;0.0;0.0;4219;475.25;;Betriebsstatus3;Streckenstation822;SSTDF1;6;Fahrbahnteil1;UZ Freimann;A9 Richtung M.-Zentrum;Richtungtrue
3649;59217;Querschnitt4220;BMSDF2;BMSDF2_Netz;3;162468;0.0;0.0;4220;481.03;;Betriebsstatus3;Streckenstation823;SSTDF2;6;Fahrbahnteil1;UZ Freimann;A9 Richtung M.-Zentrum;Richtungtrue
3650;62537;Querschnitt4221;BMSDF3;BMSDF3_Netz;3;162571;0.0;0.0;4221;485.3;;Betriebsstatus3;Streckenstation824;SSTDF3;6;Fahrbahnteil1;UZ Freimann;A9 Richtung M.-Zentrum;Richtungtrue
3651;57331;Querschnitt4225;BMSDF7;BMSDF7_Netz;3;163165;0.0;0.0;4225;509.95;;Betriebsstatus3;Streckenstation828;SSTDF7;6;Fahrbahnteil1;UZ Freimann;A9 Richtung M.-Zentrum;Richtungtrue
3652;55960;Querschnitt4226;BMSDN01;BMSDN01_Netz;3;916115;0.0;0.0;4226;502.65;;Betriebsstatus3;Streckenstation912;SSTDN01;6;Fahrbahnteil1;UZ Freimann;A9 Richtung M.-Zentrum;Richtungtrue
3653;58337;Querschnitt4227;BMSDN01a;BMSDN01a_Netz;3;916085;0.0;0.0;4227;499.9;;Betriebsstatus3;Streckenstation908;SSTDN01a;6;Fahrbahnteil1;UZ Freimann;A9 Richtung M.-Zentrum;Richtungtrue
3654;56432;Querschnitt4228;BMSDN02;BMSDN02_Netz;3;916125;0.0;0.0;4228;504.8;;Betriebsstatus3;Streckenstation914;SSTDN02;6;Fahrbahnteil1;UZ Freimann;A9 Richtung M.-Zentrum;Richtungtrue
3655;53271;Querschnitt4229;BMSDN03;BMSDN03_Netz;3;916135;0.0;0.0;4229;506.75;;Betriebsstatus3;Streckenstation916;SSTDN03;6;Fahrbahnteil1;UZ Freimann;A9 Richtung M.-Zentrum;Richtungtrue
3656;54333;Querschnitt4230;BMSDN04;BMSDN04_Netz;3;916145;0.0;0.0;4230;508.8;;Betriebsstatus3;Streckenstation918;SSTDN04;6;Fahrbahnteil1;UZ Freimann;A9 Richtung M.-Zentrum;Richtungtrue
3657;60908;Querschnitt4231;BMSDN05;BMSDN05_Netz;3;916155;0.0;0.0;4231;510.83;;Betriebsstatus3;Streckenstation920;SSTDN05;6;Fahrbahnteil1;UZ Freimann;A9 Richtung M.-Zentrum;Richtungtrue
3658;52215;Querschnitt165;MQQ237_Mch_H;DETQ237_Mch_H2;34;809253;47.8261439332819;12.6843470980705;165;102.5;;Betriebsstatus1;Streckenstation65;SSTQ237;1;Fahrbahnteil1;UZ Siegsdorf;A8-Ost Richtung M.-Zentrum;Richtungtrue
3659;62995;Querschnitt4314;BMS_Sulzemoos_(O)_Mch;Geraet15798;3;806591;48.27475394;11.28223131;4314;17.531;77339003;Betriebsstatus1;Streckenstation1116;Sulzemoos (O);6;Fahrbahnteil1;LVE - UZ Augsburg;A8-West Richtung M.-Zentrum;Richtungfalse
3660;58123;Querschnitt4319;BMS_Odelzhausen_(O)_Stg;Geraet15808;3;816728;48.29359183;11.23568744;4319;21.65;76339001;Betriebsstatus1;Streckenstation1117;Odelzhausen (O);6;Fahrbahnteil1;LVE - UZ Augsburg;A8-West Richtung Stuttgart;Richtungtrue
3661;62663;Querschnitt4322;BMS_Adelzhausen_(W)_Mch;Geraet15815;3;807144;48.36685828;11.1127203;4322;34.0;76329132;Betriebsstatus1;Streckenstation1118;Adelzhausen (W);6;Fahrbahnteil1;LVE - UZ Augsburg;A8-West Richtung M.-Zentrum;Richtungfalse
3662;63404;Querschnitt4323;MQDZ_Augsburg-West_(W)_Mch;DET_Augsburg-West_(W)_Mch_H3;3;818459;48.41610003;10.85030006;4323;54.587;75319131;Betriebsstatus1;Streckenstation1119;Augsburg-West (W);1;Fahrbahnteil1;LVE - UZ Augsburg;A8-West Richtung M.-Zentrum;Richtungfalse
3663;63399;Querschnitt4324;MQDZ_Augsburg-West_(W)_Stg;DET_Augsburg-West_(W)_Stg_H3;35;818459;48.41620004;10.85039994;4324;54.587;75319131;Betriebsstatus1;Streckenstation1119;Augsburg-West (W);1;Fahrbahnteil1;LVE - UZ Augsburg;A8-West Richtung Stuttgart;Richtungtrue
3664;63409;Querschnitt4326;MQDZ_Burgau_(W)_Mch;DET_Burgau_(W)_Mch_H3;3;818764;48.42660007;10.38230001;4326;90.881;75289012;Betriebsstatus1;Streckenstation1120;Burgau (W);1;Fahrbahnteil1;LVE - UZ Augsburg;A8-West Richtung M.-Zentrum;Richtungfalse
3665;63406;Querschnitt4327;MQDZ_Burgau_(W)_Stg;DET_Burgau_(W)_Stg_H3;35;818764;48.42670004;10.38239994;4327;90.881;75289012;Betriebsstatus1;Streckenstation1120;Burgau (W);1;Fahrbahnteil1;LVE - UZ Augsburg;A8-West Richtung Stuttgart;Richtungtrue
3666;52906;Querschnitt4328;BMS_Burgau_(W)_Mch;Geraet15829;3;818764;48.42700667;10.38167363;4328;90.879;75289012;Betriebsstatus1;Streckenstation1120;Burgau (W);6;Fahrbahnteil1;LVE - UZ Augsburg;A8-West Richtung Stuttgart;Richtungtrue
3667;63034;Querschnitt4331;BMS_Leipheim_(W)_Mch;Geraet15836;3;809717;48.46259625;10.1383417;4331;110.5;75279130;Betriebsstatus1;Streckenstation1121;Leipheim (W);6;Fahrbahnteil1;LVE - UZ Augsburg;A8-West Richtung M.-Zentrum;Richtungfalse
3668;53582;Querschnitt4333;MQDZ_Hittistetten_(S)_Fld;DET_Hittistetten_(S)_Fld_H2;2;702499;48.31530004;10.09270001;4333;852.8;76269230;Betriebsstatus1;Streckenstation1122;AD Hittistetten (S);1;Fahrbahnteil1;LVE - UZ Memmingen;A7 Richtung Fulda;Richtungfalse
3669;54400;Querschnitt4334;MQDZ_Hittistetten_(S)_F?s;DET_Hittistetten_(S)_Füs_H2;34;702499;48.31550008;10.09230004;4334;852.8;76269230;Betriebsstatus1;Streckenstation1122;AD Hittistetten (S);1;Fahrbahnteil1;LVE - UZ Memmingen;A7 Richtung Füssen;Richtungtrue
3670;53435;Querschnitt4335;BMS_Hittistetten_(S)_Fld;Geraet15843;3;702499;48.31542847;10.09257522;4335;852.8;76269230;Betriebsstatus1;Streckenstation1122;AD Hittistetten (S);6;Fahrbahnteil1;LVE - UZ Memmingen;A7 Richtung Fulda;Richtungfalse
3671;51436;Querschnitt4336;MQDZ_AK Memmingen_(S)_Fld;DET_AK Memmingen_(S)_Fld_H2;2;703722;47.98880004;10.15060003;4336;891.1;80269231;Betriebsstatus1;Streckenstation1123;AK Memmingen (S);1;Fahrbahnteil1;LVE - UZ Memmingen;A7 Richtung Fulda;Richtungfalse
3672;60876;Querschnitt4337;MQDZ_AK Memmingen_(S)_Füs;DET_AK Memmingen_(S)_Füs_H3;35;703722;47.99150007;10.15049994;4337;891.1;80269231;Betriebsstatus1;Streckenstation1123;AK Memmingen (S);1;Fahrbahnteil1;LVE - UZ Memmingen;A7 Richtung Füssen;Richtungtrue
3673;51437;Querschnitt4338;BMS_AK Memmingen_(S)_Fld;Geraet15851;3;703722;47.98950295;10.15054598;4338;891.1;80269231;Betriebsstatus1;Streckenstation1123;AK Memmingen (S);6;Fahrbahnteil1;LVE - UZ Memmingen;A7 Richtung Fulda;Richtungfalse
3674;62150;Querschnitt4339;MQDZ_AD Allgäu_(S)_Fld;DET_AD Allgäu_(S)_Fld_H2;2;715002;47.68150001;10.37149996;4339;931.094;83289097;Betriebsstatus1;Streckenstation1124;AD Allgäu (S);1;Fahrbahnteil1;LVE - UZ Memmingen;A7 Richtung Fulda;Richtungfalse
3675;57233;Querschnitt4340;MQDZ_AD Allgäu_(S)_Füs;DET_AD Allgäu_(S)_Füs_H2;34;715002;47.68150005;10.37130004;4340;931.094;83289097;Betriebsstatus1;Streckenstation1124;AD Allgäu (S);1;Fahrbahnteil1;LVE - UZ Memmingen;A7 Richtung Füssen;Richtungtrue
3676;55048;Querschnitt4341;BMS_AD Allgäu_(S)_Füs;Geraet15858;3;715002;47.67939499;10.37303076;4341;931.094;83289097;Betriebsstatus1;Streckenstation1124;AD Allgäu (S);6;Fahrbahnteil1;LVE - UZ Memmingen;A7 Richtung Füssen;Richtungtrue
3677;58882;Querschnitt4342;MQDZ_Nesselwang_(W)_Fld;DET_Nesselwang_(W)_Fld_H2;2;705389;47.64060006;10.51500004;4342;943.2;83289001;Betriebsstatus1;Streckenstation1126;Nesselwang (W);1;Fahrbahnteil1;LVE - UZ Memmingen;A7 Richtung Fulda;Richtungfalse
3678;53985;Querschnitt4343;MQDZ_Nesselwang_(W)_F?s;DET_Nesselwang_(W)_Füs_H2;34;705389;47.6405;10.5149;4343;943.2;83289001;Betriebsstatus1;Streckenstation1126;Nesselwang (W);1;Fahrbahnteil1;LVE - UZ Memmingen;A7 Richtung Füssen;Richtungtrue
3679;62634;Querschnitt4344;BMS_Nesselwang_(W)_Fld;Geraet15865;3;705389;47.64049556;10.51231443;4344;943.2;83289001;Betriebsstatus1;Streckenstation1126;Nesselwang (W);6;Fahrbahnteil1;LVE - UZ Memmingen;A7 Richtung Fulda;Richtungfalse
3680;59875;Querschnitt4345;MQDZ_Stetten_(W)_Mch;DET_Stetten_(W)_Mch_H2;2;9607887;48.03740004;10.37530007;4345;81.4;79289050;Betriebsstatus1;Streckenstation1127;Stetten (W);1;Fahrbahnteil1;LVE - UZ Memmingen;A96 Richtung M.-Zentrum;Richtungfalse
3681;63261;Querschnitt4346;MQDZ_Stetten_(W)_Lin;DET_Stetten_(W)_Lin_H2;34;9607887;48.03720003;10.37259999;4346;81.4;79289050;Betriebsstatus1;Streckenstation1127;Stetten (W);1;Fahrbahnteil1;LVE - UZ Memmingen;A96 Richtung Lindau;Richtungtrue
3682;51656;Querschnitt4347;BMS_Stetten_(W)_Mch;Geraet15872;3;9607887;48.03744942;10.37600633;4347;81.4;79289050;Betriebsstatus1;Streckenstation1127;Stetten (W);6;Fahrbahnteil1;LVE - UZ Memmingen;A96 Richtung M.-Zentrum;Richtungfalse
3683;61467;Querschnitt4348;MQDZ_Lindau_(S)_Mch;DET_Lindau_(S)_Mch_H2;2;9616002;47.54780003;9.73549998;4348;0.1;84249050;Betriebsstatus1;Streckenstation1128;Lindau (S);1;Fahrbahnteil1;LVE - UZ Memmingen;A96 Richtung M.-Zentrum;Richtungfalse
3684;56655;Querschnitt4349;MQDZ_Lindau_(S)_Lin;DET_Lindau_(S)_Lin_H3;35;9616002;47.54810003;9.735;4349;0.1;84249050;Betriebsstatus1;Streckenstation1128;Lindau (S);1;Fahrbahnteil1;LVE - UZ Memmingen;A96 Richtung Lindau;Richtungtrue
3685;53105;Querschnitt4350;BMS_Lindau_(S)_Lin;Geraet15880;3;9616002;47.54826589;9.73491766;4350;0.1;84249050;Betriebsstatus1;Streckenstation1128;Lindau (S);6;Fahrbahnteil1;LVE - UZ Memmingen;A96 Richtung Lindau;Richtungtrue
3686;55481;Querschnitt4351;MQDZ_Landsberg a Lech_(O)_Mch;DET_Landsberg a Lech_(O)_Mch_H2;2;9618818;48.06570007;10.86930002;4351;121.55;79319137;Betriebsstatus1;Streckenstation1129;Landsberg a. Lech-Nord (O);1;Fahrbahnteil1;LVE - UZ Starnberg;A96 Richtung M.-Zentrum;Richtungfalse
3687;56315;Querschnitt4352;MQDZ_Landsberg a Lech_(O)_Lin;DET_Landsberg a Lech_(O)_Lin_H2;34;9618818;48.06590008;10.86930007;4352;121.55;79319137;Betriebsstatus1;Streckenstation1129;Landsberg a. Lech-Nord (O);1;Fahrbahnteil1;LVE - UZ Starnberg;A96 Richtung Lindau;Richtungtrue
3688;52323;Querschnitt4353;BMS_Landsberg a Lech_(O)_Lin;Geraet15887;3;9618818;48.06248;10.87918377;4353;121.55;79319137;Betriebsstatus1;Streckenstation1129;Landsberg a. Lech-Nord (O);6;Fahrbahnteil1;LVE - UZ Starnberg;A96 Richtung Lindau;Richtungtrue
3689;56626;Querschnitt4355;MQDZ_Gräfelfing_(W)_Lin;DET_Gräfelfing_(W)_Lin_H3;35;9609847;48.12780008;11.43930005;4355;165.902;78349222;Betriebsstatus1;Streckenstation1130;Gräfelfing (W);1;Fahrbahnteil1;LVE - UZ Starnberg;A96 Richtung Lindau;Richtungtrue
3690;61040;Querschnitt4354;MQDZ_Gräfelfing_(W)_Mch;DET_Gräfelfing_(W)_Mch_H3;3;9609847;48.12770002;11.43940001;4354;165.902;78349222;Betriebsstatus1;Streckenstation1130;Gräfelfing (W);1;Fahrbahnteil1;LVE - UZ Starnberg;A96 Richtung M.-Zentrum;Richtungfalse
3691;52124;Querschnitt4356;BMS_Gräfelfing_(W)_Mch;Geraet15896;3;9609847;48.12724588;11.43750883;4356;165.902;78349222;Betriebsstatus1;Streckenstation1130;Gräfelfing (W);6;Fahrbahnteil1;LVE - UZ Starnberg;A96 Richtung M.-Zentrum;Richtungfalse
3692;56194;Querschnitt4357;MQDZ_München-Laim_(W)_Mch;DET_München-Laim_(W)_Mch_H3;3;9619941;48.12380008;11.48979998;4357;169.95;78349106;Betriebsstatus1;Streckenstation1131;München-Laim (W);1;Fahrbahnteil1;LVE - UZ Starnberg;A96 Richtung M.-Zentrum;Richtungfalse
3693;62195;Querschnitt170;MQQ239_Sbg_H;DETQ239_Sbg_H2;2;809301;47.8290521237116;12.7036658447156;170;104.025;;Betriebsstatus1;Streckenstation67;SSTQ239;1;Fahrbahnteil1;UZ Siegsdorf;A8-Ost Richtung Salzburg;Richtungfalse
3694;56157;Querschnitt4359;MQDZ_München-Laim_(W)_Lin;DET_München-Laim_(W)_Lin_H3;35;9619941;48.12390001;11.48960006;4359;169.95;78349106;Betriebsstatus1;Streckenstation1131;München-Laim (W);1;Fahrbahnteil1;LVE - UZ Starnberg;A96 Richtung Lindau;Richtungtrue
3695;52388;Querschnitt4360;BMS_München-Laim_(W)_Lin;Geraet15905;3;9619941;48.12408694;11.49111233;4360;169.95;78349106;Betriebsstatus1;Streckenstation1131;München-Laim (W);6;Fahrbahnteil1;LVE - UZ Starnberg;A96 Richtung Lindau;Richtungtrue
3696;53263;Querschnitt4361;MQDZ_München-Kreuzhof_(W)_Mch;DET_München-Kreuzhof_(W)_Mch_H3;3;9516102;48.10062008;11.49837995;4361;1.72;79349043;Betriebsstatus1;Streckenstation1132;München-Kreuzhof (W);1;Fahrbahnteil1;LVE - UZ Starnberg;A95 Richtung M.-Zentrum;Richtungfalse
3697;57295;Querschnitt4362;MQDZ_München-Kreuzhof_(W)_Gap;DET_München-Kreuzhof_(W)_Gap_H3;35;9516102;48.10080008;11.49808;4362;1.72;79349043;Betriebsstatus1;Streckenstation1132;München-Kreuzhof (W);1;Fahrbahnteil1;LVE - UZ Starnberg;A95 Richtung Garmisch;Richtungtrue
3698;55400;Querschnitt4363;BMS_München-Kreuzhof_(W)_Gap;Geraet15914;3;9516102;48.10092007;11.49829004;4363;1.72;79349043;Betriebsstatus1;Streckenstation1132;München-Kreuzhof (W);6;Fahrbahnteil1;LVE - UZ Starnberg;A95 Richtung Garmisch;Richtungtrue
3699;59246;Querschnitt4364;MQDZ_Murnau/Kochel_(S)_Mch;DET_Murnau/Kochel_(S)_Mch_H2;2;9519398;47.66193003;11.24507001;4364;58.447;83339051;Betriebsstatus1;Streckenstation1133;Murnau/Kochel (S);1;Fahrbahnteil1;LVE - UZ Starnberg;A95 Richtung M.-Zentrum;Richtungfalse
3700;59684;Querschnitt4365;MQDZ_Murnau/Kochel_(S)_Gap;DET_Murnau/Kochel_(S)_Gap_H2;34;9519398;47.66217003;11.24493994;4365;58.447;83339051;Betriebsstatus1;Streckenstation1133;Murnau/Kochel (S);1;Fahrbahnteil1;LVE - UZ Starnberg;A95 Richtung Garmisch;Richtungtrue
3701;61744;Querschnitt4366;BMS_Murnau/Kochel_(S)_Gap;Geraet15921;3;9519398;47.66213001;11.24478994;4366;58.447;83339051;Betriebsstatus1;Streckenstation1133;Murnau/Kochel (S);6;Fahrbahnteil1;LVE - UZ Starnberg;A95 Richtung Garmisch;Richtungtrue
3702;59146;Querschnitt4367;MQDZ_Seeshaupt_(N)_Mch;DET_Seeshaupt_(N)_Mch_H2;2;9507887;47.85479002;11.38708004;4367;32.4;81349161;Betriebsstatus1;Streckenstation1134;Seeshaupt (N);1;Fahrbahnteil1;LVE - UZ Starnberg;A95 Richtung M.-Zentrum;Richtungfalse
3703;61719;Querschnitt4368;MQDZ_Seeshaupt_(N)_Gap;DET_Seeshaupt_(N)_Gap_H2;34;9507887;47.85493006;11.38675995;4368;32.4;81349161;Betriebsstatus1;Streckenstation1134;Seeshaupt (N);1;Fahrbahnteil1;LVE - UZ Starnberg;A95 Richtung Garmisch;Richtungtrue
3704;54775;Querschnitt4369;BMS_Seeshaupt_(N)_Mch;Geraet15928;3;9507887;47.85475002;11.38710002;4369;32.4;81349161;Betriebsstatus1;Streckenstation1134;Seeshaupt (N);6;Fahrbahnteil1;LVE - UZ Starnberg;A95 Richtung M.-Zentrum;Richtungfalse
3705;59091;Querschnitt4370;MQDZ_AD Starnberg_(N)_Mch;DET_AD Starnberg_(N)_Mch_H2;2;9516741;48.02248003;11.42068004;4370;13.054;79349151;Betriebsstatus1;Streckenstation1135;AD Starnberg (N);1;Fahrbahnteil1;LVE - UZ Starnberg;A95 Richtung M.-Zentrum;Richtungfalse
3706;50863;Querschnitt4371;MQDZ_AD Starnberg_(N)_Gap;DET_AD Starnberg_(N)_Gap_H2;34;9516741;48.0194;11.41839995;4371;13.054;79349151;Betriebsstatus1;Streckenstation1135;AD Starnberg (N);1;Fahrbahnteil1;LVE - UZ Starnberg;A95 Richtung Garmisch;Richtungtrue
3707;62636;Querschnitt4372;BMS_AD Starnberg_(N)_Gap;Geraet15939;3;9516741;48.02026467;11.41872483;4372;13.054;79349151;Betriebsstatus1;Streckenstation1135;AD Starnberg (N);6;Fahrbahnteil1;LVE - UZ Starnberg;A95 Richtung Garmisch;Richtungtrue
3708;60751;Querschnitt4373;MQDZ_Starnberg_(W)_Mch;DET_Starnberg_(W)_Mch_H2;2;10517683;48.00390008;11.38860006;4373;2.018;79349150;Betriebsstatus1;Streckenstation1136;AD Starnberg (W);1;Fahrbahnteil1;LVE - UZ Starnberg;A952 Richtung M.-Zentrum;Richtungfalse
3709;58403;Querschnitt4374;MQDZ_Starnberg_(W)_Sta;DET_Starnberg_(W)_Sta_H2;34;10517683;48.004;11.38859995;4374;2.018;79349150;Betriebsstatus1;Streckenstation1136;AD Starnberg (W);1;Fahrbahnteil1;LVE - UZ Starnberg;A952 Richtung Starnberg;Richtungtrue
3710;62202;Querschnitt4375;BMS_Starnberg_(W)_Sta;Geraet15946;3;10517683;48.00520772;11.39572235;4375;2.018;79349150;Betriebsstatus1;Streckenstation1136;AD Starnberg (W);6;Fahrbahnteil1;LVE - UZ Starnberg;A952 Richtung Starnberg;Richtungtrue
3711;57102;Querschnitt4376;MQDZ_AD Inntal_(W)_Sbg;DET_AD Inntal_(W)_Sbg_H3;3;807754;47.81355667;12.07150164;4376;54.4;81389180;Betriebsstatus1;Streckenstation1137;AD Inntal (W);1;Fahrbahnteil1;LVE - UZ Rosenheim;A8-Ost Richtung Salzburg;Richtungfalse
3712;52466;Querschnitt4377;MQDZ_AD Inntal_(W)_Mch;DET_AD Inntal_(W)_Mch_H3;35;807754;47.81374251;12.07123849;4377;54.4;81389180;Betriebsstatus1;Streckenstation1137;AD Inntal (W);1;Fahrbahnteil1;LVE - UZ Rosenheim;A8-Ost Richtung M.-Zentrum;Richtungtrue
3713;53528;Querschnitt4378;BMS_AD Inntal_(W)_Sbg;Geraet15955;3;807754;47.81356827;12.0711934;4378;54.4;;Betriebsstatus1;Streckenstation1137;AD Inntal (W);6;Fahrbahnteil1;LVE - UZ Rosenheim;A8-Ost Richtung Salzburg;Richtungfalse
3714;55339;Querschnitt4379;MQDZ_Felden_(O)_Sbg;DET_Felden_(O)_Sbg_H2;2;808562;47.83234888;12.38932001;4379;79.9;81409028;Betriebsstatus1;Streckenstation1138;Felden (O);1;Fahrbahnteil1;LVE - UZ Rosenheim;A8-Ost Richtung Salzburg;Richtungfalse
3715;52554;Querschnitt4380;MQDZ_Felden_(O)_Mch;DET_Felden_(O)_Mch_H2;34;808562;47.83245888;12.38916001;4380;79.9;81409028;Betriebsstatus1;Streckenstation1138;Felden (O);1;Fahrbahnteil1;LVE - UZ Rosenheim;A8-Ost Richtung M.-Zentrum;Richtungtrue
3716;53182;Querschnitt4381;BMS_Felden_(O)_Sbg;Geraet15962;3;808562;47.83223014;12.38942966;4381;79.9;;Betriebsstatus1;Streckenstation1138;Felden (O);6;Fahrbahnteil1;LVE - UZ Rosenheim;A8-Ost Richtung Salzburg;Richtungfalse
3717;63036;Querschnitt4382;MQDZ_Frasdorf_(O)_Sbg;DET_Frasdorf_(O)_Sbg_H2;2;808313;47.80340889;12.30131001;4382;72.15;81409026;Betriebsstatus1;Streckenstation1139;Frasdorf (O);1;Fahrbahnteil1;LVE - UZ Rosenheim;A8-Ost Richtung Salzburg;Richtungfalse
3718;59154;Querschnitt4383;MQDZ_Frasdorf_(O)_Mch;DEt_Frasdorf_(O)_Mch_H2;34;808313;47.80354074;12.30135981;4383;72.15;81409026;Betriebsstatus1;Streckenstation1139;Frasdorf (O);1;Fahrbahnteil1;LVE - UZ Rosenheim;A8-Ost Richtung M.-Zentrum;Richtungtrue
3719;56694;Querschnitt4384;BMS_Frasdorf_(O)_Sbg;Geraet15969;3;808313;47.80333635;12.30103571;4384;72.15;;Betriebsstatus1;Streckenstation1139;Frasdorf (O);6;Fahrbahnteil1;LVE - UZ Rosenheim;A8-Ost Richtung Salzburg;Richtungfalse
3720;55039;Querschnitt4385;MQDZ_Rosenheim_(O)_Sbg;DET_Rosenheim_(O)_Sbg_H2;2;807913;47.80590889;12.13804001;4385;59.45;81389023;Betriebsstatus1;Streckenstation1140;Rosenheim (O);1;Fahrbahnteil1;LVE - UZ Rosenheim;A8-Ost Richtung Salzburg;Richtungfalse
3721;59007;Querschnitt4386;MQDZ_Rosenheim_(O)_Mch;DET_Rosenheim_(O)_Mch_H2;34;807913;47.80605889;12.13811;4386;59.45;81389023;Betriebsstatus1;Streckenstation1140;Rosenheim (O);1;Fahrbahnteil1;LVE - UZ Rosenheim;A8-Ost Richtung M.-Zentrum;Richtungtrue
3722;53215;Querschnitt4387;BMS_Rosenheim_(O)_Sbg;Geraet15976;3;807913;47.80595264;12.13761383;4387;59.45;;Betriebsstatus1;Streckenstation1140;Rosenheim (O);6;Fahrbahnteil1;LVE - UZ Rosenheim;A8-Ost Richtung Salzburg;Richtungfalse
3723;56662;Querschnitt4389;MQDZ_AD Inntal_(S)_Ro;DET_AD Inntal_(S)_Ro_H2;2;9316299;47.7945656;12.09015691;4389;1.8;81389190;Betriebsstatus1;Streckenstation1141;AD Inntal (S);1;Fahrbahnteil1;LVE - UZ Rosenheim;A93-Süd Richtung Rosenheim;Richtungfalse
3724;53147;Querschnitt4390;MQDZ_AD Inntal_(S)_Kff;DET_AD Inntal_(S)_Kff_H2;34;9316299;47.79458227;12.08991241;4390;1.8;81389190;Betriebsstatus1;Streckenstation1141;AD Inntal (S);1;Fahrbahnteil1;LVE - UZ Rosenheim;A93-Süd Richtung Kiefersfelden;Richtungtrue
3725;52992;Querschnitt4391;BMS_AD Inntal_(S)_Kff;Geraet15983;3;9316299;47.79410755;12.08976311;4391;1.8;;Betriebsstatus1;Streckenstation1141;AD Inntal (S);6;Fahrbahnteil1;LVE - UZ Rosenheim;A93-Süd Richtung Kiefersfelden;Richtungtrue
3726;55532;Querschnitt4392;MQDZ_Kiefersfelden_(S)_Ro;DET_Kiefersfelden_(S)_Ro_H2;2;9319978;47.60623093;12.19577827;4392;25.011;83399191;Betriebsstatus1;Streckenstation1142;Kiefersfelden (S);1;Fahrbahnteil1;LVE - UZ Rosenheim;A93-Süd Richtung Rosenheim;Richtungfalse
3727;57414;Querschnitt4393;MQDT_Kiefersfelden_(S)_Kff;DET_Kiefersfelden_(S)_Kff_H2;34;9319978;47.60636052;12.19566032;4393;25.011;83399191;Betriebsstatus1;Streckenstation1142;Kiefersfelden (S);1;Fahrbahnteil1;LVE - UZ Rosenheim;A93-Süd Richtung Kiefersfelden;Richtungtrue
3728;60479;Querschnitt4394;BMS_Kiefersfelden_(S)_Kff;Geraet15990;3;9319978;47.60641197;12.19559674;4394;25.011;;Betriebsstatus1;Streckenstation1142;Kiefersfelden (S);6;Fahrbahnteil1;LVE - UZ Rosenheim;A93-Süd Richtung Kiefersfelden;Richtungtrue
3729;57664;Querschnitt4395;MQDZ_Nittendorf_(W)_Rbg;DET_Nittendorf_(W)_Rbg_H2;2;306570;49.03470001;11.93770003;4395;479.71;69379081;Betriebsstatus1;Streckenstation1143;Nittendorf (W);1;Fahrbahnteil1;LVE - UZ Pentling;A3 Richtung Nürnberg;Richtungfalse
3730;58643;Querschnitt4396;MQDZ_Nittendorf_(W)_Pas;DET_Nittendorf_(W)_Pas_H2;34;306570;49.03460001;11.93749994;4396;479.71;69379081;Betriebsstatus1;Streckenstation1143;Nittendorf (W);1;Fahrbahnteil1;LVE - UZ Pentling;A3 Richtung Passau;Richtungtrue
3731;52003;Querschnitt4397;BMS_Nittendorf_(W)_Rbg;Geraet15997;3;306570;49.03557485;11.9360511;4397;479.71;;Betriebsstatus1;Streckenstation1143;Nittendorf (W);6;Fahrbahnteil1;LVE - UZ Pentling;A3 Richtung Nürnberg;Richtungfalse
3732;54826;Querschnitt4398;MQDZ_Sinzing_(O)_Rbg;DET_Sinzing_(O)_Rbg_H2;2;306779;48.9957075;12.0303387;4398;488.75;70389074;Betriebsstatus1;Streckenstation1144;Sinzing (O);1;Fahrbahnteil1;LVE - UZ Pentling;A3 Richtung Nürnberg;Richtungfalse
3733;56614;Querschnitt4399;MQDZ_Sinzing_(O)_Pas;DET_Sinzing_(O)_Pas_H2;34;306779;48.9955996;12.0303941;4399;488.75;70389074;Betriebsstatus1;Streckenstation1144;Sinzing (O);1;Fahrbahnteil1;LVE - UZ Pentling;A3 Richtung Passau;Richtungtrue
3734;62006;Querschnitt4400;BMS_Sinzing_(O)_Rbg;Geraet16004;3;306779;48.99625667;12.03199127;4400;488.75;;Betriebsstatus1;Streckenstation1144;Sinzing (O);6;Fahrbahnteil1;LVE - UZ Pentling;A3 Richtung Nürnberg;Richtungfalse
3735;51948;Querschnitt4403;BMS_AK_Regensburg_Rgb;Geraet16011;3;306870;48.99116463;12.07556256;4403;492.71;;Betriebsstatus1;Streckenstation1145;AK Regensburg;6;Fahrbahnteil1;LVE - UZ Pentling;A3 Richtung Nürnberg;Richtungfalse
3736;61435;Querschnitt4404;MQDZ_Regensburg-Ost_(W)_Rbg;DET_Regensburg-Ost_(W)_Rbg_H2;2;306991;48.997;12.14260003;4404;497.93;70389001;Betriebsstatus1;Streckenstation1146;Regensburg-Ost (W);1;Fahrbahnteil1;LVE - UZ Pentling;A3 Richtung Nürnberg;Richtungfalse
3737;57408;Querschnitt4405;MQDZ_Regensburg-Ost_(W)_Pas;DET_Regensburg-Ost_(W)_Pas_H2;34;306991;48.99680002;12.14260001;4405;497.93;70389001;Betriebsstatus1;Streckenstation1146;Regensburg-Ost (W);1;Fahrbahnteil1;LVE - UZ Pentling;A3 Richtung Passau;Richtungtrue
3738;60182;Querschnitt4406;BMS_Regensburg-Ost_(W)_Rbg;Geraet16018;3;306991;48.99740039;12.14570467;4406;497.93;;Betriebsstatus1;Streckenstation1146;Regensburg-Ost (W);6;Fahrbahnteil1;LVE - UZ Pentling;A3 Richtung Nürnberg;Richtungfalse
3739;52188;Querschnitt4407;MQDZ_Regensburg-Ost_(O)_Rbg;DET_Regensburg-Ost_(O)_Rbg_H2;2;307036;49.00070008;12.17749996;4407;499.9;70399076;Betriebsstatus1;Streckenstation1147;Regensburg-Ost (O);1;Fahrbahnteil1;LVE - UZ Pentling;A3 Richtung Nürnberg;Richtungfalse
3740;55755;Querschnitt4408;MQDZ_Regensburg-Ost_(O)_Pas;DET_Regensburg-Ost_(O)_Pas_H2;34;307036;49.00050006;12.17770001;4408;499.9;70399076;Betriebsstatus1;Streckenstation1147;Regensburg-Ost (O);1;Fahrbahnteil1;LVE - UZ Pentling;A3 Richtung Passau;Richtungtrue
3741;62252;Querschnitt4409;BMS_Regensburg-Ost_(O)_Rbg;Geraet16025;3;307036;49.00069988;12.17213198;4409;499.9;;Betriebsstatus1;Streckenstation1147;Regensburg-Ost (O);6;Fahrbahnteil1;LVE - UZ Pentling;A3 Richtung Nürnberg;Richtungfalse
3742;52361;Querschnitt4410;MQDZ_Rosenhof_(W)_Rbg;DET_Rosenhof_(W)_Rbg_H2;2;307129;48.99340003;12.22070003;4410;503.93;70399077;Betriebsstatus1;Streckenstation1148;Rosenhof (W);1;Fahrbahnteil1;LVE - UZ Pentling;A3 Richtung Nürnberg;Richtungfalse
3743;51063;Querschnitt4411;MQDZ_Rosenhof_(W)_Pas;DET_Rosenhof_(W)_Pas_H2;34;307129;48.99320006;12.22129998;4411;503.93;70399077;Betriebsstatus1;Streckenstation1148;Rosenhof (W);1;Fahrbahnteil1;LVE - UZ Pentling;A3 Richtung Passau;Richtungtrue
3744;63099;Querschnitt4412;BMS_Rosenhof_(W)_Rbg;Geraet16032;3;307129;48.99259506;12.22584619;4412;503.93;;Betriebsstatus1;Streckenstation1148;Rosenhof (W);6;Fahrbahnteil1;LVE - UZ Pentling;A3 Richtung Nürnberg;Richtungfalse
3745;53120;Querschnitt4413;MQDZ_AK-Deggendorf_(W)_Rbg;DET_AK-Deggendorf_(W)_Rbg_H2;2;318468;48.82880009;12.91519995;4413;561.93;71439093;Betriebsstatus1;Streckenstation1149;AK Deggendorf (W);1;Fahrbahnteil1;LVE - UZ Pentling;A3 Richtung Nürnberg;Richtungfalse
3746;53742;Querschnitt4414;MQDZ_AK-Deggendorf_(W)_Pas;DET_AK-Deggendorf_(W)_Pas_H2;34;318468;48.82880004;12.91490003;4414;561.93;71439093;Betriebsstatus1;Streckenstation1149;AK Deggendorf (W);1;Fahrbahnteil1;LVE - UZ Pentling;A3 Richtung Passau;Richtungtrue
3747;55540;Querschnitt4415;BMS_AK-Deggendorf_(W)_Pas;Geraet16039;3;318468;48.82195454;12.92952603;4415;561.93;;Betriebsstatus1;Streckenstation1149;AK Deggendorf (W);6;Fahrbahnteil1;LVE - UZ Pentling;A3 Richtung Passau;Richtungtrue
3748;56940;Querschnitt335;AQQ203_Mch_H;AQQ203_Mch_C1;105;818837;47.831461445328;12.5159667271439;335;89.66;;Betriebsstatus1;Streckenstation116;SSTQ203;4;Fahrbahnteil1;UZ Siegsdorf;A8-Ost Richtung M.-Zentrum;Richtungtrue
3749;50539;Querschnitt4416;MQDZ_Pocking_(O)_Rbg;DET_Pocking_(O)_Rbg_H2;2;319961;48.44490003;13.37540006;4416;626.6;75469086;Betriebsstatus1;Streckenstation1150;Pocking (O);1;Fahrbahnteil1;LVE - UZ Pentling;A3 Richtung Nürnberg;Richtungfalse
3750;53705;Querschnitt4417;MQDZ_Pocking_(O)_Pas;DET_Pocking_(O)_Pas_H2;34;319961;48.44520007;13.37530003;4417;626.6;75469086;Betriebsstatus1;Streckenstation1150;Pocking (O);1;Fahrbahnteil1;LVE - UZ Pentling;A3 Richtung Passau;Richtungtrue
3751;62362;Querschnitt4418;BMS_Pocking_(O)_Pas;Geraet16046;3;319961;48.41783599;13.40468142;4418;626.6;;Betriebsstatus1;Streckenstation1150;Pocking (O);6;Fahrbahnteil1;LVE - UZ Pentling;A3 Richtung Passau;Richtungtrue
3752;58463;Querschnitt4419;MQDZ_R-Pfaffenstein_(N)_Hof;DET_R-Pfaffenstein_(N)_Hof_H2;2;9316682;49.03709698;12.08879051;4419;194.37;69389047;Betriebsstatus1;Streckenstation1151;Regensburg-Pfaffenstein (N);1;Fahrbahnteil1;LVE - UZ Pentling;A93-Nord Richtung Hof;Richtungfalse
3753;53473;Querschnitt4420;MQDZ_R-Pfaffenstein_(S)_Mch;DET_R-Pfaffenstein_(S)_Mch_H2;34;9316682;49.03731291;12.08856686;4420;194.37;69389047;Betriebsstatus1;Streckenstation1151;Regensburg-Pfaffenstein (N);1;Fahrbahnteil1;LVE - UZ Pentling;A93-Nord Richtung M.-Zentrum;Richtungtrue
3754;55022;Querschnitt4421;BMS_R-Pfaffenstein_(S)_Mch;Geraet16053;3;9316682;49.03734709;12.0886396;4421;194.37;;Betriebsstatus1;Streckenstation1151;Regensburg-Pfaffenstein (N);6;Fahrbahnteil1;LVE - UZ Pentling;A93-Nord Richtung M.-Zentrum;Richtungtrue
3755;59009;Querschnitt4422;MQDZ_R-Königswiesen_Hof;DET_R-Königswiesen_Hof_H2;2;9306865;49.00640009;12.0609;4422;198.3;69389044;Betriebsstatus1;Streckenstation1152;Regensburg-Königswiesen;1;Fahrbahnteil1;LVE - UZ Pentling;A93-Nord Richtung Hof;Richtungfalse
3756;60252;Querschnitt4423;MQDZ_R-Königswiesen_Mch;DET_R-Königswiesen_Mch_H2;34;9306865;49.00660009;12.0607;4423;198.3;69389044;Betriebsstatus1;Streckenstation1152;Regensburg-Königswiesen;1;Fahrbahnteil1;LVE - UZ Pentling;A93-Nord Richtung M.-Zentrum;Richtungtrue
3757;53411;Querschnitt4424;BMS_R-Königswiesen_Hof;Geraet16060;3;9306865;49.00830322;12.0607718;4424;198.3;;Betriebsstatus1;Streckenstation1152;Regensburg-Königswiesen;6;Fahrbahnteil1;LVE - UZ Pentling;A93-Nord Richtung Hof;Richtungfalse
3758;61718;Querschnitt4425;MQDZ_R-Kumpfmühl_(S)_Hof;DET_R-Kumpfmühl_(S)_Hof_H3;3;9306920;48.99850004;12.06359997;4425;199.55;70389042;Betriebsstatus1;Streckenstation1153;Regensburg-Kumpfmühl (S);1;Fahrbahnteil1;LVE - UZ Pentling;A93-Nord Richtung Hof;Richtungfalse
3759;59120;Querschnitt4426;MQDZ_R-Kumpfmühl_(S)_Mch;DET_R-Kumpfmühl_(S)_Mch_H2;34;9306920;48.99880003;12.06340001;4426;199.55;70389042;Betriebsstatus1;Streckenstation1153;Regensburg-Kumpfmühl (S);1;Fahrbahnteil1;LVE - UZ Pentling;A93-Nord Richtung M.-Zentrum;Richtungtrue
3760;59485;Querschnitt4427;BMS_R-Kumpfmühl_(S)_Hof;Geraet16068;3;9306920;48.99738541;12.06355986;4427;199.55;;Betriebsstatus1;Streckenstation1153;Regensburg-Kumpfmühl (S);6;Fahrbahnteil1;LVE - UZ Pentling;A93-Nord Richtung Hof;Richtungfalse
3761;52082;Querschnitt341;AQQ205_Mch_E;AQQ205_Mch_C1;166;818862;47.8305633557613;12.522329624767;341;90.15;;Betriebsstatus1;Streckenstation117;SSTQ205;4;Fahrbahnteil1;UZ Siegsdorf;A8-Ost Richtung M.-Zentrum;Richtungtrue
3762;51358;Querschnitt4428;MQDZ_Siegenburg_(S)_Hof;DET_Siegenburg_(S)_Hof_H2;2;9318627;48.74220002;11.85790003;4428;236.5;72379036;Betriebsstatus1;Streckenstation1154;Siegenburg (S);1;Fahrbahnteil1;LVE - UZ Pentling;A93-Nord Richtung Hof;Richtungfalse
3763;61865;Querschnitt4429;MQDZ_Siegenburg_(S)_Mch;DET_Siegenburg_(S)_Mch_H2;34;9318627;48.74270006;11.85809999;4429;236.5;72379036;Betriebsstatus1;Streckenstation1154;Siegenburg (S);1;Fahrbahnteil1;LVE - UZ Pentling;A93-Nord Richtung M.-Zentrum;Richtungtrue
3764;58673;Querschnitt4430;BMS_Siegenburg_(S)_Mch;Geraet16075;3;9318627;48.74292729;11.85830697;4430;236.5;;Betriebsstatus1;Streckenstation1154;Siegenburg (S);6;Fahrbahnteil1;LVE - UZ Pentling;A93-Nord Richtung M.-Zentrum;Richtungtrue
3765;51396;Querschnitt4439;BMS9-584;BMS9-584_Netz;3;916915;48.33277714;11.61161393;4439;510.79;;Betriebsstatus3;Streckenstation1176;SST9-584;6;Fahrbahnteil1;UZ Freimann;A9 Richtung M.-Zentrum;Richtungtrue
3766;55382;Querschnitt171;MQQ239_Mch_H;DETQ239_Mch_H2;34;809301;47.8291484110307;12.7040642744807;171;104.025;;Betriebsstatus1;Streckenstation67;SSTQ239;1;Fahrbahnteil1;UZ Siegsdorf;A8-Ost Richtung M.-Zentrum;Richtungtrue
3767;56325;Querschnitt342;AQQ207_Mch_H;AQQ207_Mch_C1;105;818910;47.8281911903759;12.5420599099468;342;91.65;;Betriebsstatus1;Streckenstation118;SSTQ207;4;Fahrbahnteil1;UZ Siegsdorf;A8-Ost Richtung M.-Zentrum;Richtungtrue
3768;52555;Querschnitt345;AQQ209_Mch_H;AQQ209_Mch_C1;105;818965;47.8264289680308;12.5644604756009;345;93.347;;Betriebsstatus1;Streckenstation119;SSTQ209;4;Fahrbahnteil1;UZ Siegsdorf;A8-Ost Richtung M.-Zentrum;Richtungtrue
3769;54872;Querschnitt349;AQQ215_Mch_H;AQQ215_Mch_C1;105;819010;47.8284914260968;12.58361828601;349;94.8;;Betriebsstatus1;Streckenstation121;SSTQ215;4;Fahrbahnteil1;UZ Siegsdorf;A8-Ost Richtung M.-Zentrum;Richtungtrue
3770;53983;Querschnitt4499;BMSAQ194;BMSAQ194_Temp;3;9416247;48.14298692;11.76990666;4499;10.76;;Betriebsstatus1;Streckenstation1193;SSTAQ194;6;Fahrbahnteil1;UZ Riem;A94 Richtung M.-Zentrum;Richtungtrue
3771;50661;Querschnitt4469;BMS9-586;BMS9-586_Netz;3;916887;48.32781042;11.61425478;4469;511.37;;Betriebsstatus3;Streckenstation1179;SST9-586;6;Fahrbahnteil1;UZ Freimann;A9 Richtung M.-Zentrum;Richtungtrue
3772;51257;Querschnitt4471;BMS9-590;BMS9-590_Netz;3;916856;48.32247184;11.61722071;4471;512.015;;Betriebsstatus3;Streckenstation1180;SST9-590;6;Fahrbahnteil1;UZ Freimann;A9 Richtung M.-Zentrum;Richtungtrue
3773;59636;Querschnitt4473;BMS9-601;BMS9-601_Netz;3;916837;48.31927637;11.61905139;4473;512.395;;Betriebsstatus3;Streckenstation1181;SST9-601;6;Fahrbahnteil1;UZ Freimann;A9 Richtung M.-Zentrum;Richtungtrue
3774;62198;Querschnitt359;AQQ221_Sbg_H;AQQ221_Sbg_C1;73;819068;47.8286737699381;12.6078673587785;359;96.62;;Betriebsstatus1;Streckenstation123;SSTQ221;4;Fahrbahnteil1;UZ Siegsdorf;A8-Ost Richtung Salzburg;Richtungfalse
3775;62800;Querschnitt4475;BMS9-805;BMS9-805_Netz;3;916170;48.20175108;11.61930283;4475;526.23;;Betriebsstatus1;Streckenstation1182;SST9-805;6;Fahrbahnteil1;UZ Freimann;A9 Richtung M.-Zentrum;Richtungtrue
3776;55898;Querschnitt5867;MQTEU006_Edg;TEU006_H3;2;9990006;48.35080348;11.74110075;5867;0.25;;Betriebsstatus1;Streckenstation1606;TEU 006;1;Fahrbahnteil1;Concert Zentrale;St2584 Richtung Erding;Richtungfalse
3777;59395;Querschnitt360;AQQ221_Mch_H;AQQ221_Mch_C1;105;819068;47.8287908700121;12.6078499477207;360;96.62;;Betriebsstatus1;Streckenstation123;SSTQ221;4;Fahrbahnteil1;UZ Siegsdorf;A8-Ost Richtung M.-Zentrum;Richtungtrue
3778;51230;Querschnitt177;MQQ245_Sbg_H;DETQ245_Sbg_H2;2;809373;47.8307337573809;12.7334910257321;177;106.27;81429033;Betriebsstatus1;Streckenstation70;SSTQ245;1;Fahrbahnteil1;UZ Siegsdorf;A8-Ost Richtung Salzburg;Richtungfalse
3779;60815;Querschnitt361;AQQ225_Mch_H;AQQ225_Mch_C1;105;819117;47.8290730112182;12.6291784045471;361;98.15;;Betriebsstatus1;Streckenstation124;SSTQ225;4;Fahrbahnteil1;UZ Siegsdorf;A8-Ost Richtung M.-Zentrum;Richtungtrue
3780;61087;Querschnitt4495;BMSAQ190;BMSAQ190_Temp;3;9416261;48.14502815;11.77698004;4495;11.35;;Betriebsstatus1;Streckenstation1191;SSTAQ190;6;Fahrbahnteil1;UZ Riem;A94 Richtung M.-Zentrum;Richtungtrue
3781;55943;Querschnitt4497;BMSAQ188;BMSAQ188_Temp;3;9416271;48.14756716;11.78200742;4497;11.81;;Betriebsstatus1;Streckenstation1192;SSTAQ188;6;Fahrbahnteil1;UZ Riem;A94 Richtung M.-Zentrum;Richtungtrue
3782;51486;Querschnitt4501;BMSAQ198b;BMSAQ198b_Temp;3;9416221;48.14301465;11.75536959;4501;9.62;;Betriebsstatus1;Streckenstation1194;SSTAQ198b;6;Fahrbahnteil1;UZ Riem;A94 Richtung M.-Zentrum;Richtungtrue
3783;51919;Querschnitt4503;BMSAQ196;BMSAQ196_Temp;3;9416231;48.14289581;11.7602366;4503;10.03;;Betriebsstatus1;Streckenstation1195;SSTAQ196;6;Fahrbahnteil1;UZ Riem;A94 Richtung M.-Zentrum;Richtungtrue
3784;59459;Querschnitt4440;AQ9-584-Mch;WZG9-584-Mch_BL1;11;916915;48.33244504;11.61180527;4440;510.84;;Betriebsstatus3;Streckenstation1176;SST9-584;4;Fahrbahnteil1;UZ Freimann;A9 Richtung M.-Zentrum;Richtungtrue
3785;61263;Querschnitt4470;AQ9-586-Mch;WZG9-586-Mch_BL1;11;916887;48.32770884;11.61447319;4470;511.4;;Betriebsstatus3;Streckenstation1179;SST9-586;4;Fahrbahnteil1;UZ Freimann;A9 Richtung M.-Zentrum;Richtungtrue
3786;57219;Querschnitt4472;AQ9-590-Mch;WZG9-590-Mch_BL1;11;916856;48.32247184;11.61722071;4472;512.015;;Betriebsstatus3;Streckenstation1180;SST9-590;4;Fahrbahnteil1;UZ Freimann;A9 Richtung M.-Zentrum;Richtungtrue
3787;57958;Querschnitt4474;AQ9-601-Mch;WZG9-601-Mch_BL1;6;916837;48.31893531;11.61925618;4474;512.425;;Betriebsstatus3;Streckenstation1181;SST9-601;4;Fahrbahnteil1;UZ Freimann;A9 Richtung M.-Zentrum;Richtungtrue
3788;58817;Querschnitt4476;AQ9-805-Mch;WZG9-805-Mch_BL1;3;916170;48.2016049189382;11.6193744154253;4476;526.26;;Betriebsstatus1;Streckenstation1182;SST9-805;4;Fahrbahnteil1;UZ Freimann;A9 Richtung M.-Zentrum;Richtungtrue
3789;50849;Querschnitt364;AQQ231_Mch_H;AQQ231_Mch_C1;105;819154;47.8283042286422;12.6435412068588;364;99.35;;Betriebsstatus1;Streckenstation125;SSTQ231;4;Fahrbahnteil1;UZ Siegsdorf;A8-Ost Richtung M.-Zentrum;Richtungtrue
3790;51417;Querschnitt3537;AQ99-220-Sbg;Geraet16395;37;9908704;48.1531469809879;11.7525020350354;3537;36.535;;Betriebsstatus1;Streckenstation743;SST99-220;4;Fahrbahnteil1;UZ Aschheim;A99 Richtung Salzburg;Richtungfalse
3791;57393;Querschnitt4584;MQMob4_A99-E;DETMob4_Mch_E1;97;806079;48.18160294;11.43144364;4584;2.34;;Betriebsstatus1;Streckenstation1218;SST_8_2380_Mch;1;Fahrbahnteil3;UZ Aubing;A8-West Richtung M.-Zentrum;Richtungfalse
3792;58185;Querschnitt370;AQQ263_Mch_E;AQQ263_Mch_C1;166;819712;47.8000772686468;12.8548236801385;370;116.91;;Betriebsstatus1;Streckenstation127;SSTQ263;4;Fahrbahnteil3;UZ Siegsdorf;A8-Ost Richtung M.-Zentrum;Richtungtrue
3793;57948;Querschnitt375;AQQ279_Mch_E;AQQ279_Mch_C1;165;819877;47.7675076697942;12.9022513279632;375;122.075;;Betriebsstatus1;Streckenstation128;SSTQ279;4;Fahrbahnteil3;UZ Siegsdorf;A8-Ost Richtung M.-Zentrum;Richtungtrue
3794;57904;Querschnitt4541;BMS_Adelzhausen_Ost;Geraet16473;2;807006;48.34009462;11.15575688;4541;29.538;76329133;Betriebsstatus1;Streckenstation1204;Adelzhausen (O);6;Fahrbahnteil1;LVE - UZ Augsburg;A8-West Richtung M.-Zentrum;Richtungfalse
3795;59484;Querschnitt4544;BMS_Derching_(O)_Mch;Geraet16479;2;807541;48.40161911;10.97749217;4544;45.3;75319008;Betriebsstatus1;Streckenstation1206;Derching (O);6;Fahrbahnteil1;LVE - UZ Augsburg;A8-West Richtung M.-Zentrum;Richtungfalse
3796;51648;Querschnitt377;AQQ285_Mch_H;AQQ285_Mch_C1;105;819913;47.7667688841366;12.9175132555925;377;123.25;;Betriebsstatus1;Streckenstation129;SSTQ285;4;Fahrbahnteil1;UZ Siegsdorf;A8-Ost Richtung M.-Zentrum;Richtungtrue
3797;60207;Querschnitt4547;BMS_Augsburg-Ost_Mch;Geraet16485;2;807628;48.40685404;10.93786564;4547;48.3;75319009;Betriebsstatus1;Streckenstation1207;Augsburg-Ost (O);6;Fahrbahnteil1;LVE - UZ Augsburg;A8-West Richtung M.-Zentrum;Richtungfalse
3798;51450;Querschnitt4551;BMS_Augsburg-West_(O)_Mch;Geraet16491;2;807770;48.41433055;10.88124211;4551;52.588;75319010;Betriebsstatus1;Streckenstation1208;Augsburg-West (O);6;Fahrbahnteil1;LVE - UZ Augsburg;A8-West Richtung M.-Zentrum;Richtungfalse
3799;63410;Querschnitt4552;MQDZ_Edenbergen_(O)_Mch;DET_Edenbergen_(O)_Mch_H3;3;818477;48.41970005;10.80420002;4552;56.74;75289012;Betriebsstatus1;Streckenstation1209;Edenbergen (O);1;Fahrbahnteil1;LVE - UZ Augsburg;A8-West Richtung M.-Zentrum;Richtungfalse
3800;63400;Querschnitt4553;MQDZ_Edenbergen_(O)_Stg;DET_Edenbergen_(O)_Stg_H3;35;818477;48.41980004;10.80510004;4553;56.74;75289012;Betriebsstatus1;Streckenstation1209;Edenbergen (O);1;Fahrbahnteil1;LVE - UZ Augsburg;A8-West Richtung Stuttgart;Richtungtrue
3801;53922;Querschnitt4554;BMS_Edenbergen_(O)_Mch;Geraet16497;2;818477;48.4181281;10.82551072;4554;56.74;75289012;Betriebsstatus1;Streckenstation1209;Edenbergen (O);6;Fahrbahnteil1;LVE - UZ Augsburg;A8-West Richtung M.-Zentrum;Richtungfalse
3802;63411;Querschnitt4555;MQDZ_Zusmarshausen_(W)_Mch;DET_Zusmarshausen_(W)_Mch_H3;3;818631;48.40030001;10.54969998;4555;75.0;75289010;Betriebsstatus1;Streckenstation1210;Zusmarshausen (W);1;Fahrbahnteil1;LVE - UZ Augsburg;A8-West Richtung M.-Zentrum;Richtungfalse
3803;62744;Querschnitt178;MQQ245_Mch_H;DETQ245_Mch_H2;34;809373;47.8308671940841;12.7337672247645;178;106.27;81429033;Betriebsstatus1;Streckenstation70;SSTQ245;1;Fahrbahnteil1;UZ Siegsdorf;A8-Ost Richtung M.-Zentrum;Richtungtrue
3804;63403;Querschnitt4556;MQDZ_Zusmarshausen_(W)_Stg;DET_Zusmarshausen_(W)_Stg_H3;35;818631;48.40050003;10.55000007;4556;75.0;75289010;Betriebsstatus1;Streckenstation1210;Zusmarshausen (W);1;Fahrbahnteil1;LVE - UZ Augsburg;A8-West Richtung Stuttgart;Richtungtrue
3805;63278;Querschnitt4557;BMS_Zusmarshausen_(W)_Mch;BMS_Zusmarshausen_(W)_Mch_Netz;2;818631;48.4086195;10.58318588;4557;75.0;75289010;Betriebsstatus1;Streckenstation1210;Zusmarshausen (W);6;Fahrbahnteil1;LVE - UZ Augsburg;A8-West Richtung M.-Zentrum;Richtungfalse
3806;57670;Querschnitt4560;BMS_Leipheim_(O)_Mch;Geraet16509;2;809458;48.43046777;10.2248177;4560;102.8;75279012;Betriebsstatus1;Streckenstation1211;Leipheim (O);6;Fahrbahnteil1;LVE - UZ Augsburg;A8-West Richtung M.-Zentrum;Richtungfalse
3807;53711;Querschnitt4562;DETMQ DZ Füssen;Geraet16510;1;705998;47.56797;10.65919;4562;962.25;83299001;Betriebsstatus3;Streckenstation1212;DZ Füssen;1;Fahrbahnteil1;LVE - UZ Memmingen;A7 Richtung Fulda;Richtungfalse
3808;63113;Querschnitt4563;DETMQ DZ Füssen;Geraet16511;2;705998;47.56799;10.65909;4563;962.25;83299001;Betriebsstatus3;Streckenstation1212;DZ Füssen;1;Fahrbahnteil1;LVE - UZ Memmingen;A7 Richtung Füssen;Richtungtrue
3809;62684;Querschnitt4569;GMAMo94_1-Mch;WUD_HK_Mo94_1-Mch;33;9416264;48.1458514493047;11.7786741743069;4569;11.5;;Betriebsstatus1;Streckenstation1216;SSTMo94_1;3;Fahrbahnteil1;UZ Riem;A94 Richtung M.-Zentrum;Richtungtrue
3810;53333;Querschnitt4570;BMSMo94_1;BMSMo94_1_Netz;3;9416264;48.14601457;11.77889576;4570;11.47;;Betriebsstatus1;Streckenstation1216;SSTMo94_1;6;Fahrbahnteil1;UZ Riem;A94 Richtung M.-Zentrum;Richtungtrue
3811;55327;Querschnitt4571;AQMo94_1-Mch;WZGMo94_1-Mch_RTLED;2;9416264;48.1458116256957;11.7787674503691;4571;11.5;;Betriebsstatus1;Streckenstation1216;SSTMo94_1;4;Fahrbahnteil1;UZ Riem;A94 Richtung M.-Zentrum;Richtungtrue
3812;58501;Querschnitt4600;MQMob6_Sbg-H;DETMob6_Sbg_H3;35;9918963;48.1227078140261;11.7584967744742;4600;40.0;;Betriebsstatus1;Streckenstation1222;SSTMob6;1;Fahrbahnteil1;UZ Aschheim;A99 Richtung Salzburg;Richtungfalse
3813;61599;Querschnitt182;MQQ247_Sbg_E;DETQ247_Sbg_E1;129;809388;47.8309098348538;12.7396892092477;182;106.715;;Betriebsstatus1;Streckenstation71;SSTQ247;1;Fahrbahnteil3;UZ Siegsdorf;A8-Ost Richtung Salzburg;Richtungfalse
3814;56049;Querschnitt4576;MQDZ_München-Giesing_(S)_Mch;DET_München-Giesing_(S)_Mch_H2;2;10906163;48.09103059;11.59068107;4576;0.429;79359221;Betriebsstatus1;Streckenstation1214;München-Giesing (S);1;Fahrbahnteil1;LVE - UZ Freimann;A995 Richtung M.-Zentrum;Richtungfalse
3815;60398;Querschnitt4606;MQDZ_München-Giesing_(S)_Sbg;DET_München-Giesing_(S)_Sbg_H3;35;10906163;48.09098088;11.59043161;4606;0.429;79359221;Betriebsstatus1;Streckenstation1214;München-Giesing (S);1;Fahrbahnteil1;LVE - UZ Freimann;A995 Richtung Salzburg;Richtungtrue
3816;56977;Querschnitt4608;BMS_München-Giesing_(S)_Sbg;Geraet16607;3;10906163;48.09106186;11.59097578;4608;0.429;;Betriebsstatus1;Streckenstation1214;München-Giesing (S);6;Fahrbahnteil1;LVE - UZ Freimann;A995 Richtung Salzburg;Richtungtrue
3817;60131;Querschnitt4609;MQDZ_München-Perlach_(S)_Sbg;DET_München-Perlach_(S)_Sbg_H4;4;816043;48.10260004;11.61340006;4609;0.55;79359082;Betriebsstatus1;Streckenstation1224;München-Perlach (S);1;Fahrbahnteil1;LVE - UZ Freimann;A8-Ost Richtung Salzburg;Richtungfalse
3818;55049;Querschnitt4610;MQDZ_München-Perlach_(S)_Mch;DET_München-Perlach_(S)_Mch_H3;35;816043;48.10260008;11.61359998;4610;0.55;79359082;Betriebsstatus1;Streckenstation1224;München-Perlach (S);1;Fahrbahnteil1;LVE - UZ Freimann;A8-Ost Richtung M.-Zentrum;Richtungtrue
3819;56167;Querschnitt4611;BMS_München-Perlach_(S)_Sbg;Geraet16617;3;816043;48.09993;11.61348905;4611;0.55;;Betriebsstatus1;Streckenstation1224;München-Perlach (S);6;Fahrbahnteil1;LVE - UZ Freimann;A8-Ost Richtung Salzburg;Richtungfalse
3820;52804;Querschnitt4612;MQDZ_Feldmoching_(W)_Sbg;DET_Feldmoching_(W)_Sbg_H3;3;9907194;48.22276085;11.52267372;4612;16.122;;Betriebsstatus0;Streckenstation1225;AD München-Feldmoching (W);1;Fahrbahnteil1;LVE - UZ Freimann;A99 Richtung Salzburg;Richtungfalse
3821;51735;Querschnitt4613;MQDZ_Feldmoching_(W)_Lin;DET_Feldmoching_(W)_Lin_H3;35;9907194;48.22311466;11.52243444;4613;16.122;;Betriebsstatus0;Streckenstation1225;AD München-Feldmoching (W);1;Fahrbahnteil1;LVE - UZ Freimann;A99 Richtung Lindau;Richtungtrue
3822;60737;Querschnitt4614;BMS_Feldmoching_(W)_Lin;Geraet16626;3;9907194;48.22321351;11.52307804;4614;16.122;;Betriebsstatus0;Streckenstation1225;AD München-Feldmoching (W);6;Fahrbahnteil1;LVE - UZ Freimann;A99 Richtung Lindau;Richtungtrue
3823;53580;Querschnitt4615;MQDZ_Lenting_(S)_Nbg;DET_Lenting_(S)_Nbg_H3;3;916296;48.80520005;11.46589998;4615;453.973;72349090;Betriebsstatus1;Streckenstation1226;Lenting (S);1;Fahrbahnteil1;LVE - UZ Freimann;A9 Richtung Nürnberg;Richtungfalse
3824;61814;Querschnitt4616;MQDZ_Lenting_(S)_Mch;DET_Lenting_(S)_Mch_h3;35;916296;48.80530002;11.46570003;4616;453.973;72349090;Betriebsstatus1;Streckenstation1226;Lenting (S);1;Fahrbahnteil1;LVE - UZ Freimann;A9 Richtung M.-Zentrum;Richtungtrue
3825;55277;Querschnitt4617;BMS_Lenting_(S)_Mch;Geraet16635;3;916296;48.80635232;11.46568451;4617;453.973;;Betriebsstatus1;Streckenstation1226;Lenting (S);6;Fahrbahnteil1;LVE - UZ Freimann;A9 Richtung M.-Zentrum;Richtungtrue
3826;61343;Querschnitt4619;MQDZ_Ingolstadt-Nord_(S)_Nbg;DET_Ingolstadt-Nord_(S)_Nbg_H3;3;916522;48.76200008;11.45900002;4619;458.629;72349052;Betriebsstatus1;Streckenstation1227;Ingolstadt-Nord (S);1;Fahrbahnteil1;LVE - UZ Freimann;A9 Richtung Nürnberg;Richtungfalse
3827;55059;Querschnitt4620;MQDZ_Ingolstadt-Nord_(S)_Mch;DET_Ingolstadt-Nord_(S)_Mch_H3;35;916522;48.76200002;11.45869996;4620;458.629;72349052;Betriebsstatus1;Streckenstation1227;Ingolstadt-Nord (S);1;Fahrbahnteil1;LVE - UZ Freimann;A9 Richtung M.-Zentrum;Richtungtrue
3828;61017;Querschnitt4621;BMS_Ingolstadt-Nord_(S)_Mch;Geraet16645;3;916522;48.76496723;11.45944428;4621;458.629;;Betriebsstatus1;Streckenstation1227;Ingolstadt-Nord (S);6;Fahrbahnteil1;LVE - UZ Freimann;A9 Richtung M.-Zentrum;Richtungtrue
3829;53885;Querschnitt4622;MQDZ_Manching_(N)_Nbg;DET_Manching_(N)_Nbg_H3;3;916736;48.72310008;11.47819998;4622;463.029;72349054;Betriebsstatus1;Streckenstation1228;Manching (N);1;Fahrbahnteil1;LVE - UZ Freimann;A9 Richtung Nürnberg;Richtungfalse
3830;61018;Querschnitt4623;MQDZ_Manching_(N)_Mch;DET_Manching_(N)_Mch_H3;35;916736;48.72350005;11.47770004;4623;463.029;72349054;Betriebsstatus1;Streckenstation1228;Manching (N);1;Fahrbahnteil1;LVE - UZ Freimann;A9 Richtung M.-Zentrum;Richtungtrue
3831;59904;Querschnitt4624;BMS_Manching_(N)_Mch;Geraet16655;3;916736;48.72792397;11.47428996;4624;463.029;;Betriebsstatus1;Streckenstation1228;Manching (N);6;Fahrbahnteil1;LVE - UZ Freimann;A9 Richtung M.-Zentrum;Richtungtrue
3832;51135;Querschnitt4625;MQDZ_Langenbruck_(S)_Nbg;DET_Langenbruck_(S)_Nbg_H3;3;907330;48.63440004;11.52300005;4625;475.239;73359956;Betriebsstatus1;Streckenstation1229;Langenbruck (S);1;Fahrbahnteil1;LVE - UZ Freimann;A9 Richtung Nürnberg;Richtungfalse
3833;61601;Querschnitt4626;BMS_Langenbruck_(S)_Nbg;Geraet16661;3;907330;48.6236095;11.52598246;4626;475.239;;Betriebsstatus1;Streckenstation1229;Langenbruck (S);6;Fahrbahnteil1;LVE - UZ Freimann;A9 Richtung Nürnberg;Richtungfalse
3834;59040;Querschnitt4627;MQDZ_AD_Holledau_(N)_Nbg;DET_AD_Holledau_(N)_Nbg_H3;3;907614;48.58320001;11.58299994;4627;481.07;;Betriebsstatus1;Streckenstation1230;AD Hollendau (N-Echelbach);1;Fahrbahnteil1;LVE - UZ Freimann;A9 Richtung Nürnberg;Richtungfalse
3835;54459;Querschnitt4628;BMS_AD_Holledau_(N)_Nbg;Geraet16667;3;907614;48.58471213;11.57817701;4628;481.07;;Betriebsstatus1;Streckenstation1230;AD Hollendau (N-Echelbach);6;Fahrbahnteil1;LVE - UZ Freimann;A9 Richtung Nürnberg;Richtungfalse
3836;62447;Querschnitt4629;MQDZ_AD_Holledau_(S)_Nbg;DET_AD_Holledau_(S)_Nbg_H3;3;907770;48.56570006;11.59150001;4629;484.277;;Betriebsstatus1;Streckenstation1231;AD Hollendau (S-Geisenhausen);1;Fahrbahnteil1;LVE - UZ Freimann;A9 Richtung Nürnberg;Richtungfalse
3837;55218;Querschnitt4630;BMS_AD_Holledau_(S)_Nbg;Geraet16673;3;907770;48.56132673;11.58942631;4630;484.277;;Betriebsstatus1;Streckenstation1231;AD Hollendau (S-Geisenhausen);6;Fahrbahnteil1;LVE - UZ Freimann;A9 Richtung Nürnberg;Richtungfalse
3838;56364;Querschnitt4631;MQDZ_Pfaffenhofen_(N)_Nbg;DET_Pfaffenhofen_(N)_Nbg_H3;3;908060;48.50840006;11.58629995;4631;490.235;;Betriebsstatus1;Streckenstation1232;Pfaffenhofen (N);1;Fahrbahnteil1;LVE - UZ Freimann;A9 Richtung Nürnberg;Richtungfalse
3839;59696;Querschnitt4632;BMS_Pfaffenhofen_(N)_Nbg;Geraet16679;3;908060;48.51088642;11.5844331;4632;490.235;;Betriebsstatus1;Streckenstation1232;Pfaffenhofen (N);6;Fahrbahnteil1;LVE - UZ Freimann;A9 Richtung Nürnberg;Richtungfalse
3840;56360;Querschnitt4633;MQDZ_Pfaffenhofen_(S)_Nbg;DET_Pfaffenhofen_(S)_Nbg_H3;3;908163;48.49690003;11.59470004;4633;492.355;;Betriebsstatus1;Streckenstation1233;Pfaffenhofen (S);1;Fahrbahnteil1;LVE - UZ Freimann;A9 Richtung Nürnberg;Richtungfalse
3841;59184;Querschnitt4634;BMS_Pfaffenhofen_(S)_Nbg;Geraet16685;3;908163;48.4934955;11.59487123;4634;492.355;;Betriebsstatus1;Streckenstation1233;Pfaffenhofen (S);6;Fahrbahnteil1;LVE - UZ Freimann;A9 Richtung Nürnberg;Richtungfalse
3842;50523;Querschnitt4635;MQDZ_Allershausen_(N)_Nbg;DET_Allershausen_(N)_Nbg_H3;3;908437;48.44270007;11.58939998;4635;497.988;;Betriebsstatus1;Streckenstation1234;Allershausen (N-Aiterbach);1;Fahrbahnteil1;LVE - UZ Freimann;A9 Richtung Nürnberg;Richtungfalse
3843;60534;Querschnitt4636;BMS_Allershausen_(N)_Nbg;Geraet16691;3;908437;48.44445663;11.58957021;4636;497.988;;Betriebsstatus1;Streckenstation1234;Allershausen (N-Aiterbach);6;Fahrbahnteil1;LVE - UZ Freimann;A9 Richtung Nürnberg;Richtungfalse
3844;54591;Querschnitt4637;MQDZ_AK_Neufahrn_(N)_Nbg;DET_AK_Neufahrn_(N)_Nbg_H3;3;908908;48.34200006;11.60660001;4637;507.662;;Betriebsstatus0;Streckenstation1235;AK Neufahm (N);1;Fahrbahnteil1;LVE - UZ Freimann;A9 Richtung Nürnberg;Richtungfalse
3845;50645;Querschnitt4638;BMS_AK_Neufahrn_(N)_Nbg;Geraet16697;3;908908;48.35871596;11.59673553;4638;507.662;;Betriebsstatus0;Streckenstation1235;AK Neufahm (N);6;Fahrbahnteil1;LVE - UZ Freimann;A9 Richtung Nürnberg;Richtungfalse
3846;57910;Querschnitt183;MQQ247_Mch_A;DETQ247_Mch_A1;97;809388;47.8314399297899;12.739668901244;183;106.715;;Betriebsstatus1;Streckenstation71;SSTQ247;1;Fahrbahnteil4;UZ Siegsdorf;A8-Ost Richtung M.-Zentrum;Richtungtrue
3847;62450;Querschnitt4639;MQDZ_AK_Neufahrn_(Fürholzen)_Nbg;DET_AK_Neufahrn_(Fürholzen)_Nbg_H3;3;919042;48.33630005;11.60989998;4639;510.409;;Betriebsstatus0;Streckenstation1236;AK Neufahm (N-Fürholzen);1;Fahrbahnteil1;LVE - UZ Freimann;A9 Richtung Nürnberg;Richtungfalse
3848;60155;Querschnitt4640;BMS_AK_Neufahrn_(Fürholzen)_Nbg;Geraet16704;3;919042;48.33598153;11.60979572;4640;510.409;;Betriebsstatus0;Streckenstation1236;AK Neufahm (N-Fürholzen);6;Fahrbahnteil1;LVE - UZ Freimann;A9 Richtung M.-Zentrum;Richtungtrue
3849;54245;Querschnitt4642;MQDZ_Altdorf_(O)_Deg;DET_Altdorf_(O)_Deg_H2;2;9207870;48.56984304;12.11391738;4642;62.801;74389014;Betriebsstatus1;Streckenstation1237;Altdorf (O);1;Fahrbahnteil1;LVE - UZ Freimann;A92 Richtung Deggendorf;Richtungfalse
3850;62619;Querschnitt4643;MQDZ_Altdorf_(O)_Mch;DET_Altdorf_(O)_Mch_H2;34;9207870;48.57007131;12.11388361;4643;62.801;74389014;Betriebsstatus1;Streckenstation1237;Altdorf (O);1;Fahrbahnteil1;LVE - UZ Freimann;A92 Richtung M.-Zentrum;Richtungtrue
3851;58290;Querschnitt4644;BMS_Altdorf_(O)_Deg;Geraet16712;3;9207870;48.56975753;12.11399781;4644;62.801;;Betriebsstatus1;Streckenstation1237;Altdorf (O);6;Fahrbahnteil1;LVE - UZ Freimann;A92 Richtung Deggendorf;Richtungfalse
3852;53992;Querschnitt4645;MQDZ_Landau an der Isar_(W)_Deg;DET_Landau an der Isar_(W)_Deg_H2;2;9219119;48.68854719;12.64876828;4645;104.724;73419019;Betriebsstatus1;Streckenstation1238;Landau an der Isar (W);1;Fahrbahnteil1;LVE - UZ Freimann;A92 Richtung Deggendorf;Richtungfalse
3853;51177;Querschnitt4646;MQDZ_Landau an der Isar_(W)_Mch;DET_Landau an der Isar_(W)_Mch_H2;34;9219119;48.6887351;12.64866286;4646;104.724;73419019;Betriebsstatus1;Streckenstation1238;Landau an der Isar (W);1;Fahrbahnteil1;LVE - UZ Freimann;A92 Richtung M.-Zentrum;Richtungtrue
3854;55527;Querschnitt4647;BMS_Landau an der Isar_(W)_Mch;Geraet16719;3;9219119;48.68871268;12.64871608;4647;104.724;;Betriebsstatus1;Streckenstation1238;Landau an der Isar (W);6;Fahrbahnteil1;LVE - UZ Freimann;A92 Richtung M.-Zentrum;Richtungtrue
3855;59784;Querschnitt184;MQQ247_Mch_E;DETQ247_Mch_E1;161;809388;47.8314593749099;12.7390727553136;184;106.715;;Betriebsstatus1;Streckenstation71;SSTQ247;1;Fahrbahnteil3;UZ Siegsdorf;A8-Ost Richtung M.-Zentrum;Richtungtrue
3856;53202;Querschnitt5868;MQTEU007_Edg;TEU007_H3;2;9990007;48.35146903;11.74894464;5868;1.3;;Betriebsstatus1;Streckenstation1607;TEU 007;1;Fahrbahnteil1;Concert Zentrale;St2584 Richtung Erding;Richtungfalse
3857;59713;Querschnitt5136;AQ9-345-Nbg;WZG9-345-Nbg_BL1;13;906742;48.3030754841637;11.6291585738784;5136;514.32;;Betriebsstatus1;Streckenstation1383;SST9-345;4;Fahrbahnteil1;UZ Freimann;A9 Richtung Nürnberg;Richtungfalse
3858;51127;Querschnitt63;MQQ31_Mch_H;DETQ31_Mch_H2;35;807107;47.99319086;11.67968304;63;13.467;;Betriebsstatus3;Streckenstation26;SSTQ31;1;Fahrbahnteil1;UZ Holzkirchen;A8-Ost Richtung M.-Zentrum;Richtungtrue
3859;51940;Querschnitt188;MQQ249_Sbg_H;DETQ249_Sbg_H2;2;809415;47.8278858524684;12.7499386926844;188;107.615;;Betriebsstatus1;Streckenstation72;SSTQ249;1;Fahrbahnteil1;UZ Siegsdorf;A8-Ost Richtung Salzburg;Richtungfalse
3860;61842;Querschnitt4695;BMSQ55;BMSQ55_Netz;3;807243;47.86868615;11.78648026;4695;30.45;;Betriebsstatus1;Streckenstation38;SSTQ55;6;Fahrbahnteil1;UZ Holzkirchen;A8-Ost Richtung Salzburg;Richtungfalse
3861;60922;Querschnitt4750;MQ101a_Mch_H;DET101a_Mch_H3;35;916005;48.6055;11.5486;4750;477.9;;Betriebsstatus3;Streckenstation898;SSTDE101a;1;Fahrbahnteil1;UZ Freimann;A9 Richtung M.-Zentrum;Richtungtrue
3862;50975;Querschnitt4722;BMSQ7a;Geraet17206;3;9916892;48.05870761;11.69978118;4722;48.685;;Betriebsstatus1;Streckenstation345;SSTQ7a;6;Fahrbahnteil1;UZ Aschheim;A99 Richtung Salzburg;Richtungfalse
3863;57511;Querschnitt4726;BMSB30b;BMSB30b_Netz;3;9919883;48.0303663;11.66605591;4726;52.42;;Betriebsstatus1;Streckenstation385;SSTB30b;6;Fahrbahnteil1;UZ Aschheim;A99 Richtung Lindau;Richtungtrue
3864;51345;Querschnitt4558;MQDZ_Leipheim_(O)_Mch;DET_Leipheim_(O)_Mch_H3;3;809458;48.43037382;10.22523317;4558;102.8;75279012;Betriebsstatus1;Streckenstation1211;Leipheim (O);1;Fahrbahnteil1;LVE - UZ Augsburg;A8-West Richtung M.-Zentrum;Richtungfalse
3865;63141;Querschnitt4559;MQDZ_Leipheim_(O)_Stg;DET_Leipheim_(O)_Stg_H3;35;809458;48.43052183;10.22530162;4559;102.8;75279012;Betriebsstatus1;Streckenstation1211;Leipheim (O);1;Fahrbahnteil1;LVE - UZ Augsburg;A8-West Richtung Stuttgart;Richtungtrue
3866;58498;Querschnitt4773;BMS_Oy-Mittelberg_Füs;Geraet17287;3;715267;47.6534402;10.46531576;4773;939.4;83289995;Betriebsstatus0;Streckenstation1293;DZ Oy-Mittelberg;6;Fahrbahnteil1;LVE - UZ Memmingen;A7 Richtung Füssen;Richtungtrue
3867;53407;Querschnitt4774;MQDZ_Oy-Mittelberg_Füs;DET_Oy-Mittelberg_Füs_H2;34;715267;47.65380007;10.46240003;4774;939.4;83289995;Betriebsstatus0;Streckenstation1293;DZ Oy-Mittelberg;1;Fahrbahnteil1;LVE - UZ Memmingen;A7 Richtung Füssen;Richtungtrue
3868;60600;Querschnitt4777;MQDZ_Oy-Mittelberg_Fld;DET_Oy-Mittelberg_Fld_H2;2;715267;47.65320009;10.46760003;4777;939.4;83289995;Betriebsstatus0;Streckenstation1293;DZ Oy-Mittelberg;1;Fahrbahnteil1;LVE - UZ Memmingen;A7 Richtung Fulda;Richtungfalse
3869;59059;Querschnitt189;MQQ249_Mch_H;DETQ249_Mch_H2;34;809415;47.8278350150231;12.7502663704104;189;107.615;;Betriebsstatus1;Streckenstation72;SSTQ249;1;Fahrbahnteil1;UZ Siegsdorf;A8-Ost Richtung M.-Zentrum;Richtungtrue
3870;57822;Querschnitt193;MQQ253_Sbg_H;DETQ253_Sbg_H2;2;809477;47.8267445519963;12.7756407259226;193;109.57;;Betriebsstatus1;Streckenstation73;SSTQ253;1;Fahrbahnteil1;UZ Siegsdorf;A8-Ost Richtung Salzburg;Richtungfalse
3871;54101;Querschnitt194;MQQ253_Mch_H;DETQ253_Mch_H2;34;809477;47.8267910293068;12.7759775014966;194;109.57;;Betriebsstatus1;Streckenstation73;SSTQ253;1;Fahrbahnteil1;UZ Siegsdorf;A8-Ost Richtung M.-Zentrum;Richtungtrue
3872;57688;Querschnitt5013;MQ VIP-D;Geraet17984;7;9406107;48.13962497;11.68809055;5013;4.63;;Betriebsstatus3;Streckenstation1361;VIP/D;1;Fahrbahnteil3;UZ Riem;A94 Richtung Passau;Richtungfalse
3873;58960;Querschnitt199;MQQ255_Sbg_H;DETQ255_Sbg_H2;2;809517;47.8283136064173;12.7918211687523;199;110.788;;Betriebsstatus1;Streckenstation74;SSTQ255;1;Fahrbahnteil1;UZ Siegsdorf;A8-Ost Richtung Salzburg;Richtungfalse
3874;59383;Querschnitt4984;GMA_99-8794_Sbg;WUD_GT_99-8794_Sbg;103;9906653;48.19932699;11.43685806;4984;8.794;80000556;Betriebsstatus1;Streckenstation1353;SST_99_8815_Lin;3;Fahrbahnteil1;UZ Aubing;A99 Richtung Salzburg;Richtungfalse
3875;56837;Querschnitt4994;WS_GMA_99_6580_Lin;WUD_WFD_99_6580_Lin;82;9906489;48.1803506108309;11.4314321251682;4994;6.6;80000826;Betriebsstatus1;Streckenstation1355;SST_99_6600_Lin;3;Fahrbahnteil1;UZ Aubing;A99 Richtung Lindau;Richtungtrue
3876;59450;Querschnitt4995;WS_GMA_99_6580_Sbg;WUD_GT_99-6580_Sbg;103;9906489;48.18018751;11.43173049;4995;6.6;80000826;Betriebsstatus1;Streckenstation1355;SST_99_6600_Lin;3;Fahrbahnteil1;UZ Aubing;A99 Richtung Salzburg;Richtungfalse
3877;58259;Querschnitt4401;MQDZ_AK_Regensburg_Rgb;DET_AK_Regensburg_Rgb_H3;3;306870;48.99090002;12.07399995;4401;492.71;70389080;Betriebsstatus1;Streckenstation1145;AK Regensburg;1;Fahrbahnteil1;LVE - UZ Pentling;A3 Richtung Nürnberg;Richtungfalse
3878;56196;Querschnitt5031;BMS_93_186650_Mch;Geraet18074;3;9316246;49.10148423;12.09386733;5031;186.65;;Betriebsstatus1;Streckenstation1368;SST_93_186650_Mch;6;Fahrbahnteil1;UZ Regensburg;A93-Nord Richtung M.-Zentrum;Richtungtrue
3879;52409;Querschnitt5036;BMS_93_188090_Mch;Geraet18077;3;9316297;49.08898516;12.09685872;5036;188.09;;Betriebsstatus1;Streckenstation1369;SST_93_188090_Mch;6;Fahrbahnteil1;UZ Regensburg;A93-Nord Richtung M.-Zentrum;Richtungtrue
3880;51313;Querschnitt5042;BMS_93_190130_Mch;Geraet18080;3;9316370;49.07200266;12.0955559;5042;190.13;;Betriebsstatus1;Streckenstation1370;SST_93_190130_Mch;6;Fahrbahnteil1;UZ Regensburg;A93-Nord Richtung M.-Zentrum;Richtungtrue
3881;52568;Querschnitt5047;BMS_93_191950_Mch;Geraet18083;3;9316435;49.05621669;12.09258274;5047;191.95;;Betriebsstatus1;Streckenstation1371;SST_93_191950_Mch;6;Fahrbahnteil1;UZ Regensburg;A93-Nord Richtung M.-Zentrum;Richtungtrue
3882;58709;Querschnitt5051;BMS_93_193085_Mch;Geraet18086;3;9316475;49.04645898;12.09435018;5051;193.085;;Betriebsstatus1;Streckenstation1372;SST_93_193085_Mch;6;Fahrbahnteil1;UZ Regensburg;A93-Nord Richtung M.-Zentrum;Richtungtrue
3883;51173;Querschnitt200;MQQ255_Mch_H;DETQ255_Mch_H2;34;809517;47.8284621704272;12.7921439601783;200;110.825;;Betriebsstatus1;Streckenstation74;SSTQ255;1;Fahrbahnteil1;UZ Siegsdorf;A8-Ost Richtung M.-Zentrum;Richtungtrue
3884;53016;Querschnitt5061;BMS6;BMS6_Netz;3;9916824;48.20919158;11.46477511;5061;11.124;;Betriebsstatus3;Streckenstation341;SST6;6;Fahrbahnteil1;UZ Aubing;A99 Richtung Lindau;Richtungtrue
3885;61273;Querschnitt5062;BMS7;BMS7_Netz;3;9916802;48.20918844;11.46454543;5062;10.826;;Betriebsstatus3;Streckenstation340;SST7;6;Fahrbahnteil1;UZ Aubing;A99 Richtung Lindau;Richtungtrue
3886;58333;Querschnitt5063;BMS8;BMS8_Netz;3;9916784;48.20917057;11.46427245;5063;10.586;;Betriebsstatus3;Streckenstation339;SST8;6;Fahrbahnteil1;UZ Aubing;A99 Richtung Lindau;Richtungtrue
3887;52254;Querschnitt5082;BMS44;BMS44_Netz;3;9906784;48.20380737;11.45456568;5082;10.584;;Betriebsstatus3;Streckenstation290;SST44;6;Fahrbahnteil1;UZ Aubing;A99 Richtung Salzburg;Richtungfalse
3888;52634;Querschnitt5083;BMS45;BMS45_Netz;3;9906802;48.20381286;11.45487806;5083;10.826;;Betriebsstatus3;Streckenstation291;SST45;6;Fahrbahnteil1;UZ Aubing;A99 Richtung Salzburg;Richtungfalse
3889;58341;Querschnitt5084;BMS46;BMS46_Netz;3;9906817;48.2038261;11.45513028;5084;11.026;;Betriebsstatus3;Streckenstation292;SST46;6;Fahrbahnteil1;UZ Aubing;A99 Richtung Salzburg;Richtungfalse
3890;52500;Querschnitt5085;BMS47;BMS47_Netz;3;9906833;48.20381536;11.45540678;5085;11.246;;Betriebsstatus3;Streckenstation293;SST47;6;Fahrbahnteil1;UZ Aubing;A99 Richtung Salzburg;Richtungfalse
3891;51743;Querschnitt5105;GMA_HK_9-160-Nbg;WUD_HK_9-160-Nbg;1;9031527;48.2191807895767;11.630768344035;5105;523.986;;Betriebsstatus1;Streckenstation847;SST9-160;3;Fahrbahnteil4;UZ Freimann;A9 Richtung Nürnberg;Richtungfalse
3892;60985;Querschnitt3252;MQ9-795-Mch_A;DET9-795-Mch_A2;98;9131577;48.2065611043701;11.6213156061918;3252;525.63;;Betriebsstatus1;Streckenstation888;SST9-795;1;Fahrbahnteil4;UZ Freimann;A9 Richtung M.-Zentrum;Richtungtrue
3893;53422;Querschnitt5104;MQ9-364-Nbg_A;DET_9-364_Nbg_A1;65;9030959;48.31520007;11.62310005;5104;512.9;;Betriebsstatus3;Streckenstation832;SST9-364;1;Fahrbahnteil4;UZ Freimann;A9 Richtung Nürnberg;Richtungfalse
3894;61723;Querschnitt5106;GMA_HK_9-120-Nbg-l;WUD_HK_9-120-Nbg-l;2;9031589;48.2042172853587;11.6213774416068;5106;525.82;;Betriebsstatus1;Streckenstation851;SST9-120;3;Fahrbahnteil1;UZ Freimann;A9 Richtung Nürnberg;Richtungfalse
3895;61677;Querschnitt5107;BMSWWQ10;BMSWWQ10_Heiz;2;9406090;48.13721407;11.68011365;5107;3.95;;Betriebsstatus1;Streckenstation231;SSTWWQ10;6;Fahrbahnteil1;UZ Riem;A94 Richtung Passau;Richtungfalse
3896;51427;Querschnitt5111;BMSAQ07;BMSAQ07_Heiz;2;9416109;48.14079408;11.69014193;5111;4.795;;Betriebsstatus1;Streckenstation254;SSTAQ07;6;Fahrbahnteil1;UZ Riem;A94 Richtung M.-Zentrum;Richtungtrue
3897;51211;Querschnitt5112;BMSWWQ06;BMSWWQ06_Heiz;2;9416085;48.13733454;11.67723696;5112;3.74;;Betriebsstatus1;Streckenstation251;SSTWWQ06;6;Fahrbahnteil1;UZ Riem;A94 Richtung M.-Zentrum;Richtungtrue
3898;61515;Querschnitt5113;BMSAQ06;BMSAQ06_Heiz;2;9416128;48.14235347;11.70126058;5113;5.645;;Betriebsstatus1;Streckenstation257;SSTAQ06;6;Fahrbahnteil1;UZ Riem;A94 Richtung M.-Zentrum;Richtungtrue
3899;58424;Querschnitt5114;BMSWWQ02B;BMSWWQ02B_Heiz;2;9416144;48.14215916;11.71090004;5114;6.355;;Betriebsstatus1;Streckenstation258;SSTWWQ02B;6;Fahrbahnteil1;UZ Riem;A94 Richtung M.-Zentrum;Richtungtrue
3900;61470;Querschnitt5115;BMSAQ12;BMSAQ12_Heiz;2;9406057;48.13904856;11.6609512;5115;2.51;;Betriebsstatus1;Streckenstation226;SSTAQ12;6;Fahrbahnteil1;UZ Riem;A94 Richtung Passau;Richtungfalse
3901;56095;Querschnitt5116;BMSAQ13;BMSAQ13_Heiz;2;9406077;48.13738527;11.67245169;5116;3.38;;Betriebsstatus1;Streckenstation229;SSTAQ13;6;Fahrbahnteil1;UZ Riem;A94 Richtung Passau;Richtungfalse
3902;56146;Querschnitt5117;BMSQ233;BMSQ233_Netz;3;809165;47.82682668;12.64769336;5117;99.69;;Betriebsstatus1;Streckenstation63;SSTQ233;6;Fahrbahnteil1;UZ Siegsdorf;A8-Ost Richtung Salzburg;Richtungfalse
3903;53132;Querschnitt5118;BMSQ247;BMSQ247_Netz;3;809388;47.83100297;12.73937716;5118;106.715;;Betriebsstatus1;Streckenstation71;SSTQ247;6;Fahrbahnteil1;UZ Siegsdorf;A8-Ost Richtung Salzburg;Richtungfalse
3904;58935;Querschnitt5119;BMSQ263;BMSQ263_Netz;3;819712;47.80004253;12.8547714;5119;116.92;;Betriebsstatus1;Streckenstation127;SSTQ263;6;Fahrbahnteil1;UZ Siegsdorf;A8-Ost Richtung M.-Zentrum;Richtungtrue
3905;60611;Querschnitt5120;BMSQ279;BMSQ279_Netz;3;819877;47.76734418;12.90295404;5120;122.12;;Betriebsstatus1;Streckenstation128;SSTQ279;6;Fahrbahnteil1;UZ Siegsdorf;A8-Ost Richtung M.-Zentrum;Richtungtrue
3906;55029;Querschnitt5121;BMSQ201;BMSQ201_Netz;3;818776;47.83798903;12.48857011;5121;87.435;;Betriebsstatus1;Streckenstation115;SSTQ201;6;Fahrbahnteil1;UZ Siegsdorf;A8-Ost Richtung Salzburg;Richtungfalse
3907;55778;Querschnitt5122;BMSQ220;BMSQ220_Netz;3;809045;47.82781305;12.59842254;5122;95.915;;Betriebsstatus1;Streckenstation59;SSTQ220;6;Fahrbahnteil1;UZ Siegsdorf;A8-Ost Richtung Salzburg;Richtungfalse
3908;60657;Querschnitt204;MQQ257_Sbg_H;DETQ257_Sbg_H2;2;809581;47.826710001158;12.817781597979;204;112.83;;Betriebsstatus1;Streckenstation76;SSTQ257;1;Fahrbahnteil1;UZ Siegsdorf;A8-Ost Richtung Salzburg;Richtungfalse
3909;51517;Querschnitt5123;BMSQ227;BMSQ227_Netz;3;809128;47.82912637;12.63294078;5123;98.545;;Betriebsstatus1;Streckenstation61;SSTQ227;6;Fahrbahnteil1;UZ Siegsdorf;A8-Ost Richtung Salzburg;Richtungfalse
3910;63235;Querschnitt5124;BMSQ277;BMSQ277_Netz;3;809867;47.76778198;12.89972719;5124;121.8;;Betriebsstatus1;Streckenstation85;SSTQ277;6;Fahrbahnteil1;UZ Siegsdorf;A8-Ost Richtung Salzburg;Richtungfalse
3911;57261;Querschnitt5125;BMSQ281;BMSQ281_Netz;3;809881;47.76643904;12.90433143;5125;122.26;;Betriebsstatus1;Streckenstation86;SSTQ281;6;Fahrbahnteil1;UZ Siegsdorf;A8-Ost Richtung Salzburg;Richtungfalse
3912;56435;Querschnitt5126;BMSQ282;BMSQ282_Netz;3;809885;47.76618182;12.90587751;5126;122.38;;Betriebsstatus1;Streckenstation87;SSTQ282;6;Fahrbahnteil1;UZ Siegsdorf;A8-Ost Richtung Salzburg;Richtungfalse
3913;55284;Querschnitt3212;MQ9-310-Nbg_H;DET9-310-Nbg_H4;4;9031076;48.2947260188484;11.6339772167934;3212;515.325;;Betriebsstatus1;Streckenstation837;SST9-310;1;Fahrbahnteil1;UZ Freimann;A9 Richtung Nürnberg;Richtungfalse
3914;57240;Querschnitt5127;BMS9-238;BMS9-238_Netz;3;906475;48.25516753;11.64663753;5127;519.84;;Betriebsstatus1;Streckenstation1379;SST9-238;6;Fahrbahnteil1;UZ Freimann;A9 Richtung Nürnberg;Richtungfalse
3915;58068;Querschnitt5128;AQ9-238-Nbg;WZG9-238-Nbg_BL1;3;906475;48.2554204732201;11.6465525548916;5128;519.81;;Betriebsstatus1;Streckenstation1379;SST9-238;4;Fahrbahnteil1;UZ Freimann;A9 Richtung Nürnberg;Richtungfalse
3916;58793;Querschnitt5129;BMS9-248;BMS9-248_Netz;3;906502;48.26046546;11.64756747;5129;519.29;;Betriebsstatus1;Streckenstation1380;SST9-248;6;Fahrbahnteil1;UZ Freimann;A9 Richtung Nürnberg;Richtungfalse
3917;55989;Querschnitt5130;AQ9-248-Nbg;WZG9-248-Nbg_BL1;3;906502;48.2606934805475;11.6473500768369;5130;519.26;;Betriebsstatus1;Streckenstation1380;SST9-248;4;Fahrbahnteil1;UZ Freimann;A9 Richtung Nürnberg;Richtungfalse
3918;53457;Querschnitt5131;BMS9-308;BMS9-308_Netz;3;906676;48.29146316;11.63593443;5131;515.7;;Betriebsstatus1;Streckenstation1381;SST9-308;6;Fahrbahnteil1;UZ Freimann;A9 Richtung Nürnberg;Richtungfalse
3919;57307;Querschnitt5132;AQ9-308-Nbg;WZG9-308-Nbg_BL1;12;906676;48.2917215206492;11.6355643309406;5132;515.67;;Betriebsstatus1;Streckenstation1381;SST9-308;4;Fahrbahnteil1;UZ Freimann;A9 Richtung Nürnberg;Richtungfalse
3920;60785;Querschnitt5133;BMS9-328;BMS9-328_Netz;3;906717;48.29891387;11.63197579;5133;514.86;;Betriebsstatus1;Streckenstation1382;SST9-328;6;Fahrbahnteil1;UZ Freimann;A9 Richtung Nürnberg;Richtungfalse
3921;55067;Querschnitt5134;AQ9-328-Nbg;WZG9-328-Nbg_BL1;13;906717;48.2988953604936;11.6315922945149;5134;514.82;;Betriebsstatus1;Streckenstation1382;SST9-328;4;Fahrbahnteil1;UZ Freimann;A9 Richtung Nürnberg;Richtungfalse
3922;62594;Querschnitt5135;BMS9-345;BMS9-345_Netz;3;906742;48.30284191;11.62948766;5135;514.35;;Betriebsstatus1;Streckenstation1383;SST9-345;6;Fahrbahnteil1;UZ Freimann;A9 Richtung Nürnberg;Richtungfalse
3923;54071;Querschnitt5137;BMS9-781a;BMS9-781a_Temp;3;916399;48.24185074;11.63918379;5137;521.405;;Betriebsstatus1;Streckenstation1384;SST9-781a;6;Fahrbahnteil1;UZ Freimann;A9 Richtung M.-Zentrum;Richtungtrue
3924;59060;Querschnitt5138;AQ9-781a-Mch;WZG9-781a-Mch_BL1;4;916399;48.2415542404983;11.6393567341565;5138;521.435;;Betriebsstatus1;Streckenstation1384;SST9-781a;4;Fahrbahnteil1;UZ Freimann;A9 Richtung M.-Zentrum;Richtungtrue
3925;51984;Querschnitt5139;BMS9-781b;BMS9-781b_Temp;3;916376;48.23803051;11.63728363;5139;521.87;;Betriebsstatus1;Streckenstation1385;SST9-781b;6;Fahrbahnteil1;UZ Freimann;A9 Richtung M.-Zentrum;Richtungtrue
3926;50663;Querschnitt5140;AQ9-781b-Mch;WZG9-781b-Mch_BL1;4;916376;48.2377948003143;11.6374726852806;5140;521.9;;Betriebsstatus1;Streckenstation1385;SST9-781b;4;Fahrbahnteil1;UZ Freimann;A9 Richtung M.-Zentrum;Richtungtrue
3927;52539;Querschnitt5141;BMS9-781c;BMS9-781c_Temp;3;916352;48.23373824;11.63511283;5141;522.37;;Betriebsstatus1;Streckenstation1387;SST9-781c;6;Fahrbahnteil1;UZ Freimann;A9 Richtung M.-Zentrum;Richtungtrue
3928;51741;Querschnitt5142;AQ9-781c-Mch;WZG9-781c-Mch_BL1;4;916352;48.2334611467303;11.6353051608239;5142;522.4;;Betriebsstatus1;Streckenstation1387;SST9-781c;4;Fahrbahnteil1;UZ Freimann;A9 Richtung M.-Zentrum;Richtungtrue
3929;56956;Querschnitt5143;BMS9-781d;BMS9-781d_Temp;3;916340;48.23148133;11.63398919;5143;522.61;;Betriebsstatus1;Streckenstation1386;SST9-781d;6;Fahrbahnteil1;UZ Freimann;A9 Richtung M.-Zentrum;Richtungtrue
3930;62404;Querschnitt5144;AQ9-781d-Mch;WZG9-781d-Mch_BL1;4;916340;48.2311712742245;11.6342288688962;5144;522.64;;Betriebsstatus1;Streckenstation1386;SST9-781d;4;Fahrbahnteil1;UZ Freimann;A9 Richtung M.-Zentrum;Richtungtrue
3931;57890;Querschnitt5145;BMS9-794;BMS9-794_Netz;3;916196;48.20681873;11.61983491;5145;525.58;;Betriebsstatus1;Streckenstation1388;SST9-794;6;Fahrbahnteil1;UZ Freimann;A9 Richtung M.-Zentrum;Richtungtrue
3932;59283;Querschnitt5146;AQ9-794-Mch;WZG9-794-Mch_UFL2;3;916196;48.2068285132247;11.6196402717445;5146;525.58;;Betriebsstatus1;Streckenstation1388;SST9-794;4;Fahrbahnteil1;UZ Freimann;A9 Richtung M.-Zentrum;Richtungtrue
3933;52398;Querschnitt5147;GMA_HK_9-794-Mch;WUD_HK_9-794-Mch;1;916196;48.206866170733;11.6196992068069;5147;525.58;;Betriebsstatus1;Streckenstation1388;SST9-794;3;Fahrbahnteil1;UZ Freimann;A9 Richtung M.-Zentrum;Richtungtrue
3934;52151;Querschnitt5148;GMA_HK_9-781a-Mch;WUD_HK_9-781a-Mch;1;916399;48.241613701364;11.6391742924332;5148;521.405;;Betriebsstatus1;Streckenstation1384;SST9-781a;3;Fahrbahnteil1;UZ Freimann;A9 Richtung M.-Zentrum;Richtungtrue
3935;54199;Querschnitt5149;GMA_HK_9-781b-Mch;WUD_HK_9-781b-Mch;1;916376;48.2378244753217;11.6372867209758;5149;521.87;;Betriebsstatus1;Streckenstation1385;SST9-781b;3;Fahrbahnteil1;UZ Freimann;A9 Richtung M.-Zentrum;Richtungtrue
3936;56436;Querschnitt5150;GMA_HK_9-781c-Mch;WUD_HK_9-781c-Mch;1;916352;48.2334832036696;11.6351208210067;5150;522.37;;Betriebsstatus1;Streckenstation1387;SST9-781c;3;Fahrbahnteil1;UZ Freimann;A9 Richtung M.-Zentrum;Richtungtrue
3937;58035;Querschnitt5151;GMA_HK_9-781d-Mch;WUD_HK_9-781d-Mch;1;916340;48.2312431375589;11.6339717078483;5151;522.61;;Betriebsstatus1;Streckenstation1386;SST9-781d;3;Fahrbahnteil1;UZ Freimann;A9 Richtung M.-Zentrum;Richtungtrue
3938;58018;Querschnitt5152;GMA_HK_9-805-Mch;WUD_HK_9-805-Mch;1;916170;48.2016121597294;11.6192621033709;5152;526.23;;Betriebsstatus1;Streckenstation1182;SST9-805;3;Fahrbahnteil1;UZ Freimann;A9 Richtung M.-Zentrum;Richtungtrue
3939;55388;Querschnitt205;MQQ257_Mch_H;DETQ257_Mch_H2;34;809581;47.8266745464563;12.8181502569002;205;112.83;;Betriebsstatus1;Streckenstation76;SSTQ257;1;Fahrbahnteil1;UZ Siegsdorf;A8-Ost Richtung M.-Zentrum;Richtungtrue
3940;59577;Querschnitt576;AQAQ10B-Mch;WZGAQ10B-Mch_A2;35;9406023;48.1390728709295;11.6404295143752;576;0.99;;Betriebsstatus1;Streckenstation224;SSTMQ02;4;Fahrbahnteil1;UZ Riem;A94 Richtung M.-Zentrum;Richtungtrue
3941;61412;Querschnitt5174;GMAAQ01-Mch;WUD_HK_AQ01-Mch;1;9416276;48.1484539682591;11.7842507223491;5174;12.01;;Betriebsstatus1;Streckenstation1397;SSTAQ01;3;Fahrbahnteil1;UZ Riem;A94 Richtung M.-Zentrum;Richtungtrue
3942;59808;Querschnitt5171;MQAQ01-Mch;DETAQ01-Mch-H2;34;9416276;48.1484495307417;11.7844781195759;5171;11.925;;Betriebsstatus1;Streckenstation1397;SSTAQ01;1;Fahrbahnteil1;UZ Riem;A94 Richtung M.-Zentrum;Richtungtrue
3943;63080;Querschnitt5172;MQAQ01-Pas;DETAQ01-Pas-H2;2;9416276;48.148375936563;11.7845695675427;5172;11.925;;Betriebsstatus1;Streckenstation1397;SSTAQ01;1;Fahrbahnteil1;UZ Riem;A94 Richtung Passau;Richtungfalse
3944;53543;Querschnitt5176;MQAQ206-Mch-A;DETAQ206-Mch-A1;97;9416211;48.143428943351;11.7479879498711;5176;9.12;;Betriebsstatus1;Streckenstation266;SSTAQ203;1;Fahrbahnteil4;UZ Riem;A94 Richtung M.-Zentrum;Richtungtrue
3945;61311;Querschnitt577;AQAQ11-Pas;WZGAQ11-Pas_RGL;130;9406038;48.1392294048305;11.6499311647336;577;1.7;;Betriebsstatus1;Streckenstation225;SSTAQ11;4;Fahrbahnteil1;UZ Riem;A94 Richtung Passau;Richtungfalse
3946;52779;Querschnitt5186;BMSAQ11;BMSAQ11_Heiz;2;9406038;48.139141;11.64969883;5186;1.68;;Betriebsstatus1;Streckenstation225;SSTAQ11;6;Fahrbahnteil1;UZ Riem;A94 Richtung Passau;Richtungfalse
3947;61113;Querschnitt5187;BMSAQ10;BMSAQ10_Heiz;2;9416046;48.13951503;11.65457386;5187;2.04;;Betriebsstatus1;Streckenstation249;SSTAQ10;6;Fahrbahnteil1;UZ Riem;A94 Richtung M.-Zentrum;Richtungtrue
3948;54890;Querschnitt5188;BMSWWQ07;BMSWWQ07_Heiz;2;9406063;48.1387326;11.66437321;5188;2.77;;Betriebsstatus1;Streckenstation227;SSTWWQ07;6;Fahrbahnteil1;UZ Riem;A94 Richtung Passau;Richtungfalse
3949;57747;Querschnitt5189;BMSAQ09;BMSAQ09_Heiz;2;9416072;48.13824345;11.66966268;5189;3.165;;Betriebsstatus1;Streckenstation250;SSTAQ09;6;Fahrbahnteil1;UZ Riem;A94 Richtung M.-Zentrum;Richtungtrue
3950;54326;Querschnitt5190;MQAQ13-Pas-E;DETAQ13-Pas-E1;1;9406077;48.1374158075159;11.6719156741731;5190;3.38;;Betriebsstatus1;Streckenstation229;SSTAQ13;1;Fahrbahnteil3;UZ Riem;A94 Richtung Passau;Richtungfalse
3951;50679;Querschnitt5191;BMSWWQ09;BMSWWQ09_Heiz;2;9406083;48.13702964;11.67627193;5191;3.67;;Betriebsstatus1;Streckenstation230;SSTWWQ09;6;Fahrbahnteil1;UZ Riem;A94 Richtung Passau;Richtungfalse
3952;60626;Querschnitt5192;BMSWWQ05;BMSWWQ05_Heiz;2;9416092;48.13778219;11.68162098;5192;4.066;;Betriebsstatus1;Streckenstation252;SSTWWQ05;6;Fahrbahnteil1;UZ Riem;A94 Richtung M.-Zentrum;Richtungtrue
3953;59130;Querschnitt580;AQAQ12-Pas;WZGAQ12-Pas_RGL;130;9406057;48.1391122792486;11.6612337504937;580;2.54;;Betriebsstatus1;Streckenstation226;SSTAQ12;4;Fahrbahnteil1;UZ Riem;A94 Richtung Passau;Richtungfalse
3954;56323;Querschnitt5193;BMSAQ08;BMSAQ08_Heiz;2;9416097;48.13846984;11.68420479;5193;4.275;;Betriebsstatus1;Streckenstation253;SSTAQ08;6;Fahrbahnteil1;UZ Riem;A94 Richtung M.-Zentrum;Richtungtrue
3955;54856;Querschnitt5194;BMSWWQ11;BMSWWQ11_Heiz;2;9406097;48.13801578;11.68376123;5194;4.26;;Betriebsstatus1;Streckenstation232;SSTWWQ11;6;Fahrbahnteil1;UZ Riem;A94 Richtung Passau;Richtungfalse
3956;61682;Querschnitt5195;BMSFSA09;BMSFSA09_Heiz;2;9406103;48.13942594;11.68752649;5195;4.537;;Betriebsstatus1;Streckenstation233;SSTFSA09;6;Fahrbahnteil1;UZ Riem;A94 Richtung Passau;Richtungfalse
3957;58081;Querschnitt5196;BMSAQ14;BMSAQ14_Heiz;2;9406115;48.14125635;11.6938816;5196;5.075;;Betriebsstatus1;Streckenstation235;SSTAQ14;6;Fahrbahnteil1;UZ Riem;A94 Richtung Passau;Richtungfalse
3958;54954;Querschnitt5197;BMSWWQ04;BMSWWQ04_Heiz;2;9416118;48.14187123;11.69520523;5197;5.18;;Betriebsstatus1;Streckenstation255;SSTWWQ04;6;Fahrbahnteil1;UZ Riem;A94 Richtung M.-Zentrum;Richtungtrue
3959;51664;Querschnitt5198;BMSWWQ03;BMSWWQ03_Heiz;2;9416123;48.14218176;11.69837471;5198;5.43;;Betriebsstatus1;Streckenstation256;SSTWWQ03;6;Fahrbahnteil1;UZ Riem;A94 Richtung M.-Zentrum;Richtungtrue
3960;62203;Querschnitt5199;BMSWWQ12;BMSWWQ12_Heiz;2;9406125;48.14197949;11.69927892;5199;5.49;;Betriebsstatus1;Streckenstation237;SSTWWQ12;6;Fahrbahnteil1;UZ Riem;A94 Richtung Passau;Richtungfalse
3961;53935;Querschnitt5200;BMSWWQ13;BMSWWQ13_Heiz;2;9406133;48.14204659;11.7040568;5200;5.854;;Betriebsstatus1;Streckenstation238;SSTWWQ13;6;Fahrbahnteil1;UZ Riem;A94 Richtung Passau;Richtungfalse
3962;58801;Querschnitt5203;BMSAQ115A;BMSAQ115A_Heiz;2;9406140;48.14191484;11.70837719;5203;6.15;;Betriebsstatus1;Streckenstation239;SSTAQ115A;6;Fahrbahnteil1;UZ Riem;A94 Richtung Passau;Richtungfalse
3963;61188;Querschnitt5204;BMSWWQ114;BMSWWQ114_Heiz;2;9406144;48.14181761;11.71133925;5204;6.5;;Betriebsstatus1;Streckenstation241;SSTWWQ114;6;Fahrbahnteil1;UZ Riem;A94 Richtung Passau;Richtungfalse
3964;55670;Querschnitt5205;BMSAQ115C;BMSAQ115C_Heiz;2;9406156;48.14171659;11.71762547;5205;6.88;;Betriebsstatus1;Streckenstation242;SSTAQ115C;6;Fahrbahnteil1;UZ Riem;A94 Richtung Passau;Richtungfalse
3965;62886;Querschnitt673;MQWWQ202-Mch-A;DETWWQ202-Mch-A2;98;9416152;48.1420170696219;11.714936501963;673;6.64;;Betriebsstatus1;Streckenstation259;SSTWWQ202;1;Fahrbahnteil4;UZ Riem;A94 Richtung M.-Zentrum;Richtungtrue
3966;56379;Querschnitt5206;BMSWWQ202;BMSWWQ202_Heiz;2;9416152;48.14206739;11.71513842;5206;6.67;;Betriebsstatus1;Streckenstation259;SSTWWQ202;6;Fahrbahnteil1;UZ Riem;A94 Richtung M.-Zentrum;Richtungtrue
3967;59230;Querschnitt5207;BMSWWQ201;BMSWWQ201_Heiz;2;9416160;48.14210593;11.72017957;5207;7.045;;Betriebsstatus1;Streckenstation260;SSTWWQ201;6;Fahrbahnteil1;UZ Riem;A94 Richtung M.-Zentrum;Richtungtrue
3968;61594;Querschnitt5208;BMSAQ205;BMSAQ205_Heiz;2;9416169;48.14241029;11.72503089;5208;7.417;;Betriebsstatus1;Streckenstation261;SSTAQ205;6;Fahrbahnteil1;UZ Riem;A94 Richtung M.-Zentrum;Richtungtrue
3969;51717;Querschnitt5210;BMSAQ116;BMSAQ116_Heiz;2;9406179;48.14253627;11.73102444;5210;7.858;;Betriebsstatus1;Streckenstation243;SSTAQ116;6;Fahrbahnteil1;UZ Riem;A94 Richtung Passau;Richtungfalse
3970;55406;Querschnitt5211;BMSAQ204;BMSAQ204_Heiz;2;9416187;48.14306919;11.73509607;5211;8.21;;Betriebsstatus1;Streckenstation263;SSTAQ204;6;Fahrbahnteil1;UZ Riem;A94 Richtung M.-Zentrum;Richtungtrue
3971;54297;Querschnitt209;MQQ259_Sbg_H;DETQ259_Sbg_H2;2;809634;47.8153382149742;12.8319231839347;209;114.5;81429034;Betriebsstatus1;Streckenstation77;SSTQ259;1;Fahrbahnteil1;UZ Siegsdorf;A8-Ost Richtung Salzburg;Richtungfalse
3972;62227;Querschnitt583;AQWWQ07-Pas;WZGWWQ07-Pas_WTA4;229;9406063;48.1387995567803;11.6646310523686;583;2.8;;Betriebsstatus1;Streckenstation227;SSTWWQ07;4;Fahrbahnteil1;UZ Riem;A94 Richtung Passau;Richtungfalse
3973;56145;Querschnitt5213;BMSAQ117;BMSAQ117_Heiz;2;9406200;48.14286995;11.74379339;5213;8.82;;Betriebsstatus1;Streckenstation244;SSTAQ117;6;Fahrbahnteil1;UZ Riem;A94 Richtung Passau;Richtungfalse
3974;55772;Querschnitt5214;MQAQ206-Mch-E;DETAQ206-Mch-E1;161;9416211;48.1434747909549;11.7472170432047;5214;9.08;;Betriebsstatus1;Streckenstation266;SSTAQ203;1;Fahrbahnteil3;UZ Riem;A94 Richtung M.-Zentrum;Richtungtrue
3975;57950;Querschnitt5215;BMSAQ203;BMSAQ203_Heiz;2;9416211;48.14307585;11.74814519;5215;9.12;;Betriebsstatus1;Streckenstation266;SSTAQ203;6;Fahrbahnteil1;UZ Riem;A94 Richtung M.-Zentrum;Richtungtrue
3976;62190;Querschnitt5216;BMSMQ112;BMSMQ112_Heiz;2;9406214;48.1426637;11.75175474;5216;9.4;;Betriebsstatus1;Streckenstation245;SSTMQ112;6;Fahrbahnteil1;UZ Riem;A94 Richtung Passau;Richtungfalse
3977;52577;Querschnitt5217;BMSMQ113;BMSMQ113_Heiz;2;9406221;48.14254568;11.75553813;5217;9.725;;Betriebsstatus1;Streckenstation246;SSTMQ113;6;Fahrbahnteil1;UZ Riem;A94 Richtung Passau;Richtungfalse
3978;59013;Querschnitt5218;BMSMQ114;BMSMQ114_Heiz;2;9406230;48.14241764;11.76028504;5218;10.1;;Betriebsstatus1;Streckenstation247;SSTMQ114;6;Fahrbahnteil1;UZ Riem;A94 Richtung Passau;Richtungfalse
3979;53855;Querschnitt5219;BMSAQ202B;BMSAQ202B_Heiz;2;9416229;48.14289024;11.75984554;5219;10.0;;Betriebsstatus1;Streckenstation268;SSTAQ202B;6;Fahrbahnteil1;UZ Riem;A94 Richtung M.-Zentrum;Richtungtrue
3980;53553;Querschnitt5220;MQAQ202B-Mch-H;DETAQ202B-Mch-H1;33;9416229;48.1427898075738;11.760691327935;5220;10.07;;Betriebsstatus1;Streckenstation268;SSTAQ202B;1;Fahrbahnteil2;UZ Riem;A94 Richtung M.-Zentrum;Richtungtrue
3981;52243;Querschnitt5221;BMSAQ118;BMSAQ118_Heiz;2;9406242;48.14246345;11.76872863;5221;10.668;;Betriebsstatus1;Streckenstation248;SSTAQ118;6;Fahrbahnteil1;UZ Riem;A94 Richtung Passau;Richtungfalse
3982;58167;Querschnitt5222;BMSZFR01;BMSZFR01_Digi8UD_176;3;9406108;48.14031856;11.69028343;5222;4.787;;Betriebsstatus1;Streckenstation234;SSTZFR01;6;Fahrbahnteil1;UZ Riem;A94 Richtung Passau;Richtungfalse
3983;52107;Querschnitt5223;BMSZFR02;BMSZFR02_Digi8UD_176;3;9406122;48.14117836;11.69362516;5223;5.0;;Betriebsstatus1;Streckenstation236;SSTZFR02;6;Fahrbahnteil1;UZ Riem;A94 Richtung Passau;Richtungfalse
3984;58717;Querschnitt5224;BMSZFR03;BMSZFR03_Digi8UD_176;3;9406141;48.14175186;11.70885095;5224;6.172;;Betriebsstatus1;Streckenstation240;SSTZFR03;6;Fahrbahnteil1;UZ Riem;A94 Richtung Passau;Richtungfalse
3985;60419;Querschnitt5227;BMSQ203;BMSQ203_Netz;3;818837;47.83143141;12.51643478;5227;89.66;;Betriebsstatus1;Streckenstation116;SSTQ203;6;Fahrbahnteil1;UZ Siegsdorf;A8-Ost Richtung M.-Zentrum;Richtungtrue
3986;59377;Querschnitt5228;BMSQ205;BMSQ205_Netz;3;818862;47.8304338;12.52256945;5228;90.16;;Betriebsstatus1;Streckenstation117;SSTQ205;6;Fahrbahnteil1;UZ Siegsdorf;A8-Ost Richtung M.-Zentrum;Richtungtrue
3987;62397;Querschnitt5229;BMSQ207;BMSQ207_Netz;3;818910;47.82819535;12.5425065;5229;91.68;;Betriebsstatus1;Streckenstation118;SSTQ207;6;Fahrbahnteil1;UZ Siegsdorf;A8-Ost Richtung M.-Zentrum;Richtungtrue
3988;51590;Querschnitt5230;BMSQ209;BMSQ209_Netz;3;818965;47.82656197;12.56491636;5230;93.384;;Betriebsstatus1;Streckenstation119;SSTQ209;6;Fahrbahnteil1;UZ Siegsdorf;A8-Ost Richtung M.-Zentrum;Richtungtrue
3989;56730;Querschnitt5231;BMSQ213;BMSQ213_Netz;3;809007;47.8281832;12.58244519;5231;94.72;;Betriebsstatus1;Streckenstation57;SSTQ213;6;Fahrbahnteil1;UZ Siegsdorf;A8-Ost Richtung Salzburg;Richtungfalse
3990;61673;Querschnitt5232;BMSQ215;BMSQ215_Netz;3;819010;47.82853085;12.58394085;5232;94.83;;Betriebsstatus1;Streckenstation121;SSTQ215;6;Fahrbahnteil1;UZ Siegsdorf;A8-Ost Richtung M.-Zentrum;Richtungtrue
3991;53243;Querschnitt5233;BMSQ217;BMSQ217_Netz;3;809029;47.82785688;12.59154957;5233;95.42;;Betriebsstatus1;Streckenstation58;SSTQ217;6;Fahrbahnteil1;UZ Siegsdorf;A8-Ost Richtung Salzburg;Richtungfalse
3992;61816;Querschnitt5234;BMSQ219;BMSQ219_Netz;3;819044;47.827826;12.59672175;5234;95.9;;Betriebsstatus1;Streckenstation122;SSTQ219;6;Fahrbahnteil1;UZ Siegsdorf;A8-Ost Richtung M.-Zentrum;Richtungtrue
3993;60665;Querschnitt5235;BMSQ221;BMSQ221_Netz;3;819068;47.82852246;12.60756614;5235;96.657;;Betriebsstatus1;Streckenstation123;SSTQ221;6;Fahrbahnteil1;UZ Siegsdorf;A8-Ost Richtung Salzburg;Richtungfalse
3994;61497;Querschnitt5236;BMSQ225;BMSQ225_Netz;3;819117;47.82918979;12.62957901;5236;98.18;;Betriebsstatus1;Streckenstation124;SSTQ225;6;Fahrbahnteil1;UZ Siegsdorf;A8-Ost Richtung M.-Zentrum;Richtungtrue
3995;61284;Querschnitt5237;BMSQ229;BMSQ229_Netz;3;809140;47.82883935;12.63831004;5237;98.92;;Betriebsstatus1;Streckenstation62;SSTQ229;6;Fahrbahnteil1;UZ Siegsdorf;A8-Ost Richtung Salzburg;Richtungfalse
3996;57476;Querschnitt5238;BMSQ231;BMSQ231_Netz;3;819154;47.82824176;12.64403924;5238;99.365;;Betriebsstatus1;Streckenstation125;SSTQ231;6;Fahrbahnteil1;UZ Siegsdorf;A8-Ost Richtung M.-Zentrum;Richtungtrue
3997;57321;Querschnitt5239;BMSQ235;BMSQ235_Netz;3;809202;47.82524081;12.66331476;5239;100.87;;Betriebsstatus1;Streckenstation64;SSTQ235;6;Fahrbahnteil1;UZ Siegsdorf;A8-Ost Richtung Salzburg;Richtungfalse
3998;53406;Querschnitt5240;BMSQ237;BMSQ237_Netz;3;809253;47.82583642;12.6839223;5240;102.47;;Betriebsstatus1;Streckenstation65;SSTQ237;6;Fahrbahnteil1;UZ Siegsdorf;A8-Ost Richtung Salzburg;Richtungfalse
3999;61084;Querschnitt5241;BMSQ239;BMSQ239_Netz;3;809301;47.82894961;12.70357293;5241;103.995;;Betriebsstatus1;Streckenstation67;SSTQ239;6;Fahrbahnteil1;UZ Siegsdorf;A8-Ost Richtung Salzburg;Richtungfalse
4000;54276;Querschnitt5242;BMSQ245;BMSQ245_Netz;3;809373;47.83060173;12.73317982;5242;106.24;;Betriebsstatus1;Streckenstation70;SSTQ245;6;Fahrbahnteil1;UZ Siegsdorf;A8-Ost Richtung Salzburg;Richtungfalse
4001;61708;Querschnitt5243;BMSQ249;BMSQ249_Netz;3;809415;47.82793867;12.74970448;5243;107.585;;Betriebsstatus1;Streckenstation72;SSTQ249;6;Fahrbahnteil1;UZ Siegsdorf;A8-Ost Richtung Salzburg;Richtungfalse
4002;59282;Querschnitt5244;BMSQ253;BMSQ253_Netz;3;809477;47.82672962;12.7752476;5244;109.545;;Betriebsstatus1;Streckenstation73;SSTQ253;6;Fahrbahnteil1;UZ Siegsdorf;A8-Ost Richtung Salzburg;Richtungfalse
4003;52669;Querschnitt5246;BMSQ255;BMSQ255_Netz;3;809517;47.82817025;12.79151451;5246;110.788;;Betriebsstatus1;Streckenstation74;SSTQ255;6;Fahrbahnteil1;UZ Siegsdorf;A8-Ost Richtung Salzburg;Richtungfalse
4004;61411;Querschnitt5247;BMSQ257;BMSQ257_Netz;3;809581;47.82676428;12.81731292;5247;112.8;;Betriebsstatus1;Streckenstation76;SSTQ257;6;Fahrbahnteil1;UZ Siegsdorf;A8-Ost Richtung Salzburg;Richtungfalse
4005;52181;Querschnitt5248;BMSQ259;BMSQ259_Netz;3;809634;47.81536178;12.83171415;5248;114.47;;Betriebsstatus1;Streckenstation77;SSTQ259;6;Fahrbahnteil1;UZ Siegsdorf;A8-Ost Richtung Salzburg;Richtungfalse
4006;60884;Querschnitt5249;BMSQ261;BMSQ261_Netz;3;809674;47.80690999;12.84276263;5249;115.723;;Betriebsstatus1;Streckenstation78;SSTQ261;6;Fahrbahnteil1;UZ Siegsdorf;A8-Ost Richtung Salzburg;Richtungfalse
4007;52705;Querschnitt5250;BMSQ265;BMSQ265_Netz;3;809730;47.79644111;12.86020293;5250;117.48;;Betriebsstatus1;Streckenstation79;SSTQ265;6;Fahrbahnteil1;UZ Siegsdorf;A8-Ost Richtung Salzburg;Richtungfalse
4008;59978;Querschnitt5251;BMSQ269;BMSQ269_Netz;3;809779;47.78508621;12.87246362;5251;119.043;;Betriebsstatus1;Streckenstation81;SSTQ269;6;Fahrbahnteil1;UZ Siegsdorf;A8-Ost Richtung Salzburg;Richtungfalse
4009;59748;Querschnitt5252;BMSQ271;BMSQ271_Netz;3;809809;47.77885835;12.88054407;5252;119.97;;Betriebsstatus1;Streckenstation82;SSTQ271;6;Fahrbahnteil1;UZ Siegsdorf;A8-Ost Richtung Salzburg;Richtungfalse
4010;52928;Querschnitt5253;BMSQ275;BMSQ275_Netz;3;809848;47.77114174;12.8925345;5253;121.22;;Betriebsstatus1;Streckenstation84;SSTQ275;6;Fahrbahnteil1;UZ Siegsdorf;A8-Ost Richtung Salzburg;Richtungfalse
4011;58541;Querschnitt5254;BMSQ283;BMSQ283_Netz;3;809898;47.76604146;12.91173804;5254;122.78;;Betriebsstatus1;Streckenstation88;SSTQ283;6;Fahrbahnteil1;UZ Siegsdorf;A8-Ost Richtung Salzburg;Richtungfalse
4012;52766;Querschnitt5255;BMSQ285;BMSQ285_Netz;3;819913;47.76686978;12.91796084;5255;123.25;;Betriebsstatus1;Streckenstation129;SSTQ285;6;Fahrbahnteil1;UZ Siegsdorf;A8-Ost Richtung M.-Zentrum;Richtungtrue
4013;59967;Querschnitt587;AQAQ13-Pas;WZGAQ13-Pas_RGL;130;9406077;48.137472476828;11.6728915316202;587;3.41;;Betriebsstatus1;Streckenstation229;SSTAQ13;4;Fahrbahnteil1;UZ Riem;A94 Richtung Passau;Richtungfalse
4014;56351;Querschnitt5256;BMSQ287;BMSQ287_Netz;3;809928;47.76714666;12.92416194;5256;123.731;;Betriebsstatus1;Streckenstation89;SSTQ287;6;Fahrbahnteil1;UZ Siegsdorf;A8-Ost Richtung Salzburg;Richtungfalse
4015;60954;Querschnitt5257;BMSQ223;BMSQ223_Netz;3;809078;47.82849004;12.6121259;5257;96.95;;Betriebsstatus1;Streckenstation60;SSTQ223;6;Fahrbahnteil1;UZ Siegsdorf;A8-Ost Richtung Salzburg;Richtungfalse
4016;53577;Querschnitt5258;BMSQ238;BMSQ238_Netz;3;809278;47.82801774;12.69331829;5258;103.26;;Betriebsstatus1;Streckenstation66;SSTQ238;6;Fahrbahnteil1;UZ Siegsdorf;A8-Ost Richtung Salzburg;Richtungfalse
4017;60173;Querschnitt5259;BMSQ241;BMSQ241_Netz;3;809316;47.82907551;12.70898988;5259;104.45;;Betriebsstatus1;Streckenstation68;SSTQ241;6;Fahrbahnteil1;UZ Siegsdorf;A8-Ost Richtung Salzburg;Richtungfalse
4018;53184;Querschnitt5260;BMSQ243;BMSQ243_Netz;3;809365;47.83001187;12.72962699;5260;106.0;;Betriebsstatus1;Streckenstation69;SSTQ243;6;Fahrbahnteil1;UZ Siegsdorf;A8-Ost Richtung Salzburg;Richtungfalse
4019;56487;Querschnitt5261;BMSQ251;BMSQ251_Netz;3;819448;47.82663496;12.76225901;5261;108.6;;Betriebsstatus1;Streckenstation126;SSTQ251;6;Fahrbahnteil1;UZ Siegsdorf;A8-Ost Richtung Salzburg;Richtungfalse
4020;63323;Querschnitt5262;BMSQ256;BMSQ256_Netz;3;809523;47.82868597;12.79429363;5262;110.97;;Betriebsstatus1;Streckenstation75;SSTQ256;6;Fahrbahnteil1;UZ Siegsdorf;A8-Ost Richtung Salzburg;Richtungfalse
4021;55874;Querschnitt5263;BMSQ267;BMSQ267_Netz;3;809746;47.79307338;12.86439531;5263;118.0;;Betriebsstatus1;Streckenstation80;SSTQ267;6;Fahrbahnteil1;UZ Siegsdorf;A8-Ost Richtung Salzburg;Richtungfalse
4022;62013;Querschnitt5264;BMSQ273;BMSQ273_Netz;3;809826;47.77564604;12.88566323;5264;120.52;;Betriebsstatus1;Streckenstation83;SSTQ273;6;Fahrbahnteil1;UZ Siegsdorf;A8-Ost Richtung Salzburg;Richtungfalse
4023;61269;Querschnitt3226;MQ9-602-Mch_A;DET9-602-Mch_A2;98;9130944;48.3170039274287;11.6183082780122;3226;512.6;;Betriebsstatus1;Streckenstation859;SST9-602;1;Fahrbahnteil4;UZ Freimann;A9 Richtung M.-Zentrum;Richtungtrue
4024;51018;Querschnitt3227;MQ9-602-Mch_E;DET9-602-Mch_E2;162;9130944;48.31700005;11.62019994;3227;512.6;;Betriebsstatus3;Streckenstation859;SST9-602;1;Fahrbahnteil3;UZ Freimann;A9 Richtung M.-Zentrum;Richtungtrue
4025;53520;Querschnitt3261;MQ9-870-Mch_H;DET9-870-Mch_H3;35;9131763;48.1783397339253;11.5951761208324;3261;529.475;;Betriebsstatus1;Streckenstation896;SST9-870;1;Fahrbahnteil4;UZ Freimann;A9 Richtung M.-Zentrum;Richtungtrue
4026;53892;Querschnitt3118;MQ9-180-Nbg_A;DET9-180-Nbg_A2;66;9031376;48.2408185355792;11.6398325336519;3118;521.45;;Betriebsstatus1;Streckenstation843;SST9-180;1;Fahrbahnteil4;UZ Freimann;A9 Richtung Nürnberg;Richtungfalse
4027;53821;Querschnitt5265;AQ99-230-Sbg;Geraet18866;36;9908744;48.14863646279;11.7552973384867;5265;37.08;;Betriebsstatus1;Streckenstation744;SST99-230;4;Fahrbahnteil1;UZ Aschheim;A99 Richtung Salzburg;Richtungfalse
4028;50530;Querschnitt210;MQQ259_Mch_H;DETQ259_Mch_H2;34;809634;47.8152110838646;12.8321613526166;210;114.5;81429034;Betriebsstatus1;Streckenstation77;SSTQ259;1;Fahrbahnteil1;UZ Siegsdorf;A8-Ost Richtung M.-Zentrum;Richtungtrue
4029;61392;Querschnitt590;AQWWQ09-Pas;WZGWWQ09-Pas_W1;233;9406083;48.1371147070479;11.6766729505706;590;3.7;;Betriebsstatus1;Streckenstation230;SSTWWQ09;4;Fahrbahnteil1;UZ Riem;A94 Richtung Passau;Richtungfalse
4030;62938;Querschnitt4402;MQDZ_AK_Regensburg_Pas;DET_AK_Regensburg_Pas_H3;35;306870;48.99070007;12.06739998;4402;492.71;70389080;Betriebsstatus1;Streckenstation1145;AK Regensburg;1;Fahrbahnteil1;LVE - UZ Pentling;A3 Richtung Passau;Richtungtrue
4031;56501;Querschnitt5278;MQDZ_AD Starnberg_(N)_Mch_E;DET_AD Starnberg_(N)_Mch_E2;130;9516741;48.02244;11.42075007;5278;13.054;79349151;Betriebsstatus1;Streckenstation1135;AD Starnberg (N);1;Fahrbahnteil3;LVE - UZ Starnberg;A95 Richtung M.-Zentrum;Richtungfalse
4032;54324;Querschnitt5279;MQDZ_AD Starnberg_(N)_Gap_A;DET_AD Starnberg_(N)_Gap_A2;98;9516741;48.02031002;11.41872995;5279;13.054;79349151;Betriebsstatus1;Streckenstation1135;AD Starnberg (N);1;Fahrbahnteil4;LVE - UZ Starnberg;A95 Richtung Garmisch;Richtungtrue
4033;56971;Querschnitt5281;MQDZ_Oy-Mittelberg_Fld_A;DET_Oy-Mittelberg_Fld_A1;65;715267;47.65330005;10.46800005;5281;939.4;83289995;Betriebsstatus0;Streckenstation1293;DZ Oy-Mittelberg;1;Fahrbahnteil4;LVE - UZ Memmingen;A7 Richtung Fulda;Richtungfalse
4034;54197;Querschnitt5280;MQDZ_Oy-Mittelberg_Fld_E;DET_Oy-Mittelberg_Fld_E1;129;715267;47.65340004;10.46689997;5280;939.4;83289995;Betriebsstatus0;Streckenstation1293;DZ Oy-Mittelberg;1;Fahrbahnteil3;LVE - UZ Memmingen;A7 Richtung Fulda;Richtungfalse
4035;60651;Querschnitt5283;MQDZ_Oy-Mittelberg_Füs_A;DET_Oy-Mittelberg_Füs_A1;97;715267;47.65350007;10.46190006;5283;939.4;83289995;Betriebsstatus0;Streckenstation1293;DZ Oy-Mittelberg;1;Fahrbahnteil4;LVE - UZ Memmingen;A7 Richtung Füssen;Richtungtrue
4036;62783;Querschnitt5282;MQDZ_Oy-Mittelberg_Füs_E;DET_Oy-Mittelberg_Füs_E1;161;715267;47.65350007;10.46279994;5282;939.4;83289995;Betriebsstatus0;Streckenstation1293;DZ Oy-Mittelberg;1;Fahrbahnteil3;LVE - UZ Memmingen;A7 Richtung Füssen;Richtungtrue
4037;55458;Querschnitt594;AQWWQ10-Pas;WZGWWQ10-Pas_W1;233;9406090;48.1373598744301;11.6803908542667;594;4.0;;Betriebsstatus1;Streckenstation231;SSTWWQ10;4;Fahrbahnteil1;UZ Riem;A94 Richtung Passau;Richtungfalse
4038;56880;Querschnitt5314;MQ116a_Mch_H;DET116a_Mch_H3;35;916141;48.352;11.6004;5314;508.57;;Betriebsstatus3;Streckenstation1428;SSTDE116a;1;Fahrbahnteil1;UZ Freimann;A9 Richtung M.-Zentrum;Richtungtrue
4039;62914;Querschnitt5317;MQ115a_Mch_H;DET115a_Mch_H3;35;916131;48.3578;11.597;5317;506.69;;Betriebsstatus3;Streckenstation1429;SSTDE115a;1;Fahrbahnteil1;UZ Freimann;A9 Richtung M.-Zentrum;Richtungtrue
4040;53347;Querschnitt5319;MQ9-783-Mch_E;DET9-783-Mch_E1;161;9131486;48.2226405468316;11.6295006997448;5319;523.66;;Betriebsstatus1;Streckenstation884;SST9-783;1;Fahrbahnteil3;UZ Freimann;A9 Richtung M.-Zentrum;Richtungtrue
4041;58199;Querschnitt3476;AQ9-783-Mch;WZG9-783-Mch_C1;166;9131486;48.2225336145589;11.6296546386325;3476;523.66;;Betriebsstatus1;Streckenstation884;SST9-783;4;Fahrbahnteil1;UZ Freimann;A9 Richtung M.-Zentrum;Richtungtrue
4042;58335;Querschnitt5321;MQ_Oberpfaffenhofen_(W)_Mch;DET_Oberpfaffenhofen_(W)_Mch_H2;2;9619000;48.09360008;11.27990004;5321;152.786;;Betriebsstatus1;Streckenstation1430;Oberpfaffenhofen (W);1;Fahrbahnteil1;LVE - UZ Starnberg;A96 Richtung M.-Zentrum;Richtungfalse
4043;62359;Querschnitt5322;MQ_Oberpfaffenhofen_(W)_Lin;DET_Oberpfaffenhofen_(W)_Lin_H2;34;9619000;48.0935;11.28160006;5322;152.786;;Betriebsstatus1;Streckenstation1430;Oberpfaffenhofen (W);1;Fahrbahnteil1;LVE - UZ Starnberg;A96 Richtung Lindau;Richtungtrue
4044;51395;Querschnitt5323;BMS_Oberpfaffenhofen_(W)_Lin;Geraet19047;2;9619000;48.09361954;11.28094112;5323;152.786;;Betriebsstatus1;Streckenstation1430;Oberpfaffenhofen (W);6;Fahrbahnteil1;LVE - UZ Starnberg;A96 Richtung Lindau;Richtungtrue
4045;59439;Querschnitt5324;MQ_Germering_(W)_Mch;DET_Germering_(W)_Mch_H2;2;9619220;48.09800003;11.32859997;5324;156.697;;Betriebsstatus1;Streckenstation1431;Germering (W);1;Fahrbahnteil1;LVE - UZ Starnberg;A96 Richtung M.-Zentrum;Richtungfalse
4046;51454;Querschnitt5325;MQ_Germering_(W)_Lin;DET_Germering_(W)_Lin_H2;34;9619220;48.09770001;11.32719994;5325;156.697;;Betriebsstatus1;Streckenstation1431;Germering (W);1;Fahrbahnteil1;LVE - UZ Starnberg;A96 Richtung Lindau;Richtungtrue
4047;55105;Querschnitt5326;BMS_Germering_(W)_Lin;BMS_Germering_(W)_Lin_Temp;2;9619220;48.09928631;11.33178752;5326;156.702;;Betriebsstatus1;Streckenstation1431;Germering (W);6;Fahrbahnteil1;LVE - UZ Starnberg;A96 Richtung Lindau;Richtungtrue
4048;56440;Querschnitt5327;MQ_Gilching_(W)_Mch;DET_Gilching_(W)_Mch_H2;2;9619050;48.09300002;11.28949996;5327;153.875;;Betriebsstatus1;Streckenstation1432;Gilching (W);1;Fahrbahnteil1;LVE - UZ Starnberg;A96 Richtung M.-Zentrum;Richtungfalse
4049;59894;Querschnitt5328;MQ_Gilching_(W)_Lin;DET_Gilching_(W)_Lin_H2;34;9619050;48.09310005;11.28930003;5328;153.875;;Betriebsstatus1;Streckenstation1432;Gilching (W);1;Fahrbahnteil1;LVE - UZ Starnberg;A96 Richtung Lindau;Richtungtrue
4050;52167;Querschnitt5329;BMS_Gilching_(W)_Lin;Geraet19059;2;9619050;48.09364648;11.29546625;5329;153.875;;Betriebsstatus1;Streckenstation1432;Gilching (W);6;Fahrbahnteil1;LVE - UZ Starnberg;A96 Richtung Lindau;Richtungtrue
4051;59115;Querschnitt5330;MQ_Dreieck Süd/West_(O)_Mch;DET_Dreieck Süd/West_(O)_Mch_H3;3;9609400;48.11803838;11.39112065;5330;161.818;;Betriebsstatus1;Streckenstation1433;Dreieck Süd/West (O);1;Fahrbahnteil1;LVE - UZ Starnberg;A96 Richtung M.-Zentrum;Richtungfalse
4052;58524;Querschnitt5332;MQ_Dreieck Süd/West_(O)_LIn;DET_Dreieck Süd/West_(O)_LIn_H3;35;9609400;48.11818405;11.39106366;5332;161.818;;Betriebsstatus1;Streckenstation1433;Dreieck Süd/West (O);1;Fahrbahnteil1;LVE - UZ Starnberg;A96 Richtung Lindau;Richtungtrue
4053;53938;Querschnitt5331;BMS_Dreieck Süd/West_(O)_LIn;Geraet19068;2;9609400;48.11795218;11.39114931;5331;161.818;;Betriebsstatus1;Streckenstation1433;Dreieck Süd/West (O);6;Fahrbahnteil1;LVE - UZ Starnberg;A96 Richtung Lindau;Richtungtrue
4054;61817;Querschnitt5372;GMA_HK_99-152-Sbg;WUD_HK_99-152-Sbg;33;9908422;48.18153998;11.72422309;5372;32.726;;Betriebsstatus1;Streckenstation1459;SST99-152;3;Fahrbahnteil1;UZ Aschheim;A99 Richtung Salzburg;Richtungfalse
4055;59591;Querschnitt214;MQQ261_Sbg_H;DETQ261_Sbg_H2;2;809674;47.8069233114666;12.842982849931;214;115.723;;Betriebsstatus1;Streckenstation78;SSTQ261;1;Fahrbahnteil1;UZ Siegsdorf;A8-Ost Richtung Salzburg;Richtungfalse
4056;62713;Querschnitt601;AQFSA09-Pas;WZGFSA09-Pas_DLZFS2;11;9406103;48.1396762221755;11.6879282329292;601;4.57;;Betriebsstatus1;Streckenstation233;SSTFSA09;4;Fahrbahnteil1;UZ Riem;A94 Richtung Passau;Richtungfalse
4057;51260;Querschnitt7024;MQ99-248-Sbg_A;DET99-248_A1;113;9908807;48.1416573683979;11.7572346940774;;37.9;;Betriebsstatus1;Streckenstation746;SST99-248;1;Fahrbahnteil1;UZ Aschheim;A99 Richtung Salzburg;Richtungfalse
4058;56649;Querschnitt3251;MQ9-790-Mch_H;DET9-790-Mch_H5;37;9131545;48.2115184041095;11.6243399345713;3251;524.98;77359066;Betriebsstatus1;Streckenstation887;SST9-790;1;Fahrbahnteil1;UZ Freimann;A9 Richtung M.-Zentrum;Richtungtrue
4059;55583;Querschnitt5381;BMSMQ01;BMSMQ01_Heiz;2;9406006;48.13841004;11.63082386;5381;0.26;;Betriebsstatus1;Streckenstation223;SSTMQ01;6;Fahrbahnteil1;UZ Riem;A94 Richtung Passau;Richtungfalse
4060;52938;Querschnitt5382;BMSMQ02;BMSMQ02_Heiz;2;9406023;48.13877777;11.64070349;5382;1.0;;Betriebsstatus1;Streckenstation224;SSTMQ02;6;Fahrbahnteil1;UZ Riem;A94 Richtung Passau;Richtungfalse
4061;61463;Querschnitt5384;AQWWQ11-Pas;WZGWWQ11-Pas_W1;233;9406097;48.1382099080423;11.6840868268251;5384;4.29;;Betriebsstatus1;Streckenstation232;SSTWWQ11;4;Fahrbahnteil1;UZ Riem;A94 Richtung Passau;Richtungfalse
4062;59149;Querschnitt5385;BMSAQ198a;BMSAQ198a_Temp;3;9416230;48.14292384;11.75883923;5385;10.03;;Betriebsstatus1;Streckenstation1391;SSTAQ198a;6;Fahrbahnteil1;UZ Riem;A94 Richtung M.-Zentrum;Richtungtrue
4063;57930;Querschnitt5391;GMAAQ_HK_202-Mch;WUD_HK_AQAQ202-Mch;1;9416255;48.1437779885153;11.7738575413777;5391;11.075;;Betriebsstatus1;Streckenstation1461;SSTAQ202;3;Fahrbahnteil1;UZ Riem;A94 Richtung M.-Zentrum;Richtungtrue
4064;55542;Querschnitt5392;GMA201-Mch;WUD_WG_201-Mch;16;9416255;48.1438545179093;11.7741033562753;5392;11.095;80000964;Betriebsstatus1;Streckenstation1461;SSTAQ202;3;Fahrbahnteil1;UZ Riem;A94 Richtung M.-Zentrum;Richtungtrue
4065;59942;Querschnitt5393;MQAQ202-Mch-H;DETAQ202-Mch-H2;34;9416255;48.1437687582622;11.7741155710685;5393;11.095;;Betriebsstatus1;Streckenstation1461;SSTAQ202;1;Fahrbahnteil1;UZ Riem;A94 Richtung M.-Zentrum;Richtungtrue
4066;61031;Querschnitt5395;BMSAQ202D_E;BMSAQ02D_Heiz;2;9418749;48.14347015;11.75499689;5395;9.62;;Betriebsstatus1;Streckenstation1462;SSTAQ202D_E;6;Fahrbahnteil1;UZ Riem;A94 Richtung M.-Zentrum;Richtungtrue
4067;52772;Querschnitt5396;AQAQ202E-Mch;WZGAQ202E-Mch_C1;131;9418749;48.1430454455316;11.7548227448632;5396;9.62;;Betriebsstatus1;Streckenstation1462;SSTAQ202D_E;4;Fahrbahnteil1;UZ Riem;A94 Richtung M.-Zentrum;Richtungtrue
4068;51256;Querschnitt5397;GMAAQ_HK_202E-Mch;WUD_HK_AQAQ202E-Mch;2;9418749;48.1430667561169;11.7548114493998;5397;9.62;;Betriebsstatus1;Streckenstation1462;SSTAQ202D_E;3;Fahrbahnteil1;UZ Riem;A94 Richtung M.-Zentrum;Richtungtrue
4069;59741;Querschnitt5398;GMAAQ_HK_202D-Mch;WUD_HK_AQAQ202D-Mch;1;9418749;48.1432909085009;11.7548016814055;5398;9.61;;Betriebsstatus1;Streckenstation1462;SSTAQ202D_E;3;Fahrbahnteil1;UZ Riem;A94 Richtung M.-Zentrum;Richtungtrue
4070;60727;Querschnitt5399;AQAQ202D-Mch;WZGAQ202D-Mch_C1;105;9418749;48.1433204642274;11.7547440257699;5399;9.61;;Betriebsstatus1;Streckenstation1462;SSTAQ202D_E;4;Fahrbahnteil1;UZ Riem;A94 Richtung M.-Zentrum;Richtungtrue
4071;61759;Querschnitt5400;MQAQ204A-Mch-H;DETAQ204A-Mch-H1;33;9418749;48.1429795005805;11.7555125712984;5400;9.68;;Betriebsstatus1;Streckenstation1462;SSTAQ202D_E;1;Fahrbahnteil2;UZ Riem;A94 Richtung M.-Zentrum;Richtungtrue
4072;52513;Querschnitt5401;MQAQ205-Mch-E;DETAQ205-Mch-E2;162;9418749;48.1431662771178;11.7544730508002;5401;9.61;;Betriebsstatus1;Streckenstation1462;SSTAQ202D_E;1;Fahrbahnteil3;UZ Riem;A94 Richtung M.-Zentrum;Richtungtrue
4073;57594;Querschnitt5402;MQAQ204B-Mch-A;DETAQ204B-Mch-A1;97;9418749;48.1431390218199;11.7555183090931;5402;9.68;;Betriebsstatus1;Streckenstation1462;SSTAQ202D_E;1;Fahrbahnteil4;UZ Riem;A94 Richtung M.-Zentrum;Richtungtrue
4074;52284;Querschnitt4441;AQ99-062-UFL-Sbg;WZG99-062-Sbg_UFL2;50;9907583;48.22875464;11.59335384;4441;21.4;;Betriebsstatus2;Streckenstation1166;SST99-062;4;Fahrbahnteil1;UZ Aschheim;A99 Richtung Salzburg;Richtungfalse
4075;56589;Querschnitt4496;AQAQ190-Mch;WZGAQ190-Mch_CL1;99;9416261;48.1448549018659;11.7768620910535;4496;11.32;;Betriebsstatus1;Streckenstation1191;SSTAQ190;4;Fahrbahnteil1;UZ Riem;A94 Richtung M.-Zentrum;Richtungtrue
4076;50671;Querschnitt4498;AQAQ188-Mch;WZGAQ188-Mch_CL1;99;9416271;48.1473499795584;11.7817833998482;4498;11.784;;Betriebsstatus1;Streckenstation1192;SSTAQ188;4;Fahrbahnteil1;UZ Riem;A94 Richtung M.-Zentrum;Richtungtrue
4077;61872;Querschnitt4500;AQAQ194-Mch;WZGAQ194-Mch_CL1;99;9416247;48.1428157493491;11.7696305993989;4500;10.73;;Betriebsstatus1;Streckenstation1193;SSTAQ194;4;Fahrbahnteil1;UZ Riem;A94 Richtung M.-Zentrum;Richtungtrue
4078;59810;Querschnitt4504;AQAQ196-Mch;WZGAQ196-Mch_CL1;99;9416231;48.1428802426243;11.7605769191531;4504;10.055;;Betriebsstatus1;Streckenstation1195;SSTAQ196;4;Fahrbahnteil1;UZ Riem;A94 Richtung M.-Zentrum;Richtungtrue
4079;59213;Querschnitt4649;AQAQ198a-Mch;WZGAQ198a-Mch_CL1;99;9416230;48.1429237914799;11.7586190384215;4649;9.92;;Betriebsstatus1;Streckenstation1391;SSTAQ198a;4;Fahrbahnteil1;UZ Riem;A94 Richtung M.-Zentrum;Richtungtrue
4080;52900;Querschnitt4502;AQAQ198b-Mch;WZGAQ198b-Mch_CL1;99;9416221;48.142995915029;11.7562375338601;4502;9.68;;Betriebsstatus1;Streckenstation1194;SSTAQ198b;4;Fahrbahnteil1;UZ Riem;A94 Richtung M.-Zentrum;Richtungtrue
4081;62233;Querschnitt5412;BMSQ211;BMSQ211_Netz;3;818997;47.82808493;12.57886787;5412;94.4;;Betriebsstatus1;Streckenstation120;SSTQ211;6;Fahrbahnteil1;UZ Siegsdorf;A8-Ost Richtung M.-Zentrum;Richtungtrue
4082;57512;Querschnitt5413;GMAQ237_Mch;WUD_HK_Q237_Mch;94;809253;47.8261469210305;12.6841791567394;5413;102.5;;Betriebsstatus1;Streckenstation65;SSTQ237;3;Fahrbahnteil1;UZ Siegsdorf;A8-Ost Richtung M.-Zentrum;Richtungtrue
4083;51608;Querschnitt5416;GMAQ253_Mch;WUD_HK_Q253_Mch;94;809477;47.8268800404538;12.7757621424558;5416;109.57;;Betriebsstatus1;Streckenstation73;SSTQ253;3;Fahrbahnteil1;UZ Siegsdorf;A8-Ost Richtung M.-Zentrum;Richtungtrue
4084;60942;Querschnitt5417;GMAQ257_Mch;WUD_HK_Q257_Mch;94;809581;47.8267589987963;12.818074169889;5417;112.83;80000899;Betriebsstatus1;Streckenstation76;SSTQ257;3;Fahrbahnteil1;UZ Siegsdorf;A8-Ost Richtung M.-Zentrum;Richtungtrue
4085;57372;Querschnitt5418;GMAQ259_Mch;WUD_HK_Q259_Mch;94;809634;47.815309505639;12.8321721822467;5418;114.5;;Betriebsstatus1;Streckenstation77;SSTQ259;3;Fahrbahnteil1;UZ Siegsdorf;A8-Ost Richtung M.-Zentrum;Richtungtrue
4086;51790;Querschnitt5419;GMAQ261_Mch;WUD_HK_Q261_Mch;94;809674;47.8069496994027;12.8432476429928;5419;115.76;;Betriebsstatus1;Streckenstation78;SSTQ261;3;Fahrbahnteil1;UZ Siegsdorf;A8-Ost Richtung M.-Zentrum;Richtungtrue
4087;60485;Querschnitt5420;GMAQ265_Mch;WUD_HK_Q265_Mch;94;809730;47.7964786885264;12.8606191968974;5420;117.51;;Betriebsstatus1;Streckenstation79;SSTQ265;3;Fahrbahnteil1;UZ Siegsdorf;A8-Ost Richtung M.-Zentrum;Richtungtrue
4088;56691;Querschnitt607;AQAQ14-Pas;WZGAQ14-Pas_RGL;130;9406115;48.1415209022133;11.6942147613903;607;5.105;;Betriebsstatus1;Streckenstation235;SSTAQ14;4;Fahrbahnteil1;UZ Riem;A94 Richtung Passau;Richtungfalse
4089;54846;Querschnitt215;MQQ261_Mch_H;DETQ261_Mch_H2;34;809674;47.8068498893944;12.8432851598182;215;115.797;;Betriebsstatus1;Streckenstation78;SSTQ261;1;Fahrbahnteil1;UZ Siegsdorf;A8-Ost Richtung M.-Zentrum;Richtungtrue
4090;54610;Querschnitt612;AQWWQ12-Pas;WZGWWQ12-Pas_WTA2;227;9406125;48.142095774283;11.6996684786569;612;5.52;;Betriebsstatus1;Streckenstation237;SSTWWQ12;4;Fahrbahnteil1;UZ Riem;A94 Richtung Passau;Richtungfalse
4091;59078;Querschnitt614;AQWWQ13-Pas;WZGWWQ13-Pas_WTA2;227;9406133;48.1421597876517;11.7044774829596;614;5.884;;Betriebsstatus1;Streckenstation238;SSTWWQ13;4;Fahrbahnteil1;UZ Riem;A94 Richtung Passau;Richtungfalse
4092;51238;Querschnitt5356;Querschnitt5356;Geraet19361;36;30283;48.1748161316;11.5949802399;5356;0.0020;;Betriebsstatus1;Streckenstation1453;SST_LHM_3028.3;4;Fahrbahnteil1;UZ LHM;B2R Richtung gegen Uhrzeigersinn;Richtungtrue
4093;55578;Querschnitt615;AQAQ115A-Pas;WZGAQ115A-Pas_RGL;130;9406140;48.1420320160124;11.7086533482689;615;6.19;;Betriebsstatus1;Streckenstation239;SSTAQ115A;4;Fahrbahnteil1;UZ Riem;A94 Richtung Passau;Richtungfalse
4094;60427;Querschnitt5468;MQ103a_Mch_H;DET103a_Mch_H3;35;916021;48.5813;11.5879;5468;481.95;;Betriebsstatus3;Streckenstation1490;SSTDE103a;1;Fahrbahnteil1;UZ Freimann;A9 Richtung M.-Zentrum;Richtungtrue
4095;54028;Querschnitt219;MQQ265_Sbg_H;DETQ265_Sbg_H2;2;809730;47.7964150547239;12.8604165970332;219;117.51;;Betriebsstatus1;Streckenstation79;SSTQ265;1;Fahrbahnteil1;UZ Siegsdorf;A8-Ost Richtung Salzburg;Richtungfalse
4096;60486;Querschnitt238;MQQ275_Sbg_H;DETQ275_Sbg_H2;2;809848;47.7710832025184;12.8928576885136;238;121.25;;Betriebsstatus1;Streckenstation84;SSTQ275;1;Fahrbahnteil1;UZ Siegsdorf;A8-Ost Richtung Salzburg;Richtungfalse
4097;51975;Querschnitt5869;MQTEU008_Edg;TEU008_H3;2;9990008;48.35269544;11.7666053;5869;2.2;;Betriebsstatus1;Streckenstation1608;TEU 008;1;Fahrbahnteil1;Concert Zentrale;St2584 Richtung Erding;Richtungfalse
4098;50783;Querschnitt622;AQWWQ114-Pas;WZGWWQ114-Pas_W6;6;9406144;48.1400284330782;11.7122558379058;622;6.5;;Betriebsstatus1;Streckenstation241;SSTWWQ114;4;Fahrbahnteil1;UZ Riem;A94 Richtung Passau;Richtungfalse
4099;61351;Querschnitt3213;MQ9-330-Nbg_A;DET9-330-Nbg_A2;66;9031054;48.2986151182089;11.6322485487146;3213;514.83;;Betriebsstatus1;Streckenstation836;SST9-330;1;Fahrbahnteil4;UZ Freimann;A9 Richtung Nürnberg;Richtungfalse
4100;54911;Querschnitt5469;MQ103a_Nbg_H;DET103a_Nbg_H3;3;916021;48.5818;11.5875;5469;481.95;;Betriebsstatus3;Streckenstation1490;SSTDE103a;1;Fahrbahnteil1;UZ Freimann;A9 Richtung Nürnberg;Richtungfalse
4101;56535;Querschnitt5471;NMGDE103a-Mch;WUD_SW_DE103a-Mch;73;916021;48.58129456;11.58803151;5471;481.95;;Betriebsstatus0;Streckenstation1490;SSTDE103a;3;Fahrbahnteil1;UZ Freimann;A9 Richtung M.-Zentrum;Richtungtrue
4102;52703;Querschnitt5472;MQ104a_Mch_H;DET104a_Mch_H3;35;916031;48.5605;11.5888;5472;484.31;;Betriebsstatus3;Streckenstation1491;SSTDE104a;1;Fahrbahnteil1;UZ Freimann;A9 Richtung M.-Zentrum;Richtungtrue
4103;52838;Querschnitt5870;MQTEU009_Hbm;TEU009_H1;0;9990009;48.36113217;11.80839078;5870;5.6;;Betriebsstatus1;Streckenstation1609;TEU 009;1;Fahrbahnteil1;Concert Zentrale;St2584 Richtung BAB A92;Richtungtrue
4104;59620;Querschnitt5477;MQ9-610-Mch_P;DET9-610-Mch_P2;114;9130976;48.3117725186865;11.6232679180253;5477;513.265;;Betriebsstatus1;Streckenstation861;SST9-610;1;Fahrbahnteil3;UZ Freimann;A9 Richtung M.-Zentrum;Richtungtrue
4105;52362;Querschnitt5478;AQ9-610-Mch_P;WZG9-610-Mch_P_C1;105;9130976;48.3116822652711;11.6233232716989;5478;513.265;;Betriebsstatus1;Streckenstation861;SST9-610;4;Fahrbahnteil3;UZ Freimann;A9 Richtung M.-Zentrum;Richtungtrue
4106;56309;Querschnitt3111;MQ9-135-Nbg_H;DET9-135-Nbg_H3;3;9031550;48.210842179831;11.6242648892315;3111;525.02;77359066;Betriebsstatus1;Streckenstation848;SST9-135;1;Fahrbahnteil1;UZ Freimann;A9 Richtung Nürnberg;Richtungfalse
4107;59869;Querschnitt3374;AQ9-166-Nbg;WZG9-166-Nbg_C2;75;9031470;48.2250310424266;11.6313780819589;3374;523.375;;Betriebsstatus1;Streckenstation845;SST9-166;4;Fahrbahnteil1;UZ Freimann;A9 Richtung Nürnberg;Richtungfalse
4108;50967;Querschnitt3115;MQ9-166-Nbg_H;DET9-166-Nbg_H3;3;9031470;48.2249174305439;11.6313175556324;3115;523.375;;Betriebsstatus1;Streckenstation845;SST9-166;1;Fahrbahnteil1;UZ Freimann;A9 Richtung Nürnberg;Richtungfalse
4109;53552;Querschnitt3372;AQ9-155-Nbg;WZG9-155-Nbg_C2;74;9031517;48.2166797731637;11.6271986800267;3372;524.35;;Betriebsstatus1;Streckenstation846;SST9-155;4;Fahrbahnteil1;UZ Freimann;A9 Richtung Nürnberg;Richtungfalse
4110;56517;Querschnitt3113;MQ9-155-Nbg_H;DET9-155-Nbg_H3;3;9031517;48.216557345816;11.6271337206066;3113;524.35;;Betriebsstatus1;Streckenstation846;SST9-155;1;Fahrbahnteil1;UZ Freimann;A9 Richtung Nürnberg;Richtungfalse
4111;63187;Querschnitt3370;AQ9-135-Nbg;WZG9-135-Nbg_C2;75;9031550;48.21097894981;11.624339459013;3370;525.02;;Betriebsstatus1;Streckenstation848;SST9-135;4;Fahrbahnteil1;UZ Freimann;A9 Richtung Nürnberg;Richtungfalse
4112;51403;Querschnitt5474;MQ9-135-Nbg_P;DET9-135-Nbg_P2;82;9031550;48.210815430252;11.6243822251497;5474;525.02;77359066;Betriebsstatus1;Streckenstation848;SST9-135;1;Fahrbahnteil4;UZ Freimann;A9 Richtung Nürnberg;Richtungfalse
4113;53560;Querschnitt5489;MQ9-786-Nbg_H;DET9-786-Nbg_E1;129;9131500;48.21940004;11.62910001;5489;524.0;;Betriebsstatus1;Streckenstation885;SST9-786;1;Fahrbahnteil3;UZ Freimann;A9 Richtung Nürnberg;Richtungfalse
4114;55893;Querschnitt625;AQAQ115C-Pas;WZGAQ115C-Pas_RGL;130;9406156;48.1418451090286;11.7183267465321;625;6.91;;Betriebsstatus1;Streckenstation242;SSTAQ115C;4;Fahrbahnteil1;UZ Riem;A94 Richtung Passau;Richtungfalse
4115;52197;Querschnitt5548;AQWWQ08-Pas;WZGWWQ08-Pas_WTA4;229;9406069;48.1383030706702;11.668167582813;5548;3.05;;Betriebsstatus1;Streckenstation1541;SSTWWQ08;4;Fahrbahnteil1;UZ Riem;A94 Richtung Passau;Richtungfalse
4116;62019;Querschnitt220;MQQ265_Mch_H;DETQ265_Mch_H2;34;809730;47.7963355687316;12.8607194270548;220;117.51;;Betriebsstatus1;Streckenstation79;SSTQ265;1;Fahrbahnteil1;UZ Siegsdorf;A8-Ost Richtung M.-Zentrum;Richtungtrue
4117;62581;Querschnitt653;AQWWQ06-Mch;WZGWWQ06-Mch_WTA2;227;9416085;48.1372553018505;11.6768782057469;653;3.71;;Betriebsstatus1;Streckenstation251;SSTWWQ06;4;Fahrbahnteil1;UZ Riem;A94 Richtung M.-Zentrum;Richtungtrue
4118;62905;Querschnitt628;AQAQ116-Pas;WZGAQ116-Pas_RGL;130;9406179;48.1426755229061;11.7315472892865;628;7.895;;Betriebsstatus1;Streckenstation243;SSTAQ116;4;Fahrbahnteil1;UZ Riem;A94 Richtung Passau;Richtungfalse
4119;50763;Querschnitt632;AQAQ117-Pas;WZGAQ117-Pas_RGL;130;9406200;48.1430003221146;11.7441075607294;632;8.843;;Betriebsstatus1;Streckenstation244;SSTAQ117;4;Fahrbahnteil1;UZ Riem;A94 Richtung Passau;Richtungfalse
4120;59141;Querschnitt643;AQAQ118-Pas;WZGAQ118-Pas_C1;74;9406242;48.1426144520889;11.769113312709;643;10.698;;Betriebsstatus1;Streckenstation248;SSTAQ118;4;Fahrbahnteil1;UZ Riem;A94 Richtung Passau;Richtungfalse
4121;52415;Querschnitt225;MQQ269_Sbg_H;DETQ269_Sbg_H2;2;809779;47.785045057365;12.8726742352874;225;119.043;;Betriebsstatus1;Streckenstation81;SSTQ269;1;Fahrbahnteil1;UZ Siegsdorf;A8-Ost Richtung Salzburg;Richtungfalse
4122;53778;Querschnitt645;AQAQ10-Mch;WZGAQ10-Mch_RGL;162;9416046;48.1394355052209;11.6541954131144;645;2.01;;Betriebsstatus1;Streckenstation249;SSTAQ10;4;Fahrbahnteil1;UZ Riem;A94 Richtung M.-Zentrum;Richtungtrue
4123;50859;Querschnitt649;AQAQ09-Mch;WZGAQ09-Mch_RGL;162;9416072;48.1382480612223;11.6693254251403;649;3.135;;Betriebsstatus1;Streckenstation250;SSTAQ09;4;Fahrbahnteil1;UZ Riem;A94 Richtung M.-Zentrum;Richtungtrue
4124;60416;Querschnitt5549;BMSWWQ08;BMSWWQ08_Heiz;2;9406069;48.13827551;11.66757569;5549;3.02;;Betriebsstatus1;Streckenstation1541;SSTWWQ08;6;Fahrbahnteil1;UZ Riem;A94 Richtung Passau;Richtungfalse
4125;55843;Querschnitt5547;MQWWQ08-Pas;DETWWQ08-Pas-H3;3;9406069;48.1383370182364;11.6679494034178;5547;3.05;;Betriebsstatus1;Streckenstation1541;SSTWWQ08;1;Fahrbahnteil1;UZ Riem;A94 Richtung Passau;Richtungfalse
4126;58218;Querschnitt5638;BM_A7_943_490_Fue;BM_A7_943_490_Fue_Netz;4;719368;47.64038459;10.51557161;5638;943.49;;Betriebsstatus1;Streckenstation1542;SST_A7_943_490_Fue;6;Fahrbahnteil1;UZ Füssen;A7 Richtung Füssen;Richtungtrue
4127;55131;Querschnitt654;AQWWQ05-Mch;WZGWWQ05-Mch_WTA2;227;9416092;48.1376346404543;11.6812335278177;654;4.038;;Betriebsstatus1;Streckenstation252;SSTWWQ05;4;Fahrbahnteil1;UZ Riem;A94 Richtung M.-Zentrum;Richtungtrue
4128;50668;Querschnitt5637;WWQ_A7_943_520_Fue;WWQ_A7_943_520_Fue_Cluster;193;719368;47.64049601;10.51623776;5637;943.52;;Betriebsstatus1;Streckenstation1542;SST_A7_943_490_Fue;4;Fahrbahnteil1;UZ Füssen;A7 Richtung Füssen;Richtungtrue
4129;53327;Querschnitt5640;BM_A7_944_000_Fue;BM_A7_944_000_Fue_Netz;4;719384;47.64068792;10.52218616;5640;944.0;;Betriebsstatus1;Streckenstation1543;SST_A7_944_000_Fue;6;Fahrbahnteil1;UZ Füssen;A7 Richtung Füssen;Richtungtrue
4130;54152;Querschnitt232;MQQ271_Sbg_H;DETQ271_Sbg_H2;2;809809;47.7788334863999;12.8808781381712;232;120.0;;Betriebsstatus1;Streckenstation82;SSTQ271;1;Fahrbahnteil1;UZ Siegsdorf;A8-Ost Richtung Salzburg;Richtungfalse
4131;57803;Querschnitt5639;WWQ_A7_944_025_Fue;WWQ_A7_944_025_Fue_Cluster;193;719384;47.64078262;10.52283455;5639;944.025;;Betriebsstatus1;Streckenstation1543;SST_A7_944_000_Fue;4;Fahrbahnteil1;UZ Füssen;A7 Richtung Füssen;Richtungtrue
4132;54722;Querschnitt5643;BM_A7_944_425_Fue;BM_A7_944_425_Fue_Netz;4;719397;47.6409344;10.52776495;5643;944.425;;Betriebsstatus1;Streckenstation1544;SST_A7_944_425_Fue;6;Fahrbahnteil1;UZ Füssen;A7 Richtung Füssen;Richtungtrue
4133;59379;Querschnitt5641;AQ_St2007_19_292_Fue/St2007;AQ_St2007_19_195_Fue_St2007_Cluster;193;719397;47.64055303;10.52832936;5641;19.292;;Betriebsstatus1;Streckenstation1544;SST_A7_944_425_Fue;4;Fahrbahnteil1;UZ Füssen;St2007 Richtung Ost;Richtungfalse
4134;60380;Querschnitt5642;AQ_St2007_19_195_Fue/St2007;AQ_St2007_19_195_Fue_St2007_PW1;161;719397;47.63967291;10.52848184;5642;19.195;;Betriebsstatus1;Streckenstation1544;SST_A7_944_425_Fue;4;Fahrbahnteil1;UZ Füssen;St2007 Richtung West;Richtungtrue
4135;61220;Querschnitt5784;BMS96_82,378_Lin;Überspannungsschutz;5;9617910;48.03728488;10.38987793;5784;82.378;;Betriebsstatus1;Streckenstation1596;A96_82,378_Lin;6;Fahrbahnteil1;Tunnel Kohlberg;A96 Richtung Lindau;Richtungtrue
4136;53119;Querschnitt5649;BM_A7_947_467_Fue;BM_A7_947_467_Fue_Netz;4;719491;47.63490089;10.56601776;5649;947.467;;Betriebsstatus1;Streckenstation1545;SST_A7_947_467_Fue;6;Fahrbahnteil1;UZ Füssen;A7 Richtung Füssen;Richtungtrue
4137;58150;Querschnitt226;MQQ269_Mch_H;DETQ269_Mch_H2;34;809779;47.784874842313;12.8730035875868;226;119.117;;Betriebsstatus1;Streckenstation81;SSTQ269;1;Fahrbahnteil1;UZ Siegsdorf;A8-Ost Richtung M.-Zentrum;Richtungtrue
4138;61142;Querschnitt5645;AQ_A7_947_495_Fue;AQ_A7_947_495_Fue_Cluster;193;719491;47.63473619;10.56632951;5645;947.495;;Betriebsstatus1;Streckenstation1545;SST_A7_947_467_Fue;4;Fahrbahnteil1;UZ Füssen;A7 Richtung Füssen;Richtungtrue
4139;58771;Querschnitt5648;GMA_A7_947_495_Fue;HK_A7_947_495_Fue_HK;65;719491;47.63484135;10.56635401;5648;947.495;;Betriebsstatus1;Streckenstation1545;SST_A7_947_467_Fue;3;Fahrbahnteil1;UZ Füssen;A7 Richtung Füssen;Richtungtrue
4140;62978;Querschnitt5647;SW_A7_947_477_Fue;SW_A7_947_477_Fue_SW;1;719491;47.63484919;10.56615911;5647;947.477;;Betriebsstatus1;Streckenstation1545;SST_A7_947_467_Fue;3;Fahrbahnteil1;UZ Füssen;A7 Richtung Füssen;Richtungtrue
4141;58714;Querschnitt5646;NS_A7_947_477_Fue;NS_A7_947_477_Fue_TPT;6;719491;47.63482088;10.56619639;5646;947.477;;Betriebsstatus1;Streckenstation1545;SST_A7_947_467_Fue;3;Fahrbahnteil1;UZ Füssen;A7 Richtung Füssen;Richtungtrue
4142;52888;Querschnitt5644;MQ_A7_947_495_Fue;MQ_A7_947_495_Fue_DET2;34;719491;47.63479476;10.56641004;5644;947.495;;Betriebsstatus1;Streckenstation1545;SST_A7_947_467_Fue;1;Fahrbahnteil1;UZ Füssen;A7 Richtung Füssen;Richtungtrue
4143;62637;Querschnitt5653;BM_A7_949_250_Fue;BM_A7_949_250_Fue_Netz;4;719546;47.62834962;10.58683019;5653;949.25;;Betriebsstatus1;Streckenstation1546;SST_A7_949_250_Fue;6;Fahrbahnteil1;UZ Füssen;A7 Richtung Füssen;Richtungtrue
4144;58066;Querschnitt5651;AQ_A7_949_285_Fue;AQ_A7_949_285_Fue_Cluster;193;719546;47.62852231;10.58746575;5651;949.285;;Betriebsstatus1;Streckenstation1546;SST_A7_949_250_Fue;4;Fahrbahnteil1;UZ Füssen;A7 Richtung Füssen;Richtungtrue
4145;59496;Querschnitt5652;HK_A7_949_285_Fue;HK_A7_949_285_Fue_HK;65;719546;47.62842342;10.58746841;5652;949.285;;Betriebsstatus1;Streckenstation1546;SST_A7_949_250_Fue;3;Fahrbahnteil1;UZ Füssen;A7 Richtung Füssen;Richtungtrue
4146;59839;Querschnitt5650;MQ_A7_949_285_Fue;MQ_A7_949_285_Fue_DET2;34;719546;47.62850014;10.58733831;5650;949.285;;Betriebsstatus1;Streckenstation1546;SST_A7_949_250_Fue;1;Fahrbahnteil1;UZ Füssen;A7 Richtung Füssen;Richtungtrue
4147;57891;Querschnitt5553;BM_A7_950_450_Ulm;BM_A7_950_450_Ulm_Netz;4;709583;47.62945675;10.60285483;5553;950.45;;Betriebsstatus1;Streckenstation1547;SST_A7_950_450_Ulm;6;Fahrbahnteil1;UZ Füssen;A7 Richtung Fulda;Richtungfalse
4148;62262;Querschnitt5552;SW_A7_950_450_Ulm;SW_A7_950_450_Ulm_SW;1;709583;47.62947572;10.60272018;5552;950.45;;Betriebsstatus1;Streckenstation1547;SST_A7_950_450_Ulm;3;Fahrbahnteil1;UZ Füssen;A7 Richtung Fulda;Richtungfalse
4149;50637;Querschnitt5551;NS_A7_950_450_Ulm;NS_A7_950_450_Ulm_TPT;6;709583;47.62948232;10.60258587;5551;950.45;80000992;Betriebsstatus1;Streckenstation1547;SST_A7_950_450_Ulm;3;Fahrbahnteil1;UZ Füssen;A7 Richtung Fulda;Richtungfalse
4150;56214;Querschnitt5550;GM_A7_950_300_Fue;GM_A7_950_300_Fue_WFD;12;709583;47.629601;10.60116199;5550;950.3;80000992;Betriebsstatus1;Streckenstation1547;SST_A7_950_450_Ulm;3;Fahrbahnteil1;UZ Füssen;A7 Richtung Füssen;Richtungtrue
4151;61751;Querschnitt5659;BM_A7_951_180_Fue;BM_A7_951_180_Fue_Netz;4;719605;47.62692935;10.6112813;5659;951.18;;Betriebsstatus1;Streckenstation1548;SST_A7_951_180_Fue;6;Fahrbahnteil1;UZ Füssen;A7 Richtung Füssen;Richtungtrue
4152;51456;Querschnitt5655;AQ_A7_951_200_Fue;AQ_A7_951_200_Fue_Cluster;193;719605;47.62684909;10.61180168;5655;951.2;;Betriebsstatus1;Streckenstation1548;SST_A7_951_180_Fue;4;Fahrbahnteil1;UZ Füssen;A7 Richtung Füssen;Richtungtrue
4153;55086;Querschnitt5662;NS_A7_953_227_Fue;NS_A7_953_227_Fue_TPT;6;719668;47.62596591;10.63819457;5662;953.227;;Betriebsstatus1;Streckenstation1549;SST_A7_953_217_Fue;3;Fahrbahnteil1;UZ Füssen;A7 Richtung Füssen;Richtungtrue
4154;56209;Querschnitt5658;HK_A7_951_200_Fue;HK_A7_951_200_Fue_HK;65;719605;47.62677014;10.6117489;5658;951.2;;Betriebsstatus1;Streckenstation1548;SST_A7_951_180_Fue;3;Fahrbahnteil1;UZ Füssen;A7 Richtung Füssen;Richtungtrue
4155;57636;Querschnitt5657;SW_A7_951_180_Fue;SW_A7_951_180_Fue_SW;1;719605;47.62684621;10.61156397;5657;951.18;;Betriebsstatus1;Streckenstation1548;SST_A7_951_180_Fue;3;Fahrbahnteil1;UZ Füssen;A7 Richtung Füssen;Richtungtrue
4156;57821;Querschnitt5656;NS_A7_951_180_Fue;NS_A7_951_180_Fue_TPT;6;719605;47.62687718;10.61139853;5656;951.18;;Betriebsstatus1;Streckenstation1548;SST_A7_951_180_Fue;3;Fahrbahnteil1;UZ Füssen;A7 Richtung Füssen;Richtungtrue
4157;55685;Querschnitt5654;MQ_A7_951_200_Fue;MQ_A7_951_200_Fue_DET2;34;719605;47.62689316;10.61169687;5654;951.2;;Betriebsstatus1;Streckenstation1548;SST_A7_951_180_Fue;1;Fahrbahnteil1;UZ Füssen;A7 Richtung Füssen;Richtungtrue
4158;62942;Querschnitt5665;BM_A7_953_217_Fue;BM_A7_953_217_Fue_Netz;4;719668;47.62598167;10.63778566;5665;953.217;;Betriebsstatus1;Streckenstation1549;SST_A7_953_217_Fue;6;Fahrbahnteil1;UZ Füssen;A7 Richtung Füssen;Richtungtrue
4159;51926;Querschnitt5661;AQ_A7_953_247_Fue;AQ_A7_953_247_Fue_Cluster;193;719668;47.62601282;10.63832749;5661;953.247;;Betriebsstatus1;Streckenstation1549;SST_A7_953_217_Fue;4;Fahrbahnteil1;UZ Füssen;A7 Richtung Füssen;Richtungtrue
4160;55357;Querschnitt5664;HK_A7_953_247_Fue;HK_A7_953_247_Fue_HK;65;719668;47.62594683;10.63832311;5664;953.247;;Betriebsstatus1;Streckenstation1549;SST_A7_953_217_Fue;3;Fahrbahnteil1;UZ Füssen;A7 Richtung Füssen;Richtungtrue
4161;60316;Querschnitt5663;SW_A7_953_227_Fue;SW_A7_953_227_Fue_SW;1;719668;47.6259646;10.63808486;5663;953.227;;Betriebsstatus1;Streckenstation1549;SST_A7_953_217_Fue;3;Fahrbahnteil1;UZ Füssen;A7 Richtung Füssen;Richtungtrue
4162;58681;Querschnitt5660;MQ_A7_953_247_Fue;MQ_A7_953_247_Fue_DET2;34;719668;47.62607442;10.63830759;5660;953.247;;Betriebsstatus1;Streckenstation1549;SST_A7_953_217_Fue;1;Fahrbahnteil1;UZ Füssen;A7 Richtung Füssen;Richtungtrue
4163;60085;Querschnitt5671;BM_A7_955_080_Fue;BM_A7_955_080_Fue_Netz;4;719725;47.62209558;10.6599012;5671;955.08;;Betriebsstatus1;Streckenstation1550;SST_A7_955_080_Fue;6;Fahrbahnteil1;UZ Füssen;A7 Richtung Füssen;Richtungtrue
4164;52360;Querschnitt5667;AQ_A7_955_110_Fue;AQ_A7_955_110_Fue_Cluster;193;719725;47.62186029;10.66022422;5667;955.11;;Betriebsstatus1;Streckenstation1550;SST_A7_955_080_Fue;4;Fahrbahnteil1;UZ Füssen;A7 Richtung Füssen;Richtungtrue
4165;61130;Querschnitt5670;HK_A7_955_110_Fue;HK_A7_955_110_Fue_HK;65;719725;47.62180501;10.66007932;5670;955.11;;Betriebsstatus1;Streckenstation1550;SST_A7_955_080_Fue;3;Fahrbahnteil1;UZ Füssen;A7 Richtung Füssen;Richtungtrue
4166;62689;Querschnitt5669;SW_A7_955_090_Fue;SW_A7_955_090_Fue_SW;1;719725;47.62194816;10.65998422;5669;955.09;;Betriebsstatus1;Streckenstation1550;SST_A7_955_080_Fue;3;Fahrbahnteil1;UZ Füssen;A7 Richtung Füssen;Richtungtrue
4167;56999;Querschnitt656;AQAQ08-Mch;WZGAQ08-Mch_RGL;162;9416097;48.1382585346241;11.6837812304741;656;4.245;;Betriebsstatus1;Streckenstation253;SSTAQ08;4;Fahrbahnteil1;UZ Riem;A94 Richtung M.-Zentrum;Richtungtrue
4168;58433;Querschnitt5668;NS_A7_955_090_Fue;NS_A7_955_090_Fue_TPT;6;719725;47.62188245;10.66000419;5668;955.09;;Betriebsstatus1;Streckenstation1550;SST_A7_955_080_Fue;3;Fahrbahnteil1;UZ Füssen;A7 Richtung Füssen;Richtungtrue
4169;61312;Querschnitt5666;MQ_A7_955_110_Fue;MQ_A7_955_110_Fue_DET2;34;719725;47.62194888;10.66019001;5666;955.11;;Betriebsstatus1;Streckenstation1550;SST_A7_955_080_Fue;1;Fahrbahnteil1;UZ Füssen;A7 Richtung Füssen;Richtungtrue
4170;59866;Querschnitt5680;BM_A7_956_539_Fue;BM_A7_956_539_Fue_Netz;4;719770;47.6099098;10.65633433;5680;956.539;;Betriebsstatus1;Streckenstation1551;SST_A7_956_639_Fue;6;Fahrbahnteil1;UZ Füssen;A7 Richtung Füssen;Richtungtrue
4171;57405;Querschnitt5674;AQ_A7_956_569_Fue;AQ_A7_956_569_Fue_Cluster;193;719770;47.60964738;10.65630139;5674;956.569;;Betriebsstatus1;Streckenstation1551;SST_A7_956_639_Fue;4;Fahrbahnteil1;UZ Füssen;A7 Richtung Füssen;Richtungtrue
4172;51782;Querschnitt5678;HK_A7_956_569_Fue;HK_A7_956_569_Fue_HK;65;719770;47.60966708;10.65622156;5678;956.569;;Betriebsstatus1;Streckenstation1551;SST_A7_956_639_Fue;3;Fahrbahnteil1;UZ Füssen;A7 Richtung Füssen;Richtungtrue
4173;53047;Querschnitt5677;SW_A7_956_559_Fue;SW_A7_956_559_Fue_SW;1;719770;47.60979579;10.65628843;5677;956.559;;Betriebsstatus1;Streckenstation1551;SST_A7_956_639_Fue;3;Fahrbahnteil1;UZ Füssen;A7 Richtung Füssen;Richtungtrue
4174;55633;Querschnitt5676;NS_A7_956_559_Fue;NS_A7_956_559_Fue_TPT;6;719770;47.60973146;10.65625652;5676;956.559;80000932;Betriebsstatus1;Streckenstation1551;SST_A7_956_639_Fue;3;Fahrbahnteil1;UZ Füssen;A7 Richtung Füssen;Richtungtrue
4175;59003;Querschnitt5675;GM_A7_956_559_Fue;GM_A7_956_559_Fue_WFD;12;719770;47.60970588;10.65636396;5675;956.559;80000932;Betriebsstatus1;Streckenstation1551;SST_A7_956_639_Fue;3;Fahrbahnteil1;UZ Füssen;A7 Richtung Füssen;Richtungtrue
4176;62017;Querschnitt5679;GM_A7_956_559_Ulm;GM_A7_956_559_Ulm_WFD;44;719770;47.60967855;10.65649585;5679;956.559;80000932;Betriebsstatus1;Streckenstation1551;SST_A7_956_639_Fue;3;Fahrbahnteil1;UZ Füssen;A7 Richtung Fulda;Richtungfalse
4177;52671;Querschnitt5673;MQ_A7_956_610_Ulm;MQ_A7_956_610_Ulm_DET2;2;719770;47.60943454;10.65645024;5673;956.61;;Betriebsstatus1;Streckenstation1551;SST_A7_956_639_Fue;1;Fahrbahnteil1;UZ Füssen;A7 Richtung Fulda;Richtungfalse
4178;60957;Querschnitt5672;MQ_A7_956_569_Fue;MQ_A7_956_569_Fue_DET2;34;719770;47.60965889;10.65637;5672;956.569;;Betriebsstatus1;Streckenstation1551;SST_A7_956_639_Fue;1;Fahrbahnteil1;UZ Füssen;A7 Richtung Füssen;Richtungtrue
4179;58576;Querschnitt5686;BM_A7_956_689_Fue;BM_A7_956_689_Fue_Netz;4;719775;47.60862142;10.65572813;5686;956.689;;Betriebsstatus1;Streckenstation1552;SST_A7_956_689_Fue;6;Fahrbahnteil1;UZ Füssen;A7 Richtung Füssen;Richtungtrue
4180;52886;Querschnitt5682;LED_A7_956_719_Fue;AQ_A7_956_719_Fue_Cluster;193;719775;47.60840192;10.65566054;5682;956.719;;Betriebsstatus1;Streckenstation1552;SST_A7_956_689_Fue;4;Fahrbahnteil1;UZ Füssen;A7 Richtung Füssen;Richtungtrue
4181;56778;Querschnitt5777;GMA96_82,639_Lin;WUD96_82,639_Lin_HK WVZ202;2;9617917;48.03703624;10.39331874;5777;82.639;;Betriebsstatus1;Streckenstation1594;A96_82,669_Lin;3;Fahrbahnteil1;Tunnel Kohlberg;A96 Richtung Lindau;Richtungtrue
4182;58139;Querschnitt5684;HK_A7_956_719_Fue;HK_A7_956_719_Fue_HK;65;719775;47.60832304;10.65561984;5684;956.719;;Betriebsstatus1;Streckenstation1552;SST_A7_956_689_Fue;3;Fahrbahnteil1;UZ Füssen;A7 Richtung Füssen;Richtungtrue
4183;56842;Querschnitt5683;AQ_A7_956_909_Fue;AQ_A7_956_909_Fue_Cluster;195;719775;47.60670619;10.65533177;5683;956.909;;Betriebsstatus1;Streckenstation1552;SST_A7_956_689_Fue;4;Fahrbahnteil1;UZ Füssen;A7 Richtung Füssen;Richtungtrue
4184;61913;Querschnitt5685;HK_A7_956_909_Fue;HK_A7_956_909_Fue_HK;66;719775;47.6066921;10.65518568;5685;956.909;;Betriebsstatus1;Streckenstation1552;SST_A7_956_689_Fue;3;Fahrbahnteil1;UZ Füssen;A7 Richtung Füssen;Richtungtrue
4185;57364;Querschnitt5681;MQ_A7_956_909_Fue;MQ_A7_956_909_Fue_DET2;34;719775;47.60672376;10.65542285;5681;956.909;;Betriebsstatus1;Streckenstation1552;SST_A7_956_689_Fue;1;Fahrbahnteil1;UZ Füssen;A7 Richtung Füssen;Richtungtrue
4186;61957;Querschnitt5556;BM_A7_957_125_Ulm_1;BM_A7_957_125_Ulm_1_Netz;4;709788;47.60513548;10.65581133;5556;957.125;;Betriebsstatus1;Streckenstation1553;SST_A7_957_125_Ulm_1;6;Fahrbahnteil1;UZ Füssen;A7 Richtung Fulda;Richtungfalse
4187;59950;Querschnitt5554;Portal_A7_957_039_Fue;Portal_A7_957_039_Fue_Cluster;193;709788;47.605526;10.6553315;5554;957.039;;Betriebsstatus1;Streckenstation1553;SST_A7_957_125_Ulm_1;4;Fahrbahnteil1;UZ Füssen;A7 Richtung Füssen;Richtungtrue
4188;58336;Querschnitt5557;NB_A7_957_128_Fue;PBF FR Fue (1-957-10), Sperr_UEFS;14;709788;47.60501773;10.65527129;5557;957.128;;Betriebsstatus1;Streckenstation1553;SST_A7_957_125_Ulm_1;131;Fahrbahnteil1;UZ Füssen;A7 Richtung Füssen;Richtungtrue
4189;56399;Querschnitt5558;NB_A7_957_128_Ulm;PBF FR Ulm (2-957-20), Sperr_UEFS;4;709788;47.60501485;10.655729;5558;957.128;;Betriebsstatus1;Streckenstation1553;SST_A7_957_125_Ulm_1;131;Fahrbahnteil1;UZ Füssen;A7 Richtung Fulda;Richtungfalse
4190;58573;Querschnitt5560;BM_A7_957_125_Ulm_2;BM_A7_957_125_Ulm_2_Netz;4;709789;47.6051335;10.65599442;5560;957.125;;Betriebsstatus1;Streckenstation1554;SST_A7_957_125_Ulm_2;6;Fahrbahnteil1;UZ Füssen;A7 Richtung Fulda;Richtungfalse
4191;52567;Querschnitt5559;DLZ_A7_957_085_Fue;AQ_A7_957_085_Fue_Cluster;193;709789;47.60467777;10.65548746;5559;957.085;;Betriebsstatus1;Streckenstation1554;SST_A7_957_125_Ulm_2;4;Fahrbahnteil1;UZ Füssen;A7 Richtung Füssen;Richtungtrue
4192;62851;Querschnitt659;AQAQ07-Mch;WZGAQ07-Mch_RGL;162;9416109;48.14056337059;11.6899091113989;659;4.765;;Betriebsstatus1;Streckenstation254;SSTAQ07;4;Fahrbahnteil1;UZ Riem;A94 Richtung M.-Zentrum;Richtungtrue
4193;51702;Querschnitt5563;BM_A7_957_125_Ulm_3;BM_A7_957_125_Ulm_3_Netz;4;709790;47.6051313;10.65615922;5563;957.125;;Betriebsstatus1;Streckenstation1555;SST_A7_957_125_Ulm_3;6;Fahrbahnteil1;UZ Füssen;A7 Richtung Fulda;Richtungfalse
4194;59296;Querschnitt5562;DLZ_A7_957_128_Ulm;AQ_A7_957_128_Ulm_Cluster;194;709790;47.60437145;10.65575767;5562;957.128;;Betriebsstatus1;Streckenstation1555;SST_A7_957_125_Ulm_3;4;Fahrbahnteil1;UZ Füssen;A7 Richtung Fulda;Richtungfalse
4195;61352;Querschnitt5561;MQDZ_A7_957_039_Ulm;DZMQ_A7_957_025_Ulm_DET2;2;709790;47.60655656;10.65559187;5561;957.039;84299002;Betriebsstatus1;Streckenstation1555;SST_A7_957_125_Ulm_3;1;Fahrbahnteil1;UZ Füssen;A7 Richtung Fulda;Richtungfalse
4196;62534;Querschnitt5565;BM_A7_957_810_Ulm_1;BM_A7_957_810_Ulm_1_Netz;4;709809;47.59861757;10.65703978;5565;957.81;;Betriebsstatus1;Streckenstation1556;SST_A7_957_810_Ulm_1;6;Fahrbahnteil1;UZ Füssen;A7 Richtung Fulda;Richtungfalse
4197;60909;Querschnitt5564;Portal_A7_957_863_Ulm;Portal_A7_957_863_Ulm_Cluster;194;709809;47.59819627;10.656654;5564;957.863;;Betriebsstatus1;Streckenstation1556;SST_A7_957_810_Ulm_1;4;Fahrbahnteil1;UZ Füssen;A7 Richtung Fulda;Richtungfalse
4198;56919;Querschnitt5569;AQ_A7_957_393_Ulm;AQ_A7_957_393_Ulm_Cluster;196;709810;47.60219168;10.65638091;5569;957.393;;Betriebsstatus1;Streckenstation1557;SST_A7_957_810_Ulm_2;4;Fahrbahnteil1;UZ Füssen;A7 Richtung Fulda;Richtungfalse
4199;51532;Querschnitt5567;NB_A7_957_773_Ulm;PBF FR Ulm (2-957-70), Sperr_UEFS;4;709809;47.59888683;10.65668936;5567;957.773;;Betriebsstatus1;Streckenstation1556;SST_A7_957_810_Ulm_1;131;Fahrbahnteil1;UZ Füssen;A7 Richtung Fulda;Richtungfalse
4200;50711;Querschnitt5566;NB_A7_957_773_Fue;PBF FR Fue (1-957-70), Sperr_UEFS;14;709809;47.59888683;10.65668936;5566;957.773;;Betriebsstatus1;Streckenstation1556;SST_A7_957_810_Ulm_1;131;Fahrbahnteil1;UZ Füssen;A7 Richtung Füssen;Richtungtrue
4201;50996;Querschnitt5571;BM_A7_957_810_Ulm_2;BM_A7_957_810_Ulm_2_Netz;4;709810;47.59852682;10.6570421;5571;957.81;;Betriebsstatus1;Streckenstation1557;SST_A7_957_810_Ulm_2;6;Fahrbahnteil1;UZ Füssen;A7 Richtung Fulda;Richtungfalse
4202;61011;Querschnitt5570;DLZ_A7_957_773_Ulm;AQ_A7_957_773_Ulm_Cluster;194;709810;47.59888683;10.65668936;5570;957.773;;Betriebsstatus1;Streckenstation1557;SST_A7_957_810_Ulm_2;4;Fahrbahnteil1;UZ Füssen;A7 Richtung Fulda;Richtungfalse
4203;54420;Querschnitt5568;MQ_A7_957_393_Ulm;MQ_A7_957_393_Ulm_DET2;2;709810;47.60201885;10.65642195;5568;957.393;;Betriebsstatus1;Streckenstation1557;SST_A7_957_810_Ulm_2;1;Fahrbahnteil1;UZ Füssen;A7 Richtung Fulda;Richtungfalse
4204;60725;Querschnitt5576;BM_A7_957_810_Ulm_3;BM_A7_957_810_Ulm_3_Netz;4;709811;47.59841963;10.65705094;5576;957.81;;Betriebsstatus1;Streckenstation1558;SST_A7_957_810_Ulm_3;6;Fahrbahnteil1;UZ Füssen;A7 Richtung Fulda;Richtungfalse
4205;60236;Querschnitt5574;AQ_A7_957_493_Fue;AQ_A7_957_493_Fue_Cluster;193;709811;47.60136698;10.65643253;5574;957.493;;Betriebsstatus1;Streckenstation1558;SST_A7_957_810_Ulm_3;4;Fahrbahnteil1;UZ Füssen;A7 Richtung Füssen;Richtungtrue
4206;56797;Querschnitt5572;MQ_A7_957_493_Fue;MQ_A7_957_493_Fue_DET2;34;709811;47.59880006;10.65659996;5572;957.493;;Betriebsstatus1;Streckenstation1558;SST_A7_957_810_Ulm_3;1;Fahrbahnteil1;UZ Füssen;A7 Richtung Füssen;Richtungtrue
4207;52112;Querschnitt5575;DLZ_A7_957_773_Fue;AQ_A7_957_773_Fue_Cluster;195;709811;47.59888683;10.65668936;5575;957.773;;Betriebsstatus1;Streckenstation1558;SST_A7_957_810_Ulm_3;4;Fahrbahnteil1;UZ Füssen;A7 Richtung Füssen;Richtungtrue
4208;61618;Querschnitt5573;MQDZ_A7_957_910_Fue;DZMQ_A7_957_910_Fue_DET2;42;709811;47.59664656;10.656108;5573;957.91;84299002;Betriebsstatus1;Streckenstation1558;SST_A7_957_810_Ulm_3;1;Fahrbahnteil1;UZ Füssen;A7 Richtung Füssen;Richtungtrue
4209;52129;Querschnitt5582;BM_A7_958_213_Ulm;BM_A7_958_213_Ulm_Netz;4;709822;47.59503165;10.65633845;5582;958.213;;Betriebsstatus1;Streckenstation1559;SST_A7_958_213_Ulm;6;Fahrbahnteil1;UZ Füssen;A7 Richtung Fulda;Richtungfalse
4210;50851;Querschnitt5579;LED_A7_958_183_Ulm;AQ_A7_958_183_Ulm_Cluster;194;709822;47.59530285;10.65624;5579;958.183;;Betriebsstatus1;Streckenstation1559;SST_A7_958_213_Ulm;4;Fahrbahnteil1;UZ Füssen;A7 Richtung Fulda;Richtungfalse
4211;60392;Querschnitt5581;HK_A7_958_183_Ulm;HK_A7_958_183_Ulm_HK;65;709822;47.59530385;10.65632538;5581;958.183;;Betriebsstatus1;Streckenstation1559;SST_A7_958_213_Ulm;3;Fahrbahnteil1;UZ Füssen;A7 Richtung Fulda;Richtungfalse
4212;57597;Querschnitt5578;LED_A7_958_035_Ulm;AQ_A7_958_035_Ulm_Cluster;196;709822;47.59666207;10.65637602;5578;958.035;;Betriebsstatus1;Streckenstation1559;SST_A7_958_213_Ulm;4;Fahrbahnteil1;UZ Füssen;A7 Richtung Fulda;Richtungfalse
4213;55673;Querschnitt234;MQQ275_Mch_H;DETQ275_Mch_H2;34;809848;47.7710140835323;12.8931597386481;234;121.25;;Betriebsstatus1;Streckenstation84;SSTQ275;1;Fahrbahnteil1;UZ Siegsdorf;A8-Ost Richtung M.-Zentrum;Richtungtrue
4214;52825;Querschnitt5580;HK_A7_958_035_Ulm;HK_A7_958_035_Ulm_HK;66;709822;47.59665909;10.65647371;5580;958.035;;Betriebsstatus1;Streckenstation1559;SST_A7_958_213_Ulm;3;Fahrbahnteil1;UZ Füssen;A7 Richtung Fulda;Richtungfalse
4215;56042;Querschnitt5577;MQ_A7_958_035_Ulm;MQ_A7_958_035_Ulm_DET2;2;709822;47.59666207;10.65637602;5577;958.035;;Betriebsstatus1;Streckenstation1559;SST_A7_958_213_Ulm;1;Fahrbahnteil1;UZ Füssen;A7 Richtung Fulda;Richtungfalse
4216;62082;Querschnitt662;AQWWQ04-Mch;WZGWWQ04-Mch_W1;233;9416118;48.1417540752923;11.6947872754893;662;5.15;;Betriebsstatus1;Streckenstation255;SSTWWQ04;4;Fahrbahnteil1;UZ Riem;A94 Richtung M.-Zentrum;Richtungtrue
4217;52827;Querschnitt5586;BM_A7_958_440_Ulm_1;BM_A7_958_440_Ulm_1_Netz;4;709829;47.5933085;10.65648626;5586;958.44;;Betriebsstatus1;Streckenstation1560;SST_A7_958_440_Ulm_1;6;Fahrbahnteil1;UZ Füssen;A7 Richtung Fulda;Richtungfalse
4218;55710;Querschnitt5584;AQ_A7_958_403_Ulm;AQ_A7_958_403_Ulm_Cluster;194;709829;47.59361981;10.65628917;5584;958.403;;Betriebsstatus1;Streckenstation1560;SST_A7_958_440_Ulm_1;4;Fahrbahnteil1;UZ Füssen;A7 Richtung Fulda;Richtungfalse
4219;59367;Querschnitt5585;HK_A7_958_403_Ulm;HK_A7_958_403_Ulm_HK;65;709829;47.59363027;10.65647802;5585;958.403;;Betriebsstatus1;Streckenstation1560;SST_A7_958_440_Ulm_1;3;Fahrbahnteil1;UZ Füssen;A7 Richtung Fulda;Richtungfalse
4220;62615;Querschnitt5583;MQ_A7_958_403_Ulm;MQ_A7_958_403_Ulm_DET2;2;709829;47.59355394;10.65630307;5583;958.403;;Betriebsstatus1;Streckenstation1560;SST_A7_958_440_Ulm_1;1;Fahrbahnteil1;UZ Füssen;A7 Richtung Fulda;Richtungfalse
4221;58664;Querschnitt5592;BM_A7_958_440_Ulm_2;BM_A7_958_440_Ulm_2_Netz;4;709830;47.59369716;10.65584797;5592;958.44;;Betriebsstatus1;Streckenstation1561;SST_A7_958_440_Ulm_2;6;Fahrbahnteil1;UZ Füssen;A7 Richtung Fulda;Richtungfalse
4222;62498;Querschnitt5588;AQ_A7_958_403_Fue;AQ_A7_958_403_Fue_Cluster;193;709830;47.59358935;10.65615575;5588;958.403;;Betriebsstatus1;Streckenstation1561;SST_A7_958_440_Ulm_2;4;Fahrbahnteil1;UZ Füssen;A7 Richtung Füssen;Richtungtrue
4223;54452;Querschnitt5591;HK_A7_958_403_Fue;HK_A7_958_403_Fue_HK;65;709830;47.59361972;10.65592927;5591;958.403;;Betriebsstatus1;Streckenstation1561;SST_A7_958_440_Ulm_2;3;Fahrbahnteil1;UZ Füssen;A7 Richtung Füssen;Richtungtrue
4224;53065;Querschnitt5587;MQ_A7_958_403_Fue;MQ_A7_958_403_Fue_DET2;34;709830;47.59367599;10.65615353;5587;958.403;;Betriebsstatus1;Streckenstation1561;SST_A7_958_440_Ulm_2;1;Fahrbahnteil1;UZ Füssen;A7 Richtung Füssen;Richtungtrue
4225;56755;Querschnitt5590;SW_A7_958_373_Fue;SW_A7_958_373_Fue_SW;1;709830;47.59383401;10.65590547;5590;958.373;;Betriebsstatus1;Streckenstation1561;SST_A7_958_440_Ulm_2;3;Fahrbahnteil1;UZ Füssen;A7 Richtung Füssen;Richtungtrue
4226;50573;Querschnitt5589;NS_A7_958_373_Fue;NS_A7_958_373_Fue_TPT;6;709830;47.59375151;10.65590758;5589;958.373;;Betriebsstatus1;Streckenstation1561;SST_A7_958_440_Ulm_2;3;Fahrbahnteil1;UZ Füssen;A7 Richtung Füssen;Richtungtrue
4227;56178;Querschnitt5688;BM_A7_959_484_Fue;BM_A7_959_484_Fue_Netz;4;719862;47.58423096;10.66089429;5688;959.484;;Betriebsstatus1;Streckenstation1562;SST_A7_959_484_Fue;6;Fahrbahnteil1;UZ Füssen;A7 Richtung Füssen;Richtungtrue
4228;61034;Querschnitt5687;WWQ_A7_959_514_Fue;WWQ_A7_959_514_Fue_Cluster;193;719862;47.58400471;10.66119052;5687;959.514;;Betriebsstatus1;Streckenstation1562;SST_A7_959_484_Fue;4;Fahrbahnteil1;UZ Füssen;A7 Richtung Füssen;Richtungtrue
4229;60436;Querschnitt5596;BM_A7_959_750_Ulm_1;BM_A7_959_750_Ulm_1_Netz;4;709869;47.58195818;10.66209584;5596;959.75;;Betriebsstatus1;Streckenstation1563;SST_A7_959_750_Ulm_1;6;Fahrbahnteil1;UZ Füssen;A7 Richtung Fulda;Richtungfalse
4230;52722;Querschnitt5594;AQ_A7_959_720_Ulm;AQ_A7_959_720_Ulm_Cluster;194;709869;47.58224889;10.66191001;5594;959.72;;Betriebsstatus1;Streckenstation1563;SST_A7_959_750_Ulm_1;4;Fahrbahnteil1;UZ Füssen;A7 Richtung Fulda;Richtungfalse
4231;53714;Querschnitt5595;HK_A7_959_720_Ulm;HK_A7_959_720_Ulm_HK;65;709869;47.58225142;10.66203022;5595;959.72;;Betriebsstatus1;Streckenstation1563;SST_A7_959_750_Ulm_1;3;Fahrbahnteil1;UZ Füssen;A7 Richtung Fulda;Richtungfalse
4232;51243;Querschnitt5593;MQ_A7_959_720_Ulm;MQ_A7_959_720_Ulm_DET2;2;709869;47.5821643;10.66191882;5593;959.72;;Betriebsstatus1;Streckenstation1563;SST_A7_959_750_Ulm_1;1;Fahrbahnteil1;UZ Füssen;A7 Richtung Fulda;Richtungfalse
4233;63215;Querschnitt5602;BM_A7_959_750_Ulm_2;BM_A7_959_750_Ulm_2_Netz;4;709870;47.5823907;10.66154625;5602;959.75;;Betriebsstatus1;Streckenstation1564;SST_A7_959_750_Ulm_2;6;Fahrbahnteil1;UZ Füssen;A7 Richtung Fulda;Richtungfalse
4234;61217;Querschnitt5598;AQ_A7_959_720_Fue;AQ_A7_959_720_Fue_Cluster;193;709870;47.58223888;10.66176;5598;959.72;;Betriebsstatus1;Streckenstation1564;SST_A7_959_750_Ulm_2;4;Fahrbahnteil1;UZ Füssen;A7 Richtung Füssen;Richtungtrue
4235;54878;Querschnitt5601;HK_A7_959_720_Fue;HK_A7_959_720_Fue_HK;65;709870;47.58220235;10.6616434;5601;959.72;;Betriebsstatus1;Streckenstation1564;SST_A7_959_750_Ulm_2;3;Fahrbahnteil1;UZ Füssen;A7 Richtung Füssen;Richtungtrue
4236;59349;Querschnitt5597;MQ_A7_959_720_Fue;MQ_A7_959_720_Fue_DET2;34;709870;47.58229844;10.66174463;5597;959.72;;Betriebsstatus1;Streckenstation1564;SST_A7_959_750_Ulm_2;1;Fahrbahnteil1;UZ Füssen;A7 Richtung Füssen;Richtungtrue
4237;58351;Querschnitt5600;SW_A7_959_690_Fue;SW_A7_959_690_Fue_SW;1;709870;47.58232739;10.66157313;5600;959.69;;Betriebsstatus1;Streckenstation1564;SST_A7_959_750_Ulm_2;3;Fahrbahnteil1;UZ Füssen;A7 Richtung Füssen;Richtungtrue
4238;62308;Querschnitt5599;NS_A7_959_690_Fue;NS_A7_959_690_Fue_TPT;6;709870;47.58239699;10.66170248;5599;959.69;;Betriebsstatus1;Streckenstation1564;SST_A7_959_750_Ulm_2;3;Fahrbahnteil1;UZ Füssen;A7 Richtung Füssen;Richtungtrue
4239;61937;Querschnitt5690;BM_A7_960_030_Fue;BM_A7_960_030_Fue_Netz;4;719878;47.57915272;10.6620267;5690;960.03;;Betriebsstatus1;Streckenstation1565;SST_A7_960_030_Fue;6;Fahrbahnteil1;UZ Füssen;A7 Richtung Füssen;Richtungtrue
4240;55006;Querschnitt5689;WWQ_A7_960_085_Fue;WWQ_A7_960_085_Fue_Cluster;193;719878;47.57890606;10.66213068;5689;960.085;;Betriebsstatus1;Streckenstation1565;SST_A7_960_030_Fue;4;Fahrbahnteil1;UZ Füssen;A7 Richtung Füssen;Richtungtrue
4241;57519;Querschnitt5626;AQ_A7_962_404_Fue;AQ_A7_962_404_Fue_Cluster;193;709960;47.55930771;10.65656815;5626;962.404;;Betriebsstatus1;Streckenstation1578;SST_A7_962_669_Ulm_2;4;Fahrbahnteil1;UZ Füssen;A7 Richtung Füssen;Richtungtrue
4242;55457;Querschnitt5605;BM_A7_960_150_Ulm;BM_A7_960_150_Ulm_Netz;4;709881;47.57617648;10.66225429;5605;960.15;;Betriebsstatus1;Streckenstation1566;SST_A7_960_150_Ulm;6;Fahrbahnteil1;UZ Füssen;A7 Richtung Fulda;Richtungfalse
4243;57425;Querschnitt5603;AQ SA_A7_960_120_Ulm;AQ_A7_960_120_Ulm_Cluster;194;709881;47.5763863;10.66220016;5603;960.12;;Betriebsstatus1;Streckenstation1566;SST_A7_960_150_Ulm;4;Fahrbahnteil1;UZ Füssen;A7 Richtung Fulda;Richtungfalse
4244;53331;Querschnitt665;AQWWQ03-Mch;WZGWWQ03-Mch_W1;233;9416123;48.1421352126093;11.6980847673207;665;5.4;;Betriebsstatus1;Streckenstation256;SSTWWQ03;4;Fahrbahnteil1;UZ Riem;A94 Richtung M.-Zentrum;Richtungtrue
4245;55244;Querschnitt5604;HK_A7_960_120_Ulm;HK_A7_960_120_Ulm_HK;65;709881;47.57636702;10.66231652;5604;960.12;;Betriebsstatus1;Streckenstation1566;SST_A7_960_150_Ulm;3;Fahrbahnteil1;UZ Füssen;A7 Richtung Fulda;Richtungfalse
4246;59480;Querschnitt5693;BM_A7_960_435_Fue;BM_A7_960_435_Fue_Netz;4;719890;47.57588365;10.66156044;5693;960.435;;Betriebsstatus1;Streckenstation1567;SST_A7_960_435_Fue;6;Fahrbahnteil1;UZ Füssen;A7 Richtung Füssen;Richtungtrue
4247;61824;Querschnitt5692;AQ_B310_9_376_Fue/B310;AQ_B310_9_376_Fue_B310_Cluster;193;719890;47.57333239;10.65609923;5692;9.376;;Betriebsstatus1;Streckenstation1567;SST_A7_960_435_Fue;4;Fahrbahnteil1;UZ Füssen;B310 Richtung Ost;Richtungfalse
4248;55623;Querschnitt5691;MQ_A7_960_425_Fue/B310;MQ_A7_960_425_Fue_B310_DET_E1;161;719890;47.57590002;10.66100003;5691;960.425;;Betriebsstatus1;Streckenstation1567;SST_A7_960_435_Fue;1;Fahrbahnteil1;UZ Füssen;A7 Richtung Füssen;Richtungtrue
4249;61738;Querschnitt5611;BM_A7_960_483_Ulm;BM_A7_960_483_Ulm_Netz;4;709892;47.57535561;10.66192759;5611;960.483;;Betriebsstatus1;Streckenstation1568;SST_A7_960_483_Ulm;6;Fahrbahnteil1;UZ Füssen;A7 Richtung Fulda;Richtungfalse
4250;61200;Querschnitt5610;AQ_B310_10_122_Ulm/B310;AQ_B310_10_122_Ulm_B310_Cluster;194;709892;47.57519185;10.66642307;5610;10.122;;Betriebsstatus1;Streckenstation1568;SST_A7_960_483_Ulm;4;Fahrbahnteil1;UZ Füssen;B310 Richtung West;Richtungtrue
4251;55621;Querschnitt5608;AQ_B310_9_843_Ulm/B310;AQ_B310_9_843_Ulm_B310_PW1;129;709892;47.57393727;10.66275663;5608;9.843;;Betriebsstatus1;Streckenstation1568;SST_A7_960_483_Ulm;4;Fahrbahnteil1;UZ Füssen;B310 Richtung Ost;Richtungfalse
4252;56035;Querschnitt5607;AQ_B310_9_709_Ulm/B310;AQ_B310_9_709_Ulm_B310_PW1;130;709892;47.5737942;10.66187709;5607;9.709;;Betriebsstatus1;Streckenstation1568;SST_A7_960_483_Ulm;4;Fahrbahnteil1;UZ Füssen;B310 Richtung Ost;Richtungfalse
4253;59913;Querschnitt5606;MQ_A7_960_486_Ulm/B310_E;MQ_A7_960_486_Ulm_B310_DET_E1;129;709892;47.57510001;10.66230002;5606;960.486;;Betriebsstatus1;Streckenstation1568;SST_A7_960_483_Ulm;1;Fahrbahnteil3;UZ Füssen;A7 Richtung Fulda;Richtungfalse
4254;61259;Querschnitt5609;AQ_B310_9_717_Fue/B310;AQ_B310_9_709_Ulm_B310_Cluster;193;709892;47.5739518;10.66186695;5609;9.717;;Betriebsstatus1;Streckenstation1568;SST_A7_960_483_Ulm;4;Fahrbahnteil1;UZ Füssen;B310 Richtung West;Richtungtrue
4255;61608;Querschnitt5706;BM_A7_960_760_Fue;BM_A7_960_760_Fue_Netz;4;719900;47.57322284;10.66101018;5706;960.76;;Betriebsstatus1;Streckenstation1569;SST_A7_960_760_Fue;6;Fahrbahnteil1;UZ Füssen;A7 Richtung Füssen;Richtungtrue
4256;63072;Querschnitt5696;LED_A7_960_770_Fue;AQ_A7_960_770_Fue_Cluster;193;719900;47.57305122;10.66094809;5696;960.77;;Betriebsstatus1;Streckenstation1569;SST_A7_960_760_Fue;4;Fahrbahnteil1;UZ Füssen;A7 Richtung Füssen;Richtungtrue
4257;51527;Querschnitt5699;HK_A7_960_770_Fue;HK_A7_960_770_Fue_HK;65;719900;47.57305122;10.66094809;5699;960.77;;Betriebsstatus1;Streckenstation1569;SST_A7_960_760_Fue;3;Fahrbahnteil1;UZ Füssen;A7 Richtung Füssen;Richtungtrue
4258;57256;Querschnitt5697;AQ_A7_960_920_Fue;AQ_A7_960_920_Fue_Cluster;195;719900;47.57160782;10.66028001;5697;960.92;;Betriebsstatus1;Streckenstation1569;SST_A7_960_760_Fue;4;Fahrbahnteil1;UZ Füssen;A7 Richtung Füssen;Richtungtrue
4259;61667;Querschnitt5703;HK_A7_960_920_Fue;HK_A7_960_920_Fue_HK;66;719900;47.5716181;10.66016318;5703;960.92;;Betriebsstatus1;Streckenstation1569;SST_A7_960_760_Fue;3;Fahrbahnteil1;UZ Füssen;A7 Richtung Füssen;Richtungtrue
4260;63094;Querschnitt5694;MQ_A7_960_920_Fue;MQ_A7_960_920_Fue_DET2;34;719900;47.57186183;10.66035909;5694;960.92;;Betriebsstatus1;Streckenstation1569;SST_A7_960_760_Fue;1;Fahrbahnteil1;UZ Füssen;A7 Richtung Füssen;Richtungtrue
4261;59062;Querschnitt5698;AQ_A7_961_045_Fue;AQ_A7_961_045_Fue_Cluster;197;719900;47.57052266;10.65982928;5698;961.045;;Betriebsstatus1;Streckenstation1569;SST_A7_960_760_Fue;4;Fahrbahnteil1;UZ Füssen;A7 Richtung Füssen;Richtungtrue
4262;52372;Querschnitt5704;HK_A7_961_045_Fue;HK_A7_961_045_Fue_HK;67;719900;47.57054448;10.65974286;5704;961.045;;Betriebsstatus1;Streckenstation1569;SST_A7_960_760_Fue;3;Fahrbahnteil1;UZ Füssen;A7 Richtung Füssen;Richtungtrue
4263;57046;Querschnitt5695;MQ_A7_961_045_Fue;MQ_A7_961_045_Fue_DET2;42;719900;47.57052888;10.65989;5695;961.045;;Betriebsstatus1;Streckenstation1569;SST_A7_960_760_Fue;1;Fahrbahnteil1;UZ Füssen;A7 Richtung Füssen;Richtungtrue
4264;59679;Querschnitt5702;SW_A7_960_910_Fue;SW_A7_960_910_Fue_SW;1;719900;47.57140731;10.66006124;5702;960.91;;Betriebsstatus1;Streckenstation1569;SST_A7_960_760_Fue;3;Fahrbahnteil1;UZ Füssen;A7 Richtung Füssen;Richtungtrue
4265;60164;Querschnitt5701;NS_A7_960_910_Fue;NS_A7_960_910_Fue_TPT;6;719900;47.57149284;10.66009891;5701;960.91;80000933;Betriebsstatus1;Streckenstation1569;SST_A7_960_760_Fue;3;Fahrbahnteil1;UZ Füssen;A7 Richtung Füssen;Richtungtrue
4266;55660;Querschnitt5775;AQ96_81,450_Mch;SR96_81,450_SCH102;12;9607888;48.03748794;10.37682316;5775;81.45;;Betriebsstatus1;Streckenstation1593;A96_81,415_Mch;4;Fahrbahnteil1;Tunnel Kohlberg;A96 Richtung M.-Zentrum;Richtungfalse
4267;60297;Querschnitt5700;GM_A7_960_910_Fue;GM_A7_960_910_Fue_WFD;12;719900;47.57147585;10.66024347;5700;960.91;80000933;Betriebsstatus1;Streckenstation1569;SST_A7_960_760_Fue;3;Fahrbahnteil1;UZ Füssen;A7 Richtung Füssen;Richtungtrue
4268;57879;Querschnitt5705;GM_A7_960_910_Ulm;GM_A7_960_910_Ulm_WFD;44;719900;47.57145063;10.66039437;5705;960.91;;Betriebsstatus1;Streckenstation1569;SST_A7_960_760_Fue;3;Fahrbahnteil1;UZ Füssen;A7 Richtung Fulda;Richtungfalse
4269;59651;Querschnitt5616;BM_A7_960_952_Ulm;BM_A7_960_952_Ulm_Netz;4;709906;47.57125602;10.66043306;5616;960.952;;Betriebsstatus1;Streckenstation1570;SST_A7_960_952_Ulm;6;Fahrbahnteil1;UZ Füssen;A7 Richtung Fulda;Richtungfalse
4270;52150;Querschnitt5614;AQ_A7_960_920_Ulm;AQ_A7_960_920_Ulm_Cluster;194;709906;47.57156742;10.66044352;5614;960.92;;Betriebsstatus1;Streckenstation1570;SST_A7_960_952_Ulm;4;Fahrbahnteil1;UZ Füssen;A7 Richtung Fulda;Richtungfalse
4271;54455;Querschnitt5615;HK_A7_960_920_Ulm;HK_A7_960_920_Ulm_HK;65;709906;47.57155565;10.66050209;5615;960.92;;Betriebsstatus1;Streckenstation1570;SST_A7_960_952_Ulm;3;Fahrbahnteil1;UZ Füssen;A7 Richtung Fulda;Richtungfalse
4272;52566;Querschnitt5612;MQ_A7_960_920_Ulm;MQ_A7_960_920_Ulm_DET2;2;709906;47.5718148;10.66059313;5612;960.92;;Betriebsstatus1;Streckenstation1570;SST_A7_960_952_Ulm;1;Fahrbahnteil1;UZ Füssen;A7 Richtung Fulda;Richtungfalse
4273;53896;Querschnitt5613;WWQ_A7_960_707_Ulm;WWQ_A7_960_707_Ulm_Cluster;196;709906;47.57337557;10.66108638;5613;960.707;;Betriebsstatus1;Streckenstation1570;SST_A7_960_952_Ulm;4;Fahrbahnteil1;UZ Füssen;A7 Richtung Fulda;Richtungfalse
4274;52320;Querschnitt5618;BM_A7_961_151_Ulm;BM_A7_961_151_Ulm_Netz;4;709912;47.56953688;10.65982376;5618;961.151;;Betriebsstatus1;Streckenstation1571;SST_A7_961_151_Ulm;6;Fahrbahnteil1;UZ Füssen;A7 Richtung Fulda;Richtungfalse
4275;60022;Querschnitt5617;WWQ_A7_961_121_Ulm;WWQ_A7_961_121_Ulm_Cluster;194;709912;47.56980836;10.6597923;5617;961.121;;Betriebsstatus1;Streckenstation1571;SST_A7_961_151_Ulm;4;Fahrbahnteil1;UZ Füssen;A7 Richtung Fulda;Richtungfalse
4276;53286;Querschnitt5708;BM_A7_961_384_Fue_1;BM_A7_961_384_Fue_1_Netz;4;719919;47.56756468;10.65855111;5708;961.384;;Betriebsstatus1;Streckenstation1572;SST_A7_961_384_Fue_1;6;Fahrbahnteil1;UZ Füssen;A7 Richtung Füssen;Richtungtrue
4277;53791;Querschnitt5707;Portal_A7_961_170_Fue;Portal_A7_961_170_Fue_Cluster;193;719919;47.56941827;10.65944043;5707;961.17;;Betriebsstatus1;Streckenstation1572;SST_A7_961_384_Fue_1;4;Fahrbahnteil1;UZ Füssen;A7 Richtung Füssen;Richtungtrue
4278;51003;Querschnitt5709;NB_A7_961_404_Fue;PBF FR Fue (1-961-30), Vollsperrung;12;719919;47.56767593;10.65892714;5709;961.404;;Betriebsstatus1;Streckenstation1572;SST_A7_961_384_Fue_1;131;Fahrbahnteil1;UZ Füssen;A7 Richtung Füssen;Richtungtrue
4279;57566;Querschnitt5710;NB_A7_961_404_Ulm;PBF FR Ulm (2-961-15), Vollsperrung;2;719919;47.56765135;10.65923795;5710;961.404;;Betriebsstatus1;Streckenstation1572;SST_A7_961_384_Fue_1;131;Fahrbahnteil1;UZ Füssen;A7 Richtung Fulda;Richtungfalse
4280;61425;Querschnitt5717;AQ_A7_961_684_Ulm;AQ_A7_961_684_Ulm_Cluster;194;719921;47.56653177;10.65876259;5717;961.684;;Betriebsstatus1;Streckenstation1574;SST_A7_961_384_Fue_3;4;Fahrbahnteil1;UZ Füssen;A7 Richtung Fulda;Richtungfalse
4281;59155;Querschnitt5714;BM_A7_961_384_Fue_2;BM_A7_961_384_Fue_2_Netz;4;719920;47.56755895;10.65841642;5714;961.384;;Betriebsstatus1;Streckenstation1573;SST_A7_961_384_Fue_2;6;Fahrbahnteil1;UZ Füssen;A7 Richtung Füssen;Richtungtrue
4282;57314;Querschnitt5711;MQDZ_A7_961_335_Fue;DZMQ_A7_961_335_Fue_DET1;33;719920;47.56788307;10.65907216;5711;961.335;84299001;Betriebsstatus1;Streckenstation1573;SST_A7_961_384_Fue_2;1;Fahrbahnteil1;UZ Füssen;A7 Richtung Füssen;Richtungtrue
4283;59212;Querschnitt667;AQAQ06-Mch;WZGAQ06-Mch_RGL;162;9416128;48.1422737678558;11.7009255841044;667;5.615;;Betriebsstatus1;Streckenstation257;SSTAQ06;4;Fahrbahnteil1;UZ Riem;A94 Richtung M.-Zentrum;Richtungtrue
4284;55092;Querschnitt5712;MQ_A7_961_684_Fue;MQ_A7_961_684_Fue_DET1;41;719920;47.56665495;10.65868745;5712;961.684;;Betriebsstatus1;Streckenstation1573;SST_A7_961_384_Fue_2;1;Fahrbahnteil1;UZ Füssen;A7 Richtung Füssen;Richtungtrue
4285;51467;Querschnitt5713;AQ_A7_961_684_Fue;AQ_A7_961_684_Fue_Cluster;193;719920;47.56674898;10.65867612;5713;961.684;;Betriebsstatus1;Streckenstation1573;SST_A7_961_384_Fue_2;4;Fahrbahnteil1;UZ Füssen;A7 Richtung Füssen;Richtungtrue
4286;62496;Querschnitt5718;BM_A7_961_384_Fue_3;BM_A7_961_384_Fue_3_Netz;4;719921;47.56755723;10.65826937;5718;961.384;;Betriebsstatus1;Streckenstation1574;SST_A7_961_384_Fue_3;6;Fahrbahnteil1;UZ Füssen;A7 Richtung Füssen;Richtungtrue
4287;60512;Querschnitt5715;MQDZ_A7_961_335_Ulm;DZMQ_A7_961_335_Ulm_DET1;9;719921;47.5678717;10.65916126;5715;961.335;84299001;Betriebsstatus1;Streckenstation1574;SST_A7_961_384_Fue_3;1;Fahrbahnteil1;UZ Füssen;A7 Richtung Fulda;Richtungfalse
4288;53613;Querschnitt5716;MQ_A7_961_684_Ulm;MQ_A7_961_684_Ulm_DET1;1;719921;47.56665335;10.65872727;5716;961.684;;Betriebsstatus1;Streckenstation1574;SST_A7_961_384_Fue_3;1;Fahrbahnteil1;UZ Füssen;A7 Richtung Fulda;Richtungfalse
4289;53266;Querschnitt672;AQWWQ202-Mch;WZGWWQ202-Mch_WTA4;229;9416152;48.1419882259099;11.7147145589909;672;6.64;;Betriebsstatus1;Streckenstation259;SSTWWQ202;4;Fahrbahnteil1;UZ Riem;A94 Richtung M.-Zentrum;Richtungtrue
4290;62341;Querschnitt5721;BM_A7_961_809_Fue_1;BM_A7_961_809_Fue_1_Netz;4;719933;47.56755093;10.65808566;5721;961.809;;Betriebsstatus1;Streckenstation1575;SST_A7_961_809_Fue_1;6;Fahrbahnteil1;UZ Füssen;A7 Richtung Füssen;Richtungtrue
4291;51316;Querschnitt5719;MQ_A7_962_044_Fue;MQ_A7_962_044_Fue_DET1;33;719933;47.56170269;10.65728596;5719;962.044;;Betriebsstatus1;Streckenstation1575;SST_A7_961_809_Fue_1;1;Fahrbahnteil1;UZ Füssen;A7 Richtung Füssen;Richtungtrue
4292;53482;Querschnitt5720;AQ_A7_962_044_Fue;AQ_A7_962_044_Fue_Cluster;193;719933;47.5618347;10.65723403;5720;962.044;;Betriebsstatus1;Streckenstation1575;SST_A7_961_809_Fue_1;4;Fahrbahnteil1;UZ Füssen;A7 Richtung Füssen;Richtungtrue
4293;54788;Querschnitt5724;BM_A7_961_809_Fue_2;BM_A7_961_809_Fue_2_Netz;4;719934;47.56754914;10.65793249;5724;961.809;;Betriebsstatus1;Streckenstation1576;SST_A7_961_809_Fue_2;6;Fahrbahnteil1;UZ Füssen;A7 Richtung Füssen;Richtungtrue
4294;56547;Querschnitt5722;MQ_A7_962_044_Ulm;MQ_A7_962_044_Ulm_DET1;1;719934;47.56167971;10.65744559;5722;962.044;;Betriebsstatus1;Streckenstation1576;SST_A7_961_809_Fue_2;1;Fahrbahnteil1;UZ Füssen;A7 Richtung Fulda;Richtungfalse
4295;54879;Querschnitt5723;AQ_A7_962_044_Ulm;AQ_A7_962_044_Ulm_Cluster;194;719934;47.56159262;10.65742039;5723;962.044;;Betriebsstatus1;Streckenstation1576;SST_A7_961_809_Fue_2;4;Fahrbahnteil1;UZ Füssen;A7 Richtung Fulda;Richtungfalse
4296;56438;Querschnitt5622;BM_A7_962_669_Ulm_1;BM_A7_962_669_Ulm_1_Netz;4;709959;47.55612353;10.65637977;5622;962.669;;Betriebsstatus1;Streckenstation1577;SST_A7_962_669_Ulm_1;6;Fahrbahnteil1;UZ Füssen;A7 Richtung Fulda;Richtungfalse
4297;55796;Querschnitt5620;MQ_A7_962_719_Ulm;MQ_A7_962_719_Ulm_DET1;1;709959;47.55575261;10.65625123;5620;962.719;;Betriebsstatus1;Streckenstation1577;SST_A7_962_669_Ulm_1;1;Fahrbahnteil1;UZ Füssen;A7 Richtung Fulda;Richtungfalse
4298;58237;Querschnitt5619;MQ_A7_962_404_Ulm;MQ_A7_962_404_Ulm_DET1;9;709959;47.5591294;10.65677664;5619;962.404;;Betriebsstatus1;Streckenstation1577;SST_A7_962_669_Ulm_1;1;Fahrbahnteil1;UZ Füssen;A7 Richtung Fulda;Richtungfalse
4299;59876;Querschnitt5621;AQ_A7_962_404_Ulm;AQ_A7_962_404_Ulm_Cluster;194;709959;47.55909917;10.65672065;5621;962.404;;Betriebsstatus1;Streckenstation1577;SST_A7_962_669_Ulm_1;4;Fahrbahnteil1;UZ Füssen;A7 Richtung Fulda;Richtungfalse
4300;59958;Querschnitt5627;BM_A7_962_669_Ulm_2;BM_A7_962_669_Ulm_2_Netz;4;709960;47.55623183;10.65641378;5627;962.669;;Betriebsstatus1;Streckenstation1578;SST_A7_962_669_Ulm_2;6;Fahrbahnteil1;UZ Füssen;A7 Richtung Fulda;Richtungfalse
4301;60259;Querschnitt5623;MQ_A7_962_404_Fue;MQ_A7_962_404_Fue_DET1;33;709960;47.55915889;10.65666001;5623;962.404;;Betriebsstatus1;Streckenstation1578;SST_A7_962_669_Ulm_2;1;Fahrbahnteil1;UZ Füssen;A7 Richtung Füssen;Richtungtrue
4302;61657;Querschnitt5624;MQ_A7_962_719_Fue;MQ_A7_962_719_Fue_DET1;41;709960;47.55575874;10.65606757;5624;962.719;;Betriebsstatus1;Streckenstation1578;SST_A7_962_669_Ulm_2;1;Fahrbahnteil1;UZ Füssen;A7 Richtung Füssen;Richtungtrue
4303;50933;Querschnitt5625;MQ_A7_963_000_Fue;MQ_A7_963_000_Fue_DET1;49;709962;47.55450783;10.6562127;5625;963.0;;Betriebsstatus1;Streckenstation1580;SST_A7_962_669_Ulm_4;1;Fahrbahnteil1;UZ Füssen;A7 Richtung Füssen;Richtungtrue
4304;59069;Querschnitt5778;BMS96_82,669_Lin;Überspannungsschutz;5;9617917;48.03702201;10.39358739;5778;82.669;;Betriebsstatus1;Streckenstation1594;A96_82,669_Lin;6;Fahrbahnteil1;Tunnel Kohlberg;A96 Richtung Lindau;Richtungtrue
4305;58254;Querschnitt5630;BM_A7_962_669_Ulm_3;BM_A7_962_669_Ulm_3_Netz;4;709961;47.55631496;10.65642392;5630;962.669;;Betriebsstatus1;Streckenstation1579;SST_A7_962_669_Ulm_3;6;Fahrbahnteil1;UZ Füssen;A7 Richtung Fulda;Richtungfalse
4306;55480;Querschnitt5628;Portal_A7_962_719_Ulm;Portal_A7_962_719_Ulm_Cluster;194;709961;47.55581888;10.65615997;5628;962.719;;Betriebsstatus1;Streckenstation1579;SST_A7_962_669_Ulm_3;4;Fahrbahnteil1;UZ Füssen;A7 Richtung Fulda;Richtungfalse
4307;54446;Querschnitt5629;HK_A7_962_719_Ulm;HK_A7_962_719_Ulm_HK;65;709961;47.55579538;10.65635749;5629;962.719;;Betriebsstatus1;Streckenstation1579;SST_A7_962_669_Ulm_3;3;Fahrbahnteil1;UZ Füssen;A7 Richtung Fulda;Richtungfalse
4308;61203;Querschnitt5776;AQ96_82,639_Lin;WZG96_82,639_Lin_WVZ202.2;106;9617917;48.03703624;10.39331874;5776;82.639;;Betriebsstatus1;Streckenstation1594;A96_82,669_Lin;4;Fahrbahnteil1;Tunnel Kohlberg;A96 Richtung Lindau;Richtungtrue
4309;53931;Querschnitt5632;NB_A7_962_669_Ulm;PBF FR Ulm (2-962-40), Vollsperrung;2;709961;47.55594039;10.6563354;5632;962.669;;Betriebsstatus1;Streckenstation1579;SST_A7_962_669_Ulm_3;131;Fahrbahnteil1;UZ Füssen;A7 Richtung Fulda;Richtungfalse
4310;52149;Querschnitt5631;NB_A7_962_669_Fue;PBF FR Fue (1-962-30), Vollsperrung;12;709961;47.54681616;10.66233976;5631;962.669;;Betriebsstatus1;Streckenstation1579;SST_A7_962_669_Ulm_3;131;Fahrbahnteil1;UZ Füssen;A7 Richtung Füssen;Richtungtrue
4311;58224;Querschnitt5636;BM_A7_962_669_Ulm_4;BM_A7_962_669_Ulm_4_Netz;4;709962;47.55612167;10.65657602;5636;962.669;;Betriebsstatus1;Streckenstation1580;SST_A7_962_669_Ulm_4;6;Fahrbahnteil1;UZ Füssen;A7 Richtung Fulda;Richtungfalse
4312;58694;Querschnitt5634;PW SA_A7_963_000_Ulm;AQ_A7_963_000_Ulm_Cluster;194;709962;47.55449602;10.65630027;5634;963.0;;Betriebsstatus1;Streckenstation1580;SST_A7_962_669_Ulm_4;4;Fahrbahnteil1;UZ Füssen;A7 Richtung Fulda;Richtungfalse
4313;59142;Querschnitt5872;MQTEU011_Edg;TEU011_H1;0;9990011;48.36300246;11.85289435;5872;2.7;;Betriebsstatus1;Streckenstation1611;TEU 011;1;Fahrbahnteil1;Concert Zentrale;St2580 Richtung BAB A94;Richtungtrue
4314;52898;Querschnitt5633;AQ SA_A7_962_850_Ulm;Portal_A7_962_719_Ulm_Cluster;196;709962;47.55509653;10.65624819;5633;962.85;;Betriebsstatus1;Streckenstation1580;SST_A7_962_669_Ulm_4;4;Fahrbahnteil1;UZ Füssen;A7 Richtung Fulda;Richtungfalse
4315;59824;Querschnitt5635;HK_A7_962_850_Ulm;HK_A7_962_850_Ulm_HK;65;709962;47.55514;10.65624402;5635;962.85;;Betriebsstatus1;Streckenstation1580;SST_A7_962_669_Ulm_4;3;Fahrbahnteil1;UZ Füssen;A7 Richtung Fulda;Richtungfalse
4316;60703;Querschnitt5726;GMA_HK_9-166-Nbg;WUD_HK_9-166-Nbg;2;9031470;48.2250088729831;11.6315156931429;5726;523.375;;Betriebsstatus1;Streckenstation845;SST9-166;3;Fahrbahnteil1;UZ Freimann;A9 Richtung Nürnberg;Richtungfalse
4317;56113;Querschnitt5727;AQFSA03-Mch;WZGFSA03-Mch_DLZFS3;43;9416118;48.1417570697257;11.6948067731022;5727;5.15;;Betriebsstatus1;Streckenstation255;SSTWWQ04;4;Fahrbahnteil1;UZ Riem;A94 Richtung M.-Zentrum;Richtungtrue
4318;62605;Querschnitt675;AQWWQ201-Mch;WZGWWQ201-Mch_WTA4;229;9416160;48.1420335950706;11.7198894452071;675;7.015;;Betriebsstatus1;Streckenstation260;SSTWWQ201;4;Fahrbahnteil1;UZ Riem;A94 Richtung M.-Zentrum;Richtungtrue
4319;54388;Querschnitt5731;AQFSA02-Mch;WZGFSA02-Mch_DLZFS3;43;9416123;48.1421373143099;11.6981055078542;5731;5.4;;Betriebsstatus1;Streckenstation256;SSTWWQ03;4;Fahrbahnteil1;UZ Riem;A94 Richtung M.-Zentrum;Richtungtrue
4320;54726;Querschnitt5732;GMAAQ_HK_202C-Mch;WUD_HK_AQAQ202C-Mch;2;9416229;48.1430681238946;11.7598325684096;5732;10.0;;Betriebsstatus1;Streckenstation268;SSTAQ202B;3;Fahrbahnteil1;UZ Riem;A94 Richtung M.-Zentrum;Richtungtrue
4321;60748;Querschnitt5733;AQAQ202C-Mch;WZGAQ202C-Mch_C1;136;9416229;48.1430779076266;11.7598162540902;5733;10.0;;Betriebsstatus1;Streckenstation268;SSTAQ202B;4;Fahrbahnteil1;UZ Riem;A94 Richtung M.-Zentrum;Richtungtrue
4322;56553;Querschnitt5734;AQFSA06-Pas;WZGFSA06-Pas_DLZFS3;11;9406083;48.1371163181837;11.6766454763104;5734;3.7;;Betriebsstatus1;Streckenstation230;SSTWWQ09;4;Fahrbahnteil1;UZ Riem;A94 Richtung Passau;Richtungfalse
4323;58296;Querschnitt5735;AQFSA08-Pas;WZGFSA08-Pas_DLZFS3;11;9406097;48.1381969421298;11.6840600422786;5735;4.29;;Betriebsstatus1;Streckenstation232;SSTWWQ11;4;Fahrbahnteil1;UZ Riem;A94 Richtung Passau;Richtungfalse
4324;52675;Querschnitt5736;AQFSA07-Pas;WZGFSA07-Pas_DLZFS3;11;9406090;48.1373576415919;11.6803617293234;5736;4.0;;Betriebsstatus1;Streckenstation231;SSTWWQ10;4;Fahrbahnteil1;UZ Riem;A94 Richtung Passau;Richtungfalse
4325;52670;Querschnitt5751;AQ99-720-Stg_PW2;WZG99-720-Stg_PW2;130;9918561;48.16858006;11.73964496;5751;34.55;;Betriebsstatus3;Streckenstation793;SST99-720;4;Fahrbahnteil1;UZ Aschheim;A99 Richtung Lindau;Richtungtrue
4326;51822;Querschnitt5752;AQ96_81,115_Mch;WVZ96_81,115_Mch102.2;74;9607881;48.03711838;10.37231545;5752;81.115;;Betriebsstatus1;Streckenstation1584;A96_81,115_Mch;4;Fahrbahnteil1;Tunnel Kohlberg;A96 Richtung M.-Zentrum;Richtungfalse
4327;51268;Querschnitt5754;BMS96_81,115_Mch;BMS_A96_81,115_Überspannung;5;9607881;48.03711838;10.37231545;5754;81.115;;Betriebsstatus1;Streckenstation1584;A96_81,115_Mch;6;Fahrbahnteil1;Tunnel Kohlberg;A96 Richtung M.-Zentrum;Richtungfalse
4328;60587;Querschnitt5753;GMA96_81,115_Mch;GMA_A96_81,115_HK_WVZ102;2;9607881;48.03711838;10.37231545;5753;81.115;;Betriebsstatus1;Streckenstation1584;A96_81,115_Mch;3;Fahrbahnteil1;Tunnel Kohlberg;A96 Richtung M.-Zentrum;Richtungfalse
4329;57680;Querschnitt5759;AQ96_81,215_Mch;WZG_A96_81,215_WVZ104.1;2;9607883;48.03727183;10.37362484;5759;81.215;;Betriebsstatus1;Streckenstation1590;A96_81,215_Mch;4;Fahrbahnteil1;Tunnel Kohlberg;A96 Richtung M.-Zentrum;Richtungfalse
4330;52428;Querschnitt5760;GMA96_81,215_Mch;GMA_A96_81,215_HK_WVZ104;2;9607883;48.03727183;10.37362484;5760;81.215;;Betriebsstatus1;Streckenstation1590;A96_81,215_Mch;3;Fahrbahnteil1;Tunnel Kohlberg;A96 Richtung M.-Zentrum;Richtungfalse
4331;56289;Querschnitt5761;BMS96_81,215_Mch;BMS_A96_81,215_Überspannung;5;9607883;48.03727183;10.37362484;5761;81.215;;Betriebsstatus1;Streckenstation1590;A96_81,215_Mch;6;Fahrbahnteil1;Tunnel Kohlberg;A96 Richtung M.-Zentrum;Richtungfalse
4332;52468;Querschnitt5762;AQ96_81,315_Mch;WZG_A96_81,315_WVZ106.3;74;9607886;48.03738032;10.37493566;5762;81.315;;Betriebsstatus1;Streckenstation1591;A96_81,315_Mch;4;Fahrbahnteil1;Tunnel Kohlberg;A96 Richtung M.-Zentrum;Richtungfalse
4333;61961;Querschnitt5763;GMA96_81,315_Mch;WUD_A96_81,315_HK_WVZ106;2;9607886;48.03738032;10.37493566;5763;81.315;;Betriebsstatus1;Streckenstation1591;A96_81,315_Mch;3;Fahrbahnteil1;Tunnel Kohlberg;A96 Richtung M.-Zentrum;Richtungfalse
4334;53368;Querschnitt5764;BMS96_81,315_Mch;BMS_A96_81,315_Überspannung;5;9607886;48.03738032;10.37493566;5764;81.315;;Betriebsstatus1;Streckenstation1591;A96_81,315_Mch;6;Fahrbahnteil1;Tunnel Kohlberg;A96 Richtung M.-Zentrum;Richtungfalse
4335;62091;Querschnitt5765;AQ_A96_81,822_Mch;AQ_A96_81,822_WVZ108.1;2;9607897;48.03753668;10.37836384;5765;81.822;;Betriebsstatus1;Streckenstation1592;A96_81,822_Mch;4;Fahrbahnteil1;Tunnel Kohlberg;A96 Richtung M.-Zentrum;Richtungfalse
4336;51581;Querschnitt5768;MQ_A96_81,822_Mch;MQ_A96_81,822_DS104_H2;2;9607897;48.03730006;10.38710001;5768;81.822;;Betriebsstatus1;Streckenstation1592;A96_81,822_Mch;1;Fahrbahnteil1;Tunnel Kohlberg;A96 Richtung M.-Zentrum;Richtungfalse
4337;53495;Querschnitt5771;BMS96_81,415_Mch;BMS96_81,415_SCH102;12;9607888;48.0374622;10.37627414;5771;81.415;;Betriebsstatus1;Streckenstation1593;A96_81,415_Mch;6;Fahrbahnteil1;Tunnel Kohlberg;A96 Richtung M.-Zentrum;Richtungfalse
4338;59089;Querschnitt5769;AQ96_81_409_Mch;AQ96_81_409_Mch_VLSA102;10;9607888;48.03744942;10.37600633;5769;81.409;;Betriebsstatus1;Streckenstation1593;A96_81,415_Mch;4;Fahrbahnteil1;Tunnel Kohlberg;A96 Richtung M.-Zentrum;Richtungfalse
4339;61557;Querschnitt5772;MQ96_81,520_Mch;DET96_81,520_DS102_H2;2;9607888;48.03750004;10.38149997;5772;81.52;79289050;Betriebsstatus1;Streckenstation1593;A96_81,415_Mch;1;Fahrbahnteil1;Tunnel Kohlberg;A96 Richtung M.-Zentrum;Richtungfalse
4340;55526;Querschnitt5773;MQ96_81,520_Lin;DET96_81,520_Lin_H2;34;9607888;48.03780008;10.38089997;5773;81.52;79289050;Betriebsstatus1;Streckenstation1593;A96_81,415_Mch;1;Fahrbahnteil1;Tunnel Kohlberg;A96 Richtung Lindau;Richtungtrue
4341;53514;Querschnitt677;AQAQ205-Mch;WZGAQ205-Mch_RGL;162;9416169;48.1422839465535;11.7246477527443;677;7.38;;Betriebsstatus1;Streckenstation261;SSTAQ205;4;Fahrbahnteil1;UZ Riem;A94 Richtung M.-Zentrum;Richtungtrue
4342;52446;Querschnitt5774;AQ96_81,529_Mch;LSA96_81,529_VLSA205-GV;15;9607888;48.03751709;10.37761346;5774;81.529;;Betriebsstatus1;Streckenstation1593;A96_81,415_Mch;4;Fahrbahnteil1;Tunnel Kohlberg;A96 Richtung M.-Zentrum;Richtungfalse
4343;50923;Querschnitt5779;AQ96_82,478_Lin;WZG96_82,478_Lin_WVZ204.1;34;9617913;48.03718659;10.39120863;5779;82.478;;Betriebsstatus1;Streckenstation1595;A96_82,491_Lin;4;Fahrbahnteil1;Tunnel Kohlberg;A96 Richtung Lindau;Richtungtrue
4344;57968;Querschnitt5780;GMA96_82,478_Lin;WUD96_82,478_Lin_HK WVZ204;2;9617913;48.03718659;10.39120863;5780;82.478;;Betriebsstatus1;Streckenstation1595;A96_82,491_Lin;3;Fahrbahnteil1;Tunnel Kohlberg;A96 Richtung Lindau;Richtungtrue
4345;51425;Querschnitt5781;BMS96_82,478_Lin;Überspannungsschutz;5;9617913;48.03717218;10.39146387;5781;82.491;;Betriebsstatus1;Streckenstation1595;A96_82,491_Lin;6;Fahrbahnteil1;Tunnel Kohlberg;A96 Richtung Lindau;Richtungtrue
4346;61027;Querschnitt5782;AQ96_82,378_Lin;WZG96_82,378_Lin_WVZ206.3;106;9617910;48.03728488;10.38987793;5782;82.378;;Betriebsstatus1;Streckenstation1596;A96_82,378_Lin;4;Fahrbahnteil1;Tunnel Kohlberg;A96 Richtung Lindau;Richtungtrue
4347;53991;Querschnitt5783;GMA96_82,378_Lin;WUD96_82,378_Lin_HK WVZ206;2;9617910;48.03728488;10.38987793;5783;82.378;;Betriebsstatus1;Streckenstation1596;A96_82,378_Lin;3;Fahrbahnteil1;Tunnel Kohlberg;A96 Richtung Lindau;Richtungtrue
4348;57300;Querschnitt5785;AQ96_82,278_Lin;LSA96_82,278_Lin_VLSA202;42;9617908;48.03738333;10.38856063;5785;82.278;;Betriebsstatus1;Streckenstation1597;A96_82,278_Lin;4;Fahrbahnteil1;Tunnel Kohlberg;A96 Richtung Lindau;Richtungtrue
4349;61697;Querschnitt5788;AQ96_82,247_Lin;SR96_82,247_Lin_SCH202;44;9617908;48.03742057;10.38800964;5788;82.247;;Betriebsstatus1;Streckenstation1597;A96_82,278_Lin;4;Fahrbahnteil1;Tunnel Kohlberg;A96 Richtung Lindau;Richtungtrue
4350;58560;Querschnitt5789;AQ96_82,150_Lin;LSA96_82,150_Lin_VLS205-GV;47;9617908;48.03748662;10.38694815;5789;82.15;;Betriebsstatus1;Streckenstation1597;A96_82,278_Lin;4;Fahrbahnteil1;Tunnel Kohlberg;A96 Richtung Lindau;Richtungtrue
4351;62600;Querschnitt5791;MQ96_82,159_Lin;DET96_82_159_Lin_H2;34;9617908;48.03680002;10.39599997;5791;82.159;;Betriebsstatus1;Streckenstation1597;A96_82,278_Lin;1;Fahrbahnteil1;Tunnel Kohlberg;A96 Richtung Lindau;Richtungtrue
4352;54222;Querschnitt5790;MQ96_82,172_Mch;DET96_82_172_Mch_H2;2;9617908;48.03670006;10.39650006;5790;82.172;;Betriebsstatus1;Streckenstation1597;A96_82,278_Lin;1;Fahrbahnteil1;Tunnel Kohlberg;A96 Richtung M.-Zentrum;Richtungfalse
4353;55065;Querschnitt5787;BMS96_82,278_Lin;SCH202;12;9617908;48.03738333;10.38856063;5787;82.278;;Betriebsstatus1;Streckenstation1597;A96_82,278_Lin;6;Fahrbahnteil1;Tunnel Kohlberg;A96 Richtung Lindau;Richtungtrue
4354;61790;Querschnitt5792;AQ96_81,823_Lin;WZG96_81,823_Lin_WVZ208.1;34;9617897;48.0375319;10.38632985;5792;81.823;;Betriebsstatus1;Streckenstation1598;A96_81,823_Lin;4;Fahrbahnteil1;Tunnel Kohlberg;A96 Richtung Lindau;Richtungtrue
4355;61727;Querschnitt5795;MQ96_81,823_Lin;DET96_81_823_Lin_H2;34;9617897;48.03750001;10.38730003;5795;81.823;;Betriebsstatus1;Streckenstation1598;A96_81,823_Lin;1;Fahrbahnteil1;Tunnel Kohlberg;A96 Richtung Lindau;Richtungtrue
